time_s,phase,pressure_kpa,temperature_k,vibration_g,thrust_n,anomaly,scenario,pressure_kpa_z,pressure_kpa_alert,temperature_k_z,temperature_k_alert,vibration_g_z,vibration_g_alert,thrust_n_z,thrust_n_alert,active_sensors,status,ai_anomaly,pressure_risk,temperature_risk,vibration_risk,thrust_risk,overall_risk,risk_level,primary_risk_sensor,elevated_sensor_count,risk_explanation
0.0,startup,38.951593615508166,298.21846176586973,0.1507755247480097,113.24172725469523,0,normal,1.881889099126137,False,1.7226393053201832,False,0.7344982084295915,False,1.4635783447294377,False,0,NORMAL,0,31.36570299318476,29.144518917912976,13.661937950794645,25.37657118825023,29.09822091245757,NORMAL,Pressure,0,Telemetry remains within the expected prototype operating envelope.
0.1,startup,40.94775543139647,302.6457327061401,0.1513204765359054,94.55462451916554,0,normal,1.5453945648119034,False,1.5696391035877626,False,0.6918495948022739,False,1.78566234753983,False,0,NORMAL,0,26.587716406731676,26.94282415983157,12.922348458346544,30.032019464425964,27.96324214469376,NORMAL,Thrust,0,Telemetry remains within the expected prototype operating envelope.
0.2,startup,39.43132736490758,301.1842301092975,0.1502837366416976,101.97998719735853,0,normal,1.8010200116032196,False,1.620146559572762,False,0.7729861653433662,False,1.6576815381249936,False,0,NORMAL,0,30.24659870019536,27.67709571587612,14.323981732973346,28.217990659916904,28.451035000911137,NORMAL,Pressure,0,Telemetry remains within the expected prototype operating envelope.
0.3,startup,40.26552651335648,304.683613657384,0.1496149118098404,105.76589112655977,0,normal,1.660398418830328,False,1.499212829512038,False,0.8253292394864544,False,1.5924290958908998,False,0,NORMAL,0,28.25698469597627,25.906514008897407,15.21621260914544,27.2750609123512,26.82433262219198,NORMAL,Pressure,0,Telemetry remains within the expected prototype operating envelope.
0.4,startup,39.22434771495647,297.87427277611727,0.1471756714549443,112.36775113003118,0,normal,1.835910730566215,False,1.734533988427829,False,1.016227263404918,False,1.478641874511254,False,0,NORMAL,0,30.73165360476238,29.31287927798143,18.392209167002306,25.6010513206105,29.07888176300175,NORMAL,Pressure,0,Telemetry remains within the expected prototype operating envelope.
0.5,startup,40.59014193083082,304.4144682820081,0.161278254710366,111.38363755446208,0,normal,1.6056777479584423,False,1.5085141117880547,False,0.0874586731621204,False,1.4956036927302276,False,0,NORMAL,0,27.46750731712814,26.04421877170269,1.7339642319434079,25.853011996495756,24.950016208894418,NORMAL,Pressure,0,Telemetry remains within the expected prototype operating envelope.
0.6,startup,41.49401634860919,306.8108031676535,0.139740518883481,101.0045981108106,0,normal,1.4533109413859329,False,1.4257001783584935,False,1.5981116728587337,False,1.6744929842725884,False,0,NORMAL,0,25.223175976605084,24.809104712869644,27.35766697469817,28.45893724375094,27.760086637881447,NORMAL,Thrust,0,Telemetry remains within the expected prototype operating envelope.
0.7,startup,41.64351144054274,306.6096017776801,0.1513351135568491,118.12986403265106,0,normal,1.4281104386300698,False,1.432653412906387,False,0.6907040830987666,False,1.379328224097558,False,0,NORMAL,0,24.84534190360077,24.91359602692802,12.90239647912027,24.1085111941397,23.78619890783473,NORMAL,Temperature,0,Telemetry remains within the expected prototype operating envelope.
0.8,startup,41.82480077447628,301.1682825570869,0.1529876271001984,117.3007314755427,0,normal,1.397550356019253,False,1.6206976843487877,False,0.5613762908249633,False,1.3936188467068154,False,0,NORMAL,0,24.384588760538804,27.685067065432246,10.620180161494064,24.32510884032699,25.609101264962767,NORMAL,Temperature,0,Telemetry remains within the expected prototype operating envelope.
0.9,startup,41.07020420304613,310.115436870934,0.1437161181644263,119.11395528727856,0,normal,1.5247532810914923,False,1.3114967265989328,False,1.2869762633855435,False,1.362366790594092,False,0,NORMAL,0,26.28402522561072,23.071929134230928,22.693740168979037,23.850628346992618,25.47589464828063,NORMAL,Pressure,0,Telemetry remains within the expected prototype operating envelope.
1.0,startup,41.72673748680874,309.5122711249518,0.1586306740891883,116.8731069301129,0,normal,1.4140809599283997,False,1.3323412789334077,False,0.1197443225300244,False,1.4009892254777383,False,0,NORMAL,0,24.634169643456694,23.391967804263025,2.366436611360523,24.436577186009046,22.55976100219216,NORMAL,Pressure,0,Telemetry remains within the expected prototype operating envelope.
1.1,startup,41.76206176270368,306.54385831522984,0.1458223334996295,124.46174398916192,0,normal,1.40812631954171,False,1.4349254136836564,False,1.1221411971609276,False,1.2701942791211431,False,0,NORMAL,0,24.544360892746507,24.94770754983826,20.10270906075696,22.43383375122874,24.268513392169787,NORMAL,Temperature,0,Telemetry remains within the expected prototype operating envelope.
1.2,startup,40.26272613190999,311.7375860298613,0.1415718495071207,122.28935883878272,0,normal,1.6608704812870068,False,1.255437553373633,False,1.4547894305497828,False,1.3076367074516553,False,0,NORMAL,0,28.263757813048606,22.204571072472344,25.24528405259405,23.012517438852488,27.00997898646625,NORMAL,Pressure,0,Telemetry remains within the expected prototype operating envelope.
1.3,startup,43.68401264383694,314.8061116632158,0.1434222435203659,121.08923112617671,0,normal,1.0841415796402667,False,1.149393661491183,False,1.3099752633480812,False,1.3283216655765384,False,0,NORMAL,0,19.49318251767328,20.537004039033224,23.048516925773864,23.330356108170136,22.725524184492507,NORMAL,Thrust,0,Telemetry remains within the expected prototype operating envelope.
1.4,startup,42.48291959907545,316.65684187545185,0.1454624174992817,121.24170810379306,0,normal,1.286610759016502,False,1.085435051402796,False,1.1503086768867858,False,1.3256936286902354,False,0,NORMAL,0,22.688088807277307,19.514006483056924,20.551544681438482,23.2900473853756,22.66735344424462,NORMAL,Thrust,0,Telemetry remains within the expected prototype operating envelope.
1.5,startup,42.78091916750248,314.1843352641784,0.1420662609880908,135.2693474485619,0,normal,1.2363767423122634,False,1.170881371588133,False,1.4160961650294963,False,1.083918416444332,False,0,NORMAL,0,21.907436274847992,20.877766857438285,24.66453904414505,19.489589205747592,23.639141874634937,NORMAL,Vibration,0,Telemetry remains within the expected prototype operating envelope.
1.6,startup,42.88332664229358,313.7922817574878,0.1708138973156958,136.9608024414246,0,normal,1.21911383543475,False,1.1844301844850242,False,0.8337300795433534,False,1.0547651227323522,False,0,NORMAL,0,21.63734936353884,21.091879096322984,15.358544012784437,19.018789272120006,20.811101238967293,NORMAL,Pressure,0,Telemetry remains within the expected prototype operating envelope.
1.7,startup,43.29555169950548,317.3994578684894,0.1612117629721927,145.66313191744285,0,normal,1.149624740134403,False,1.0597712963994652,False,0.0822549459448704,False,0.9047749850915008,False,0,NORMAL,0,20.540676394430857,19.0998298959416,1.6316410660235148,16.552708838004293,18.41111457339008,NORMAL,Pressure,0,Telemetry remains within the expected prototype operating envelope.
1.8,startup,44.32310068770291,323.5765220588234,0.1691485999780202,141.43762306521427,0,normal,0.976410015999081,False,0.8463007227694044,False,0.7034018114164142,False,0.97760429546121,False,0,NORMAL,0,17.739735123525424,15.571076243221349,13.123304199099517,17.759381126128527,17.16052869253134,NORMAL,Thrust,0,Telemetry remains within the expected prototype operating envelope.
1.9,startup,43.92267980670048,317.6906977208613,0.1414789842402238,146.78416082737942,0,normal,1.0439092722267875,False,1.0497064603488615,False,1.4620571833588487,False,0.8854533447233528,False,0,NORMAL,0,18.842774278534247,18.93681649095411,25.353864878979447,16.229617264240513,23.42428105119862,NORMAL,Vibration,0,Telemetry remains within the expected prototype operating envelope.
2.0,startup,43.72455923945115,321.04440142804174,0.1405065545237841,147.078373507191,0,normal,1.0773066087974037,False,0.9338072188811508,False,1.5381607583490364,False,0.8803824036078466,False,0,NORMAL,0,19.3830549128972,17.035837104570096,26.481429489069587,16.144615231881076,24.129361132506805,NORMAL,Vibration,0,Telemetry remains within the expected prototype operating envelope.
2.1,startup,43.715265217298544,319.43213341309155,0.1548475051630753,140.46781060558183,0,normal,1.0788733092679044,False,0.9895249137911994,False,0.4158198899480086,False,0.9943196249263772,False,0,NORMAL,0,19.40831147690315,17.95521938781206,7.979975773784009,18.03385788153666,18.160921855490187,NORMAL,Pressure,0,Telemetry remains within the expected prototype operating envelope.
2.2,startup,44.30124971681595,325.1331183299164,0.1534131113952499,145.16851059674636,0,normal,0.980093450986364,False,0.792506964333058,False,0.5280773537314375,False,0.913300095543342,False,0,NORMAL,0,17.80031287490671,14.65782249125901,10.022943033115705,16.694867086900512,16.74809859873028,NORMAL,Pressure,0,Telemetry remains within the expected prototype operating envelope.
2.3,startup,44.57808691025156,320.48897549098854,0.1612054294320703,150.88805614078558,0,normal,0.9334267921290916,False,0.9530019511582248,False,0.081759275113849,False,0.8147201204047679,False,0,NORMAL,0,17.029524507019524,17.353721522612055,1.6218889174021367,15.036125360678609,15.746029266622665,NORMAL,Temperature,0,Telemetry remains within the expected prototype operating envelope.
2.4,startup,45.66172327484925,324.43157793922387,0.1395938732135777,147.12021172825007,0,normal,0.750757375767671,False,0.8167512048025245,False,1.6095883477770327,False,0.8796612954778233,False,0,NORMAL,0,13.942238957396514,15.07063211162234,27.524214248971212,16.132520599807787,24.2493297796386,NORMAL,Vibration,0,Telemetry remains within the expected prototype operating envelope.
2.5,startup,44.15631434782024,322.6139069712843,0.1746863836638236,148.04959283059208,0,normal,1.0045253177356888,False,0.8795673343165988,False,1.136795740959207,False,0.8636428259582271,False,0,NORMAL,0,18.200991505512654,16.13094452784819,20.336537897763385,15.863404013910076,19.390288953736704,NORMAL,Vibration,0,Telemetry remains within the expected prototype operating envelope.
2.6,startup,43.05926406979189,323.1856866699692,0.160745767003463,156.84370211762726,0,normal,1.189455927812596,False,0.8598074392422869,False,0.0457855142195741,False,0.7120708053830401,False,0,NORMAL,0,21.171153640721883,15.79883997775735,0.9115304259612156,13.27380040667563,18.237340755941883,NORMAL,Pressure,0,Telemetry remains within the expected prototype operating envelope.
2.7,startup,46.637227593629696,324.87114160336006,0.1509974706169967,151.2710020683448,0,normal,0.5863158616294624,False,0.8015605082776419,False,0.7171284450434456,False,0.8081198057945362,False,0,NORMAL,0,11.064889023746538,14.812212502281664,13.361482026327575,14.923893639884799,14.43974762024617,NORMAL,Thrust,0,Telemetry remains within the expected prototype operating envelope.
2.8,startup,45.20879680375116,321.98226347214603,0.1476333080114111,157.68887473981002,0,normal,0.827107539746195,False,0.9013960373923636,False,0.9804120498172088,False,0.6975037221347197,False,0,NORMAL,0,15.24636145368562,16.49629697238263,17.805550452879082,13.02076242927226,17.04839278384062,NORMAL,Vibration,0,Telemetry remains within the expected prototype operating envelope.
2.9,startup,44.33040758365294,323.9418101419941,0.1586438517167931,157.76733935009457,0,normal,0.9751782869226012,False,0.8336768849312456,False,0.1187130247882331,False,0.6961513350837641,False,0,NORMAL,0,17.71946815526906,15.357643514110386,2.3462966797161755,12.997233328452051,15.754460447710311,NORMAL,Pressure,0,Telemetry remains within the expected prototype operating envelope.
3.0,startup,44.38433147247909,323.92683286953263,0.1557740037827876,155.2699693722978,0,normal,0.9660882954627192,False,0.8341944782158945,False,0.3433109404665634,False,0.7391950819037544,False,0,NORMAL,0,17.569746233050378,15.366405123670324,6.6357977796275165,13.743003659985431,16.08539342116194,NORMAL,Pressure,0,Telemetry remains within the expected prototype operating envelope.
3.1,startup,45.91165361205562,327.65255100617367,0.1653783834495356,161.8356296051103,0,normal,0.7086264263827724,False,0.7054389459264242,False,0.4083399149584492,False,0.6260317864049496,False,0,NORMAL,0,13.214036243865856,13.158692892483458,7.842211256012222,11.768518828816909,12.61267624036592,NORMAL,Pressure,0,Telemetry remains within the expected prototype operating envelope.
3.2,startup,45.92407667686607,333.1735857450942,0.1396435386085096,165.6185588825998,0,normal,0.7065322607821308,False,0.514639819280934,False,1.6057014713851272,False,0.5608306141694128,False,0,NORMAL,0,13.177679794771501,9.780803842936647,27.467851460166194,10.610425132961975,23.194819969306206,NORMAL,Vibration,0,Telemetry remains within the expected prototype operating envelope.
3.3,startup,45.37192119211046,332.6869140286747,0.1590774748457979,163.64989218568226,0,normal,0.7996095359975208,False,0.5314585032499568,False,0.0847771322935865,False,0.5947618264561175,False,0,NORMAL,0,14.77896621404222,10.083767641656538,1.6812492192806783,11.21499077647481,12.910238251129691,NORMAL,Pressure,0,Telemetry remains within the expected prototype operating envelope.
3.4,startup,47.94554893322364,332.88563112809203,0.1647688356456514,176.76800106480837,0,normal,0.365771126029394,False,0.5245911222586609,False,0.3606359357209095,False,0.3686629454852186,False,0,NORMAL,0,7.05425267987011,9.96018498718556,6.958744822992569,7.107993601555074,9.193723149685905,NORMAL,Temperature,0,Telemetry remains within the expected prototype operating envelope.
3.5,startup,46.02844930684847,332.0020239400986,0.1339708444089456,172.79060980225097,0,normal,0.6889380861808847,False,0.5551273329038034,False,2.0496536677387427,False,0.4372157926931438,False,0,NORMAL,0,12.871628225901544,10.508404181069208,33.63037795732369,8.372904764936429,27.580785746068102,NORMAL,Vibration,0,Telemetry remains within the expected prototype operating envelope.
3.6,startup,46.15152546912554,331.1925438153692,0.1817745462330671,178.07988954574688,0,normal,0.6681910427393315,False,0.5831018174232473,False,1.6915242755890143,False,0.3460517200233845,False,0,NORMAL,0,12.509345894138523,11.007702370039919,28.7022100197606,6.686961894747212,23.81073077847944,NORMAL,Vibration,0,Telemetry remains within the expected prototype operating envelope.
3.7,startup,46.962087882237945,336.54096820180024,0.1556947035228184,181.41033369802744,0,normal,0.5315539126419876,False,0.3982678596387324,False,0.3495170787398821,False,0.2886494143324385,False,0,NORMAL,0,10.085483395899175,7.656380479791435,6.751612118529859,5.609512211536993,9.189575675338242,NORMAL,Pressure,0,Telemetry remains within the expected prototype operating envelope.
3.8,startup,48.07215318454444,338.09496209718884,0.1594074126060274,177.3775582095354,0,normal,0.3444293499011714,False,0.344564035614155,False,0.0589557874156739,False,0.3581568436087582,False,0,NORMAL,0,6.656679325052295,6.659193693526666,1.1721914205740869,6.912601816298681,6.365749477946169,NORMAL,Thrust,0,Telemetry remains within the expected prototype operating envelope.
3.9,startup,46.699820629528965,333.28577981260526,0.1509178117272101,182.4984795019068,0,normal,0.5757645053723716,False,0.5107625515026666,False,0.7233626501381896,False,0.2698945350386872,False,0,NORMAL,0,10.877013651534506,9.710815913801351,13.469439167676056,5.2547909109345365,12.19494067783475,NORMAL,Vibration,0,Telemetry remains within the expected prototype operating envelope.
4.0,startup,47.86481607212,341.22686869724214,0.1423888993101096,173.1530144780631,0,normal,0.3793803265885361,False,0.2363297874554032,False,1.3908460833841478,False,0.4309695195134685,False,0,NORMAL,0,7.30689216503616,4.61663153602383,24.28313148954603,8.25836766333008,19.674724967924327,NORMAL,Vibration,0,Telemetry remains within the expected prototype operating envelope.
4.1,startup,46.36973816096958,336.93761604108494,0.1592702002171566,176.17030856827645,0,normal,0.6314067612551967,False,0.384560273126401,False,0.0696942018732694,False,0.3789645526662357,False,0,NORMAL,0,11.863316264763435,7.402871508267883,1.3842144536489798,7.299183969150969,10.156744364231468,NORMAL,Pressure,0,Telemetry remains within the expected prototype operating envelope.
4.2,startup,48.31523481700041,342.15137442428335,0.172543912724787,186.68762561624092,0,normal,0.303452891949432,False,0.2043801813327102,False,0.9691232654920467,False,0.1976919593929177,False,0,NORMAL,0,5.888560413963728,4.005187867461569,17.61976572068852,3.8766950260345157,14.199491008410517,NORMAL,Vibration,0,Telemetry remains within the expected prototype operating envelope.
4.3,startup,49.46702485863107,338.173323287645,0.1555384150375371,186.84706044900847,0,normal,0.1092947577734162,False,0.3418559840606045,False,0.361748412540802,False,0.1949439994843154,False,0,NORMAL,0,2.1621775953151845,6.608625657572398,6.979443768133131,3.823851908617648,6.249372105629892,NORMAL,Vibration,0,Telemetry remains within the expected prototype operating envelope.
4.4,startup,47.54733700457956,343.7305782248083,0.1612187401160287,181.3120102963545,0,normal,0.4328980174571981,False,0.1498051387575727,False,0.0828009860135407,False,0.2903440801791965,False,0,NORMAL,0,8.293745550136444,2.951664527003328,1.642383092548616,5.641498857745885,7.012247659989188,NORMAL,Pressure,0,Telemetry remains within the expected prototype operating envelope.
4.5,startup,48.050930894095565,342.83364576491545,0.1599991174876236,189.8188535779726,0,normal,0.3480068077429335,False,0.180801851892004,False,0.0126482177606791,False,0.1437232704046102,False,0,NORMAL,0,6.72344179711618,3.551439384179955,0.2526446700085616,2.8335456631848888,5.539330925643356,NORMAL,Pressure,0,Telemetry remains within the expected prototype operating envelope.
4.6,startup,49.59728252816775,346.5221051084731,0.1675493910636289,192.06884889918703,0,normal,0.0873371221234736,False,0.0533339306240794,False,0.5782457065752842,False,0.1049431818260015,False,0,NORMAL,0,1.7315753351639818,1.0610097701834076,10.921229092073714,2.0769907880613503,8.480494346077629,NORMAL,Vibration,0,Telemetry remains within the expected prototype operating envelope.
4.7,startup,46.96651986340713,345.6897316981024,0.1739071093716749,202.2907961169836,0,normal,0.5308068101637498,False,0.0820995746114447,False,1.0758087528737357,False,0.0712385261155294,False,0,NORMAL,0,10.072047320474752,1.6285842939113948,19.3589007813876,1.4146686999415459,15.42477810377703,NORMAL,Vibration,0,Telemetry remains within the expected prototype operating envelope.
4.8,startup,47.420207363152265,351.539930750586,0.1624634409616316,192.5341024157326,0,normal,0.454328359000214,False,0.1200750036514673,False,0.180212842667311,False,0.0969242440028739,False,0,NORMAL,0,8.685963683745557,2.372893513086982,3.540076896549882,1.9198170806671522,7.09126712216395,NORMAL,Pressure,0,Telemetry remains within the expected prototype operating envelope.
4.9,startup,49.42458795936175,349.8201648892731,0.1645651893018971,203.84127858835416,0,normal,0.116448378558921,False,0.060642335702454,False,0.3446983162391373,False,0.097962069499111,False,0,NORMAL,0,2.302056443423517,1.205521373249785,6.661700432227303,1.9401729909076626,5.38968226443097,NORMAL,Vibration,0,Telemetry remains within the expected prototype operating envelope.
5.0,startup,50.28329693329447,352.4954137282559,0.1664965181712479,205.9813074008864,0,normal,0.0283048543679191,False,0.1530951396015082,False,0.4958465472675848,False,0.1348468159375973,False,0,NORMAL,0,0.5644977771028681,3.0155013435038014,9.441062979823622,2.660893733302072,7.508862072336937,NORMAL,Vibration,0,Telemetry remains within the expected prototype operating envelope.
5.1,startup,51.16768306194991,351.4248385733367,0.1546430661197056,198.71595173899485,0,normal,0.1773865050373307,False,0.1160975813128438,False,0.4318195471005809,False,0.0096238283754833,False,0,NORMAL,0,3.485535820762209,2.2952017690568316,8.273962921327149,0.1922914501526929,6.624687695476299,NORMAL,Vibration,0,Telemetry remains within the expected prototype operating envelope.
5.2,startup,49.407696324886246,349.7268492601317,0.1741003235821241,204.5723947065955,0,normal,0.1192958143887223,False,0.0574174799671626,False,1.0909299404572737,False,0.1105633169591921,False,0,NORMAL,0,2.3576783289414704,1.1417812319804432,19.602410218250743,2.1869970603515587,14.954342490321352,NORMAL,Vibration,0,Telemetry remains within the expected prototype operating envelope.
5.3,startup,49.536292861413706,350.4020763400528,0.1432613060380922,213.3196697604911,0,normal,0.0976181972091878,False,0.0807523697529715,False,1.322570433511937,False,0.2613281199848404,False,0,NORMAL,0,1.9334287475418654,1.6020754329503117,23.242116386320845,5.092326419764859,17.895996012434114,NORMAL,Vibration,0,Telemetry remains within the expected prototype operating envelope.
5.4,startup,50.84638784556488,351.6392126404916,0.1622865716514865,210.81557001709368,0,normal,0.1232255230195675,False,0.123506044893097,False,0.1663708275781668,False,0.2181683814098247,False,0,NORMAL,0,2.4343893546360684,2.4398630586633274,3.2726669759021054,4.2695423379129345,3.8616429207659206,NORMAL,Thrust,0,Telemetry remains within the expected prototype operating envelope.
5.5,startup,49.38987704061472,355.7503828916001,0.1455129926314383,200.9676569869717,0,normal,0.1222996248589128,False,0.2655822553311036,False,1.1463506033132944,False,0.0484333886204033,False,0,NORMAL,0,2.4163205178094893,5.173042095116742,20.488627215237855,0.9639912981555976,15.858781038457579,NORMAL,Vibration,0,Telemetry remains within the expected prototype operating envelope.
5.6,startup,49.5223215522818,352.2490725832946,0.170265078762686,205.7605133744629,0,normal,0.0999733515472183,False,0.1445819391711375,False,0.7907788480056066,False,0.1310412916231247,False,0,NORMAL,0,1.9796102523710668,2.8502309903255973,14.628321151303336,2.586780265690092,11.43734123107005,NORMAL,Vibration,0,Telemetry remains within the expected prototype operating envelope.
5.7,startup,50.62322185279703,358.5793942211835,0.1562219911627537,221.8768456511131,0,normal,0.0856062597847517,False,0.3633488727279443,False,0.3082508835909544,False,0.4088164440236382,False,0,NORMAL,0,1.6975516234000398,7.0092141426160275,5.978826277652249,7.850994010465806,7.07509738653951,NORMAL,Thrust,0,Telemetry remains within the expected prototype operating envelope.
5.8,startup,51.399733713981696,357.6967103596592,0.145341947050108,226.8848502357324,0,normal,0.2165034621253025,False,0.332844570935445,False,1.1597368460467743,False,0.4951325619117363,False,0,NORMAL,0,4.237660333095505,6.440156237114691,20.701214221365795,9.428130505511145,17.026415857382894,NORMAL,Vibration,0,Telemetry remains within the expected prototype operating envelope.
5.9,startup,51.22374053463466,356.0931630880798,0.165943903260032,223.89950016841496,0,normal,0.1868361563710796,False,0.2774282525422133,False,0.4525982079527477,False,0.4436781704482746,False,0,NORMAL,0,3.667769169390789,5.397440144062237,8.65436080116867,8.491254047087327,7.918781634909175,NORMAL,Vibration,0,Telemetry remains within the expected prototype operating envelope.
6.0,startup,51.89336494345422,357.2769152971102,0.166547219537564,218.8274373814538,0,normal,0.2997152585649628,False,0.3183370492312605,False,0.4998145000854704,False,0.3562579690371658,False,0,NORMAL,0,5.818183301164859,6.168297735722916,9.512901188857793,6.877242843828945,8.666340466345336,NORMAL,Vibration,0,Telemetry remains within the expected prototype operating envelope.
6.1,startup,51.55360170140369,359.591943170455,0.1600525895271078,220.94283144334707,0,normal,0.2424411072407074,False,0.3983411276842284,False,0.0084634285692683,False,0.3927181200096601,False,0,NORMAL,0,4.733143970420728,7.657733637180342,0.16912539293584272,7.5538269668419815,6.7374869863128755,NORMAL,Temperature,0,Telemetry remains within the expected prototype operating envelope.
6.2,startup,52.70920585092463,361.3319946344199,0.1572119224770278,221.2350803644161,0,normal,0.4372421885205843,False,0.4584748372771555,False,0.2307776115000684,False,0.3977552145045692,False,0,NORMAL,0,8.373388478258569,8.761658626256974,4.510655658256491,7.646912092963875,8.258181906943925,NORMAL,Temperature,0,Telemetry remains within the expected prototype operating envelope.
6.3,startup,50.978442169771775,364.7924550155802,0.1641885360760845,228.9103735371688,0,normal,0.1454860221306612,False,0.5780634379179455,False,0.3152209601574313,False,0.5300437336404589,False,0,NORMAL,0,2.867795692419617,10.917981779291585,6.109801921358526,10.058321891250642,9.717654518917563,NORMAL,Temperature,0,Telemetry remains within the expected prototype operating envelope.
6.4,startup,53.14966157229995,361.84593985213854,0.1595110167519242,232.56561716181483,0,normal,0.5114901486160796,False,0.4762360547520364,False,0.0508475964037627,False,0.5930441631096444,False,0,NORMAL,0,9.723953787812945,9.085184469409324,1.0117984561936688,11.184484985695054,9.982889639373997,NORMAL,Thrust,0,Telemetry remains within the expected prototype operating envelope.
6.5,startup,52.28446857720748,360.67243461218885,0.1584468552225504,236.5068019630316,0,normal,0.3656438992497566,False,0.4356813787747423,False,0.1341302186675955,False,0.6609729691186078,False,0,NORMAL,0,7.051887612157737,8.344781671864322,2.6469421459959896,12.382951887472393,10.711243017137468,NORMAL,Thrust,0,Telemetry remains within the expected prototype operating envelope.
6.6,startup,52.26221978344856,362.06128408714153,0.1649619178788732,238.80658783443167,0,normal,0.3618934029546307,False,0.483678045956523,False,0.3757467946003242,False,0.7006112292357846,False,0,NORMAL,0,6.98214114681207,9.220401267731692,7.23950700890863,13.074803353956277,11.693846798094839,NORMAL,Thrust,0,Telemetry remains within the expected prototype operating envelope.
6.7,startup,52.29325015424646,361.59225959926704,0.1697774247195396,236.1566093131012,0,normal,0.3671242164528795,False,0.46746922516593,False,0.7526144280846088,False,0.6549371779079189,False,0,NORMAL,0,7.079402076896313,8.925637699427625,13.974195775387798,12.277120380855578,12.78065839810171,NORMAL,Vibration,0,Telemetry remains within the expected prototype operating envelope.
6.8,startup,52.13378681357316,366.0892266769164,0.1540425264603033,236.09398442830192,0,normal,0.3402433583315778,False,0.622878026512609,False,0.4788185375995916,False,0.6538577985168408,False,0,NORMAL,0,6.57849973302268,11.712849092452515,9.132129535222255,12.258181082982954,11.439962905260955,NORMAL,Thrust,0,Telemetry remains within the expected prototype operating envelope.
6.9,startup,54.08545523118784,370.6579474995026,0.1507024438393215,244.71928679942232,0,normal,0.6692376062396814,False,0.7807665354711576,False,0.7402176124345073,False,0.8025203254188036,False,0,NORMAL,0,12.527656882752225,14.457196286878249,13.76064193880584,14.828563872530498,14.501296677979418,NORMAL,Thrust,0,Telemetry remains within the expected prototype operating envelope.
7.0,startup,53.31335023510082,367.6001943667807,0.1579021160682024,243.27171812326583,0,normal,0.5390832725418511,False,0.6750949259252065,False,0.1767621913255244,False,0.7775705662101187,False,0,NORMAL,0,10.220781250854373,12.63006758127636,3.4734840076917073,14.402500373860782,12.925223149206792,NORMAL,Thrust,0,Telemetry remains within the expected prototype operating envelope.
7.1,startup,52.462839115076505,369.1277350023846,0.1634175835074846,246.4397760510872,0,normal,0.3957119581605561,False,0.7278845628268032,False,0.2548852406432896,False,0.8321740428950222,False,0,NORMAL,0,7.60916417407066,13.547660519528327,4.969951854348809,15.332198872099777,13.593589616119017,NORMAL,Thrust,0,Telemetry remains within the expected prototype operating envelope.
7.2,startup,54.01534659077239,372.4810894868989,0.1791832196464493,246.7105414318196,0,normal,0.6574193387424134,False,0.8437717356546921,False,1.488723791528562,False,0.8368408550211717,False,0,NORMAL,0,12.32065803243203,15.528361509572907,25.750916981869555,15.41118774794067,22.776569411999038,NORMAL,Vibration,0,Telemetry remains within the expected prototype operating envelope.
7.3,startup,53.76462528128073,370.6633055360707,0.1725252438528243,250.9060410347398,0,normal,0.615155054550349,False,0.7809517016123021,False,0.9676622160471604,False,0.9091529370502778,False,0,NORMAL,0,11.576375883491341,14.460364154392957,17.595689884148392,16.625742505908814,16.709788512141337,NORMAL,Vibration,0,Telemetry remains within the expected prototype operating envelope.
7.4,startup,54.40814261405428,373.9025832850657,0.1652192716139376,258.23202929641525,0,normal,0.7236332668331599,False,0.8928965443269221,False,0.3958876222039736,False,1.035420965714567,False,0,NORMAL,0,13.474122363817088,16.35422842656701,7.612410066610842,18.70487978105537,17.070915413515394,NORMAL,Thrust,0,Telemetry remains within the expected prototype operating envelope.
7.5,startup,52.69112584877227,373.46440461811534,0.1562424466378207,254.8397598073221,0,normal,0.4341944286364733,False,0.8777537113395751,False,0.3066500123357853,False,0.9769530613464203,False,0,NORMAL,0,8.317520270517576,16.100517640678515,5.948718299131839,17.748668849197248,15.746734444686666,NORMAL,Thrust,0,Telemetry remains within the expected prototype operating envelope.
7.6,startup,53.49053891815647,373.3498471494515,0.1640211278783475,256.58851352674515,0,normal,0.5689521052767512,False,0.8737947677709541,False,0.3021193836475156,False,1.0070939347526782,False,0,NORMAL,0,10.755502604000133,16.034060670991813,5.863457389404703,18.243002778539996,16.311353857307957,NORMAL,Thrust,0,Telemetry remains within the expected prototype operating envelope.
7.7,startup,54.1500665084866,374.52693623718073,0.1778517943561273,256.2669131412068,0,normal,0.6801291790034962,False,0.9144732964423006,False,1.3845247705475563,False,1.0015509492537753,False,0,NORMAL,0,12.717991780827177,16.714411525219887,24.18734495006398,18.15231695079834,22.00182992314616,NORMAL,Vibration,0,Telemetry remains within the expected prototype operating envelope.
7.8,startup,54.903599506543664,373.9729686866174,0.1663679342233724,260.7007106243445,0,normal,0.807152816693301,False,0.8953289639329755,False,0.485783405475184,False,1.0779702455583042,False,0,NORMAL,0,14.907438515218319,16.394910853039214,9.258617959637672,19.393754276494658,17.85197842010564,NORMAL,Thrust,0,Telemetry remains within the expected prototype operating envelope.
7.9,startup,56.32329863252038,377.5980818564841,0.1814032527588209,260.81100898296694,0,normal,1.0464725915028743,False,1.0206077313215804,False,1.6624663804188444,False,1.0798713073414663,False,0,NORMAL,0,18.884369991531035,18.463673919424515,28.286650920670688,19.424395941601503,25.828993541093375,NORMAL,Vibration,0,Telemetry remains within the expected prototype operating envelope.
8.0,startup,54.58390117990137,374.9913942126741,0.1761673913268414,269.8513757970084,0,normal,0.7532610236090481,False,0.930524305044538,False,1.252701266919661,False,1.2356877317251458,False,0,NORMAL,0,13.985319836095089,16.981346378029183,22.1619853051783,21.896674212711186,20.970006449917097,NORMAL,Vibration,0,Telemetry remains within the expected prototype operating envelope.
8.1,startup,57.66762621076207,377.0221576878885,0.1582652740249717,256.851407621126,0,normal,1.2730869264759723,False,1.0007046092478458,False,0.148340992004853,False,1.0116250802936293,False,0,NORMAL,0,22.478695086300014,18.13846158448491,2.923241764648987,18.31705978784327,20.023679400631764,NORMAL,Pressure,0,Telemetry remains within the expected prototype operating envelope.
8.2,startup,55.274343136214746,376.6870209632319,0.1627951053056639,266.7886857705933,0,normal,0.8696493558131135,False,0.9891227595774302,False,0.2061693121693412,False,1.1829003372833244,False,0,NORMAL,0,15.964417123072305,17.94862019157796,4.039531178336064,21.067731928772517,18.858302040606034,NORMAL,Thrust,0,Telemetry remains within the expected prototype operating envelope.
8.3,startup,56.10416304122367,380.538130447641,0.1608454808657807,272.97708357245654,0,normal,1.009532736147388,False,1.1222116389249066,False,0.0535892467363482,False,1.2895612768209186,False,0,NORMAL,0,18.282870870483947,20.103834674050102,1.0660617848636922,22.733697383155828,20.218218961399728,NORMAL,Thrust,0,Telemetry remains within the expected prototype operating envelope.
8.4,startup,55.60230682494708,382.5296262776568,0.1812453624457583,279.0937392078628,0,normal,0.924934447349069,False,1.1910349090279753,False,1.6501096855572586,False,1.394985694867206,False,0,NORMAL,0,16.888481985864512,21.19604356396917,28.109203750515444,24.345793230110036,26.193190659250217,NORMAL,Vibration,0,Telemetry remains within the expected prototype operating envelope.
8.5,startup,56.7757591656297,382.17587571167,0.1718107632874256,269.83131123865434,0,normal,1.1227442119558682,False,1.1788097914128264,False,0.9117460666652468,False,1.2353419064058997,False,0,NORMAL,0,20.112344329426733,21.00313029413915,16.668971346388016,21.891272004376383,21.20095212559855,NORMAL,Thrust,0,Telemetry remains within the expected prototype operating envelope.
8.6,startup,56.43673812957592,387.7105520463195,0.172765610240442,278.9421870725497,0,normal,1.0655951748679708,False,1.3700803522503135,False,0.9864735924334757,False,1.3923735982213568,False,0,NORMAL,0,19.19400559026788,23.968014351958356,17.905135108769056,24.306259684515386,23.269242584292186,NORMAL,Thrust,0,Telemetry remains within the expected prototype operating envelope.
8.7,startup,55.753594725763904,390.1664757029269,0.1814474436876825,280.24177935286014,0,normal,0.9504371652788184,False,1.4549535890523535,False,1.6659248181975848,False,1.4147728909093575,False,0,NORMAL,0,17.311316645994136,25.24773833675068,28.336237000795627,24.644598512420156,26.77829446891371,NORMAL,Vibration,0,Telemetry remains within the expected prototype operating envelope.
8.8,startup,58.23890579594698,393.0532643391778,0.1895998523020369,282.63074906238813,0,normal,1.3693879660259545,False,1.5547169081859855,False,2.303942589399311,False,1.4559482907306798,False,0,NORMAL,0,23.957484923037352,26.72446378961826,36.921393673279304,25.262608097631045,33.87467655494357,NORMAL,Vibration,0,Telemetry remains within the expected prototype operating envelope.
8.9,startup,56.19220116912554,388.31746876200384,0.1659415343579744,271.5717771219234,0,normal,1.024373391155636,False,1.391054532775351,False,0.4524128146926107,False,1.2653399337283693,False,0,NORMAL,0,18.52505841483777,24.286288050776207,8.650973765205617,22.35849059062144,22.245408179880627,NORMAL,Temperature,0,Telemetry remains within the expected prototype operating envelope.
9.0,startup,56.37380896816391,387.2682489245001,0.1536474567886178,290.7759549894829,0,normal,1.0549871576743857,False,1.3547949839549824,False,0.5097371879423097,False,1.5963360525920025,False,0,NORMAL,0,19.022385323960446,23.73522332302548,9.692298167272728,27.33186535383276,24.74661754469929,NORMAL,Thrust,0,Telemetry remains within the expected prototype operating envelope.
9.1,startup,57.74739953335446,389.7208674797768,0.1641104630128808,288.0866821977687,0,normal,1.2865343768894448,False,1.4395540011447234,False,0.3091108638494013,False,1.5499847397286373,False,0,NORMAL,0,22.686907748611407,25.017152621572002,5.994996157690069,26.65508052523783,24.35678933355183,NORMAL,Thrust,0,Telemetry remains within the expected prototype operating envelope.
9.2,startup,57.27271475410888,390.2141022437927,0.1609066119472395,280.1752915397742,0,normal,1.206516398152979,False,1.4565994947262082,False,0.0583734422040294,False,1.4136269315126604,False,0,NORMAL,0,21.439666723318506,25.272341321430304,1.1606803700258683,24.6273256870148,22.77077309283628,NORMAL,Temperature,0,Telemetry remains within the expected prototype operating envelope.
9.3,startup,56.553618994974656,389.1665234162059,0.1660934401212372,293.33613805987574,0,normal,1.0852978723444724,False,1.420396656880101,False,0.4643011511455916,False,1.6404624226831632,False,0,NORMAL,0,19.511798254205004,24.7293070938857,8.867913349632872,27.970359965410562,25.2751796105411,NORMAL,Thrust,0,Telemetry remains within the expected prototype operating envelope.
9.4,startup,55.1079694820982,391.50429373758806,0.184316590039569,283.21946738797163,0,normal,0.8416036208338619,False,1.5011866820674211,False,1.890467827175201,False,1.4660952224148112,False,0,NORMAL,0,15.491724724601141,25.935758159485633,31.483361022469893,25.414125344092042,29.06761947403719,NORMAL,Vibration,0,Telemetry remains within the expected prototype operating envelope.
9.5,startup,58.17678929569466,393.6343271801304,0.1691419697885899,293.93062978867306,0,normal,1.3589169397497949,False,1.5747976154849908,False,0.7028829244367399,False,1.6507088626133437,False,0,NORMAL,0,23.798069422214652,27.01815855396239,13.114287894005638,28.117818297472517,26.330811133026966,NORMAL,Thrust,0,Telemetry remains within the expected prototype operating envelope.
9.6,startup,58.29004911141397,396.2239166923062,0.1632321491879647,302.81349915036856,0,normal,1.3780092340936905,False,1.664290154593713,False,0.2403729171275035,False,1.803810719062017,False,0,NORMAL,0,24.088488530263763,28.312803941469177,4.693729825436921,30.28552010481631,27.33138552830439,NORMAL,Thrust,0,Telemetry remains within the expected prototype operating envelope.
9.7,startup,59.127307345303706,388.0191483001493,0.1750152548588564,293.3565809053418,0,normal,1.519146499254787,False,1.3807450009078786,False,1.1625336151008228,False,1.6408147680193943,False,0,NORMAL,0,26.201316983882684,24.13001240804189,20.745557896325696,27.975435648116466,26.851111428207794,NORMAL,Thrust,0,Telemetry remains within the expected prototype operating envelope.
9.8,startup,58.85313444672652,397.417179190148,0.1821372572259815,291.4758799266113,0,normal,1.4729289626332591,False,1.7055276133696995,False,1.7199104949551718,False,1.608399700371308,False,0,NORMAL,0,25.515995810876447,28.901612067221937,29.10583812938048,27.50698256987114,28.633957284615438,NORMAL,Vibration,0,Telemetry remains within the expected prototype operating envelope.
9.9,startup,60.217142752959546,393.8599555565456,0.166979823653761,297.64768000563635,0,normal,1.7028608930776743,False,1.5825950120242611,False,0.5336706433536964,False,1.7147745676865294,False,0,NORMAL,0,28.8636820504804,27.13188352662771,10.12354030345316,29.03297926417563,27.19724397187864,NORMAL,Thrust,0,Telemetry remains within the expected prototype operating envelope.
10.0,ramp,58.68096382297824,396.8334325326395,0.1640977043034542,293.8451143750444,0,normal,1.8134180821198016,False,1.7365639967739088,False,1.524261365029969,False,1.8023412211027192,False,0,NORMAL,0,30.41934595603554,29.34157254183598,26.27677245444463,30.265028036470653,29.949062782941944,NORMAL,Pressure,0,Telemetry remains within the expected prototype operating envelope.
10.1,ramp,59.377921570199206,401.9395630820001,0.1649301130714037,320.96538879445666,0,normal,1.773471462480283,False,1.6858888969956811,False,1.4621645045795892,False,1.333887102153633,False,0,NORMAL,0,29.86121700401233,28.62180671008162,25.35546708465327,23.415648638440857,28.794528253361975,NORMAL,Pressure,0,Telemetry remains within the expected prototype operating envelope.
10.2,ramp,61.61602182041143,400.8497261937701,0.1687009339128327,307.2930416134343,0,normal,1.645193184827398,False,1.696704835311235,False,1.180865046201227,False,1.5700523877108967,False,0,NORMAL,0,28.03847875381802,28.776044254699972,21.035595360230097,26.948862584440782,27.87433959895901,NORMAL,Temperature,0,Telemetry remains within the expected prototype operating envelope.
10.3,ramp,59.08289913134066,405.3433408081759,0.1937553842068793,300.7801130413428,0,normal,1.7903808794387677,False,1.6521085668162134,False,0.6881718542663328,False,1.6825515523149828,False,0,NORMAL,0,30.098017547734035,28.137938239512472,12.858275094944915,28.574148079784578,28.284694565200024,NORMAL,Pressure,0,Telemetry remains within the expected prototype operating envelope.
10.4,ramp,61.1573361482826,405.90760837763975,0.1773626587648914,309.2999550577623,0,normal,1.6714830742097715,False,1.6465085698894255,False,0.5347090467602225,False,1.5353865559855064,False,0,NORMAL,0,28.415857845601543,28.057407685843007,10.142203969727692,26.440627092290814,26.61271605156902,NORMAL,Pressure,0,Telemetry remains within the expected prototype operating envelope.
10.5,ramp,61.48955149532125,406.559283624275,0.1761340894217017,309.5247666067127,0,normal,1.6524419197646425,False,1.6400411073310353,False,0.6263590893776171,False,1.5315033395230002,False,0,NORMAL,0,28.142729165837366,27.964290271057646,11.774294324995182,26.383475508397,26.540943018944418,NORMAL,Pressure,0,Telemetry remains within the expected prototype operating envelope.
10.6,ramp,61.82492441748671,409.9657641732084,0.1783211887998913,314.916168803619,0,normal,1.6332197866976714,False,1.60623395335386,False,0.4632036660954955,False,1.438376532360456,False,0,NORMAL,0,27.865947468909603,27.47557546111995,8.84790793361212,24.99949254980658,25.916896653467962,NORMAL,Pressure,0,Telemetry remains within the expected prototype operating envelope.
10.7,ramp,61.0883642805849,409.73789545470606,0.1720371132660057,304.3097398479267,0,normal,1.675436244937457,False,1.608495405530771,False,0.9319894075630878,False,1.6215835772006226,False,0,NORMAL,0,28.47243234485528,27.508370147749883,17.00566898204594,27.69787858686874,27.31696165453892,NORMAL,Pressure,0,Telemetry remains within the expected prototype operating envelope.
10.8,ramp,61.833465164144656,410.3418310410442,0.1723182553482737,311.50248363176587,0,normal,1.632730267842988,False,1.6025017287531298,False,0.9110164897833668,False,1.4973418235967924,False,0,NORMAL,0,27.85888492743478,27.421419763228137,16.656811180822228,25.87878295060948,26.667166349765886,NORMAL,Pressure,0,Telemetry remains within the expected prototype operating envelope.
10.9,ramp,61.25374932516272,413.6261124772683,0.1581373516072302,313.6929352012563,0,normal,1.665957085696946,False,1.569907323288648,False,1.968897707009145,False,1.4595056998092024,False,0,NORMAL,0,28.336699481388685,26.946743129486418,32.54972602209661,25.315763481136077,31.057853474347226,NORMAL,Vibration,0,Telemetry remains within the expected prototype operating envelope.
11.0,ramp,63.04180596706501,413.7379551166899,0.1625926595161829,316.65972382023915,0,normal,1.5634733715079696,False,1.5687973561898123,False,1.6365361988919116,False,1.4082597453206676,False,0,NORMAL,0,26.8526783952443,26.930523986963763,27.913776855246887,24.54637441136579,27.44024840018229,NORMAL,Vibration,0,Telemetry remains within the expected prototype operating envelope.
11.1,ramp,62.94442548580484,421.9673296653861,0.192884395938375,317.7203181744889,0,normal,1.569054801746351,False,1.487126045138079,False,0.6231970017110688,False,1.389939879300919,False,0,NORMAL,0,26.93428617249076,25.727186949736392,11.718481195096931,24.269407258805497,25.264105150030332,NORMAL,Pressure,0,Telemetry remains within the expected prototype operating envelope.
11.2,ramp,64.51269514982172,417.67666069187806,0.182539648820356,318.51832183813866,0,normal,1.4791683315686734,False,1.5297082071580244,False,0.1485107732616367,False,1.3761557966846456,False,0,NORMAL,0,25.608884478540507,26.357040482101446,2.9265380714870948,24.060343867121848,24.040446917050392,NORMAL,Temperature,0,Telemetry remains within the expected prototype operating envelope.
11.3,ramp,61.60232313765061,423.676268605161,0.1776576833435485,316.38219247688136,0,normal,1.6459783343891772,False,1.470165912518901,False,0.5127005086528812,False,1.4130536017147006,False,0,NORMAL,0,28.049777978010994,25.47482382864066,9.745804446712958,24.618682511458147,25.92265095262914,NORMAL,Pressure,0,Telemetry remains within the expected prototype operating envelope.
11.4,ramp,64.20931424631642,417.31820544966297,0.1708406140356334,314.50731050000513,0,normal,1.4965568197611687,False,1.5332656475700313,False,1.0212470518818015,False,1.4454388265479126,False,0,NORMAL,0,25.867144949108834,26.409417934974922,18.474098822858444,25.10535290007766,25.553522935847937,NORMAL,Temperature,0,Telemetry remains within the expected prototype operating envelope.
11.5,ramp,64.01975261006767,424.3995791944256,0.1633101082058046,332.3231953086073,0,normal,1.507421677224433,False,1.4629875147228983,False,1.5830152451548547,False,1.1377013570723733,False,0,NORMAL,0,26.028058636059214,25.36775271505206,27.138007588611945,20.350965494119645,26.292123570559017,NORMAL,Vibration,0,Telemetry remains within the expected prototype operating envelope.
11.6,ramp,63.520499122469154,424.2139464393083,0.1789253078311899,318.97462699500943,0,normal,1.536036739259863,False,1.464829801812259,False,0.4181369913722396,False,1.368273943170626,False,0,NORMAL,0,26.450191885177855,25.39524645472946,8.022609840113892,23.940540415496102,24.525876227473372,NORMAL,Pressure,0,Telemetry remains within the expected prototype operating envelope.
11.7,ramp,63.97661276737496,424.31165850506,0.175669395955806,322.16247324423347,0,normal,1.509894267412613,False,1.4638600716744106,False,0.6610247565533843,False,1.313209614435203,False,0,NORMAL,0,26.064630051984928,25.380775755919625,12.383859375205631,23.098278452001388,24.54816960186246,NORMAL,Pressure,0,Telemetry remains within the expected prototype operating envelope.
11.8,ramp,64.61518433452139,428.2943699465515,0.1763985229566816,334.37545772821176,0,normal,1.4732940924276543,False,1.4243341923937205,False,0.6066326124923527,False,1.1022522031014246,False,0,NORMAL,0,25.521434878104543,24.788559965085522,11.425530320136524,19.784260770065988,23.721913939939803,NORMAL,Pressure,0,Telemetry remains within the expected prototype operating envelope.
11.9,ramp,63.454528302052665,434.3532942050892,0.1635138243601626,324.2033348581774,0,normal,1.5398179028684067,False,1.364203220734845,False,1.5678182240568943,False,1.2779573889424996,False,0,NORMAL,0,26.50579163092641,23.878591811643936,26.916213651458587,22.554171241141773,26.23283110277552,NORMAL,Vibration,0,Telemetry remains within the expected prototype operating envelope.
12.0,ramp,65.34243530458808,432.2957307148424,0.1890034227536624,316.58540347894103,0,normal,1.4316111955812334,False,1.384623230399766,False,0.3336802888388414,False,1.4095434959739384,False,0,NORMAL,0,24.89794312539133,24.18883783592737,6.455792857592247,24.56574465283158,23.19314089778183,NORMAL,Pressure,0,Telemetry remains within the expected prototype operating envelope.
12.1,ramp,64.80390642027291,434.3450279361938,0.1710504053412351,320.9311680908906,0,normal,1.4624773543870015,False,1.3642852581988345,False,1.0055968305851857,False,1.3344782034563316,False,0,NORMAL,0,25.360137444089027,23.879840762854442,18.21851936504849,23.42470192526057,24.43636929466746,NORMAL,Pressure,0,Telemetry remains within the expected prototype operating envelope.
12.2,ramp,66.45048160577795,437.77962930216665,0.1878966837807361,330.6467482610529,0,normal,1.3681027486013413,False,1.3301990229887088,False,0.2511186698327231,False,1.1666589742587523,False,0,NORMAL,0,23.937936177628504,23.359137969297727,4.898337402550668,20.810921535476766,21.94771266039197,NORMAL,Pressure,0,Telemetry remains within the expected prototype operating envelope.
12.3,ramp,66.84064338253805,434.84550304556,0.1704235710141178,326.1295099312808,0,normal,1.34574035410001,False,1.3593183608861854,False,1.0523580436276616,False,1.2446861678310177,False,0,NORMAL,0,23.596988329376924,23.804186989752807,18.97979425041981,22.037109362485253,23.20930344989237,NORMAL,Temperature,0,Telemetry remains within the expected prototype operating envelope.
12.4,ramp,66.03509235948448,443.51098924369904,0.1928180793467851,323.4150529496397,0,normal,1.391911073123446,False,1.273318918946234,False,0.6182498503930369,False,1.2915735456685251,False,0,NORMAL,0,24.29925730971284,22.482291874661563,11.631089561840358,22.76478724136599,22.897542025226663,NORMAL,Pressure,0,Telemetry remains within the expected prototype operating envelope.
12.5,ramp,66.86405810753958,444.0583202560129,0.1805577600771724,333.3535066564495,0,normal,1.3443983227970655,False,1.2678870065827328,False,0.2963576886861447,False,1.1199045756964745,False,0,NORMAL,0,23.57647853036058,22.39803223441926,5.754917655483515,20.0669610667067,21.606895124844257,NORMAL,Pressure,0,Telemetry remains within the expected prototype operating envelope.
12.6,ramp,66.76056958833495,445.36876453626365,0.158829688781061,336.0023896734074,0,normal,1.350329839492602,False,1.254881680139634,False,1.917250047201471,False,1.074149870536854,False,0,NORMAL,0,23.66708625431747,22.195921712352817,31.849385392910456,19.332141523562953,29.19349730766687,NORMAL,Vibration,0,Telemetry remains within the expected prototype operating envelope.
12.7,ramp,67.81519609710867,444.3290151184529,0.1846112338396453,328.52812773989234,0,normal,1.2898831851929389,False,1.2652005321514594,False,0.0060273945315534,False,1.2032543454662548,False,0,NORMAL,0,22.738671756962326,22.356325890676253,0.1204752608488735,21.388396411244116,20.607975207502022,NORMAL,Pressure,0,Telemetry remains within the expected prototype operating envelope.
12.8,ramp,67.98379695024506,447.64041244637457,0.1790802403576795,335.2302784221062,0,normal,1.2802197096408077,False,1.232337018699223,False,0.4065791800575554,False,1.0874867081501218,False,0,NORMAL,0,22.589204775114947,21.844316304821575,7.809752454206986,19.54702563452999,20.964634281083647,NORMAL,Pressure,0,Telemetry remains within the expected prototype operating envelope.
12.9,ramp,68.32482836455507,454.2581320772213,0.1719196602083558,331.3962714004655,0,normal,1.2606732561479104,False,1.166660358191691,False,0.9407512880371756,False,1.1537123057820444,False,0,NORMAL,0,22.285991184494314,20.81094345394855,17.15097890772206,20.60560888954186,21.56057748304565,NORMAL,Pressure,0,Telemetry remains within the expected prototype operating envelope.
13.0,ramp,66.5541294841984,455.5712685585658,0.1703395505293395,331.94491561767035,0,normal,1.362162098121145,False,1.1536283133641465,False,1.0586258876474968,False,1.1442354605476448,False,0,NORMAL,0,23.847510842540686,20.604275172964293,19.081295020447207,20.454984518842455,22.84983778369598,NORMAL,Pressure,0,Telemetry remains within the expected prototype operating envelope.
13.1,ramp,68.67261632519786,451.6752549743375,0.1839465448907797,335.4863549442303,0,normal,1.2407395464870334,False,1.1922937715245965,False,0.0435577353827932,False,1.0830634453283667,False,0,NORMAL,0,21.97554706772914,21.2158817355799,0.8673711498844772,19.47582121350486,19.843384946110046,NORMAL,Pressure,0,Telemetry remains within the expected prototype operating envelope.
13.2,ramp,67.94507179268106,455.2473703028615,0.1784386997548002,337.9929238916279,0,normal,1.2824392690701387,False,1.156842797652619,False,0.45443746654387,False,1.0397669605775408,False,0,NORMAL,0,22.623560721139047,20.6553020307092,8.687956272045593,18.775510715412015,20.895268320929645,NORMAL,Pressure,0,Telemetry remains within the expected prototype operating envelope.
13.3,ramp,69.2806991639903,455.1500634352235,0.1838937831822199,336.22966524523554,0,normal,1.205886854243612,False,1.15780850645677,False,0.0474937060016885,False,1.070224092496673,False,0,NORMAL,0,21.429774664716618,20.670625325555825,0.9453770658625293,19.26877983095281,19.381877259685982,NORMAL,Pressure,0,Telemetry remains within the expected prototype operating envelope.
13.4,ramp,70.65997182971958,458.4528319988893,0.1770861921416857,339.19684721999,0,normal,1.126832878910435,False,1.1250306280045408,False,0.5553331799762652,False,1.0189713434923977,False,0,NORMAL,0,20.1776444303151,20.148867261731638,10.512088421831523,18.436984541918587,19.177082537087042,NORMAL,Pressure,0,Telemetry remains within the expected prototype operating envelope.
13.5,ramp,69.79359864634465,465.44166712465295,0.1730878060262442,339.37762592551087,0,normal,1.176489662496177,False,1.055670882124952,False,0.8536087798944573,False,1.015848715457376,False,0,NORMAL,0,20.966465203677508,19.033457841908575,15.694388383616253,18.386030440766188,20.110232296012626,NORMAL,Pressure,0,Telemetry remains within the expected prototype operating envelope.
13.6,ramp,69.97015142995141,462.2119210689317,0.1764838513599088,340.2346292464289,0,normal,1.1663704165000466,False,1.0877240586056252,False,0.60026719906608,False,1.0010455195372887,False,0,NORMAL,0,20.8063512790006,19.550844653907117,11.31269588789009,18.144042882361656,19.632847617876845,NORMAL,Pressure,0,Telemetry remains within the expected prototype operating envelope.
13.7,ramp,71.28638210417235,469.461090726888,0.1797254622194403,328.1462575882458,0,normal,1.0909297369027202,False,1.0157806579864934,False,0.3584462753453784,False,1.2098504677132509,False,0,NORMAL,0,19.602406945191586,18.38491954513436,6.917990149804454,21.492034384800018,19.779590564801424,NORMAL,Thrust,0,Telemetry remains within the expected prototype operating envelope.
13.8,ramp,71.24573379992965,469.2279711277927,0.1858999385389615,343.9241727937127,0,normal,1.0932595228259685,False,1.0180942218153488,False,0.1021634744917769,False,0.9373152694285364,False,0,NORMAL,0,19.639860054853607,18.42267514906666,2.022536191300528,17.094025184922167,17.769079986417353,NORMAL,Pressure,0,Telemetry remains within the expected prototype operating envelope.
13.9,ramp,70.24871034947394,472.0423204364705,0.1827832254486646,349.9975235201207,0,normal,1.1504046176410323,False,0.9901635939848694,False,0.130340200726329,False,0.8324090240266918,False,0,NORMAL,0,20.553069135758108,17.9656987937731,2.573120203701307,15.33617784574568,18.296950711403362,NORMAL,Pressure,0,Telemetry remains within the expected prototype operating envelope.
14.0,ramp,71.23855146048294,464.5146784011305,0.1899965583370327,346.99460247139774,0,normal,1.093671183623404,False,1.0648706559269898,False,0.4077672087553219,False,0.8842791014602099,False,0,NORMAL,0,19.64647600635545,19.182295647181892,7.831654783992025,16.209941592412758,18.27136660675098,NORMAL,Pressure,0,Telemetry remains within the expected prototype operating envelope.
14.1,ramp,72.20800462431731,464.6551468765942,0.1801043261266403,354.9586045151193,0,normal,1.0381062990253969,False,1.063476595602639,False,0.3301834072919389,False,0.7467152441406144,False,0,NORMAL,0,18.748528957613786,19.15975955463195,6.3903473723937125,13.872639468624826,17.54383030392139,NORMAL,Temperature,0,Telemetry remains within the expected prototype operating envelope.
14.2,ramp,72.17755536456608,470.6337684634821,0.1833442702547539,339.77421701397367,0,normal,1.039851519596425,False,1.0041425769121557,False,0.0884868200658194,False,1.0089983154188011,False,0,NORMAL,0,18.776884356421263,18.194729701875843,1.7541685386554207,18.274136138152574,17.192467720995516,NORMAL,Pressure,0,Telemetry remains within the expected prototype operating envelope.
14.3,ramp,72.74637384824126,473.92975446351016,0.1948846205169319,347.52684254167707,0,normal,1.0072492912663673,False,0.9714320110924122,False,0.7724117520914968,False,0.8750856084543414,False,0,NORMAL,0,18.245543035486843,17.657795940492438,14.314138479522654,16.05573520313558,17.658509080697232,NORMAL,Pressure,0,Telemetry remains within the expected prototype operating envelope.
14.4,ramp,71.07138768561212,473.1407352323865,0.187373003259515,346.49559701847,0,normal,1.103252292031908,False,0.9792625253884362,False,0.2120526274038902,False,0.8928985260348645,False,0,NORMAL,0,19.800303740143697,17.786651374934358,4.152377911652094,16.35426157885841,17.9533869590824,NORMAL,Pressure,0,Telemetry remains within the expected prototype operating envelope.
14.5,ramp,73.41916798805758,478.152414249896,0.1662468276044849,353.9338078246485,0,normal,0.9686876256473193,False,0.9295247970217873,False,1.3639389190717155,False,0.7644167696971851,False,0,NORMAL,0,17.6125877854996,16.96474915711228,23.874567902335485,14.17701748988912,21.873499840816258,NORMAL,Vibration,0,Telemetry remains within the expected prototype operating envelope.
14.6,ramp,72.34284528378834,481.9154447488487,0.1759365639012233,350.9431261612273,0,normal,1.0303778125320495,False,0.8921791114464703,False,0.6410942953879397,False,0.816075433692574,False,0,NORMAL,0,18.62284166608128,16.342225520092114,12.033916368368692,15.059152773258223,17.534934011635357,NORMAL,Pressure,0,Telemetry remains within the expected prototype operating envelope.
14.7,ramp,74.06402705997961,479.5005148224794,0.1823607075790138,354.0808436869659,0,normal,0.931727077938542,False,0.916145755815075,False,0.1618596106601382,False,0.7618769887838135,False,0,NORMAL,0,17.001314493476738,16.74226521915537,3.185355997714001,14.13341210143182,15.518809854290447,NORMAL,Pressure,0,Telemetry remains within the expected prototype operating envelope.
14.8,ramp,74.77296230597365,480.2548047535144,0.1799980310014223,363.7782563851911,0,normal,0.8910939595985943,False,0.9086599077453074,False,0.3381129171810237,False,0.5943715700930238,False,0,NORMAL,0,16.324067272004527,16.617520910121762,6.538685449723236,11.208060723069224,15.236617847634538,NORMAL,Temperature,0,Telemetry remains within the expected prototype operating envelope.
14.9,ramp,75.50080240831977,482.6219590364176,0.1798547092543054,358.7360579784764,0,normal,0.8493772962244641,False,0.8851674062675301,False,0.3488045759824389,False,0.6814665078379497,False,0,NORMAL,0,15.623010620723921,16.224826492478606,6.738323225016485,12.741333608382222,15.0372929404387,NORMAL,Temperature,0,Telemetry remains within the expected prototype operating envelope.
15.0,ramp,72.83243782857652,482.626205211466,0.1768066715623677,357.41073955807644,0,normal,1.0023164741754835,False,0.8851252656794322,False,0.5761851352598153,False,0.7043590074990547,False,0,NORMAL,0,18.164847279777607,16.224120422487264,10.884510894516918,13.139934213808912,16.918324352782133,NORMAL,Pressure,0,Telemetry remains within the expected prototype operating envelope.
15.1,ramp,75.84059925464071,487.6676034573779,0.1861604483876207,356.8856592700915,0,normal,0.8299016028573781,False,0.8350925928631533,False,0.1215972483069998,False,0.7134288281019562,False,0,NORMAL,0,15.293709626075469,15.381605892667839,2.402611457276227,13.297352437986076,14.055880778959587,NORMAL,Temperature,0,Telemetry remains within the expected prototype operating envelope.
15.2,ramp,73.32368963978723,491.1326169670214,0.1769310643859453,355.485700640895,0,normal,0.9741600338060248,False,0.8007045364598401,False,0.5669055551975409,False,0.7376106035539031,False,0,NORMAL,0,17.70270996732237,14.797627584825667,10.718966460562529,13.715664859795728,16.488571255103842,NORMAL,Pressure,0,Telemetry remains within the expected prototype operating envelope.
15.3,ramp,76.34395457433126,492.6312103773435,0.1906615673434146,352.86605923169253,0,normal,0.8010514414532145,False,0.7858319495056002,False,0.4573762146398538,False,0.782860212364354,False,0,NORMAL,0,14.803538805447737,14.54381434753077,8.741609122209127,14.493008586719181,14.223222673957874,NORMAL,Pressure,0,Telemetry remains within the expected prototype operating envelope.
15.4,ramp,75.5920168758912,492.0035100833958,0.1746511323942609,355.7127598054034,0,normal,0.8441492753634777,False,0.7920614758992423,False,0.7369861984766005,False,0.7336885635621929,False,0,NORMAL,0,15.534739548332855,14.650218361909506,13.704888911563406,13.647956185038845,15.132138469515258,NORMAL,Pressure,0,Telemetry remains within the expected prototype operating envelope.
15.5,ramp,74.5136397296552,497.1888368333264,0.1839432808726275,355.89305605131585,0,normal,0.905957214023183,False,0.740600404174715,False,0.0438012278681048,False,0.7305742691519453,False,0,NORMAL,0,16.57243726593699,13.767244028869385,0.8721986423725459,13.594154293812045,14.692612218070753,NORMAL,Pressure,0,Telemetry remains within the expected prototype operating envelope.
15.6,ramp,74.591925767542,492.6983472801928,0.1821363570352325,362.1429428089743,0,normal,0.9014701951314088,False,0.7851656584231843,False,0.1785959365441995,False,0.6226186803067685,False,0,NORMAL,0,16.497535452362,14.532425849854668,3.508878524277681,11.708269586163311,14.770020117642847,NORMAL,Pressure,0,Telemetry remains within the expected prototype operating envelope.
15.7,ramp,76.89094181946898,493.347351802923,0.1508325660912575,358.1976431160089,0,normal,0.7697004857944102,False,0.778724701101795,False,2.5138273909223496,False,0.6907666593086064,False,0,NORMAL,0,14.267662442074613,14.42225630586378,39.51443703978654,12.90348651988208,32.781320277776864,NORMAL,Vibration,0,Telemetry remains within the expected prototype operating envelope.
15.8,ramp,75.16697540782934,502.9812296004534,0.1859888200221436,354.193744784156,0,normal,0.8685108237118412,False,0.6831145881362665,False,0.1087939441243551,False,0.7599268247406828,False,0,NORMAL,0,15.945279502524556,12.770090726505357,2.1523774011453334,14.099914782884627,14.2991021377837,NORMAL,Pressure,0,Telemetry remains within the expected prototype operating envelope.
15.9,ramp,76.08351211170093,495.248091710109,0.1779856622681957,367.64677753905386,0,normal,0.8159788829432584,False,0.7598610658073213,False,0.4882336093377146,False,0.5275498027044347,False,0,NORMAL,0,15.057512536932228,14.09878503585964,9.303074043054638,10.013449034505728,14.028754955911769,NORMAL,Pressure,0,Telemetry remains within the expected prototype operating envelope.
16.0,ramp,75.86263905968376,501.3804600538862,0.1908260426750094,366.04511798350495,0,normal,0.8286383760513136,False,0.6990012082902297,False,0.4696459096584819,False,0.5552156000465882,False,0,NORMAL,0,15.272306271131619,13.046808569519918,8.96527710097227,10.50998400061779,14.109006971181692,NORMAL,Pressure,0,Telemetry remains within the expected prototype operating envelope.
16.1,ramp,76.63319696073935,507.5851950496983,0.1975256773954084,372.5925120992569,0,normal,0.7844733122344175,False,0.637423157754563,False,0.9694319502667972,False,0.4421211049661256,False,0,NORMAL,0,14.52059040060556,11.969305531727725,17.624851468510094,8.462752587526168,16.056684703513895,NORMAL,Vibration,0,Telemetry remains within the expected prototype operating envelope.
16.2,ramp,77.36473156307609,502.6118742348663,0.1667370365618991,366.7236399750984,0,normal,0.7425448960151949,False,0.6867802053436237,False,1.327369821781859,False,0.5434953491065024,False,0,NORMAL,0,13.800773286783553,12.83401758178988,23.31575921386215,10.299968864941567,20.4271638969059,NORMAL,Vibration,0,Telemetry remains within the expected prototype operating envelope.
16.3,ramp,78.37537507470235,507.418234880391,0.1946492378804312,373.4775293937534,0,normal,0.6846191578896637,False,0.6390801312997647,False,0.7548524431389603,False,0.4268340178763541,False,0,NORMAL,0,12.796335474218857,11.99847360476818,14.012692568088381,8.18245674053909,13.21987152817372,NORMAL,Vibration,0,Telemetry remains within the expected prototype operating envelope.
16.4,ramp,78.87677996409334,513.6824971617333,0.1943135378257087,369.9158455801981,0,normal,0.6558807867591866,False,0.576911310296205,False,0.7298095552527143,False,0.4883557203138485,False,0,NORMAL,0,12.293674035922365,10.897452643405481,13.580938132942343,9.305289034039244,12.8593782479646,NORMAL,Vibration,0,Telemetry remains within the expected prototype operating envelope.
16.5,ramp,78.383799699975,513.9394301152082,0.1880714717198906,369.23409629936367,0,normal,0.684136294613211,False,0.5743614140630806,False,0.2641576750474609,False,0.5001317168896378,False,0,NORMAL,0,12.787913578128652,10.85200060461905,5.146020522941819,9.518641812414286,11.663794271117707,NORMAL,Pressure,0,Telemetry remains within the expected prototype operating envelope.
16.6,ramp,79.1258368193579,513.4160127063374,0.1819244034194814,366.4425201452567,0,normal,0.6416059193005231,False,0.5795559991140862,False,0.194407464012454,False,0.5483511901710514,False,0,NORMAL,0,12.042917018242527,10.944569883390932,3.8135309718730803,10.387040396481527,11.081851160481598,NORMAL,Pressure,0,Telemetry remains within the expected prototype operating envelope.
16.7,ramp,79.60332848950355,512.8260662950914,0.1744270095200236,367.68865230769575,0,normal,0.6142381510184386,False,0.5854108422217381,False,0.7537055404406856,False,0.5268264911498771,False,0,NORMAL,0,11.560159209972909,11.048789966502248,13.992966490803537,10.000430430464135,13.173133502574796,NORMAL,Vibration,0,Telemetry remains within the expected prototype operating envelope.
16.8,ramp,79.39415842682484,518.3134630198515,0.1694921799085619,366.0962537106888,0,normal,0.6262268791258709,False,0.5309519180203668,False,1.1218388873348912,False,0.5543323220364074,False,0,NORMAL,0,11.771961425600441,10.074657133096798,20.097878167490858,10.494173691516473,17.65200447041821,NORMAL,Vibration,0,Telemetry remains within the expected prototype operating envelope.
16.9,ramp,79.55562707282961,521.746848524198,0.172890493411059,371.2389989730023,0,normal,0.6169721910025527,False,0.4968777494639705,False,0.868328103383129,False,0.4655006176229656,False,0,NORMAL,0,11.608505602852892,9.459737968939963,15.942207745165826,8.88977270416179,14.378704636205828,NORMAL,Vibration,0,Telemetry remains within the expected prototype operating envelope.
17.0,ramp,81.49649033536093,516.3739786026508,0.184197250403506,368.3883004111966,0,normal,0.5057302587192832,False,0.5502000679471776,False,0.0248553552093403,False,0.5147413245018105,False,0,NORMAL,0,9.619897846943948,10.420170952561902,0.4958735716606988,9.782635368232295,9.425986671362637,NORMAL,Temperature,0,Telemetry remains within the expected prototype operating envelope.
17.1,ramp,79.69452964737197,518.0832809305006,0.172568131986688,372.9619617035067,0,normal,0.6090108930123688,False,0.5332363289323596,False,0.8923759428034916,False,0.4357395254076593,False,0,NORMAL,0,11.467651288956482,10.115733035860197,16.345518749925848,8.345847554133579,14.67362786747846,NORMAL,Vibration,0,Telemetry remains within the expected prototype operating envelope.
17.2,ramp,78.95830341245373,522.3911617144015,0.1962841334757118,380.7893992036707,0,normal,0.6512082134269588,False,0.4904833506356676,False,0.8768140172357347,False,0.3005345757430003,False,0,NORMAL,0,12.211672878294399,9.343873787463853,16.084748189101195,5.8336149928413406,14.259053434589596,NORMAL,Vibration,0,Telemetry remains within the expected prototype operating envelope.
17.3,ramp,80.2690907294145,528.7661075614376,0.1801005637049914,379.9103311253021,0,normal,0.5760795236495329,False,0.4272160656032071,False,0.3304640801789663,False,0.3157189007900093,False,0,NORMAL,0,10.882628548576124,8.189472209248795,6.3956019632015355,6.119151804706946,9.837558327576152,NORMAL,Pressure,0,Telemetry remains within the expected prototype operating envelope.
17.4,ramp,80.84039323549052,528.2951502574259,0.1878148660935597,375.4392535055182,0,normal,0.5433349218421474,False,0.4318900174619322,False,0.2450151523079379,False,0.392948750854861,False,0,NORMAL,0,10.29709075264753,8.275255705612484,4.7821755845460885,7.558091056302607,9.397962635392908,NORMAL,Pressure,0,Telemetry remains within the expected prototype operating envelope.
17.5,ramp,79.78072307949598,529.972111349835,0.1574643057819335,381.0998743747758,0,normal,0.6040706563018766,False,0.4152472446498116,False,2.019106251536026,False,0.2951716737868348,False,0,NORMAL,0,11.380133908585089,7.969436203409375,33.223652688276275,5.732559789542679,26.697130223988253,NORMAL,Vibration,0,Telemetry remains within the expected prototype operating envelope.
17.6,ramp,83.80404033073346,532.0055266214566,0.1845325030296693,383.0337519703381,0,normal,0.3734714204584676,False,0.3950668907039259,False,0.0001541549544786,False,0.2617674054090769,False,0,NORMAL,0,7.1972844369949,7.597243740842408,0.003083051562557948,5.100664365016117,6.679307546058964,NORMAL,Temperature,0,Telemetry remains within the expected prototype operating envelope.
17.7,ramp,80.30730808308786,533.4845387395434,0.1744392035330308,380.17045303606034,0,normal,0.5738890693545543,False,0.3803886356274591,False,0.7527958792823782,False,0.3112257611322341,False,0,NORMAL,0,10.843578489653149,7.325582940060249,13.977317615784413,6.034749935021555,12.426113986055313,NORMAL,Vibration,0,Telemetry remains within the expected prototype operating envelope.
17.8,ramp,80.19429046344831,538.0393923909976,0.185405893048294,391.1233682980063,0,normal,0.5803667530912036,False,0.3351846086188724,False,0.0653081756634254,False,0.1220337865375282,False,0,NORMAL,0,10.959009121522511,6.4839327044694866,1.2976702166472398,2.4111320835726313,8.974133540033172,NORMAL,Pressure,0,Telemetry remains within the expected prototype operating envelope.
17.9,ramp,82.91698232014251,538.444505893239,0.2132077829142712,383.47389228398174,0,normal,0.4243137693505743,False,0.3311641146363671,False,2.139301316698086,False,0.2541647705812252,False,0,NORMAL,0,8.136164469108243,6.408706306628941,34.80974968869245,4.9562576068058695,27.378539128883197,NORMAL,Vibration,0,Telemetry remains within the expected prototype operating envelope.
18.0,ramp,83.09503684004633,535.2967180505775,0.1846201229611487,383.0987449867563,0,normal,0.4141084502906224,False,0.3624039079525677,False,0.006690514093452,False,0.2606447675709344,False,0,NORMAL,0,7.948473038841719,6.991637878359313,0.13372079582966157,5.07935445577491,6.929911265017608,NORMAL,Pressure,0,Telemetry remains within the expected prototype operating envelope.
18.1,ramp,83.1946213323388,538.914816260714,0.178789983544137,386.5917314604162,0,normal,0.4084006956219014,False,0.3264965832115163,False,0.428232047662157,False,0.2003096885184823,False,0,NORMAL,0,7.843331531511522,6.321297453738506,8.208125883816365,3.927006809638345,7.6365109713673025,NORMAL,Vibration,0,Telemetry remains within the expected prototype operating envelope.
18.2,ramp,81.99427670584414,541.4293823466863,0.1912328133304915,396.13345768074487,0,normal,0.4771992855251146,False,0.3015411132967193,False,0.4999905931857852,False,0.0354934746162366,False,0,NORMAL,0,9.102697172087304,5.852569485498005,9.51608796349419,0.707355870173143,8.38859434425583,NORMAL,Vibration,0,Telemetry remains within the expected prototype operating envelope.
18.3,ramp,86.45480839435425,544.4560091810986,0.1839602362607325,396.6894471933457,0,normal,0.2215407991083722,False,0.2715037659663602,False,0.0425363728959132,False,0.0258897525726306,False,0,NORMAL,0,4.334089185514733,5.285279388514253,0.8471190118108263,0.5164568036659989,4.396439236616023,NORMAL,Temperature,0,Telemetry remains within the expected prototype operating envelope.
18.4,ramp,84.39407693010517,550.3413062674894,0.1927040030579464,392.74501754319306,0,normal,0.3396530610206401,False,0.213095933617712,False,0.6097398734905073,False,0.0940227031447049,False,0,NORMAL,0,6.5674697898626455,4.172375509158732,11.480558018837028,1.862883831226514,9.569650337789,NORMAL,Vibration,0,Telemetry remains within the expected prototype operating envelope.
18.5,ramp,82.7901913507313,547.605879859776,0.1935092953696793,392.0081866714037,0,normal,0.4315808822408331,False,0.2402433018267429,False,0.6698138734636483,False,0.1067501354531152,False,0,NORMAL,0,8.269584460474588,4.691259163238892,12.537737790679804,2.1123728616343262,10.56548806309429,NORMAL,Vibration,0,Telemetry remains within the expected prototype operating envelope.
18.6,ramp,84.86450112714114,546.3470361830508,0.1895355145931059,393.7193389686657,0,normal,0.312690369891727,False,0.2527365250819194,False,0.3733738071833219,False,0.0771930472981441,False,0,NORMAL,0,6.062270369824418,4.929104569408105,7.1954726639079425,1.5320045069233346,6.402456791170745,NORMAL,Vibration,0,Telemetry remains within the expected prototype operating envelope.
18.7,ramp,85.80156997155808,554.7281001444944,0.1850458040054237,404.15678681858833,0,normal,0.2589816151598574,False,0.1695597930363502,False,0.0384458936863765,False,0.1030951518917852,False,0,NORMAL,0,5.047775703938773,3.3343393314855585,0.7659692625510361,2.0407911682209012,4.260080810852376,NORMAL,Pressure,0,Telemetry remains within the expected prototype operating envelope.
18.8,ramp,84.10966008243102,551.2492520860367,0.1864541025536125,392.4835609201716,0,normal,0.3559546111194989,False,0.2040851485421382,False,0.1435035550019479,False,0.0985388975639341,False,0,NORMAL,0,6.871592767291479,3.9995233768813865,2.8292757760415954,1.9514850704327347,5.836074535421091,NORMAL,Pressure,0,Telemetry remains within the expected prototype operating envelope.
18.9,ramp,85.49973537754119,554.7614080901761,0.1792138145675164,400.21002169228206,0,normal,0.2762814755449647,False,0.1692292328490396,False,0.3966146777752891,False,0.0349218601562346,False,0,NORMAL,0,5.375740047735511,3.3279483564482737,7.6258432723147695,0.696003799053424,6.446532481115399,NORMAL,Vibration,0,Telemetry remains within the expected prototype operating envelope.
19.0,ramp,86.52230536780937,552.8214073675367,0.1878929133943311,387.3530040290605,0,normal,0.217672162973425,False,0.1884825067791189,False,0.2508374027828668,False,0.1871600697163543,False,0,NORMAL,0,4.260041222854516,3.699483269359183,4.892987459260755,3.674009626281105,4.626512486573103,NORMAL,Vibration,0,Telemetry remains within the expected prototype operating envelope.
19.1,ramp,86.61133599398421,554.1068151452253,0.1793261852631225,399.9290757280697,0,normal,0.2125693105060325,False,0.1757256517084563,False,0.3882319364197976,False,0.0300690223087235,False,0,NORMAL,0,4.162281969260073,3.453471221774118,7.470843643685365,0.5995757734311935,6.228588471608678,NORMAL,Vibration,0,Telemetry remains within the expected prototype operating envelope.
19.2,ramp,87.39831558472791,562.3020770531125,0.2030798747429925,397.5871655467992,0,normal,0.1674630260851264,False,0.0943928869316336,False,1.3837695099928795,False,0.0103832774600309,False,0,NORMAL,0,3.2937937580963195,1.8701493161270455,24.17589242354069,0.2074500734810858,18.2997175627854,NORMAL,Vibration,0,Telemetry remains within the expected prototype operating envelope.
19.3,ramp,87.3661166063111,560.5368993213904,0.1855631924908738,401.8751351585944,0,normal,0.1693085330024774,False,0.1119111538103615,False,0.0770425565480259,False,0.0636837100456763,False,0,NORMAL,0,3.3294815659955623,2.2133607007804312,1.5290407578209986,1.2655972985691433,2.8936925461741527,NORMAL,Pressure,0,Telemetry remains within the expected prototype operating envelope.
19.4,ramp,88.32396221652756,562.840219330024,0.1855820097153158,397.7529036189155,0,normal,0.1144089434401717,False,0.0890521669257995,False,0.0784463026463719,False,0.0075204494019936,False,0,NORMAL,0,2.2621985918021115,1.7652765051227481,1.5566825224048397,0.1502959304115037,1.9721937702737278,NORMAL,Pressure,0,Telemetry remains within the expected prototype operating envelope.
19.5,ramp,89.10967360800423,568.9331393993244,0.1986208092786976,395.43639232157705,0,normal,0.0693753467452421,False,0.0285838084559538,False,1.051127692010227,False,0.0475340289863339,False,0,NORMAL,0,1.3779254233369786,0.5700452103216902,18.959855129069624,0.946175898249324,14.236130979230797,NORMAL,Vibration,0,Telemetry remains within the expected prototype operating envelope.
19.6,ramp,89.98074529984402,562.3961781991702,0.1848878458532117,396.8125513907015,0,normal,0.01944926486808,False,0.0934589928763167,False,0.0266623737228967,False,0.0237633482664126,False,0,NORMAL,0,0.38822972955383506,1.8518190274850133,0.5318282339215719,0.47413935897403503,1.4877087984845234,NORMAL,Temperature,0,Telemetry remains within the expected prototype operating envelope.
19.7,ramp,88.02461711318436,567.4878585177656,0.1820513099812688,398.0753326442814,0,normal,0.1315661169300765,False,0.0429273024525435,False,0.1849403615971802,False,0.0019510660445278,False,0,NORMAL,0,2.5970047136654406,0.8548710671167914,3.6312370161285856,0.03901370856330688,2.9834901297125667,NORMAL,Vibration,0,Telemetry remains within the expected prototype operating envelope.
19.8,ramp,87.06735874898342,572.7725084232449,0.1998139155703711,408.59860360498567,0,normal,0.1864320480772047,False,0.0095194884519106,False,1.1401322264999598,False,0.1798195735191575,False,0,NORMAL,0,3.659983124065258,0.190208642684353,20.389679363104463,3.5324896558130536,15.683373154763775,NORMAL,Vibration,0,Telemetry remains within the expected prototype operating envelope.
19.9,ramp,89.4606784967016,573.2180124386163,0.1868831245202311,405.4091060754717,0,normal,0.04925725660805,False,0.013940832601322,False,0.175508164055847,False,0.1247267218771669,False,0,NORMAL,0,0.9803084732376122,0.2784283193950632,3.449271594855774,2.463678034251182,2.869549098558471,NORMAL,Vibration,0,Telemetry remains within the expected prototype operating envelope.
20.0,ramp,88.42444533478955,572.1356824141496,0.1877832352074344,402.6470323930635,0,normal,0.1086496833969198,False,0.0031993951365699,False,0.2426555198806101,False,0.0770168509018633,False,0,NORMAL,0,2.1495542465757134,0.06396743483880751,4.7372291664476425,1.528534504592527,3.821136426530753,NORMAL,Vibration,0,Telemetry remains within the expected prototype operating envelope.
20.1,ramp,88.22964676363989,573.3201498843422,0.1910309715517144,408.9519913852645,0,normal,0.1198146994385167,False,0.014954481822238,False,0.4849333986290136,False,0.1859237138644111,False,0,NORMAL,0,2.3678108313604396,0.29864280897418105,9.243190489136222,3.6501880408282728,7.369559132839717,NORMAL,Vibration,0,Telemetry remains within the expected prototype operating envelope.
20.2,ramp,91.56117705274433,574.8361758064924,0.1806009601097065,411.3852772535265,0,normal,0.0711342839210133,False,0.0300000753746712,False,0.293135009522961,False,0.227954364806204,False,0,NORMAL,0,1.4126133282596154,0.5982050930820049,5.694153742706698,4.45672243786841,4.765348210427067,NORMAL,Vibration,0,Telemetry remains within the expected prototype operating envelope.
20.3,ramp,87.83252450097191,578.3724847202385,0.2093709438207057,402.6031570012249,0,normal,0.1425760390468895,False,0.0650956933418145,False,1.8530769628261343,False,0.07625898216833,False,0,NORMAL,0,2.8112486246297808,1.2934756274841197,30.96906113677804,1.513607684395235,23.331286632818355,NORMAL,Vibration,0,Telemetry remains within the expected prototype operating envelope.
20.4,ramp,91.226742167217,580.5078704165635,0.1920970376751231,415.9105757354524,0,normal,0.0519659150785464,False,0.0862880389311413,False,0.5644608637940638,False,0.3061207830565611,False,0,NORMAL,0,1.0339360512867213,1.7109548214456205,10.67530287199494,5.938762833863831,8.632855567423434,NORMAL,Vibration,0,Telemetry remains within the expected prototype operating envelope.
20.5,ramp,89.26888982502442,582.0749472253196,0.187175684832613,413.4977619417434,0,normal,0.0602497581609859,False,0.1018402800805198,False,0.1973328703669653,False,0.2644437505000208,False,0,NORMAL,0,1.1977641700174013,2.016202832865699,3.869791413345436,5.151447446710577,4.419021353369048,NORMAL,Thrust,0,Telemetry remains within the expected prototype operating envelope.
20.6,ramp,90.4911133511776,579.717133666886,0.1735753312262188,413.3974816292122,0,normal,0.0098028361438935,False,0.0784404793552824,False,0.8172398882218734,False,0.2627115878851353,False,0,NORMAL,0,0.19586465722465363,1.5565678695193763,15.078932420773949,5.118583131043608,11.721926530377205,NORMAL,Vibration,0,Telemetry remains within the expected prototype operating envelope.
20.7,ramp,91.92916522882555,582.5465503768265,0.1785884606853399,416.9549829971627,0,normal,0.0922257830260467,False,0.106520641565075,False,0.4432654511078112,False,0.324161046073159,False,0,NORMAL,0,1.8276085812393927,2.1078798360943285,8.483700249476511,6.277529214525524,7.150367976776612,NORMAL,Vibration,0,Telemetry remains within the expected prototype operating envelope.
20.8,ramp,91.93171375905972,585.0302682766326,0.180631371395456,406.6016002919165,0,normal,0.092371853814857,False,0.1311699628421038,False,0.2908663580622677,False,0.1453249215442275,False,0,NORMAL,0,1.8304765630771325,2.58928708897993,5.651354614637816,2.864666030985752,4.805261625561635,NORMAL,Vibration,0,Telemetry remains within the expected prototype operating envelope.
20.9,ramp,91.41129163312516,586.3992477863931,0.1923631452726912,415.48943528776186,0,normal,0.0625434965011006,False,0.1447562142277345,False,0.5843122240718713,False,0.2988463368497966,False,0,NORMAL,0,1.2430790704527017,2.8536170876125366,11.02924313637157,5.801814553749363,9.00018650035781,NORMAL,Vibration,0,Telemetry remains within the expected prototype operating envelope.
21.0,ramp,93.44313341460128,592.8110941272176,0.1956257431851415,417.5672758585425,0,normal,0.1789999260851688,False,0.2083897132037128,False,0.8276987609222546,False,0.3347373075254094,False,0,NORMAL,0,3.516674490099092,4.082135862533498,15.256382490380371,6.47556636241614,12.48309004922229,NORMAL,Vibration,0,Telemetry remains within the expected prototype operating envelope.
21.1,ramp,92.83105047690692,592.6930998527895,0.1741201820384,426.0022491717272,0,normal,0.143917965381798,False,0.2072186950379797,False,0.776594563288987,False,0.4804363491604255,False,0,NORMAL,0,2.8373291536438527,4.059668919451687,14.3857900610471,9.161526197409042,12.014641043691388,NORMAL,Vibration,0,Telemetry remains within the expected prototype operating envelope.
21.2,ramp,92.38389898589642,595.0368931451275,0.1793995537355631,420.48483715788615,0,normal,0.1182891656391112,False,0.2304793535347822,False,0.382758721852603,False,0.3851329483226757,False,0,NORMAL,0,2.338018045704071,4.50495939685267,7.369501801948342,7.413476516680461,6.711030864946035,NORMAL,Thrust,0,Telemetry remains within the expected prototype operating envelope.
21.3,ramp,93.70163778455392,594.7465509450196,0.1880696248410479,412.37620529074826,0,normal,0.193816284440933,False,0.2275978917668027,False,0.2640198997354016,False,0.2450708700981413,False,0,NORMAL,0,3.802157604406853,4.44991047453378,5.143406779606552,4.783236643986966,4.933851663215997,NORMAL,Vibration,0,Telemetry remains within the expected prototype operating envelope.
21.4,ramp,91.63044677517487,597.6003760989923,0.2154100703208168,415.1353932731672,0,normal,0.0751045264005633,False,0.255920292267372,False,2.303589751685096,False,0.2927308957796583,False,0,NORMAL,0,1.4908654222716478,4.989622019448891,36.91694221396244,5.686531376971304,28.290859029432838,NORMAL,Vibration,0,Telemetry remains within the expected prototype operating envelope.
21.5,ramp,92.54813233273272,599.4976561334826,0.1877536447676938,418.67079674786186,0,normal,0.127702314519878,False,0.2747495905247522,False,0.240448102710121,False,0.3537986524791315,False,0,NORMAL,0,2.5217064380570697,5.346744908966528,4.695162946151932,6.831427909689203,6.137494334048646,NORMAL,Thrust,0,Telemetry remains within the expected prototype operating envelope.
21.6,ramp,93.26107391681288,600.1332006109383,0.1889832946652053,430.7024141850222,0,normal,0.1685650589229715,False,0.2810569654532296,False,0.3321787535977708,False,0.5616232732367686,False,0,NORMAL,0,3.315106092301223,5.466072342468287,6.427696654335002,10.624595101146006,9.166415457391825,NORMAL,Thrust,0,Telemetry remains within the expected prototype operating envelope.
21.7,ramp,93.74903184043292,601.128120382277,0.1853063364565789,425.1152919734953,0,normal,0.1965327078265993,False,0.2909309117216486,False,0.0578813536251662,False,0.4651157537115137,False,0,NORMAL,0,3.854406223931328,5.652572716837955,1.1509523512625242,8.882759426559439,7.483604065140369,NORMAL,Thrust,0,Telemetry remains within the expected prototype operating envelope.
21.8,ramp,94.90168094631582,605.6091573790816,0.2009467635910986,418.1815134202927,0,normal,0.2625975956826172,False,0.3354023553574637,False,1.224641554324424,False,0.3453471601900699,False,0,NORMAL,0,5.116419958047825,6.488005179523915,21.723934833539715,6.673812044568638,17.620747693172824,NORMAL,Vibration,0,Telemetry remains within the expected prototype operating envelope.
21.9,ramp,95.37950299766383,606.8305393009912,0.1785766485366069,426.4772084377066,0,normal,0.2899842999938647,False,0.3475237945102176,False,0.4441466255736916,False,0.4886404189659223,False,0,NORMAL,0,5.634708949655664,6.714430599487575,8.499827193680032,9.310453019412323,8.690743691813624,NORMAL,Thrust,0,Telemetry remains within the expected prototype operating envelope.
22.0,ramp,94.37339594163052,609.0832029736173,0.1919714249577592,430.1463438499015,0,normal,0.2323185719863146,False,0.3698800494617114,False,0.5550902808770283,False,0.5520181551290317,False,0,NORMAL,0,4.540080185117901,7.130602695755972,10.507741009611149,10.452737819051594,9.6852583058317,NORMAL,Vibration,0,Telemetry remains within the expected prototype operating envelope.
22.1,ramp,93.431387710452,609.7069498757876,0.1813759388735952,422.5609131232375,0,normal,0.1783267128553563,False,0.3760703409551003,False,0.2353223698606603,False,0.4209934386031104,False,0,NORMAL,0,3.5036828452660873,7.245509278580187,4.597411423093556,8.075140545851278,7.2982439629225535,NORMAL,Thrust,0,Telemetry remains within the expected prototype operating envelope.
22.2,ramp,96.20948575709222,610.0381213484646,0.1883540339348109,430.4893517402744,0,normal,0.3375553410368058,False,0.3793570072985047,False,0.2852365333008132,False,0.5579430014853878,False,0,NORMAL,0,6.528262508695615,7.306459856534953,5.545061516716143,10.558785728896314,9.482835564731369,NORMAL,Thrust,0,Telemetry remains within the expected prototype operating envelope.
22.3,ramp,96.63585429069572,610.6360835114772,0.1861780347491469,421.5213227706572,0,normal,0.3619929510727531,False,0.3852914016468943,False,0.1229091732645098,False,0.4030363790559033,False,0,NORMAL,0,6.98399307893649,7.416410598673462,2.42821618794421,7.7444069660652755,7.184004375709129,NORMAL,Thrust,0,Telemetry remains within the expected prototype operating envelope.
22.4,ramp,95.98667393759732,618.6324108219576,0.1848330186980661,430.3177878403244,0,normal,0.3247847261178352,False,0.4646498670055019,False,0.0225723228571975,False,0.5549795426961575,False,0,NORMAL,0,6.289219052391837,8.874268968792121,0.4504289693390118,10.505758945669685,9.114214959102153,NORMAL,Thrust,0,Telemetry remains within the expected prototype operating envelope.
22.5,ramp,95.97941429539262,616.4332980233662,0.1886902566824825,435.3226882580885,0,normal,0.3243686346588816,False,0.4428250704369632,False,0.3103184135575959,False,0.6414302245503712,False,0,NORMAL,0,6.281420276783112,8.475639492606046,6.017696559385111,12.039826244395858,10.697163034009694,NORMAL,Thrust,0,Telemetry remains within the expected prototype operating envelope.
22.6,ramp,96.30614884864652,621.6354467039779,0.1808739218230454,426.77256880893714,0,normal,0.3430956535835793,False,0.4944530891299407,False,0.2727723390728938,False,0.4937422398523006,False,0,NORMAL,0,6.6317776754649005,9.415821445139372,5.309306849798356,9.40294219006188,8.811770653381236,NORMAL,Temperature,0,Telemetry remains within the expected prototype operating envelope.
22.7,ramp,97.20905625361588,622.0699210697807,0.2004264813530618,429.2828329992277,0,normal,0.3948464215746572,False,0.4987649710188388,False,1.1858290204178357,False,0.5371025532992135,False,0,NORMAL,0,7.593169259970445,9.493905427195648,21.113951911536443,10.185208720166884,17.957864332899764,NORMAL,Vibration,0,Telemetry remains within the expected prototype operating envelope.
22.8,ramp,98.66123452467204,621.7614228593704,0.2128545752389913,432.7902039683584,0,normal,0.4780790325528132,False,0.4957033223902309,False,2.1129523778517454,False,0.597686098722178,False,0,NORMAL,0,9.118689091559418,9.438468884140294,34.46530412453892,11.266901902791272,28.02776703121541,NORMAL,Vibration,0,Telemetry remains within the expected prototype operating envelope.
22.9,ramp,97.6815711713424,626.9432931679663,0.1874847585138157,440.7436623464433,0,normal,0.4219289438189151,False,0.5471300911317418,False,0.2203894574543503,False,0.7350678331207459,False,0,NORMAL,0,8.092338174050317,10.365152464080685,4.3120578194510095,13.671773448915669,12.07526840861373,NORMAL,Thrust,0,Telemetry remains within the expected prototype operating envelope.
23.0,ramp,100.17225710591208,624.0210126032906,0.1896100174284674,445.0513639556895,0,normal,0.5646843462324435,False,0.5181283141964732,False,0.3789316440883746,False,0.809475655506591,False,0,NORMAL,0,10.679295282995238,9.843727730833407,7.2985738367386865,14.946960595073222,13.457773163291144,NORMAL,Thrust,0,Telemetry remains within the expected prototype operating envelope.
23.1,ramp,99.56346270652352,624.471870653299,0.18504910274433,427.8595101050156,0,normal,0.5297908703969079,False,0.5226027937361419,False,0.0386919763051745,False,0.5125172020569363,False,0,NORMAL,0,10.053773187340209,9.924372120412606,0.770853096398938,9.742495548187712,9.202958292600838,NORMAL,Pressure,0,Telemetry remains within the expected prototype operating envelope.
23.2,ramp,97.01865120314578,634.0203040297948,0.1839956943824345,442.4755063631527,0,normal,0.3839332232367367,False,0.6173649251392014,False,0.0398912325274554,False,0.7649823336327376,False,0,NORMAL,0,7.391258176228455,11.61544820163759,0.7946504767403662,14.186724617628489,12.195328130279071,NORMAL,Thrust,0,Telemetry remains within the expected prototype operating envelope.
23.3,ramp,96.7697358510894,629.9196575408191,0.1951232104782961,445.58618276400045,0,normal,0.3696664661331946,False,0.5766686154825468,False,0.790210324266787,False,0.8187136915887544,False,0,NORMAL,0,7.126635540026028,10.89312759321417,14.618613434197359,15.103960123065029,13.995028540411244,NORMAL,Thrust,0,Telemetry remains within the expected prototype operating envelope.
23.4,ramp,98.92746520152215,632.2869042559364,0.2068880331548978,442.5706667412002,0,normal,0.4933382295800491,False,0.6001620342912907,False,1.6678543137360375,False,0.7666260585585151,False,0,NORMAL,0,9.395621465902892,11.310830512200255,28.363886647660618,14.214930665017867,23.973987383922797,NORMAL,Vibration,0,Telemetry remains within the expected prototype operating envelope.
23.5,ramp,100.36811979575394,633.645495581239,0.2040130583404872,435.1567205336105,0,normal,0.5759103529794569,False,0.6136451895498577,False,1.453384071803605,False,0.6385634296595103,False,0,NORMAL,0,10.879613288478286,11.549670304458337,25.224269660681507,11.989379028251346,21.61453185410656,NORMAL,Vibration,0,Telemetry remains within the expected prototype operating envelope.
23.6,ramp,98.67977991739224,632.7603210369252,0.2027195025208232,442.5948503172084,0,normal,0.4791419746780901,False,0.6048603948955452,False,1.3568861031237245,False,0.7670437864773682,False,0,NORMAL,0,9.138007352820289,11.394130108905664,23.767112401456146,14.222097329338512,20.569240940292048,NORMAL,Vibration,0,Telemetry remains within the expected prototype operating envelope.
23.7,ramp,98.8191308485903,638.5568318132789,0.2011923720394052,446.5812554321952,0,normal,0.4871289705428726,False,0.6623870795577844,False,1.2429636985967625,False,0.8359017879501914,False,0,NORMAL,0,9.283034360878117,12.407728420109043,22.010246999684224,15.395299342327673,19.477587598057163,NORMAL,Vibration,0,Telemetry remains within the expected prototype operating envelope.
23.8,ramp,101.0473782869578,637.2480800831108,0.1742038469385939,441.82364560881297,0,normal,0.6148425274092955,False,0.6493985505983163,False,0.7703532455230372,False,0.7537226077675327,False,0,NORMAL,0,11.570848754266006,12.179893673200514,14.278854234983317,13.99326007233288,13.833255217032644,NORMAL,Vibration,0,Telemetry remains within the expected prototype operating envelope.
23.9,ramp,99.7055773733963,640.9917779046071,0.1793229621482653,446.5864886342392,0,normal,0.5379362717005017,False,0.6865523716394989,False,0.388472377560268,False,0.8359921821333361,False,0,NORMAL,0,10.200183520495099,12.830045621566322,7.475293099877489,15.396828883062707,14.0243944974284,NORMAL,Thrust,0,Telemetry remains within the expected prototype operating envelope.
24.0,ramp,101.31352392200012,639.9369364250881,0.2107883241002869,452.489854682166,0,normal,0.6300968502059731,False,0.676083740509115,False,1.958812112208428,False,0.937962246965573,False,0,NORMAL,0,11.840222996709471,12.64734440553662,32.41353348349097,17.104752151574843,27.544308905033926,NORMAL,Vibration,0,Telemetry remains within the expected prototype operating envelope.
24.1,ramp,100.24178533178558,644.1751844659549,0.1902301858140554,446.85886431870506,0,normal,0.5686694050172174,False,0.7181456580961411,False,0.425195584568554,False,0.8406969837631563,False,0,NORMAL,0,10.750456572834889,13.379106199782653,8.152364426160009,15.4763996681875,14.238513385181317,NORMAL,Thrust,0,Telemetry remains within the expected prototype operating envelope.
24.2,ramp,101.89276361547311,644.0225269526222,0.2070396173390227,444.8670768436968,0,normal,0.6632963774478182,False,0.7166306293194097,False,1.6791623420636064,False,0.8062924260396934,False,0,NORMAL,0,12.423656465277533,13.35285559358642,28.525716221155562,14.892794686394495,24.59628005331234,NORMAL,Vibration,0,Telemetry remains within the expected prototype operating envelope.
24.3,ramp,103.4243921500746,648.3846554801337,0.200599073819192,454.84247331045066,0,normal,0.7510827357237977,False,0.7599219819866024,False,1.1987042455436778,False,0.9785995159582282,False,0,NORMAL,0,13.947838725071959,14.099831584246692,21.3168257205233,17.775749007027585,19.730708159066232,NORMAL,Vibration,0,Telemetry remains within the expected prototype operating envelope.
24.4,ramp,100.55159352190434,648.7157125632208,0.206071486277013,458.2265211608789,0,normal,0.5864262776271121,False,0.7632075130860431,False,1.6069407343991602,False,1.0370528756011972,False,0,NORMAL,0,11.066852973862218,14.156258577907499,27.485826514294953,18.731408713621157,24.11681757751423,NORMAL,Vibration,0,Telemetry remains within the expected prototype operating envelope.
24.5,ramp,101.39602038457924,650.8413633536347,0.1838202670068543,447.06483519759246,0,normal,0.6348251925271461,False,0.7843032459226004,False,0.0529779390591671,False,0.8442547614281677,False,0,NORMAL,0,11.923553509906093,14.517682917573982,1.053965230214149,15.536521511121181,13.864014759500115,NORMAL,Thrust,0,Telemetry remains within the expected prototype operating envelope.
24.6,ramp,102.71305331206736,653.497720579295,0.1998821407069651,449.6761862876866,0,normal,0.7103118538303168,False,0.8106659027633671,False,1.1452217533639342,False,0.8893611698390346,False,0,NORMAL,0,13.243285602896881,14.967205014757557,20.470673906826654,16.29506368671272,18.991358007916784,NORMAL,Vibration,0,Telemetry remains within the expected prototype operating envelope.
24.7,ramp,102.00310763587431,653.8086785019186,0.1951064719309115,451.9645858331519,0,normal,0.6696208219784054,False,0.8137519624720747,False,0.7889616453951745,False,0.9288891693089476,False,0,NORMAL,0,12.534360781562114,15.019672077947522,14.597287984757635,16.95419258480585,16.1919576051677,NORMAL,Thrust,0,Telemetry remains within the expected prototype operating envelope.
24.8,ramp,102.02456408202086,657.4026364164306,0.1984565089386299,452.9783788867048,0,normal,0.6708506131622318,False,0.8494197101248352,False,1.038871051184271,False,0.9464006267652512,False,0,NORMAL,0,12.555871030541931,15.623726369132374,18.76095545484877,17.244534481744502,17.810816187575114,NORMAL,Vibration,0,Telemetry remains within the expected prototype operating envelope.
24.9,ramp,102.26656691827594,660.5901300179959,0.2086863890283087,456.4745592912438,0,normal,0.6847211745988661,False,0.8810535578575395,False,1.8020098608795412,False,1.0067908752475112,False,0,NORMAL,0,12.798114702244757,16.15587045603437,30.260406404155205,18.23804718133305,26.446352552780528,NORMAL,Vibration,0,Telemetry remains within the expected prototype operating envelope.
25.0,ramp,103.06857071632098,661.1277518665433,0.1907819749291034,448.9444424664699,0,normal,0.7306885819455806,False,0.8863891129426928,False,0.4663584999467495,False,0.8767216072091247,False,0,NORMAL,0,13.596129729952011,16.24529372961816,8.905403733867645,16.08319725263847,15.357068063283482,NORMAL,Temperature,0,Telemetry remains within the expected prototype operating envelope.
25.1,ramp,104.307585452552,664.1703299534073,0.1980869764250453,457.8465363029624,0,normal,0.8017035761734703,False,0.9165847663135585,False,1.0113042957493588,False,1.0304893184234036,False,0,NORMAL,0,14.814649994910322,16.74957510216889,18.31181909478161,18.624656452360444,18.09983800040365,NORMAL,Thrust,0,Telemetry remains within the expected prototype operating envelope.
25.2,ramp,104.4526543699262,663.5156907594975,0.2061710612140047,464.2930740829132,0,normal,0.8100183024061156,False,0.9100878884626245,False,1.6143689249766815,False,1.1418417011196955,False,0,NORMAL,0,14.956190847813,16.64133122435345,27.59347635019026,20.416893075243912,24.901450133663726,NORMAL,Vibration,0,Telemetry remains within the expected prototype operating envelope.
25.3,ramp,105.1044981892538,665.3890397445036,0.1793731371094266,455.4444481708885,0,normal,0.8473791857866054,False,0.9286796862666415,False,0.3847293757067295,False,0.988997552442478,False,0,NORMAL,0,15.589284973777263,16.950713174240985,7.406003137982708,17.946565482214705,16.73086715565843,NORMAL,Thrust,0,Telemetry remains within the expected prototype operating envelope.
25.4,ramp,103.57379569449822,664.2905512148035,0.1930230591215761,457.6653271658786,0,normal,0.7596459041306111,False,0.9177778859092725,False,0.6335411363098128,False,1.027359255454816,False,0,NORMAL,0,14.09508842643471,16.769438274820004,11.900931583504647,18.57369851399011,17.44008025398415,NORMAL,Thrust,0,Telemetry remains within the expected prototype operating envelope.
25.5,ramp,102.15923688278792,670.8868934154405,0.2019850279277914,457.2098870312107,0,normal,0.6785694787168248,False,0.9832423890114248,False,1.3020950340433337,False,1.0194923436485264,False,0,NORMAL,0,12.690760779179733,17.85206492088487,22.92714223846779,18.44548296790036,21.19524440931693,NORMAL,Vibration,0,Telemetry remains within the expected prototype operating envelope.
25.6,ramp,106.19004185226557,668.4611505904486,0.193001137253437,464.99621107953897,0,normal,0.9095978783563186,False,0.95916843349766,False,0.6319057869008939,False,1.1539871321415531,False,0,NORMAL,0,16.633161506005877,17.455586058444606,11.872112318912587,20.6099727039065,19.22143010892531,NORMAL,Thrust,0,Telemetry remains within the expected prototype operating envelope.
25.7,ramp,105.83427522204856,667.7133204074435,0.1862915357625274,471.9242560217351,0,normal,0.889206865681046,False,0.9517466943206816,False,0.1313762351939842,False,1.2736566878121665,False,0,NORMAL,0,16.29248044290893,17.33297045669806,2.5933056334579985,22.48752831146167,19.75369332634617,NORMAL,Thrust,0,Telemetry remains within the expected prototype operating envelope.
25.8,ramp,106.6832976447682,673.3640485256499,0.1977735940370694,464.5135411619924,0,normal,0.9378691783119604,False,1.0078265787736171,False,0.9879262834517678,False,1.1456498746540087,False,0,NORMAL,0,17.10320914739273,18.254981655930113,17.928983338765427,20.47748325483697,19.764771637874986,NORMAL,Thrust,0,Telemetry remains within the expected prototype operating envelope.
25.9,ramp,106.32589286733798,677.0198958848058,0.1943574990975861,454.788678145754,0,normal,0.9173842740860154,False,1.0441085398218704,False,0.7330890221085429,False,0.977670300932894,False,0,NORMAL,0,16.762885910284297,18.84600861512259,13.637601238254371,17.760466785130646,18.113014822848974,NORMAL,Temperature,0,Telemetry remains within the expected prototype operating envelope.
26.0,ramp,107.92322975535625,674.3258310806154,0.1997650324771324,468.3157086925776,0,normal,1.008936752491293,False,1.0173716592345825,False,1.1364855966996714,False,1.2113255021602771,False,0,NORMAL,0,18.273129875271255,18.410885352725348,20.33159631141136,21.515191359628194,20.85631963742399,NORMAL,Thrust,0,Telemetry remains within the expected prototype operating envelope.
26.1,ramp,106.36085290781108,681.5902569901552,0.1967787336933173,466.5570404011014,0,normal,0.919388033201872,False,1.0894664684524094,False,0.9137106981381142,False,1.1809476603926634,False,0,NORMAL,0,16.79623665237957,19.578874849702643,16.701707866758863,21.036900065539676,20.158935493109105,NORMAL,Thrust,0,Telemetry remains within the expected prototype operating envelope.
26.2,ramp,107.5279697913177,678.4870738474192,0.2227455704953325,461.6716820926959,0,normal,0.9862821518284328,False,1.0586693484281369,False,2.8508107183655698,False,1.0965618541606816,False,0,NORMAL,0,17.901991790472426,19.08199837540774,43.45662502387415,19.692917693175293,37.00849039277454,NORMAL,Vibration,0,Telemetry remains within the expected prototype operating envelope.
26.3,ramp,107.84856204654838,679.804707208023,0.2138686266382967,472.483315784532,0,normal,1.004657120655654,False,1.0717460219237025,False,2.188599596690266,False,1.2833134429235176,False,0,NORMAL,0,18.2031477467266,19.29334953535855,35.44934485565605,22.637087630634568,31.405580510909314,NORMAL,Vibration,0,Telemetry remains within the expected prototype operating envelope.
26.4,ramp,109.1188170049457,682.7541715502592,0.2059316374077626,471.5903356454382,0,normal,1.0774626700173475,False,1.1010175805707605,False,1.5965081488085775,False,1.2678888119692378,False,0,NORMAL,0,19.38557110938862,19.7644510926258,27.334366492996487,22.398060254723283,25.544552503549458,NORMAL,Vibration,0,Telemetry remains within the expected prototype operating envelope.
26.5,ramp,109.32688473788018,688.653434816409,0.2165493886536763,473.2095987357929,0,normal,1.0893882173262517,False,1.1595640183753335,False,2.3885817583147344,False,1.2958586788152726,False,0,NORMAL,0,19.577616231131856,20.698473169094267,37.98019098081672,22.830951519099884,33.53225692879336,NORMAL,Vibration,0,Telemetry remains within the expected prototype operating envelope.
26.6,ramp,108.48963492241936,693.6318579003314,0.1839038031217513,480.5455313142705,0,normal,1.041400659895647,False,1.2089717027416471,False,0.0467462285473903,False,1.4225737621354029,False,0,NORMAL,0,18.802045658715617,21.478235162173288,0.9305677394488954,24.762074403798962,21.867979121831294,NORMAL,Thrust,0,Telemetry remains within the expected prototype operating envelope.
26.7,ramp,107.88329350989687,693.4936510617805,0.1932672258418113,468.99542298464974,0,normal,1.0066477787141064,False,1.2076000877259525,False,0.6517557291118811,False,1.2230663479535575,False,0,NORMAL,0,18.235707177446013,21.456691881057523,12.2212854491919,21.6992707573354,20.545659577958205,NORMAL,Thrust,0,Telemetry remains within the expected prototype operating envelope.
26.8,ramp,108.0329622934468,693.0952767871763,0.2038396816667481,476.56211151888,0,normal,1.0152261494865356,False,1.2036464762936765,False,1.4404503455755069,False,1.3537673267064785,False,0,NORMAL,0,18.37586779204884,21.394561376125708,25.030593508299994,23.719546901970357,24.015435618508924,NORMAL,Vibration,0,Telemetry remains within the expected prototype operating envelope.
26.9,ramp,108.66804805772544,695.6766839241146,0.1890077743300072,478.72336246611735,0,normal,1.0516265332476316,False,1.229265301149018,False,0.3340049120761591,False,1.391099062095972,False,0,NORMAL,0,18.967939958987635,21.79628711607101,6.461865985113258,24.286962343804575,22.043917871320915,NORMAL,Thrust,0,Telemetry remains within the expected prototype operating envelope.
27.0,ramp,110.61869941633633,692.4150704043664,0.2003618354566981,478.7726332160706,0,normal,1.1634294770881215,False,1.1968958603457551,False,1.181006501290516,False,1.3919501259680536,False,0,NORMAL,0,20.759756832660024,21.28836267608023,21.037829312011368,24.299848573271976,23.441158844603848,NORMAL,Thrust,0,Telemetry remains within the expected prototype operating envelope.
27.1,ramp,110.36797580779069,699.4431813914158,0.1822491438502486,477.2580173375022,0,normal,1.1490590785020434,False,1.266645394181271,False,0.1701821530974573,False,1.3657878520924926,False,0,NORMAL,0,20.5316864677754,22.378759528484117,3.346370751978589,23.902712863225283,21.67572220209948,NORMAL,Thrust,0,Telemetry remains within the expected prototype operating envelope.
27.2,ramp,109.09212149284642,699.7338413920334,0.2004480987004271,480.4213863631495,0,normal,1.0759325981124663,False,1.2695300099172864,False,1.1874416528820002,False,1.420429380673771,False,0,NORMAL,0,19.360898159887764,22.4235281035714,21.139390649405886,24.72979972079844,23.74406127396454,NORMAL,Thrust,0,Telemetry remains within the expected prototype operating envelope.
27.3,ramp,111.09218872704211,703.7417095580926,0.2012710325173658,481.6325851857034,0,normal,1.1905678473459465,False,1.309305553697393,False,1.248831691475924,False,1.4413506688774602,False,0,NORMAL,0,21.188681958453436,23.038209205301374,22.10172197478536,25.04409163371546,24.273771229487416,NORMAL,Thrust,0,Telemetry remains within the expected prototype operating envelope.
27.4,ramp,111.51109563510636,704.4773680245557,0.1877599465889387,475.2017084632326,0,normal,1.2145777891071703,False,1.31660649632515,False,0.2409182122638577,False,1.330268802871749,False,0,NORMAL,0,21.566225783703796,23.150505921984312,4.704123267795312,23.36020755991184,21.55247788561478,NORMAL,Thrust,0,Telemetry remains within the expected prototype operating envelope.
27.5,ramp,111.5843267430608,700.0300019040264,0.1810863447270169,475.1893781060088,0,normal,1.2187750811623934,False,1.272469214732075,False,0.2569258031733795,False,1.330055818056763,False,0,NORMAL,0,21.63204004714625,22.4691173305935,5.008726892617332,23.35694286797667,21.52286023878904,NORMAL,Thrust,0,Telemetry remains within the expected prototype operating envelope.
27.6,ramp,111.08217019459104,702.8368156203603,0.1962932099670923,487.30843532458647,0,normal,1.1899936281672878,False,1.3003250565988538,False,0.8774911144028172,False,1.539390804274996,False,0,NORMAL,0,21.179630444645138,22.899853964825965,16.096111175554473,26.499513508188844,24.80875582597901,NORMAL,Thrust,0,Telemetry remains within the expected prototype operating envelope.
27.7,ramp,112.07956657456272,704.4488126626654,0.1984361616848151,478.1855625345048,0,normal,1.2471600976978,False,1.3163231025107918,False,1.0373531664270033,False,1.3818095324533777,False,0,NORMAL,0,22.075674765617983,23.146150064291504,18.736289409534766,24.146163887634575,23.40413086308187,NORMAL,Thrust,0,Telemetry remains within the expected prototype operating envelope.
27.8,ramp,111.1890625765211,707.6792178930875,0.1888142762226994,488.0584129565164,0,normal,1.1961202396302466,False,1.3483828208813389,False,0.3195701470549973,False,1.55234532329512,False,0,NORMAL,0,21.276151653700527,23.637356145442666,6.191435616050567,26.689699714765226,24.155336088468808,NORMAL,Thrust,0,Telemetry remains within the expected prototype operating envelope.
27.9,ramp,113.51038974183406,710.9669367946249,0.1898358567700894,489.36051107283606,0,normal,1.3291687260003118,False,1.381011341003887,False,0.395779032800357,False,1.5748367338329563,False,0,NORMAL,0,23.343343772214563,24.134053744359818,7.610403582164138,27.018729537542562,24.746495630077263,NORMAL,Thrust,0,Telemetry remains within the expected prototype operating envelope.
28.0,ramp,112.97745570908272,710.9051687796622,0.2020157879810053,489.6183621776919,0,normal,1.298623240016176,False,1.380398332720789,False,1.3043897032075888,False,1.5792906493899035,False,0,NORMAL,0,22.873607436991804,24.124751883467745,22.962505465177795,27.083711074193683,26.09581258596111,NORMAL,Thrust,0,Telemetry remains within the expected prototype operating envelope.
28.1,ramp,110.91754813595678,716.5613550480986,0.1832790126320396,483.72403354733706,0,normal,1.180558199998566,False,1.4365323858450567,False,0.0933549733662638,False,1.4774766897438016,False,0,NORMAL,0,21.03074922598801,24.97182506293678,1.8497771411060127,25.583711595947534,23.055068052139003,NORMAL,Thrust,0,Telemetry remains within the expected prototype operating envelope.
28.2,ramp,113.21566445126312,714.5142571271488,0.2097203255639798,493.75921218971,0,normal,1.31227634030329,False,1.4162162403025336,False,1.879140490976426,False,1.6508164095677498,False,0,NORMAL,0,23.083923034805043,24.66634820763012,31.32796286323176,28.119364422787985,29.74296573234045,NORMAL,Vibration,0,Telemetry remains within the expected prototype operating envelope.
28.3,ramp,111.60592368658509,713.9445310749661,0.1929588330004938,489.5220634463992,0,normal,1.2200129250514684,False,1.4105620714046727,False,0.6287499319980877,False,1.5776272614526732,False,0,NORMAL,0,21.65143910581193,24.581110183509715,11.8164709958831,27.059449423678416,25.03563322491825,NORMAL,Thrust,0,Telemetry remains within the expected prototype operating envelope.
28.4,ramp,115.27313408670824,718.6743698336759,0.1923836314299709,490.1197214086616,0,normal,1.4302016482214592,False,1.4575027143662125,False,0.5858404708885115,False,1.587950731260343,False,0,NORMAL,0,24.87676815962362,25.2858392000327,11.056432836092867,27.20989397358251,25.42396282264516,NORMAL,Thrust,0,Telemetry remains within the expected prototype operating envelope.
28.5,ramp,114.96279416171924,721.1574553879893,0.2072166997572633,483.68137558348855,0,normal,1.4124142988564168,False,1.482145760016204,False,1.6923725131202976,False,1.476739849896174,False,0,NORMAL,0,24.60904359690639,25.65317013621359,28.714304486105323,25.572744210524988,27.81235837857161,NORMAL,Vibration,0,Telemetry remains within the expected prototype operating envelope.
28.6,ramp,115.21616909713488,721.7235627310764,0.2139636391833151,496.0813612369472,0,normal,1.4269366600922222,False,1.487764015526674,False,2.195687437395712,False,1.6909273711741453,False,0,NORMAL,0,24.827696847604443,25.736663116252913,35.54078498125827,28.693697918557703,33.1464089883893,NORMAL,Vibration,0,Telemetry remains within the expected prototype operating envelope.
28.7,ramp,114.79657014473403,721.2213086591901,0.1819722369884873,486.9515277382778,0,normal,1.402887053326917,False,1.4827794631418847,False,0.1908391276688574,False,1.5332258655909388,False,0,NORMAL,0,24.46525301712481,25.662592302809163,3.744861336513039,26.408832416846195,24.190375739863182,NORMAL,Thrust,0,Telemetry remains within the expected prototype operating envelope.
28.8,ramp,115.73223026418948,728.6705955150417,0.1872746133602434,494.7687800508375,0,normal,1.456515066004569,False,1.55670889973731,False,0.2047128394534991,False,1.668254884399895,False,0,NORMAL,0,25.271079478638093,26.75365082500939,4.011574345769731,28.369625482872994,25.82577545044284,NORMAL,Thrust,0,Telemetry remains within the expected prototype operating envelope.
28.9,ramp,115.01865502645975,728.9303601005932,0.2078268738962406,500.5790284334454,0,normal,1.4156160033003682,False,1.5592868981187509,False,1.7378908928123304,False,1.768616508506533,False,0,NORMAL,0,24.65730405571471,26.791406884590817,29.360321331451555,29.793079816430733,29.04318668839641,NORMAL,Thrust,0,Telemetry remains within the expected prototype operating envelope.
29.0,ramp,115.0834026078706,735.3809848318444,0.1701982521620445,507.088429793299,0,normal,1.4193270561116913,False,1.623305247968617,False,1.0691666043405663,False,1.88105474684285,False,0,NORMAL,0,24.713203453306253,27.722770390853857,19.25170356339003,31.354249001061007,29.39643041144313,NORMAL,Thrust,0,Telemetry remains within the expected prototype operating envelope.
29.1,ramp,115.6719402908548,729.5018870704313,0.2057505323253466,499.5941851615903,0,normal,1.453059504110781,False,1.564958939979513,False,1.5829978910330091,False,1.7516051066274436,False,0,NORMAL,0,25.219415545879244,26.874408237918303,27.137754696994232,29.55380938790826,28.728697540651623,NORMAL,Thrust,0,Telemetry remains within the expected prototype operating envelope.
29.2,ramp,116.26177944248172,731.6495899180911,0.1989512942376765,497.0973228864609,0,normal,1.4868665466933308,False,1.5862735254659288,False,1.0757815389768006,False,1.70847628723778,False,0,NORMAL,0,25.723332113810137,27.18547308040443,19.358461868480582,28.943528897812797,27.669238430122764,NORMAL,Thrust,0,Telemetry remains within the expected prototype operating envelope.
29.3,ramp,116.26688848132888,733.2383697967088,0.1895940322315198,499.5018340350283,0,normal,1.4871593748200924,False,1.6020411557872238,False,0.3777391644048993,False,1.7500099064846093,False,0,NORMAL,0,25.727682045934486,27.414733908908307,7.276462286620289,29.531330647624642,27.06600819875119,NORMAL,Thrust,0,Telemetry remains within the expected prototype operating envelope.
29.4,ramp,115.46966958943966,733.748852212471,0.2032399184784422,507.682718603537,0,normal,1.4414662177087465,False,1.6071073692542923,False,1.3957086123772269,False,1.8913200205895675,False,0,NORMAL,0,25.045823827222037,27.488243151783887,24.356730789551804,31.49503791304693,29.95553526562091,NORMAL,Thrust,0,Telemetry remains within the expected prototype operating envelope.
29.5,ramp,116.89593728014373,739.7351261341022,0.211342142363588,506.0171824011186,0,normal,1.5232137456928598,False,1.6665173325025784,False,2.00012640001416,False,1.8625508686917804,False,0,NORMAL,0,26.261324060343348,28.344728858576318,32.96968994428311,31.09973582103811,31.8144028486551,NORMAL,Vibration,0,Telemetry remains within the expected prototype operating envelope.
29.6,ramp,117.41382189773984,739.4461731650053,0.19524604101371,496.1574398679084,0,normal,1.5528966639454502,False,1.6636496579692606,False,0.7993733591966459,False,1.692241493129057,False,0,NORMAL,0,26.697783058816448,28.303620271852402,14.774940672743664,28.7124364913906,27.280852012699164,NORMAL,Thrust,0,Telemetry remains within the expected prototype operating envelope.
29.7,ramp,117.5227258223981,740.3674020669766,0.2096397851580992,510.6851209408519,0,normal,1.55913856838359,False,1.672792269203873,False,1.8731322573571376,False,1.943181138213465,False,0,NORMAL,0,26.789235050130557,28.434598912036545,31.245393735260187,32.20191441451611,31.31496930423052,NORMAL,Thrust,0,Telemetry remains within the expected prototype operating envelope.
29.8,ramp,117.11420428740593,742.7992816586558,0.2225436553844559,495.8878072765361,0,normal,1.5357238715272097,False,1.6969271282259182,False,2.835748053307616,False,1.6875840735145686,False,0,NORMAL,0,26.4455894688442,28.77921070045518,43.28602940672563,28.646002335709355,39.26214190664842,NORMAL,Vibration,0,Telemetry remains within the expected prototype operating envelope.
29.9,ramp,119.22085368146946,742.5996017560666,0.1878020644134412,512.9684101220923,0,normal,1.656467951629671,False,1.6949454321275526,False,0.2440601597916907,False,1.9826208653033337,False,0,NORMAL,0,28.20056580991772,28.750977513809694,4.7639873856959785,32.73459836016405,29.541875227695535,NORMAL,Thrust,0,Telemetry remains within the expected prototype operating envelope.
30.0,steady,119.50506235487478,746.9430285360526,0.2095071935013179,503.1827010754845,0,normal,0.6330923797017294,False,0.0198764625670567,False,0.9819418812941404,False,0.8242210907262273,False,0,NORMAL,0,11.893024220838255,0.39674014979556027,17.830695337168624,15.197419916935607,15.555266436324185,NORMAL,Vibration,0,Telemetry remains within the expected prototype operating envelope.
30.1,steady,117.33068174896634,742.0521788374534,0.2148587373235514,511.71615047325713,0,normal,1.873977115490873,False,1.100620312521977,False,1.5123997906788795,False,2.2822543258412384,False,0,NORMAL,0,31.257010331461878,19.75807583536905,26.10167012865341,36.647186307278446,33.775016077472735,NORMAL,Thrust,0,Telemetry remains within the expected prototype operating envelope.
30.2,steady,119.67471041149032,748.1647126424423,0.1753429923980373,508.4288613517524,0,normal,0.5362769080504043,False,0.2500822697461714,False,2.4044959943995425,False,1.720584997393945,False,0,NORMAL,0,10.170376464443843,4.878622685118328,38.17727674403175,29.115401141353793,32.02012662417856,NORMAL,Vibration,0,Telemetry remains within the expected prototype operating envelope.
30.3,steady,118.3610586330818,748.0671835115215,0.2063355467835453,506.687517319893,0,normal,1.285957270145229,False,0.2285310025984124,False,0.6675606217729456,False,1.4230573091319303,False,0,NORMAL,0,22.677983652214795,4.4677405754354975,12.498314010137811,24.76935026656053,21.73624916739485,NORMAL,Thrust,0,Telemetry remains within the expected prototype operating envelope.
30.4,steady,117.20845857913298,745.2694617922726,0.2175968542544742,503.4960623844286,0,normal,1.943727951841172,False,0.3896888831669568,False,1.7838085338519991,False,0.8777623003523078,False,0,NORMAL,0,32.20932859251748,7.497801726519649,30.00607313475173,16.100661763299172,28.444776791631565,NORMAL,Pressure,0,Telemetry remains within the expected prototype operating envelope.
30.5,steady,118.0226584797678,745.5033648208068,0.2190460721526797,506.42014723186094,0,normal,1.4790769032467252,False,0.3380027191765621,False,1.927458501424198,False,1.377374203009788,False,0,NORMAL,0,25.607524175131523,6.536625576952371,31.98838593245408,24.078846684107656,28.510946813351644,NORMAL,Vibration,0,Telemetry remains within the expected prototype operating envelope.
30.6,steady,117.06336264591468,747.1243032941766,0.1947819125147111,499.0396673658509,0,normal,2.026531913698828,False,0.0201802948611458,False,0.4776634263941147,False,0.1163384325804709,False,0,NORMAL,0,33.322750802270896,0.4027925032914603,9.111134611090076,2.299908120604277,25.609239299736043,NORMAL,Pressure,0,Telemetry remains within the expected prototype operating envelope.
30.7,steady,118.07270015617388,746.746080814607,0.1947779147956859,511.2922466641351,0,normal,1.4505189073572875,False,0.0633965156931796,False,0.4780596899298084,False,2.209825720082697,False,0,NORMAL,0,25.1814084286034,1.2599259431219756,9.118337514292364,35.722796048335056,29.457033375673657,NORMAL,Thrust,0,Telemetry remains within the expected prototype operating envelope.
30.8,steady,118.87096810223548,748.592340444546,0.1955244382579086,511.499615719986,0,normal,0.994959974093282,False,0.3445763036408846,False,0.4040624868363578,False,2.245256993096861,False,0,NORMAL,0,18.044354599529843,6.659422714747043,7.76333785984561,36.17667064594191,29.521167179117878,NORMAL,Thrust,0,Telemetry remains within the expected prototype operating envelope.
30.9,steady,118.47152337252784,746.902668884938,0.1911246680672479,509.6142852634873,0,normal,1.222916784662122,False,0.0287948402348346,False,0.8401783021296564,False,1.923127648137346,False,0,NORMAL,0,21.696928539347127,0.5742416978084974,15.467631045565133,31.929450747709197,26.8501150386736,NORMAL,Thrust,0,Telemetry remains within the expected prototype operating envelope.
31.0,steady,117.38365899747352,748.8567541114223,0.2155005162761291,509.8920929726913,0,normal,1.84374383487844,False,0.4030044831865437,False,1.5760144657670505,False,1.9705941360849115,False,0,NORMAL,0,30.840085883020464,7.74381844971953,27.03591798768731,32.57260706145997,29.764032160864115,NORMAL,Thrust,0,Telemetry remains within the expected prototype operating envelope.
31.1,steady,118.5217185709632,748.3280990671284,0.195527523832325,504.64227279017416,0,normal,1.1942711761706295,False,0.2861861953475269,False,0.4037566372705991,False,1.073604894373884,False,0,NORMAL,0,21.24703319156843,5.562999867165608,7.757695578665924,19.323348632382555,18.52604083562545,NORMAL,Pressure,0,Telemetry remains within the expected prototype operating envelope.
31.2,steady,117.50025464912618,751.9346861211988,0.2017915806715303,506.2459756238847,0,normal,1.7772045344440863,False,1.0831431697419758,False,0.2171517595525873,False,1.3476150773379283,False,0,NORMAL,0,29.913564084914167,19.477105151855724,4.250076023859439,23.625629859832276,26.2046244782346,NORMAL,Pressure,0,Telemetry remains within the expected prototype operating envelope.
31.3,steady,117.79025553225696,748.5100631250021,0.2131486317702475,498.0546985335619,0,normal,1.611705601890823,False,0.326395269144301,False,1.3428900105544934,False,0.0519542736966192,False,0,NORMAL,0,27.55489768315631,6.319399240433721,23.55342094612115,1.0337056306688241,23.02605805033485,NORMAL,Pressure,0,Telemetry remains within the expected prototype operating envelope.
31.4,steady,117.61437740602132,745.8285993732793,0.2124914488816165,509.482293338196,0,normal,1.7120764760661962,False,0.266134789463217,False,1.2777484602343214,False,1.9005753829429417,False,0,NORMAL,0,28.99467382515326,5.183520542313492,22.550935042137475,31.621728269779837,28.284823422303,NORMAL,Thrust,0,Telemetry remains within the expected prototype operating envelope.
31.5,steady,118.17815602791458,747.2050367833154,0.2172854782237345,510.4618532348099,0,normal,1.3903369037159778,False,0.0380201851152334,False,1.752944191937714,False,2.0679439133547715,False,0,NORMAL,0,24.275420398923032,0.7575199473747518,29.57267355352543,33.87271777932214,29.75912057848461,NORMAL,Thrust,0,Telemetry remains within the expected prototype operating envelope.
31.6,steady,118.31811615197388,747.1923178660483,0.2025842025259155,513.1187379523059,0,normal,1.3104638671866715,False,0.0352096527002745,False,0.2957183462752852,False,2.521901749091095,False,0,NORMAL,0,23.05603631637062,0.7017194245004021,5.742865909349137,39.61203463465892,31.795179937455217,NORMAL,Thrust,0,Telemetry remains within the expected prototype operating envelope.
31.7,steady,118.5427182857886,745.2810024828365,0.2059765731735426,510.31329033440335,0,normal,1.182286969950271,False,0.3871387065883004,False,0.6319782931941895,False,2.04256031567921,False,0,NORMAL,0,21.05804843987934,7.4506103049946315,11.87339027494092,33.53615451808268,28.26634324631978,NORMAL,Thrust,0,Telemetry remains within the expected prototype operating envelope.
31.8,steady,117.22546614245351,748.935393507792,0.201836480518489,497.6955773252538,0,normal,1.9340220035540732,False,0.4203816362843056,False,0.2216023404953139,False,0.1133140630081462,False,0,NORMAL,0,32.077606234635546,8.063891889235919,4.335266660835291,2.240794007095337,24.93823044679579,NORMAL,Pressure,0,Telemetry remains within the expected prototype operating envelope.
31.9,steady,120.83623338400992,746.1536388426313,0.1973095642335206,501.7281399123504,0,normal,0.12658594261682,False,0.1943099677772506,False,0.2271165018147252,False,0.5756933946563816,False,0,NORMAL,0,2.4999396025410237,3.811655389865376,4.440710661067571,10.875746122646957,8.961689510131103,NORMAL,Thrust,0,Telemetry remains within the expected prototype operating envelope.
32.0,steady,119.0859653823311,747.9040684338694,0.2023678218281845,505.9382592542901,0,normal,0.8722644154675776,False,0.192487037260861,False,0.2742701705035145,False,1.295038367388138,False,0,NORMAL,0,16.008357243931126,3.7765800625232826,5.337668740730617,22.818289950027303,19.026716867273826,NORMAL,Thrust,0,Telemetry remains within the expected prototype operating envelope.
32.1,steady,119.61509416598687,743.3529060638173,0.2092219228815219,511.2873626096504,0,normal,0.5702989595943109,False,0.8131952152501691,False,0.9536651705705548,False,2.2089912259140583,False,0,NORMAL,0,10.779539233798186,15.010209038807776,17.364683318836992,35.712067362682575,30.11366244422966,NORMAL,Thrust,0,Telemetry remains within the expected prototype operating envelope.
32.2,steady,118.918655615012,747.5852747251996,0.1929227781634817,507.3349359252298,0,normal,0.96774546227721,False,0.1220423576486741,False,0.661945299808153,False,1.5336758643739905,False,0,NORMAL,0,17.59706184235873,2.411299372435949,12.399988779830807,26.41545530598368,22.317128912692695,NORMAL,Thrust,0,Telemetry remains within the expected prototype operating envelope.
32.3,steady,117.77513242885588,743.0770323347595,0.2090630385873308,508.6334286497248,0,normal,1.620336118607707,False,0.8741557547099622,False,0.9379161767604848,False,1.7555375594070617,False,0,NORMAL,0,27.67983755588984,16.040122573646276,17.103988347842147,29.60919286937803,27.158875232936897,NORMAL,Thrust,0,Telemetry remains within the expected prototype operating envelope.
32.4,steady,118.556336913698,744.9406612318386,0.208724582690914,507.1590633675008,0,normal,1.1745150336805776,False,0.462344802986494,False,0.9043676133559796,False,1.5036261128185984,False,0,NORMAL,0,20.935246660538276,8.832249154939065,16.54590974746728,25.97188426387772,23.206687631367473,NORMAL,Thrust,0,Telemetry remains within the expected prototype operating envelope.
32.5,steady,119.79064192105062,744.2702142270637,0.1989514846211682,501.62213099843024,0,normal,0.4701166230389106,False,0.6104952311909712,False,0.0643653994899715,False,0.5575806113598182,False,0,NORMAL,0,8.973846950002118,11.49392977719378,1.279057620994395,10.552302971396255,10.29722887063978,NORMAL,Temperature,0,Telemetry remains within the expected prototype operating envelope.
32.6,steady,118.12398287511274,745.0300349613193,0.2059397806641252,510.0861336317264,0,normal,1.4212526680576525,False,0.4425956562254557,False,0.6283313310698226,False,2.0037481066130165,False,0,NORMAL,0,24.742192501742842,8.471439998464515,11.809087945412477,33.01822518737044,28.290429114677437,NORMAL,Thrust,0,Telemetry remains within the expected prototype operating envelope.
32.7,steady,119.48568931468212,746.1739478650863,0.1979711455302714,515.8435121181111,0,normal,0.644148268351389,False,0.1898222299669451,False,0.1615389706910056,False,2.987459240175974,False,0,NORMAL,0,12.087629171176362,3.72528301980517,3.179147269746596,44.98101332391363,34.835302529200014,NORMAL,Thrust,0,Telemetry remains within the expected prototype operating envelope.
32.8,steady,117.63174623577112,749.8753983322821,0.2047886529799036,503.4741931622368,0,normal,1.7021643587227646,False,0.6280969609418149,False,0.5142287832647973,False,0.8740257043645122,False,0,NORMAL,0,28.853771582331554,11.804953985456091,9.77338687028304,16.037938743032953,24.571081006862077,NORMAL,Pressure,0,Telemetry remains within the expected prototype operating envelope.
32.9,steady,117.92799151693296,744.7531828469364,0.2113861487556076,506.5219869034527,0,normal,1.5331018466471875,False,0.503772392049507,False,1.1681884503453115,False,1.3947746256188194,False,0,NORMAL,0,26.407007054433716,9.58450047914029,20.835141391284505,24.342599507388808,24.266863823203558,NORMAL,Pressure,0,Telemetry remains within the expected prototype operating envelope.
33.0,steady,118.64617087308284,741.4958746192042,0.1980216870702665,505.7661172567451,0,normal,1.123248209163639,False,1.223548310646525,False,0.156529171550149,False,1.265626022874183,False,0,NORMAL,0,20.120396554668673,21.706817999646056,3.0820880481811086,22.36293294215068,20.422227022554516,NORMAL,Thrust,0,Telemetry remains within the expected prototype operating envelope.
33.1,steady,118.39498808421308,751.0365496561898,0.1936828900410586,506.40210687324577,0,normal,1.2665942672339126,False,0.8846796059860255,False,0.5866011802659019,False,1.3742918102740704,False,0,NORMAL,0,22.377965817011024,16.21665298313706,11.069963847870046,24.03202849209127,22.069271994618898,NORMAL,Thrust,0,Telemetry remains within the expected prototype operating envelope.
33.2,steady,118.26394433313808,744.4719484586623,0.183120025459805,520.3212232482273,0,normal,1.3413788702549552,False,0.5659174903971735,False,1.6336177513733017,False,3.7525251989262376,False,0,NORMAL,0,23.530313153111283,10.70132162787999,27.871688601393263,52.7871950929349,44.36459717699814,NORMAL,Thrust,1,Telemetry remains within the expected prototype operating envelope.
33.3,steady,118.38587257753984,747.477521657025,0.2164877723957293,511.268866511697,0,normal,1.2717963431993948,False,0.0982318803451465,False,1.6738736695083456,False,2.205830965123968,False,0,NORMAL,0,22.45868296374004,1.945464369116745,28.450075407652754,35.67142119222792,30.932417619062676,NORMAL,Thrust,0,Telemetry remains within the expected prototype operating envelope.
33.4,steady,118.3509032582095,745.8954241981585,0.2008999251739372,513.4194683424905,0,normal,1.291752782499878,False,0.2513683331288155,False,0.1287687196567764,False,2.5732848279914937,False,0,NORMAL,0,22.767555870702417,4.90308596290514,2.5424944917276537,40.2294406964027,32.31286194206382,NORMAL,Thrust,0,Telemetry remains within the expected prototype operating envelope.
33.5,steady,117.75726184170186,748.982590000351,0.2141025301523478,511.6307917632251,0,normal,1.6305345809922398,False,0.4308107686878639,False,1.437442715034304,False,2.267669855912145,False,0,NORMAL,0,27.82719811095874,8.255454805113317,24.985483887028657,36.462123092358134,32.23427775088544,NORMAL,Thrust,0,Telemetry remains within the expected prototype operating envelope.
33.6,steady,117.79122855546228,747.4490836942359,0.1790106524743583,503.0869558023723,0,normal,1.6111503128858675,False,0.0919478693279263,False,2.0409486964523254,False,0.8078619628055568,False,0,NORMAL,0,27.54685164262092,1.8221517391171727,33.51472818290454,14.919506271249627,28.592356629528528,NORMAL,Vibration,0,Telemetry remains within the expected prototype operating envelope.
33.7,steady,118.6476786788216,750.1647566337393,0.2118683044661444,513.4975198655201,0,normal,1.122387728196927,False,0.6920372216337121,False,1.2159808853332634,False,2.586620785038141,False,0,NORMAL,0,20.106648396021075,12.92561601780755,21.588232722294364,40.38864780640794,34.565921256636614,NORMAL,Thrust,0,Telemetry remains within the expected prototype operating envelope.
33.8,steady,118.4330111943741,745.9924715352448,0.2042700391665593,499.6439790093304,0,normal,1.24489507764501,False,0.2299235292247817,False,0.4628225333408566,False,0.2195916915486501,False,0,NORMAL,0,22.040366737031302,4.494343113774435,8.840959459198295,4.296789285840196,17.797578506206715,NORMAL,Pressure,0,Telemetry remains within the expected prototype operating envelope.
33.9,steady,120.07149242644316,747.5901349628033,0.2068208688104683,502.5668573520571,0,normal,0.3098396668182389,False,0.1231163370639484,False,0.7156669096651178,False,0.7189974496710123,False,0,NORMAL,0,6.008697384293516,2.4322587724864175,13.336153272792096,13.393861532409534,11.783469955239585,NORMAL,Thrust,0,Telemetry remains within the expected prototype operating envelope.
34.0,steady,118.0078893669041,745.7561916611552,0.2102445563264247,498.8790097150101,0,normal,1.4875054031440833,False,0.2821349109942182,False,1.0550310599792032,False,0.0888883144063928,False,0,NORMAL,0,25.732821933217885,5.4864506308789585,19.023096341623493,1.7620572509871812,21.27672154530353,NORMAL,Pressure,0,Telemetry remains within the expected prototype operating envelope.
34.1,steady,118.34259017931282,750.3431376916137,0.1946419660182373,501.90780568382064,0,normal,1.2964969255824033,False,0.7314545505492617,False,0.4915352600950358,False,0.6063912582992554,False,0,NORMAL,0,22.8408014695597,13.609365246499793,9.362944188702492,11.421254653010616,19.854527941518906,NORMAL,Pressure,0,Telemetry remains within the expected prototype operating envelope.
34.2,steady,116.67882535405968,744.3578029064871,0.2067520014974674,515.1000066335598,0,normal,2.2459812844796185,False,0.591140531609899,False,0.7088406157781779,False,2.8604231898715065,False,0,NORMAL,0,36.185915313836425,11.150664145452438,13.217753890858553,43.56522491525089,37.427857543135424,NORMAL,Thrust,0,Telemetry remains within the expected prototype operating envelope.
34.3,steady,118.61654207696702,747.5702029771935,0.2166754925956192,507.0784779983858,0,normal,1.1401568960513078,False,0.1187119140714902,False,1.6924809477238707,False,1.489857220433258,False,0,NORMAL,0,20.390072152314033,2.346274986593111,28.715850436568513,25.767746285683536,25.42204787162096,NORMAL,Vibration,0,Telemetry remains within the expected prototype operating envelope.
34.4,steady,117.91525655664746,746.5514251595453,0.201746371145564,504.5920353702186,0,normal,1.5403694877336729,False,0.1064100849155563,False,0.2126704824809658,False,1.0650212812852795,False,0,NORMAL,0,26.5138988423409,2.1057152871999607,4.16422116788201,19.184730249645277,21.781283732890046,NORMAL,Pressure,0,Telemetry remains within the expected prototype operating envelope.
34.5,steady,118.56547519562297,745.9700706428195,0.2024828369965121,514.2005986434848,0,normal,1.1692999602379568,False,0.2348735130137235,False,0.2856707509276375,False,2.7067494900192925,False,0,NORMAL,0,20.852737940036935,4.588846617642506,5.5532639603924405,41.80378676183638,33.54234198218562,NORMAL,Thrust,0,Telemetry remains within the expected prototype operating envelope.
34.6,steady,117.76719402609912,745.6623118395446,0.2045173581042233,499.4689930532945,0,normal,1.6248664399234178,False,0.3028797807189136,False,0.4873373819494859,False,0.1896934255971036,False,0,NORMAL,0,27.74533459384154,5.877772531120451,9.286815572155326,3.7228028670093893,22.114830972858087,NORMAL,Pressure,0,Telemetry remains within the expected prototype operating envelope.
34.7,steady,116.92245238950704,747.4399814786897,0.2065002776499032,509.1515692394749,0,normal,2.106947175781851,False,0.0899365289517558,False,0.6838891418938705,False,1.8440675506336937,False,0,NORMAL,0,34.38654702050952,1.782649980451112,12.783602530717108,30.84456336884196,29.33352481712666,NORMAL,Pressure,0,Telemetry remains within the expected prototype operating envelope.
34.8,steady,119.5048637176369,746.5291110348771,0.2060821799242036,500.19318843178775,0,normal,0.6332057388421591,False,0.1113408954062394,False,0.6424462886051243,False,0.3134301329168208,False,0,NORMAL,0,11.895021744402456,2.2022073341881665,12.057699062502126,6.076167673536248,10.657725274406419,NORMAL,Vibration,0,Telemetry remains within the expected prototype operating envelope.
34.9,steady,119.99916583869148,747.7795962639057,0.2037978827754613,506.4660178866656,0,normal,0.3511153103228274,False,0.1649820963060472,False,0.4160212549725583,False,1.3852117064745837,False,0,NORMAL,0,6.7814138589820105,3.245797590191357,7.983681622048167,24.197759921901184,19.42180108613401,NORMAL,Thrust,0,Telemetry remains within the expected prototype operating envelope.
35.0,steady,117.998951052995,748.9577132152822,0.2087744708144651,503.8761277498549,0,normal,1.492606357992261,False,0.425313680425777,False,0.9093126442855762,False,0.9427006281582104,False,0,NORMAL,0,25.808550002507637,8.154533765592308,16.62840555780961,17.183272796296478,22.705849187322993,NORMAL,Pressure,0,Telemetry remains within the expected prototype operating envelope.
35.1,steady,120.56540140476308,745.4054839161614,0.1826896031309411,510.5271643691816,0,normal,0.0279735986602476,False,0.3596317186843292,False,1.6762822490035127,False,2.079103035545368,False,0,NORMAL,0,0.5579098433449059,6.940056223603685,28.48453384364896,34.02013769493145,28.23832029218923,NORMAL,Thrust,0,Telemetry remains within the expected prototype operating envelope.
35.2,steady,117.78892621826384,743.3671244339627,0.2197715682022749,506.3423571108725,0,normal,1.6124642204319637,False,0.8100533448108853,False,1.9993714167471133,False,1.3640829093631244,False,0,NORMAL,0,27.565888488918798,14.95678687364107,32.95956782760406,23.87676013539959,30.117631878929448,NORMAL,Vibration,0,Telemetry remains within the expected prototype operating envelope.
35.3,steady,119.75159301629049,747.0240354054098,0.2055906918045456,511.5839796057863,0,normal,0.4924012174353424,False,0.0019761627710932,False,0.5937288027540193,False,2.2596714864167997,False,0,NORMAL,0,9.378640394195536,0.03951544601215051,11.196645477643429,36.36040187036649,28.619591494707258,NORMAL,Thrust,0,Telemetry remains within the expected prototype operating envelope.
35.4,steady,118.3857262625318,740.6172166721944,0.1971757515891933,505.2002746259394,0,normal,1.2718798428680351,False,1.4177076553339696,False,0.2403803333214794,False,1.168945615795785,False,0,NORMAL,0,22.459977887783133,24.688815604773374,4.693871187289433,20.847128662792848,22.408087060583586,NORMAL,Temperature,0,Telemetry remains within the expected prototype operating envelope.
35.5,steady,118.23556553433464,749.8087498516707,0.2148058640476865,513.6595601038305,0,normal,1.3575742033808746,False,0.6133694718614864,False,1.5071588642641334,False,2.61430713341494,False,0,NORMAL,0,23.77760285350329,11.544792705887685,26.024170376893828,40.71781974125924,35.39721657860361,NORMAL,Thrust,0,Telemetry remains within the expected prototype operating envelope.
35.6,steady,117.0030877910454,745.5972637247852,0.1972427812798119,509.1404753923275,0,normal,2.0609298232257776,False,0.3172536327711502,False,0.2337361889897945,False,1.8421720454174344,False,0,NORMAL,0,33.77988813950312,6.147963770644571,4.56714146977898,30.818341500613798,28.54684409272432,NORMAL,Pressure,0,Telemetry remains within the expected prototype operating envelope.
35.7,steady,120.86894433910815,746.9829961371046,0.2056525553059325,507.7354864069263,0,normal,0.1452535690499254,False,0.0110447172270218,False,0.5998608619696381,False,1.602114298520834,False,0,NORMAL,0,2.863279851422318,0.2206505525238156,11.305488206690395,27.41579571809828,21.478223470528178,NORMAL,Thrust,0,Telemetry remains within the expected prototype operating envelope.
35.8,steady,119.55781452844926,749.324228618678,0.2064098250334563,508.3933906029682,0,normal,0.6029875458054035,False,0.5063035477380498,False,0.674923260755151,False,1.7145244317081338,False,0,NORMAL,0,11.360934807753475,9.6302600368955,12.627067854920526,29.02942889433573,24.350801795784932,NORMAL,Thrust,0,Telemetry remains within the expected prototype operating envelope.
35.9,steady,117.6938982311366,745.7305533443401,0.2200966999432213,506.1097929811139,0,normal,1.666695194705068,False,0.2878002769180566,False,2.0315992577788022,False,1.324346782191368,False,0,NORMAL,0,28.347277766109656,5.593480751335678,33.39029188389804,23.26938129587407,29.63122749804025,NORMAL,Vibration,0,Telemetry remains within the expected prototype operating envelope.
36.0,steady,119.01275885623288,747.8332228183468,0.2215880721081434,510.6590528505397,0,normal,0.9140422259155676,False,0.1768320963015824,False,2.17942765776918,False,2.101637626211498,False,0,NORMAL,0,16.707230823186812,3.474833535015698,35.33082525017246,34.31683443660316,30.825137266547685,NORMAL,Vibration,0,Telemetry remains within the expected prototype operating envelope.
36.1,steady,117.9869878080761,748.5186917423342,0.2068127093848822,506.40793213378345,0,normal,1.4994335932840197,False,0.3283019572843862,False,0.714858127754335,False,1.3752871197991203,False,0,NORMAL,0,25.90978536816645,6.355116367943414,13.32213370863531,24.04714931617943,22.934351655889095,NORMAL,Pressure,0,Telemetry remains within the expected prototype operating envelope.
36.2,steady,118.41098682040442,745.9636803771026,0.1999194752973333,510.18841389179767,0,normal,1.2574640406867297,False,0.2362855867429646,False,0.0315841671097009,False,2.021223808586364,False,0,NORMAL,0,22.236094973709942,4.615788329728621,0.6296924172894625,33.251927245564,26.92793421916715,NORMAL,Thrust,0,Telemetry remains within the expected prototype operating envelope.
36.3,steady,117.84049475844245,746.802975249947,0.1975639303006708,506.6837990895289,0,normal,1.583034867456371,False,0.0508244035082521,False,0.2019031247629814,False,1.4224220087751875,False,0,NORMAL,0,27.138293532047697,1.0113392905256924,3.9576191693883156,24.75979084754043,22.61575704428744,NORMAL,Pressure,0,Telemetry remains within the expected prototype operating envelope.
36.4,steady,120.38664221836169,744.9182069815475,0.1748654244769557,503.4457917077704,0,normal,0.1299886484564174,False,0.4673065774025734,False,2.451833676649977,False,0.8691730049920366,False,0,NORMAL,0,2.5662698347292956,8.92267504297548,38.759823636592195,15.956410657909114,30.98683854135296,NORMAL,Vibration,0,Telemetry remains within the expected prototype operating envelope.
36.5,steady,118.78472072931072,746.95720515666,0.2049632342267617,512.0129626229368,0,normal,1.044179990254866,False,0.0167438176323589,False,0.5315336968191586,False,2.3329679304630533,False,0,NORMAL,0,18.847168304401297,0.33431626716174945,10.085119855976766,37.286508502199766,30.059627907782062,NORMAL,Thrust,0,Telemetry remains within the expected prototype operating envelope.
36.6,steady,117.08234530667484,750.749112824148,0.2158091032716241,508.6920501408072,0,normal,2.015698808437524,False,0.821163937416488,False,1.606602351792297,False,1.7655536828181262,False,0,NORMAL,0,33.178129857634495,15.14555316441497,27.48091884121798,29.750060329928672,30.801817349367084,NORMAL,Pressure,0,Telemetry remains within the expected prototype operating envelope.
36.7,steady,117.37419544755996,743.5333587057962,0.1836217313569621,498.6100543054959,0,normal,1.8491445336347696,False,0.7733201229767914,False,1.5838874548135908,False,0.0429343387564011,False,0,NORMAL,0,30.91474792547334,14.329703973932972,27.150716666788842,0.8550105900692606,26.503976827730806,NORMAL,Pressure,0,Telemetry remains within the expected prototype operating envelope.
36.8,steady,118.750644261668,748.3459874158215,0.2079479556774803,502.7644644431557,0,normal,1.0636268931717532,False,0.2901390305453515,False,0.8273864737816021,False,0.7527607841546416,False,0,NORMAL,0,19.16218953643485,5.637629143176204,15.251089456687328,13.976713818260079,17.182840119706515,NORMAL,Pressure,0,Telemetry remains within the expected prototype operating envelope.
36.9,steady,118.17977345948916,749.4425981553777,0.1905895020581401,510.98878928427246,0,normal,1.3894138610128663,False,0.5324599738590217,False,0.893225245552913,False,2.1579767051467003,False,0,NORMAL,0,24.261439704355524,10.101775530956091,16.359727139354685,35.0527861755915,30.289687262282037,NORMAL,Thrust,0,Telemetry remains within the expected prototype operating envelope.
37.0,steady,119.81197739714597,742.9094274854206,0.2029568729591043,508.1972723636083,0,normal,0.4579408031545869,False,0.9111918366401645,False,0.3326583369481704,False,1.6810154838407405,False,0,NORMAL,0,8.751913228312702,16.659733922811558,6.436671367664437,28.55220170896825,23.843976630758096,NORMAL,Thrust,0,Telemetry remains within the expected prototype operating envelope.
37.1,steady,118.09963148125642,745.2849814901551,0.1978879022274631,500.1637313870767,0,normal,1.4351496246665318,False,0.386259454933971,False,0.1697902473029079,False,0.3083970743967632,False,0,NORMAL,0,24.951072984032418,7.434334033143375,3.338794631596609,5.9815752436946035,19.867452917711933,NORMAL,Pressure,0,Telemetry remains within the expected prototype operating envelope.
37.2,steady,117.266117607962,744.2764631778433,0.2116107820930909,503.7930047702306,0,normal,1.9108228530006368,False,0.6091143841930126,False,1.190454647640464,False,0.9284981572411556,False,0,NORMAL,0,31.76172561734355,11.469483733450891,21.186897654657045,16.947697948285256,27.76462958472527,NORMAL,Pressure,0,Telemetry remains within the expected prototype operating envelope.
37.3,steady,118.46812158052045,748.1418984772843,0.1911341001114848,510.9156178932184,0,normal,1.2248581337363529,False,0.2450409640005761,False,0.8392433751939297,False,2.145474572065055,False,0,NORMAL,0,21.727325356939808,4.7826671299208146,15.451823249962537,34.89018723484476,29.403171962670037,NORMAL,Thrust,0,Telemetry remains within the expected prototype operating envelope.
37.4,steady,118.6914021850888,754.0351641399138,0.2046495814061648,501.3524698241523,0,normal,1.0974354124088268,False,1.5472912913540595,False,0.5004436740120548,False,0.5115060480747784,False,0,NORMAL,0,19.706947050420254,26.615559730642968,9.524286897136536,9.724240855410171,23.037579346608798,NORMAL,Temperature,0,Telemetry remains within the expected prototype operating envelope.
37.5,steady,116.87493346085424,745.3616036849218,0.1884034680666363,501.7734327851161,0,normal,2.134065479296008,False,0.3693280481504422,False,1.1099101984368676,False,0.5834321777355245,False,0,NORMAL,0,34.7414488235452,7.120349323961173,19.907025084583253,11.013582080442541,28.950402200150943,NORMAL,Pressure,0,Telemetry remains within the expected prototype operating envelope.
37.6,steady,117.43945570627722,749.8004067278614,0.1939339901492512,512.2201575868661,0,normal,1.811901532719544,False,0.6115258699718501,False,0.5617115329299792,False,2.368369457966832,False,0,NORMAL,0,30.398238255278287,11.512171454734133,10.626172736385197,37.72897094796682,32.422067038185325,NORMAL,Thrust,0,Telemetry remains within the expected prototype operating envelope.
37.7,steady,118.34129833509292,744.7593344374526,0.190023982287098,507.3616054960125,0,normal,1.297234160714626,False,0.5024130590036101,False,0.9492809269464612,False,1.5382326524622374,False,0,NORMAL,0,22.852177525242457,9.559916182194995,17.292192869845845,26.482486591955755,23.879958937079657,NORMAL,Thrust,0,Telemetry remains within the expected prototype operating envelope.
37.8,steady,117.45505382487148,748.8632916003147,0.2053604963163651,501.94297297826745,0,normal,1.8029999323198425,False,0.4044490892059454,False,0.5709112716889262,False,0.6123999754899738,False,0,NORMAL,0,30.274214472988128,7.770469366565558,10.790464718246762,11.527639642455545,24.959983374964683,NORMAL,Pressure,0,Telemetry remains within the expected prototype operating envelope.
37.9,steady,117.75865655308,745.9837111160044,0.184384673873806,507.1636924399834,0,normal,1.629738641194367,False,0.2318593419772751,False,1.5082627554914363,False,1.504417040521193,False,0,NORMAL,0,27.81570815538221,4.531312170502622,26.040500827994006,25.98359351523749,25.462682834546115,NORMAL,Pressure,0,Telemetry remains within the expected prototype operating envelope.
38.0,steady,118.23754984325538,744.9591568435909,0.2079923940147601,508.2662565112319,0,normal,1.3564417895596028,False,0.4582577792821686,False,0.8317913087737102,False,1.6928021805495248,False,0,NORMAL,0,23.760337839259183,8.757697737994441,15.325717572747877,28.720430051212396,25.367645563394273,NORMAL,Thrust,0,Telemetry remains within the expected prototype operating envelope.
38.1,steady,117.73675416041654,746.7742126743512,0.2027534191598986,496.4524207794888,0,normal,1.6422379914274865,False,0.0571801450663978,False,0.3124915064842852,False,0.325720966205957,False,0,NORMAL,0,27.995934139773393,1.1370886195010255,6.0585341401246495,6.3067645676215704,21.82846031921701,NORMAL,Pressure,0,Telemetry remains within the expected prototype operating envelope.
38.2,steady,119.86994552883483,750.821865945314,0.2058626100770314,511.80847313857953,0,normal,0.4248593041845033,False,0.8372403848868912,False,0.6206819966617427,False,2.2980286637578136,False,0,NORMAL,0,8.146186906791497,15.41794662925967,11.674064332058641,36.84674109552595,30.257813871409997,NORMAL,Thrust,0,Telemetry remains within the expected prototype operating envelope.
38.3,steady,118.6116167819521,751.5490960369318,0.2104507424146632,508.8004487364837,0,normal,1.14296768427609,False,0.9979383203076432,False,1.075468721510967,False,1.7840747693997552,False,0,NORMAL,0,20.4348129050117,18.09315851983446,19.35341649433426,30.009800009819898,27.196848950170462,NORMAL,Thrust,0,Telemetry remains within the expected prototype operating envelope.
38.4,steady,118.39510094021588,751.5901527521316,0.1937679702845356,500.314867666567,0,normal,1.2665298620921277,False,1.0070107300495077,False,0.5781678216718354,False,0.3342203620564977,False,0,NORMAL,0,22.376965958948002,18.241642253882638,10.919841502972227,6.465896456103026,19.62040816335797,NORMAL,Pressure,0,Telemetry remains within the expected prototype operating envelope.
38.5,steady,119.530498696352,750.4351911311915,0.2030157076256468,494.9061436237711,0,normal,0.6185762605882534,False,0.7517958398592427,False,0.3384901707610261,False,0.58991934351444,False,0,NORMAL,0,11.636858276203032,13.960110680346782,6.545736906802313,11.12896114496873,12.860342805453485,NORMAL,Temperature,0,Telemetry remains within the expected prototype operating envelope.
38.6,steady,120.29969665132911,740.838697927876,0.1921727257713558,492.6555332574432,0,normal,0.1796071129892976,False,1.3687663629800777,False,0.7362922989307479,False,0.9744607593523196,False,0,NORMAL,0,3.5283904610495576,23.948030683573542,13.69291205283023,17.707659597973567,20.717956813922655,NORMAL,Temperature,0,Telemetry remains within the expected prototype operating envelope.
38.7,steady,117.87090413653496,744.7433463269963,0.1988189573798512,502.3689870481133,0,normal,1.56568071473936,False,0.5059459935881673,False,0.0775018187552837,False,0.6851891423916938,False,0,NORMAL,0,26.884963517333095,9.62379739071414,1.5380851404587892,12.806275855081772,21.924874452830444,NORMAL,Pressure,0,Telemetry remains within the expected prototype operating envelope.
38.8,steady,118.69294097230296,746.7367191345863,0.2041392744452067,504.3171267884061,0,normal,1.0965572508024877,False,0.0654651906128951,False,0.4498608192983021,False,1.0180501409858391,False,0,NORMAL,0,19.692843756688184,1.3007697162449094,8.604337405795448,18.421955946666646,17.002090289069397,NORMAL,Pressure,0,Telemetry remains within the expected prototype operating envelope.
38.9,steady,118.27059021127006,746.6644786548179,0.2090540278192291,509.8289844327232,0,normal,1.337586172367807,False,0.0814283583728612,False,0.9370230077296496,False,1.959811351257352,False,0,NORMAL,0,23.472285863948894,1.61537770915694,17.089178995078512,32.42703914121239,27.605415091360268,NORMAL,Thrust,0,Telemetry remains within the expected prototype operating envelope.
39.0,steady,118.49594830397464,747.6595998584855,0.2124631631239907,511.105484683203,0,normal,1.20897786130957,False,0.1384661767488296,False,1.2749447078305358,False,2.1779153913795044,False,0,NORMAL,0,21.478331878438162,2.731329306375563,22.507493262867186,35.31126288808688,30.12980739413615,NORMAL,Thrust,0,Telemetry remains within the expected prototype operating envelope.
39.1,steady,116.66693916324496,744.8628221213752,0.1937996907519955,503.6935142419607,0,normal,2.252764546208768,False,0.4795451148143913,False,0.5750236125590235,False,0.9114991114819456,False,0,NORMAL,0,36.272430142980696,9.145333080706909,10.863806557036582,16.66485543885322,29.959891799650475,NORMAL,Pressure,0,Telemetry remains within the expected prototype operating envelope.
39.2,steady,117.5928595561248,743.0352116637845,0.2108922800711596,502.4964317039537,0,normal,1.724356373803991,False,0.8833969777575921,False,1.1192349971801756,False,0.7069644568268633,False,0,NORMAL,0,29.16884748298686,16.195157649011406,20.056256060816057,13.185184323101517,25.837727346584096,NORMAL,Pressure,0,Telemetry remains within the expected prototype operating envelope.
39.3,steady,118.30076176087134,749.9982096302004,0.2107690813816427,504.96414072598986,0,normal,1.3203677446217186,False,0.655234894656741,False,1.1070232464310612,False,1.128599554312883,False,0,NORMAL,0,23.208294189395584,12.282343539455354,19.860766816411758,20.2058434865939,21.696650425894582,NORMAL,Pressure,0,Telemetry remains within the expected prototype operating envelope.
39.4,steady,118.73831602198528,747.3097343670712,0.2023846404130295,507.6128342310667,0,normal,1.0706624252215993,False,0.0611554840350872,False,0.2759372691300131,False,1.58115783174795,False,0,NORMAL,0,19.275856947879745,1.2156600973700749,5.369225768055275,27.110935592222628,22.257129995428386,NORMAL,Thrust,0,Telemetry remains within the expected prototype operating envelope.
39.5,steady,119.41594167539674,745.9623027379265,0.1939714101970138,500.77940298217976,0,normal,0.6839521466197007,False,0.2365900072749331,False,0.5580023676938163,False,0.4135913054436839,False,0,NORMAL,0,12.784701532834951,4.6215955354351745,10.559847679745605,7.938951751897605,11.451751940085135,NORMAL,Pressure,0,Telemetry remains within the expected prototype operating envelope.
39.6,steady,117.70380235211056,744.8020603419496,0.1984017990830927,505.5016172958659,0,normal,1.661043068989544,False,0.4929718041369617,False,0.1188515535853841,False,1.2204333093919768,False,0,NORMAL,0,28.266233928959185,9.388981272682283,2.3490022122482412,21.658026130520103,23.76849836395933,NORMAL,Pressure,0,Telemetry remains within the expected prototype operating envelope.
39.7,steady,118.96898606285598,745.9765423296718,0.2058611971439513,500.7608489640338,0,normal,0.9390226690802348,False,0.2334434474432092,False,0.6205419433327076,False,0.4104211483547134,False,0,NORMAL,0,17.122331078204468,4.561553873688185,11.671590229142081,7.880563646962758,14.737668598282683,NORMAL,Pressure,0,Telemetry remains within the expected prototype operating envelope.
39.8,steady,119.00910325214168,743.1052617729835,0.204238572420325,509.1197652773473,0,normal,0.9161284215450376,False,0.8679178219112889,False,0.4597034736868477,False,1.8386334955841075,False,0,NORMAL,0,16.741976576243555,15.935309991222447,8.78407562154485,30.76936362236128,26.320274863029894,NORMAL,Thrust,0,Telemetry remains within the expected prototype operating envelope.
39.9,steady,117.04272676887116,746.5808374688154,0.2160378995812366,502.0031533758792,0,normal,2.038308483432453,False,0.0999107700080121,False,1.6292811929087172,False,0.6226824551450689,False,0,NORMAL,0,33.47961185620595,1.978383391320393,27.809103737157802,11.709395737147366,28.322190994694125,NORMAL,Pressure,0,Telemetry remains within the expected prototype operating envelope.
40.0,steady,117.04875179820144,749.1078160589353,0.2124110602327265,507.9374063020668,0,normal,2.034870094169642,False,0.4584822983829686,False,1.2697801437923826,False,1.636614522782148,False,0,NORMAL,0,33.43385152615621,8.761794773939236,22.427408907204892,27.914906061088306,29.829075102985545,NORMAL,Pressure,0,Telemetry remains within the expected prototype operating envelope.
40.1,steady,118.71501225476196,747.9434744878936,0.2125942507019294,496.3048053110654,0,normal,1.0839615178253643,False,0.2011946960854292,False,1.2879384241952931,False,0.3509426847567882,False,0,NORMAL,0,19.490283224734817,3.944010369956541,22.70861494845169,6.778195421184274,19.391196313372237,NORMAL,Vibration,0,Telemetry remains within the expected prototype operating envelope.
40.2,steady,117.1734315939334,744.3435339639964,0.1819220173071135,509.9017973713644,0,normal,1.9637173001442076,False,0.5942935771526059,False,1.7523672040942884,False,1.972252238820709,False,0,NORMAL,0,32.47980583437789,11.206675683380995,29.56454594234025,32.59496366324065,30.448250604398652,NORMAL,Thrust,0,Telemetry remains within the expected prototype operating envelope.
40.3,steady,119.23515307149827,750.5616249621883,0.1805197484877861,502.7222163360401,0,normal,0.7871253529905818,False,0.7797342541832756,False,1.89136346592166,False,0.745542232614239,False,0,NORMAL,0,14.565917354264146,14.439533616539368,31.495633154626447,13.852431420962308,26.978094160816514,NORMAL,Vibration,0,Telemetry remains within the expected prototype operating envelope.
40.4,steady,117.81424928497016,748.0778358087443,0.1907304780173446,503.18952371583134,0,normal,1.5980127454446236,False,0.230884868576902,False,0.8792513690273309,False,0.8253868135088042,False,0,NORMAL,0,27.356229696847368,4.512704017874869,16.125644418310316,15.217188872258713,23.312578915913775,NORMAL,Pressure,0,Telemetry remains within the expected prototype operating envelope.
40.5,steady,118.12791938453717,748.3011905024728,0.2048645281035609,511.0569922899979,0,normal,1.419006164182581,False,0.2802401394360125,False,0.5217497082177704,False,2.169629935211949,False,0,NORMAL,0,24.708371513178772,5.450627526605811,9.909002366537988,35.20397888377001,29.46888454983361,NORMAL,Thrust,0,Telemetry remains within the expected prototype operating envelope.
40.6,steady,120.30534174859989,747.6598248077714,0.2049687620607744,514.2238711277462,0,normal,0.1763855449637588,False,0.1385158843808902,False,0.5320816290367055,False,2.710725848691513,False,0,NORMAL,0,3.4662124616025247,2.7322963006276346,10.094972768027667,41.85005016684891,32.290091631948634,NORMAL,Thrust,0,Telemetry remains within the expected prototype operating envelope.
40.7,steady,119.49044052289996,744.610173902293,0.2173541111220302,508.0592176002644,0,normal,0.6414368287174753,False,0.5353734525883638,False,1.7597472500746385,False,1.6574273164023885,False,0,NORMAL,0,12.039942425056315,10.154143585112408,29.668432632543016,28.214340857918486,26.291206417458106,NORMAL,Vibration,0,Telemetry remains within the expected prototype operating envelope.
40.8,steady,119.54571647850696,748.6076398199616,0.1906666225923363,502.17419954066537,0,normal,0.6098917121990037,False,0.3479570466420977,False,0.8855808725085609,False,0.6519075646374013,False,0,NORMAL,0,11.483246113570589,6.722513483653126,16.231753847268294,12.223950994169918,14.63351813910731,NORMAL,Vibration,0,Telemetry remains within the expected prototype operating envelope.
40.9,steady,118.62203152653004,748.0441524291557,0.193649862800988,510.189493416418,0,normal,1.1370241537190222,False,0.2234417640900591,False,0.5898749198264018,False,2.0214082571840137,False,0,NORMAL,0,20.34017704488702,4.370453781574235,11.128171545599908,33.25438951783052,27.66100747695536,NORMAL,Thrust,0,Telemetry remains within the expected prototype operating envelope.
41.0,steady,116.5859708841103,744.019077442849,0.2038959623997908,506.6152085341744,0,normal,2.2989718667617147,False,0.6659895832490909,False,0.4257431434973086,False,1.4107025616137685,False,0,NORMAL,0,36.85865324063449,12.470815986400119,8.162422274012204,24.58322927685841,31.139697674479127,NORMAL,Pressure,0,Telemetry remains within the expected prototype operating envelope.
41.1,steady,118.814433275098,743.9903356842892,0.2098217311613677,508.1015654672765,0,normal,1.0272235087498889,False,0.6723407248123472,False,1.0131196115183785,False,1.6646629130130606,False,0,NORMAL,0,18.571487813556487,12.58192745071387,18.341471680163266,28.318148143435117,25.215436863421342,NORMAL,Thrust,0,Telemetry remains within the expected prototype operating envelope.
41.2,steady,117.93373850070982,744.6476544364408,0.2055191637045995,509.5429608841434,0,normal,1.52982213359872,False,0.5270912809270978,False,0.5866387652582911,False,1.9109410972234155,False,0,NORMAL,0,26.358718439037045,10.005196497457703,11.070632332303932,31.76333935460559,27.57598566004151,NORMAL,Thrust,0,Telemetry remains within the expected prototype operating envelope.
41.3,steady,117.95325919783772,749.2846759026621,0.1943385672253598,508.4577780651664,0,normal,1.5186819794637192,False,0.4975634806295753,False,0.5216088789844129,False,1.725525734397542,False,0,NORMAL,0,26.19446047562608,9.472154373372298,9.906464841576557,29.185410977751403,25.511885069016966,NORMAL,Thrust,0,Telemetry remains within the expected prototype operating envelope.
41.4,steady,117.93992045701071,744.6623050882993,0.1935722403304131,502.7042370122276,0,normal,1.526294188587507,False,0.5238538880670398,False,0.5975690460132003,False,0.7424702683426354,False,0,NORMAL,0,26.306739624973297,9.94690792233206,11.264824588574186,13.799486707648933,22.464702155041387,NORMAL,Pressure,0,Telemetry remains within the expected prototype operating envelope.
41.5,steady,118.59997893433642,746.3244263501048,0.2001620156183698,503.40073959752425,0,normal,1.1496092204563195,False,0.1565706055547745,False,0.0556253477320102,False,0.8614753588246951,False,0,NORMAL,0,20.54042975742346,3.0828911842958107,1.1063414809750483,15.826923446132756,16.899980605847617,NORMAL,Pressure,0,Telemetry remains within the expected prototype operating envelope.
41.6,steady,118.6927989205428,745.0206345517413,0.2017842499039539,506.837793241096,0,normal,1.0966383175027703,False,0.4446728893167522,False,0.2164251162190128,False,1.4487335951609626,False,0,NORMAL,0,19.694145793366115,8.509457331558256,4.236159803881579,25.154688749781585,21.39006220923444,NORMAL,Thrust,0,Telemetry remains within the expected prototype operating envelope.
41.7,steady,118.31683829062028,744.754958179124,0.2183308449238626,506.4810807576732,0,normal,1.3111931225175129,False,0.5033800922526291,False,1.856563456342604,False,1.3877853628615409,False,0,NORMAL,0,23.067257857152356,9.57740620441635,31.017179542533867,24.23676766565158,27.852295188750503,NORMAL,Vibration,0,Telemetry remains within the expected prototype operating envelope.
41.8,steady,118.93990895389295,743.3372714785289,0.2022306896708118,503.9895666421504,0,normal,0.9556165168063636,False,0.8166500304537161,False,0.260677300870806,False,0.9620829045873236,False,0,NORMAL,0,17.396927049389642,15.0689135595369,5.079972070130701,17.503686699898978,16.194227550593006,NORMAL,Thrust,0,Telemetry remains within the expected prototype operating envelope.
41.9,steady,117.52879483431764,743.2075737990251,0.2012488223254042,498.6758159340869,0,normal,1.7609171006505524,False,0.8453096659189627,False,0.1633522454028534,False,0.0541704328153901,False,0,NORMAL,0,29.68488619256524,15.554339811947738,3.2142534644113985,1.0775609220639804,23.62914205937889,NORMAL,Pressure,0,Telemetry remains within the expected prototype operating envelope.
42.0,steady,118.0095945297461,747.6386304307714,0.2188274026914569,497.4561950554166,0,normal,1.486532293589609,False,0.1338325074611357,False,1.905783457904115,False,0.1542151440423926,False,0,NORMAL,0,25.718366506480006,2.6411453541594576,31.692915021726854,3.037223524357513,26.120739174710792,NORMAL,Vibration,0,Telemetry remains within the expected prototype operating envelope.
42.1,steady,119.61465657075271,746.2868917855444,0.2091987885517722,508.6679622282382,0,normal,0.5705486882963827,False,0.1648647164576231,False,0.9513720401017268,False,1.761437999294022,False,0,NORMAL,0,10.783995304489459,3.2435261648068536,17.326775914342452,29.69221122047845,24.64150679617125,NORMAL,Thrust,0,Telemetry remains within the expected prototype operating envelope.
42.2,steady,117.43785468656914,743.1046813172385,0.204917109661188,514.2871698501339,0,normal,1.812815209429155,False,0.8680460867354406,False,0.5269617188183726,False,2.721541128267162,False,0,NORMAL,0,30.410955795001716,15.937466472098528,10.002864483940554,41.97569582152237,35.887813259088816,NORMAL,Thrust,0,Telemetry remains within the expected prototype operating envelope.
42.3,steady,118.1873994499832,745.0121582444531,0.2233299741640611,504.19340564092727,0,normal,1.3850618284507543,False,0.4465459211080779,False,2.3520891837939164,False,0.996911028711058,False,0,NORMAL,0,24.19548766985635,8.54372385193406,37.52588260880992,18.076328348953275,32.121698162687395,NORMAL,Vibration,0,Telemetry remains within the expected prototype operating envelope.
42.4,steady,118.15800469683798,744.992261954728,0.1959643415145807,499.651074177428,0,normal,1.4018369507044603,False,0.4509424562875394,False,0.360458216813128,False,0.2208039786804748,False,0,NORMAL,0,24.44938750396276,8.624106653266972,6.955437726169822,4.319990427246633,19.772632579757335,NORMAL,Pressure,0,Telemetry remains within the expected prototype operating envelope.
42.5,steady,118.69394828678274,746.4255843326368,0.1971750119267837,505.2740402835636,0,normal,1.0959823923077512,False,0.1342174615751715,False,0.2404536504405163,False,1.1815492858256582,False,0,NORMAL,0,19.683610175707187,2.6486408039420817,4.695268691201537,21.046400735781457,17.88662851383827,NORMAL,Thrust,0,Telemetry remains within the expected prototype operating envelope.
42.6,steady,118.34055105916104,748.0881564509582,0.1913185351132528,504.16371836131503,0,normal,1.297660619309208,False,0.2331654478806177,False,0.8209617337265149,False,0.9918386320380213,False,0,NORMAL,0,22.8587573150272,4.556247356913112,15.142121518574136,17.99317630616506,20.15634372322714,NORMAL,Pressure,0,Telemetry remains within the expected prototype operating envelope.
42.7,steady,120.20028011786616,746.6785106101764,0.1883202094898825,501.0466029336657,0,normal,0.2363425614770353,False,0.0783276804966009,False,1.118162989039025,False,0.4592453418746424,False,0,NORMAL,0,4.616875221554961,1.5543469831103218,20.039114154388027,8.775717455289023,16.08670390910717,NORMAL,Vibration,0,Telemetry remains within the expected prototype operating envelope.
42.8,steady,116.79573670912296,748.8714572605073,0.1937124713322106,510.2677372805557,0,normal,2.1792618170854365,False,0.4062534764960558,False,0.5836690114595484,False,2.0347770778143226,False,0,NORMAL,0,35.32868025856845,7.803746920214483,11.017796977567462,33.43261316653374,30.62714043382185,NORMAL,Pressure,0,Telemetry remains within the expected prototype operating envelope.
42.9,steady,119.92011923923911,746.3148326288035,0.210736707877774,503.3821067778992,0,normal,0.3962259585736208,False,0.1586905552431662,False,1.103814306776993,False,0.8582917376404734,False,0,NORMAL,0,7.6186614714564005,3.123974353181991,19.80931791589412,15.77331134194937,16.929517340048342,NORMAL,Vibration,0,Telemetry remains within the expected prototype operating envelope.
43.0,steady,118.6406311330466,747.497460636332,0.2078654835255778,513.1029503693136,0,normal,1.1264096514762374,False,0.1026378487531635,False,0.819211635504297,False,2.519204267728998,False,0,NORMAL,0,20.17088754220122,2.0318313477606154,15.112414395384777,39.57944676271802,32.45491614997237,NORMAL,Thrust,0,Telemetry remains within the expected prototype operating envelope.
43.1,steady,117.2970170649304,744.9855727485003,0.2066716168136222,498.2076028360865,0,normal,1.893189019994552,False,0.4524205876833306,False,0.7008726923610288,False,0.0258288999490346,False,0,NORMAL,0,31.520640274344814,8.651115776121877,13.079348781824574,0.5152460293765038,25.19297187872006,NORMAL,Pressure,0,Telemetry remains within the expected prototype operating envelope.
43.2,steady,116.97046763767833,748.295100651967,0.2006026273965296,507.1249346166616,0,normal,2.0795456305422686,False,0.2788944492417034,False,0.0992998481111158,False,1.4977948421709466,False,0,NORMAL,0,34.025977907833216,5.425177269260162,1.9664059492160435,25.885498303999366,28.005903340243613,NORMAL,Pressure,0,Telemetry remains within the expected prototype operating envelope.
43.3,steady,119.34782345398982,744.6061659869601,0.1959600649371232,501.1496326284628,0,normal,0.7228261417902183,False,0.5362590921222004,False,0.3608821214680802,False,0.4768490929740676,False,0,NORMAL,0,13.460153795868779,10.170056384248893,6.9633257963993,9.096330637466487,12.221963296038258,NORMAL,Pressure,0,Telemetry remains within the expected prototype operating envelope.
43.4,steady,120.52509384166706,749.1362284181546,0.1976521530936539,512.2683039440486,0,normal,0.0509764895280193,False,0.4647606517123953,False,0.1931582690950775,False,2.376595790092288,False,0,NORMAL,0,1.0143502030155682,8.876288013904643,3.789496840020501,37.831339146750075,29.09762443821049,NORMAL,Thrust,0,Telemetry remains within the expected prototype operating envelope.
43.5,steady,118.53384244112937,742.9644456015114,0.1883204519300714,509.6715710836818,0,normal,1.1873522745822869,False,0.899034339627252,False,1.1181389577837415,False,1.9329155575572057,False,0,NORMAL,0,21.13798095137066,16.456845554119703,20.038729841372383,32.06257407933422,28.689084563859478,NORMAL,Thrust,0,Telemetry remains within the expected prototype operating envelope.
43.6,steady,118.86281678271556,745.7188171683827,0.2092055922829086,507.4750054289849,0,normal,0.9996118036494,False,0.2903936504154407,False,0.9520464423143438,False,1.5576082722645592,False,0,NORMAL,0,18.12056787962648,5.642434327747392,17.337926163399786,26.766824790977417,23.33686451578854,NORMAL,Thrust,0,Telemetry remains within the expected prototype operating envelope.
43.7,steady,117.5667537803602,746.1008958681338,0.1937532865695914,507.7360412492096,0,normal,1.739254528512597,False,0.2059647208016248,False,0.5796233068533158,False,1.602209099398132,False,0,NORMAL,0,29.379584062134988,4.03560456128883,10.94576869925541,27.417171914300553,25.377315948623473,NORMAL,Pressure,0,Telemetry remains within the expected prototype operating envelope.
43.8,steady,119.38238779739672,747.267307403229,0.204199594257875,498.7663448928421,0,normal,0.7031008158653783,False,0.0517802868668181,False,0.455839864371162,False,0.0696382963313826,False,0,NORMAL,0,13.118074141893754,1.0302618043882328,8.713563843023465,1.383111813698712,10.648186707493803,NORMAL,Pressure,0,Telemetry remains within the expected prototype operating envelope.
43.9,steady,117.90129694718878,746.6839043549851,0.205348215314763,515.7718327974884,0,normal,1.5483360167984486,False,0.0771358105988504,False,0.5696939492392921,False,2.975212043659446,False,0,NORMAL,0,26.63089144723807,1.5308773038619883,10.76874272008247,44.846082470516045,36.48040557573405,NORMAL,Thrust,0,Telemetry remains within the expected prototype operating envelope.
44.0,steady,118.84655245211768,744.4609121825358,0.1886009334866323,501.6572146702461,0,normal,1.0088936007376803,False,0.5683562051983007,False,1.0903369505393783,False,0.5635750407087232,False,0,NORMAL,0,18.27242454067498,10.74486580956615,19.592874660780247,10.659476294320136,17.921462143724543,NORMAL,Vibration,0,Telemetry remains within the expected prototype operating envelope.
44.1,steady,118.35395842799612,745.0297723369537,0.2051746458127692,510.2243354991596,0,normal,1.2900092452630394,False,0.4426536890184255,False,0.5524893222720123,False,2.0273614083952003,False,0,NORMAL,0,22.740619646097993,8.472502323894204,10.461175767013675,33.33381156967638,28.23018708462434,NORMAL,Thrust,0,Telemetry remains within the expected prototype operating envelope.
44.2,steady,117.7816360207129,747.9034483572572,0.1860816532816478,502.2588549734168,0,normal,1.6166246212547415,False,0.1923500173100431,False,1.3400540705110668,False,0.6663718719451672,False,0,NORMAL,0,27.626134408151202,3.77394312073861,23.51004906433388,12.477508014093242,23.853405393438514,NORMAL,Pressure,0,Telemetry remains within the expected prototype operating envelope.
44.3,steady,117.67627001364583,743.1136940929658,0.2054462213578715,500.2478208482645,0,normal,1.6767553405433928,False,0.8660545101099847,False,0.5794085442162437,False,0.3227646792678589,False,0,NORMAL,0,28.49130019593533,15.903976407368148,10.941943512793973,6.251351369885228,23.90834513238145,NORMAL,Pressure,0,Telemetry remains within the expected prototype operating envelope.
44.4,steady,118.28860288190388,746.0091187550809,0.1833228085217781,502.0357504919508,0,normal,1.3273066251810943,False,0.2262449495166777,False,1.6135174059989463,False,0.6282520292277018,False,0,NORMAL,0,23.314789971066897,4.424052225595354,27.581144194313655,11.8076891939633,23.801415339986058,NORMAL,Vibration,0,Telemetry remains within the expected prototype operating envelope.
44.5,steady,118.13947428538155,745.4520693856051,0.2008596105416004,505.6604146081612,0,normal,1.4124119644171875,False,0.3493376056566971,False,0.1247726362278879,False,1.2475655683626463,False,0,NORMAL,0,24.609008397776943,6.748264943322413,2.4645736935177687,22.081993714991754,20.88744152414579,NORMAL,Pressure,0,Telemetry remains within the expected prototype operating envelope.
44.6,steady,120.0449729931783,747.160480680954,0.2014364305580459,503.4625601995509,0,normal,0.324973889341524,False,0.0281745066395996,False,0.1819484251551369,False,0.8720380853574419,False,0,NORMAL,0,6.292764312011823,0.5619055049475241,3.5735539166638297,16.004555190328762,12.71582902955949,NORMAL,Thrust,0,Telemetry remains within the expected prototype operating envelope.
44.7,steady,115.64869578393684,742.7879297082613,0.195932050800406,514.8544627983389,0,normal,2.8338599916282274,False,0.9380395182374194,False,0.3636589501533827,False,2.8184693379481374,False,0,NORMAL,0,43.26460946785096,17.106033225922047,7.014980832495765,43.089701461681884,37.78858709054881,NORMAL,Pressure,0,Telemetry remains within the expected prototype operating envelope.
44.8,steady,119.35167353210883,743.8835844973765,0.2038841849157349,506.3442864953166,0,normal,0.7206289628986757,False,0.6959298137930015,False,0.4245757309192507,False,1.364412565814074,False,0,NORMAL,0,13.422116734386602,12.993378650028742,8.140977301921481,23.88177887336954,20.636503279164508,NORMAL,Thrust,0,Telemetry remains within the expected prototype operating envelope.
44.9,steady,119.3551258835554,745.2378014706931,0.2105719486427122,507.5027086846265,0,normal,0.7186587603495055,False,0.3966849472342141,False,1.0874829746818313,False,1.5623416767254656,False,0,NORMAL,0,13.387994818857274,7.627141479594702,19.546965560781825,26.836120433016188,23.340822732032397,NORMAL,Thrust,0,Telemetry remains within the expected prototype operating envelope.
45.0,steady,117.99278901118136,750.6426671547305,0.2084007184211342,501.463754235047,0,normal,1.4961229381195216,False,0.7976423594358141,False,0.8722654071182073,False,0.5305202077740244,False,0,NORMAL,0,25.860711693015816,14.745430653392289,16.00837390200256,10.066892459508415,22.6440858624032,NORMAL,Pressure,0,Telemetry remains within the expected prototype operating envelope.
45.1,steady,118.2195714299636,742.8635869828366,0.2136280080054183,500.9816664944416,0,normal,1.3667017866212328,False,0.9213213323923264,False,1.3904069372516017,False,0.4481502404513497,False,0,NORMAL,0,23.91662117970904,16.82840198712181,24.276481043503562,8.573064159137688,22.219237410606123,NORMAL,Vibration,0,Telemetry remains within the expected prototype operating envelope.
45.2,steady,117.67058282036108,748.0478606921199,0.2124050988921164,503.2178770496208,0,normal,1.6800009321005294,False,0.2242611886562512,False,1.2691892413570849,False,0.8302312909369078,False,0,NORMAL,0,28.537702740404526,4.386124737307595,22.41824079887199,15.299294772777305,24.730626048082065,NORMAL,Pressure,0,Telemetry remains within the expected prototype operating envelope.
45.3,steady,118.83788878660684,746.4393348083389,0.1909494523285028,502.5017725189567,0,normal,1.0138378180744103,False,0.1311789829948093,False,0.8575461080476199,False,0.7078769935296698,False,0,NORMAL,0,18.353200375859522,2.5894628207225434,15.76075002304924,13.201027218465711,16.29621878264218,NORMAL,Pressure,0,Telemetry remains within the expected prototype operating envelope.
45.4,steady,118.71355970127014,743.8695007325414,0.2138216107444752,503.5591795614064,0,normal,1.0847904672057145,False,0.6990419401448241,False,1.4095973069136432,False,0.8885465609075088,False,0,NORMAL,0,19.503629814306134,13.047516919584645,24.566556486096246,16.28142521799433,22.39068545428593,NORMAL,Vibration,0,Telemetry remains within the expected prototype operating envelope.
45.5,steady,120.73250310155096,746.4501244000039,0.1998875158260066,505.7847284211681,0,normal,0.0673887055771546,False,0.1287947787043328,False,0.0284162673581249,False,1.2688059440301032,False,0,NORMAL,0,1.3387323028987042,2.543002420358198,0.5667134337445368,22.412293194719968,16.918305444843604,NORMAL,Thrust,0,Telemetry remains within the expected prototype operating envelope.
45.6,steady,118.51308494962758,749.7084620990195,0.2187146741417894,503.45068147634737,0,normal,1.1991982477701657,False,0.5912086248547563,False,1.8946095326274217,False,0.870008475475882,False,0,NORMAL,0,21.324599269158185,11.151874145129481,31.54009267009281,15.970452672357926,27.49992437677494,NORMAL,Vibration,0,Telemetry remains within the expected prototype operating envelope.
45.7,steady,120.07956825970489,747.1108295667965,0.2086848016259616,501.0475814548928,0,normal,0.3052309160797409,False,0.017202970081332,False,0.900424418410983,False,0.4594125329369933,False,0,NORMAL,0,5.922020946352136,0.34346819549518903,16.48006863908259,8.778767781232178,13.470423102092866,NORMAL,Vibration,0,Telemetry remains within the expected prototype operating envelope.
45.8,steady,118.20478185694051,745.7339895202695,0.2167654914296963,510.2510410926753,0,normal,1.3751419628090218,False,0.2870409761356091,False,1.7014018488614586,False,2.031924351361671,False,0,NORMAL,0,24.044944266732816,5.579143073915526,28.842920814818218,33.39462262084009,29.74439739647289,NORMAL,Thrust,0,Telemetry remains within the expected prototype operating envelope.
45.9,steady,119.17320450205548,751.6268287369883,0.1999696620768607,515.2325752091606,0,normal,0.8224784250409172,False,1.015115118349601,False,0.0365588015387886,False,2.883073982083181,False,0,NORMAL,0,15.167858256358402,18.37405520788351,0.7285094419467453,43.82030517480994,35.316137070713836,NORMAL,Thrust,0,Telemetry remains within the expected prototype operating envelope.
46.0,steady,118.4482848993618,743.5873261069036,0.2110540204466354,509.1077422586988,0,normal,1.2361786149766656,False,0.761394805201944,False,1.135267092644208,False,1.836579231246347,False,0,NORMAL,0,21.904341759221403,14.12513101035444,20.312178690865146,30.740914173014332,27.601318705386657,NORMAL,Thrust,0,Telemetry remains within the expected prototype operating envelope.
46.1,steady,117.46738006019449,746.9868496822667,0.1996801395120693,504.5358720605999,0,normal,1.7959655441264892,False,0.0101931892735779,False,0.0078606277892081,False,1.055425165084079,False,0,NORMAL,0,30.17604978783268,0.20365612439563474,0.1570890415807713,19.029478772307094,23.951481313126408,NORMAL,Pressure,0,Telemetry remains within the expected prototype operating envelope.
46.2,steady,118.00325273487124,746.8810074144573,0.2033111128749326,506.85879247758464,0,normal,1.4901514559553566,False,0.0335814320226983,False,0.3677714503623236,False,1.452321544568676,False,0,NORMAL,0,25.77211451033923,0.6693782561941419,7.091429570791663,25.20837772218012,21.8917381869272,NORMAL,Pressure,0,Telemetry remains within the expected prototype operating envelope.
46.3,steady,118.8105855430965,749.0069015095138,0.1832226128734662,507.290834489625,0,normal,1.0294193487491503,False,0.436182946454503,False,1.6234490399159045,False,1.5261406513750326,False,0,NORMAL,0,18.607240759034948,8.353975469764386,27.7248489376839,26.30447665867329,25.107824219195727,NORMAL,Vibration,0,Telemetry remains within the expected prototype operating envelope.
46.4,steady,118.8376096133481,746.5409055855228,0.2077307846959129,507.61499110571134,0,normal,1.0139971378524018,False,0.1087346227013381,False,0.8058599631730811,False,1.5815263573897242,False,0,NORMAL,0,18.355801924409466,2.1512165022164575,14.885433226847445,27.116307692092377,23.09511644259705,NORMAL,Thrust,0,Telemetry remains within the expected prototype operating envelope.
46.5,steady,120.69438963505424,749.9342860525949,0.1899375095974475,510.0909297574828,0,normal,0.0456379510518044,False,0.6411095345206214,False,0.9578523081580468,False,2.004567577195973,False,0,NORMAL,0,0.9086060211160318,12.034184473324117,17.43385543958186,33.02920220662207,27.016993146610698,NORMAL,Thrust,0,Telemetry remains within the expected prototype operating envelope.
46.6,steady,116.96220998451548,743.7739508474849,0.1898656464122969,508.64666200297967,0,normal,2.0842581430322022,False,0.7201558481572208,False,0.9649755601060832,False,1.7577986226604092,False,0,NORMAL,0,34.08812929493771,13.413924092215357,17.551399580064555,29.64101728660896,30.443050188919337,NORMAL,Pressure,0,Telemetry remains within the expected prototype operating envelope.
46.7,steady,118.66990626285376,749.2445126993489,0.2329234838954724,510.0002915254144,0,normal,1.1097027963758743,False,0.4886885125462805,False,3.3030209681220297,False,1.9890810431383303,False,0,NORMAL,0,19.90370272606361,9.311325332220132,48.34608494700897,32.82145153073607,41.083429612458346,NORMAL,Vibration,1,Telemetry remains within the expected prototype operating envelope.
46.8,steady,119.14397437407985,749.6050506234957,0.1937141162064684,515.959773831178,0,normal,0.8391595983054192,False,0.5683575206347461,False,0.5835059675625016,False,3.0073238264319424,False,0,NORMAL,0,15.450406601458866,10.744889291454351,11.014895329228402,45.199165567871404,36.59027633824255,NORMAL,Thrust,1,Telemetry remains within the expected prototype operating envelope.
46.9,steady,115.5806548877554,749.7878843007385,0.2103192860004683,516.6064630639148,0,normal,2.8726898585114875,False,0.6087587564979935,False,1.062438445208392,False,3.1178177603817185,False,0,NORMAL,0,43.70350855508038,11.46318672882688,19.142972946491998,46.39691438243224,40.71982032720371,NORMAL,Thrust,1,Telemetry remains within the expected prototype operating envelope.
47.0,steady,119.32310594691258,748.0912191680915,0.2038738726793418,508.5366359795537,0,normal,0.7369320334430252,False,0.233842224496118,False,0.4235535572176275,False,1.7389994722342657,False,0,NORMAL,0,13.70395407098195,4.56916530261392,8.122196206780973,29.37598153415837,23.974376494724773,NORMAL,Thrust,0,Telemetry remains within the expected prototype operating envelope.
47.1,steady,119.99521068954571,745.9159312316713,0.1947768613620415,499.8693915947002,0,normal,0.3533724515930428,False,0.2468368402971894,False,0.4781641088091535,False,0.258105899082139,False,0,NORMAL,0,6.823485865607292,4.816860699036818,9.120235446744251,5.0311440096308395,8.184929067222944,NORMAL,Vibration,0,Telemetry remains within the expected prototype operating envelope.
47.2,steady,119.04007679882456,748.3231598332966,0.189307727303065,504.72621311791545,0,normal,0.8984523067068205,False,0.2850947599291082,False,1.020277845599735,False,1.0879470181632618,False,0,NORMAL,0,16.447120014839445,5.542383239724902,18.458294208000325,19.55443195554185,17.960575845186526,NORMAL,Thrust,0,Telemetry remains within the expected prototype operating envelope.
47.3,steady,116.93135723244558,748.9610623758948,0.1946048446984393,509.3868438427112,0,normal,2.1018653222889525,False,0.4260537532061053,False,0.4952148146960535,False,1.8842667918674376,False,0,NORMAL,0,34.31982552832737,8.16812722546385,9.429620450945242,31.39833348800026,29.598028429027256,NORMAL,Pressure,0,Telemetry remains within the expected prototype operating envelope.
47.4,steady,117.84859659121096,747.022426866861,0.208554382651388,514.889413022927,0,normal,1.578411279209193,False,0.0023316057413653,False,0.887496975621674,False,2.8244409663774905,False,0,NORMAL,0,27.070885864382156,0.04662124374651411,16.26384941648015,43.15763032035185,35.62462105716276,NORMAL,Thrust,0,Telemetry remains within the expected prototype operating envelope.
47.5,steady,118.4570296643276,748.3705943689336,0.207050524408699,507.092275905703,0,normal,1.231188115459399,False,0.2955764933342061,False,0.7384309255384142,False,1.492214743927659,False,0,NORMAL,0,21.82635557774524,5.74019174107776,13.729819886002947,25.802738891880892,22.642952063184428,NORMAL,Thrust,0,Telemetry remains within the expected prototype operating envelope.
47.6,steady,118.53951668568224,746.4254687069082,0.2108285535146421,509.181024346998,0,normal,1.1841140726623154,False,0.1342430116948522,False,1.1129182674540523,False,1.849100278163994,False,0,NORMAL,0,21.086890180634043,2.6491382704467603,19.955195632364553,30.91413644269636,26.622157733790033,NORMAL,Thrust,0,Telemetry remains within the expected prototype operating envelope.
47.7,steady,118.29989820308352,746.3860897216631,0.2107992233168382,504.2280031230465,0,normal,1.3208605634384754,False,0.142944689060503,False,1.1100109876249566,False,1.0028223872285542,False,0,NORMAL,0,23.215862695918087,2.818414087375265,19.9086395694936,18.17312715527307,20.70046455930201,NORMAL,Pressure,0,Telemetry remains within the expected prototype operating envelope.
47.8,steady,118.06110623095786,742.3867004541485,0.2246861379634937,503.7893430494659,0,normal,1.4571353777164076,False,1.02670019593698,False,2.486515405035256,False,0.927872512168014,False,0,NORMAL,0,25.28034994849059,18.56296485079405,39.18313684855488,16.93730504535361,34.215867662215075,NORMAL,Vibration,0,Telemetry remains within the expected prototype operating envelope.
47.9,steady,116.78189973631116,744.034838248206,0.1889589794772079,502.5320599976641,0,normal,2.1871583593490307,False,0.6625068768668476,False,1.0548465698318044,False,0.7130519407877718,False,0,NORMAL,0,35.430735610831995,12.409827058653821,19.020108398320858,13.29081676607352,30.043233332505313,NORMAL,Pressure,0,Telemetry remains within the expected prototype operating envelope.
48.0,steady,117.56058128776787,744.6457481556318,0.2027252957090498,509.03432686269775,0,normal,1.7427770727345138,False,0.5275125167833444,False,0.3097038423190454,False,1.824035407248679,False,0,NORMAL,0,29.4293192482609,10.01277798571597,6.0061440852923536,30.566941279154957,26.519840308812835,NORMAL,Thrust,0,Telemetry remains within the expected prototype operating envelope.
48.1,steady,120.13226920769488,746.3143701676521,0.1943102544471876,500.037301061401,0,normal,0.2751553158169825,False,0.158792746493365,False,0.5244153097298176,False,0.286795069372898,False,0,NORMAL,0,5.354425241268279,3.1259543093835274,9.95701890600742,5.574499214268991,8.57310333511104,NORMAL,Vibration,0,Telemetry remains within the expected prototype operating envelope.
48.2,steady,119.23582030249918,747.2399237230901,0.201946566027128,508.3824062237903,0,normal,0.7867445747763092,False,0.0457292434443007,False,0.2325142811812128,False,1.7126476302926756,False,0,NORMAL,0,14.559410819027029,0.9104152626854045,4.543816588802974,29.002784360337262,23.14074719941883,NORMAL,Thrust,0,Telemetry remains within the expected prototype operating envelope.
48.3,steady,118.97440309227277,749.4779091023574,0.1969516806039422,506.3307691564418,0,normal,0.9359312557837998,False,0.5402627261691904,False,0.2625907889093153,False,1.3621029805091065,False,0,NORMAL,0,17.071073408436675,10.241956838236522,5.116290787756017,23.846610446555815,20.42444079484747,NORMAL,Thrust,0,Telemetry remains within the expected prototype operating envelope.
48.4,steady,118.93272125338198,746.4079035348104,0.2088715200290939,504.6953884481424,0,normal,0.959718424184147,False,0.1381244337151388,False,0.9189323961197188,False,1.082680285931596,False,0,NORMAL,0,17.464665290864,2.7246809010523454,16.788654162907314,19.469650257908057,17.594442096254262,NORMAL,Thrust,0,Telemetry remains within the expected prototype operating envelope.
48.5,steady,120.28347774822494,750.5308202984855,0.2156507226559818,505.9940592073797,0,normal,0.1888629853230215,False,0.7729272670750468,False,1.5909032838127686,False,1.3045724001491146,False,0,NORMAL,0,3.7068110466259907,14.322972493206631,27.252864607696225,22.96532031667787,23.686059235620636,NORMAL,Vibration,0,Telemetry remains within the expected prototype operating envelope.
48.6,steady,117.67347794574763,747.5555558852485,0.191060636121459,502.13230237094587,0,normal,1.6783487296799346,False,0.1154753078548219,False,0.8465253027756955,False,0.6447489745924148,False,0,NORMAL,0,28.514084802355278,2.283041191819979,15.574868367702866,12.09819043870577,23.65029629158202,NORMAL,Pressure,0,Telemetry remains within the expected prototype operating envelope.
48.7,steady,119.21954849545608,746.4945694384761,0.2072558009321742,509.06539189583617,0,normal,0.796030638554021,False,0.1189736423067887,False,0.7587784288207413,False,1.8293432081922911,False,0,NORMAL,0,14.717944909758751,2.3513866002301986,14.080183055510654,30.640609541508866,25.323032061344005,NORMAL,Thrust,0,Telemetry remains within the expected prototype operating envelope.
48.8,steady,117.61960740433643,745.9240949073087,0.2018488768199599,504.8431199357738,0,normal,1.7090917984712086,False,0.2450328915394285,False,0.2228310917455677,False,1.1079218276340397,False,0,NORMAL,0,28.952275570668462,4.782513402152688,4.358773404462058,19.8751678440357,23.891243015299906,NORMAL,Pressure,0,Telemetry remains within the expected prototype operating envelope.
48.9,steady,119.19050178620432,747.7319440191336,0.2105972658777114,514.4726341350141,0,normal,0.8126071376441396,False,0.1544522551439495,False,1.0899924799751055,False,2.753229731395556,False,0,NORMAL,0,15.000212332374296,3.041821605479078,19.5873348923863,42.342274786350266,34.51999742757929,NORMAL,Thrust,0,Telemetry remains within the expected prototype operating envelope.
49.0,steady,118.27892173062838,746.7263003800642,0.187729634250751,495.8772880612139,0,normal,1.3328315056045088,False,0.0677674500499786,False,1.1767022287594506,False,0.4239886864159979,False,0,NORMAL,0,23.399478496183434,1.3462055018162666,20.96982510488983,8.130191601895465,19.921159834187918,NORMAL,Pressure,0,Telemetry remains within the expected prototype operating envelope.
49.1,steady,119.87642356399284,747.2024330614969,0.2063230120551484,506.7709999364825,0,normal,0.4211623916367927,False,0.0374448338949316,False,0.6663181493124775,False,1.4373212279610048,False,0,NORMAL,0,8.078246690146852,0.7460994339059002,12.476567621303403,24.98366120608202,20.289280092204155,NORMAL,Thrust,0,Telemetry remains within the expected prototype operating envelope.
49.2,steady,117.2703133270792,744.8720012192132,0.213048197368302,512.9789158812008,0,normal,1.908428422239971,False,0.4775167855571265,False,1.3329347108024885,False,2.4980116177771365,False,0,NORMAL,0,31.729039426838902,9.108468968142347,23.401059594263064,39.322808936436246,34.621446289680605,NORMAL,Thrust,0,Telemetry remains within the expected prototype operating envelope.
49.3,steady,117.86285648685084,742.7268616646561,0.2128294955912919,511.529633606817,0,normal,1.5702733815543886,False,0.951533883556814,False,1.31125646406376,False,2.250385877631986,False,0,NORMAL,0,26.952091283413782,17.32945189507906,23.06823245874794,36.24210557676463,32.62165823112248,NORMAL,Thrust,0,Telemetry remains within the expected prototype operating envelope.
49.4,steady,115.72267080972088,744.5150674912248,0.2087218838129685,502.2152376986966,0,normal,2.79164361052384,False,0.5563893649936565,False,0.9041000940755216,False,0.6589193831328729,False,0,NORMAL,0,42.78354888826623,10.530989583738148,16.541444512379567,12.346958668038187,35.00206417195999,NORMAL,Pressure,0,Telemetry remains within the expected prototype operating envelope.
49.5,steady,118.03846628707,746.46526543299,0.2041634445143113,511.0047846942844,0,normal,1.4700556368068531,False,0.125449025043906,False,0.4522566147458969,False,2.1607096960299423,False,0,NORMAL,0,25.47318014714135,2.47776717540914,8.648119978023662,35.08827650388832,29.080022310417878,NORMAL,Thrust,0,Telemetry remains within the expected prototype operating envelope.
49.6,steady,118.77715777692345,749.2805713507338,0.2009270585863983,510.5362929924855,0,normal,1.0484960479631478,False,0.4966564870544866,False,0.1314582488331598,False,2.0806627607570087,False,0,NORMAL,0,18.91719013918308,9.455731248980504,2.5949033558514745,34.04071657596418,27.814713139874904,NORMAL,Thrust,0,Telemetry remains within the expected prototype operating envelope.
49.7,steady,117.68500866667262,747.6607034338525,0.2077419656766117,508.4555195923416,0,normal,1.671768329013385,False,0.1387100366840818,False,0.8069682489020917,False,1.7251398495946144,False,0,NORMAL,0,28.419941673189708,2.736073177038112,14.90429738801926,29.179945512104243,25.5504871360235,NORMAL,Thrust,0,Telemetry remains within the expected prototype operating envelope.
49.8,steady,117.52185256361804,746.9713374079203,0.1862254518354224,511.2696950158536,0,normal,1.7648789451038358,False,0.0136209771083777,False,1.3258004116153066,False,2.205972524127766,False,0,NORMAL,0,29.740579633500307,0.27204881685192195,23.291685630506333,35.67324242435297,30.973143770035442,NORMAL,Thrust,0,Telemetry remains within the expected prototype operating envelope.
49.9,steady,118.65374824737428,749.7399567222733,0.1999084388607306,503.3130799338685,0,normal,1.1189239211019892,False,0.5981680741295854,False,0.0304902089395346,False,0.8464977457831908,False,0,NORMAL,0,20.05128218882438,11.2754549247712,0.6079486467282402,15.57440306587672,17.190378695028393,NORMAL,Pressure,0,Telemetry remains within the expected prototype operating envelope.
50.0,steady,119.61290575123164,739.8746880766874,0.2257457884587604,515.7926902277435,0,normal,0.5715478533978944,False,1.5817861411724736,False,2.5915505136075465,False,2.978775763919972,False,0,NORMAL,0,10.801821826943836,27.120094393976856,40.4473923993533,44.885379091305545,39.96028158411181,NORMAL,Thrust,0,Telemetry remains within the expected prototype operating envelope.
50.1,steady,118.30152821469616,747.2541239207081,0.2063665649591506,503.3405655832415,0,normal,1.3199303415059411,False,0.048867098252686,False,0.6706352180261163,False,0.8511939698312365,False,0,NORMAL,0,23.20157610927147,0.9725814997682658,12.55210394138887,15.653662141930614,19.66426779410789,NORMAL,Pressure,0,Telemetry remains within the expected prototype operating envelope.
50.2,steady,118.52058201900266,747.6753168542355,0.2158305019680065,517.4530969422611,0,normal,1.1949197884583938,False,0.1419392024076156,False,1.6087234421026124,False,3.262474425589748,False,0,NORMAL,0,21.257248557366893,2.7988691647169217,27.5116762209105,47.92550441042632,39.85724147270142,NORMAL,Thrust,1,Telemetry remains within the expected prototype operating envelope.
50.3,steady,119.6038786102426,743.243347322443,0.2163401827717954,513.8332348343959,0,normal,0.5766995004603589,False,0.8374046968833799,False,1.6592442306100603,False,2.6439813621424304,False,0,NORMAL,0,10.893678004269658,15.420726152799801,28.240421795749317,41.06860836872105,35.06164594280342,NORMAL,Thrust,0,Telemetry remains within the expected prototype operating envelope.
50.4,steady,118.17452446389905,746.7815554480371,0.1980663305644686,501.5809033564786,0,normal,1.3924093800532271,False,0.0555575931599477,False,0.1521040009099139,False,0.5505364174624925,False,0,NORMAL,0,24.306801374715036,1.1050013723926888,2.996274420091316,10.426196776297758,19.197419863620745,NORMAL,Pressure,0,Telemetry remains within the expected prototype operating envelope.
50.5,steady,120.21360185732443,749.1769697083342,0.2030409996099438,514.2348403488061,0,normal,0.2287400547663807,False,0.4737633611625549,False,0.3409971731438959,False,2.7126000601765923,False,0,NORMAL,0,4.471734737124821,9.040212453814133,6.592583173503453,41.87184314289595,32.63963072477447,NORMAL,Thrust,0,Telemetry remains within the expected prototype operating envelope.
50.6,steady,118.08831655908612,746.3948074245227,0.1886892494408945,502.9961230357693,0,normal,1.4416068723855442,False,0.1410183154583978,False,1.0815828605011708,False,0.7923421903933378,False,0,NORMAL,0,25.04793232864968,2.7809652654537387,19.45197310729796,14.655010011554436,21.70054557600593,NORMAL,Pressure,0,Telemetry remains within the expected prototype operating envelope.
50.7,steady,117.56225509160842,749.6967197321006,0.2002562581074712,503.5129791848868,0,normal,1.7418218592678394,False,0.5886138833244485,False,0.0649668901736967,False,0.8806527208786459,False,0,NORMAL,0,29.415835947437564,11.105754594924155,1.2909328521218844,16.149148621085097,24.191939667196678,NORMAL,Pressure,0,Telemetry remains within the expected prototype operating envelope.
50.8,steady,118.3739247205231,746.3709805627583,0.2090439471709908,510.2037011744783,0,normal,1.278614796857955,False,0.1462833994218209,False,0.936023789603562,False,2.0238358081640206,False,0,NORMAL,0,22.564353271921355,2.883284660122709,17.072608140304435,33.286787326888245,28.269527184910572,NORMAL,Thrust,0,Telemetry remains within the expected prototype operating envelope.
50.9,steady,120.80889678770332,746.5307257604184,0.2082349141436698,509.8375143424221,0,normal,0.1109853780270186,False,0.1109840852800664,False,0.8558304879037911,False,1.9612687796961683,False,0,NORMAL,0,2.195253323975521,2.195228036614616,15.731840552733622,32.44673282183006,25.690168623515497,NORMAL,Thrust,0,Telemetry remains within the expected prototype operating envelope.
51.0,steady,117.67473491983024,748.8100927466018,0.1928580092537308,508.7788196266389,0,normal,1.6776313943853902,False,0.3926935993589773,False,0.6683653500966025,False,1.7803791992346685,False,0,NORMAL,0,28.50382819262324,7.553373597667113,12.512395893915096,29.958050148665038,26.343901782008444,NORMAL,Thrust,0,Telemetry remains within the expected prototype operating envelope.
51.1,steady,117.37577132726598,749.8081282261368,0.2181711013761592,504.5241070448071,0,normal,1.848245203928033,False,0.6132321096413982,False,1.8407292912554385,False,1.0534149833582698,False,0,NORMAL,0,30.9023207239941,11.5423625917768,30.798376195102804,18.99691913524668,28.157506602131697,NORMAL,Pressure,0,Telemetry remains within the expected prototype operating envelope.
51.2,steady,118.45838120856952,746.5369365301033,0.1956142263049601,500.16289277747467,0,normal,1.2304168104657027,False,0.1096116752584748,False,0.3951624794162954,False,0.3082537887669916,False,0,NORMAL,0,21.814295503105907,2.168378702113205,7.599010256054505,5.978880907248552,17.46584154676453,NORMAL,Pressure,0,Telemetry remains within the expected prototype operating envelope.
51.3,steady,115.78451071063505,744.1273695235176,0.1905146514959816,505.5482902380562,0,normal,2.756352553889787,False,0.6420599989449817,False,0.900644613503132,False,1.2284078924382908,False,0,NORMAL,0,42.3782745113576,12.050904559732622,16.48374669388949,21.782875457248995,35.65676103932745,NORMAL,Pressure,0,Telemetry remains within the expected prototype operating envelope.
51.4,steady,119.91548262710896,750.6246000192996,0.190545928680045,510.9529233396843,0,normal,0.3988720000267369,False,0.7936500172649154,False,0.8975443437079407,False,2.1518486159320376,False,0,NORMAL,0,7.667537507762079,14.67733038656085,16.43194605244622,34.97313691167039,29.18565969269921,NORMAL,Thrust,0,Telemetry remains within the expected prototype operating envelope.
51.5,steady,117.64482385944156,748.0487177169913,0.2086884669997595,516.2072417889947,0,normal,1.694701165044092,False,0.2244505676836352,False,0.9007877390875076,False,3.049606435761867,False,0,NORMAL,0,28.747496670600427,4.38974612126607,16.48613732218518,45.660636054806794,38.01676485039953,NORMAL,Thrust,1,Telemetry remains within the expected prototype operating envelope.
51.6,steady,118.40821884102849,745.9495008732761,0.1999740865272311,503.9781268009827,0,normal,1.259043682883335,False,0.2394188687901179,False,0.0369973637129222,False,0.9601282825055056,False,0,NORMAL,0,22.260658922431098,4.675542732635041,0.7372164042324547,17.471430572326852,18.41960255484744,NORMAL,Pressure,0,Telemetry remains within the expected prototype operating envelope.
51.7,steady,118.25205991357866,747.629154000927,0.1936813162090886,505.1795238146844,0,normal,1.3481611211566271,False,0.1317384759727368,False,0.5867571822803224,False,1.1654001125584508,False,0,NORMAL,0,23.633970154951744,2.6003623131978015,11.072738457541787,20.79098140580331,20.445660179724413,NORMAL,Pressure,0,Telemetry remains within the expected prototype operating envelope.
51.8,steady,118.20180705289228,746.7661606746583,0.1927802415485547,502.977623326569,0,normal,1.3768396365858158,False,0.0589594164986174,False,0.6760738722867758,False,0.7891813125821893,False,0,NORMAL,0,24.070729270299317,1.172263151410946,12.647172002281026,14.601039937041316,20.238954407284908,NORMAL,Pressure,0,Telemetry remains within the expected prototype operating envelope.
51.9,steady,117.89431309979386,746.0712738045253,0.2185637728319195,506.31197473553846,0,normal,1.5523215884163564,False,0.2125103856739298,False,1.87965183144511,False,1.3588917479776292,False,0,NORMAL,0,26.689351711721365,4.161152518316003,31.33498546246273,23.797685488912713,27.891268378974395,NORMAL,Vibration,0,Telemetry remains within the expected prototype operating envelope.
52.0,steady,118.58088857112426,747.0721017251792,0.2012758185243405,504.8459663641261,0,normal,1.160503789809204,False,0.0086451776261887,False,0.1660281736442696,False,1.1084081710744929,False,0,NORMAL,0,20.713376830362474,0.17275416044520986,3.2660379485232482,19.88296110231684,17.31676881837979,NORMAL,Pressure,0,Telemetry remains within the expected prototype operating envelope.
52.1,steady,118.20704762761687,747.3935367845331,0.2140442096103788,500.14908893249856,0,normal,1.37384892320066,False,0.0796735234075241,False,1.431661842487109,False,0.3058952507585754,False,0,NORMAL,0,24.025299147546885,1.5808418939963542,24.898703858899573,5.93451996878035,21.122601934341752,NORMAL,Vibration,0,Telemetry remains within the expected prototype operating envelope.
52.2,steady,118.23976229333005,744.6999502891913,0.222155695146282,506.2128898949347,0,normal,1.3551791791781047,False,0.515535329564612,False,2.2356918200616875,False,1.3419620183967529,False,0,NORMAL,0,23.741083210466872,9.79696083960655,36.05445754647902,23.53923126420091,31.58442403052728,NORMAL,Vibration,0,Telemetry remains within the expected prototype operating envelope.
52.3,steady,119.75682213103134,744.4787166545082,0.1868339296981287,515.1921532224194,0,normal,0.4894170440822563,False,0.5644219044588376,False,1.265486620739282,False,2.876167443197109,False,0,NORMAL,0,9.324538281481997,10.674606863119463,22.36076835739699,43.74265010499767,35.96669688386065,NORMAL,Thrust,0,Telemetry remains within the expected prototype operating envelope.
52.4,steady,118.1272907329179,747.1703408214147,0.2031986309967816,505.25835392364047,0,normal,1.419364925751902,False,0.0303533276664657,False,0.3566219757602931,False,1.1788690995328983,False,0,NORMAL,0,24.713773667926432,0.6052276273783241,6.884022058994166,21.004067319748575,20.71957331813134,NORMAL,Pressure,0,Telemetry remains within the expected prototype operating envelope.
52.5,steady,117.12406947996828,742.2764896899907,0.2014212255769654,502.5957701160609,0,normal,1.9918874804609172,False,1.0510537567500249,False,0.1804412708190966,False,0.7239375118746469,False,0,NORMAL,0,32.85914742776944,18.95865677537002,3.544483628278139,13.47938721748112,27.382092394828778,NORMAL,Pressure,0,Telemetry remains within the expected prototype operating envelope.
52.6,steady,118.84336928926818,744.7436337225498,0.2017034142668361,501.1803614135381,0,normal,1.0107101815978743,False,0.5058824870410189,False,0.2084124932276537,False,0.4820994422555835,False,0,NORMAL,0,18.302112097229607,9.622649487309797,4.082572863786282,9.19173574071339,15.501291504740164,NORMAL,Pressure,0,Telemetry remains within the expected prototype operating envelope.
52.7,steady,116.65169068358357,746.4875348852722,0.2066107634524077,510.5804673213544,0,normal,2.261466613181036,False,0.1205280859271787,False,0.694840760671566,False,2.088210428368009,False,0,NORMAL,0,36.383245998484085,2.3817397345899605,12.974425619504615,34.14020921276507,31.163576698482235,NORMAL,Pressure,0,Telemetry remains within the expected prototype operating envelope.
52.8,steady,118.86813809072892,741.645040274478,0.2121518844838203,501.9918322333122,0,normal,0.996575017048989,False,1.1905867856567396,False,1.244090019503982,False,0.6207481140184352,False,0,NORMAL,0,18.07082270214434,21.188980468535124,22.027813318949296,11.675232299815086,20.70232792639338,NORMAL,Vibration,0,Telemetry remains within the expected prototype operating envelope.
52.9,steady,117.53322390872,748.7054982713595,0.174774279185848,513.6767853731922,0,normal,1.7583894977071497,False,0.3695810845970295,False,2.460868217368933,False,2.6172502592298894,False,0,NORMAL,0,29.649331468774886,7.1250495923797175,38.870379098129014,40.752704456258684,36.67403605042809,NORMAL,Thrust,0,Telemetry remains within the expected prototype operating envelope.
53.0,steady,118.05001111285176,744.1333065484066,0.1910578760028642,503.253138164837,0,normal,1.4634671867208773,False,0.6407480790269198,False,0.8467988923767681,False,0.8362560384330212,False,0,NORMAL,0,25.37491217146126,12.02782509800776,15.579487808935365,15.40129338119758,22.47725077666499,NORMAL,Pressure,0,Telemetry remains within the expected prototype operating envelope.
53.1,steady,118.04732980730768,745.0450799452744,0.1991000265910895,500.8542164784473,0,normal,1.4649973655279376,False,0.4392711267706167,False,0.0496415617643094,False,0.4263740101752213,False,0,NORMAL,0,25.39774662277775,8.410561882861689,0.98791893636484,8.174008996542636,20.26843099317839,NORMAL,Pressure,0,Telemetry remains within the expected prototype operating envelope.
53.2,steady,119.37864700305306,747.3396131975146,0.1860661810924145,500.8472743065994,0,normal,0.7052356282290262,False,0.0677578873464808,False,1.3415877111626129,False,0.4251878641273177,False,0,NORMAL,0,13.155161545765392,1.3460168222386937,23.533507086170314,8.152222605195892,19.338134061205604,NORMAL,Vibration,0,Telemetry remains within the expected prototype operating envelope.
53.3,steady,117.35744545865896,744.6233736282934,0.2005198618865388,501.6010649382669,0,normal,1.858703488260932,False,0.5324566746100736,False,0.0910959314737389,False,0.5539812443958481,False,0,NORMAL,0,31.046698312491305,10.101716211612022,1.8054220288150735,10.487888772006249,24.856504869050255,NORMAL,Pressure,0,Telemetry remains within the expected prototype operating envelope.
53.4,steady,118.1946936182582,746.0255744890004,0.2132950759936335,511.26569010389903,0,normal,1.3808991615983532,False,0.2226086829523762,False,1.3574059145925153,False,2.2052882410833305,False,0,NORMAL,0,24.132351605915158,4.354519019884218,23.77503733535641,35.66443828001154,30.875440178109642,NORMAL,Thrust,0,Telemetry remains within the expected prototype operating envelope.
53.5,steady,119.5619971160562,743.4800980473038,0.2018116793662453,501.2882830141146,0,normal,0.6006006089906344,False,0.7850892699875189,False,0.2191439905674188,False,0.500539029003285,False,0,NORMAL,0,11.31860953619559,14.53112009302233,4.288219617912303,9.526012342849388,12.91582469958773,NORMAL,Temperature,0,Telemetry remains within the expected prototype operating envelope.
53.6,steady,118.06796653775446,745.5015009882563,0.2059070470533187,505.6482008145541,0,normal,1.4532203087705222,False,0.3384145751301142,False,0.6250866967489959,False,1.2454787080350258,False,0,NORMAL,0,25.221820520493598,6.544323949325015,11.751839920523322,22.0494661281862,22.13133525869205,NORMAL,Pressure,0,Telemetry remains within the expected prototype operating envelope.
53.7,steady,118.17787869927328,747.5509935102276,0.2066491814705884,505.54595227802616,0,normal,1.3904951707998798,False,0.1144671479135271,False,0.6986488471385341,False,1.2280084263762938,False,0,NORMAL,0,24.27781730266636,2.263336340631472,13.040680568260289,21.776626190270942,21.149446531893176,NORMAL,Pressure,0,Telemetry remains within the expected prototype operating envelope.
53.8,steady,118.96962538964688,744.8770451614633,0.2030976639233243,508.2179046753292,0,normal,0.9386578153587396,False,0.4764022124456397,False,0.3466138763254457,False,1.6845407401355912,False,0,NORMAL,0,17.116283212361527,9.088205658422243,6.697452607481202,28.602558315023717,23.973306636678178,NORMAL,Thrust,0,Telemetry remains within the expected prototype operating envelope.
53.9,steady,117.93529952645372,744.8373587892044,0.2044961561779909,512.7699607795264,0,normal,1.5289312808140183,False,0.4851718139237231,False,0.4852357959702326,False,2.4623093514734724,False,0,NORMAL,0,26.345596561956164,9.247517948259443,9.248679246734703,38.88799575550633,32.60355382341907,NORMAL,Thrust,0,Telemetry remains within the expected prototype operating envelope.
54.0,steady,119.63598127843572,741.0906632213243,0.1829474741328763,510.0254609825036,0,normal,0.5583790137752316,False,1.3130889330695994,False,1.6507214543765143,False,1.993381520382084,False,0,NORMAL,0,10.566584882566833,23.096422308646545,28.117999321926213,32.87920665350861,29.654252976862317,NORMAL,Thrust,0,Telemetry remains within the expected prototype operating envelope.
54.1,steady,119.05436891345614,744.4233656219544,0.201556006820032,508.8321830272614,0,normal,0.8902960221813359,False,0.576652966893295,False,0.1938011121651296,False,1.7894969203366056,False,0,NORMAL,0,16.310712574882082,10.892848713408599,3.8018656959246555,30.085658356534704,24.90114789906319,NORMAL,Thrust,0,Telemetry remains within the expected prototype operating envelope.
54.2,steady,118.3219835509965,749.3108145698208,0.2112135305100202,496.5786093200738,0,normal,1.3082568035284785,False,0.5033394102775093,False,1.1510781142035185,False,0.3041602728113775,False,0,NORMAL,0,23.02206477399388,9.576670487481099,20.56376986201912,5.901873998414697,20.132475276263044,NORMAL,Pressure,0,Telemetry remains within the expected prototype operating envelope.
54.3,steady,118.45534891036208,747.0096207612607,0.1910239288233247,506.0395703342044,0,normal,1.2321472952528432,False,0.005161404390321,False,0.8501638185525041,False,1.312348474323216,False,0,NORMAL,0,21.841350655423643,0.10317482594450755,15.636282454061146,23.0850326799664,20.313532295825283,NORMAL,Thrust,0,Telemetry remains within the expected prototype operating envelope.
54.4,steady,116.77933372707314,745.0860092636728,0.2070566594147076,506.9447985581685,0,normal,2.1886227403717022,False,0.4302268682331687,False,0.7390390421061726,False,1.4670166248425396,False,0,NORMAL,0,35.44964364292438,8.244740243170712,13.740311713130781,25.427868798924326,30.292742752738988,NORMAL,Pressure,0,Telemetry remains within the expected prototype operating envelope.
54.5,steady,117.37494621154131,746.8214329756654,0.2011505871795588,507.45347178784766,0,normal,1.8487160844653296,False,0.0467457515799432,False,0.1536149412109755,False,1.553929013973143,False,0,NORMAL,0,30.908827768053936,0.9305582888696096,3.025583359128925,26.712916205630076,25.47880304113228,NORMAL,Pressure,0,Telemetry remains within the expected prototype operating envelope.
54.6,steady,117.781872632853,749.7264176327369,0.1950710057652795,509.6222877036383,0,normal,1.616489590436239,False,0.5951763061031374,False,0.4490078073040435,False,1.9244949526303172,False,0,NORMAL,0,27.624179841296836,11.22235038728644,8.588743756393058,31.94806283632031,27.712282815471657,NORMAL,Thrust,0,Telemetry remains within the expected prototype operating envelope.
54.7,steady,118.00141836736064,746.6800730208528,0.1872781347856764,515.4390312042127,0,normal,1.4911983005774718,False,0.0779824305229522,False,1.2214559428814906,False,2.918349248665685,False,0,NORMAL,0,25.787653896097385,1.5475490765933353,21.674047517286297,44.21526106148481,36.897064450718034,NORMAL,Thrust,0,Telemetry remains within the expected prototype operating envelope.
54.8,steady,117.52443861213035,745.3449723171896,0.2057066204597107,506.8037965523097,0,normal,1.7634031279832176,False,0.3730031249776987,False,0.6052199301930169,False,1.442924888760565,False,0,NORMAL,0,29.71983856155567,7.188592211488021,11.400501267395091,25.06768733529956,25.73834926038829,NORMAL,Pressure,0,Telemetry remains within the expected prototype operating envelope.
54.9,steady,118.11367900299446,748.9630514302935,0.2048851526798893,503.63979011183017,0,normal,1.4271329254497396,False,0.4264932797589684,False,0.5237940658843665,False,0.9023197557950852,False,0,NORMAL,0,24.83064753348304,8.176199379962746,9.945830481381678,16.511722328906586,21.343055872590707,NORMAL,Pressure,0,Telemetry remains within the expected prototype operating envelope.
55.0,steady,118.31290738937535,750.6028051924633,0.1782686720914056,515.3974062964382,0,normal,1.313436425892953,False,0.7888339573743591,False,2.1144955785894712,False,2.911237177554136,False,0,NORMAL,0,23.10176681119436,14.59510697625499,34.485527641688066,44.135855595086646,38.86615362642593,NORMAL,Thrust,0,Telemetry remains within the expected prototype operating envelope.
55.1,steady,117.6065066225888,748.7444041544771,0.2145874442772328,507.680531916713,0,normal,1.7165682080994844,False,0.3781782193481768,False,1.4855085706943036,False,1.5927247223465428,False,0,NORMAL,0,29.058432561772108,7.284604074664081,25.703156187636377,27.27936066843366,26.703967095746165,NORMAL,Pressure,0,Telemetry remains within the expected prototype operating envelope.
55.2,steady,118.44003890340927,743.8582323601448,0.194880887434052,510.137767802406,0,normal,1.2408844748804275,False,0.7015319418658071,False,0.4678527940720988,False,2.0125703698513897,False,0,NORMAL,0,21.977808626674356,13.090808505580377,8.932624090153507,33.13630715163198,28.28813513128931,NORMAL,Thrust,0,Telemetry remains within the expected prototype operating envelope.
55.3,steady,119.55134592581292,740.8231651856712,0.2135242916177915,502.932122759588,0,normal,0.6066790753616819,False,1.3721986736510705,False,1.3801263191763302,False,0.7814070426729803,False,0,NORMAL,0,11.426353401114376,24.000219565845327,24.12062395214807,14.468153741398881,22.154748751690576,NORMAL,Vibration,0,Telemetry remains within the expected prototype operating envelope.
55.4,steady,120.29519120190228,747.450649963913,0.1990450647101097,502.62542085098784,0,normal,0.182178301955218,False,0.0922939720350496,False,0.0550895157470976,False,0.7290036644881863,False,0,NORMAL,0,3.577987055329246,1.8289474277263684,1.0957428360079957,13.567008145600123,10.574652772798158,NORMAL,Thrust,0,Telemetry remains within the expected prototype operating envelope.
55.5,steady,116.72687376944376,741.3640845922683,0.2106516730485871,518.9815679152832,0,normal,2.2185608112345294,False,1.2526702975963806,False,1.0953854497567128,False,3.523630421681605,False,0,NORMAL,0,35.834991463182334,22.161503185557084,19.674020749158515,50.57560631276874,44.09567975298302,NORMAL,Thrust,1,Telemetry remains within the expected prototype operating envelope.
55.6,steady,118.89329223092209,749.0396327814705,0.1938879678671211,512.5451706767935,0,normal,0.982219945759821,False,0.4434156612276635,False,0.5662733723495545,False,2.423901501912076,False,0,NORMAL,0,17.8352648828639,8.486449543049934,10.707677359289125,38.416751993673735,31.57242637653964,NORMAL,Thrust,0,Telemetry remains within the expected prototype operating envelope.
55.7,steady,117.6397557097098,745.3851276531005,0.2125717092846359,508.4254345810833,0,normal,1.6975934782038673,False,0.3641298953748554,False,1.2857040646367677,False,1.7199994961163565,False,0,NORMAL,0,28.788701662286776,7.023738590135986,22.674067880973237,29.107100050694733,26.584055749059516,NORMAL,Thrust,0,Telemetry remains within the expected prototype operating envelope.
55.8,steady,117.66985506114612,748.36342069901,0.1872675880830136,507.5066112615863,0,normal,1.6804162528124194,False,0.2939913087284138,False,1.2225013574443244,False,1.5630084747159043,False,0,NORMAL,0,28.543638448313104,5.7103031640375,21.69042242364474,26.84587688801686,25.797511072254586,NORMAL,Pressure,0,Telemetry remains within the expected prototype operating envelope.
55.9,steady,118.76632431492266,748.9256923049983,0.2188464561127516,504.311415602912,0,normal,1.054678533952952,False,0.4182379361294025,False,1.907672078900664,False,1.0170743224306316,False,0,NORMAL,0,19.01738684713836,8.024466748432157,31.718711388444763,18.40603331914068,27.369239754015243,NORMAL,Vibration,0,Telemetry remains within the expected prototype operating envelope.
56.0,steady,118.20731575808472,744.6467015866606,0.223284589447891,505.43351120368936,0,normal,1.3736959053693547,False,0.5273018346352188,False,2.3475905414474605,False,1.20879663806735,False,0,NORMAL,0,24.0229740151767,10.00898616558209,37.469647572461206,21.47548583660528,32.490766611209494,NORMAL,Vibration,0,Telemetry remains within the expected prototype operating envelope.
56.1,steady,118.71531968041867,748.3443655738662,0.1989148241210832,502.4728416706865,0,normal,1.0837860748492036,False,0.289780647886552,False,0.0679992765314537,False,0.7029338414311639,False,0,NORMAL,0,19.487458202307895,5.630865333304225,1.3507795081904028,13.115172681364328,16.13047195745223,NORMAL,Pressure,0,Telemetry remains within the expected prototype operating envelope.
56.2,steady,118.11747492452436,743.6404054153838,0.2085189957914552,514.5422827600628,0,normal,1.424966652869904,False,0.7496657315777123,False,0.8839893448588152,False,2.7651299613456546,False,0,NORMAL,0,24.798073016045752,13.923448015200268,16.205085707200674,42.47933964899864,36.13459108075058,NORMAL,Thrust,0,Telemetry remains within the expected prototype operating envelope.
56.3,steady,119.26503509285205,744.5934303434392,0.1921793149813444,508.85151374330064,0,normal,0.7700721544513464,False,0.5390733205812005,False,0.735639160570835,False,1.7927997847622308,False,0,NORMAL,0,14.274035009774543,10.220602554826087,13.68163722246971,30.131826624473945,25.562646179418188,NORMAL,Thrust,0,Telemetry remains within the expected prototype operating envelope.
56.4,steady,119.30343217113423,747.8937329323088,0.1948254624703413,506.06704150127865,0,normal,0.748159547150767,False,0.1902031744484358,False,0.4733466499302068,False,1.3170422239119897,False,0,NORMAL,0,13.89751467693242,3.732617804815175,9.0326313448727,23.157202719103044,19.41142884016777,NORMAL,Thrust,0,Telemetry remains within the expected prototype operating envelope.
56.5,steady,117.84897088235095,746.6816915130815,0.1996850275479001,503.1517377901847,0,normal,1.5781976771557653,False,0.0776247880619814,False,0.0083451416704225,False,0.8189306745145596,False,0,NORMAL,0,27.067770236125366,1.5405066693625846,0.16676362808609735,15.107644241349726,21.43378557128732,NORMAL,Pressure,0,Telemetry remains within the expected prototype operating envelope.
56.6,steady,119.41238311515028,745.9338467034469,0.194606697693234,502.8593650975218,0,normal,0.6859829608567392,False,0.2428780116408771,False,0.495031141390267,False,0.7689755997175055,False,0,NORMAL,0,12.820117953893796,4.74146810844811,9.42629331763144,14.255232305485844,12.874673271043477,NORMAL,Thrust,0,Telemetry remains within the expected prototype operating envelope.
56.7,steady,119.335402876081,746.3959999279598,0.2086360167136014,504.7935463876108,0,normal,0.7299143698101176,False,0.1407548048549006,False,0.8955887404309977,False,1.0994516443078044,False,0,NORMAL,0,13.582749709098485,2.775841481134911,16.39925446765642,19.739318406090256,17.424058819556922,NORMAL,Thrust,0,Telemetry remains within the expected prototype operating envelope.
56.8,steady,119.5155823145397,746.2580217724236,0.2079422742405328,508.4958542470155,0,normal,0.6270888045530902,False,0.1712441987666724,False,0.8268233160713059,False,1.7320314668410637,False,0,NORMAL,0,11.78716931272451,3.3668986854124783,15.24154351862822,29.277491213678054,24.251765777804522,NORMAL,Thrust,0,Telemetry remains within the expected prototype operating envelope.
56.9,steady,118.592273630352,748.2636496133879,0.191578227053246,515.4322846921614,0,normal,1.1540065159771242,False,0.2719446309864388,False,0.7952204433346579,False,2.9171965332356824,False,0,NORMAL,0,20.61028047995692,5.293630301787111,14.704124767421344,44.202398793021636,36.15247222040543,NORMAL,Thrust,0,Telemetry remains within the expected prototype operating envelope.
57.0,steady,120.4425167676868,738.5282092380162,0.2022556342255472,496.2491091621064,0,normal,0.0981019239389953,False,1.8793210918795484,False,0.2631498651989746,False,0.3604589814458385,False,0,NORMAL,0,1.9429157729847657,31.330443264820452,5.126899641048233,6.955451955151903,24.333412802608763,NORMAL,Temperature,0,Telemetry remains within the expected prototype operating envelope.
57.1,steady,118.58617270717195,748.1930838100158,0.2138358208699613,491.99901766380856,0,normal,1.1574882166636395,False,0.2563515208498934,False,1.411005848767704,False,1.0866336346189651,False,0,NORMAL,0,20.665543484990668,4.997815904224345,24.587803725670177,19.533298002908573,22.08821276949257,NORMAL,Vibration,0,Telemetry remains within the expected prototype operating envelope.
57.2,steady,118.28007160960208,751.0459431414437,0.1945298939344736,506.2788123200194,0,normal,1.3321752878004216,False,0.8867553089913125,False,0.5026441148906744,False,1.3532255862967433,False,0,NORMAL,0,23.389424511234846,16.251427633492188,9.56409542838884,23.711281613431147,21.79250310255311,NORMAL,Thrust,0,Telemetry remains within the expected prototype operating envelope.
57.3,steady,118.89796874282682,747.2289241036015,0.1994080371804774,515.8802895055659,0,normal,0.9795511341343164,False,0.0432986287563047,False,0.0191108105002984,False,2.9937430593808743,False,0,NORMAL,0,17.79139673626602,0.862233832567072,0.38148669358930576,45.050115765115436,34.890033137234596,NORMAL,Thrust,1,Telemetry remains within the expected prototype operating envelope.
57.4,steady,117.26812025963032,747.8117619345855,0.2073284926175274,510.6868700486097,0,normal,1.909679971262468,False,0.1720898286857441,False,0.7659838037037635,False,2.106390498983491,False,0,NORMAL,0,31.746126179052936,3.3832404717920372,14.203910781826556,34.37924151644981,29.67135239374049,NORMAL,Thrust,0,Telemetry remains within the expected prototype operating envelope.
57.5,steady,118.22714591356784,745.5827911704874,0.197909762971304,510.35782047314046,0,normal,1.3623791482291996,False,0.3204516709474034,False,0.1676233577359653,False,2.0501687773008306,False,0,NORMAL,0,23.850816551989762,6.2079730563562086,3.296894721516419,33.637215130517575,27.726068537619668,NORMAL,Thrust,0,Telemetry remains within the expected prototype operating envelope.
57.6,steady,119.0656383313568,750.64133950112,0.198048978541615,507.1741506921982,0,normal,0.8838647430317029,False,0.7973489843450192,False,0.1538239751962645,False,1.5062039473861286,False,0,NORMAL,0,16.20299748129638,14.74042819322946,3.029637464140067,26.01004087403239,22.155048169232156,NORMAL,Thrust,0,Telemetry remains within the expected prototype operating envelope.
57.7,steady,118.93128953112674,742.7932424922737,0.1960884021281304,515.2541550954763,0,normal,0.9605354855061616,False,0.9368655384585708,False,0.3481610300784986,False,2.886761141869536,False,0,NORMAL,0,17.47815147486813,17.086567772650362,6.726318818477761,43.861718605453426,35.960983302296576,NORMAL,Thrust,0,Telemetry remains within the expected prototype operating envelope.
57.8,steady,119.18308364731344,748.1362857252608,0.2214567729362115,519.1925692309877,0,normal,0.816840552572809,False,0.243800699505754,False,2.1664129676983284,False,3.559682306049777,False,0,NORMAL,0,15.072149747993057,4.759045264855799,35.162276130579826,50.930693124737466,42.37331490454389,NORMAL,Thrust,1,Telemetry remains within the expected prototype operating envelope.
57.9,steady,117.45339440430024,743.6955665263723,0.1958422809724374,504.9610287657462,0,normal,1.8039469374814567,False,0.7374766366082729,False,0.3725571516540811,False,1.1280678418423349,False,0,NORMAL,0,30.287419358197543,13.713352979057413,7.180313559887519,20.19735752577376,25.93243638233357,NORMAL,Pressure,0,Telemetry remains within the expected prototype operating envelope.
58.0,steady,119.65083606458802,746.6952120777723,0.1879205596342477,502.25758750558487,0,normal,0.5499016214825893,False,0.0746371135191145,False,1.157777245027212,False,0.6661553111926177,False,0,NORMAL,0,10.414823836325171,1.4816561041345655,20.67012933407363,12.473717144652586,17.376612628826628,NORMAL,Vibration,0,Telemetry remains within the expected prototype operating envelope.
58.1,steady,117.83009454648293,746.2573843090388,0.1988638016125252,512.2268763220991,0,normal,1.5889701044771911,False,0.1713850607181033,False,0.0730567504343653,False,2.3695174274233803,False,0,NORMAL,0,27.224732517836625,3.3696210325095843,1.4505122317584829,37.74326635471091,30.639584692533457,NORMAL,Thrust,0,Telemetry remains within the expected prototype operating envelope.
58.2,steady,119.8141677121595,744.7685579647432,0.2099176277587278,506.3550868090916,0,normal,0.4566908249035479,False,0.5003749120539985,False,1.0226251131535145,False,1.366257917640694,False,0,NORMAL,0,8.729098751888886,9.523042631142841,18.496565264113705,23.909866669543135,20.849038500413286,NORMAL,Thrust,0,Telemetry remains within the expected prototype operating envelope.
58.3,steady,119.6222420581952,746.2566854098178,0.2019983784053781,511.58599821083567,0,normal,0.5662197701873264,False,0.1715394983069424,False,0.2376500488698971,False,2.260016387184752,False,0,NORMAL,0,10.706720101845235,3.3726056589627684,4.64181440727367,36.36479158821646,28.457133561016786,NORMAL,Thrust,0,Telemetry remains within the expected prototype operating envelope.
58.4,steady,118.04414943653008,751.2335366362544,0.1944244324719359,505.9610862391074,0,normal,1.4668123529967132,False,0.9282083341918788,False,0.5130977089929945,False,1.298938607603985,False,0,NORMAL,0,25.424822139312532,16.94288371447299,9.752973961369904,22.87847191645608,23.088560167069154,NORMAL,Pressure,0,Telemetry remains within the expected prototype operating envelope.
58.5,steady,118.21791849916278,749.0938359303424,0.1913929676800503,502.3060191280459,0,normal,1.3676450881731663,False,0.4553930728026497,False,0.813583798482951,False,0.6744303840133609,False,0,NORMAL,0,23.930973739650764,8.705406276556804,15.016813903695514,12.618454613177576,20.828902177417554,NORMAL,Pressure,0,Telemetry remains within the expected prototype operating envelope.
58.6,steady,118.72924555820902,746.657054091361,0.1855063765350849,504.3135610399094,0,normal,1.075838795915817,False,0.0830689835789315,False,1.397076886811589,False,1.0174408938251822,False,0,NORMAL,0,19.35938532071936,1.6476548716387152,24.377428107739952,18.41201510269356,21.427520567775233,NORMAL,Vibration,0,Telemetry remains within the expected prototype operating envelope.
58.7,steady,117.9832362552046,749.2589348149864,0.2018822964687787,508.3558770312594,0,normal,1.5015745453699103,False,0.4918754051598674,False,0.2261437278060532,False,1.7081148273652995,False,0,NORMAL,0,25.941503296937285,9.369109928420539,4.42211733382446,28.938391899536462,24.81867794983659,NORMAL,Thrust,0,Telemetry remains within the expected prototype operating envelope.
58.8,steady,119.658322107362,746.4630599973041,0.2030831809746002,509.2002712171909,0,normal,0.5456294548782468,False,0.1259363659357617,False,0.3451782915751191,False,1.85238881660901,False,0,NORMAL,0,10.338246566328312,2.487272026575449,6.67066001852138,30.959559807073976,24.538590986216757,NORMAL,Thrust,0,Telemetry remains within the expected prototype operating envelope.
58.9,steady,118.03450348912892,744.9045137204238,0.1952259123713709,510.7786932946761,0,normal,1.4723171431239763,False,0.4703324131279223,False,0.4336530915160973,False,2.122079505653628,False,0,NORMAL,0,25.50688109985354,8.977775373563833,8.307593507241585,34.58482371323702,29.25062936181996,NORMAL,Thrust,0,Telemetry remains within the expected prototype operating envelope.
59.0,steady,117.7180249993432,748.4684283218363,0.2110649588127304,503.5925457990977,0,normal,1.6529264284135825,False,0.3171951177925947,False,1.1363513298295105,False,0.8942475478375301,False,0,NORMAL,0,28.149691922322017,6.146865414240077,20.329456917243704,16.37682651962785,24.510048317184754,NORMAL,Pressure,0,Telemetry remains within the expected prototype operating envelope.
59.1,steady,117.45444403707263,749.2247904293836,0.190330969548234,506.1866346292398,0,normal,1.8033479286042131,False,0.4843304309682945,False,0.9188516104428002,False,1.337476018867663,False,0,NORMAL,0,30.279067166971863,9.232245144955609,16.78730969506581,23.47059988626331,26.661200574191664,NORMAL,Pressure,0,Telemetry remains within the expected prototype operating envelope.
59.2,steady,117.39754304411755,746.4434484536281,0.1971813303334096,501.0704157647132,0,normal,1.835820428320841,False,0.1302699800359878,False,0.2398273547619693,False,0.4633140247097951,False,0,NORMAL,0,30.730402576022776,2.571751917541709,4.683330155239041,8.849919795123606,24.072859563258426,NORMAL,Pressure,0,Telemetry remains within the expected prototype operating envelope.
59.3,steady,118.9245698767975,746.2646505663668,0.2035369918095555,510.6828721353983,0,normal,0.9643702863061066,False,0.1697794168313923,False,0.3901611142451691,False,2.1057074117509336,False,0,NORMAL,0,17.541418180392988,3.338585254083559,7.506537796534318,34.37027596357611,27.83190088085083,NORMAL,Thrust,0,Telemetry remains within the expected prototype operating envelope.
59.4,steady,118.34291971235967,746.7598997817282,0.2017153584400133,502.7481265546776,0,normal,1.2963088662671824,False,0.0603429023847897,False,0.2095964284327759,False,0.7499692770767513,False,0,NORMAL,0,22.837899313774567,1.1996047243869379,4.105282178798686,13.928673486567389,18.52588727801213,NORMAL,Pressure,0,Telemetry remains within the expected prototype operating envelope.
59.5,steady,117.57233243217088,745.1070624396649,0.1833152898426784,510.621080596909,0,normal,1.7360708798637152,False,0.4255746928694593,False,1.614262675575175,False,2.095149651041665,False,0,NORMAL,0,29.334603625107103,8.159328202367055,27.591937703881698,34.23154896611804,30.940780946505694,NORMAL,Thrust,0,Telemetry remains within the expected prototype operating envelope.
59.6,steady,117.93379072053943,741.8407414323855,0.2136386945227804,510.2044201949643,0,normal,1.5297923325651313,False,1.1473421889360218,False,1.3914662105840825,False,2.02395866068432,False,0,NORMAL,0,26.358279520467953,20.50439411858205,24.292521725151374,33.288426484013534,30.7762941263276,NORMAL,Thrust,0,Telemetry remains within the expected prototype operating envelope.
59.7,steady,116.41353881780644,744.741437013111,0.1841805683468315,503.8210646287294,0,normal,2.397376128856226,False,0.5063678996712351,False,1.5284941867810296,False,0.9332924912035228,False,0,NORMAL,0,38.08918013989941,9.631423122904415,26.339157500463507,17.027295874758195,32.72808454676185,NORMAL,Pressure,0,Telemetry remains within the expected prototype operating envelope.
59.8,steady,118.38903942264854,744.7380025564296,0.2094833517251047,510.2904262631481,0,normal,1.2699890746166502,False,0.5071268205469638,False,0.9795786270284216,False,2.0386537388394994,False,0,NORMAL,0,22.43065030056125,9.645138601882142,17.791848765508078,33.484205002360355,29.058019485186517,NORMAL,Thrust,0,Telemetry remains within the expected prototype operating envelope.
59.9,steady,119.23284120559644,746.2679292064797,0.2126635620322848,505.8984980059512,0,normal,0.7884446984174946,False,0.1690549271503212,False,1.2948087301515383,False,1.288244722890416,False,0,NORMAL,0,14.58845779351905,3.3245781998032076,22.814745109702805,22.71334965350391,20.38068326250311,NORMAL,Vibration,0,Telemetry remains within the expected prototype operating envelope.
60.0,steady,118.19585510795844,749.1852974894201,0.1940369463203999,509.353613233899,0,normal,1.380236317735653,False,0.4756035727304785,False,0.5515062693425085,False,1.8785889786159875,False,0,NORMAL,0,24.12229325819538,9.073683344735928,10.44356975561297,31.32038775000311,26.917246271999918,NORMAL,Thrust,0,Telemetry remains within the expected prototype operating envelope.
60.1,steady,120.29309926333607,746.153732009012,0.2034346961351279,513.1513298193328,0,normal,0.1833721383185321,False,0.1942893805584345,False,0.3800213206830715,False,2.527470426316985,False,0,NORMAL,0,3.6010067281030955,3.8112593389504013,7.31877455031128,39.67925341323213,30.552415446278115,NORMAL,Thrust,0,Telemetry remains within the expected prototype operating envelope.
60.2,steady,118.684136876158,746.9965945392391,0.2134954224411971,511.65336063063256,0,normal,1.1015816096884288,False,0.0080398427406209,False,1.3772647368795925,False,2.271525993943219,False,0,NORMAL,0,19.773501619311308,0.16066764593370975,24.07718450694182,36.511106366015234,30.777934400002586,NORMAL,Thrust,0,Telemetry remains within the expected prototype operating envelope.
60.3,steady,120.07105183501704,744.7036839333017,0.2006843160159224,504.1666990000899,0,normal,0.3100911053998273,False,0.5147102964601591,False,0.1073970207594286,False,0.9923479067982128,False,0,NORMAL,0,6.0134238734126155,9.782075512865674,2.125036455960494,18.00152868188658,14.844174289087247,NORMAL,Thrust,0,Telemetry remains within the expected prototype operating envelope.
60.4,steady,118.18493029871546,743.7911070953121,0.2111347369414617,506.7720131029333,0,normal,1.3864709341566164,False,0.7163647872025473,False,1.1432679059647564,False,1.437494338539046,False,0,NORMAL,0,24.21684797399323,13.348248579055833,20.439590200551226,24.986258385476066,23.502775650228624,NORMAL,Thrust,0,Telemetry remains within the expected prototype operating envelope.
60.5,steady,118.75306575240364,745.988160075621,0.2080195403076504,511.4637517790017,0,normal,1.0622449865802628,False,0.2308762437345231,False,0.8344821146892498,False,2.2391292462198504,False,0,NORMAL,0,19.139844388062045,4.512539305157404,15.371273725381752,36.098404054526036,30.037143014340558,NORMAL,Thrust,0,Telemetry remains within the expected prototype operating envelope.
60.6,steady,117.05156742232042,749.0651364784054,0.1951353965257315,500.4898285035544,0,normal,2.03326326186923,False,0.4490512798444968,False,0.4426252400846259,False,0.3641143361436642,False,0,NORMAL,0,33.41245596093546,8.589538528844965,8.471981550468222,7.023449261856496,26.74912108854225,NORMAL,Pressure,0,Telemetry remains within the expected prototype operating envelope.
60.7,steady,119.28484855796124,748.566436941995,0.2166121340270781,502.0872622796744,0,normal,0.7587649222444905,False,0.3388523389313674,False,1.6862006938520284,False,0.6370533819984582,False,0,NORMAL,0,14.079950958685373,6.5525058935432146,28.626257670556544,11.962794967664326,23.96394956627608,NORMAL,Vibration,0,Telemetry remains within the expected prototype operating envelope.
60.8,steady,118.5775420270795,749.783418308349,0.2109260703573509,513.8471879622526,0,normal,1.1624136097420643,False,0.6077718944788607,False,1.122584371709462,False,2.6463654067650317,False,0,NORMAL,0,20.743655681946628,11.445710280536836,20.109790436092013,41.09670068431962,34.88499293956107,NORMAL,Thrust,0,Telemetry remains within the expected prototype operating envelope.
60.9,steady,117.8135608045784,747.6965024135451,0.1983519102907295,506.9233376634447,0,normal,1.598405650351291,False,0.1466206308592596,False,0.123796650809248,False,1.463349796072135,False,0,NORMAL,0,27.36193789132485,2.889834601138297,2.4455332044790667,25.37316009339906,22.866425386016015,NORMAL,Pressure,0,Telemetry remains within the expected prototype operating envelope.
61.0,steady,117.55045928672564,749.5921037386197,0.1929062959075949,500.0282088266171,0,normal,1.7485535391704357,False,0.5654966136210211,False,0.6635790606984834,False,0.285241561538204,False,0,NORMAL,0,29.51080200470171,10.69380456353507,12.428607598410323,5.545156505039072,24.27262873682865,NORMAL,Pressure,0,Telemetry remains within the expected prototype operating envelope.
61.1,steady,118.498552127682,747.968720326911,0.2196435177590555,507.2510824348272,0,normal,1.207491900165339,False,0.2067733351637991,False,1.986678748488704,False,1.5193485776944344,False,0,NORMAL,0,21.454992380889536,4.051122944098107,32.78916724220827,26.204299548153465,28.706672142528447,NORMAL,Vibration,0,Telemetry remains within the expected prototype operating envelope.
61.2,steady,115.9878533806118,747.1495348577516,0.2001645429426737,507.79717168952254,0,normal,2.640308097540648,False,0.0257557794576782,False,0.0558758622024346,False,1.6126539042477066,False,0,NORMAL,0,41.02529834278786,0.5137911439197729,1.111296215349189,27.56863635252822,32.810608352588304,NORMAL,Pressure,0,Telemetry remains within the expected prototype operating envelope.
61.3,steady,117.10741847692798,748.4668714701738,0.1998978752605852,502.4091187521161,0,normal,2.001389945416755,False,0.3168510962087777,False,0.0294431194575382,False,0.6920460832945342,False,0,NORMAL,0,32.98662697214368,6.140407691281746,0.5871319928011709,12.92577034240222,26.047302019273413,NORMAL,Pressure,0,Telemetry remains within the expected prototype operating envelope.
61.4,steady,119.15921702969553,749.3808092799857,0.2083656118611875,509.9218220899358,0,normal,0.830460855024233,False,0.5188063244543579,False,0.8687855603648926,False,1.9756736811753723,False,0,NORMAL,0,15.303183531522945,9.855952277460112,15.949897958154025,32.641072374859604,27.669831331083454,NORMAL,Thrust,0,Telemetry remains within the expected prototype operating envelope.
61.5,steady,117.77708111787796,746.8312683938752,0.2060199031586181,505.91356461803406,0,normal,1.619224032501108,False,0.0445723934935037,False,0.6362732656470601,False,1.2908190184810309,False,0,NORMAL,0,27.66375051736274,0.8874862539998585,11.94905804341685,22.75313114833255,23.51611260805808,NORMAL,Pressure,0,Telemetry remains within the expected prototype operating envelope.
61.6,steady,118.3815696333162,748.6717863769427,0.199437342734567,509.91048848793054,0,normal,1.274251965638059,False,0.3621316791140275,False,0.0162059734155018,False,1.973737211217332,False,0,NORMAL,0,22.496756053269028,6.98657382882355,0.32359476819949773,32.614979614450704,26.66165337255795,NORMAL,Thrust,0,Telemetry remains within the expected prototype operating envelope.
61.7,steady,118.28663212746407,752.6148774939062,0.2133496836622584,517.4426968323968,0,normal,1.328431303673767,False,1.2334468364149704,False,1.362818758193793,False,3.26069745298181,False,0,NORMAL,0,23.332037272512395,21.8616620921544,23.857511445639123,47.90699413094821,41.37338911747608,NORMAL,Thrust,1,Telemetry remains within the expected prototype operating envelope.
61.8,steady,118.6224663551944,749.0191377275914,0.2032953839936288,507.2731928426567,0,normal,1.13677600385472,False,0.4388868155670442,False,0.3662123657746742,False,1.5231263828884063,False,0,NORMAL,0,20.336223431927657,8.403521842869067,7.062454589538413,26.260035645582068,22.4994687767461,NORMAL,Thrust,0,Telemetry remains within the expected prototype operating envelope.
61.9,steady,118.35938681214571,744.1971684583011,0.2122125683531566,504.337708136104,0,normal,1.2869113519995834,False,0.6266363457662066,False,1.2501051507503664,False,1.0215666895195294,False,0,NORMAL,0,22.692736551170622,11.779186417464782,22.121559505372247,18.47931040556805,21.319148135223777,NORMAL,Pressure,0,Telemetry remains within the expected prototype operating envelope.
62.0,steady,118.1095674260158,747.8526324349971,0.1843346917580995,505.172529447197,0,normal,1.429479337618325,False,0.1811210900587918,False,1.5132171031497972,False,1.1642050483142228,False,0,NORMAL,0,24.865914914321074,3.557597199932949,26.11374874674276,20.772047169942166,23.563501138089954,NORMAL,Vibration,0,Telemetry remains within the expected prototype operating envelope.
62.1,steady,118.66184465216746,740.989548775171,0.1910108230729098,518.4156518316106,0,normal,1.114303430514773,False,1.3354324567017286,False,0.8514628920903332,False,3.426937464376887,False,0,NORMAL,0,19.977367582288686,23.43931497610211,15.658198541480296,49.610506395781215,41.75680056312737,NORMAL,Thrust,1,Telemetry remains within the expected prototype operating envelope.
62.2,steady,119.4289531112756,749.2561776604742,0.2224195738628262,499.48584201055365,0,normal,0.6765267252703236,False,0.4912661495159453,False,2.2618481138264186,False,0.1925722543702904,False,0,NORMAL,0,12.655083241768795,9.358065779305225,36.3880997798514,3.778220024889245,29.092968379162194,NORMAL,Vibration,0,Telemetry remains within the expected prototype operating envelope.
62.3,steady,118.59870960295166,746.3884300845147,0.1951865632047288,516.5941602846265,0,normal,1.150333607868408,False,0.1424275329599576,False,0.4375534756606289,False,3.1157156958764345,False,0,NORMAL,0,20.551940826046746,2.808361957529115,8.379092737860972,46.37437421594576,36.97829809238572,NORMAL,Thrust,1,Telemetry remains within the expected prototype operating envelope.
62.4,steady,119.1315283237048,747.9517812856499,0.2063248412460131,503.6607618131737,0,normal,0.8462623630602613,False,0.2030302709121309,False,0.6664994631154065,False,0.9059030005218576,False,0,NORMAL,0,15.570428506944944,3.9792674891562907,12.479741405031975,16.571532680976365,15.024081124819224,NORMAL,Thrust,0,Telemetry remains within the expected prototype operating envelope.
62.5,steady,118.08541525513644,747.5454399916546,0.1941561583897611,513.1278237920222,0,normal,1.443262600814719,False,0.1132399723891719,False,0.539689681982417,False,2.5234541642585,False,0,NORMAL,0,25.072748273430157,2.23934538834597,10.231669183749714,39.63078116294122,32.51278035665266,NORMAL,Thrust,0,Telemetry remains within the expected prototype operating envelope.
62.6,steady,118.24997184140244,750.2489838210067,0.1861092704555596,515.043796912557,0,normal,1.3493527510321228,False,0.7106491235010539,False,1.3373165897348636,False,2.850819143777319,False,0,NORMAL,0,23.65216799488391,13.249137487228147,23.468159644180187,43.45672030403704,37.33165942277789,NORMAL,Thrust,0,Telemetry remains within the expected prototype operating envelope.
62.7,steady,118.58867931211633,745.9912373837063,0.1985939467069899,508.9731035118997,0,normal,1.156057736734931,False,0.2301962429181733,False,0.099805418441671,False,1.8135747276257383,False,0,NORMAL,0,20.64284296834221,4.499552111802485,1.9763180233924982,30.42152582123997,24.808762689723984,NORMAL,Thrust,0,Telemetry remains within the expected prototype operating envelope.
62.8,steady,117.61446637814,748.2186224743339,0.2019124481521443,510.8857257237472,0,normal,1.7120257010805864,False,0.2619948663008405,False,0.2291324352620387,False,2.1403671677169345,False,0,NORMAL,0,28.99395276260912,5.104981444320956,4.479231128591832,34.8236448265678,29.05802752645192,NORMAL,Thrust,0,Telemetry remains within the expected prototype operating envelope.
62.9,steady,118.19918130752109,747.3011519208387,0.2015820215579433,506.0246779148851,0,normal,1.3783381080780308,False,0.059258998443641,False,0.1963797556265344,False,1.3098039414729348,False,0,NORMAL,0,24.09348143030533,1.1781843751454746,3.8514650429266273,23.04588018612589,20.225551395217508,NORMAL,Pressure,0,Telemetry remains within the expected prototype operating envelope.
63.0,steady,118.69052379150958,748.7249478819383,0.2152198986373114,509.3672397863563,0,normal,1.0979366977778728,False,0.3738789159172387,False,1.5481989697217249,False,1.8809172242569565,False,0,NORMAL,0,19.71499659343763,7.204847465831432,26.628880415307798,31.352360906857978,27.807879560333234,NORMAL,Thrust,0,Telemetry remains within the expected prototype operating envelope.
63.1,steady,120.49864527571638,750.2128467093736,0.2080473085043697,505.4980157062422,0,normal,0.0660702691922245,False,0.7026638114265825,False,0.8372345652097711,False,1.219817938382454,False,0,NORMAL,0,1.3127131515668466,13.110480252592026,15.417848181154225,21.648383661253057,18.576774088889024,NORMAL,Thrust,0,Telemetry remains within the expected prototype operating envelope.
63.2,steady,117.03413286339902,746.4725897311632,0.2112185963304552,501.1570055798177,0,normal,2.043212889814765,False,0.1238305557198114,False,1.1515802505227806,False,0.4781088424159601,False,0,NORMAL,0,33.54482846933294,2.446194717330563,20.57174702469361,9.119230921832388,27.551313604220493,NORMAL,Pressure,0,Telemetry remains within the expected prototype operating envelope.
63.3,steady,118.59238534246404,746.8671465728862,0.1976812739733539,505.2654430175507,0,normal,1.1539427636357622,False,0.0366442984377912,False,0.1902717373804479,False,1.180080348823327,False,0,NORMAL,0,20.60926821740363,0.7302069083543028,3.7339378705604775,21.023201755478972,17.698534931843604,NORMAL,Thrust,0,Telemetry remains within the expected prototype operating envelope.
63.4,steady,119.11488086119456,753.2443893937448,0.1998942059333823,497.05823347109686,0,normal,0.8557628074913972,False,1.372551727415576,False,0.0290794069099915,False,0.2222112367348298,False,0,NORMAL,0,15.730699884256927,24.005585778103722,0.5799001882781929,4.3469159307781275,19.511652161641404,NORMAL,Temperature,0,Telemetry remains within the expected prototype operating envelope.
63.5,steady,117.48254878585207,744.1396531896222,0.2087659176509652,513.2542368448878,0,normal,1.7873089915069855,False,0.639345645117819,False,0.9084648341247148,False,2.5450532180336927,False,0,NORMAL,0,30.055058141176517,12.003146604946025,16.614267702242657,39.89100230604016,34.55345553993657,NORMAL,Thrust,0,Telemetry remains within the expected prototype operating envelope.
63.6,steady,118.108638547243,748.5252730548344,0.2046258058004054,507.2938643649525,0,normal,1.4300094340915137,False,0.32975624712103,False,0.4980869787210464,False,1.5266583387391743,False,0,NORMAL,0,24.873880154783066,6.382349767729734,9.481632108088146,26.31210651192414,22.969741480221636,NORMAL,Thrust,0,Telemetry remains within the expected prototype operating envelope.
63.7,steady,117.82288779033746,746.9227848797573,0.1988981484134692,509.7726711479559,0,normal,1.5930828866051965,False,0.0243497562460682,False,0.0696522128227865,False,1.9501896101604157,False,0,NORMAL,0,27.28456966863866,0.4858112262854486,1.383386293532074,32.29688003875272,26.369903657570045,NORMAL,Thrust,0,Telemetry remains within the expected prototype operating envelope.
63.8,steady,118.69778035571372,745.8891194336251,0.1891474988011915,514.5428000499489,0,normal,1.0937954909759338,False,0.252761513437924,False,1.0361600805119389,False,2.765218345984859,False,0,NORMAL,0,19.648473688289513,4.92957970129696,18.716896178145394,42.480356428574225,35.11757095325003,NORMAL,Thrust,0,Telemetry remains within the expected prototype operating envelope.
63.9,steady,119.0494573761048,747.6742943725867,0.2082920448041815,500.87904803362943,0,normal,0.8930989591243825,False,0.1417132619633802,False,0.861493416535882,False,0.4306167531795415,False,0,NORMAL,0,16.35761458640794,2.794476732138629,15.82722744020504,8.251894763129064,14.415180664329721,NORMAL,Pressure,0,Telemetry remains within the expected prototype operating envelope.
64.0,steady,117.6700813403282,743.049513185757,0.1929486715469446,508.499590448038,0,normal,1.6802871188501785,False,0.8802367330415932,False,0.6593786852918778,False,1.7326698376815075,False,0,NORMAL,0,28.541792935862475,16.142172144016133,12.355010144451906,29.286520074764077,26.589718887267427,NORMAL,Thrust,0,Telemetry remains within the expected prototype operating envelope.
64.1,steady,116.98401602243332,744.1901429628806,0.2143537961763785,509.3715535634226,0,normal,2.071813780933515,False,0.6281887878645172,False,1.4623488083476022,False,1.881654280286508,False,0,NORMAL,0,33.923878743259884,11.806573706517264,25.35821848767914,31.362479592297454,31.014996854472376,NORMAL,Pressure,0,Telemetry remains within the expected prototype operating envelope.
64.2,steady,118.78512838667268,744.7018441911559,0.2176183500425686,510.98998208069366,0,normal,1.0439473466245304,False,0.515116829093968,False,1.7859392481265908,False,2.158180507471385,False,0,NORMAL,0,18.843392278679605,9.789410520761333,30.035894192106483,35.055433400271916,30.986893119460937,NORMAL,Thrust,0,Telemetry remains within the expected prototype operating envelope.
64.3,steady,117.52456800117446,746.5417569154761,0.2036335158761574,503.07846628578704,0,normal,1.7633292876953803,False,0.1085465020948927,False,0.399728812142407,False,0.8064114359723402,False,0,NORMAL,0,29.718800652421763,2.1475349584611503,7.683358466671031,14.894820382841035,24.081115439358708,NORMAL,Pressure,0,Telemetry remains within the expected prototype operating envelope.
64.4,steady,118.77723879053984,747.989151955592,0.2143001739515967,507.97336199343954,0,normal,1.048449814769335,False,0.2112881655925164,False,1.4570336443128535,False,1.6427579462173054,False,0,NORMAL,0,18.916440392264132,4.137722421964918,25.27882963616157,28.0034215222427,24.881660212063174,NORMAL,Thrust,0,Telemetry remains within the expected prototype operating envelope.
64.5,steady,118.62888896018296,736.8104872806579,0.1943539013788456,506.37215517914615,0,normal,1.1331107244309393,False,2.2588906055121707,False,0.5200889207685313,False,1.369174235491633,False,0,NORMAL,0,20.277804021982483,36.35046210481785,9.879072996549132,23.954234332087086,31.5431880454823,NORMAL,Temperature,0,Telemetry remains within the expected prototype operating envelope.
64.6,steady,117.9878332418583,750.2502392666257,0.193996628970411,502.4816900851226,0,normal,1.4989511175515715,False,0.710926542603111,False,0.5555026221516144,False,0.7044456898906245,False,0,NORMAL,0,25.902635677102413,13.253950622977516,10.515120975728031,13.141440048402785,22.33286358098501,NORMAL,Pressure,0,Telemetry remains within the expected prototype operating envelope.
64.7,steady,118.97403217140204,749.9049243289942,0.2158850848931186,503.0610172943744,0,normal,0.9361429344776836,False,0.634621397660761,False,1.6141338330673258,False,0.8034300847961627,False,0,NORMAL,0,17.07458419149358,11.919963531215839,27.590071832574502,14.84405956529259,24.18355611422387,NORMAL,Vibration,0,Telemetry remains within the expected prototype operating envelope.
64.8,steady,120.6511988439238,747.2941119235644,0.1849906761995406,505.558997241922,0,normal,0.0209896473947584,False,0.057703351832767,False,1.4481943458007718,False,1.2302373012455758,False,0,NORMAL,0,0.41891304898146187,1.1474332270901666,25.146616257239774,21.811488441749006,20.591190027523638,NORMAL,Vibration,0,Telemetry remains within the expected prototype operating envelope.
64.9,steady,118.92977627016528,743.056579237389,0.2043752843517932,501.9969027998852,0,normal,0.9613990796824702,False,0.8786753291311521,False,0.4732546895160587,False,0.6216144758188863,False,0,NORMAL,0,17.492403321612414,16.115980866645607,9.030958250107801,11.69053521494452,16.123926453712723,NORMAL,Pressure,0,Telemetry remains within the expected prototype operating envelope.
65.0,steady,118.35665240786088,745.6657000095806,0.2034847857615365,504.4502994912081,0,normal,1.2884718334209642,False,0.3021310879242664,False,0.3849863250610935,False,1.0408041549425089,False,0,NORMAL,0,22.716860096210358,5.863677749176199,7.410761409260525,18.792358084468653,19.55952907970936,NORMAL,Pressure,0,Telemetry remains within the expected prototype operating envelope.
65.1,steady,119.2664878810604,746.2477529418097,0.2167886718109875,507.4555347656071,0,normal,0.7692430711219685,False,0.1735133291256282,False,1.7036995440699652,False,1.5542814963043077,False,0,NORMAL,0,14.259819037490907,3.41074335650714,28.87561275860967,26.718082503953067,25.179770838045354,NORMAL,Vibration,0,Telemetry remains within the expected prototype operating envelope.
65.2,steady,117.88471081921692,749.4960874892112,0.2099647263950173,508.1450374966634,0,normal,1.5578014585753868,False,0.5442796518579691,False,1.0272936433890694,False,1.6720905850703378,False,0,NORMAL,0,26.769654265705256,10.31403815769939,18.57262999741005,28.424554945993176,25.83303748449125,NORMAL,Thrust,0,Telemetry remains within the expected prototype operating envelope.
65.3,steady,117.57149086467554,743.1010423501458,0.2176265683769269,500.5015601428013,0,normal,1.7365511491671983,False,0.8688501988116577,False,1.786753869216717,False,0.366118815121273,False,0,NORMAL,0,29.34139098326537,15.950984524739898,30.047292110811362,7.060715699651309,26.74077341239333,NORMAL,Vibration,0,Telemetry remains within the expected prototype operating envelope.
65.4,steady,120.78650787549928,741.4641338386748,0.21151567601948,496.7545237278098,0,normal,0.0982083787613796,False,1.2305621539383629,False,1.181027504622811,False,0.2741033707242084,False,0,NORMAL,0,1.945003480657015,21.816568226433986,21.038161005056633,5.334510756863276,18.567515650720544,NORMAL,Temperature,0,Telemetry remains within the expected prototype operating envelope.
65.5,steady,117.57037877623534,746.4860261070816,0.1959878040354206,509.8816409076371,0,normal,1.7371858005095326,False,0.1208614845901919,False,0.3581325552532017,False,1.968808286364104,False,0,NORMAL,0,29.350359130300664,2.3882486770719025,6.912149627235409,32.54851972190836,27.386474570435617,NORMAL,Thrust,0,Telemetry remains within the expected prototype operating envelope.
65.6,steady,118.83556366467444,747.7217971410848,0.2039272296560602,510.3895323049336,0,normal,1.0151647285090073,False,0.1522100729622738,False,0.4288424292256535,False,2.0555870908743348,False,0,NORMAL,0,18.374865099092187,2.998332275114912,8.21933081340207,33.709091054461105,27.449800869080867,NORMAL,Thrust,0,Telemetry remains within the expected prototype operating envelope.
65.7,steady,119.36548350901268,747.8946884594067,0.2150497156055115,502.7794211343103,0,normal,0.7127478267742021,False,0.190414319770438,False,1.5313300178341838,False,0.7553162985514907,False,0,NORMAL,0,13.285542710138397,3.7366830004622487,26.38092359609715,14.020669333668312,22.172184468495182,NORMAL,Vibration,0,Telemetry remains within the expected prototype operating envelope.
65.8,steady,118.58016552265376,744.8362259505774,0.2133424013503961,498.5652413457831,0,normal,1.160916422173495,False,0.4854221402380734,False,1.3620969179072722,False,0.0352775540753754,False,0,NORMAL,0,20.719919805729447,9.252061381394439,23.846518108964,0.7030679133032014,20.27087390164832,NORMAL,Vibration,0,Telemetry remains within the expected prototype operating envelope.
65.9,steady,119.74420828198538,746.2619113296078,0.2031421746899281,501.127807536654,0,normal,0.4966155688934835,False,0.1703847131425232,False,0.3510258906865488,False,0.4731200371452508,False,0,NORMAL,0,9.45499026495521,3.3502863053638365,6.779746729661218,9.028508377691491,8.649427694017165,NORMAL,Pressure,0,Telemetry remains within the expected prototype operating envelope.
66.0,steady,117.9986626709036,749.5875073459401,0.2138267308094947,510.6541578959054,0,normal,1.4927709331058905,False,0.564480936708718,False,1.410104820086733,False,2.100801269632996,False,0,NORMAL,0,25.810991975581345,10.67566147267951,24.574212790777096,34.30584660813136,30.6433876694127,NORMAL,Thrust,0,Telemetry remains within the expected prototype operating envelope.
66.1,steady,118.52539460073156,744.9408026413356,0.1803685118524637,504.4063678370836,0,normal,1.1921733239291843,False,0.4623135553600802,False,1.906354405370236,False,1.0332979509678528,False,0,NORMAL,0,21.21398384119998,8.83167939799483,31.700714527824836,18.67035430395224,27.641928499296185,NORMAL,Vibration,0,Telemetry remains within the expected prototype operating envelope.
66.2,steady,121.4578014191242,746.9650331273226,0.2062636351043323,507.561076355632,0,normal,0.4813050221247607,False,0.0150140504809346,False,0.6604325629766798,False,1.5723144321981222,False,0,NORMAL,0,9.177306611830172,0.2998306171221654,12.37348161751488,26.98190409427599,21.81108341859442,NORMAL,Thrust,0,Telemetry remains within the expected prototype operating envelope.
66.3,steady,118.65260261458307,747.8573621540494,0.200414804027716,506.2613037995627,0,normal,1.1195777156766675,False,0.182166228448397,False,0.0806823435434571,False,1.350234063931796,False,0,NORMAL,0,20.061735512968305,3.5777542246819394,1.60069733656375,23.665624074789026,19.661914124150634,NORMAL,Thrust,0,Telemetry remains within the expected prototype operating envelope.
66.4,steady,119.18529044476809,746.9793996308592,0.1959950589362555,501.5543195841824,0,normal,0.8155811680524497,False,0.0118394466187456,False,0.3574134320137206,False,0.5459942889847992,False,0,NORMAL,0,15.050755689780637,0.2365088085268141,6.89876033710024,10.344788660788673,12.629437379274597,NORMAL,Pressure,0,Telemetry remains within the expected prototype operating envelope.
66.5,steady,118.28540997508792,750.0073649872021,0.1956322497353953,507.3908673525656,0,normal,1.329128766769355,False,0.6572579778393022,False,0.393375953593805,False,1.5432323609490204,False,0,NORMAL,0,23.342731141560424,12.317828383211982,7.56598900623402,26.555963076875578,23.3673457656588,NORMAL,Thrust,0,Telemetry remains within the expected prototype operating envelope.
66.6,steady,117.03455044492016,744.9720319446443,0.2036131823762495,510.6530016830306,0,normal,2.0429745826232293,False,0.4554127345274726,False,0.3977133066714792,False,2.100603718007646,False,0,NORMAL,0,33.54166104479345,8.705765277686872,7.646138026161264,34.30325095949852,29.6643344631363,NORMAL,Thrust,0,Telemetry remains within the expected prototype operating envelope.
66.7,steady,119.66677526488046,749.4603010720145,0.2170468613144795,508.9680806444175,0,normal,0.5408053711344094,False,0.5363718336503795,False,1.7292919093381802,False,1.8127165157370604,False,0,NORMAL,0,10.251697659688109,10.172081874437023,29.238730920128774,30.40958218150468,26.772536523606917,NORMAL,Thrust,0,Telemetry remains within the expected prototype operating envelope.
66.8,steady,118.59073638307731,746.9106004083285,0.2066771052248121,509.2184199504187,0,normal,1.1548837987642795,False,0.027042190766266,False,0.7014167168934543,False,1.8554897263335444,False,0,NORMAL,0,20.62420870490439,0.5393838883232194,13.088805660665258,31.002364166932516,25.861328420328356,NORMAL,Thrust,0,Telemetry remains within the expected prototype operating envelope.
66.9,steady,119.84202757255224,748.6008872287038,0.2118161931612187,501.9527207334049,0,normal,0.4407916417482965,False,0.3464649088903955,False,1.2108154873127217,False,0.614065486152267,False,0,NORMAL,0,8.438410270748864,6.694672757836962,21.507185267769735,11.55710506658404,18.19694059330754,NORMAL,Vibration,0,Telemetry remains within the expected prototype operating envelope.
67.0,steady,117.99540562803465,744.0720581112779,0.2097136602431997,511.7518053112224,0,normal,1.4946296761285751,False,0.6542823063750152,False,1.0024073618908005,False,2.288346345178649,False,0,NORMAL,0,25.83856651007148,12.265630185082399,18.166334828270248,36.72432861571087,32.00786386238637,NORMAL,Thrust,0,Telemetry remains within the expected prototype operating envelope.
67.1,steady,118.1972907924908,749.3983153727784,0.2065939192683484,507.5555285555655,0,normal,1.3794169952045456,False,0.522674691566083,False,0.6931711245893092,False,1.5713665298316029,False,0,NORMAL,0,24.109858576473254,9.925667359535117,12.945360559154395,26.968059976848735,23.999771801252685,NORMAL,Thrust,0,Telemetry remains within the expected prototype operating envelope.
67.2,steady,120.04761132047224,750.0346872425433,0.2033146729904028,511.67290779098266,0,normal,0.3234682375443334,False,0.663295448063626,False,0.3681243375799609,False,2.2748658402485136,False,0,NORMAL,0,6.264541969358328,12.423640186862162,7.097986588782835,36.5535008347041,29.21449663078207,NORMAL,Thrust,0,Telemetry remains within the expected prototype operating envelope.
67.3,steady,117.07155966356896,748.3797621114412,0.2063300787479266,510.6852882482154,0,normal,2.021854004937797,False,0.2976023133744249,False,0.6670186169162018,False,2.106120231072037,False,0,NORMAL,0,33.26033959379274,5.778374687089327,12.488828228257166,34.375694383514364,29.860734577391526,NORMAL,Thrust,0,Telemetry remains within the expected prototype operating envelope.
67.4,steady,118.67288500893858,745.5466345550503,0.1922735686929895,504.78311551107817,0,normal,1.108002872940942,False,0.3284412928284503,False,0.7262965057235948,False,1.097669414877828,False,0,NORMAL,0,19.87646658183253,6.357725943744519,13.5201979081795,19.710704717016014,18.122899103883743,NORMAL,Pressure,0,Telemetry remains within the expected prototype operating envelope.
67.5,steady,118.82267105507322,745.7133621377992,0.1955964815319445,508.9413499475159,0,normal,1.0225223375748602,False,0.2915990627911402,False,0.3969213840443853,False,1.808149283582323,False,0,NORMAL,0,18.494889934362014,5.66517954138146,7.631509445122086,30.34598602129942,25.161927846284062,NORMAL,Thrust,0,Telemetry remains within the expected prototype operating envelope.
67.6,steady,117.66849367993224,747.2376206823004,0.1912943463592162,500.4833045890131,0,normal,1.681193171610953,False,0.0452203344973831,False,0.823359381269562,False,0.3629996539347563,False,0,NORMAL,0,28.554740743845418,0.9003292341632663,15.182803620430253,7.0027190897962726,23.079133343720102,NORMAL,Pressure,0,Telemetry remains within the expected prototype operating envelope.
67.7,steady,117.07339084024424,745.8815620053155,0.198624236691752,508.9987735158716,0,normal,2.020808981275098,False,0.2544314981380112,False,0.0968030022182549,False,1.8179607287832973,False,0,NORMAL,0,33.24638923112462,4.9613276286124774,1.9174387685496175,30.48253331309282,27.78832578260171,NORMAL,Pressure,0,Telemetry remains within the expected prototype operating envelope.
67.8,steady,118.2678731280148,745.9256620509404,0.1877368651743824,509.116870650641,0,normal,1.339136768950651,False,0.2446865957122452,False,1.1759854821981142,False,1.8381389169272997,False,0,NORMAL,0,23.4960149067479,4.775918490119535,20.95849537163492,30.762515284632773,26.995017539660626,NORMAL,Thrust,0,Telemetry remains within the expected prototype operating envelope.
67.9,steady,117.12886948452952,745.7781928439609,0.1903829534418206,510.1817608384628,0,normal,1.989148193523034,False,0.2772732520853662,False,0.9136988417409796,False,2.020087061601056,False,0,NORMAL,0,32.82235373775241,5.394507410605653,16.701510342998237,33.23675038630872,29.317460915396357,NORMAL,Thrust,0,Telemetry remains within the expected prototype operating envelope.
68.0,steady,118.14724549442954,747.478152420592,0.1992752721208148,514.5199844902007,0,normal,1.4079770579155055,False,0.0983712618203046,False,0.0322708028926551,False,2.761320057867122,False,0,NORMAL,0,24.542108332844712,1.9481977281830432,0.6433377221224501,42.43549331329768,33.67037014958268,NORMAL,Thrust,0,Telemetry remains within the expected prototype operating envelope.
68.1,steady,120.2147840739756,749.3029440589389,0.1976528967480067,514.2921334605834,0,normal,0.2280653823595201,False,0.5016002429025657,False,0.1930845562850165,False,2.7223892154431937,False,0,NORMAL,0,4.458843810499513,9.545212755847821,3.7880784402560375,41.985536920542174,32.521145291977646,NORMAL,Thrust,0,Telemetry remains within the expected prototype operating envelope.
68.2,steady,118.67770887929474,745.4576843178382,0.1905782856153655,506.6137150975795,0,normal,1.1052499661701023,False,0.3480968593952435,False,0.8943370463682647,False,1.4104473916246487,False,0,NORMAL,0,19.832339911756257,6.725121723625705,16.378323336463897,24.579380359333435,21.884174200044924,NORMAL,Thrust,0,Telemetry remains within the expected prototype operating envelope.
68.3,steady,118.81815784333814,743.8076404442326,0.1936616490448323,513.6367696265214,0,normal,1.0250979563677336,False,0.7127113698484902,False,0.588706638957026,False,2.61041313090648,False,0,NORMAL,0,18.536864341066828,13.284910439327813,11.107403668021032,40.67163276664733,33.75163227963878,NORMAL,Thrust,0,Telemetry remains within the expected prototype operating envelope.
68.4,steady,120.46270819135812,744.2880920005013,0.2008949890553004,513.1780290355206,0,normal,0.0865789967387107,False,0.6065447328350113,False,0.1282794396920535,False,2.532032279647188,False,0,NORMAL,0,1.7166742480514752,11.423973527646591,2.5329572241244547,39.734263194500244,30.675459543428403,NORMAL,Thrust,0,Telemetry remains within the expected prototype operating envelope.
68.5,steady,120.21036136007892,745.1412158505088,0.1879538712260859,512.9196802460413,0,normal,0.2305893554625875,False,0.4180277243467615,False,1.15447531983483,False,2.48789056112819,False,0,NORMAL,0,4.507060301454668,8.020599798984051,20.617723772361686,39.199861084589116,31.81011863875451,NORMAL,Thrust,0,Telemetry remains within the expected prototype operating envelope.
68.6,steady,118.89766836136272,753.1474613616402,0.2064151889758782,509.2637624501273,0,normal,0.979722557100794,False,1.3511332866454158,False,0.6754549476435886,False,1.8632369887190856,False,0,NORMAL,0,17.7942151764795,23.679351161313612,12.636358369432465,31.109189942585015,27.677645994538686,NORMAL,Thrust,0,Telemetry remains within the expected prototype operating envelope.
68.7,steady,118.60193293969206,745.1945921649198,0.1917960058900268,502.8515423505984,0,normal,1.1484941004019562,False,0.4062330205452165,False,0.7736336806537608,False,0.7676389977793489,False,0,NORMAL,0,20.522706389070866,7.803369727038789,14.335076321278573,14.232307917006693,18.317936933905617,NORMAL,Pressure,0,Telemetry remains within the expected prototype operating envelope.
68.8,steady,119.1573369220681,748.4971466358307,0.1867358313450698,507.6494454707743,0,normal,0.8315338028099967,False,0.3235410787489182,False,1.2752103657007865,False,1.587413262791625,False,0,NORMAL,0,15.32135663391243,6.265907520146518,22.511610452349874,27.202069075661683,23.920177471361264,NORMAL,Thrust,0,Telemetry remains within the expected prototype operating envelope.
68.9,steady,118.05456956591328,745.6431353445934,0.1855056261051121,508.8416661657853,0,normal,1.4608657494161656,False,0.3071172609645607,False,1.3971512712374172,False,1.7911172183540311,False,0,NORMAL,0,25.33607557177052,5.9575069549585695,24.378553127689507,30.108311099747876,27.076191305825688,NORMAL,Thrust,0,Telemetry remains within the expected prototype operating envelope.
69.0,steady,118.30470362596785,748.9801798407212,0.1873929443391732,503.6725067568344,0,normal,1.3181181843490115,False,0.4302781894106779,False,1.2100757434944869,False,0.9079097527042034,False,0,NORMAL,0,23.17373690197544,8.245682035931988,21.495571493774367,16.60501001422826,21.145929025301164,NORMAL,Pressure,0,Telemetry remains within the expected prototype operating envelope.
69.1,steady,120.63686744860838,747.5386283464607,0.1871762931489545,505.9419141151065,0,normal,0.0128109460022203,False,0.1117347853347602,False,1.2315507311329426,False,1.295662840364032,False,0,NORMAL,0,0.2558909595282266,2.209911343843529,21.83202476991406,22.827928926518638,18.961657452220003,NORMAL,Thrust,0,Telemetry remains within the expected prototype operating envelope.
69.2,steady,119.14273433515174,744.4243042027572,0.1913206838138157,507.3008532819093,0,normal,0.8398672689742458,False,0.5764455662384421,False,0.8207487493529683,False,1.5278524717005924,False,0,NORMAL,0,15.462372408115721,10.88915246044282,15.138506761168225,26.329703039075504,23.048533758919277,NORMAL,Thrust,0,Telemetry remains within the expected prototype operating envelope.
69.3,steady,118.03267731227682,749.9698212193381,0.2005656243398716,511.4864164682392,0,normal,1.4733593134664047,False,0.6489618332583752,False,0.0956320160372955,False,2.2430017564594324,False,0,NORMAL,0,25.522406385644636,12.172222825560496,1.8944654137474926,36.14787681060244,30.123104927502656,NORMAL,Thrust,0,Telemetry remains within the expected prototype operating envelope.
69.4,steady,118.08355596296693,748.676525477723,0.2106915208721421,505.49222972786384,0,normal,1.444323669546776,False,0.363178890608602,False,1.099335261975143,False,1.218829340644299,False,0,NORMAL,0,25.08864717918452,7.006052734706181,19.73745019927874,21.632890483512824,22.735811718679635,NORMAL,Pressure,0,Telemetry remains within the expected prototype operating envelope.
69.5,steady,117.7982369915869,748.947629235467,0.2139570627153249,507.4761272952843,0,normal,1.6071507088675256,False,0.4230853970312988,False,1.4230236324125525,False,1.5577999554015456,False,0,NORMAL,0,27.488871675359228,8.1135930980753,24.768843560558174,26.76963225011393,25.49259889009283,NORMAL,Pressure,0,Telemetry remains within the expected prototype operating envelope.
69.6,steady,118.5331168936309,744.8904069565759,0.1918910020454169,516.023913215784,0,normal,1.1877663331024395,False,0.4734496216317322,False,0.7642174329948206,False,3.0182827423493075,False,0,NORMAL,0,21.144511379149712,9.034504738528726,14.17359588762035,45.31914558210013,37.30372341726249,NORMAL,Thrust,1,Telemetry remains within the expected prototype operating envelope.
69.7,steady,118.35926006640508,744.3348210004449,0.198292718205002,505.1285131501652,0,normal,1.2869836837957955,False,0.5962189034974023,False,0.1296639128723332,False,1.1566843821723654,False,0,NORMAL,0,22.693854897726496,11.240860326608948,2.5599415893759248,20.652788105198063,19.751407113926795,NORMAL,Pressure,0,Telemetry remains within the expected prototype operating envelope.
69.8,steady,118.42042147390411,746.7892957228134,0.2174417526224796,500.7676543269016,0,normal,1.2520798326582825,False,0.0538472043978743,False,1.7684344866269366,False,0.4115839190908768,False,0,NORMAL,0,22.152310462129044,1.071165806669916,29.79052393079381,7.901983913144983,24.693989164880527,NORMAL,Vibration,0,Telemetry remains within the expected prototype operating envelope.
69.9,steady,117.46673961970316,743.9906260135349,0.222197360420784,504.1100555855987,0,normal,1.7963310334192588,False,0.6722765699995725,False,2.239821782394136,False,0.982669759424398,False,0,NORMAL,0,30.181153582528463,12.580805785502358,36.107254274959466,17.842656314502626,31.932003900004283,NORMAL,Vibration,0,Telemetry remains within the expected prototype operating envelope.
70.0,steady,117.80076812208308,747.2178599827746,0.2019572130556057,497.9200563890837,1,combined,1.6057062325930105,False,0.0408537610388995,False,0.2335696402803924,False,0.0749593578478938,False,0,NORMAL,0,27.46792052826079,0.8137462341410773,4.563962572950597,1.4880052950535183,20.85834137353004,NORMAL,Pressure,0,Telemetry remains within the expected prototype operating envelope.
70.1,steady,118.93715805656758,747.3006873881402,0.196494086811956,501.85453839637967,1,combined,0.9571864105459876,False,0.0591563494382611,False,0.307948587389069,False,0.5972899591864211,False,0,NORMAL,0,17.422858587620425,1.1761555621032316,5.973141657067438,11.259871486635065,14.460160470128066,NORMAL,Pressure,0,Telemetry remains within the expected prototype operating envelope.
70.2,steady,117.4725875007036,746.5745873389229,0.2094666518654983,504.3571685786159,1,combined,1.7929937399157976,False,0.1012918775576134,False,0.9779232967334444,False,1.0248917191329705,False,0,NORMAL,0,30.134536830367065,2.0054553311666945,17.764627931163023,18.53350412540046,25.5757848088221,NORMAL,Pressure,0,Telemetry remains within the expected prototype operating envelope.
70.3,steady,116.32080239319778,745.9427481030752,0.1951223430125109,501.4027565971893,1,combined,2.4502993445231853,False,0.2409110460833159,False,0.4439191357459774,False,0.5200980936775507,False,0,NORMAL,0,38.74102819888634,4.70398668620593,8.49566402726345,9.879238330610306,30.590911088035647,NORMAL,Pressure,0,Telemetry remains within the expected prototype operating envelope.
70.4,steady,118.64293666336772,747.597317419689,0.2194019105772046,504.3744443966775,1,combined,1.1250939216653628,False,0.1247034633477632,False,1.962730062869331,False,1.027843481746595,False,0,NORMAL,0,20.149878069436223,2.4632243229134376,32.466472827639635,18.581583883358,27.54855875950865,NORMAL,Vibration,0,Telemetry remains within the expected prototype operating envelope.
70.5,steady,117.55754654496076,748.7068344761375,0.2082419200846554,502.3139417116213,1,combined,1.744508952616152,False,0.369876349261678,False,0.8565249336435521,False,0.6757840441363042,False,0,NORMAL,0,29.453759003789948,7.130533968661146,15.743543672861747,12.642108393809403,24.829813543386663,NORMAL,Pressure,0,Telemetry remains within the expected prototype operating envelope.
70.6,steady,117.67218260988784,746.7726277733203,0.2114834856414938,509.75943852773145,1,combined,1.6790879574360005,False,0.0575303647925221,False,1.1778367168471575,False,1.947928672153333,False,0,NORMAL,0,28.524652895649616,1.1440131253378505,20.98775482910463,32.26625860453435,28.228802545227143,NORMAL,Thrust,0,Telemetry remains within the expected prototype operating envelope.
70.7,steady,117.92599038413331,748.1270184522775,0.2068498062540211,501.1934253551794,1,combined,1.5342438615909482,False,0.2417528859560171,False,0.718535258747151,False,0.4843315596804057,False,0,NORMAL,0,26.42381399452296,4.720030132310171,13.385855448151208,9.232265635086135,21.87965105232109,NORMAL,Pressure,0,Telemetry remains within the expected prototype operating envelope.
70.8,steady,119.55743061317396,743.1665403212558,0.2167188646798746,505.2522708768749,1,combined,0.6032066402011376,False,0.854376940825039,False,1.6967800931488235,False,1.177829744409132,False,0,NORMAL,0,11.364818787142383,15.70733944415541,28.77711627881091,20.98764464743127,25.42835600751184,NORMAL,Vibration,0,Telemetry remains within the expected prototype operating envelope.
70.9,steady,118.87107005520036,746.3918002207427,0.2079848774571361,502.0127102788809,1,combined,0.994901791143366,False,0.1416828251430389,False,0.8310462494832603,False,0.6243153566309391,False,0,NORMAL,0,18.043400909738672,2.7938850049280317,15.31309916046778,11.738225001134172,15.918463973003647,NORMAL,Pressure,0,Telemetry remains within the expected prototype operating envelope.
71.0,steady,117.04108126281484,743.4046704053046,0.1912305515828015,508.9456991988507,1,combined,2.039247547799744,False,0.801756713321673,False,0.8296828731161594,False,1.8088924007789495,False,0,NORMAL,0,33.49210406831094,14.815555291413407,15.290003988028122,30.35633747116665,29.99084271605753,NORMAL,Pressure,0,Telemetry remains within the expected prototype operating envelope.
71.1,steady,120.3541222397673,745.6542645033371,0.2158166756764808,507.9801708029688,1,combined,0.1485472876092421,False,0.3046580216485515,False,1.607352946794924,False,1.643921305853309,False,0,NORMAL,0,2.9272469837249626,5.911240978726107,27.4918045161068,28.020171156248608,23.84377681960716,NORMAL,Thrust,0,Telemetry remains within the expected prototype operating envelope.
71.2,steady,119.37807976789507,746.1511847480945,0.2038734484324179,507.2852250596525,1,combined,0.705559340392038,False,0.1948522554657511,False,0.4235115048410071,False,1.5251822188644766,False,0,NORMAL,0,13.160783909861152,3.822087175164135,8.121423467529798,26.290348867572565,21.585758063183338,NORMAL,Thrust,0,Telemetry remains within the expected prototype operating envelope.
71.3,steady,120.03859490313316,749.5263245409502,0.2051620775073666,506.369850400581,1,combined,0.3286137647888144,False,0.5509612122659913,False,0.5512435215778876,False,1.3687804388461144,False,0,NORMAL,0,6.360956021350306,10.433806550261748,10.438863481586925,23.94824478273856,20.0447728069246,NORMAL,Thrust,0,Telemetry remains within the expected prototype operating envelope.
71.4,steady,118.7773223854338,747.681813471146,0.2092450820600589,505.5396607607177,1,combined,1.048402108481103,False,0.1433747768382958,False,0.9559607641110156,False,1.2269334517783987,False,0,NORMAL,0,18.915666749440273,2.8267730503268362,17.402614030658437,21.75980675432767,19.47304969147889,NORMAL,Thrust,0,Telemetry remains within the expected prototype operating envelope.
71.5,steady,118.74352153763292,744.5289550563747,0.2061941596289584,505.3152423608004,1,combined,1.067691719499011,False,0.5533205933994608,False,0.6535459865709643,False,1.1885891117116332,False,0,NORMAL,0,19.22788116235379,10.476060737508874,12.252709122904227,21.157486433411677,19.274853209133216,NORMAL,Thrust,0,Telemetry remains within the expected prototype operating envelope.
71.6,steady,116.38781471680517,742.3396802733165,0.2073163538265126,509.1698296367857,1,combined,2.4120564677939638,False,1.0370903682770682,False,0.7647805775099652,False,1.847187539389066,False,0,NORMAL,0,38.27068791383665,18.7320181067267,14.183261877021335,30.887702744937773,33.80739332521454,NORMAL,Pressure,0,Telemetry remains within the expected prototype operating envelope.
71.7,steady,118.95406462874004,747.2176670320538,0.2046667943359909,508.3559031694429,1,combined,0.947538096315114,False,0.0408111242134567,False,0.502149861062603,False,1.708119293360054,False,0,NORMAL,0,17.2633587048876,0.8129004331372314,9.555155328122321,28.93845537166192,23.75985960238854,NORMAL,Thrust,0,Telemetry remains within the expected prototype operating envelope.
71.8,steady,118.26242727593652,746.7608005452018,0.208786711845031,504.76678163741,1,combined,1.342244630885651,False,0.0601438583240692,False,0.9105260047098576,False,1.094878593774167,False,0,NORMAL,0,23.543552895696152,1.195671519724073,16.648635061783455,19.665877595797465,20.6455113760901,NORMAL,Pressure,0,Telemetry remains within the expected prototype operating envelope.
71.9,steady,119.34533614174102,744.0239716878954,0.2277323010908207,509.1713601762893,1,combined,0.7242456116816873,False,0.6649080891202673,False,2.788458428925579,False,1.8474490488162425,False,0,NORMAL,0,13.48471845004492,12.451881478995796,42.74708831870595,30.89131735386472,36.49842039729986,NORMAL,Vibration,0,Telemetry remains within the expected prototype operating envelope.
72.0,steady,118.6365626233681,748.4748352358326,0.2142121425846784,513.8420646498416,1,combined,1.1287314858155109,False,0.318610870335697,False,1.4483077632574186,False,2.6454900327608133,False,0,NORMAL,0,20.20794893141028,6.1734362150882465,25.14831417406347,41.08638729814223,34.81005932292907,NORMAL,Thrust,0,Telemetry remains within the expected prototype operating envelope.
72.1,steady,118.50533282944114,746.7641903525789,0.1989976455543547,496.1516405378101,1,combined,1.2036222605594702,False,0.0593948037218923,False,0.059789816643836,False,0.3771125627797796,False,0,NORMAL,0,21.394180677522044,1.1808684435278938,1.1886751019307473,7.264841414586165,16.62121693367643,NORMAL,Pressure,0,Telemetry remains within the expected prototype operating envelope.
72.2,steady,119.04421761797124,747.813384151093,0.2090200198288784,504.2823020404008,1,combined,0.896089206493904,False,0.172448294110323,False,0.9336520538398848,False,1.0120999516041018,False,0,NORMAL,0,16.40762191608156,3.390166977042952,17.033262437068608,18.32481719643273,16.737269673761038,NORMAL,Thrust,0,Telemetry remains within the expected prototype operating envelope.
72.3,steady,119.98909842075838,746.9344905871135,0.212859052532622,510.0292413032752,1,combined,0.3568606270387919,False,0.0217631154751969,False,1.3141862192571352,False,1.9940274295645848,False,0,NORMAL,0,6.888466402365356,0.43431641598387083,23.113297503601547,32.88787688083046,26.91796622778316,NORMAL,Thrust,0,Telemetry remains within the expected prototype operating envelope.
72.4,steady,116.29145978815166,745.3280249914675,0.2192280229276344,508.15075842200696,1,combined,2.467044706678774,False,0.3767480198683672,False,1.9454939003482268,False,1.6730680677854388,False,0,NORMAL,0,38.94584576662831,7.258079979165622,32.2332673318034,28.43854633038816,34.66642694650713,NORMAL,Pressure,0,Telemetry remains within the expected prototype operating envelope.
72.5,steady,120.4726569414442,746.1853633775443,0.2171514260426199,506.0259027618752,1,combined,0.080901401892411,False,0.1872997143217578,False,1.7396566169678342,False,1.3100132199881365,False,0,NORMAL,0,1.6050082798841792,3.6766998696962983,29.38526296458035,23.04910108750553,24.150577244623037,NORMAL,Vibration,0,Telemetry remains within the expected prototype operating envelope.
72.6,steady,116.78777500601868,745.6234082876229,0.2070004862635614,499.0163954984073,1,combined,2.183805435542181,False,0.3114764003396054,False,0.7334710241079325,False,0.1123621792983183,False,0,NORMAL,0,35.38742192495402,6.039460092124916,13.644199108011035,2.222181156290537,28.01498470084091,NORMAL,Pressure,0,Telemetry remains within the expected prototype operating envelope.
72.7,steady,117.6323854243028,745.8096091755755,0.2024346346906962,507.1651536590667,1,combined,1.7017995839036293,False,0.270331103118842,False,0.2808928223111522,False,1.504666705795799,False,0,NORMAL,0,28.84858092247101,5.263063096599241,5.4629688723435095,25.98728928825618,24.488244040327277,NORMAL,Pressure,0,Telemetry remains within the expected prototype operating envelope.
72.8,steady,119.4441663792534,749.626053882857,0.2128432815472394,507.8490818354068,1,combined,0.6678447530508217,False,0.5729986657900121,False,1.312622961211814,False,1.6215233208705675,False,0,NORMAL,0,12.503286262030567,10.827700036769073,23.08925499408161,27.697007249520077,24.488313959648167,NORMAL,Thrust,0,Telemetry remains within the expected prototype operating envelope.
72.9,steady,118.67948594101937,744.7543754607264,0.204933599735056,503.5131506827245,1,combined,1.104235825056698,False,0.5035088570610503,False,0.5285962546458248,False,0.8806820231613991,False,0,NORMAL,0,19.816077998612357,9.579734824025198,10.032280384018133,16.14964002391641,17.743502356773092,NORMAL,Pressure,0,Telemetry remains within the expected prototype operating envelope.
73.0,steady,118.26732016048936,746.849607641602,0.2122768989322646,510.0018400396256,1,combined,1.339452338800675,False,0.0405199219568738,False,1.2564817526500571,False,1.989345623741056,False,0,NORMAL,0,23.500843224599556,0.8071235634715568,22.220816162221258,32.82500626485271,28.279710628479457,NORMAL,Thrust,0,Telemetry remains within the expected prototype operating envelope.
73.1,steady,117.21115833839924,745.820127336743,0.2161693670393928,498.45990074028566,1,combined,1.9421872417857613,False,0.2680068775353247,False,1.6423125639153289,False,0.0172789585880144,False,0,NORMAL,0,32.18843621995383,5.219014857096904,27.997008036230252,0.3449827341930001,26.67555970462396,NORMAL,Pressure,0,Telemetry remains within the expected prototype operating envelope.
73.2,steady,118.62214559362448,747.053724245611,0.2038633082251024,506.54272661297887,1,combined,1.136959057426328,False,0.0045842578995529,False,0.4225063830757782,False,1.3983182320042555,False,0,NORMAL,0,20.33913992630557,0.09164313999248108,8.102951779556234,24.39620052055419,20.488899682920966,NORMAL,Thrust,0,Telemetry remains within the expected prototype operating envelope.
73.3,steady,119.58633111053253,749.2070367405298,0.197492362903895,499.86335759026025,1,combined,0.5867135819336441,False,0.4804073519073679,False,0.2089970574550911,False,0.2570749233765188,False,0,NORMAL,0,11.071963002274298,9.160999382638991,4.093786187621051,5.011559873960092,9.763877940546557,NORMAL,Pressure,0,Telemetry remains within the expected prototype operating envelope.
73.4,steady,118.79297205710802,749.2361682815293,0.2069110984077586,509.58490919724017,1,combined,1.0394710875513395,False,0.4868446247158031,False,0.7246106846080393,False,1.9181084256742156,False,0,NORMAL,0,18.770704146110738,9.277875216056596,13.491035096840365,31.861084192778534,27.13226585733734,NORMAL,Thrust,0,Telemetry remains within the expected prototype operating envelope.
73.5,steady,119.48007048283048,746.2452682965854,0.2098600674594224,502.83646675154887,1,combined,0.6473548471162629,False,0.1740623676794475,False,1.0169195976896874,False,0.7650631666671153,False,0,NORMAL,0,12.143990684775252,3.4213490193611085,18.403508359002053,14.188111915902313,16.176014431517398,NORMAL,Vibration,0,Telemetry remains within the expected prototype operating envelope.
73.6,steady,117.94550737954584,752.0146754186167,0.2109020406645753,503.0319393010004,1,combined,1.5231058199665577,False,1.1008186140050418,False,1.1202024907016035,False,0.7984617913460658,False,0,NORMAL,0,26.25973238313365,19.76125819077521,20.07172357516378,14.759401571462883,24.14338617458373,NORMAL,Pressure,0,Telemetry remains within the expected prototype operating envelope.
73.7,steady,118.5685888933531,748.3688120502537,0.2101397858832216,498.1845924587568,1,combined,1.1675230220263673,False,0.2951826497138557,False,1.0446459613772023,False,0.0297604747830017,False,0,NORMAL,0,20.82460498242089,5.73276672382439,18.854730927212636,0.5934416331755954,17.561478361904012,NORMAL,Pressure,0,Telemetry remains within the expected prototype operating envelope.
73.8,steady,118.41639726769196,750.6593599778275,0.2103760234058739,505.1718942405243,1,combined,1.2543763837076969,False,0.8013310162157802,False,1.068062393447467,False,1.1640965163013393,False,0,NORMAL,0,22.18805849040393,14.808302428349595,19.23386896444177,20.77032739743774,21.159786780817946,NORMAL,Pressure,0,Telemetry remains within the expected prototype operating envelope.
73.9,steady,119.11641673662815,747.5511071433751,0.1893838131489038,501.7317483120033,1,combined,0.8548863075923291,False,0.1144922577273432,False,1.0127360333567457,False,0.5763099292339281,False,0,NORMAL,0,15.71592618277078,2.2638271692845047,18.33520695423022,10.886735081968379,16.048032866721858,NORMAL,Vibration,0,Telemetry remains within the expected prototype operating envelope.
74.0,steady,119.22493390697088,750.1598846397508,0.2116069475559423,502.6671696356798,1,combined,0.7929572690958441,False,0.690960644379322,False,1.1900745590852988,False,0.7361369013270205,False,0,NORMAL,0,14.665508142965,12.906865538999046,21.18090623529323,13.690229628215878,19.2313961381695,NORMAL,Vibration,0,Telemetry remains within the expected prototype operating envelope.
74.1,steady,118.75960698816044,753.8492665727385,0.2009196470536059,506.5226722993207,1,combined,1.058512006447091,False,1.506213019718802,False,0.1307235998569032,False,1.3948917330050703,False,0,NORMAL,0,19.07945197560681,26.01017512621533,2.5805905934852436,24.344371494721894,23.207890386167527,NORMAL,Temperature,0,Telemetry remains within the expected prototype operating envelope.
74.2,steady,118.43704102238569,745.2284923967343,0.2088332470621396,498.0476377740264,1,combined,1.2425953183232796,False,0.39874199765484,False,0.9151386874795724,False,0.0531606817489891,False,0,NORMAL,0,22.004500810700723,7.665136788726878,16.72549428458766,1.0575814970373298,18.45503794779757,NORMAL,Pressure,0,Telemetry remains within the expected prototype operating envelope.
74.3,steady,120.89772306313978,750.5594746529914,0.2329755612301781,502.4342578005276,1,combined,0.1616771331993176,False,0.7792590947358973,False,3.3081829989325677,False,0.6963413648828497,False,0,NORMAL,0,3.181822635156928,14.431402257391435,48.39938524869248,13.000539889271234,38.373251039319925,NORMAL,Vibration,1,Telemetry remains within the expected prototype operating envelope.
74.4,steady,119.55933822906589,747.5662013783311,0.2148208247801937,505.0957113544679,1,combined,0.6021179938824552,False,0.1178276703046585,False,1.5086418080934754,False,1.1510798363352956,False,0,NORMAL,0,11.345518213322148,2.329003519889239,26.04610752358939,20.563797221945645,22.204857207223416,NORMAL,Vibration,0,Telemetry remains within the expected prototype operating envelope.
74.5,steady,117.33169231071643,747.9931924953501,0.2289991152585384,508.6329908163662,1,combined,1.873400403830157,False,0.2121810142309224,False,2.9140280995306544,False,1.7554627507853038,False,0,NORMAL,0,31.249080897424097,4.1548389944706,44.16702938757881,29.60813969364621,38.2617393870742,NORMAL,Vibration,0,Telemetry remains within the expected prototype operating envelope.
74.6,steady,120.80773491595376,752.894027407174,0.2342634730927683,492.4431456305209,1,combined,0.1103223161347927,False,1.2951313228685313,False,3.435843923853532,False,1.0107495101663504,False,0,NORMAL,0,2.1822823438583328,22.81972482927632,49.70018489684209,18.30275470689806,40.4430530259239,NORMAL,Vibration,1,Telemetry remains within the expected prototype operating envelope.
74.7,steady,119.05486386095237,749.0203558451686,0.2173294618687383,498.5963232965423,1,combined,0.890013563447382,False,0.4391559861940731,False,1.7573039567365938,False,0.0405882455796825,False,0,NORMAL,0,16.30598468730571,8.408452726434811,29.634056104032137,0.8084789975457141,24.08837156271125,NORMAL,Vibration,0,Telemetry remains within the expected prototype operating envelope.
74.8,steady,118.25597898392256,749.8707289407021,0.2393865110855492,501.6041553236139,1,combined,1.345924569489908,False,0.6270651532715471,False,3.943651785214736,False,0.5545092705591466,False,0,NORMAL,0,23.59980319963921,11.786752042438753,54.55786179174884,10.497341220215562,44.25126401186546,NORMAL,Vibration,1,Telemetry remains within the expected prototype operating envelope.
74.9,steady,119.9664590019605,753.2704135692646,0.226073850812552,499.5469530967504,1,combined,0.3697805864686589,False,1.3783023575466344,False,2.624068844040931,False,0.2030137523572747,False,0,NORMAL,0,7.128755263737152,24.092938688689948,40.833445931383984,3.9789502638848173,33.194722743322984,NORMAL,Vibration,0,Telemetry remains within the expected prototype operating envelope.
75.0,steady,118.81081195532576,753.8614765469861,0.1952494982651868,504.9818702237189,1,combined,1.029290138858973,False,1.5089110896635602,False,0.4313152009297258,False,1.1316288330635786,False,0,NORMAL,0,18.6051373819608,26.050090300395578,8.264710119559815,20.254172593433097,23.335293354850187,NORMAL,Temperature,0,Telemetry remains within the expected prototype operating envelope.
75.1,steady,119.06504556176624,749.1391713020679,0.2287083201895166,492.9750841515146,1,combined,0.8842030272928667,False,0.4654109484678543,False,2.8852037920977547,False,0.9198619913572362,False,0,NORMAL,0,16.208666730929377,8.888138734089445,43.84423049414059,16.804123299018737,36.001451256281975,NORMAL,Vibration,0,Telemetry remains within the expected prototype operating envelope.
75.2,steady,119.4250405839397,754.1895705133094,0.2188219969839629,504.21030100940936,1,combined,0.6787595429455192,False,1.5814108715343451,False,1.9052476311611677,False,0.999797787349697,False,0,NORMAL,0,12.694079588742724,27.114624265541387,31.685594476906665,18.123613470935894,28.437203692675414,NORMAL,Vibration,0,Telemetry remains within the expected prototype operating envelope.
75.3,steady,118.54155157469606,753.0147100206775,0.2184401215804462,497.5305276459885,1,combined,1.182952793579249,False,1.321798875620716,False,1.867395221665177,False,0.1415146073128519,False,0,NORMAL,0,21.068560023311022,23.23027084222893,31.16645893271682,2.7906145895650436,27.105589940200343,NORMAL,Vibration,0,Telemetry remains within the expected prototype operating envelope.
75.4,steady,119.3404806702234,749.9362134954159,0.2263509753234819,499.8460764879558,1,combined,0.7270165527372209,False,0.641535446602032,False,2.6515380928390826,False,0.2541222578921663,False,0,NORMAL,0,13.532650916129896,12.041677294908048,41.15760682926787,4.955449490356878,33.0250905854571,NORMAL,Vibration,0,Telemetry remains within the expected prototype operating envelope.
75.5,steady,122.0148743940254,753.673599154815,0.250368027046043,496.8547326080483,1,combined,0.7992177874415518,False,1.4673953309207264,False,5.032166089082941,False,0.2569815866682102,False,0,NORMAL,0,14.772288909078412,25.433516768899402,63.44796111192152,5.009786675743955,50.74923565099278,WARNING,Vibration,1,Elevated telemetry deviation primarily associated with Vibration.
75.6,steady,118.82923681737282,752.9186997562942,0.2203103598646222,488.75099254640014,1,combined,1.0187753605303371,False,1.3005832363843517,False,2.052777743649505,False,1.6415942781901225,False,0,NORMAL,0,18.43378748698935,22.903835001875795,33.67183375235593,27.986663548958347,30.898852420672053,NORMAL,Vibration,0,Telemetry remains within the expected prototype operating envelope.
75.7,steady,119.03605946292308,753.6100305007337,0.2208308023674195,496.4247124974245,1,combined,0.900744936978236,False,1.453348399164089,False,2.1043652576752434,False,0.330455229486207,False,0,NORMAL,0,16.48542240522999,25.223736169243814,34.35265655856591,6.395436270301302,29.54423626086018,NORMAL,Vibration,0,Telemetry remains within the expected prototype operating envelope.
75.8,steady,118.9824264477122,754.6267518801848,0.2095823354674239,497.35072363971534,1,combined,0.931352453311247,False,1.6780159816240698,False,0.9893901339052932,False,0.1722360898848986,False,0,NORMAL,0,16.995095590179442,28.5093272841908,17.95300776076988,3.386066687076672,24.37986875041799,NORMAL,Temperature,0,Telemetry remains within the expected prototype operating envelope.
75.9,steady,120.51507317253488,749.6053233874566,0.225160978388092,503.3292828015572,1,combined,0.0566951274402231,False,0.5684177940005979,False,2.533582731266854,False,0.8492661830813002,False,0,NORMAL,0,1.1274981034327225,10.745965226157693,39.75294811919143,15.621135521389052,31.723576637364385,NORMAL,Vibration,0,Telemetry remains within the expected prototype operating envelope.
76.0,steady,117.53271233403817,753.4214689492687,0.21267650014451,497.1807196202876,1,combined,1.7586814453138306,False,1.411681459952662,False,1.2960911869883605,False,0.2012831374356176,False,0,NORMAL,0,29.653439090713896,24.597992901919564,22.834539922562158,3.9457094192131947,26.365007525724803,NORMAL,Pressure,0,Telemetry remains within the expected prototype operating envelope.
76.1,steady,117.8233546405002,753.97195894391,0.2118789744666814,500.8596524357524,1,combined,1.5928164625765475,False,1.5333246738794006,False,1.2170385214782724,False,0.4273028029817488,False,0,NORMAL,0,27.280694937828677,26.41028668593972,21.60481719205244,8.191064876334996,25.037552282652275,NORMAL,Pressure,0,Telemetry remains within the expected prototype operating envelope.
76.2,steady,120.16999292840909,750.1353781184857,0.2152869460002594,499.4462974402856,1,combined,0.2536269830659273,False,0.6855453742783892,False,1.554844865777253,False,0.1858156316926888,False,0,NORMAL,0,4.9460343894106025,12.81248787075937,26.7263389978459,3.6481052789331003,21.58375492058287,NORMAL,Vibration,0,Telemetry remains within the expected prototype operating envelope.
76.3,steady,119.48866193218944,754.6446048338872,0.2203923356161821,504.951828907727,1,combined,0.6424518423990255,False,1.6819609954982415,False,2.060903377529592,False,1.1264959453998673,False,0,NORMAL,0,12.057796745130789,28.565711376810533,33.779537891184944,20.17226528377889,30.232039367749415,NORMAL,Vibration,0,Telemetry remains within the expected prototype operating envelope.
76.4,steady,119.73520204200612,753.3760166974691,0.2176926263375527,500.8841802848113,1,combined,0.5017552880791434,False,1.4016377569917884,False,1.7933016933317332,False,0.4314936544706029,False,0,NORMAL,0,9.54801762805152,24.446377602608273,30.13883975946333,8.267984158593588,25.925352519163877,NORMAL,Vibration,0,Telemetry remains within the expected prototype operating envelope.
76.5,steady,118.55564858872243,748.032406745381,0.2351629529191891,504.4885153774239,1,combined,1.174907849893676,False,0.2208462896254287,False,3.5250025300625696,False,1.0473337574062564,False,0,NORMAL,0,20.94145799994287,4.320800086144527,50.58916757689169,18.898339591441115,41.173563384741364,NORMAL,Vibration,1,Telemetry remains within the expected prototype operating envelope.
76.6,steady,118.65085655280534,754.4076122862672,0.2234343587276828,495.3918618669524,1,combined,1.1205741656090538,False,1.6295921323947862,False,2.362436033082668,False,0.5069290650878853,False,0,NORMAL,0,20.077664821288398,27.813592997604097,37.655030990257345,9.641564897791499,32.804707343024646,NORMAL,Vibration,0,Telemetry remains within the expected prototype operating envelope.
76.7,steady,120.35652093425756,755.0495190856517,0.2130148074004326,498.23032765326775,1,combined,0.1471783904756453,False,1.7714359567670142,False,1.329625016789177,False,0.0219461161921129,False,0,NORMAL,0,2.9006668226694954,29.832657612424274,23.350338998252383,0.4379604675922688,24.33686953940789,NORMAL,Temperature,0,Telemetry remains within the expected prototype operating envelope.
76.8,steady,119.36513989261476,753.829060961724,0.2222100856303865,494.1455119622837,1,combined,0.7129439232358696,False,1.501748133004997,False,2.241083135810356,False,0.7198815886082942,False,0,NORMAL,0,13.288943523099206,25.94407438016635,36.123370508665744,13.40917455033146,31.247177589830724,NORMAL,Vibration,0,Telemetry remains within the expected prototype operating envelope.
76.9,steady,121.61044587102778,753.7344676207586,0.2294762047554715,505.16915412191855,1,combined,0.5684168046044986,False,1.4808455950422303,False,2.9613183592275165,False,1.1636283370447336,False,0,NORMAL,0,10.74594756463718,25.633834993612037,44.69261111594206,20.762908312252936,37.96078614917621,NORMAL,Vibration,0,Telemetry remains within the expected prototype operating envelope.
77.0,steady,118.5633639207847,755.3408534102009,0.2546233365765633,507.5629904433328,1,combined,1.1705048315069273,False,1.835812864449848,False,5.4539626159032455,False,1.572641475033044,False,0,NORMAL,0,20.871808094651257,30.73029778668378,66.40498600985221,26.986679947100555,55.85019594225412,WARNING,Vibration,1,Elevated telemetry deviation primarily associated with Vibration.
77.1,steady,119.34087142629352,755.5183357768295,0.2563924549353401,499.67276794254985,1,combined,0.7267935544077156,False,1.8750316072102864,False,5.629321887400202,False,0.2245105959073535,False,0,NORMAL,0,13.528794415250722,31.271506585464802,67.5628033676421,4.390893977117605,54.131797044196446,WARNING,Vibration,1,Elevated telemetry deviation primarily associated with Vibration.
77.2,steady,120.1676067037792,757.4975357187886,0.2302520368980819,502.4504547327695,1,combined,0.2549887638467831,False,2.3123805949978493,False,3.038220709291957,False,0.6991087880449086,False,0,NORMAL,0,4.971919396982538,37.02775542659572,45.536756435505325,13.048679429993705,38.40008886837273,NORMAL,Vibration,1,Telemetry remains within the expected prototype operating envelope.
77.3,steady,119.5809607264038,757.5783579486944,0.2235191145727407,492.0085393810486,1,combined,0.5897783754994762,False,2.330240094531288,False,2.37083723652433,False,1.0850067450056091,False,0,NORMAL,0,11.1264555148605,37.25228474426615,37.75969758673865,19.507111654569776,33.78778901266819,NORMAL,Vibration,0,Telemetry remains within the expected prototype operating envelope.
77.4,steady,121.02579011971456,760.2261710890864,0.2418059077862318,503.9112960317285,1,combined,0.2347629835924198,False,2.9153342895396004,False,4.183468211735334,False,0.948709514061606,False,0,NORMAL,0,4.586737446416189,44.1816131762527,56.68597248451523,17.282740268387855,47.585375160297446,WARNING,Vibration,1,Elevated telemetry deviation primarily associated with Vibration.
77.5,steady,120.29022200122562,754.91104502139,0.2572273337523129,493.7609792077968,1,combined,0.185014146449046,False,1.740836980607116,False,5.712077086003092,False,0.7855832187343882,False,0,NORMAL,0,3.632659116615866,29.401931210642594,68.09525423502723,14.53956312519823,54.38298842542254,WARNING,Vibration,1,Elevated telemetry deviation primarily associated with Vibration.
77.6,steady,119.67828649513532,759.6070684118245,0.2289923372810772,496.1624818539182,1,combined,0.5342360934860503,False,2.778529551677158,False,2.9133562500843366,False,0.3752602052557376,False,0,NORMAL,0,10.13370385995007,42.63328393468748,44.15952661343818,7.230479316140226,37.81742924960371,NORMAL,Vibration,0,Telemetry remains within the expected prototype operating envelope.
77.7,steady,119.77490177543224,756.1163433618102,0.2320127960532515,489.3814767352678,1,combined,0.4790992760224192,False,2.0071749073569616,False,3.212751396399644,False,1.5338691533626927,False,0,NORMAL,0,9.137231412519608,33.06411609882491,47.40506056221746,26.41829986744668,40.965451310279605,NORMAL,Vibration,1,Telemetry remains within the expected prototype operating envelope.
77.8,steady,120.98771365681309,757.0636218389018,0.2297576109701901,496.4187271494321,1,combined,0.2130333464355716,False,2.216497510054119,False,2.989212020814912,False,0.3314778917051845,False,0,NORMAL,0,4.171175985453646,35.80850765157917,45.000297186602,6.414579482700599,37.24721719809565,NORMAL,Vibration,1,Telemetry remains within the expected prototype operating envelope.
77.9,steady,121.12682477818902,754.1492768783469,0.2539081490978596,491.269590757233,1,combined,0.2924218705167945,False,1.5725070816283668,False,5.383071510948606,False,1.2112642057748553,False,0,NORMAL,0,5.680702147948691,26.984717418991856,65.9252757945814,21.514229186714395,53.36061016444859,WARNING,Vibration,1,Elevated telemetry deviation primarily associated with Vibration.
78.0,steady,120.44556049297266,757.178848521236,0.23244124299013,488.9024530553195,1,combined,0.0963649178983324,False,2.241959451425791,False,3.2552200884198106,False,1.6157155923834807,False,0,NORMAL,0,1.9088447056360258,36.13456474524558,47.849896385286385,27.612975225310187,41.034232243315486,NORMAL,Vibration,1,Telemetry remains within the expected prototype operating envelope.
78.1,steady,120.16613381327504,762.4136214349253,0.2545187140462005,487.1194412111358,1,combined,0.2558293192394938,False,3.398700913753033,False,5.443592178778131,False,1.92036268246901,False,0,NORMAL,0,4.9878933273695525,49.325136269988626,66.33523470364312,31.8917977914141,56.46515799045438,WARNING,Vibration,2,Elevated telemetry deviation primarily associated with Vibration.
78.2,steady,119.910690247644,764.9197110832612,0.239675153956312,504.31770917359256,1,combined,0.4016069354423757,False,3.952478098042802,False,3.972262761574029,False,1.0181496478696257,False,0,NORMAL,0,7.718028361917306,54.63800833656922,54.81714802941071,18.423579445901485,47.495863084324355,WARNING,Vibration,2,Elevated telemetry deviation primarily associated with Vibration.
78.3,steady,121.85052436332955,757.4082300359025,0.2443535776034335,485.7644391696203,1,combined,0.7054258156667923,False,2.2926464846707977,False,4.435999378427977,False,2.1518796128552085,False,0,NORMAL,0,13.158464842402207,36.7787240642388,58.81927486723222,34.97354003695666,50.808903997148555,WARNING,Vibration,1,Elevated telemetry deviation primarily associated with Vibration.
78.4,steady,119.07193503236664,760.1314432896091,0.2438686733897712,497.2670511198609,1,combined,0.8802713150238772,False,2.8944020399278143,False,4.387934505192236,False,0.1865324557654303,False,0,NORMAL,0,16.142752135993867,43.94744246510387,58.421496748287915,3.6619177603155806,48.664163683486,WARNING,Vibration,1,Elevated telemetry deviation primarily associated with Vibration.
78.5,steady,121.14470853472108,757.1853003151001,0.2492921564655198,496.5568589191784,1,combined,0.3026278484577762,False,2.243385121190665,False,4.925523206604462,False,0.3078765668800812,False,0,NORMAL,0,5.873029926522044,36.15277235333123,62.65998481928465,5.971787274873863,50.411527890261056,WARNING,Vibration,1,Elevated telemetry deviation primarily associated with Vibration.
78.6,steady,123.032012146572,763.2042259125346,0.2455316159534656,481.52524615583,1,combined,1.3796822690968404,False,3.573402853002538,False,4.552769376225035,False,2.876192140657493,False,0,NORMAL,0,24.11388480430744,51.065160090111014,59.76986624382242,43.742927987045434,54.48594898194713,WARNING,Vibration,2,Elevated telemetry deviation primarily associated with Vibration.
78.7,steady,121.07572931492146,760.5271128911909,0.2445050034117804,491.56703125151705,1,combined,0.2632624950769562,False,2.981834186666256,False,4.451009069162241,False,1.1604432415996446,False,0,NORMAL,0,5.129036726121616,44.919081544667705,58.94271148967343,20.71241669193403,49.66179653287245,WARNING,Vibration,1,Elevated telemetry deviation primarily associated with Vibration.
78.8,steady,121.6634146472812,759.9785923838506,0.2422136934314828,490.168532783912,1,combined,0.5986452502352678,False,2.860626175499612,False,4.223888906780055,False,1.3993920124868109,False,0,NORMAL,0,11.283921967317223,43.567515958399206,57.03471755288052,24.41243515410615,48.99869308973386,WARNING,Vibration,1,Elevated telemetry deviation primarily associated with Vibration.
78.9,steady,122.23915359511454,760.388768248517,0.2395902625214704,499.0799553403885,1,combined,0.9272103920620444,False,2.951263809133108,False,3.963848118146526,False,0.1232220740146848,False,0,NORMAL,0,16.926304820945614,44.58128103364397,54.741044491284995,2.4343220537593635,45.966437254303216,WARNING,Vibration,1,Elevated telemetry deviation primarily associated with Vibration.
79.0,steady,120.25261457790538,761.2356539326418,0.2507249982537782,493.4444962068674,1,combined,0.2064761101106232,False,3.138402353790266,False,5.067549934727455,False,0.8396578036055935,False,0,NORMAL,0,4.045419092550007,46.61714028988118,63.705718332432596,15.458830792865964,52.768588910507546,WARNING,Vibration,2,Elevated telemetry deviation primarily associated with Vibration.
79.1,steady,121.89618067731084,754.9378369974708,0.2420001846453905,498.2704179511837,1,combined,0.7314811543493689,False,1.7467572736363002,False,4.20272540180505,False,0.0150962499724414,False,0,NORMAL,0,13.609824909112545,29.485473992012935,56.85247293772158,0.30146966429452915,45.72591604104392,WARNING,Vibration,1,Elevated telemetry deviation primarily associated with Vibration.
79.2,steady,120.4085738394634,764.9180462060775,0.2532758823972481,489.5816912790624,1,combined,0.1174726180143327,False,3.9521102057770303,False,5.320399713179419,False,1.4996603070452736,False,0,NORMAL,0,2.322067611431411,54.6346705485975,65.49548298796056,25.913144746250406,55.554033457920355,WARNING,Vibration,2,Elevated telemetry deviation primarily associated with Vibration.
79.3,steady,120.7910401730462,759.2125318424291,0.2534645301742805,491.9412698384013,1,combined,0.100794889526211,False,2.6913477740244063,False,5.33909893507478,False,1.0965004826864515,False,0,NORMAL,0,1.9957144238946456,41.62424607067301,65.62428351487569,19.691931974319342,53.93769968324843,WARNING,Vibration,1,Elevated telemetry deviation primarily associated with Vibration.
79.4,steady,121.75414162555404,760.2342765650893,0.2587541713795583,491.9607027487996,1,combined,0.6504217065544252,False,2.917125377771902,False,5.863420908014539,False,1.0931801572359838,False,0,NORMAL,0,12.197862567610551,44.20160472653309,69.0465022897447,19.638584478746345,57.575124968814585,WARNING,Vibration,1,Elevated telemetry deviation primarily associated with Vibration.
79.5,steady,121.67702058125252,760.5057737886627,0.257674796361364,492.04355262417016,1,combined,0.6064099422745955,False,2.977118829368023,False,5.75643065723593,False,1.0790243491700242,False,0,NORMAL,0,11.421585653010924,44.867111800762,68.37702053597764,19.410745952281914,57.05175394331331,WARNING,Vibration,1,Elevated telemetry deviation primarily associated with Vibration.
79.6,steady,121.71882741822895,764.381354582707,0.2512409260024524,482.4226988989785,1,combined,0.6302684451120085,False,3.8335160540397246,False,5.118689935453651,False,2.722852516144433,False,0,NORMAL,0,11.843248498523307,53.54579562393611,64.07504429793079,41.99091229978198,56.65109135667008,WARNING,Vibration,2,Elevated telemetry deviation primarily associated with Vibration.
79.7,steady,122.15566290929372,765.8792918122358,0.251406504941437,489.8605845767804,1,combined,0.879563573775446,False,4.164519161515194,False,5.135102518575369,False,1.4520083344174373,False,0,NORMAL,0,16.13088144921756,56.52150910234519,64.19277522966962,25.203692476369987,55.904578996825464,WARNING,Vibration,2,Elevated telemetry deviation primarily associated with Vibration.
79.8,steady,122.25347801529092,762.005893021485,0.2539634117867952,484.9759683466866,1,combined,0.9353851128526912,False,3.308604099818294,False,5.388549281740277,False,2.286598483404303,False,0,NORMAL,0,17.062014704302484,48.40373087861022,65.96258605893932,36.70220532363877,57.587102922791004,WARNING,Vibration,2,Elevated telemetry deviation primarily associated with Vibration.
79.9,steady,120.23110801736514,766.9881078636973,0.2660131758516661,487.614944841645,1,combined,0.2187495651907418,False,4.409537144523664,False,6.582950909897568,True,1.8357004635085057,False,1,WARNING,1,4.280669089098277,58.600750316364184,73.19522605287392,30.72874057323357,62.17236821213042,WARNING,Vibration,2,Elevated telemetry deviation primarily associated with Vibration.
80.0,steady,120.64171744198032,769.5813537240583,0.2731477470644725,491.4828401600215,1,combined,0.0155787607663688,False,4.982573464942369,False,7.290146787501779,True,1.1748282111212485,False,1,WARNING,1,0.3110903234850082,63.083614905182884,76.73056193640674,20.940198764867546,63.96809352753432,WARNING,Vibration,2,Elevated telemetry deviation primarily associated with Vibration.
80.1,steady,122.33361894676072,761.8291094604186,0.2610646102359311,489.6275143775976,1,combined,0.9811202791352518,False,3.2695397739506773,False,6.092437170652796,True,1.491830929089658,False,1,WARNING,1,17.817192132151693,47.99903733502981,70.43229401095452,25.79704307131918,59.95997818019777,WARNING,Vibration,2,Elevated telemetry deviation primarily associated with Vibration.
80.2,steady,121.1724508542302,766.6012076358166,0.2423847932259572,487.9283711306797,1,combined,0.3184599528836168,False,4.324042789228311,False,4.240848730391323,True,1.7821481513226964,False,1,WARNING,1,6.170604159159021,57.88678326400738,57.18020738753601,29.98282593637629,50.85819593697418,WARNING,Temperature,2,Elevated telemetry deviation primarily associated with Temperature.
80.3,steady,122.07981854012104,766.9056217949878,0.2644471210313487,484.5252820394464,1,combined,0.8362803878666839,False,4.391309982177972,False,6.427719785279634,True,2.363603172122447,False,1,WARNING,1,15.401705366313367,58.449556731804854,72.34998614834689,37.669582341299304,63.11618867285486,WARNING,Vibration,2,Elevated telemetry deviation primarily associated with Vibration.
80.4,steady,121.78580699047794,762.8738948851164,0.2741065111704203,497.1646309117024,1,combined,0.6684926311572681,False,3.5004087418905647,False,7.385181794245299,True,0.2040320694013346,False,1,WARNING,1,12.514622968577683,50.3455289592526,77.16866745169524,3.998504246908763,62.76202466091491,WARNING,Vibration,2,Elevated telemetry deviation primarily associated with Vibration.
80.5,steady,123.22589143384772,764.4498174249499,0.2523681406769243,481.98307406134165,1,combined,1.4903261221152069,False,3.848644467355228,False,5.230422168153302,True,2.7979672317041104,False,1,WARNING,1,25.774707484990923,53.686138880598286,64.86893603390871,42.855866180332804,58.543552672775846,WARNING,Vibration,2,Elevated telemetry deviation primarily associated with Vibration.
80.6,steady,123.55655151877863,766.5131067702006,0.2777332534657867,487.4397706045898,1,combined,1.6790286202015925,False,4.304574910524628,False,7.744673223220341,True,1.865630899333096,False,1,WARNING,1,28.523804660731333,57.72249263350591,78.75257861659513,31.142165736125715,68.35151724489567,WARNING,Vibration,2,Elevated telemetry deviation primarily associated with Vibration.
80.7,steady,122.30906533031047,762.5828337890298,0.2785160649626483,481.831460620374,1,combined,0.9671079172797684,False,3.4360922102157345,False,7.822267383683413,True,2.82387204762517,False,1,WARNING,1,17.586554056254933,49.70268258644963,79.07976841317412,43.15116221436873,67.98486410470983,WARNING,Vibration,2,Elevated telemetry deviation primarily associated with Vibration.
80.8,steady,123.61867652611151,768.4199808957349,0.283822963610597,492.270406369191,1,combined,1.7144823825745108,False,4.7259418734880585,False,8.348299955894076,True,1.0402639037354953,False,1,WARNING,1,29.02883204162048,61.139363959916395,81.16889178158956,18.783583105095147,69.3953383607526,WARNING,Vibration,2,Elevated telemetry deviation primarily associated with Vibration.
80.9,steady,121.567977835157,768.0652383560171,0.274378382067208,482.1101552176107,1,combined,0.5441809659809362,False,4.647553486654743,False,7.412130292159752,True,2.7762540251495005,False,1,WARNING,1,10.312267992670032,60.52531862056726,77.29139045805941,42.607170096022706,66.92881667487907,WARNING,Vibration,2,Elevated telemetry deviation primarily associated with Vibration.
81.0,steady,122.10521877654207,767.4988979213148,0.2643569739430734,481.0833160415491,1,combined,0.8507759023937413,False,4.522407759530764,False,6.418784188828947,True,2.951700737964924,False,1,WARNING,1,15.646609355614604,59.524832655028305,72.30052809466237,44.58612362928167,63.8004264633069,WARNING,Vibration,2,Elevated telemetry deviation primarily associated with Vibration.
81.1,steady,123.5681071641727,768.9928736212252,0.2907289906826837,485.4277630524728,1,combined,1.6856232448697517,False,4.852535477445035,False,9.03284198796971,True,2.2094044126622623,False,1,WARNING,1,28.61801425557665,62.11091444636079,83.57833025775487,35.717379727546714,72.70307055267408,WARNING,Vibration,2,Elevated telemetry deviation primarily associated with Vibration.
81.2,steady,123.74281189038516,771.9509916248081,0.2566943259583245,485.8108032943967,1,combined,1.7853244781488644,False,5.506198549677435,False,5.659244070059132,True,2.1439577946443147,False,1,WARNING,1,30.02729129688332,66.75413242057108,67.75634202464545,34.87043281991704,61.48983969019602,WARNING,Vibration,2,Elevated telemetry deviation primarily associated with Vibration.
81.3,steady,121.41631492226334,765.91898872348,0.2650879159850194,492.3440049914024,1,combined,0.4576293323416043,False,4.173291091820397,False,6.491236924026819,True,1.027688773534227,False,1,WARNING,1,8.746228828108094,56.597720289261765,72.69901447973545,18.57906462486095,60.9587868812501,WARNING,Vibration,2,Elevated telemetry deviation primarily associated with Vibration.
81.4,steady,121.97569757049064,768.4499729828443,0.2798755481454487,475.681921240538,1,combined,0.776860191816899,False,4.732569303421174,False,7.95702263019675,True,3.874588162352447,False,1,WARNING,1,14.390338255543888,61.19083906611639,79.63606060503403,53.92582704059126,70.06345757790962,WARNING,Vibration,3,Elevated telemetry deviation primarily associated with Vibration.
81.5,steady,124.70782313254608,767.0329824797609,0.279295773407253,484.07126327535497,1,combined,2.336041182026989,False,4.419453205805139,False,7.899553962135088,True,2.441177247570051,False,1,WARNING,1,37.32504352536965,58.68277245519903,79.40065264369125,38.629164130423064,70.33871708443407,WARNING,Vibration,2,Elevated telemetry deviation primarily associated with Vibration.
81.6,steady,122.26332762091404,770.9963327316075,0.2728810260689958,485.2072106021411,1,combined,0.9410061275168476,False,5.29524507712912,False,7.263708760205473,True,2.247088212926385,False,1,WARNING,1,17.155201440399647,65.32145588266039,76.60719646211889,36.200041275264574,66.88201851816609,WARNING,Vibration,2,Elevated telemetry deviation primarily associated with Vibration.
81.7,steady,122.6443451472321,772.6637988725798,0.2879500673078561,486.03668931091823,1,combined,1.1584468235897822,False,5.663709431570456,True,8.757388411820873,True,2.1053626962164604,False,2,CRITICAL,1,20.68075213893139,67.7851250879156,82.64826496129322,34.36575109051879,71.70086288672326,WARNING,Vibration,2,Elevated telemetry deviation primarily associated with Vibration.
81.8,steady,122.04150573341389,769.6596399755969,0.2768340853177123,486.9045730821521,1,combined,0.8144158730255553,False,4.999872582703143,True,7.655545511319475,True,1.9570752542113252,False,2,CRITICAL,1,15.03095519614196,63.21111838683123,78.37043597509405,32.39005178631672,67.47850750144474,WARNING,Vibration,2,Elevated telemetry deviation primarily associated with Vibration.
81.9,steady,123.11187510642314,770.6701319393215,0.289198980250252,481.3850559116772,1,combined,1.4252588013584584,False,5.223163634876986,True,8.881183669868554,True,2.9001451783666057,False,2,CRITICAL,1,24.80246691353839,64.81789899810354,83.072602688053,44.0117890224648,72.95885803917342,WARNING,Vibration,2,Elevated telemetry deviation primarily associated with Vibration.
82.0,steady,124.59951346681132,771.7870552864341,0.2892840656166556,476.2749398830988,1,combined,2.274230563139251,False,5.46997310821016,True,8.88961753625944,True,3.773264436202251,False,2,CRITICAL,1,36.545439100854935,66.5123885040092,83.10113130209183,52.982621026954135,74.94062359057682,WARNING,Vibration,3,Elevated telemetry deviation primarily associated with Vibration.
82.1,steady,123.4374795469563,770.8627298555168,0.2859102069978593,471.6423502456906,1,combined,1.6110761228820525,False,5.265722500160003,True,8.555192546212469,True,4.564793083193888,False,2,CRITICAL,1,27.545776574774393,65.11609018927871,81.93219406819061,59.866493083897474,73.77122461198626,WARNING,Vibration,3,Elevated telemetry deviation primarily associated with Vibration.
82.2,steady,120.65573947305188,771.9257399541021,0.2932021702161678,491.01129221359247,1,combined,0.0235809128616285,False,5.500618621955592,True,9.277989498378693,True,1.255397339242314,False,2,CRITICAL,1,0.47050788458898873,66.71700980264275,84.3640572529598,22.203945374837176,70.04024524198888,WARNING,Vibration,2,Elevated telemetry deviation primarily associated with Vibration.
82.3,steady,123.12076028090938,775.2443212852112,0.2984432011702991,483.42416925567227,1,combined,1.4303294303756766,False,6.233934218466068,True,9.79749310617852,True,2.551740343800258,False,2,CRITICAL,1,24.878688016770433,71.25731378682447,85.90709379504318,39.97133985679091,75.2658740691281,CRITICAL,Vibration,2,"Critical multi-sensor deviation. Vibration is the strongest contributor, with 2 sensors elevated."
82.4,steady,123.83487109691649,774.5483970998312,0.2806609511663678,479.011298988232,1,combined,1.837861216134468,False,6.08015403102752,True,8.034873668764408,True,3.3057275314266565,False,2,CRITICAL,1,30.758669716962217,70.35956786477654,79.95067570403704,48.37403829877934,72.04419747127265,WARNING,Vibration,3,Elevated telemetry deviation primarily associated with Vibration.
82.5,steady,122.44754774569994,770.3829231005225,0.2755441682357892,476.6255841186924,1,combined,1.0461376487651632,False,5.1596983465706,True,7.527685824229961,True,3.71335303046632,False,2,CRITICAL,1,18.87893599128794,64.3684843724517,77.8101934028125,52.41585679016523,69.2555543855409,WARNING,Vibration,3,Elevated telemetry deviation primarily associated with Vibration.
82.6,steady,122.62509488862472,776.1571878904335,0.2875934608332382,479.9745044579022,1,combined,1.1474610044553633,False,6.435652739831764,True,8.722040719401171,True,3.1411533338705944,False,2,CRITICAL,1,20.50628315847687,72.39382062610981,82.52516157331304,46.64650324818782,73.07263477568614,WARNING,Vibration,3,Elevated telemetry deviation primarily associated with Vibration.
82.7,steady,124.17056154421444,771.940946371838,0.3084381278817351,480.9029286243332,1,combined,2.029434462727248,False,5.503978823855185,True,10.78821430811932,True,2.9825219026824423,False,2,CRITICAL,1,33.36144636658228,66.7393698017671,88.44027210625029,44.92665702963913,77.91460458318357,CRITICAL,Vibration,2,"Critical multi-sensor deviation. Vibration is the strongest contributor, with 2 sensors elevated."
82.8,steady,123.69365062961542,777.8141568402541,0.2950964101112255,477.91582865967473,1,combined,1.7572689215845947,False,6.801797502488804,True,9.46575111782594,True,3.492900627869434,False,2,CRITICAL,1,29.633563045996713,74.34314761400044,84.94033523109846,50.270910662959565,76.14016409869383,CRITICAL,Vibration,3,"Critical multi-sensor deviation. Vibration is the strongest contributor, with 3 sensors elevated."
82.9,steady,123.48435973389206,777.4238014963756,0.2937021101459331,465.9172124238624,1,combined,1.6378299065671449,False,6.715539661174538,True,9.327544747998338,True,5.542995546317213,False,2,CRITICAL,1,27.932426142502422,73.896686670728,84.5182604421148,66.99790392991493,77.10458104108488,CRITICAL,Vibration,3,"Critical multi-sensor deviation. Vibration is the strongest contributor, with 3 sensors elevated."
83.0,steady,123.88779581218434,772.8419469935014,0.3005020342198314,474.4972204171021,1,combined,1.8680645168553287,False,5.7030752877983,True,10.001569595413232,True,4.077007265545173,False,2,CRITICAL,1,31.175672307647794,68.0377624810091,86.47071944237277,55.7538335908677,77.33179157195832,CRITICAL,Vibration,3,"Critical multi-sensor deviation. Vibration is the strongest contributor, with 3 sensors elevated."
83.1,steady,124.91363749554186,780.2877744237943,0.2786408156441338,471.362471738721,1,combined,2.453496194619382,False,7.348399249689733,True,7.83463297161342,True,4.612613389606264,False,2,CRITICAL,1,38.780182830382806,77.000089237044,79.13144268120622,60.248502709882715,73.76195677040417,WARNING,Vibration,3,Elevated telemetry deviation primarily associated with Vibration.
83.2,steady,124.00811937093778,774.4091433524256,0.2953113877656156,481.46843080624376,1,combined,1.9367312751069707,False,6.049382766244062,True,9.48706022056344,True,2.8858996650242585,False,2,CRITICAL,1,32.11440030706857,70.17659068125313,85.00438024872493,43.852045406242624,75.47824611795902,CRITICAL,Vibration,2,"Critical multi-sensor deviation. Vibration is the strongest contributor, with 2 sensors elevated."
83.3,steady,123.66471392936091,778.7217496916466,0.276918300071773,466.0275728643809,1,combined,1.740755202895074,False,7.002350668677164,True,7.663893080518624,True,5.524139257070348,False,2,CRITICAL,1,29.40077653149188,75.35189423623311,78.40651670456393,66.87320953649748,72.84207059623537,WARNING,Vibration,3,Elevated telemetry deviation primarily associated with Vibration.
83.4,steady,123.57953599757516,783.1268886764063,0.300273264090067,470.25493363319566,1,combined,1.6921454999333114,False,7.975765751814848,True,9.978893349306391,True,4.801848397835618,False,2,CRITICAL,1,28.711067854045037,79.7122544632754,86.40922143427147,61.72486355408119,78.61476707152285,CRITICAL,Vibration,3,"Critical multi-sensor deviation. Vibration is the strongest contributor, with 3 sensors elevated."
83.5,steady,124.77115109815637,780.5951311068932,0.2945499322530373,470.0273041742983,1,combined,2.3721814537259034,False,7.416316659847889,True,9.411582916684578,True,4.840741382476766,False,2,CRITICAL,1,37.776428234702394,77.31039581845225,84.77629728136228,62.02143546082801,78.01949195247815,CRITICAL,Vibration,3,"Critical multi-sensor deviation. Vibration is the strongest contributor, with 3 sensors elevated."
83.6,steady,124.1610051099758,781.6210301990609,0.2961377563417074,471.94172664839175,1,combined,2.023980756350789,False,7.643012265491254,True,9.568971863598804,True,4.513641347875528,False,2,CRITICAL,1,33.288721290697744,78.31615023725246,85.24804209544916,59.453806012592224,77.83806533019123,CRITICAL,Vibration,3,"Critical multi-sensor deviation. Vibration is the strongest contributor, with 3 sensors elevated."
83.7,steady,125.10147251822012,777.4525502827582,0.3036366009527542,473.0731570400138,1,combined,2.5606906811111694,False,6.721892355694178,True,10.312275397553,True,4.320324081046154,False,2,CRITICAL,1,40.078699089309254,73.92983088586824,87.28585559403486,57.85545026089159,79.41141677125675,CRITICAL,Vibration,3,"Critical multi-sensor deviation. Vibration is the strongest contributor, with 3 sensors elevated."
83.8,steady,124.4434028043948,780.558208313796,0.305336447071952,470.6954821388143,1,combined,2.185140668959633,False,7.408157733685341,True,10.480768237865592,True,4.726575863490957,False,2,CRITICAL,1,35.404674195957334,77.2733410329136,87.707165416817,61.14429109848527,79.89348629854621,CRITICAL,Vibration,3,"Critical multi-sensor deviation. Vibration is the strongest contributor, with 3 sensors elevated."
83.9,steady,125.47601105005988,782.2900401392575,0.3074767814172506,467.381040369648,1,combined,2.774433917167427,False,7.790845141777201,True,10.692923331779708,True,5.292884518998922,False,2,CRITICAL,1,42.58627406338547,78.94788231602024,88.21785182236049,65.30507987346046,81.40909889111666,CRITICAL,Vibration,3,"Critical multi-sensor deviation. Vibration is the strongest contributor, with 3 sensors elevated."
84.0,steady,123.0898535472692,779.3662878161495,0.3201459783821035,479.6033978919512,1,combined,1.4126914446877126,False,7.144775943843053,True,11.9487246404859,True,3.2045609527248367,False,2,CRITICAL,1,24.613222338950138,76.04409144425507,90.83469409836299,47.31883478094902,79.93849989690621,CRITICAL,Vibration,3,"Critical multi-sensor deviation. Vibration is the strongest contributor, with 3 sensors elevated."
84.1,steady,123.89604266986429,779.3129872701805,0.3170494345360714,473.56934836458254,1,combined,1.872770868533351,False,7.13299798279231,True,11.641787758448215,True,4.23554436202822,False,2,CRITICAL,1,31.240424126408662,75.98759457700815,90.25443183689,57.13475689253229,80.94438634435193,CRITICAL,Vibration,3,"Critical multi-sensor deviation. Vibration is the strongest contributor, with 3 sensors elevated."
84.2,steady,125.05874890420564,781.8450205465319,0.3165478636503634,467.456176165332,1,combined,2.536308988069825,False,7.692507998420428,True,11.592070844548433,True,5.280046745884258,False,2,CRITICAL,1,39.78578895213318,78.52974290780685,90.15704454507161,65.21588431266063,82.54981926709287,CRITICAL,Vibration,3,"Critical multi-sensor deviation. Vibration is the strongest contributor, with 3 sensors elevated."
84.3,steady,124.41312548716172,781.7255474906356,0.3175179141369599,474.5566261323305,1,combined,2.167861881293356,False,7.666107724776297,True,11.688224584517782,True,4.066857148854796,False,2,CRITICAL,1,35.181062260417484,78.4160789634641,90.34452348305611,55.66392160960385,81.43942906668386,CRITICAL,Vibration,3,"Critical multi-sensor deviation. Vibration is the strongest contributor, with 3 sensors elevated."
84.4,steady,127.0043800508478,779.9863012044841,0.3050382258444538,466.4433612546982,1,combined,3.646650013364016,False,7.281781923913207,True,10.45120783172342,True,5.453097259444415,False,2,CRITICAL,1,51.776802398671464,76.69160021951241,87.63427392232815,66.39917117420799,81.6811897245513,CRITICAL,Vibration,4,"Critical multi-sensor deviation. Vibration is the strongest contributor, with 4 sensors elevated."
84.5,steady,124.73814772279644,783.8243578264604,0.3090091871476209,477.332659329937,1,combined,2.3533469476590407,False,8.12988733413829,True,10.844819077580055,True,3.592541491115114,False,2,CRITICAL,1,37.54159616980417,80.32807053881557,88.57040126979112,51.252111301120685,80.11882651232324,CRITICAL,Vibration,3,"Critical multi-sensor deviation. Vibration is the strongest contributor, with 3 sensors elevated."
84.6,steady,126.30502304141784,786.4433755135555,0.3046762008837573,467.166581581702,1,combined,3.2475379924461274,False,8.708618522516833,True,10.415323045916695,True,5.3295271503443855,False,2,CRITICAL,1,47.76971038120112,82.47818840883807,87.54520640142124,65.55841309361332,81.69764201086775,CRITICAL,Vibration,4,"Critical multi-sensor deviation. Vibration is the strongest contributor, with 4 sensors elevated."
84.7,steady,124.9200443251991,790.8443007290467,0.3193974780010059,474.29865197943695,1,combined,2.4571524713102537,False,9.681102478038106,True,11.874531480433438,True,4.110934856612414,False,2,CRITICAL,1,38.82493378430901,85.57518928380563,90.69767945593367,56.053050440146194,82.6791912807239,CRITICAL,Vibration,3,"Critical multi-sensor deviation. Vibration is the strongest contributor, with 3 sensors elevated."
84.8,steady,125.2362634383764,784.7933500106496,0.3090846359445467,468.7061623727917,1,combined,2.637613734458133,False,8.344008071485186,True,10.852297744000875,True,5.0664729202297325,False,2,CRITICAL,1,40.993509926814156,81.15272065416856,88.58748412215627,63.69789959686558,81.59463093065197,CRITICAL,Vibration,3,"Critical multi-sensor deviation. Vibration is the strongest contributor, with 3 sensors elevated."
84.9,steady,125.4719083273974,786.8349020793722,0.3285000714985208,466.1916669261545,1,combined,2.772092558017509,False,8.795135171806148,True,12.776802465604156,True,5.496101990474102,False,2,CRITICAL,1,42.55938253709422,82.77876609755263,92.23357704002481,66.6869308188549,84.82445751919971,CRITICAL,Vibration,3,"Critical multi-sensor deviation. Vibration is the strongest contributor, with 3 sensors elevated."
85.0,steady,124.62568502851926,784.3377044337124,0.3274528812604752,458.71594685284055,1,combined,2.2891662608487047,False,8.2433228766048,True,12.673002447730076,True,6.773410592802391,False,2,CRITICAL,1,36.7347039079014,80.76934518684382,92.07066085235527,74.19706958569044,84.67596026315013,CRITICAL,Vibration,3,"Critical multi-sensor deviation. Vibration is the strongest contributor, with 3 sensors elevated."
85.1,steady,125.9140351964884,780.6694449909883,0.3502101836407408,469.12411126643184,1,combined,3.0244073927095023,False,7.432737993184924,True,14.928761055875755,True,4.995061776962636,False,2,CRITICAL,1,45.386084798741734,77.38479229335846,94.94984985356332,63.17570452006963,86.29584015806782,CRITICAL,Vibration,4,"Critical multi-sensor deviation. Vibration is the strongest contributor, with 4 sensors elevated."
85.2,steady,128.13787913499215,785.6057752380106,0.3404672581432141,466.16289295517663,1,combined,4.293520072692039,False,8.523531798879635,True,13.963018821039247,True,5.501018338370053,False,2,CRITICAL,1,57.62891502551748,81.81742303030346,93.87385044187188,66.71967044779183,87.27149044494664,CRITICAL,Vibration,4,"Critical multi-sensor deviation. Vibration is the strongest contributor, with 4 sensors elevated."
85.3,steady,125.91960302235285,789.2948800399843,0.3411586655707267,460.82420889391136,1,combined,3.027584863161524,False,9.3387229358541,True,14.031552790060983,True,6.41319094645223,False,2,CRITICAL,1,45.42078059345207,84.55283334010252,93.95724745217898,72.26952478497816,86.98974463385362,CRITICAL,Vibration,4,"Critical multi-sensor deviation. Vibration is the strongest contributor, with 4 sensors elevated."
85.4,steady,126.35333802939157,790.3781747560588,0.3413446684085418,464.4608351709349,1,combined,3.275110594465995,False,9.578101402630852,True,14.0499898392125,True,5.7918335412068345,False,2,CRITICAL,1,48.05694267693909,85.27495323444086,93.97948852614753,68.60013863595292,86.97892581092543,CRITICAL,Vibration,4,"Critical multi-sensor deviation. Vibration is the strongest contributor, with 4 sensors elevated."
85.5,steady,127.1932763881475,790.5156102735871,0.3418485009071844,462.5335443708493,1,combined,3.754450175380151,False,9.608470888402742,True,14.099930929631997,True,6.121132270158067,True,3,CRITICAL,1,52.805368301964336,85.36412058330333,94.03932338844938,70.60149766806413,87.62146232239795,CRITICAL,Vibration,4,"Critical multi-sensor deviation. Vibration is the strongest contributor, with 4 sensors elevated."
85.6,steady,125.94600746655551,791.549202604884,0.3370090133690152,458.3804924589811,1,combined,3.04265346323966,False,9.836866489218224,True,13.620229272079404,True,6.830726647812933,True,3,CRITICAL,1,45.58501947011152,86.01763506427343,93.43912268161768,74.49116516121677,86.94456220105819,CRITICAL,Vibration,4,"Critical multi-sensor deviation. Vibration is the strongest contributor, with 4 sensors elevated."
85.7,steady,127.77598437236026,789.160805797985,0.3343514466595936,468.0542163652911,1,combined,4.086992436411761,False,9.309096199927286,True,13.356804860814488,True,5.177865031687562,True,3,CRITICAL,1,55.84210652585405,84.46103180522316,93.08419609345528,64.4977107736856,86.56966891559001,CRITICAL,Vibration,4,"Critical multi-sensor deviation. Vibration is the strongest contributor, with 4 sensors elevated."
85.8,steady,128.0279944794498,789.7902352834114,0.3433739221044047,457.4531351669158,1,combined,4.23081063194858,False,9.4481828795997,True,14.2511343516888,True,6.989175791837907,True,3,CRITICAL,1,57.09415517767532,84.88732780527108,94.21688007972605,75.28686144240388,88.4959291960161,CRITICAL,Vibration,4,"Critical multi-sensor deviation. Vibration is the strongest contributor, with 4 sensors elevated."
85.9,steady,127.42414378533536,790.8568553005076,0.3320970768581667,456.9672559435344,1,combined,3.886202559660685,False,9.6838766945304,True,13.133346297908446,True,7.072193575493701,True,3,CRITICAL,1,54.03272758406508,85.58319057342682,92.76810628563385,75.69379977994066,87.25607870518031,CRITICAL,Vibration,4,"Critical multi-sensor deviation. Vibration is the strongest contributor, with 4 sensors elevated."
86.0,steady,126.07470613032102,796.920955555708,0.3413109952983351,462.5997359738181,1,combined,3.1160997619001245,False,11.023876788623468,True,14.04665207944895,True,6.109822710270219,True,3,CRITICAL,1,46.37849321391957,88.97247049845987,93.97546818021125,70.53492558180052,87.32192309614655,CRITICAL,Vibration,4,"Critical multi-sensor deviation. Vibration is the strongest contributor, with 4 sensors elevated."
86.1,steady,125.19593186229363,789.9380062926804,0.3200786564581391,454.55148606107423,1,combined,2.614597139757358,False,9.48083622601408,True,11.942051529281326,True,7.484954302467269,True,3,CRITICAL,1,40.72125808319767,84.9857020947447,90.82245371093211,77.61973988445739,84.77264586727242,CRITICAL,Vibration,3,"Critical multi-sensor deviation. Vibration is the strongest contributor, with 3 sensors elevated."
86.2,steady,125.56489785266643,794.8527600888349,0.3637157313272009,453.4096116293432,1,combined,2.825160214241573,False,10.566862226927164,True,16.26746346191633,True,7.680056047867724,True,3,CRITICAL,1,43.1658064828653,87.91702133182304,96.13609823223973,78.47620695684161,89.23678798878568,CRITICAL,Vibration,3,"Critical multi-sensor deviation. Vibration is the strongest contributor, with 3 sensors elevated."
86.3,steady,127.61479929164229,792.795409101403,0.3392611018242715,457.16525709476,1,combined,3.99500665169846,False,10.11224399821682,True,13.843461702459871,True,7.0383629115240565,True,3,CRITICAL,1,55.02220805370891,86.76689841577347,93.72560010930133,75.52878316892976,88.13794542397079,CRITICAL,Vibration,4,"Critical multi-sensor deviation. Vibration is the strongest contributor, with 4 sensors elevated."
86.4,steady,126.52710501458184,794.5702884583695,0.3413586735863689,450.6853301917357,1,combined,3.374276673725894,False,10.504443731936483,True,14.05137806616112,True,8.14552935094671,True,3,CRITICAL,1,49.07699168210409,87.76523561072152,93.98115986137203,80.38951610570024,88.31888294513288,CRITICAL,Vibration,4,"Critical multi-sensor deviation. Vibration is the strongest contributor, with 4 sensors elevated."
86.5,steady,129.10392980120957,789.4065775515813,0.3793789829785,458.8959644014841,1,combined,4.844829959494174,False,9.363405027137414,True,17.820042680383327,True,6.742652624178972,True,3,CRITICAL,1,62.05247842416939,84.62889911491082,97.16749451629904,74.03785121962075,90.97395972215688,CRITICAL,Vibration,4,"Critical multi-sensor deviation. Vibration is the strongest contributor, with 4 sensors elevated."
86.6,steady,127.8367859181605,796.959009116826,0.3435749389122035,456.9323850177925,1,combined,4.121690920150485,False,11.032285583553092,True,14.271059621696516,True,7.0781516548471854,True,3,CRITICAL,1,56.14748806237452,88.991000559376,94.23988026597546,75.7227461839568,88.8272697416563,CRITICAL,Vibration,4,"Critical multi-sensor deviation. Vibration is the strongest contributor, with 4 sensors elevated."
86.7,steady,128.66440875229046,799.8735644250951,0.3631259575084263,454.6284691961594,1,combined,4.594002225297241,False,11.676322493063411,True,16.209003660911378,True,7.471800891195287,True,3,CRITICAL,1,60.100262659525725,90.32151203257524,96.09065651282617,77.56078702219689,90.81533332821036,CRITICAL,Vibration,4,"Critical multi-sensor deviation. Vibration is the strongest contributor, with 4 sensors elevated."
86.8,steady,126.07404538362611,794.2556155078198,0.3649140738619859,450.39839371730216,1,combined,3.115722684177069,False,10.43490962702396,True,16.386246059395564,True,8.194555588355472,True,3,CRITICAL,1,46.37444916629232,87.59390032939399,96.22680933369512,80.58086212294994,89.74032790023082,CRITICAL,Vibration,4,"Critical multi-sensor deviation. Vibration is the strongest contributor, with 4 sensors elevated."
86.9,steady,129.18495765383096,796.4786725858124,0.3548867046165754,456.8246610480537,1,combined,4.891071277696903,False,10.926144363971089,True,15.392309075370395,True,7.096557474203037,True,3,CRITICAL,1,62.40180926648114,88.75480064931772,95.39699951171876,75.81195044511036,90.21503617147215,CRITICAL,Vibration,4,"Critical multi-sensor deviation. Vibration is the strongest contributor, with 4 sensors elevated."
87.0,steady,128.6592123035768,796.7111991573437,0.3687584114113399,460.2794801279712,1,combined,4.591036693930942,False,10.977526368657406,True,16.767306053883004,True,6.506263818610025,True,3,CRITICAL,1,60.07659085575394,88.8697690838379,96.50368703309819,72.78094111406632,90.572608029105,CRITICAL,Vibration,4,"Critical multi-sensor deviation. Vibration is the strongest contributor, with 4 sensors elevated."
87.1,steady,128.39279875743438,802.367414027195,0.3684229437904286,459.2381073851235,1,combined,4.438998682776283,False,12.227394962322476,True,16.734053695541927,True,6.684193750392496,True,3,CRITICAL,1,58.84397016521168,91.33153963159974,96.48035741226404,73.73252620631521,90.7462167418183,CRITICAL,Vibration,4,"Critical multi-sensor deviation. Vibration is the strongest contributor, with 4 sensors elevated."
87.2,steady,128.84570951393667,798.0979876347335,0.3604875333277075,439.1190665516372,1,combined,4.697467712021328,False,11.283968645662297,True,15.947476703183858,True,10.121752095967931,True,3,CRITICAL,1,60.91742781008153,89.5314402381731,95.8807346047031,86.79203882912935,91.47062112273963,CRITICAL,Vibration,4,"Critical multi-sensor deviation. Vibration is the strongest contributor, with 4 sensors elevated."
87.3,steady,130.54220224426686,803.7961849632845,0.3600589057898876,451.0968431285649,1,combined,5.665629370437365,False,12.543114213031696,True,15.904990109563515,True,8.075217861347516,True,3,CRITICAL,1,67.79749283131977,91.86197645020319,95.84558275701312,80.1117995488276,91.66610330595284,CRITICAL,Vibration,4,"Critical multi-sensor deviation. Vibration is the strongest contributor, with 4 sensors elevated."
87.4,steady,127.24006573208857,804.4994550891321,0.3405796312308005,449.4227474582798,1,combined,3.7811521164001807,False,12.69851765214872,True,13.974157512058564,True,8.361255430946857,True,3,CRITICAL,1,53.05673416332921,92.11102152553792,93.88748270908599,81.21762181280361,89.0507390293471,CRITICAL,Vibration,4,"Critical multi-sensor deviation. Vibration is the strongest contributor, with 4 sensors elevated."
87.5,steady,128.6383314368829,800.2848504193701,0.3707048311458587,449.0276556815031,1,combined,4.579120312465763,False,11.767205434940076,True,16.960239864658963,True,8.428761185608199,True,3,CRITICAL,1,59.981328868476055,90.4958447377783,96.63602869161666,81.46950137750446,91.56440522114619,CRITICAL,Vibration,4,"Critical multi-sensor deviation. Vibration is the strongest contributor, with 4 sensors elevated."
87.6,steady,127.95083690488494,800.7367512242251,0.3786056716628839,454.55412338183294,1,combined,4.186778020423307,False,11.867063137738976,True,17.74339020076034,True,7.484503687348035,True,3,CRITICAL,1,56.71463522556601,90.68377449027865,97.12373624151557,77.61772281685053,91.31766707472856,CRITICAL,Vibration,4,"Critical multi-sensor deviation. Vibration is the strongest contributor, with 4 sensors elevated."
87.7,steady,129.40590643157392,804.8489986384499,0.3787271794988624,455.5655546969175,1,combined,5.017163262213092,False,12.775757204475346,True,17.755434350035404,True,7.311689576232043,True,3,CRITICAL,1,63.33811961880769,92.23195328229966,97.13065633351967,76.83060398079706,91.96891827313739,CRITICAL,Vibration,4,"Critical multi-sensor deviation. Vibration is the strongest contributor, with 4 sensors elevated."
87.8,steady,129.26520028037308,801.2818513782458,0.3687657558460206,457.068761119162,1,combined,4.936864479754157,False,11.98751534448663,True,16.768034051932865,True,7.054850305181479,True,3,CRITICAL,1,62.744585497388016,90.90552471979045,96.50419605784471,75.6093435898296,91.23204680077367,CRITICAL,Vibration,4,"Critical multi-sensor deviation. Vibration is the strongest contributor, with 4 sensors elevated."
87.9,steady,128.73451665324944,806.4337370993592,0.3814487599809197,454.05737361175966,1,combined,4.634011699223669,False,13.12594100707826,True,18.025203960579656,True,7.569378822893062,True,3,CRITICAL,1,60.418262163599024,92.75738749477524,97.28136641977278,77.99445600444886,91.97239198007945,CRITICAL,Vibration,4,"Critical multi-sensor deviation. Vibration is the strongest contributor, with 4 sensors elevated."
88.0,steady,129.6880081810531,805.1380209432114,0.3645656654145769,445.0335685850111,1,combined,5.1781542837099375,False,12.83962321909858,True,16.351710975172445,True,9.11119468455757,True,3,CRITICAL,1,64.49976453607105,92.3305451121551,96.20065763104756,83.83366086989514,92.0060824232332,CRITICAL,Vibration,4,"Critical multi-sensor deviation. Vibration is the strongest contributor, with 4 sensors elevated."
88.1,steady,128.02503410068428,802.3782408788074,0.3636532423395515,441.4392588049762,1,combined,4.229121190453236,False,12.229787400041,True,16.26126940299629,True,9.725321853104171,True,3,CRITICAL,1,57.0796553452243,91.33568638974394,96.1313086190955,85.70219805420119,91.38212483813527,CRITICAL,Vibration,4,"Critical multi-sensor deviation. Vibration is the strongest contributor, with 4 sensors elevated."
88.2,steady,130.13535868710088,802.6668790809183,0.3845091423929107,431.4255493387047,1,combined,5.4334501656699885,False,12.293568538496904,True,18.328556434203804,True,11.436273723565906,True,3,CRITICAL,1,66.26687970316516,91.44550840046232,97.44140341509794,89.84551539132765,93.5243515744433,CRITICAL,Vibration,4,"Critical multi-sensor deviation. Vibration is the strongest contributor, with 4 sensors elevated."
88.3,steady,131.2623861229818,801.5968235885633,0.3817252082036445,444.647889048141,1,combined,6.076626957350368,False,12.05711557761275,True,18.052606174062515,True,9.177092255006295,True,3,CRITICAL,1,70.33865169076249,91.03124320611866,97.29622498238169,84.04532746891992,93.22979788151409,CRITICAL,Vibration,4,"Critical multi-sensor deviation. Vibration is the strongest contributor, with 4 sensors elevated."
88.4,steady,129.5964444650317,806.1831613271405,0.3919935166733473,439.45640495354553,1,combined,5.125900314347653,True,13.070570623308216,True,19.070425634145508,True,10.064114137560246,True,4,CRITICAL,1,64.12681346989721,92.67673650458403,97.79421146071348,86.63890189156328,93.4244454905551,CRITICAL,Vibration,4,"Critical multi-sensor deviation. Vibration is the strongest contributor, with 4 sensors elevated."
88.5,steady,129.3452575138497,806.6057242440947,0.3904331592861004,447.75538617633913,1,combined,4.982551880911392,True,13.163945456284193,True,18.91575925281209,True,8.64614235658422,True,4,CRITICAL,1,63.08345554395902,92.81222910802681,97.72491290445609,82.2578757244332,92.91055979997303,CRITICAL,Vibration,4,"Critical multi-sensor deviation. Vibration is the strongest contributor, with 4 sensors elevated."
88.6,steady,131.06795235646578,807.041613531645,0.3828149738489206,444.8500013233996,1,combined,5.965666671770131,True,13.260265052225998,True,18.16062636881656,True,9.142559160496038,True,4,CRITICAL,1,69.67304710404072,92.94936858275904,97.35401099005347,83.93475321848169,93.37233538437656,CRITICAL,Vibration,4,"Critical multi-sensor deviation. Vibration is the strongest contributor, with 4 sensors elevated."
88.7,steady,130.04522298952284,809.0771560096852,0.4175994527394452,452.94552982129886,1,combined,5.382011143922663,True,13.710064197575733,True,21.60854767231892,True,7.75934950452284,True,4,CRITICAL,1,65.91804868547656,93.55594921361632,98.67228336433978,78.8148538017046,93.62108350502035,CRITICAL,Vibration,4,"Critical multi-sensor deviation. Vibration is the strongest contributor, with 4 sensors elevated."
88.8,steady,130.37312083437607,808.3523939464485,0.3826792076061464,437.2870742447358,1,combined,5.569137275139479,True,13.549911628841508,True,18.147168891927773,True,10.434768034239566,True,4,CRITICAL,1,67.17000001816503,93.34620172876524,97.34687973029224,87.5935490015803,93.5029269915852,CRITICAL,Vibration,4,"Critical multi-sensor deviation. Vibration is the strongest contributor, with 4 sensors elevated."
88.9,steady,130.292940311294,814.4943958191457,0.3995532606485192,437.75066219815074,1,combined,5.523379514547896,True,14.907125847105124,True,19.819765659708438,True,10.355558958053518,True,4,CRITICAL,1,66.86817558778719,94.92795029703665,98.10120959584376,87.39544326294475,94.15390437736453,CRITICAL,Vibration,4,"Critical multi-sensor deviation. Vibration is the strongest contributor, with 4 sensors elevated."
89.0,steady,130.49319694248834,816.2886831695686,0.3999163910640473,437.90568339541807,1,combined,5.637662817210911,True,15.303614215900607,True,19.85576002085984,True,10.32907188966801,True,4,CRITICAL,1,67.61686953496661,95.31461849842205,98.11482966197723,87.32849454071649,94.2574353509424,CRITICAL,Vibration,4,"Critical multi-sensor deviation. Vibration is the strongest contributor, with 4 sensors elevated."
89.1,steady,129.1800173739138,812.3840213272997,0.404917028034547,433.67743365808906,1,combined,4.888251937824638,True,14.440790875941005,True,20.351435198168996,True,11.051514638903877,True,4,CRITICAL,1,62.38060287258782,94.43213314171717,98.2927512676408,89.0332577825648,94.0024285171112,CRITICAL,Vibration,4,"Critical multi-sensor deviation. Vibration is the strongest contributor, with 4 sensors elevated."
89.2,steady,132.0808389760599,809.3211756531375,0.4151798562447792,431.4818703914104,1,combined,6.543705098862477,True,13.763985856424677,True,21.36871144173761,True,11.426650655231663,True,4,CRITICAL,1,72.98400315729681,93.62507061128494,98.60704429273565,89.82595311259394,95.16076001799541,CRITICAL,Vibration,4,"Critical multi-sensor deviation. Vibration is the strongest contributor, with 4 sensors elevated."
89.3,steady,129.44073148018333,810.3065163762257,0.4183653647609837,441.15456141432594,1,combined,5.037037368487358,True,13.9817191731718,True,21.684466716096527,True,9.773965518539972,True,4,CRITICAL,1,63.48355480926664,93.89671987935084,98.69229088027964,85.84062311104394,94.06739308167661,CRITICAL,Vibration,4,"Critical multi-sensor deviation. Vibration is the strongest contributor, with 4 sensors elevated."
89.4,steady,130.88633844424717,810.5542081397314,0.4114641050671598,436.8613913483052,1,combined,5.862022474950749,True,14.036452269993392,True,21.000397238033443,True,10.50750061653833,True,4,CRITICAL,1,69.03784380004171,93.9631658209814,98.50056144948874,87.77271337719543,94.58686483134207,CRITICAL,Vibration,4,"Critical multi-sensor deviation. Vibration is the strongest contributor, with 4 sensors elevated."
89.5,steady,131.2984826987854,812.5105005154218,0.3922478721253467,434.0789049717489,1,combined,6.0972267041505415,True,14.46873931294764,True,19.095637958997944,True,10.982918870536851,True,4,CRITICAL,1,70.4606035534968,94.46316895588902,97.80530607654126,88.88176657125445,94.3393979010052,CRITICAL,Vibration,4,"Critical multi-sensor deviation. Vibration is the strongest contributor, with 4 sensors elevated."
89.6,steady,129.8648880061468,813.7815140810133,0.4209441590646974,428.1147900224983,1,combined,5.279096811633248,True,14.749598504882266,True,21.94008301683539,True,12.001953191678238,True,4,CRITICAL,1,65.209275160278,94.76560910555413,98.75746508074612,90.93174777000719,94.7879608001862,CRITICAL,Vibration,4,"Critical multi-sensor deviation. Vibration is the strongest contributor, with 4 sensors elevated."
89.7,steady,132.47949049537132,813.466157568755,0.4176011750961619,438.79964686769966,1,combined,6.77120923676202,True,14.67991335155114,True,21.608718396463857,True,10.176328445275452,True,4,CRITICAL,1,74.1857067971743,94.69214650298264,98.67232869822328,86.93542332578869,95.15450411970991,CRITICAL,Vibration,4,"Critical multi-sensor deviation. Vibration is the strongest contributor, with 4 sensors elevated."
89.8,steady,130.0098468246892,814.2801350295189,0.4235514620819506,426.5031865562189,1,combined,5.36182252430678,True,14.859780080020526,True,22.19852516990505,True,12.277313284195486,True,4,CRITICAL,1,65.78015697832276,94.87969416849154,98.820058156602,91.41765205652813,94.93657442078643,CRITICAL,Vibration,4,"Critical multi-sensor deviation. Vibration is the strongest contributor, with 4 sensors elevated."
89.9,steady,131.5100751548408,819.5580336295357,0.4092562484942885,429.7411136598901,1,combined,6.217979183368679,True,16.02605113805112,True,20.7815491783388,True,11.72407799680226,True,4,CRITICAL,1,71.16544918100972,95.9449624066892,98.43347412291341,90.41351219544546,95.12803049667377,CRITICAL,Vibration,4,"Critical multi-sensor deviation. Vibration is the strongest contributor, with 4 sensors elevated."
90.0,steady,132.3827299760475,819.1892400026468,0.424733946532259,431.4260258088954,1,combined,6.715989533675219,True,15.94455784573488,True,22.31573587586705,True,11.436192313418466,True,4,CRITICAL,1,73.89903519764135,95.87832919296935,98.84739682943018,89.8453500543638,95.61694267564002,CRITICAL,Vibration,4,"Critical multi-sensor deviation. Vibration is the strongest contributor, with 4 sensors elevated."
90.1,steady,133.05585619230325,820.0712895472653,0.4061928470152345,430.4320911756432,1,combined,7.100132054419555,True,16.139466640616696,True,20.477897447517897,True,11.606016924928063,True,4,CRITICAL,1,75.82923668995024,96.03590787003165,98.33539027512096,90.18446042248412,95.45169076386749,CRITICAL,Vibration,4,"Critical multi-sensor deviation. Vibration is the strongest contributor, with 4 sensors elevated."
90.2,steady,132.08191083449012,820.6787603941376,0.4415010917391662,434.5208652824495,1,combined,6.544316791572281,True,16.27370106249479,True,23.97773568157812,True,10.907405113840593,True,4,CRITICAL,1,72.98730805279799,96.14091552196238,99.17335252982846,88.71257625270978,95.70141747565214,CRITICAL,Vibration,4,"Critical multi-sensor deviation. Vibration is the strongest contributor, with 4 sensors elevated."
90.3,steady,132.7391768956395,820.3373031965845,0.4404568286380405,423.3817931453415,1,combined,6.919408171810093,True,16.19824837246751,True,23.874225808563647,True,12.810637514619376,True,4,CRITICAL,1,74.93960900686658,96.08223823860928,99.15606092729043,92.28595507910133,96.16702763727719,CRITICAL,Vibration,4,"Critical multi-sensor deviation. Vibration is the strongest contributor, with 4 sensors elevated."
90.4,steady,132.48172852647895,819.4283260345511,0.4282827117632476,433.58740588821365,1,combined,6.772486445835779,True,15.997389311536155,True,22.66749803046374,True,11.066896868813844,True,4,CRITICAL,1,74.19230000495025,95.92165069810747,98.92569861070899,89.06694452829935,95.63603105814163,CRITICAL,Vibration,4,"Critical multi-sensor deviation. Vibration is the strongest contributor, with 4 sensors elevated."
90.5,steady,132.64187528380353,822.1320689985447,0.4356955993422702,433.1950117939036,1,combined,6.8638796757561575,True,16.594842465950595,True,23.40228129643189,True,11.133941694897452,True,4,CRITICAL,1,74.65974467429609,96.38098571137677,99.07252187835186,89.21256698370473,95.83814840510503,CRITICAL,Vibration,4,"Critical multi-sensor deviation. Vibration is the strongest contributor, with 4 sensors elevated."
90.6,steady,130.83437029643758,825.1353638530712,0.4410054148967589,429.8564208577963,1,combined,5.832365072199398,True,17.2584883850964,True,23.92860299944228,True,11.704376499909444,True,4,CRITICAL,1,68.85364663182906,96.8308211737986,99.16518940642203,90.37566404595567,95.53958872424978,CRITICAL,Vibration,4,"Critical multi-sensor deviation. Vibration is the strongest contributor, with 4 sensors elevated."
90.7,steady,133.32479246828964,827.6798773166347,0.4433319722900691,432.1956949776543,1,combined,7.25360974772894,True,17.820756180334797,True,24.159216970272823,True,11.30468591128445,True,4,CRITICAL,1,76.55989987035309,97.1678986859659,99.20281874786914,89.57472648562899,96.20104976772393,CRITICAL,Vibration,4,"Critical multi-sensor deviation. Vibration is the strongest contributor, with 4 sensors elevated."
90.8,steady,133.78911634853776,824.1402406466935,0.4263641418561638,430.8648571456353,1,combined,7.518592066784143,True,17.03859340743063,True,22.4773247616414,True,11.532074121981353,True,4,CRITICAL,1,77.76979893640656,96.68833360765095,98.88405092225221,90.03822407333641,96.07041875918299,CRITICAL,Vibration,4,"Critical multi-sensor deviation. Vibration is the strongest contributor, with 4 sensors elevated."
90.9,steady,132.84971613334642,829.1005177994373,0.4414307849411271,425.6102618992279,1,combined,6.982491172276322,True,18.134678823515927,True,23.97076670246813,True,12.429879235624972,True,4,CRITICAL,1,75.25379976096602,97.3402439148293,99.1721995487148,91.67557188290985,96.26308852856387,CRITICAL,Vibration,4,"Critical multi-sensor deviation. Vibration is the strongest contributor, with 4 sensors elevated."
91.0,steady,132.646191444366,824.7721720237897,0.4414043634207436,413.7480859113283,1,combined,6.866342840551055,True,17.178232936649007,True,23.9681477377486,True,14.456661844267996,True,4,CRITICAL,1,74.67222504488514,96.77954195751664,99.17176583910235,94.44977860954684,96.40556254738348,CRITICAL,Vibration,4,"Critical multi-sensor deviation. Vibration is the strongest contributor, with 4 sensors elevated."
91.1,steady,133.0692125723785,822.4525551856265,0.4402582648098173,417.6780493591493,1,combined,7.10775432998425,True,16.665661136944173,True,23.85454368379787,True,13.78518457257926,True,4,CRITICAL,1,75.86605586194383,96.43188316791807,99.15273227727342,93.65204145987094,96.39576334734078,CRITICAL,Vibration,4,"Critical multi-sensor deviation. Vibration is the strongest contributor, with 4 sensors elevated."
91.2,steady,133.60853574178174,829.5796501962393,0.4515212198711067,423.9539036835108,1,combined,7.415537561103673,True,18.240553962411784,True,24.97095490900061,True,12.712886166960578,True,4,CRITICAL,1,77.30686005456356,97.39597221736068,99.32227982387397,92.13365956327296,96.59837440568681,CRITICAL,Vibration,4,"Critical multi-sensor deviation. Vibration is the strongest contributor, with 4 sensors elevated."
91.3,steady,134.94037877281056,823.7081317667657,0.4647831717277146,415.2672754274016,1,combined,8.175599384309804,True,16.943109178048843,True,26.285511509843552,True,14.197091686688887,True,4,CRITICAL,1,80.50709975785988,96.62448349755016,99.47896190243685,94.15403401215553,97.10322591395916,CRITICAL,Vibration,4,"Critical multi-sensor deviation. Vibration is the strongest contributor, with 4 sensors elevated."
91.4,steady,133.79485563482135,827.2758610925717,0.4744088279658915,422.4848344856323,1,combined,7.521867386994539,True,17.731479658596026,True,27.2396297333263,True,12.963892719568683,True,4,CRITICAL,1,77.78435637322426,97.11687650228377,99.56947752970838,92.51881170696427,96.83174357912625,CRITICAL,Vibration,4,"Critical multi-sensor deviation. Vibration is the strongest contributor, with 4 sensors elevated."
91.5,steady,132.7843321529016,827.3238473441154,0.4525517281414885,412.1343429927023,1,combined,6.9451775653214805,True,17.74208330610804,True,25.073101370072152,True,14.7323874856367,True,4,CRITICAL,1,75.0684349604465,97.12298434851044,99.33598470028144,94.74756021891739,96.61744942514656,CRITICAL,Vibration,4,"Critical multi-sensor deviation. Vibration is the strongest contributor, with 4 sensors elevated."
91.6,steady,132.22360715508873,824.0763665869091,0.4637460714122808,418.5077086230251,1,combined,6.625180648097915,True,17.02447898937696,True,26.18271162939379,True,13.64342820605441,True,4,CRITICAL,1,73.42066440973885,96.67897195165179,99.46813848830458,93.46949324261537,96.42005097547516,CRITICAL,Vibration,4,"Critical multi-sensor deviation. Vibration is the strongest contributor, with 4 sensors elevated."
91.7,steady,134.44619087674013,830.7522061537297,0.4604138893443826,417.26323876488846,1,combined,7.893574142188337,True,18.49965671916768,True,25.8524177194228,True,13.856059503046186,True,4,CRITICAL,1,79.37600182824343,97.52747760488411,99.43181792548086,93.74138893822132,97.01239170253515,CRITICAL,Vibration,4,"Critical multi-sensor deviation. Vibration is the strongest contributor, with 4 sensors elevated."
91.8,steady,134.6533472359478,828.4762598749714,0.4644787867430998,418.3191558218863,1,combined,8.011795010864196,True,17.996734917195248,True,26.255340137254567,True,13.675644515991888,True,4,CRITICAL,1,79.85791950053746,97.2658428882338,99.47580831027068,93.51143574020846,97.04398846511035,CRITICAL,Vibration,4,"Critical multi-sensor deviation. Vibration is the strongest contributor, with 4 sensors elevated."
91.9,steady,133.74353864876457,832.2136466406777,0.4781965193159339,413.0435438005553,1,combined,7.492581591990883,True,18.822595045977536,True,27.61507482014231,True,14.5770405756768,True,4,CRITICAL,1,77.65385400271934,97.68212416758794,99.6006211357047,94.58180859390461,97.07326442945076,CRITICAL,Vibration,4,"Critical multi-sensor deviation. Vibration is the strongest contributor, with 4 sensors elevated."
92.0,steady,134.03566938512293,829.4887163898795,0.4518921239410861,417.7294651127887,1,combined,7.65929599820703,True,18.220460081382384,True,25.00771981349904,True,13.776399628282965,True,4,CRITICAL,1,78.38665417097232,97.38548615601442,99.32724481128568,93.6408783635907,96.82748218374871,CRITICAL,Vibration,4,"Critical multi-sensor deviation. Vibration is the strongest contributor, with 4 sensors elevated."
92.1,steady,135.48112794365224,832.2987575029143,0.4775335404301072,418.03921005463474,1,combined,8.484196411971265,True,18.841402215814096,True,27.5493587566242,True,13.723476314559658,True,4,CRITICAL,1,81.6738151437744,97.69082632791515,99.59533736755904,93.57321172318514,97.33362346312632,CRITICAL,Vibration,4,"Critical multi-sensor deviation. Vibration is the strongest contributor, with 4 sensors elevated."
92.2,steady,136.04514871086175,831.3951443799862,0.4745929420193698,408.8893101807749,1,combined,8.806074172836393,True,18.6417284606335,True,27.25787956162644,True,15.286836861063218,True,4,CRITICAL,1,82.81640153221524,97.59674397769405,99.57104605766287,95.29887043050546,97.55844786231265,CRITICAL,Vibration,4,"Critical multi-sensor deviation. Vibration is the strongest contributor, with 4 sensors elevated."
92.3,steady,135.53493947218374,833.9048449033761,0.5018950555543826,397.8500835245986,1,combined,8.514905803042346,True,19.19630354942824,True,29.96413079466284,True,17.173009568535274,True,4,CRITICAL,1,81.7860273895734,97.84905027728036,99.75034017131294,96.77617587202226,97.75186056099494,CRITICAL,Vibration,4,"Critical multi-sensor deviation. Vibration is the strongest contributor, with 4 sensors elevated."
92.4,steady,137.26136585733445,833.8859588007703,0.4857162112056997,404.9737952620068,1,combined,9.500150126403168,True,19.192130237938677,True,28.360444786560297,True,15.955845443412423,True,4,CRITICAL,1,85.04358715497125,97.84725421119205,99.65593296497136,95.88762345040402,97.88936623311601,CRITICAL,Vibration,4,"Critical multi-sensor deviation. Vibration is the strongest contributor, with 4 sensors elevated."
92.5,steady,135.85367581088693,840.458062102833,0.4834994846534793,410.9869921409703,1,combined,8.69680360711739,True,20.64438509398283,True,28.14071751315497,True,14.928424937338162,True,4,CRITICAL,1,82.43673570779183,98.38990502620466,99.64047563040252,94.94951035233582,97.61526399747595,CRITICAL,Vibration,4,"Critical multi-sensor deviation. Vibration is the strongest contributor, with 4 sensors elevated."
92.6,steady,135.0025138655383,834.7789299270089,0.4747373238364999,400.7164406261478,1,combined,8.211058902258587,True,19.38945240327656,True,27.272191034990414,True,16.683261083138788,True,4,CRITICAL,1,80.64485248517448,97.93055655219277,99.57227209477011,96.4444208216217,97.49878578255449,CRITICAL,Vibration,4,"Critical multi-sensor deviation. Vibration is the strongest contributor, with 4 sensors elevated."
92.7,steady,136.72890604085467,839.945364733617,0.4917878701263982,414.6571337441287,1,combined,9.196283702606213,True,20.531093015343213,True,28.9622822384354,True,14.30134107177027,True,4,CRITICAL,1,84.10644874567382,98.35300637103835,99.69495203782319,94.2746597978332,97.73926218291732,CRITICAL,Vibration,4,"Critical multi-sensor deviation. Vibration is the strongest contributor, with 4 sensors elevated."
92.8,steady,135.76791451988697,840.5786789643678,0.5083449851207077,406.9245386247371,1,combined,8.647860990247905,True,20.67103811735052,True,30.603463343752136,True,15.622539587426068,True,4,CRITICAL,1,82.26397311886349,98.39846497088678,99.78030663114255,95.60414404593716,97.76130207734028,CRITICAL,Vibration,4,"Critical multi-sensor deviation. Vibration is the strongest contributor, with 4 sensors elevated."
92.9,steady,136.35165345124432,839.8235720661553,0.4949226400269215,413.7733063687844,1,combined,8.980991596563522,True,20.504180171064533,True,29.27300817903692,True,14.452352653053314,True,4,CRITICAL,1,83.40715021583638,98.34411741317254,99.71333226447076,94.44499315464797,97.70575536361717,CRITICAL,Vibration,4,"Critical multi-sensor deviation. Vibration is the strongest contributor, with 4 sensors elevated."
93.0,steady,134.94827693333366,842.8774806545242,0.4858110702837028,409.6277411906785,1,combined,8.180106740017122,True,21.179010339358104,True,28.36984744677857,True,15.16066784029654,True,4,CRITICAL,1,80.52466412681626,98.55317989365079,99.65657938605762,95.17873366852562,97.49417784500434,CRITICAL,Vibration,4,"Critical multi-sensor deviation. Vibration is the strongest contributor, with 4 sensors elevated."
93.1,steady,135.25480625052708,842.4960081366577,0.4996404016837771,408.214961273858,1,combined,8.355038189342789,True,21.0947153593408,True,29.740644074135812,True,15.402056753104167,True,4,CRITICAL,1,81.19425236984965,98.52858118714215,99.7389278906645,95.4059644831877,97.63122914788079,CRITICAL,Vibration,4,"Critical multi-sensor deviation. Vibration is the strongest contributor, with 4 sensors elevated."
93.2,steady,137.32098425514553,842.1163729291018,0.5038764113046836,402.5502028088152,1,combined,9.534173406235112,True,21.010826374588323,True,30.16052754744388,True,16.36994274221982,True,4,CRITICAL,1,85.14501491698988,98.50368575984984,99.75995654835359,96.21448614889488,98.06099680166255,CRITICAL,Vibration,4,"Critical multi-sensor deviation. Vibration is the strongest contributor, with 4 sensors elevated."
93.3,steady,137.0655600445173,848.0728784457738,0.5182020051754971,407.69610665897466,1,combined,9.388406835627228,True,22.327050977893894,True,31.58051490582732,True,15.490708743340402,True,4,CRITICAL,1,84.70556833237235,98.85000224475853,99.81930283946016,95.48670070382363,98.03293458118539,CRITICAL,Vibration,4,"Critical multi-sensor deviation. Vibration is the strongest contributor, with 4 sensors elevated."
93.4,steady,136.94102110782643,840.3112767937891,0.5119155430288297,397.6557582947074,1,combined,9.317334427636103,True,20.611949560325296,True,30.95738564097983,True,17.20621216110899,True,4,CRITICAL,1,84.48661343637534,98.37942621643097,99.7953198868452,96.79751281324879,98.06960925732815,CRITICAL,Vibration,4,"Critical multi-sensor deviation. Vibration is the strongest contributor, with 4 sensors elevated."
93.5,steady,137.37026380630817,847.9794998225215,0.5160543164137144,396.3874212219775,1,combined,9.562296469261932,True,22.306416859281317,True,31.36763082444295,True,17.42292143296,True,4,CRITICAL,1,85.22833391513826,98.84524660063819,99.81144319767637,96.93334957432876,98.19904574117054,CRITICAL,Vibration,4,"Critical multi-sensor deviation. Vibration is the strongest contributor, with 4 sensors elevated."
93.6,steady,136.47137354314245,850.8492027829988,0.505056976767235,399.6056894038797,1,combined,9.049313965793631,True,22.94054262818842,True,30.27754803871877,True,16.873045087533804,True,4,CRITICAL,1,83.63234071896002,98.98279195820415,99.76550931665466,96.57685003873657,98.00636160867413,CRITICAL,Vibration,4,"Critical multi-sensor deviation. Vibration is the strongest contributor, with 4 sensors elevated."
93.7,steady,138.26263216530455,847.4989847616765,0.4874941596247277,399.84324290930977,1,combined,10.071557024829287,True,22.200236189495527,True,28.53667931489083,True,16.832456470915826,True,4,CRITICAL,1,86.65877612512774,98.82046186824415,99.66784902750297,96.54894876024466,98.18250499872488,CRITICAL,Vibration,4,"Critical multi-sensor deviation. Vibration is the strongest contributor, with 4 sensors elevated."
93.8,steady,136.10225768862443,844.7835458667762,0.516874027591619,403.6023131240802,1,combined,8.838665366204136,True,21.600198554637828,True,31.44888257013998,True,16.190178178658442,True,4,CRITICAL,1,82.92804407663984,98.67006445977816,99.81448254939926,96.07590971339823,97.90965747704088,CRITICAL,Vibration,4,"Critical multi-sensor deviation. Vibration is the strongest contributor, with 4 sensors elevated."
93.9,steady,138.16556214212537,848.3716563293773,0.5120696132535864,403.5167698985676,1,combined,10.016160692771118,True,22.393072708289644,True,30.972657452635996,True,16.204794175077062,True,4,CRITICAL,1,86.51014330061928,98.86508739912944,99.79594410030047,96.08736386177772,98.22748579810516,CRITICAL,Vibration,4,"Critical multi-sensor deviation. Vibration is the strongest contributor, with 4 sensors elevated."
94.0,steady,137.79119921170383,850.7668741256427,0.5126274388408018,397.1438235784688,1,combined,9.802517669676131,True,22.922350249441216,True,31.02795046800218,True,17.29368181091788,True,4,CRITICAL,1,85.92124882198735,98.97908413008109,99.7981882420932,96.85304970419956,98.25458481096719,CRITICAL,Vibration,4,"Critical multi-sensor deviation. Vibration is the strongest contributor, with 4 sensors elevated."
94.1,steady,139.06832579400367,851.4843291768477,0.5363395652473885,402.9657595507113,1,combined,10.53135367811925,True,23.080888168615253,True,33.37835353271166,True,16.298940324262222,True,4,CRITICAL,1,87.8309061035172,99.01094708745602,99.8738773610689,96.16034652694523,98.41967702910618,CRITICAL,Vibration,4,"Critical multi-sensor deviation. Vibration is the strongest contributor, with 4 sensors elevated."
94.2,steady,136.42093042497163,850.8406986647724,0.523231216647855,395.1834189309666,1,combined,9.020526873417213,True,22.938663450941352,True,32.07902245656383,True,17.62863840315809,True,4,CRITICAL,1,83.53783345714999,98.98240958351212,99.83644963697206,97.05696163449251,98.09238701634291,CRITICAL,Vibration,4,"Critical multi-sensor deviation. Vibration is the strongest contributor, with 4 sensors elevated."
94.3,steady,137.78043739207592,849.6472298000338,0.5424927633790406,398.6591312788503,1,combined,9.796376068859196,True,22.674939514372948,True,33.98827334751083,True,17.034774904039338,True,4,CRITICAL,1,85.90394498288848,98.92729630079597,99.88836096157351,96.685803519789,98.30040762946439,CRITICAL,Vibration,4,"Critical multi-sensor deviation. Vibration is the strongest contributor, with 4 sensors elevated."
94.4,steady,138.25729421340367,848.4216710241884,0.5280967572573393,390.1127990577643,1,combined,10.068510739824635,True,22.40412458621588,True,32.561306557277106,True,18.49500931053036,True,4,CRITICAL,1,86.6506454144863,98.86759321181997,99.8514882390364,97.5251783721152,98.40677156365123,CRITICAL,Vibration,4,"Critical multi-sensor deviation. Vibration is the strongest contributor, with 4 sensors elevated."
94.5,steady,139.03698405502345,855.2160271128182,0.5356411641134309,403.96101062026446,1,combined,10.513467441740964,True,23.90549122181166,True,33.30912633066728,True,16.128890785201147,True,4,CRITICAL,1,87.7872962904915,99.16132168295158,99.87211899298642,96.02751426315965,98.41609932803021,CRITICAL,Vibration,4,"Critical multi-sensor deviation. Vibration is the strongest contributor, with 4 sensors elevated."
94.6,steady,137.87366465372276,849.9680212988276,0.5394054653852624,387.4488158731602,1,combined,9.849579397486496,True,22.74582565089408,True,33.682252936611185,True,18.950179997070567,True,4,CRITICAL,1,86.05314121106689,98.94239696923769,99.88131476820618,97.7405211562665,98.40187483350202,CRITICAL,Vibration,4,"Critical multi-sensor deviation. Vibration is the strongest contributor, with 4 sensors elevated."
94.7,steady,137.93974647740464,856.9749488238108,0.5469022324519672,401.64774831879953,1,combined,9.887291252576237,True,24.29416475276312,True,34.42535053936779,True,16.5241369699333,True,4,CRITICAL,1,86.15793789007064,99.22404656307707,99.89770555636167,96.32944531122473,98.32430795219932,CRITICAL,Vibration,4,"Critical multi-sensor deviation. Vibration is the strongest contributor, with 4 sensors elevated."
94.8,steady,139.60726456158588,856.7144091691179,0.5392513821560312,394.14173135758347,1,combined,10.838917537178954,True,24.236592623822126,True,33.666979835920195,True,17.80662212718361,True,4,CRITICAL,1,88.55690285748071,99.21506026808399,99.88095167563442,97.1598815457355,98.59373826951916,CRITICAL,Vibration,4,"Critical multi-sensor deviation. Vibration is the strongest contributor, with 4 sensors elevated."
94.9,steady,140.99667353498668,856.3491090869944,0.5437823174323831,395.6139596606132,1,combined,11.63183133625196,True,24.1558713092301,True,34.11609705033332,True,17.555075806881455,True,4,CRITICAL,1,90.23500630419352,99.20228514971335,99.89117881234883,97.01334203559202,98.7341748044384,CRITICAL,Vibration,4,"Critical multi-sensor deviation. Vibration is the strongest contributor, with 4 sensors elevated."
95.0,steady,138.72664087927078,860.5054444381551,0.5552850045823108,389.0180392767428,1,combined,10.33635948345556,True,25.074307602703552,True,35.25627109740124,True,18.68206100214913,True,4,CRITICAL,1,87.34695004472049,99.33614487234463,99.91336782819438,97.6160518839647,98.56228411838347,CRITICAL,Vibration,4,"Critical multi-sensor deviation. Vibration is the strongest contributor, with 4 sensors elevated."
95.1,steady,139.23644228181158,859.0697314739136,0.5472557670314848,390.8096605332182,1,combined,10.627295107595051,True,24.75705435387668,True,34.46039373814848,True,18.37594289973658,True,4,CRITICAL,1,88.06218414554108,99.29265777989477,99.89841999472114,97.46553744161186,98.59686794072351,CRITICAL,Vibration,4,"Critical multi-sensor deviation. Vibration is the strongest contributor, with 4 sensors elevated."
95.2,steady,137.2362660334325,857.010538370108,0.5626339549857842,388.1040949041454,1,combined,9.485826052565184,True,24.30202906789314,True,35.984716756577704,True,18.83821840206775,True,4,CRITICAL,1,85.00067836906739,99.22526607223607,99.92511286498247,97.68935546389316,98.36235947962928,CRITICAL,Vibration,4,"Critical multi-sensor deviation. Vibration is the strongest contributor, with 4 sensors elevated."
95.3,steady,139.91259050987878,863.0788741852579,0.5562194674905089,385.58441408524095,1,combined,11.013162242842489,True,25.642965104746388,True,35.348897310910125,True,19.268733449922077,True,4,CRITICAL,1,88.94881416688864,99.40751091907497,99.91495793616008,97.87998429642396,98.73295854887697,CRITICAL,Vibration,4,"Critical multi-sensor deviation. Vibration is the strongest contributor, with 4 sensors elevated."
95.4,steady,140.8885790002713,856.0787898123367,0.5748242872513939,383.7941324724411,1,combined,11.570143489245751,True,24.09613815208682,True,37.19305184325964,True,19.574622659549167,True,4,CRITICAL,1,90.11378375864429,99.19269799131247,99.94118981252245,98.00579464224406,98.84645167105288,CRITICAL,Vibration,4,"Critical multi-sensor deviation. Vibration is the strongest contributor, with 4 sensors elevated."
95.5,steady,140.82173469710574,860.2939976142062,0.5627677487104435,385.5409976533449,1,combined,11.531996499134074,True,25.02758364497475,True,35.99797871272142,True,19.27615162253948,True,4,CRITICAL,1,90.03806941985366,99.32991220844326,99.92531123177308,97.88312729280662,98.82938906402921,CRITICAL,Vibration,4,"Critical multi-sensor deviation. Vibration is the strongest contributor, with 4 sensors elevated."
95.6,steady,140.50085895669747,864.9421547962762,0.5878559951729881,386.7193078660392,1,combined,11.348877772230551,True,26.05469909478806,True,38.48478611087073,True,19.07482442514236,True,4,CRITICAL,1,89.66646293550056,99.45434568855485,99.95457928662249,97.79615116790524,98.82173620568065,CRITICAL,Vibration,4,"Critical multi-sensor deviation. Vibration is the strongest contributor, with 4 sensors elevated."
95.7,steady,140.40675200718655,865.957979649443,0.5625761359112811,389.4057205256655,1,combined,11.295172419606242,True,26.279168569490142,True,35.97898559069319,True,18.61582141728585,True,4,CRITICAL,1,89.55487145198488,99.47830050028719,99.92502697764974,97.58425941021297,98.77373264023412,CRITICAL,Vibration,4,"Critical multi-sensor deviation. Vibration is the strongest contributor, with 4 sensors elevated."
95.8,steady,141.31387452458938,858.8657562065738,0.57939060547007,383.7779596867849,1,combined,11.812852940797937,True,24.711981405553693,True,37.64567630011281,True,19.577385957002747,True,4,CRITICAL,1,90.58221806178024,99.28625255315822,99.9462797403549,98.00689645426998,98.89947592706747,CRITICAL,Vibration,4,"Critical multi-sensor deviation. Vibration is the strongest contributor, with 4 sensors elevated."
95.9,steady,140.92532799558742,866.3669592988174,0.5725525501517739,378.5002065887363,1,combined,11.591115561577269,True,26.369541872301856,True,36.96787179193881,True,20.47914784308068,True,4,CRITICAL,1,90.15516380386693,99.48764533489668,99.93848069016532,98.33580650719607,98.90275837801839,CRITICAL,Vibration,4,"Critical multi-sensor deviation. Vibration is the strongest contributor, with 4 sensors elevated."
96.0,steady,140.86572810704172,870.5275883797881,0.5619157837731474,370.3570247469403,1,combined,11.557102844691302,True,27.288926962481707,True,35.913529896731234,True,21.87049959446304,True,4,CRITICAL,1,90.08796557830996,99.57370138602577,99.92403904292229,98.74005223079097,98.92912922372878,CRITICAL,Vibration,4,"Critical multi-sensor deviation. Vibration is the strongest contributor, with 4 sensors elevated."
96.1,steady,141.87494124301156,864.0282446375691,0.5875790424261458,375.45300180341314,1,combined,12.13304487258649,True,25.852749976679405,True,38.457333887742514,True,20.999796134774115,True,4,CRITICAL,1,91.16641255321554,99.43185568074986,99.95432922085288,98.50038117517263,99.01244962367858,CRITICAL,Vibration,4,"Critical multi-sensor deviation. Vibration is the strongest contributor, with 4 sensors elevated."
96.2,steady,140.2739574983087,866.8462681328859,0.5880763164234528,374.00547720550566,1,combined,11.219388686705306,True,26.47545599900197,True,38.50662488371773,True,21.2471215566541,True,4,CRITICAL,1,89.39535143719154,99.49838431178775,99.95477724052915,98.57275519690032,98.8699661726547,CRITICAL,Vibration,4,"Critical multi-sensor deviation. Vibration is the strongest contributor, with 4 sensors elevated."
96.3,steady,142.7793246198879,867.386911599334,0.5895806804884178,380.286524023496,1,combined,12.649162209458344,True,26.59492339984019,True,38.65574107212293,True,20.173935956662888,True,4,CRITICAL,1,92.03276310810467,99.51022760411298,99.95610601694023,98.23105558203045,99.07285723824012,CRITICAL,Vibration,4,"Critical multi-sensor deviation. Vibration is the strongest contributor, with 4 sensors elevated."
96.4,steady,142.76129630411805,863.9264901400628,0.6029160123617494,378.6554384323667,1,combined,12.63887373383913,True,25.830265019225767,True,39.97757127691173,True,20.452624783458354,True,4,CRITICAL,1,92.01635208495107,99.4292949871875,99.96630291922942,98.32695515079979,99.0802510974388,CRITICAL,Vibration,4,"Critical multi-sensor deviation. Vibration is the strongest contributor, with 4 sensors elevated."
96.5,steady,143.83385340635633,871.5473009649279,0.5887103605377808,374.5829303703426,1,combined,13.250965164756613,True,27.51425551948625,True,38.56947286301425,True,21.14845736274977,True,4,CRITICAL,1,92.93624236355338,99.59248637770256,99.95534211478156,98.54431189469496,99.1859558652971,CRITICAL,Vibration,4,"Critical multi-sensor deviation. Vibration is the strongest contributor, with 4 sensors elevated."
96.6,steady,141.4906513129642,874.4809195180686,0.5899165150927586,367.6352957199251,1,combined,11.913736667290005,True,28.16250488407593,True,38.689029806745175,True,22.335536790254128,True,4,CRITICAL,1,90.77033408289225,99.64203884026486,99.95639728131283,98.85195232252418,99.02847145396532,CRITICAL,Vibration,4,"Critical multi-sensor deviation. Vibration is the strongest contributor, with 4 sensors elevated."
96.7,steady,141.69788079684994,870.9775060898121,0.5978592082290978,368.1771207939007,1,combined,12.031999267066947,True,27.388346455628984,True,39.47632867524787,True,22.24296004565173,True,4,CRITICAL,1,90.98607744519481,99.5820941475242,99.96274971000409,98.83049781324856,99.04491148415016,CRITICAL,Vibration,4,"Critical multi-sensor deviation. Vibration is the strongest contributor, with 4 sensors elevated."
96.8,steady,142.32531595572428,873.4448919477862,0.6115552662541323,371.31937942918296,1,combined,12.39006662161793,True,27.93357116213245,True,40.83391492476861,True,21.706070763251525,True,4,CRITICAL,1,91.60902384067191,99.62526795175852,99.97160700442636,98.69792905267114,99.09812948971083,CRITICAL,Vibration,4,"Critical multi-sensor deviation. Vibration is the strongest contributor, with 4 sensors elevated."
96.9,steady,142.01082133903694,876.2018169319384,0.6135279586780996,367.44457480485335,1,combined,12.210589501432644,True,28.542776086639325,True,41.02945294778346,True,22.36812354618881,True,4,CRITICAL,1,91.30235511881631,99.66825379041117,99.97269595457132,98.85941022314054,99.08998994057855,CRITICAL,Vibration,4,"Critical multi-sensor deviation. Vibration is the strongest contributor, with 4 sensors elevated."
97.0,steady,142.4058144478664,878.3867035974707,0.6091592479274375,366.2938269690286,1,combined,12.436005842139746,True,29.025576207710085,True,40.59641581896935,True,22.564741409805265,True,4,CRITICAL,1,91.6857657353689,99.69878923868401,99.97022579837808,98.9033918631548,99.12823687455952,CRITICAL,Vibration,4,"Critical multi-sensor deviation. Vibration is the strongest contributor, with 4 sensors elevated."
97.1,steady,142.28037781970042,879.2970196572951,0.597192128478965,362.3143075458962,1,combined,12.364421135774606,True,29.226731128388217,True,39.41020612418546,True,23.244685862306174,True,4,CRITICAL,1,91.56587514628262,99.7106667206851,99.96225382144902,99.04282303332921,99.12510662209463,CRITICAL,Vibration,4,"Critical multi-sensor deviation. Vibration is the strongest contributor, with 4 sensors elevated."
97.2,steady,144.368913191166,877.5487392771076,0.6248639708587265,378.85698577226367,1,combined,13.55631534949465,True,28.84040904013725,True,42.15310577056565,True,20.418188214338304,True,4,CRITICAL,1,93.35471808704546,99.68742524488312,99.97819140166962,98.31539259410931,99.22770055225966,CRITICAL,Vibration,4,"Critical multi-sensor deviation. Vibration is the strongest contributor, with 4 sensors elevated."
97.3,steady,143.03981820694253,878.8090384137793,0.614313608741347,360.22666199859896,1,combined,12.797821793281305,True,29.11890063668978,True,41.107328473781536,True,23.601382955030925,True,4,CRITICAL,1,92.26615750790533,99.70435916046529,99.97311792331723,99.10872869687798,99.19960843790571,CRITICAL,Vibration,4,"Critical multi-sensor deviation. Vibration is the strongest contributor, with 4 sensors elevated."
97.4,steady,143.46681874823722,883.2792003975899,0.6419481555321409,368.5569112256832,1,combined,13.041504271144884,True,30.10668402199589,True,43.846531291581,True,22.17806869326824,True,4,CRITICAL,1,92.634040411708,99.757357622798,99.98445686275232,98.81522077722535,99.21911608230633,CRITICAL,Vibration,4,"Critical multi-sensor deviation. Vibration is the strongest contributor, with 4 sensors elevated."
97.5,steady,143.1204356201393,882.0238414574915,0.6248918105659108,364.4757224006946,1,combined,12.843828880174389,True,29.829284073601254,True,42.155865309375656,True,22.87538447593012,True,4,CRITICAL,1,92.33699342541179,99.74351539322164,99.97820343468345,98.96944932963227,99.20079637105229,CRITICAL,Vibration,4,"Critical multi-sensor deviation. Vibration is the strongest contributor, with 4 sensors elevated."
97.6,steady,143.77602523992007,881.5870057707943,0.6307814032964701,361.72613620764105,1,combined,13.217963541749842,True,29.732755349364652,True,42.739655922095736,True,23.34518137345808,True,4,CRITICAL,1,92.88946506739639,99.73851566034966,99.98060540768523,99.06186938259304,99.25855837282253,CRITICAL,Vibration,4,"Critical multi-sensor deviation. Vibration is the strongest contributor, with 4 sensors elevated."
97.7,steady,145.6022534584296,883.0892146564299,0.6212954583671919,363.7656980910443,1,combined,14.260163198175263,True,30.064702375862588,True,41.79938621995517,True,22.99669990102421,True,4,CRITICAL,1,94.22731363698682,99.75531174058362,99.9765926934119,98.99415276548945,99.36820519890901,CRITICAL,Vibration,4,"Critical multi-sensor deviation. Vibration is the strongest contributor, with 4 sensors elevated."
97.8,steady,141.7486300290515,886.3536938318503,0.6302574765007867,361.3285926323841,1,combined,12.060961053895255,True,30.78606287752592,True,42.68772303656946,True,23.413106044726703,True,4,CRITICAL,1,91.03813838256191,99.78818507683043,99.98040291447147,99.07452764981447,99.1018716214783,CRITICAL,Vibration,4,"Critical multi-sensor deviation. Vibration is the strongest contributor, with 4 sensors elevated."
97.9,steady,143.4390972559346,884.0919205878646,0.6332686153978078,349.31986195134255,1,combined,13.025684052477487,True,30.28627292811688,True,42.9861943744187,True,25.464929126852677,True,4,CRITICAL,1,92.61069728356678,99.7659181409117,99.9815385164761,99.3860339462297,99.2656164758381,CRITICAL,Vibration,4,"Critical multi-sensor deviation. Vibration is the strongest contributor, with 4 sensors elevated."
98.0,steady,145.60281291063654,884.874719869827,0.6205935588406762,353.8791093764259,1,combined,14.2604824687308,True,30.459250132869727,True,41.72981224881682,True,24.685931799626573,True,4,CRITICAL,1,94.22768223497485,99.77387782774761,99.97626470893107,99.28252428164663,99.39485260296895,CRITICAL,Vibration,4,"Critical multi-sensor deviation. Vibration is the strongest contributor, with 4 sensors elevated."
98.1,steady,143.89145493582873,887.1745959813643,0.6375028434859057,356.65029336074906,1,combined,13.28383744962072,True,30.96745977258,True,43.40590125790512,True,24.212444683054905,True,4,CRITICAL,1,92.9825304080946,99.79573186655124,99.98302493990934,99.21126016336963,99.28656410650949,CRITICAL,Vibration,4,"Critical multi-sensor deviation. Vibration is the strongest contributor, with 4 sensors elevated."
98.2,steady,143.8839437362512,886.2764148740059,0.6370169235324898,368.0040481485042,1,combined,13.279550926425156,True,30.76898634408734,True,43.35773570209925,True,22.27253140153781,True,4,CRITICAL,1,92.97651171930235,99.78746042716071,99.98286062711746,98.83739415281019,99.25247926368553,CRITICAL,Vibration,4,"Critical multi-sensor deviation. Vibration is the strongest contributor, with 4 sensors elevated."
98.3,steady,146.08084936545688,885.2910062311078,0.6484065797872473,360.6145586356945,1,combined,14.53329033793523,True,30.55123801892216,True,44.486705854676245,True,23.535106568740726,True,4,CRITICAL,1,94.53419113778503,99.77799989359238,99.98632479561566,99.09683600229164,99.41320440221259,CRITICAL,Vibration,4,"Critical multi-sensor deviation. Vibration is the strongest contributor, with 4 sensors elevated."
98.4,steady,144.8245082401026,894.0278828629667,0.6645675172933694,347.84693720712687,1,combined,13.81631626211792,True,32.481848499632896,True,46.08861689342714,True,25.716594441754555,True,4,CRITICAL,1,93.69144320319056,99.84910929526389,99.99007355819265,99.41617190791938,99.3763926347248,CRITICAL,Vibration,4,"Critical multi-sensor deviation. Vibration is the strongest contributor, with 4 sensors elevated."
98.5,steady,145.24646931891425,894.6348085442017,0.663854461323538,342.1376146907643,1,combined,14.057122798182354,True,32.61596245483424,True,46.01793706876428,True,26.692094686827776,True,4,CRITICAL,1,93.98807121495932,99.8531028071112,99.98993224189142,99.51965407203029,99.41164748662874,CRITICAL,Vibration,4,"Critical multi-sensor deviation. Vibration is the strongest contributor, with 4 sensors elevated."
98.6,steady,145.43178657597872,894.0367666497207,0.6746945318604246,347.64321291899216,1,combined,14.16288043552733,True,32.48381157322752,True,47.09243096166491,True,25.75140296630948,True,4,CRITICAL,1,94.11389729387001,99.8491685255474,99.99187911390973,99.42022223187675,99.41504855099667,CRITICAL,Vibration,4,"Critical multi-sensor deviation. Vibration is the strongest contributor, with 4 sensors elevated."
98.7,steady,144.66935306065437,893.2041026010625,0.6432458691808793,349.8301417843384,1,combined,13.727771647006485,True,32.29981562055622,True,43.97516379314623,True,25.37774223195984,True,4,CRITICAL,1,93.57873039083738,99.84351465853094,99.98485163347,99.3752341006204,99.35860750530813,CRITICAL,Vibration,4,"Critical multi-sensor deviation. Vibration is the strongest contributor, with 4 sensors elevated."
98.8,steady,146.26278081101034,893.6989461793617,0.6651626137994653,350.3794377614133,1,combined,14.637115746023351,True,32.40916250032022,True,46.14760429201562,True,25.28388900178785,True,4,CRITICAL,1,94.64651882197764,99.84689974551046,99.99018997711335,99.36339608504777,99.45523639021798,CRITICAL,Vibration,4,"Critical multi-sensor deviation. Vibration is the strongest contributor, with 4 sensors elevated."
98.9,steady,147.53692004188102,895.7131554501038,0.6339043335363983,348.5784960749386,1,combined,15.364246920097168,True,32.85424759105615,True,43.04920828703092,True,25.591599601685427,True,4,CRITICAL,1,95.37109285718117,99.85993929346112,99.98176972255783,99.40139284715744,99.51689235769388,CRITICAL,Vibration,4,"Critical multi-sensor deviation. Vibration is the strongest contributor, with 4 sensors elevated."
99.0,steady,146.61183542371333,897.1847011025254,0.6681645385215058,353.07075387682954,1,combined,14.836315711145817,True,33.179418882710856,True,46.44516229865442,True,24.82404818483736,True,4,CRITICAL,1,94.85560874882088,99.86875816520799,99.99075675508539,99.30207208206002,99.47049651903325,CRITICAL,Vibration,4,"Critical multi-sensor deviation. Vibration is the strongest contributor, with 4 sensors elevated."
99.1,steady,147.7037903721287,898.6001290444582,0.6814789371546888,352.814493461742,1,combined,15.459477187097246,True,33.492189697102546,True,47.76491755027555,True,24.867833081732567,True,4,CRITICAL,1,95.45842100169838,99.87671638358513,99.99290108500392,99.30815714019532,99.52605282116978,CRITICAL,Vibration,4,"Critical multi-sensor deviation. Vibration is the strongest contributor, with 4 sensors elevated."
99.2,steady,148.06412917849445,901.6786802901652,0.6928672731724228,348.8950818573044,1,combined,15.665116863663862,True,34.17246521784117,True,48.893756837779854,True,25.53750745548079,True,4,CRITICAL,1,95.64141783371699,99.89239873314519,99.99433575224543,99.39488170135058,99.55208371574963,CRITICAL,Vibration,4,"Critical multi-sensor deviation. Vibration is the strongest contributor, with 4 sensors elevated."
99.3,steady,147.54589710889385,895.5836529928403,0.663386146534044,348.27504683045254,1,combined,15.36936999073076,True,32.82563109435993,True,45.97151657919699,True,25.64344722660328,True,4,CRITICAL,1,95.37583327186832,99.85913538580425,99.98983833660093,99.40756804670787,99.52372773487647,CRITICAL,Vibration,4,"Critical multi-sensor deviation. Vibration is the strongest contributor, with 4 sensors elevated."
99.4,steady,147.0914428484205,899.8855020458243,0.6958566553297431,346.84821207015307,1,combined,15.110020108100573,True,33.776221931117504,True,49.190071595202944,True,25.88723756326093,True,4,CRITICAL,1,95.12964824047499,99.88352448505778,99.99466167920353,99.43576098210507,99.51034468783092,CRITICAL,Vibration,4,"Critical multi-sensor deviation. Vibration is the strongest contributor, with 4 sensors elevated."
99.5,steady,146.13683094902544,903.2339003919982,0.6691720595431603,339.2687593613686,1,combined,14.565238145208143,True,34.5161262714335,True,46.54503020828221,True,27.18227002179695,True,4,CRITICAL,1,94.5690039217576,99.89954596992317,99.990939544241,99.56451016257081,99.47121066862475,CRITICAL,Vibration,4,"Critical multi-sensor deviation. Vibration is the strongest contributor, with 4 sensors elevated."
99.6,steady,147.81145189035618,898.7363828021442,0.6817141425282938,341.0542324371306,1,combined,15.520917918419691,True,33.5222980463112,True,47.78823167324698,True,26.877202403356097,True,4,CRITICAL,1,95.51388710297869,99.87745652613654,99.99293410894711,99.53711206474719,99.55102877856146,CRITICAL,Vibration,4,"Critical multi-sensor deviation. Vibration is the strongest contributor, with 4 sensors elevated."
99.7,steady,147.9296574402454,902.9437936028272,0.680311924564856,340.9236580520582,1,combined,15.5883759623999,True,34.45202061545382,True,47.649240452377846,True,26.89951246628797,True,4,CRITICAL,1,95.57400552417897,99.89824974383828,99.99273493405187,99.53917287543959,99.55814197641573,CRITICAL,Vibration,4,"Critical multi-sensor deviation. Vibration is the strongest contributor, with 4 sensors elevated."
99.8,steady,148.35717835370596,906.8916220888487,0.6892548855527729,338.97461614961753,1,combined,15.832355408455625,True,35.324382601586144,True,48.535688278825766,True,27.23252760915998,True,4,CRITICAL,1,95.78479129819947,99.9145399560362,99.99391523680676,99.56886557038209,99.58147970929905,CRITICAL,Vibration,4,"Critical multi-sensor deviation. Vibration is the strongest contributor, with 4 sensors elevated."
99.9,steady,147.77946824282503,908.0897617663024,0.6908449117677771,338.476110874626,1,combined,15.50266535495016,True,35.589138659856744,True,48.69329550580462,True,27.31770269193571,True,4,CRITICAL,1,95.49748056298034,99.91894744811539,99.99410404593601,99.57614775039801,99.5575021130085,CRITICAL,Vibration,4,"Critical multi-sensor deviation. Vibration is the strongest contributor, with 4 sensors elevated."
100.0,shutdown,149.39568232264867,906.6807700698618,0.6939137097120142,337.02568890201746,1,combined,2.961110233477774,False,2.9535856404773706,False,21.62826643450028,True,0.3192569021198142,False,1,WARNING,1,44.690308889671584,44.607009643183424,98.6775092385061,6.185558420418302,81.12941479680967,CRITICAL,Vibration,1,Critical telemetry deviation primarily associated with Vibration.
100.1,shutdown,148.1540253337047,903.1365692956382,0.7076387216471415,336.67737334064765,1,combined,2.907667330680992,False,2.926219575282433,False,22.184307581895013,True,0.3162383097209841,False,1,WARNING,1,44.09595606501533,44.30300081245437,98.81669819641192,6.128903808370422,81.14850272986479,CRITICAL,Vibration,1,Critical telemetry deviation primarily associated with Vibration.
100.2,shutdown,148.9317203076617,902.9256077086602,0.7011693699901738,337.40038981125974,1,combined,2.941140566259586,False,2.9245906640241164,False,21.92221486130263,True,0.3225041567415295,False,1,WARNING,1,44.46896394032288,44.28485276265241,98.75301677574116,6.246466515668658,81.14287465374045,CRITICAL,Vibration,1,Critical telemetry deviation primarily associated with Vibration.
100.3,shutdown,146.87587596786426,899.2752592225538,0.7014385198471713,330.2994408637424,1,combined,2.8526537376141365,False,2.896404993680169,False,21.933118924338302,True,0.2609655035927588,False,1,WARNING,1,43.47746328879786,43.96989210433346,98.75573324934096,5.085443154534486,80.92897314430972,CRITICAL,Vibration,1,Critical telemetry deviation primarily associated with Vibration.
100.4,shutdown,146.83842433167618,900.6945158433073,0.7034857461374376,332.4925928840888,1,combined,2.851041759289847,False,2.907363591030059,False,22.016058164085194,True,0.2799719240698149,False,1,WARNING,1,43.45923773023272,44.092559906903475,98.77620271545652,5.445555471654384,80.98471789966835,CRITICAL,Vibration,1,Critical telemetry deviation primarily associated with Vibration.
100.5,shutdown,146.76096745994874,897.547120110718,0.6861149572778852,325.0808299181908,1,combined,2.847707891640785,False,2.883061402102521,False,21.31231572551604,True,0.2157396765560835,False,1,WARNING,1,43.421525275159645,43.82016382673726,98.59124400644201,4.223030837121722,80.71420544941512,CRITICAL,Vibration,1,Critical telemetry deviation primarily associated with Vibration.
100.6,shutdown,145.2911492746533,892.4501640944227,0.6810121235157747,330.54853755912006,1,combined,2.784444566016132,False,2.8437059480740388,False,21.10558471839854,True,0.263124239735019,False,1,WARNING,1,42.701108797894825,43.376222375024895,98.5317763887847,5.126413406359509,80.64751273741565,CRITICAL,Vibration,1,Critical telemetry deviation primarily associated with Vibration.
100.7,shutdown,145.77373384481643,889.8235765080166,0.695327998323542,314.793862107392,1,combined,2.805215777795313,False,2.823425108553724,False,21.685563482110744,True,0.1265901630558289,False,1,WARNING,1,42.93864853822753,43.146080393891175,98.69257769900499,2.5000219011179436,80.53694175092438,CRITICAL,Vibration,1,Critical telemetry deviation primarily associated with Vibration.
100.8,shutdown,145.79636197912131,885.3604331253403,0.6786918045363166,321.93570481601955,1,combined,2.806189728888809,False,2.7889635527431813,False,21.011581679730316,True,0.1884832120747165,False,1,WARNING,1,42.94976244888237,42.75287198841756,98.50391177754612,3.699496853424322,80.46932142387865,CRITICAL,Vibration,1,Critical telemetry deviation primarily associated with Vibration.
100.9,shutdown,144.7132511446938,884.717205847053,0.680591989820101,307.7382292657314,1,combined,2.759570906172172,False,2.7839969606243624,False,21.088563849979213,True,0.0654442309561716,False,1,WARNING,1,42.41535197959029,42.69597910976175,98.52676978376373,1.3003559749805937,80.22451533365485,CRITICAL,Vibration,1,Critical telemetry deviation primarily associated with Vibration.
101.0,shutdown,143.21968100587094,885.2800335829905,0.710671487529756,320.69374573485135,1,combined,2.695285258477172,False,2.7883427585902125,False,22.307173968395745,True,0.1777200746847909,False,1,WARNING,1,41.6701986992252,42.74576381068641,98.84542144226516,3.4919744651444096,80.59044279898797,CRITICAL,Vibration,1,Critical telemetry deviation primarily associated with Vibration.
101.1,shutdown,141.79911771379662,885.0641602605166,0.691547647294562,311.6185023553473,1,combined,2.634141942238461,False,2.7866759220329738,False,21.53241019279891,True,0.0990716773086578,False,1,WARNING,1,40.95252404438485,42.72667393810603,98.65191084715529,1.961932166373681,80.24938313780268,CRITICAL,Vibration,1,Critical telemetry deviation primarily associated with Vibration.
101.2,shutdown,142.6188323058845,881.2257233647044,0.6817228210270131,313.0016701988757,1,combined,2.669423769390512,False,2.757037952564254,False,21.134377193149565,True,0.1110585662158349,False,1,WARNING,1,41.36771800951294,42.38617274085572,98.54020685035412,2.1966849439510994,80.19407792538915,CRITICAL,Vibration,1,Critical telemetry deviation primarily associated with Vibration.
101.3,shutdown,142.2532406836782,877.5639397118931,0.675065973533679,308.79474440182616,1,combined,2.6536881212180594,False,2.728763987132783,False,20.864688457305785,True,0.074600263338195,False,1,WARNING,1,41.182903952965475,42.059455580436314,98.45930672372131,1.4809300176996332,80.02702654446584,CRITICAL,Vibration,1,Critical telemetry deviation primarily associated with Vibration.
101.4,shutdown,144.88349430359386,875.2830516626635,0.6898218799135479,309.1843485657569,1,combined,2.766898444029992,False,2.711152419664164,False,21.462494211726465,True,0.0779766734048853,False,1,WARNING,1,42.499680909834304,41.85501097136436,98.63292783976885,1.547435716051282,80.2582204465889,CRITICAL,Vibration,1,Critical telemetry deviation primarily associated with Vibration.
101.5,shutdown,143.2540995533716,868.41388621085,0.7061139071320571,309.2572041084233,1,combined,2.6967666878130205,False,2.658113091035744,False,22.122532800456632,True,0.0786080583089663,False,1,WARNING,1,41.68747843498828,41.234933701517306,98.80198786874678,1.5598672236995292,80.2586654972187,CRITICAL,Vibration,1,Critical telemetry deviation primarily associated with Vibration.
101.6,shutdown,141.0013507605484,864.1687266122888,0.7077704634656479,306.9926259070909,1,combined,2.599804776566651,False,2.625334667425532,False,22.189644835681623,True,0.0589826401444284,False,1,WARNING,1,40.54562387081159,40.848422917027385,98.81796063890084,1.1727221784162856,80.10283825573671,CRITICAL,Vibration,1,Critical telemetry deviation primarily associated with Vibration.
101.7,shutdown,142.17842138956755,868.8359698474522,0.7141005382909973,308.22094492857343,1,combined,2.650467779128349,False,2.66137215254292,False,22.446095036644543,True,0.0696275692627372,False,1,WARNING,1,41.145009516971754,41.273225013895384,98.87705895269264,1.3829002394459278,80.25443027001322,CRITICAL,Vibration,1,Critical telemetry deviation primarily associated with Vibration.
101.8,shutdown,141.6442863982288,870.7161209810247,0.7119502688270503,300.3518831516479,1,combined,2.627477754768436,False,2.6758894843125764,False,22.35898121076284,True,0.0014322524289531,False,1,WARNING,1,40.87377088358056,41.443488931752,98.85732278445096,0.028640946276736745,80.1125418701734,CRITICAL,Vibration,1,Critical telemetry deviation primarily associated with Vibration.
101.9,shutdown,140.60702366680454,863.5999139490674,0.700327714623001,296.6258362214162,1,combined,2.582832307737708,False,2.6209426576560424,False,21.88811689342576,True,0.0308586302897202,False,1,WARNING,1,40.343463439648154,40.79644122907581,98.74448379429384,0.6152720076681328,79.97763475747601,CRITICAL,Vibration,1,Critical telemetry deviation primarily associated with Vibration.
102.0,shutdown,139.60288311057775,862.3371234818879,0.6830718768499332,301.0386916828552,1,combined,2.5396124921053915,False,2.6111921924725485,False,21.18903146603629,True,0.0073843121175895,False,1,WARNING,1,39.82555939034514,40.68087613665101,98.5560767432247,0.1475772398880415,79.74233271523059,CRITICAL,Vibration,1,Critical telemetry deviation primarily associated with Vibration.
102.1,shutdown,138.53363654473577,860.8613710595586,0.7140576855771005,294.28924485142323,1,combined,2.493590409684153,False,2.5997973704594246,False,22.444358945461765,True,0.0511081331281655,False,1,WARNING,1,39.26913191056561,40.545535805649436,98.87666897938342,1.0169563341677845,79.99431047670377,CRITICAL,Vibration,1,Critical telemetry deviation primarily associated with Vibration.
102.2,shutdown,139.4062985451826,853.6459775691288,0.6950459493772062,289.52212977113123,1,combined,2.531151177979744,False,2.544084689027181,False,21.674136838514126,True,0.0924211806679496,False,1,WARNING,1,39.72364221047323,39.87935771670051,98.68958639251481,1.8314450370320978,79.90908389884768,CRITICAL,Vibration,1,Critical telemetry deviation primarily associated with Vibration.
102.3,shutdown,139.39687321014648,861.12591104862,0.7025406521342901,281.12845158256255,1,combined,2.530745496484252,False,2.601839980076796,False,21.9777695887171,True,0.165162958493197,False,1,WARNING,1,39.718751411471075,40.56981929721418,98.76679525067274,3.249297362226089,80.1500749535759,CRITICAL,Vibration,1,Critical telemetry deviation primarily associated with Vibration.
102.4,shutdown,139.27364634390682,853.262167094016,0.6874102784062277,290.3361755331495,1,combined,2.525441615063668,False,2.5411211485413188,False,21.364793045743703,True,0.085366450354252,False,1,WARNING,1,39.65477256496922,39.84371316284766,98.60595223446725,1.6928367395011912,79.82613048880992,CRITICAL,Vibration,1,Critical telemetry deviation primarily associated with Vibration.
102.5,shutdown,138.9760965588999,849.0745589115108,0.7023993144401692,289.5248358101769,1,combined,2.5126345963951286,False,2.5087871003782607,False,21.972043577404285,True,0.092397729436365,False,1,WARNING,1,39.50000594882738,39.45343333510441,98.76538217282807,1.830984601248964,79.90810644241402,CRITICAL,Vibration,1,Critical telemetry deviation primarily associated with Vibration.
102.6,shutdown,136.89555638621687,848.2630328885559,0.6815064915019112,284.3841709273841,1,combined,2.423084819602048,False,2.5025210123470494,False,21.12561303921501,True,0.1369480558102584,False,1,WARNING,1,38.40669238229727,39.37750774605706,98.53764583612232,2.70179170130741,79.71403808923563,CRITICAL,Vibration,1,Critical telemetry deviation primarily associated with Vibration.
102.7,shutdown,139.48400529268702,843.9013571922501,0.6881502067009311,285.44924165035843,1,combined,2.534495800681916,False,2.4688429255037807,False,21.39476974666909,True,0.1277178785079779,False,1,WARNING,1,39.76394906278236,38.96779956451587,98.6142850211509,2.5220098677850133,79.83773907141857,CRITICAL,Vibration,1,Critical telemetry deviation primarily associated with Vibration.
102.8,shutdown,137.1000383358168,841.6814606884786,0.69885144262465,280.5730729429745,1,combined,2.4318860497754957,False,2.4517022959745374,False,21.828308714044223,True,0.1699760128779628,False,1,WARNING,1,38.51501639137117,38.75821446030388,98.7293755873097,3.3423858297642495,79.86678095526685,CRITICAL,Vibration,1,Critical telemetry deviation primarily associated with Vibration.
102.9,shutdown,138.14826797541852,840.3471004915443,0.6812494500906967,276.4214202164488,1,combined,2.477003530075418,False,2.4413992148374835,False,21.11519952541296,True,0.2059553050852582,False,1,WARNING,1,39.06733025014293,38.6318885332974,98.53459701327469,4.035423846412922,79.82104652740225,CRITICAL,Vibration,1,Critical telemetry deviation primarily associated with Vibration.
103.0,shutdown,136.00917648330545,837.9266259332464,0.6703080244139815,273.80332560009,1,combined,2.3849336108430124,False,2.422709849086307,False,20.671929755144568,True,0.2286443875864214,False,1,WARNING,1,37.93492298649904,38.402073074224276,98.3987505432554,4.469906935689993,79.63968253783703,CRITICAL,Vibration,1,Critical telemetry deviation primarily associated with Vibration.
103.1,shutdown,136.17215231517918,836.1305334065688,0.705361964521402,272.1366649898806,1,combined,2.391948351321749,False,2.408841564439829,False,22.09206936377767,True,0.2430880978519699,False,1,WARNING,1,38.02193601645316,38.23098439641254,98.79466647457178,4.745470525170137,79.94842573207482,CRITICAL,Vibration,1,Critical telemetry deviation primarily associated with Vibration.
103.2,shutdown,135.35890034119814,837.782894724151,0.6805238264624277,274.94162696976565,1,combined,2.356944685589778,False,2.421600048065084,False,21.085802349166677,True,0.2187795746318467,False,1,WARNING,1,37.58652179851262,38.38839926831855,98.52595589374079,4.281243584098959,79.68530687859023,CRITICAL,Vibration,1,Critical telemetry deviation primarily associated with Vibration.
103.3,shutdown,136.6957596294523,832.629063078088,0.6780152377566968,268.1450246678471,1,combined,2.414485247622058,False,2.381805436581543,False,20.984171942659984,True,0.2776806813345126,False,1,WARNING,1,38.30066601382613,37.896080761951346,98.49568777941661,5.402216105488778,79.78047898943055,CRITICAL,Vibration,1,Critical telemetry deviation primarily associated with Vibration.
103.4,shutdown,133.42683774414655,830.5037333546053,0.6758565663847774,272.77486427106265,1,combined,2.273785621137247,False,2.36539499160998,False,20.896717730440457,True,0.2375572984482948,False,1,WARNING,1,36.53979212972865,37.69191531080068,98.46914463711083,4.640045488483535,79.52227255115787,CRITICAL,Vibration,1,Critical telemetry deviation primarily associated with Vibration.
103.5,shutdown,133.85079046469025,826.1922084140031,0.6984639958179867,263.37724260923665,1,combined,2.292033224328945,False,2.332104137019506,False,21.812612088937467,True,0.3189995090802525,False,1,WARNING,1,36.770969368425234,37.275673265730546,98.72538041650954,6.180728859255236,79.82986306284926,CRITICAL,Vibration,1,Critical telemetry deviation primarily associated with Vibration.
103.6,shutdown,135.47425310284245,823.8130163422052,0.6810991690011894,257.25876065586976,1,combined,2.361909652954188,False,2.313733528384231,False,21.10911119049301,True,0.3720238501236984,False,1,WARNING,1,37.64846721419979,37.044792571899244,98.53281155361249,7.170412855725205,79.83101987694884,CRITICAL,Vibration,1,Critical telemetry deviation primarily associated with Vibration.
103.7,shutdown,134.97403028200767,823.4504107076167,0.675431159978162,259.66336189266246,1,combined,2.340379262654253,False,2.3109337181961718,False,20.87948324878306,True,0.3511849562567277,False,1,WARNING,1,37.379397745560496,37.00953017378878,98.46385883280014,6.782712309036542,79.71961440917387,CRITICAL,Vibration,1,Critical telemetry deviation primarily associated with Vibration.
103.8,shutdown,133.97137786799664,820.186402510006,0.6775701795985669,260.70851026245714,1,combined,2.2972234990431404,False,2.2857311219487304,False,20.966141309967377,True,0.3421274312001246,False,1,WARNING,1,36.83657052151189,36.69122395771994,98.49025324627796,6.613695684230947,79.64894215843299,CRITICAL,Vibration,1,Critical telemetry deviation primarily associated with Vibration.
103.9,shutdown,131.3700181614538,821.4863214627906,0.6926646458026231,256.8822472297249,1,combined,2.185256816477711,False,2.295768269694072,False,21.577663132103893,True,0.375286812483889,False,1,WARNING,1,35.40617469588364,36.818184390765,98.66405679956354,7.230972982787187,79.71708344575374,CRITICAL,Vibration,1,Critical telemetry deviation primarily associated with Vibration.
104.0,shutdown,132.81088855379954,819.8690582434101,0.6948829397490673,250.7534639105067,1,combined,2.2472741827926934,False,2.2832807912699318,False,21.66753283255077,True,0.428400427817964,False,1,WARNING,1,36.20241420509386,36.66019086697288,98.68785445313715,8.211217017780614,79.8762520920503,CRITICAL,Vibration,1,Critical telemetry deviation primarily associated with Vibration.
104.1,shutdown,132.0436463138177,810.8046234429297,0.6769727021623879,247.476725363458,1,combined,2.21425084960322,False,2.2132909883475644,False,20.941935717963105,True,0.4567974883230302,False,1,WARNING,1,35.77965787307025,35.767328165980786,98.48292666336928,8.731045784406366,79.65548619878737,CRITICAL,Vibration,1,Critical telemetry deviation primarily associated with Vibration.
104.2,shutdown,131.9880502040334,812.3440030081254,0.6800336526744171,251.320519605182,1,combined,2.211857904113815,False,2.2251770987077,False,21.06594394781908,True,0.4234861770652024,False,1,WARNING,1,35.748915361537485,35.919842139593996,98.5200898204749,8.120958050353465,79.64016635335517,CRITICAL,Vibration,1,Critical telemetry deviation primarily associated with Vibration.
104.3,shutdown,130.93267266635377,809.6029934615768,0.686722469533383,248.7393036115093,1,combined,2.1664327668477723,False,2.204012765553569,False,21.33692785796445,True,0.4458556599203381,False,1,WARNING,1,35.162532876428386,35.64802449962956,98.59816146495403,8.531097236827833,79.65853885903111,CRITICAL,Vibration,1,Critical telemetry deviation primarily associated with Vibration.
104.4,shutdown,130.77053067412845,811.6699804322794,0.6951589969613817,243.4424319436464,1,combined,2.159453916161204,False,2.2199727248788776,False,21.678716733140977,True,0.4917597145405492,False,1,WARNING,1,35.07197148930082,35.853107995372625,98.6907861542007,9.36701287539935,79.81001287022939,CRITICAL,Vibration,1,Critical telemetry deviation primarily associated with Vibration.
104.5,shutdown,131.81334911758722,807.9290594514985,0.6936751688049753,248.3103619757932,1,combined,2.2043384899240905,False,2.191087711311442,False,21.618602431271903,True,0.4495729786528758,False,1,WARNING,1,35.65221656442464,35.481458750462465,98.67495065568964,8.599075777043785,79.74939182911507,CRITICAL,Vibration,1,Critical telemetry deviation primarily associated with Vibration.
104.6,shutdown,130.4584247487108,803.3088555399918,0.7012232232639353,250.3913079447544,1,combined,2.146020377927281,False,2.1554134339466406,False,21.924396617957917,True,0.4315389647271725,False,1,WARNING,1,34.897294310428485,35.019482175058315,98.75356077983379,8.268815435061738,79.67199036817541,CRITICAL,Vibration,1,Critical telemetry deviation primarily associated with Vibration.
104.7,shutdown,129.7488519038166,800.1977046594029,0.6767187761848412,237.7274281257756,1,combined,2.1154792277428247,False,2.131391104724015,False,20.93164841966597,True,0.5412874101050713,False,1,WARNING,1,34.49841502503366,34.70653432495858,98.47980213298338,10.260349678476144,79.58206773806623,CRITICAL,Vibration,1,Critical telemetry deviation primarily associated with Vibration.
104.8,shutdown,129.59093614710343,798.5561253591312,0.6745340743816308,234.8244958835893,1,combined,2.108682280992435,False,2.118715872981892,False,20.843139637078803,True,0.5664449688604742,False,1,WARNING,1,34.409312319092066,34.54080238290162,98.4526523701873,10.710741756908238,79.57915606316705,CRITICAL,Vibration,1,Critical telemetry deviation primarily associated with Vibration.
104.9,shutdown,128.117620782161,800.1321496465879,0.6821698771347519,239.4372885436003,1,combined,2.0452684311621434,False,2.1308849305908795,False,21.15248876873666,True,0.5264693191762364,False,1,WARNING,1,33.57214312487354,34.69992401769007,98.54548511560697,9.9940011360525,79.52557624713904,CRITICAL,Vibration,1,Critical telemetry deviation primarily associated with Vibration.
105.0,shutdown,131.17565733874608,794.6164559985086,0.6952703190242775,241.19889018547667,1,combined,2.17689121579414,False,2.088296250777246,False,21.68322672175705,True,0.5112028254685698,False,1,WARNING,1,35.29801100586817,34.141339652246785,98.69196652968078,9.718765959207564,79.7116605196553,CRITICAL,Vibration,1,Critical telemetry deviation primarily associated with Vibration.
105.1,shutdown,128.9349041164523,793.7910503580773,0.6934899329919074,224.8878426028249,1,combined,2.080445613089906,False,2.081922993163684,False,21.6110979763014,True,0.6525585663844145,False,1,WARNING,1,34.03785193285571,34.05733928632676,98.67296040786312,12.235378722456403,79.80023317069245,CRITICAL,Vibration,1,Critical telemetry deviation primarily associated with Vibration.
105.2,shutdown,129.01001220089853,789.5979966174956,0.6671563600820942,231.7250682085108,1,combined,2.0836783851775715,False,2.049546897863108,False,20.54424643803061,True,0.5933054076646488,False,1,WARNING,1,34.080486266884776,33.628960686933276,98.35733339769487,11.18912537840574,79.44215845986956,CRITICAL,Vibration,1,Critical telemetry deviation primarily associated with Vibration.
105.3,shutdown,127.72257702157565,788.2045177611228,0.6771596789944856,228.7377723633881,1,combined,2.028265115846056,False,2.038787340021857,False,20.949510706804443,True,0.6191940831395011,False,1,WARNING,1,33.345859827074506,33.48598229638683,98.48522328596026,11.647776149989486,79.49981877232264,CRITICAL,Vibration,1,Critical telemetry deviation primarily associated with Vibration.
105.4,shutdown,127.25971093026276,787.048631891846,0.6723191227257219,240.030234594133,1,combined,2.0083426189356968,False,2.0298623241800366,False,20.7534053427848,True,0.5213306959289276,False,1,WARNING,1,33.079746634890924,33.367148536278805,98.42463165081654,9.901452203156769,79.26864623773076,CRITICAL,Vibration,1,Critical telemetry deviation primarily associated with Vibration.
105.5,shutdown,126.40127882587537,781.1858116892828,0.6767982228608833,236.00890121556648,1,combined,1.9713943281267905,False,1.9845933537942688,False,20.934867041340905,True,0.5561806070898435,False,1,WARNING,1,32.58339717066781,32.76112917276226,98.48078040644137,10.527254033141975,79.26835633270056,CRITICAL,Vibration,1,Critical telemetry deviation primarily associated with Vibration.
105.6,shutdown,126.62827875279328,778.7314390873718,0.6783183531492817,223.894707811028,1,combined,1.9811647680608244,False,1.965642248900591,False,20.996452050792684,True,0.6611653283727166,False,1,WARNING,1,32.71500651437044,32.50579541395396,98.49937786943809,12.38632261263739,79.43391457604474,CRITICAL,Vibration,1,Critical telemetry deviation primarily associated with Vibration.
105.7,shutdown,127.25973682797375,777.281716323982,0.6911416217760717,225.9061436378724,1,combined,2.0083437336146006,False,1.954448411365752,False,21.51596088869338,True,0.6437337072479848,False,1,WARNING,1,33.0797615538082,32.35452231234856,98.64746851815259,12.080339859103272,79.5350376080978,CRITICAL,Vibration,1,Critical telemetry deviation primarily associated with Vibration.
105.8,shutdown,123.84834786690143,776.2670094062279,0.6612932231601597,211.7700782103156,1,combined,1.8615120963170373,False,1.9466134896347456,False,20.30671328346475,True,0.7662404924205338,False,1,WARNING,1,31.085419995792897,32.248439814620625,98.27741248549357,14.208315246377012,79.26453202552068,CRITICAL,Vibration,1,Critical telemetry deviation primarily associated with Vibration.
105.9,shutdown,125.00443745283437,771.1067594053585,0.6840627764752236,224.6235044890888,1,combined,1.9112720412257636,False,1.9067693196957824,False,21.22917576370275,True,0.6548493885851423,False,1,WARNING,1,31.76785570785411,31.706381963064977,98.56762338502053,12.275580140895192,79.32173130498639,CRITICAL,Vibration,1,Critical telemetry deviation primarily associated with Vibration.
106.0,shutdown,124.79543367390482,771.6335631518682,0.6777113559599436,213.0537199056844,1,combined,1.9022761842854403,False,1.910836963317095,False,20.9718607852098,True,0.7551161227563612,False,1,WARNING,1,31.644983885508648,31.76191818980104,98.4919792507418,14.017227068586791,79.41244599751303,CRITICAL,Vibration,1,Critical telemetry deviation primarily associated with Vibration.
106.1,shutdown,124.42837600959848,770.4567957186624,0.6690188378607964,207.24353263447503,1,combined,1.886477435316112,False,1.901750713313822,False,20.61970096484353,True,0.8054687026516673,False,1,WARNING,1,31.428657548866223,31.63779979266551,98.38193661460663,14.878772572290611,79.37688587073185,CRITICAL,Vibration,1,Critical telemetry deviation primarily associated with Vibration.
106.2,shutdown,122.89451472946268,761.2171017890637,0.6739772505066618,209.98999600268468,1,combined,1.820457592454546,False,1.8304076708153163,False,20.82058104202636,True,0.7816671434725734,False,1,WARNING,1,30.51723977405899,30.655374065564477,98.44565540015763,14.472603005992656,79.22262733160767,CRITICAL,Vibration,1,Critical telemetry deviation primarily associated with Vibration.
106.3,shutdown,122.72387382188631,762.0018828237593,0.6848410884092337,211.14874992929617,1,combined,1.8131129348575112,False,1.8364672510499984,False,21.26070750027708,True,0.7716250833899626,False,1,WARNING,1,30.415099357235075,30.73936302643866,98.57662802639942,14.30065614185273,79.30258604045314,CRITICAL,Vibration,1,Critical telemetry deviation primarily associated with Vibration.
106.4,shutdown,123.27194518734406,764.8554425218184,0.6812153333476962,200.3594934772032,1,combined,1.836702803050312,False,1.8585006249216691,False,21.11381735445289,True,0.8651275596710548,False,1,WARNING,1,30.742625845898118,31.04390063633039,98.53419186978891,15.888384392914045,79.4655212055443,CRITICAL,Vibration,1,Critical telemetry deviation primarily associated with Vibration.
106.5,shutdown,123.14422849041422,758.9950917969726,0.676570181345465,200.25847106506683,1,combined,1.8312056721354748,False,1.8132507222728935,False,20.925628399765497,True,0.8660030459231965,False,1,WARNING,1,30.666440603038147,30.417016915535257,98.47797070639976,15.9031108162202,79.36382812526426,CRITICAL,Vibration,1,Critical telemetry deviation primarily associated with Vibration.
106.6,shutdown,123.4184533097882,762.7483585102766,0.6878701043280475,206.87581795457413,1,combined,1.8430087469755991,False,1.842231061738219,False,21.383421964565706,True,0.8086554128098982,False,1,WARNING,1,30.829917412321016,30.819158065184805,98.61113649129183,14.933006623659518,79.42664534617968,CRITICAL,Vibration,1,Critical telemetry deviation primarily associated with Vibration.
106.7,shutdown,121.5349806403048,755.7846514902743,0.6763593401804178,205.08228482401893,1,combined,1.7619410707237153,False,1.7884617432239267,False,20.91708659565742,True,0.8241986330256489,False,1,WARNING,1,29.69928483258324,30.07118211277532,98.47536830890118,15.197039021889847,79.18524089994885,CRITICAL,Vibration,1,Critical telemetry deviation primarily associated with Vibration.
106.8,shutdown,122.2497192604445,754.6283746988643,0.6751212024014446,194.92468846428488,1,combined,1.792704564137238,False,1.779533708929918,False,20.866925943374778,True,0.9122269801982384,False,1,WARNING,1,30.130496033576836,29.946205189308404,98.45999602542797,16.676985964827516,79.330194697678,CRITICAL,Vibration,1,Critical telemetry deviation primarily associated with Vibration.
106.9,shutdown,121.2830758808238,750.0191816577627,0.6733967987392627,209.3166978774132,1,combined,1.751098686961643,False,1.743944450506354,False,20.79706521061744,True,0.7875021185023947,False,1,WARNING,1,29.546673959300872,29.445793853787873,98.43832784118824,14.572354834893897,79.03518876457481,CRITICAL,Vibration,1,Critical telemetry deviation primarily associated with Vibration.
107.0,shutdown,119.42538327834964,751.7673519783046,0.6898085598979564,192.77147148712112,1,combined,1.671140626028271,False,1.7574427103430263,False,21.46195457818823,True,0.930887313301753,False,1,WARNING,1,28.410954905842168,29.636008782635002,98.63278028820925,16.987373450592358,79.3071799622229,CRITICAL,Vibration,1,Critical telemetry deviation primarily associated with Vibration.
107.1,shutdown,119.08601106906362,751.8546224023733,0.6779493123599262,196.15243715133272,1,combined,1.6565335033250614,False,1.758116557076547,False,20.98150110831492,True,0.901586993745088,False,1,WARNING,1,28.201507118675117,29.64549105278884,98.49488401101362,16.4994860239991,79.14529432522556,CRITICAL,Vibration,1,Critical telemetry deviation primarily associated with Vibration.
107.2,shutdown,120.843785162097,748.2890597544473,0.6707709300563524,195.47678007376243,1,combined,1.732190911795482,False,1.7305855490734372,False,20.69068344262666,True,0.9074424120633184,False,1,WARNING,1,29.27974644715726,29.257036469827803,98.40474516048842,16.597214876322152,79.1477243627746,CRITICAL,Vibration,1,Critical telemetry deviation primarily associated with Vibration.
107.3,shutdown,118.90546956750175,745.9005237460092,0.6697781497951365,193.2877882636618,1,combined,1.6487627083271916,False,1.7121427924997237,False,20.65046295479273,True,0.9264127790865004,False,1,WARNING,1,28.089834088463316,28.99561558290652,98.39186102376402,16.913051632441967,79.0388663691095,CRITICAL,Vibration,1,Critical telemetry deviation primarily associated with Vibration.
107.4,shutdown,120.34888289012784,744.4934778344855,0.6849363281877988,189.2866068304692,1,combined,1.7108895264287791,False,1.7012784784836914,False,21.26456594761405,True,0.9610880482966286,False,1,WARNING,1,28.977815875047064,28.841165058009498,98.57772600385633,17.487270671545087,79.29036994324667,CRITICAL,Vibration,1,Critical telemetry deviation primarily associated with Vibration.
107.5,shutdown,119.8198171542358,735.3615254809781,0.6809093699369808,183.9157248840008,1,combined,1.6881176909314135,False,1.630767347940334,False,21.101421864615865,True,1.0076334950600885,False,1,WARNING,1,28.65361707654932,27.830557921319077,98.53055347973344,18.25182486863722,79.20568317962265,CRITICAL,Vibration,1,Critical telemetry deviation primarily associated with Vibration.
107.6,shutdown,117.90988642691408,737.6891579338192,0.6653284401318298,183.3818156861508,1,combined,1.605911217551309,False,1.6487398459764406,False,20.470191951863683,True,1.01226048973112,False,1,WARNING,1,27.470894064364526,28.08950528062446,98.33282296879209,18.32743955050795,78.98564284284015,CRITICAL,Vibration,1,Critical telemetry deviation primarily associated with Vibration.
107.7,shutdown,118.44682010337216,735.1940048637842,0.6569296298423271,173.09900251978553,1,combined,1.6290217017951691,False,1.629473860233609,False,20.12993111040144,True,1.1013739980122637,False,1,WARNING,1,27.805357060723868,27.81188544893587,98.21541844655839,19.77017035859059,79.03026973030872,CRITICAL,Vibration,1,Critical telemetry deviation primarily associated with Vibration.
107.8,shutdown,118.06331470389377,733.6845999062467,0.666024989673579,178.2367126236108,1,combined,1.6125150159963828,False,1.617819194737808,False,20.498411250195968,True,1.0568492785142058,False,1,WARNING,1,27.566624351496415,27.64342352289777,98.34220577945604,19.052537729639074,79.02535300270173,CRITICAL,Vibration,1,Critical telemetry deviation primarily associated with Vibration.
107.9,shutdown,119.0905352422774,731.2344143698671,0.6623161519442494,169.67369238645568,1,combined,1.6567282309764602,False,1.598900419702286,False,20.348155177832258,True,1.1310586181637226,False,1,WARNING,1,28.20430329460404,27.369125353074818,98.29163093809821,20.24507762303648,79.12419711553503,CRITICAL,Vibration,1,Critical telemetry deviation primarily associated with Vibration.
108.0,shutdown,115.03824621006709,730.6494589013897,0.6628712102645831,180.13854693681185,1,combined,1.4823112295169232,False,1.594383765453207,False,20.37064224500335,True,1.0403674923456925,False,1,WARNING,1,25.655630522065,27.30348600079473,98.29929692858202,18.785265706815522,78.77336492992583,CRITICAL,Vibration,1,Critical telemetry deviation primarily associated with Vibration.
108.1,shutdown,117.89086871372248,725.5515332975353,0.6598216831911768,170.05670640739595,1,combined,1.605092664757288,False,1.5550208248859971,False,20.24709681269897,True,1.1277393199741474,False,1,WARNING,1,27.459019311917576,26.728917586089896,98.2567506339688,20.192113970875024,78.97260804357921,CRITICAL,Vibration,1,Critical telemetry deviation primarily associated with Vibration.
108.2,shutdown,115.01727782274486,726.8224588909044,0.647565521707699,180.7914807755971,1,combined,1.481408716588276,False,1.564834104342117,False,19.75056317570545,True,1.0347089994694485,False,1,WARNING,1,25.642209959953167,26.872582479154904,98.07474668585297,18.69330308055519,78.5608340387871,CRITICAL,Vibration,1,Critical telemetry deviation primarily associated with Vibration.
108.3,shutdown,116.7838468578868,721.665933777634,0.6671187470599131,174.39737227607992,1,combined,1.5574446734342913,False,1.52501869561714,False,20.54272262237861,True,1.0901219911774038,False,1,WARNING,1,26.76442857941569,26.28793817984979,98.35683269718531,19.58941773359867,78.89432025729978,CRITICAL,Vibration,1,Critical telemetry deviation primarily associated with Vibration.
108.4,shutdown,113.55547211035152,718.0707791928758,0.6619837695650073,162.0183365357076,1,combined,1.4184902606130367,False,1.4972591974905345,False,20.334689376825946,True,1.1974019043796174,False,1,WARNING,1,24.700602468399236,25.877558070977635,98.2870238254701,21.296328583856084,78.77569786956708,CRITICAL,Vibration,1,Critical telemetry deviation primarily associated with Vibration.
108.5,shutdown,114.74201957543426,720.8083930855707,0.6712470427525096,167.2276703047898,1,combined,1.469561161356823,False,1.5183973115643543,False,20.70997218722752,True,1.1522564757445035,False,1,WARNING,1,25.465809446127075,26.190258342426397,98.41088739790055,20.582488575902314,78.89890313784154,CRITICAL,Vibration,1,Critical telemetry deviation primarily associated with Vibration.
108.6,shutdown,114.80836761864768,712.3138032305048,0.6740889237388303,163.96105442338296,1,combined,1.4724168872584082,False,1.452807489038311,False,20.825105257556498,True,1.1805658106209986,False,1,WARNING,1,25.508367135364317,25.215646284006844,98.4470612020422,21.030869426926824,78.88325988555721,CRITICAL,Vibration,1,Critical telemetry deviation primarily associated with Vibration.
108.7,shutdown,113.20304593236412,713.4446240811152,0.65027116907424,158.84365397311836,1,combined,1.4033212742174936,False,1.461538968740777,False,19.860177015988285,True,1.2249145214284884,False,1,WARNING,1,24.47181248531575,25.346127934366137,98.11649428424599,21.72820807505843,78.6212025279212,CRITICAL,Vibration,1,Critical telemetry deviation primarily associated with Vibration.
108.8,shutdown,112.6867674251364,705.9700318076387,0.6951653803601795,161.22120331001815,1,combined,1.3810998214946235,False,1.4038249190883991,False,21.678975343655026,True,1.2043100662959505,False,1,WARNING,1,24.13539626371208,24.479419979011908,98.69085386774266,21.40499304051462,78.91123803974358,CRITICAL,Vibration,1,Critical telemetry deviation primarily associated with Vibration.
108.9,shutdown,112.35631629354135,707.7092915182255,0.6706767897987751,159.9440413071921,1,combined,1.3668766762442268,False,1.417254376859813,False,20.686869540162547,True,1.2153782812750455,False,1,WARNING,1,23.919282371854877,24.681987907543313,98.40352786701092,21.578781902960877,78.71335636787697,CRITICAL,Vibration,1,Critical telemetry deviation primarily associated with Vibration.
109.0,shutdown,112.59392342129698,705.1492851300092,0.6634828647107517,159.01352558258088,1,combined,1.3771036670682115,False,1.397487635023712,False,20.3954221899436,True,1.223442370293225,False,1,WARNING,1,24.074738692833154,24.383640219815238,98.30770474254993,21.705159100599257,78.64124182378974,CRITICAL,Vibration,1,Critical telemetry deviation primarily associated with Vibration.
109.1,shutdown,112.48035152965892,703.2690054139592,0.66292766667762,151.35431705265046,1,combined,1.372215351197319,False,1.3829693104219083,False,20.372929462590573,True,1.289819044819562,False,1,WARNING,1,24.00047306339317,24.163756568785622,98.30007472626431,22.737680636517045,78.70022225913081,CRITICAL,Vibration,1,Critical telemetry deviation primarily associated with Vibration.
109.2,shutdown,115.05493855306857,701.1260826369842,0.6557310002174426,157.75558723308268,1,combined,1.4830296946586023,False,1.3664230230758527,False,20.081371051213704,True,1.2343439881395792,False,1,WARNING,1,25.666312522172152,23.91237920697451,98.19800213255905,21.87568122331044,78.6732842061023,CRITICAL,Vibration,1,Critical telemetry deviation primarily associated with Vibration.
109.3,shutdown,112.1064919698318,700.7564511422191,0.6479474027666338,139.49210162163632,1,combined,1.3561238377653508,False,1.3635689636621169,False,19.76603431578038,True,1.3926200600613905,False,1,WARNING,1,23.755489577634037,23.86893509086664,98.0806946516667,24.309990716262377,78.62877365177097,CRITICAL,Vibration,1,Critical telemetry deviation primarily associated with Vibration.
109.4,shutdown,109.19900485937484,699.3706092563637,0.6658730868088123,158.08391469315563,1,combined,1.2309809420939748,False,1.3528683736520872,False,20.492257212325782,True,1.2314986177765503,False,1,WARNING,1,21.82311641123831,23.7058311597659,98.34016409757218,21.83121004655795,78.41988481349618,CRITICAL,Vibration,1,Critical telemetry deviation primarily associated with Vibration.
109.5,shutdown,111.61794207597218,692.595000240513,0.6824947737972971,147.15867804643457,1,combined,1.335095868912919,False,1.300551428344778,False,21.165651301044843,True,1.32617953345978,False,1,WARNING,1,23.434160924288584,22.9033445447423,98.54930909989862,23.29750176952704,78.77317859454905,CRITICAL,Vibration,1,Critical telemetry deviation primarily associated with Vibration.
109.6,shutdown,110.6354500784282,689.8260070225768,0.6596266387815446,136.87170431965654,1,combined,1.2928078418725228,False,1.27917102307048,False,20.239194982242463,True,1.4153290982294349,False,1,WARNING,1,22.783851114207188,22.572967140085343,98.2539934837025,24.65298069137154,78.5881776019762,CRITICAL,Vibration,1,Critical telemetry deviation primarily associated with Vibration.
109.7,shutdown,111.43677433072332,688.3200848379677,0.6671596091651469,140.365567863499,1,combined,1.3272981193851034,False,1.2675432493331005,False,20.544378068070507,True,1.38505037655959,False,1,WARNING,1,23.314659517205527,22.39269680321102,98.35737664197973,24.195314048652527,78.6550489307536,CRITICAL,Vibration,1,Critical telemetry deviation primarily associated with Vibration.
109.8,shutdown,109.3736820601018,687.799362477115,0.6619797945055722,146.02806165024197,1,combined,1.2384993282041394,False,1.2635225623056623,False,20.334528335318687,True,1.3359777464541058,False,1,WARNING,1,21.940580873929072,22.33026476916876,98.28696865252857,23.447664072221887,78.4120089813303,CRITICAL,Vibration,1,Critical telemetry deviation primarily associated with Vibration.
109.9,shutdown,108.80636289904868,682.6250501770462,0.6611448980709954,132.8982794317747,1,combined,1.2140810041026493,False,1.2235698122322214,False,20.30070419194948,True,1.4497638220663869,False,1,WARNING,1,21.558432451973452,21.70715468443458,98.27534100376702,25.170108691802085,78.46618737524656,CRITICAL,Vibration,1,Critical telemetry deviation primarily associated with Vibration.
110.0,shutdown,107.46262537907418,680.3640921720521,0.6545400275273191,137.12389413358812,1,combined,1.1562443919756042,False,1.2061121318948993,False,20.033121197278263,True,1.41314355632484,False,1,WARNING,1,20.645805398895533,21.433314608133934,98.18052873247586,24.62003867866406,78.24431632519914,CRITICAL,Vibration,1,Critical telemetry deviation primarily associated with Vibration.
110.1,shutdown,108.98675686171026,678.675144403729,0.6507164572596568,128.92910365961427,1,combined,1.221845448790267,False,1.193071150956425,False,19.878216967771987,True,1.4841617219717065,False,1,WARNING,1,21.68014896388877,21.22812981403349,98.12327771007915,25.6831401700663,78.36766646913237,CRITICAL,Vibration,1,Critical telemetry deviation primarily associated with Vibration.
110.2,shutdown,105.675171666397,682.0022351199104,0.6766255941073032,116.05712337699596,1,combined,1.079309525204065,False,1.2187608303083066,False,20.92787333593156,True,1.5957136195848851,False,1,WARNING,1,19.415342245976507,21.631816684755467,98.47865392473152,27.322818581629594,78.61038030182114,CRITICAL,Vibration,1,Critical telemetry deviation primarily associated with Vibration.
110.3,shutdown,108.56759729917216,677.5941920738029,0.6574550507684341,130.24858553008596,1,combined,1.2038041507856403,False,1.1847247242673622,False,20.151217478384115,True,1.4727267521158198,False,1,WARNING,1,21.397040151561665,21.096527275565403,98.22299974919642,25.512983460158356,78.39003551766983,CRITICAL,Vibration,1,Critical telemetry deviation primarily associated with Vibration.
110.4,shutdown,108.2200439874064,671.8579811748527,0.6504149831788861,127.54657892130116,1,combined,1.1888449003462778,False,1.1404333504337307,False,19.866003354073595,True,1.4961430375633908,False,1,WARNING,1,21.16151973402298,20.394473733316843,98.11868779420185,25.86100972410955,78.26152002747568,CRITICAL,Vibration,1,Critical telemetry deviation primarily associated with Vibration.
110.5,shutdown,105.89430447423888,669.8824259540288,0.6578336470581905,122.62587414321706,1,combined,1.0887413517498483,False,1.1251793689543348,False,20.16655554266781,True,1.538787132996845,False,1,WARNING,1,19.56721106374544,20.151242653064795,98.228442545548,26.490638945942745,78.23677198533254,CRITICAL,Vibration,1,Critical telemetry deviation primarily associated with Vibration.
110.6,shutdown,107.44566375740762,670.57019326572,0.6585021457079595,124.21832515734025,1,combined,1.155514336649477,False,1.1304898708953013,False,20.193638415747003,True,1.5249865422111872,False,1,WARNING,1,20.634217962485334,20.23600502819589,98.2380123774344,26.287464159556194,78.32683175400365,CRITICAL,Vibration,1,Critical telemetry deviation primarily associated with Vibration.
110.7,shutdown,107.880193201858,669.8950379784735,0.658390445686289,107.85150062517296,1,combined,1.1742171789552676,False,1.1252767509891517,False,20.18911311489428,True,1.666825660542544,False,1,WARNING,1,20.93053655816952,20.15279780481397,98.23641695074656,28.3491473882001,78.52469965440415,CRITICAL,Vibration,1,Critical telemetry deviation primarily associated with Vibration.
110.8,shutdown,106.14370134183996,666.0319623730752,0.6603195870005467,128.68123722702654,1,combined,1.0994757918341125,False,1.0954485370687757,False,20.267268380254816,True,1.48630979633965,False,1,WARNING,1,19.739706024538307,19.675034252788535,98.2637692812084,25.71506094109768,78.16838745150334,CRITICAL,Vibration,1,Critical telemetry deviation primarily associated with Vibration.
110.9,shutdown,107.27268942014749,659.2849428357772,0.6595993146100135,125.47614201777117,1,combined,1.1480692445066027,False,1.043352341539428,False,20.238087998601102,True,1.5140859772203916,False,1,WARNING,1,20.515952822798212,18.833733985160862,98.25360688077753,26.126587200787952,78.19120905033878,CRITICAL,Vibration,1,Critical telemetry deviation primarily associated with Vibration.
111.0,shutdown,103.44528376899726,660.2031887548054,0.6276160051643335,108.31410574376264,1,combined,0.9833315834620282,False,1.0504424527622092,False,18.94234879154504,True,1.6628166053939797,False,1,WARNING,1,17.853530335801672,18.948747990396154,97.73697949480146,28.291673905930782,77.77674319772733,CRITICAL,Vibration,1,Critical telemetry deviation primarily associated with Vibration.
111.1,shutdown,104.92975321138267,660.3569199922188,0.6500482036700528,108.03767207238668,1,combined,1.047225522626074,False,1.0516294676447038,False,19.851144022810605,True,1.665212250813652,False,1,WARNING,1,18.89658396836189,18.967987515021633,98.11308846984639,28.32602322098766,78.1500797831442,CRITICAL,Vibration,1,Critical telemetry deviation primarily associated with Vibration.
111.2,shutdown,103.76108213300704,655.2522339770795,0.6632664243565872,114.44526244436992,1,combined,0.996924050158899,False,1.0122143274794038,False,20.386653545993347,True,1.609682421725282,False,1,WARNING,1,18.076541701638927,18.32668550916837,98.30473431173196,27.525577852806826,78.09351199796856,CRITICAL,Vibration,1,Critical telemetry deviation primarily associated with Vibration.
111.3,shutdown,102.789464287173,650.8243890649278,0.6438434660272033,110.27677454785294,1,combined,0.955104064000974,False,0.9780253240176676,False,19.599771604737636,True,1.6458076118533271,False,1,WARNING,1,17.388460580237,17.766305964378304,98.01579989125216,28.04732123119731,77.81683510018206,CRITICAL,Vibration,1,Critical telemetry deviation primarily associated with Vibration.
111.4,shutdown,104.48315626110232,649.2669710018974,0.6516574104938362,102.46494787903538,1,combined,1.0280032755677526,False,0.9659999318450136,False,19.916337788245656,True,1.7135069144935404,False,1,WARNING,1,18.584185873744353,17.568289453091523,98.13753174219151,29.01498466909489,78.07858240951019,CRITICAL,Vibration,1,Critical telemetry deviation primarily associated with Vibration.
111.5,shutdown,101.9935237150525,647.192427222144,0.6493730443256289,98.68616656513808,1,combined,0.9208455086941418,False,0.9499816236443668,False,19.82379130513559,True,1.746254806968149,False,1,WARNING,1,16.820486607025163,17.303782675202463,98.10273775196126,29.47838739615317,77.91600155142974,CRITICAL,Vibration,1,Critical telemetry deviation primarily associated with Vibration.
111.6,shutdown,101.7810669245974,650.3200259942064,0.6518840601227662,100.92612683688895,1,combined,0.9117010286147718,False,0.9741309530283986,False,19.925520040350246,True,1.7268427341242092,False,1,WARNING,1,16.668220729592463,17.702231312092266,98.14094893409536,29.204061080302846,77.94171973706923,CRITICAL,Vibration,1,Critical telemetry deviation primarily associated with Vibration.
111.7,shutdown,101.62220380240583,640.2675775644159,0.6458942679465998,100.0344525209639,1,combined,0.904863305738909,False,0.8965123369784483,False,19.68285570387944,True,1.7345702134871703,False,1,WARNING,1,16.55418284874167,16.414695713451987,98.04849856062445,29.31339140515481,77.76046631060353,CRITICAL,Vibration,1,Critical telemetry deviation primarily associated with Vibration.
111.8,shutdown,103.65111461536593,641.9616578161152,0.6584484683416835,94.15504365361522,1,combined,0.9921908723099218,False,0.9095929476906384,False,20.19146378562833,True,1.785522685569662,False,1,WARNING,1,17.998953323847967,16.633079295163455,98.23724587649032,30.03006506392849,78.10790238116886,CRITICAL,Vibration,1,Critical telemetry deviation primarily associated with Vibration.
111.9,shutdown,102.32907238296616,643.4511537829179,0.6345161135644736,96.76562231010593,1,combined,0.9352880600610464,False,0.9210938886168892,False,19.22189275187795,True,1.7628987383132135,False,1,WARNING,1,17.060404816076847,16.82461852861782,97.86003037370594,29.712748486458462,77.73657743583404,CRITICAL,Vibration,1,Critical telemetry deviation primarily associated with Vibration.
112.0,shutdown,101.19166017215164,639.7265018664375,0.6539086117119448,95.21811166559104,1,combined,0.8863320192513112,False,0.8923344944211183,False,20.00754066036337,True,1.776309864276896,False,1,WARNING,1,16.244337351087534,16.344825278466313,98.1711962695057,29.90102211418735,77.8691484138378,CRITICAL,Vibration,1,Critical telemetry deviation primarily associated with Vibration.
112.1,shutdown,99.36397527898283,632.8422095769329,0.6529950813358323,88.98949447490486,1,combined,0.8076655381228611,False,0.839178365968756,False,19.97053082161682,True,1.8302886656634512,False,1,WARNING,1,14.91616382379929,15.450723960524082,98.15760930015307,30.65372357237476,77.73054035257398,CRITICAL,Vibration,1,Critical telemetry deviation primarily associated with Vibration.
112.2,shutdown,101.699569379851,635.9493123567628,0.652401881632037,84.77226634869419,1,combined,0.9081932439360396,False,0.8631694383308528,False,19.946498533303224,True,1.866836251180012,False,1,WARNING,1,16.60973822987424,15.855437792095096,98.14873261163142,31.158763318993543,77.95178499341242,CRITICAL,Vibration,1,Critical telemetry deviation primarily associated with Vibration.
112.3,shutdown,101.13745440205648,632.5624067908552,0.6618259463479652,88.14491403406367,1,combined,0.8839989162059326,False,0.8370179067359678,False,20.32829548783668,True,1.837608017371132,False,1,WARNING,1,16.205246113089412,15.414183013761019,98.2848319083811,30.755163264340133,77.94284036666022,CRITICAL,Vibration,1,Critical telemetry deviation primarily associated with Vibration.
112.4,shutdown,98.52293853182272,626.8396173505305,0.6521614547117282,88.49793560866823,1,combined,0.7714659713123619,False,0.7928301648733087,False,19.936758122055128,True,1.834548641449098,False,1,WARNING,1,14.297928938329807,14.663338840543783,98.14512267540815,30.712781102118914,77.60350725020035,CRITICAL,Vibration,1,Critical telemetry deviation primarily associated with Vibration.
112.5,shutdown,97.6398222311198,626.5231178576767,0.643249074425481,88.71983956975373,1,combined,0.7334552332124127,False,0.790386357000291,False,19.575691029085995,True,1.8326255645484604,False,1,WARNING,1,13.643926380494499,14.621619365056326,98.00622070637392,30.68612704663326,77.43785914026688,CRITICAL,Vibration,1,Critical telemetry deviation primarily associated with Vibration.
112.6,shutdown,95.4577774557633,620.66873515575,0.6545103912952528,88.58071911053929,1,combined,0.6395365359667382,False,0.7451825356303978,False,20.031920545172422,True,1.8338312182925969,False,1,WARNING,1,12.006506099625291,13.84623379392157,98.18009176961215,30.702838737790362,77.35643081033096,CRITICAL,Vibration,1,Critical telemetry deviation primarily associated with Vibration.
112.7,shutdown,97.52137685576209,622.5930984280399,0.6480752487106815,81.73811264560675,1,combined,0.7283571548072372,False,0.7600412454278878,False,19.771213736079176,True,1.89313100892498,False,1,WARNING,1,13.555831469835333,14.101880509748854,98.08268180007748,31.519845757555487,77.51401412955687,CRITICAL,Vibration,1,Critical telemetry deviation primarily associated with Vibration.
112.8,shutdown,98.39779669547472,622.1949202461137,0.6330415929787865,77.06122825091091,1,combined,0.7660796665153786,False,0.7569667666441119,False,19.162155527444344,True,1.9336620940953235,False,1,WARNING,1,14.205555696925487,14.049045878330435,97.83430986329405,32.07271687626962,77.43144388868785,CRITICAL,Vibration,1,Critical telemetry deviation primarily associated with Vibration.
112.9,shutdown,97.48506206967632,623.1983926353605,0.6570030847518229,73.44278503631045,1,combined,0.7267941083297086,False,0.7647149424882028,False,20.13290698775228,True,1.9650204552900865,False,1,WARNING,1,13.5288039949107,14.182135352932557,98.21648026970662,32.49740139899876,77.70288401425731,CRITICAL,Vibration,1,Critical telemetry deviation primarily associated with Vibration.
113.0,shutdown,97.31626233550918,617.3663512123926,0.650740259070633,73.53764273912955,1,combined,0.7195286977811081,False,0.7196836262712256,False,19.87918125008721,True,1.964198393997234,False,1,WARNING,1,13.403062913055997,13.405746138027318,98.1236396132033,32.48630223190884,77.55450645199925,CRITICAL,Vibration,1,Critical telemetry deviation primarily associated with Vibration.
113.1,shutdown,96.70076786225312,614.6074659728065,0.6531187296720891,69.0790845617345,1,combined,0.6930368311874548,False,0.6983812683797191,False,19.975540184311047,True,2.0028374079163886,False,1,WARNING,1,12.943022355018453,13.036026750382923,98.15945421646126,33.00602403324272,77.55379138427153,CRITICAL,Vibration,1,Critical telemetry deviation primarily associated with Vibration.
113.2,shutdown,98.79205004015554,613.3120825712689,0.645615290949632,76.95105677611045,1,combined,0.7830489610666892,False,0.6883791412776833,False,19.67155351410912,True,1.934616868481781,False,1,WARNING,1,14.496236392528349,12.8618876896039,98.04408232326864,32.085686683919825,77.50884415544017,CRITICAL,Vibration,1,Critical telemetry deviation primarily associated with Vibration.
113.3,shutdown,96.69383211722815,604.8571153721388,0.6411024604494374,70.71836476144878,1,combined,0.692738305628067,False,0.6230952597111422,False,19.488725297916176,True,1.988630983342792,False,1,WARNING,1,12.937824453259328,11.716684789164045,97.97123927486672,32.81540438582474,77.28240640768593,CRITICAL,Vibration,1,Critical telemetry deviation primarily associated with Vibration.
113.4,shutdown,97.80630042959189,604.7068416292127,0.6560707366842234,59.80038832744185,1,combined,0.7406207211514727,False,0.6219349414030173,False,20.09513478822855,True,2.083248980152037,False,1,WARNING,1,13.767594425937258,11.696195062407277,98.20295575634324,34.07482478968603,77.63430861963081,CRITICAL,Vibration,1,Critical telemetry deviation primarily associated with Vibration.
113.5,shutdown,97.29436149987323,606.8471827404694,0.655492143471758,69.76548442571527,1,combined,0.7185860507856157,False,0.6384612947676593,False,20.071694252420293,True,1.996888889843231,False,1,WARNING,1,13.386735305474563,11.98758121883856,98.1945112414257,32.926273627610136,77.51975367884474,CRITICAL,Vibration,1,Critical telemetry deviation primarily associated with Vibration.
113.6,shutdown,94.72302738558774,598.8707744316026,0.6443408172371348,68.21288201807334,1,combined,0.6079117177359652,False,0.5768725407135918,False,19.619920784842947,True,2.0103441423380723,False,1,WARNING,1,11.448186635755297,10.89676174701275,98.02377980265696,33.10652976446785,77.14454194234266,CRITICAL,Vibration,1,Critical telemetry deviation primarily associated with Vibration.
113.7,shutdown,93.31072240194058,599.5871227144853,0.648916029279328,51.89042811995992,1,combined,0.5471238523008735,False,0.5824037267440851,False,19.805276263260005,True,2.151798733322561,False,1,WARNING,1,10.365040620680166,10.995276563927614,98.09569915000893,34.97248816651091,77.27469859135446,CRITICAL,Vibration,1,Critical telemetry deviation primarily associated with Vibration.
113.8,shutdown,93.01778490116446,597.4740573556303,0.6464624404779635,59.45717883363369,1,combined,0.5345153537228358,False,0.5660879793992529,False,19.70587406683248,True,2.086223322053792,False,1,WARNING,1,10.138722936413746,10.704366464481119,98.0574619861425,34.11402992978253,77.12612615621437,CRITICAL,Vibration,1,Critical telemetry deviation primarily associated with Vibration.
113.9,shutdown,94.42708323266068,599.5405504662547,0.6546775440826057,56.998244866338126,1,combined,0.5951738080403021,False,0.5820441254510028,False,20.038692402866197,True,2.1075330773622056,False,1,WARNING,1,11.22230603284593,10.98887509100498,98.18255493312674,34.39423517520916,77.36260818934873,CRITICAL,Vibration,1,Critical telemetry deviation primarily associated with Vibration.
114.0,shutdown,92.3622708911383,591.0221243034412,0.6477913913787008,53.455198660914334,1,combined,0.506300982256564,False,0.5162702541101822,False,19.759713829389334,True,2.138238028649297,False,1,WARNING,1,9.63021366850465,9.810218350768452,98.07826692888423,34.79588501171945,77.07839960026398,CRITICAL,Vibration,1,Critical telemetry deviation primarily associated with Vibration.
114.1,shutdown,92.56302617536552,589.8664968082626,0.6522770619682992,54.49662512517443,1,combined,0.5149418107916823,False,0.5073472332688904,False,19.94144171664104,True,2.129212758585011,False,1,WARNING,1,9.786252764651381,9.649121586279463,98.14685936056723,34.67808177368703,77.1182361893224,CRITICAL,Vibration,1,Critical telemetry deviation primarily associated with Vibration.
114.2,shutdown,92.02027287243688,587.7824483052049,0.6496844376862234,52.94509522092267,1,combined,0.4915808405162133,False,0.4912555356374029,False,19.836406778428763,True,2.1426587164891413,False,1,WARNING,1,9.36377043997203,9.357873366604863,98.10751869028904,34.85350894187231,77.04212089957747,CRITICAL,Vibration,1,Critical telemetry deviation primarily associated with Vibration.
114.3,shutdown,93.92179896040662,588.2067404213813,0.6538723386586994,53.99076473222377,1,combined,0.5734255647756435,False,0.4945316496198352,False,20.00607113084737,True,2.1335966750859705,False,1,WARNING,1,10.835313224638377,9.41724470144697,98.17065869429912,34.735329839982654,77.21230096657655,CRITICAL,Vibration,1,Critical telemetry deviation primarily associated with Vibration.
114.4,shutdown,91.66456241705356,583.1022729511997,0.6412249194606541,50.41819804625709,1,combined,0.4762704935684479,False,0.4551181969197607,False,19.49368647750768,True,2.1645574584634404,False,1,WARNING,1,9.085810666980997,8.700387202185278,97.97325128576801,35.138210266330915,76.88615853510991,CRITICAL,Vibration,1,Critical telemetry deviation primarily associated with Vibration.
114.5,shutdown,90.8832945042544,582.2909248200065,0.653988856637987,40.97796788453934,1,combined,0.4426434729872789,False,0.4488534824556406,False,20.01079162152537,True,2.2463689253336003,False,1,WARNING,1,8.472315314149748,8.58592230719889,98.17238495700629,36.19086251131712,77.06143016740039,CRITICAL,Vibration,1,Critical telemetry deviation primarily associated with Vibration.
114.6,shutdown,90.56211698535004,579.2919546311732,0.6478903132538074,39.55343763156702,1,combined,0.4288194788599511,False,0.4256973412172074,False,19.76372144943344,True,2.258714271538102,False,1,WARNING,1,8.21890953245077,8.161580996067208,98.07980662694436,36.34821735004249,76.94761932674551,CRITICAL,Vibration,1,Critical telemetry deviation primarily associated with Vibration.
114.7,shutdown,91.06665412885982,579.0578285574406,0.6449553591781377,47.06051913836328,1,combined,0.450535564508446,False,0.4238895685187197,False,19.64481771080648,True,2.1936559689899893,False,1,WARNING,1,8.616670330731202,8.128370395397743,98.03359570538329,35.514590288495874,76.87249454649985,CRITICAL,Vibration,1,Critical telemetry deviation primarily associated with Vibration.
114.8,shutdown,89.53789525014282,572.97074970828,0.6428389045981392,49.12401039946423,1,combined,0.384735337165081,False,0.3768890154337017,False,19.55907382667482,True,2.175773222059833,False,1,WARNING,1,7.406113536968073,7.260695182180954,97.99958347644669,35.283542104655844,76.64534851096236,CRITICAL,Vibration,1,Critical telemetry deviation primarily associated with Vibration.
114.9,shutdown,90.44932341223245,576.2896081548956,0.6265833883093417,15.121680529319748,1,combined,0.4239646630630759,False,0.4025151304335638,False,18.9005144045454,True,2.470446173463108,False,1,WARNING,1,8.12975019666905,7.734788844576313,97.71796564733694,38.9873663774632,76.866541389048,CRITICAL,Vibration,1,Critical telemetry deviation primarily associated with Vibration.
115.0,shutdown,90.05104538755775,566.4686903297719,0.648254769760126,37.05689548941521,1,combined,0.4068221398474755,False,0.3266842465200137,False,19.778486668939745,True,2.2803499489796195,False,1,WARNING,1,7.814232050005221,6.324813398807827,98.08546867801657,36.623052185020825,76.77971669299768,CRITICAL,Vibration,1,Critical telemetry deviation primarily associated with Vibration.
115.1,shutdown,86.37994258434696,570.8611394439076,0.6286203680996226,28.662195663647,1,combined,0.2488120033798716,False,0.3605999461319292,False,18.98303852803333,True,2.353100580576064,False,1,WARNING,1,4.8544537178818565,6.95807511727592,97.75532110365872,37.538518555030684,76.4127659605898,CRITICAL,Vibration,1,Critical telemetry deviation primarily associated with Vibration.
115.2,shutdown,89.73863699122775,567.0114434492039,0.6404360574058113,25.60448093369681,1,combined,0.3933755827816929,False,0.3308750410594073,False,19.461727324088784,True,2.379599524250357,False,1,WARNING,1,7.56598215110359,6.403295196201498,97.96025516088007,37.86867555679543,76.78150906025785,CRITICAL,Vibration,1,Critical telemetry deviation primarily associated with Vibration.
115.3,shutdown,86.4058367054285,565.676565056739,0.6395121402048998,32.352860656985,1,combined,0.2499265277680809,False,0.3205679587459036,False,19.42429668410677,True,2.3211163268387183,False,1,WARNING,1,4.87565976068105,6.2101544046557215,97.94492807123711,37.137681098915785,76.45394028815947,CRITICAL,Vibration,1,Critical telemetry deviation primarily associated with Vibration.
115.4,shutdown,87.74699989047906,558.5020435339222,0.6439360445807889,20.771864697323707,1,combined,0.3076523364024293,False,0.2651708646636982,False,19.60352223791764,True,2.4214802216852065,False,1,WARNING,1,5.967570382108556,5.165239589033222,98.01728773449967,38.38692271161075,76.62072631393437,CRITICAL,Vibration,1,Critical telemetry deviation primarily associated with Vibration.
115.5,shutdown,88.76197883420545,557.907432886042,0.6327782913780341,28.087449649887645,1,combined,0.3513386535684002,False,0.2605796592574357,False,19.15148839470266,True,2.3580814776154297,False,1,WARNING,1,6.7855777142997065,5.078118423097811,97.82968459037525,37.60071041436349,76.47752795868084,CRITICAL,Vibration,1,Critical telemetry deviation primarily associated with Vibration.
115.6,shutdown,85.30148941744196,563.6226828633223,0.6296064401923669,23.35035403651861,1,combined,0.2023936541232013,False,0.3047091861795902,False,19.022987247965595,True,2.399134368720302,False,1,WARNING,1,3.967041028735463,5.912203775246272,97.77318405813085,38.11094712681583,76.30686503681629,CRITICAL,Vibration,1,Critical telemetry deviation primarily associated with Vibration.
115.7,shutdown,85.14048467937117,551.7373058244244,0.6246627777455125,24.825483242791336,1,combined,0.1954637526744471,False,0.2129378606727418,False,18.822704745314663,True,2.386350518949606,False,1,WARNING,1,3.83384896096568,4.1693459103066655,97.68217502091856,37.95250859681334,76.06172813138494,CRITICAL,Vibration,1,Critical telemetry deviation primarily associated with Vibration.
115.8,shutdown,85.18044465900482,556.5247987470023,0.6405802986094848,22.241508936196,1,combined,0.1971836941126529,False,0.2499038374290302,False,19.467570965228862,True,2.408743906055213,False,1,WARNING,1,3.8669233016715876,4.875228078995153,97.96263767572412,38.22977793217382,76.35748910072009,CRITICAL,Vibration,1,Critical telemetry deviation primarily associated with Vibration.
115.9,shutdown,87.24316585523107,551.7023864719406,0.6277643932376357,5.477657250960391,1,combined,0.285966513658122,False,0.212668235632426,False,18.948360434735488,True,2.5540237639896697,False,1,WARNING,1,5.558850560067297,4.164178102176386,97.73969875411419,39.998747728848585,76.43368326537978,CRITICAL,Vibration,1,Critical telemetry deviation primarily associated with Vibration.
116.0,shutdown,85.16846797525986,548.0102235461143,0.6154523799368761,15.273195472888004,1,combined,0.196668198487928,False,0.1841597007679953,False,18.449564074131075,True,2.4691331059241044,False,1,WARNING,1,3.857011554648282,3.6161895777808817,97.50258206744739,38.97134153164905,75.9720517578493,CRITICAL,Vibration,1,Critical telemetry deviation primarily associated with Vibration.
116.1,shutdown,83.146950317759,548.5149382769206,0.6412989505262294,15.987945267050492,1,combined,0.1096588451530085,False,0.1880567870528762,False,19.496685696658812,True,2.462938900051592,False,1,WARNING,1,2.1693016392114517,3.691283514360466,97.97446665392768,38.89568986619015,76.17234322150085,CRITICAL,Vibration,1,Critical telemetry deviation primarily associated with Vibration.
116.2,shutdown,83.36229946204767,543.8018772821071,0.6290683885097004,6.227156617725285,1,combined,0.118927816767607,False,0.1516655263235682,False,19.001189170382737,True,2.5475284093677084,False,1,WARNING,1,2.350491636057106,2.987767313392231,97.76345480430487,39.920751196050844,76.06071130590611,CRITICAL,Vibration,1,Critical telemetry deviation primarily associated with Vibration.
116.3,shutdown,82.82551089505601,545.3919397762662,0.6295570088758962,4.991709936972427,1,combined,0.0958235782672798,False,0.1639429780400888,False,19.0209846379819,True,2.5582351086177053,False,1,WARNING,1,1.8982240047424548,3.2256876888006936,97.77229199072906,40.04926364215567,76.05971818503633,CRITICAL,Vibration,1,Critical telemetry deviation primarily associated with Vibration.
116.4,shutdown,82.59770305178046,540.1750636764014,0.6551089060919235,-5.490577293264494,1,combined,0.086018364320975,False,0.1236615773640535,False,20.05616816374256,True,2.6490773105311365,False,1,WARNING,1,1.7056534664943945,2.4428977652966033,98.18889609209253,41.12864003774139,76.37606510400234,CRITICAL,Vibration,1,Critical telemetry deviation primarily associated with Vibration.
116.5,shutdown,82.76607184741863,532.8862983761417,0.6320402966020318,1.7935310161871598,1,combined,0.0932652265860158,False,0.0673823654615611,False,19.12159002638362,True,2.585951351160573,False,1,WARNING,1,1.848015391998492,1.3386071980510228,97.81666793358409,40.38066610036821,75.95193036142982,CRITICAL,Vibration,1,Critical telemetry deviation primarily associated with Vibration.
116.6,shutdown,83.15576874331313,537.5722761202501,0.6362038183143377,2.529038790147496,1,combined,0.1100384042936618,False,0.1035645065467796,False,19.2902667022988,True,2.5795772512868096,False,1,WARNING,1,2.1767278644985844,2.0499862587712525,97.88909483103613,40.30461371638221,76.08969862385871,CRITICAL,Vibration,1,Critical telemetry deviation primarily associated with Vibration.
116.7,shutdown,82.21524465286448,534.8814873164374,0.6297662827258869,-1.5095616878824103,1,combined,0.0695567431010409,False,0.0827879460408141,False,19.02946294548492,True,2.6145768035805683,False,1,WARNING,1,1.3815032954211937,1.642126576085734,97.7760662286157,40.72101698211226,75.93750544329576,CRITICAL,Vibration,1,Critical telemetry deviation primarily associated with Vibration.
116.8,shutdown,82.39061239613284,532.0404209613058,0.6513834694666529,4.442784303019408,1,combined,0.0771048512666888,False,0.0608510378207351,False,19.9052396206234,True,2.562992239593011,False,1,WARNING,1,1.5302675943189237,1.2096450105807732,98.13339315383267,40.106275217685905,76.12241888542783,CRITICAL,Vibration,1,Critical telemetry deviation primarily associated with Vibration.
116.9,shutdown,81.12662513860872,526.4065364502964,0.6391392600361445,-8.817075770152172,1,combined,0.0227008179936301,False,0.0173497633019939,False,19.409190196924435,True,2.677905603408904,False,1,WARNING,1,0.45298726360830655,0.3463939331998511,97.93870969864062,41.46709555209215,75.92811511827624,CRITICAL,Vibration,1,Critical telemetry deviation primarily associated with Vibration.
117.0,shutdown,81.0711246833981,519.6012384413531,0.635971327759559,-21.699325576947672,1,combined,0.0203119896300729,False,0.0351964215355509,False,19.280847816876435,True,2.78954649936456,False,1,WARNING,1,0.4054157549898685,0.7014566577713155,97.88511460850235,42.75954600332216,76.02858363517777,CRITICAL,Vibration,1,Critical telemetry deviation primarily associated with Vibration.
117.1,shutdown,80.07611147528783,525.8670211058078,0.6371294714845792,-18.23225686718081,1,combined,0.0225149703403923,False,0.0131839688023362,False,19.32776767157325,True,2.7594999886305414,False,1,WARNING,1,0.4492870791008907,0.2633320473250933,97.90486780489228,42.4145352214634,75.97846601154838,CRITICAL,Vibration,1,Critical telemetry deviation primarily associated with Vibration.
117.2,shutdown,80.88660200935092,519.8901731847911,0.6122351743435342,-20.77206070439101,1,combined,0.0123698386006709,False,0.0329654511335593,False,18.31922548513881,True,2.781510583067872,False,1,WARNING,1,0.24709099840939386,0.6571403494378569,97.43662413007617,42.66747613714633,75.67203470086811,CRITICAL,Vibration,1,Critical telemetry deviation primarily associated with Vibration.
117.3,shutdown,79.0253573841407,523.8715651305581,0.6425414832798865,-11.745725745118849,1,combined,0.0677411070726133,False,0.0022236736510667,False,19.547024402467205,True,2.703286038662793,False,1,WARNING,1,1.3456857335119476,0.04446358503822356,97.99475688956645,41.763460846027456,76.0470740954558,CRITICAL,Vibration,1,Critical telemetry deviation primarily associated with Vibration.
117.4,shutdown,81.61793842497715,514.607920657685,0.6047190563490786,-12.388096858998978,1,combined,0.0438477276796039,False,0.0737516470184634,False,18.01472513983164,True,2.708852992243508,False,1,WARNING,1,0.873120522901305,1.4642076205315102,97.27566283037797,41.82826478531515,75.6052907186692,CRITICAL,Vibration,1,Critical telemetry deviation primarily associated with Vibration.
117.5,shutdown,81.08619427346093,513.7335515993449,0.6428117352398404,-26.659161328838792,1,combined,0.0209606088897289,False,0.0805029690172047,False,19.55797311497898,True,2.832529713899177,False,1,WARNING,1,0.41833471012319157,1.5971672075828391,97.99914305159758,43.249512694355076,76.23505677910856,CRITICAL,Vibration,1,Critical telemetry deviation primarily associated with Vibration.
117.6,shutdown,78.1648552725259,516.5128575619665,0.6429378309191717,-17.75394083208812,1,combined,0.1047784943035015,False,0.0590429352846507,False,19.563081626836627,True,2.755354778631622,False,1,WARNING,1,2.073765395386884,1.1739139321453873,98.00118628791942,42.366774657563745,76.26713961103648,CRITICAL,Vibration,1,Critical telemetry deviation primarily associated with Vibration.
117.7,shutdown,77.80010935634705,514.0644003686461,0.6195699527090931,-12.124953197843752,1,combined,0.1204777419358516,False,0.0779483651538423,False,18.616379221510662,True,2.7065725214765983,False,1,WARNING,1,2.380756831072006,1.54687831049225,97.58452889724198,41.80172694557491,75.96990924434064,CRITICAL,Vibration,1,Critical telemetry deviation primarily associated with Vibration.
117.8,shutdown,78.37564693471359,510.2908568288596,0.6334827691045151,-19.55851742482864,1,combined,0.0957056840080832,False,0.1070852693825136,False,19.180028887432137,True,2.770993704336034,False,1,WARNING,1,1.8959108502304312,2.118933734779227,97.8420376747565,42.546757383032286,76.2326429573366,CRITICAL,Vibration,1,Critical telemetry deviation primarily associated with Vibration.
117.9,shutdown,77.2583602720091,503.9736204606817,0.637282551531631,-25.50448696679271,1,combined,0.14379548903696,False,0.1558629525094693,False,19.33396940060695,True,2.822523008374196,False,1,WARNING,1,2.8349490987379378,3.0691734761417955,97.90746488235501,43.13582188228177,76.49775049073845,CRITICAL,Vibration,1,Critical telemetry deviation primarily associated with Vibration.
118.0,shutdown,77.96927800032512,505.8132974022166,0.6199162181658633,-36.72164189425641,1,combined,0.1131964529189286,False,0.141658136719738,False,18.630407467372724,True,2.9197337630915,False,1,WARNING,1,2.238494486263032,2.79340503060016,97.59129636373477,44.23070587818911,76.28405904032147,CRITICAL,Vibration,1,Critical telemetry deviation primarily associated with Vibration.
118.1,shutdown,76.2136087011931,503.75639158009903,0.6290611483391723,-33.137616101243765,1,combined,0.1887632676932805,False,0.1575402558246434,False,19.000895849491883,True,2.888673672139915,False,1,WARNING,1,3.704890601763311,3.101684502085955,97.76332359537044,43.88318773165511,76.53580539969234,CRITICAL,Vibration,1,Critical telemetry deviation primarily associated with Vibration.
118.2,shutdown,77.49247861986561,501.9385846482849,0.6153784150310857,-33.30564547970852,1,combined,0.1337186608800306,False,0.1715762053029099,False,18.44656753531005,True,2.890129858026699,False,1,WARNING,1,2.6389285343734747,3.3733150366337394,97.5010848969018,43.89952865400485,76.27433018115363,CRITICAL,Vibration,1,Critical telemetry deviation primarily associated with Vibration.
118.3,shutdown,76.37320324996023,496.03376450046574,0.6160417425957777,-33.63391985085434,1,combined,0.1818940630477106,False,0.2171694725649772,False,18.4734409123179,True,2.8929747683074067,False,1,WARNING,1,3.572505522000402,4.250415227176552,97.51447972576361,43.9314397362643,76.44543534022677,CRITICAL,Vibration,1,Critical telemetry deviation primarily associated with Vibration.
118.4,shutdown,75.73770031248924,496.4969213595515,0.6344802881661952,-44.36400417645311,1,combined,0.2092471259441049,False,0.2135932697455983,False,19.220441358199118,True,2.985964443694517,False,1,WARNING,1,4.098582692069607,4.181906743069941,97.85940909586073,44.96456242742259,76.83025624617147,CRITICAL,Vibration,1,Critical telemetry deviation primarily associated with Vibration.
118.5,shutdown,75.32398643730977,490.9097737339932,0.6428779695694478,-38.41549351142464,1,combined,0.2270540328546046,False,0.2567336717473065,False,19.56065646511419,True,2.9344131176291564,False,1,WARNING,1,4.439516755722417,5.005076660732033,98.00021656346361,44.39419721417418,76.98605389573441,CRITICAL,Vibration,1,Critical telemetry deviation primarily associated with Vibration.
118.6,shutdown,72.66333783043335,486.4315312103907,0.6401940749491479,-38.01686354363329,1,combined,0.3415726045211864,False,0.2913118135249815,False,19.45192389342596,True,2.930958487620699,False,1,WARNING,1,6.6033324666462505,5.659759864113134,97.9562519382109,44.3557644436132,77.19688577218814,CRITICAL,Vibration,1,Critical telemetry deviation primarily associated with Vibration.
118.7,shutdown,76.02614019831097,491.2326308516139,0.617046515447488,-46.75653952204645,1,combined,0.1968322119075026,False,0.2542407743376234,False,18.51414725574236,True,3.0066987714395608,False,1,WARNING,1,3.860165250983749,4.957702332114189,97.53463286675725,45.192314432616996,76.65768266560852,CRITICAL,Vibration,2,"Critical multi-sensor deviation. Vibration is the strongest contributor, with 2 sensors elevated."
118.8,shutdown,74.55828780207506,487.310227694406,0.6129655112726812,-40.301731569761046,1,combined,0.2600109268268131,False,0.2845270778962855,False,18.34881361125389,True,2.9507597426346157,False,1,WARNING,1,5.067320778526685,5.5316582525185565,97.45174843366433,44.57569380809132,76.6984483432519,CRITICAL,Vibration,1,Critical telemetry deviation primarily associated with Vibration.
118.9,shutdown,75.10735728408264,479.3300798578503,0.6299998052246296,-49.95351967335228,1,combined,0.2363780981012501,False,0.3461447062058066,False,19.038923638033463,True,3.034404625137255,False,1,WARNING,1,4.617553137998209,6.688697243247543,97.78027024080663,45.49517330489522,77.08307387513223,CRITICAL,Vibration,2,"Critical multi-sensor deviation. Vibration is the strongest contributor, with 2 sensors elevated."
119.0,shutdown,73.0547325846243,479.3036716747906,0.6269365439857262,-49.7876028388484,1,combined,0.3247263482767883,False,0.3463486134067043,False,18.9148217937436,True,3.0329667471007364,False,1,WARNING,1,6.288124919389626,6.692502534965827,97.72448630425944,45.47949679227411,77.18706952097143,CRITICAL,Vibration,2,"Critical multi-sensor deviation. Vibration is the strongest contributor, with 2 sensors elevated."
119.1,shutdown,71.57729162717133,479.855712379696,0.6236023353594964,-44.4551763420625,1,combined,0.3883177702074933,False,0.3420861060367572,False,18.77974306310605,True,2.986754565172326,False,1,WARNING,1,7.472432055643852,6.61292384018487,97.66217368282734,44.97325867654851,77.19348186616817,CRITICAL,Vibration,1,Critical telemetry deviation primarily associated with Vibration.
119.2,shutdown,73.59220166919897,474.8141011787989,0.6594799128487249,-59.03962360797317,1,combined,0.3015928192112213,False,0.3810142225855446,False,20.23325067731776,True,3.1131471428822683,False,1,WARNING,1,5.853543076262502,7.337177396043259,98.25191649029223,46.34681908653639,77.67032312298922,CRITICAL,Vibration,2,"Critical multi-sensor deviation. Vibration is the strongest contributor, with 2 sensors elevated."
119.3,shutdown,70.8369220376675,474.7687305047246,0.6386946834352598,-48.53253109110689,1,combined,0.4201844615384053,False,0.3813645460868785,False,19.39117907355134,True,3.0220899719637893,False,1,WARNING,1,8.0602663219982,7.343669561496413,97.93127107810794,45.360766247803056,77.54122385659315,CRITICAL,Vibration,2,"Critical multi-sensor deviation. Vibration is the strongest contributor, with 2 sensors elevated."
119.4,shutdown,73.56725333702187,472.1440504981906,0.6365684428990459,-56.41438917800818,1,combined,0.3026666353322232,False,0.401630656488142,False,19.305038731161712,True,3.090396184916811,False,1,WARNING,1,5.873760101883985,7.718466165853311,97.89532209798641,46.102130566151224,77.42105627023022,CRITICAL,Vibration,2,"Critical multi-sensor deviation. Vibration is the strongest contributor, with 2 sensors elevated."
119.5,shutdown,71.02580670345147,468.6858496897452,0.6266497479735358,-61.571356746425934,1,combined,0.4120545634077788,False,0.4283326846207991,False,18.90320283235833,True,3.13508779456474,False,1,WARNING,1,7.91065258672623,8.209973396231318,97.71919233444618,46.58174042765615,77.55436140758276,CRITICAL,Vibration,2,"Critical multi-sensor deviation. Vibration is the strongest contributor, with 2 sensors elevated."
119.6,shutdown,71.86080758992574,466.815588297347,0.6016399412046541,-64.76770574932239,1,combined,0.376114789695374,False,0.4427736540963946,False,17.889981006569034,True,3.162788178567703,False,1,WARNING,1,7.246333838968577,8.474698318228846,97.20683884564342,46.87686343135089,77.16735951266,CRITICAL,Vibration,2,"Critical multi-sensor deviation. Vibration is the strongest contributor, with 2 sensors elevated."
119.7,shutdown,69.91743463606547,467.54855029495707,0.6173912354865453,-61.88707237474149,1,combined,0.4597606699955235,False,0.4371141875227485,False,18.528112892126018,True,3.137823867544303,False,1,WARNING,1,8.785119058410151,8.371042788693018,97.54150934303694,46.61096368255734,77.51648662433503,CRITICAL,Vibration,2,"Critical multi-sensor deviation. Vibration is the strongest contributor, with 2 sensors elevated."
119.8,shutdown,70.81209688531848,465.1760278043991,0.6317696692954012,-59.042099945339615,1,combined,0.4212529758025843,False,0.4554332978917961,False,19.110626107459076,True,3.113168603459917,False,1,WARNING,1,8.07991200613002,8.706140740236634,97.8118751055344,46.3470493716932,77.66040432566186,CRITICAL,Vibration,2,"Critical multi-sensor deviation. Vibration is the strongest contributor, with 2 sensors elevated."
119.9,shutdown,70.50889876668465,461.5865423868297,0.6176176412339053,-65.63643938185037,1,combined,0.4343031077847645,False,0.4831490223134752,False,18.5372852638612,True,3.170316848057645,False,1,WARNING,1,8.319513043622251,9.210795848784137,97.54601524683345,46.95679254775826,77.58280762055408,CRITICAL,Vibration,2,"Critical multi-sensor deviation. Vibration is the strongest contributor, with 2 sensors elevated."
