time_s,phase,pressure_kpa,temperature_k,vibration_g,thrust_n,anomaly,scenario,pressure_kpa_z,pressure_kpa_alert,temperature_k_z,temperature_k_alert,vibration_g_z,vibration_g_alert,thrust_n_z,thrust_n_alert,active_sensors,status,ai_anomaly,pressure_risk,temperature_risk,vibration_risk,thrust_risk,overall_risk,risk_level,primary_risk_sensor,elevated_sensor_count,risk_explanation
0.0,startup,40.52001635930504,299.73452963634463,0.1520554426733506,113.06162377410948,0,normal,1.6174988695460155,False,1.6702461509024562,False,0.6343302187376505,False,1.4666825418202394,False,0,NORMAL,0,27.63878784755951,28.39814683620284,11.914833971822025,25.422885975864318,26.62907772378361,NORMAL,Temperature,0,Telemetry remains within the expected prototype operating envelope.
0.1,startup,39.14535026965939,298.99469951564527,0.1564216433418765,102.1100853241346,0,normal,1.8492273907466057,False,1.6958136301107225,False,0.2926258524663853,False,1.6554392148487105,False,0,NORMAL,0,30.91589275687905,28.76334809129264,5.684549956311791,28.18579174634689,28.28091876516904,NORMAL,Pressure,0,Telemetry remains within the expected prototype operating envelope.
0.2,startup,40.04133200580144,297.6584048480224,0.135993190808178,116.11744476653053,0,normal,1.6981910595947582,False,1.741994077722489,False,1.8913822901284247,False,1.4140135395120494,False,0,NORMAL,0,28.79721206305249,29.418267084699824,31.49589106221411,24.633153397472896,30.477475006090113,NORMAL,Vibration,0,Telemetry remains within the expected prototype operating envelope.
0.3,startup,40.05206951899943,300.45290010514566,0.1657723380487907,110.46888666663818,0,normal,1.6963810287272747,False,1.6454202868141703,False,0.4391712983276359,False,1.5113700012743827,False,0,NORMAL,0,28.771431548177905,28.041747200479627,8.40873321840634,26.08644861778986,26.69091205749034,NORMAL,Pressure,0,Telemetry remains within the expected prototype operating envelope.
0.4,startup,40.98408330286965,306.85193420522376,0.1598421989145622,105.2583538793167,0,normal,1.5392707475458398,False,1.4242787480619032,False,0.0249288630252596,False,1.6011768204836807,False,0,NORMAL,0,26.497748641400598,24.787725950853844,0.49733642710928505,27.402185222712394,24.74010756594472,NORMAL,Thrust,0,Telemetry remains within the expected prototype operating envelope.
0.5,startup,41.44458637653644,307.702347175178,0.1544618554834334,108.0012997551201,0,normal,1.4616433898384569,False,1.3948896824921062,False,0.4460013198430386,False,1.5539004181609546,False,0,NORMAL,0,25.347687005939513,24.344340468146118,8.533761868675837,26.712497063694695,24.795223151966464,NORMAL,Thrust,0,Telemetry remains within the expected prototype operating envelope.
0.6,startup,43.0133349032595,304.531615015557,0.1702593063170038,115.25107668893888,0,normal,1.1971982427796215,False,1.504465686898978,False,0.7903270891325226,False,1.4289459398036857,False,0,NORMAL,0,21.293122735436476,25.98431363774878,14.620607320143419,24.857899215415124,24.480948869051794,NORMAL,Temperature,0,Telemetry remains within the expected prototype operating envelope.
0.7,startup,39.71561042956253,302.063066832411,0.1338125654863476,111.97169346966696,0,normal,1.7530981965013104,False,1.589775209424942,False,2.062040775672266,False,1.4854681781067969,False,0,NORMAL,0,29.57484274605363,27.23644992002222,33.79459998408226,25.702555976858932,32.143479244517465,NORMAL,Vibration,0,Telemetry remains within the expected prototype operating envelope.
0.8,startup,41.14052708218425,309.2625071967081,0.1671397105314886,106.82242570041592,0,normal,1.5128988992077836,False,1.3409727658973454,False,0.5461835918818844,False,1.574219056085844,False,0,NORMAL,0,26.109046417832516,23.524101966264976,10.348182994781595,27.00971319929075,25.168029980128846,NORMAL,Thrust,0,Telemetry remains within the expected prototype operating envelope.
0.9,startup,41.08583537243517,310.12658195645844,0.1609814880566677,109.88526076800258,0,normal,1.5221183228318529,False,1.3111115682572432,False,0.064233340881033,False,1.5214291617679443,False,0,NORMAL,0,26.245167284284854,23.066003008343372,1.2764501964965258,26.23500079186931,23.781338096872137,NORMAL,Pressure,0,Telemetry remains within the expected prototype operating envelope.
1.0,startup,42.04211124360326,308.92457329494323,0.156562898361583,118.78305305816644,0,normal,1.36091816291323,False,1.3526512820396377,False,0.2815710566253736,False,1.368070099234263,False,0,NORMAL,0,23.82856273312971,23.702518523025063,5.47579165433385,23.937439500358394,22.29196301118207,NORMAL,Thrust,0,Telemetry remains within the expected prototype operating envelope.
1.1,startup,42.48356125646286,309.0432834684395,0.1522850688369304,134.3165538327499,0,normal,1.2865025943366408,False,1.348548826884384,False,0.6163593858185514,False,1.1003404154013694,False,0,NORMAL,0,22.686416305562098,23.639891434812753,11.597671585754622,19.75358381293467,22.162716207296402,NORMAL,Temperature,0,Telemetry remains within the expected prototype operating envelope.
1.2,startup,40.24852979307752,316.561287768995,0.1645409829833572,124.8704383195073,0,normal,1.663263569054931,False,1.0887372657378798,False,0.3428038992472528,False,1.2631501745477105,False,0,NORMAL,0,28.29808382261686,19.56714533385093,6.626329399762987,22.32447990203741,25.115157849799427,NORMAL,Pressure,0,Telemetry remains within the expected prototype operating envelope.
1.3,startup,43.7022140529558,310.66839072856305,0.1472414363575193,132.4401117613923,0,normal,1.0810733540903303,False,1.292387425879063,False,1.011080419257495,False,1.1326820780945157,False,0,NORMAL,0,19.4437647418671,22.77735826045206,18.30816140022148,20.27096920356716,21.87530505982827,NORMAL,Temperature,0,Telemetry remains within the expected prototype operating envelope.
1.4,startup,41.63130497475323,310.7829539228041,0.1484907788382692,125.77000428551456,0,normal,1.4301680919669744,False,1.288428284442619,False,0.913305302388085,False,1.2476455877091768,False,0,NORMAL,0,24.876263987074733,22.716186972921758,16.694953838234017,22.083240694602658,23.72700307222148,NORMAL,Pressure,0,Telemetry remains within the expected prototype operating envelope.
1.5,startup,41.79787234353005,316.05568858587543,0.1428420424808398,129.70145931243673,0,normal,1.402089702358283,False,1.10621005609941,False,1.355382527826407,False,1.1798844804973778,False,0,NORMAL,0,24.453206515886926,19.847732066545063,23.744184576930603,21.020107884228032,23.687791951640683,NORMAL,Pressure,0,Telemetry remains within the expected prototype operating envelope.
1.6,startup,43.343813554044864,317.83329992897467,0.1356979305721304,135.6035573423354,0,normal,1.141489202153909,False,1.044778330378234,False,1.9144897282658977,False,1.0781580981173642,False,0,NORMAL,0,20.41128228488944,18.856879122418178,31.811751519322694,19.396782637512842,28.594349349422277,NORMAL,Vibration,0,Telemetry remains within the expected prototype operating envelope.
1.7,startup,43.35231005819893,320.14761095286764,0.1470611826043173,135.7369812272064,0,normal,1.1400569399064973,False,0.9647990252251673,False,1.0251873051250882,False,1.0758584533025444,False,0,NORMAL,0,20.38848063611064,17.548488517903095,18.53832005404844,19.359702356845887,19.88807417540137,NORMAL,Pressure,0,Telemetry remains within the expected prototype operating envelope.
1.8,startup,44.24716996782036,317.96953704666845,0.1628630432312154,136.53362875787397,0,normal,0.9892097159150184,False,1.0400701689009246,False,0.2114862198331827,False,1.0621277306143997,False,0,NORMAL,0,17.950047156666006,18.780436154309832,4.141519532879889,19.137948098697787,17.690536971626994,NORMAL,Thrust,0,Telemetry remains within the expected prototype operating envelope.
1.9,startup,42.134705815084416,318.6366111579312,0.1448260591975066,147.374234019092,0,normal,1.3453094247024386,False,1.0170170341435012,False,1.200110879473809,False,0.8752830610668851,False,0,NORMAL,0,23.590403184849386,18.40509843806666,21.338958291669165,16.059050140559282,22.280694199977244,NORMAL,Pressure,0,Telemetry remains within the expected prototype operating envelope.
2.0,startup,43.41283420733296,323.2270225252112,0.16013363263248,148.06925001242,0,normal,1.1298543374844294,False,0.8583789307375808,False,0.0021208930185105,False,0.8633040220303674,False,0,NORMAL,0,20.225865847072868,15.774780126311184,0.04240886526770682,15.857702658908746,17.68812908163391,NORMAL,Pressure,0,Telemetry remains within the expected prototype operating envelope.
2.1,startup,43.200199710335234,324.1682953013476,0.1527257972657698,140.88929287002668,0,normal,1.1656982983682078,False,0.8258498791893362,False,0.5818674236052946,False,0.9870551122425636,False,0,NORMAL,0,20.79570506601899,15.22504051069713,10.98572934940747,17.914682511589632,19.197809568712252,NORMAL,Pressure,0,Telemetry remains within the expected prototype operating envelope.
2.2,startup,43.23491233505182,324.8663542559082,0.1678024819069605,147.36666623491394,0,normal,1.1598467644916148,False,0.8017259522126927,False,0.5980529149001562,False,0.8754134966006847,False,0,NORMAL,0,20.70295748204618,14.815031216203877,11.273411411189882,16.061239888517576,18.9565283631513,NORMAL,Pressure,0,Telemetry remains within the expected prototype operating envelope.
2.3,startup,45.456947153168926,322.6121898201364,0.175603712770187,136.6999189310835,0,normal,0.785276644273382,False,0.8796266766237619,False,1.2085870727712456,False,1.0592616145891731,False,0,NORMAL,0,14.534322967075553,16.131939918591563,21.47219456501971,19.09158280657929,20.189554989773598,NORMAL,Vibration,0,Telemetry remains within the expected prototype operating envelope.
2.4,startup,45.635874035830426,324.73931908728923,0.1544938876803085,157.57592405008475,0,normal,0.7551148018925397,False,0.8061161073868485,False,0.4434944397510676,False,0.6994504985174352,False,0,NORMAL,0,14.01720435427698,14.889793435919508,8.487891392166524,13.054621662306843,14.092697932256293,NORMAL,Temperature,0,Telemetry remains within the expected prototype operating envelope.
2.5,startup,46.05720768276304,326.531560159068,0.1673569824910806,152.71977853336014,0,normal,0.6840902646095154,False,0.744178799000988,False,0.5631875692290751,False,0.7831492295830388,False,0,NORMAL,0,12.78711069990094,13.828936919648505,10.652552645069392,14.497951042439606,13.953241416953357,NORMAL,Thrust,0,Telemetry remains within the expected prototype operating envelope.
2.6,startup,43.33776613159182,326.0491479341595,0.1579119796663677,153.2260845520378,0,normal,1.142508620813229,False,0.7608502809872879,False,0.1759902537037558,False,0.7744227259911981,False,0,NORMAL,0,20.427507475589056,14.115778311967563,3.4585803674147098,14.348593956369948,17.85854511887525,NORMAL,Pressure,0,Telemetry remains within the expected prototype operating envelope.
2.7,startup,45.01757297699291,329.4397942683718,0.1690452026947386,157.55908026842,0,normal,0.8593422874618605,False,0.6436743547481557,False,0.6953098097334414,False,0.6997408117188892,False,0,NORMAL,0,15.791006349480718,12.079296202586221,12.982589089396313,13.059669793978868,14.981503252763652,NORMAL,Pressure,0,Telemetry remains within the expected prototype operating envelope.
2.8,startup,44.94717304684989,328.05753219737,0.165252164907836,152.2338453322673,0,normal,0.8712096578927931,False,0.6914433705964241,False,0.3984618928340787,False,0.7915245948133522,False,0,NORMAL,0,15.990637210679793,12.915273560982033,7.659963955772719,14.641053333175991,14.874520392245287,NORMAL,Pressure,0,Telemetry remains within the expected prototype operating envelope.
2.9,startup,44.52806319313426,331.93056981048136,0.1540201805081542,156.6826549381803,0,normal,0.9418593286409482,False,0.5575966862353576,False,0.4805673599734427,False,0.714846555103674,False,0,NORMAL,0,17.169336889378638,10.552590543053398,9.16390633068781,13.32193308986982,15.55324857773271,NORMAL,Pressure,0,Telemetry remains within the expected prototype operating envelope.
3.0,startup,44.88589408724116,327.46211902454394,0.1702553618331392,166.20957877507837,0,normal,0.8815394992977714,False,0.7120200050029382,False,0.7900183888547403,False,0.5506440135280981,False,0,NORMAL,0,16.164018727482798,13.272919257418536,14.61533582896658,10.428124313319787,15.273647008992743,NORMAL,Pressure,0,Telemetry remains within the expected prototype operating envelope.
3.1,startup,44.14025564243392,330.50406733538085,0.1472694575050481,164.01500782652244,0,normal,1.0072323460675852,False,0.6068945876754817,False,1.0088874489417814,False,0.5884688280842032,False,0,NORMAL,0,18.245265965912427,11.430171061142547,18.27232398634041,11.103175642290541,17.043967548493786,NORMAL,Vibration,0,Telemetry remains within the expected prototype operating envelope.
3.2,startup,45.79160675481776,334.21275611107006,0.1435744160884125,166.23644129461576,0,normal,0.7288628175413555,False,0.4787275659371284,False,1.2980660464165117,False,0.5501810210599438,False,0,NORMAL,0,13.564573346705256,9.13047623993386,22.86501209161329,10.41982970853148,19.76049835589223,NORMAL,Vibration,0,Telemetry remains within the expected prototype operating envelope.
3.3,startup,46.24047596270121,330.8139087366821,0.1438493861562571,157.044525592541,0,normal,0.6531965895469446,False,0.5961869084880745,False,1.2765465424107278,False,0.7086094861205561,False,0,NORMAL,0,12.246577180198825,11.240292354891368,22.532315321971087,13.213742207971201,19.828886077471548,NORMAL,Vibration,0,Telemetry remains within the expected prototype operating envelope.
3.4,startup,45.63151316914099,333.7440250342328,0.149904493679099,161.9017074515602,0,normal,0.7558499165481699,False,0.4949262468586036,False,0.8026661974893344,False,0.6248928930418169,False,0,NORMAL,0,14.029844867673791,9.424393160391208,14.831048663031765,11.748419290115642,14.018130904326734,NORMAL,Vibration,0,Telemetry remains within the expected prototype operating envelope.
3.5,startup,47.48164417066113,338.4951250382659,0.1806996628818017,171.3092999002516,0,normal,0.44397190905317,False,0.3307349721715442,False,1.6074025500331244,False,0.4627471032120028,False,0,NORMAL,0,8.496629819452984,6.400673162205228,27.492523840797123,8.839584221190044,22.3527139628371,NORMAL,Vibration,0,Telemetry remains within the expected prototype operating envelope.
3.6,startup,46.57337228230296,338.7249287584361,0.1633238467480107,168.76200999180463,0,normal,0.5970800006272908,False,0.3227932816765971,False,0.2475492837269622,False,0.5066512515244759,False,0,NORMAL,0,11.256145058492129,6.251887655784671,4.83042225327387,9.636544198542985,10.114306715053079,NORMAL,Pressure,0,Telemetry remains within the expected prototype operating envelope.
3.7,startup,47.982481624195486,336.719586546388,0.154297611288374,165.04994270888665,0,normal,0.3595453538747392,False,0.3920950630957305,False,0.4588552775163724,False,0.5706310725863325,False,0,NORMAL,0,6.938448788856211,7.542306403605304,8.76860050944005,10.785465291818841,9.988599276632781,NORMAL,Thrust,0,Telemetry remains within the expected prototype operating envelope.
3.8,startup,47.73279580925838,336.79860270573005,0.1545798406668457,178.7217307507646,0,normal,0.4016350839524302,False,0.3893643767468349,False,0.4367676507132799,False,0.3349891820041705,False,0,NORMAL,0,7.718547880456239,7.491798020254614,8.364692007320219,6.4802775273477,8.066889905353785,NORMAL,Vibration,0,Telemetry remains within the expected prototype operating envelope.
3.9,startup,47.2649698459954,341.77529335261244,0.1635650028799055,176.79527247886134,0,normal,0.4804968667975394,False,0.2173770095390003,False,0.2664224664955777,False,0.3681929054621723,False,0,NORMAL,0,9.162625656714074,4.254389460513497,5.188975690065778,7.099260598909751,8.20491617490692,NORMAL,Pressure,0,Telemetry remains within the expected prototype operating envelope.
4.0,startup,48.99528865733673,339.5021139106959,0.1687053066507873,184.2140468278944,0,normal,0.1888156924542882,False,0.2959348655815711,False,0.6687091170227925,False,0.2403256500560922,False,0,NORMAL,0,3.705900246089544,5.746947518830936,12.518410756090315,4.692828851522634,10.47007463655538,NORMAL,Vibration,0,Telemetry remains within the expected prototype operating envelope.
4.1,startup,48.83939371417116,341.82744781607994,0.1644288395140901,181.80580490321185,0,normal,0.2150950230601081,False,0.2155746252848108,False,0.3340274100277788,False,0.2818332186618349,False,0,NORMAL,0,4.210681449430275,4.219869162834378,6.462286867449096,5.480747656196117,5.983175163234026,NORMAL,Vibration,0,Telemetry remains within the expected prototype operating envelope.
4.2,startup,47.18948191178575,342.5196016350441,0.1668375017974962,188.19842987771412,0,normal,0.4932219259916596,False,0.1916547714154385,False,0.5225323555392871,False,0.1716522949845284,False,0,NORMAL,0,9.39351391852199,3.760562036245907,9.923103158512603,3.374785484184062,8.764563955311342,NORMAL,Vibration,0,Telemetry remains within the expected prototype operating envelope.
4.3,startup,48.72652042242648,339.7343380156343,0.1579299062438747,191.38161694262743,0,normal,0.2341221607599833,False,0.2879095300233789,False,0.1745872971583537,False,0.1167880580789205,False,0,NORMAL,0,4.57450806331382,5.595543569876771,3.431487883319484,2.3086934160910455,5.029248702022499,NORMAL,Temperature,0,Telemetry remains within the expected prototype operating envelope.
4.4,startup,49.65779802427729,344.1467287680566,0.1545670236045782,180.12394432625217,0,normal,0.0771359783484074,False,0.1354235664691239,False,0.4377707301574187,False,0.3108211465639081,False,0,NORMAL,0,1.5308806074922798,2.6721211620026053,8.383073662193507,6.027145685528157,7.077654728182228,NORMAL,Vibration,0,Telemetry remains within the expected prototype operating envelope.
4.5,startup,48.47868352141551,346.03028088959314,0.1648833392874968,189.7321253600308,0,normal,0.2759002179935135,False,0.0703306777671242,False,0.3695971350204697,False,0.1452180859459295,False,0,NORMAL,0,5.36852452991049,1.3967669687454665,7.125347728357401,2.862590506507745,6.097383625115407,NORMAL,Vibration,0,Telemetry remains within the expected prototype operating envelope.
4.6,startup,48.3157795211514,346.5062467924101,0.1461071510712104,188.035205951432,0,normal,0.303361070751287,False,0.0538819715254642,False,1.099851015103669,False,0.1744655623098814,False,0,NORMAL,0,5.886832113065921,1.071853698558456,19.745728904527216,3.42913670405961,15.471409537211171,NORMAL,Vibration,0,Telemetry remains within the expected prototype operating envelope.
4.7,startup,49.24763048641004,347.4567897377515,0.1543771177081011,195.95016510429627,0,normal,0.1462782360285732,False,0.0210325560831644,False,0.4526330049206134,False,0.0380462488339439,False,0,NORMAL,0,2.883184369712477,0.41976762408080237,8.654996509210966,0.7580372716432526,6.738396486268784,NORMAL,Vibration,0,Telemetry remains within the expected prototype operating envelope.
4.8,startup,49.452294986347226,347.9422585916672,0.1760712740181261,192.38583890549896,0,normal,0.1117777836860497,False,0.0042554413355004,False,1.245179005219916,False,0.0994796591211298,False,0,NORMAL,0,2.2107523027444675,0.08507261942067856,22.044793589262156,1.9699313897366788,16.631288949372248,NORMAL,Vibration,0,Telemetry remains within the expected prototype operating envelope.
4.9,startup,49.86013268118908,355.3866424291567,0.14670406211581,204.49650894377547,0,normal,0.0430282694386144,False,0.2530119010693236,False,1.0531360045716194,False,0.1092553779709333,False,0,NORMAL,0,0.8568731238729588,4.93434047356307,18.992399380913383,2.1614070254563633,14.702748847926705,NORMAL,Vibration,0,Telemetry remains within the expected prototype operating envelope.
5.0,startup,51.289133401755024,354.49043133752366,0.1658816349202802,202.1790857897516,0,normal,0.197859482332932,False,0.222040117398384,False,0.4477250092179695,False,0.069313128162762,False,0,NORMAL,0,3.8799155438137722,4.343642256304559,8.565288310750653,1.37669819056504,7.156922528363402,NORMAL,Vibration,0,Telemetry remains within the expected prototype operating envelope.
5.1,startup,51.26482198819832,352.85598548583306,0.1475682191157873,198.0042992406288,0,normal,0.1937612886303123,False,0.1655559879192635,False,0.985505988808781,False,0.0026419513190839,False,0,NORMAL,0,3.801099502923244,3.256902237954029,17.8892465136649,0.05282506902655193,13.81551664969445,NORMAL,Vibration,0,Telemetry remains within the expected prototype operating envelope.
5.2,startup,48.43103314428633,351.3895667282958,0.1693520251687744,212.9405201846216,0,normal,0.2839326787561425,False,0.1148786363963169,False,0.7193221231857179,False,0.2547932378905853,False,0,NORMAL,0,5.520427204738176,2.271379511948113,13.399485093699692,4.968203233057256,10.998621127206082,NORMAL,Vibration,0,Telemetry remains within the expected prototype operating envelope.
5.3,startup,49.72110583945465,351.0498853356335,0.1614314786621402,210.09279847505104,0,normal,0.0664641311980412,False,0.1031397294481682,False,0.0994501727090839,False,0.2057109579839919,False,0,NORMAL,0,1.320486679942423,2.0416645207586903,1.9693532770328481,4.0307339986173085,3.439172965781987,NORMAL,Thrust,0,Telemetry remains within the expected prototype operating envelope.
5.4,startup,51.74526658817599,358.17729131158853,0.1556898315353052,217.37790207942805,0,normal,0.2747502047825482,False,0.3494527667260222,False,0.3498983666219714,False,0.3312743137911464,False,0,NORMAL,0,5.346756537265785,6.750412712493481,6.758722743471612,6.410769020189866,6.604002621930863,NORMAL,Vibration,0,Telemetry remains within the expected prototype operating envelope.
5.5,startup,51.0302411200086,356.03956643795914,0.1717204572512126,200.91601892852248,0,normal,0.1542178110563747,False,0.275576028363645,False,0.9046786024744524,False,0.04754337411157,False,0,NORMAL,0,3.037275244559845,5.362388622391567,16.55110024883878,0.9463610321545857,13.024213612190376,NORMAL,Vibration,0,Telemetry remains within the expected prototype operating envelope.
5.6,startup,52.4055269569592,355.6930579187911,0.1653488021227856,206.26895715680064,0,normal,0.3860508035373552,False,0.2636011856106345,False,0.4060248430508676,False,0.1398046409200724,False,0,NORMAL,0,7.4304711614480485,5.135462887907494,7.799530994430038,2.7573639477181944,7.092942683136105,NORMAL,Vibration,0,Telemetry remains within the expected prototype operating envelope.
5.7,startup,51.40059978957913,355.3088776024253,0.1708495328521803,203.9144377365228,0,normal,0.2166494571556254,False,0.2503244589999056,False,0.8365189615338104,False,0.0992230135640002,False,0,NORMAL,0,4.24045645740998,4.883230048609244,15.405741855089294,1.964899464280867,12.331985890529612,NORMAL,Vibration,0,Telemetry remains within the expected prototype operating envelope.
5.8,startup,50.14167417233654,356.45045370056425,0.159831324828518,211.71716048780183,0,normal,0.0044313965061738,False,0.2897757091412631,False,0.0257798827017704,False,0.2337078618638641,False,0,NORMAL,0,0.08858866717366132,5.630772120234329,0.5142707308389949,4.566600800527121,4.605022206045048,NORMAL,Temperature,0,Telemetry remains within the expected prototype operating envelope.
5.9,startup,51.83894705945593,360.7499118926178,0.1617589914258528,217.9977618346339,0,normal,0.2905419939585451,False,0.4383588836519524,False,0.1250817343037888,False,0.3419579876577315,False,0,NORMAL,0,5.645233753341616,8.393849991444313,2.4706031096684566,6.610530889362987,7.479021547022823,NORMAL,Temperature,0,Telemetry remains within the expected prototype operating envelope.
6.0,startup,52.59977684199542,352.8702289969243,0.1602953452061549,219.97516262569783,0,normal,0.41879565622695,False,0.1660482234521099,False,0.0105349367751143,False,0.3760397375662068,False,0,NORMAL,0,8.034725496945905,3.2664258472156704,0.2104769215303337,7.244941556492535,6.863771432455977,NORMAL,Pressure,0,Telemetry remains within the expected prototype operating envelope.
6.1,startup,50.063551566187776,359.80459536777283,0.1713572397094157,222.66319219040628,0,normal,0.0087377913653742,False,0.4056900858861139,False,0.8762527399544361,False,0.4223696226279443,False,0,NORMAL,0,0.1746032182222912,7.793357834262737,16.075327715482125,8.100438168886292,13.261539122038057,NORMAL,Vibration,0,Telemetry remains within the expected prototype operating envelope.
6.2,startup,52.21243633861414,362.4818416753866,0.1775701058230891,225.3388134663181,0,normal,0.3535013693265046,False,0.4982119194667954,False,1.3624794709896235,False,0.4684856430055624,False,0,NORMAL,0,6.825888255638901,9.483893966305878,23.852344435919058,8.94414973908223,19.80082306808017,NORMAL,Vibration,0,Telemetry remains within the expected prototype operating envelope.
6.3,startup,52.25105533718951,364.6118249071307,0.1513288808097127,219.7870448367232,0,normal,0.3600114036523137,False,0.5718211176704231,False,0.691191865743691,False,0.3727974088151799,False,0,NORMAL,0,6.94712264765347,10.806696628785573,12.91089300455016,7.18477357160332,11.703910465059451,NORMAL,Vibration,0,Telemetry remains within the expected prototype operating envelope.
6.4,startup,53.3477390078718,366.7066277098828,0.1663097131154372,218.38257139935249,0,normal,0.5448802144466134,False,0.6442145301664602,False,0.4812269482023853,False,0.3485904232299209,False,0,NORMAL,0,10.324809917456667,12.088794210108244,9.175888423975154,6.734328690515879,11.211050595250253,NORMAL,Temperature,0,Telemetry remains within the expected prototype operating envelope.
6.5,startup,50.88960594026896,366.709901204396,0.1777448843774764,235.6389206816516,0,normal,0.1305108305210169,False,0.6443276574919936,False,1.376157860898552,False,0.6460144878052039,False,0,NORMAL,0,2.5764449326705408,12.090783219526113,24.060375218254226,12.120435803692263,20.08844731960277,NORMAL,Vibration,0,Telemetry remains within the expected prototype operating envelope.
6.6,startup,53.578615486185065,365.0949815991219,0.1654406939181215,224.35128743505743,0,normal,0.5837992401667601,False,0.5885183273827589,False,0.4132164107488728,False,0.4514650089602879,False,0,NORMAL,0,11.020114554838711,11.104055704024196,7.932048853397444,8.633655897718583,10.603000270988884,NORMAL,Temperature,0,Telemetry remains within the expected prototype operating envelope.
6.7,startup,54.06336273611012,367.3592493296393,0.190838188543206,234.1227428342108,0,normal,0.6655134573335935,False,0.666768207324421,False,2.4008563440899047,False,0.6198822062531957,False,0,NORMAL,0,12.462480606963167,12.484445391147714,38.1322577419089,11.659934754784096,31.325640400536123,NORMAL,Vibration,0,Telemetry remains within the expected prototype operating envelope.
6.8,startup,53.751317049981104,368.1792989387338,0.2013480212937514,229.47856113505608,0,normal,0.6129116757530642,False,0.6951079582262233,False,3.2233690988356867,False,0.5398368052826892,False,0,NORMAL,0,11.536693445178559,12.979076099377252,47.51662954298599,10.23431054750683,38.084146296007646,NORMAL,Vibration,1,Telemetry remains within the expected prototype operating envelope.
6.9,startup,54.16816584057352,367.5745015923311,0.1678533812962624,237.5713601959964,0,normal,0.6831801973495597,False,0.6742070200963353,False,0.6020363652464429,False,0.6793213017494419,False,0,NORMAL,0,12.771235336140263,12.614550949133797,11.344070852622645,12.703888011620734,12.626755669073948,NORMAL,Pressure,0,Telemetry remains within the expected prototype operating envelope.
7.0,startup,53.0902846218577,370.6049993714171,0.152197796554765,248.3847938527403,0,normal,0.5014809303608085,False,0.7789367232939197,False,0.6231894245946766,False,0.8656976515549579,False,0,NORMAL,0,9.543054251978223,14.425885105087655,11.718347411126917,15.897974116081237,14.847393502826783,NORMAL,Thrust,0,Telemetry remains within the expected prototype operating envelope.
7.1,startup,56.02140800202528,376.8342220472685,0.1631954436981003,243.90329585892465,0,normal,0.995582655469772,False,0.9942098201745077,False,0.2375002992372624,False,0.7884562068610984,False,0,NORMAL,0,18.05456041483736,18.032057807391666,4.638958393852944,14.588654384076117,16.575459482158116,NORMAL,Pressure,0,Telemetry remains within the expected prototype operating envelope.
7.2,startup,54.69072272243308,372.3974765438447,0.152264159978363,244.7944048521748,0,normal,0.7712680132843519,False,0.8408821909831938,False,0.6179957394377817,False,0.8038150324398039,False,0,NORMAL,0,14.294535788563378,15.47953048641113,11.626598346065354,14.850615428645408,14.983681820514697,NORMAL,Temperature,0,Telemetry remains within the expected prototype operating envelope.
7.3,startup,54.51333244635081,375.71259176641286,0.169719252688679,251.07445520846483,0,normal,0.7413651978577308,False,0.955447869176852,False,0.7480618116455091,False,0.9120556615641338,False,0,NORMAL,0,13.780433073561028,17.394140839912442,13.895831606501496,16.674130958925424,16.708838487846872,NORMAL,Temperature,0,Telemetry remains within the expected prototype operating envelope.
7.4,startup,55.64373542384644,377.6935314609016,0.1569471398477604,245.8545443152276,0,normal,0.9319180981648358,False,1.0239063342144654,False,0.2514998337253712,False,0.8220872047840003,False,0,NORMAL,0,17.004485318444694,18.5174473719645,4.905586990201638,15.16122038621731,16.900355547624386,NORMAL,Temperature,0,Telemetry remains within the expected prototype operating envelope.
7.5,startup,53.43542664550814,373.3996264114159,0.1704659387888325,253.9378584440576,0,normal,0.5596617870409291,False,0.8755150684314291,False,0.8064984067602873,False,0.9614082224630724,False,0,NORMAL,0,10.589526498346391,16.06294503390503,14.896300702872466,17.492554191245368,16.5362762866168,NORMAL,Thrust,0,Telemetry remains within the expected prototype operating envelope.
7.6,startup,56.161161658814606,377.5753799968053,0.1663740936506965,244.3948488564008,0,normal,1.0191410370026377,False,1.019823187263306,False,0.4862654500192076,False,0.7969284328268472,False,0,NORMAL,0,18.43975263782529,18.450879147612543,9.267365815571216,14.733256683162333,17.32105619581315,NORMAL,Temperature,0,Telemetry remains within the expected prototype operating envelope.
7.7,startup,54.25063604130843,382.8050974426629,0.1756092372185299,254.8335156169683,0,normal,0.6970822625880663,False,1.200554801617793,False,1.2090194230600484,False,0.976845438787058,False,0,NORMAL,0,13.013430474257392,21.345941857305263,21.478984575320958,17.746898410389512,20.40004981422002,NORMAL,Vibration,0,Telemetry remains within the expected prototype operating envelope.
7.8,startup,55.38039983157874,378.6528823743364,0.1692510005151192,253.8351770128238,0,normal,0.8875274146124364,False,1.0570601405362303,False,0.7114158064871142,False,0.9596384432279422,False,0,NORMAL,0,16.264359183711285,19.0559514067715,13.262438549495181,17.46334502930631,18.16540165421385,NORMAL,Temperature,0,Telemetry remains within the expected prototype operating envelope.
7.9,startup,56.70464351069869,379.0730982098575,0.177355704481244,265.58591215087336,0,normal,1.1107561912463275,False,1.0715822035572842,False,1.345700151804638,False,1.1621697752803877,False,0,NORMAL,0,19.920575554364262,19.290705245712825,23.596374011618725,20.739790502090738,22.648044572508496,NORMAL,Vibration,0,Telemetry remains within the expected prototype operating envelope.
8.0,startup,55.6318393441115,380.472053660492,0.1636798628842456,259.85186822314097,0,normal,0.9299127668441424,False,1.119928118919012,False,0.2754115551730345,False,1.0633399113537942,False,0,NORMAL,0,16.9711919414522,20.067337442085332,5.359275501210337,19.157549606917247,18.429862855376165,NORMAL,Temperature,0,Telemetry remains within the expected prototype operating envelope.
8.1,startup,57.3206587495741,382.5895163442837,0.1746007125349352,258.98172372047617,0,normal,1.2145983543845948,False,1.1931046247511166,False,1.1300910104561903,False,1.0483424219939868,False,0,NORMAL,0,21.5665483855056,21.22865717095025,20.22964183398469,18.914698815860653,21.187966743629996,NORMAL,Pressure,0,Telemetry remains within the expected prototype operating envelope.
8.2,startup,55.489115595057214,381.30501265184535,0.1685907398700295,266.069882485199,0,normal,0.9058537145712529,False,1.1487139997542406,False,0.6597429763923847,False,1.1705113092638617,False,0,NORMAL,0,16.570710306659354,20.52620171328562,12.361395569795397,20.87191060922362,19.720635988404702,NORMAL,Thrust,0,Telemetry remains within the expected prototype operating envelope.
8.3,startup,56.58124281291121,379.01597416731056,0.170888163880898,262.20468702031826,0,normal,1.0899544406038983,False,1.0696080777015669,False,0.8395422745211285,False,1.103892227398035,False,0,NORMAL,0,19.586723120615602,19.25883289300907,15.456877377522794,19.810567607706364,19.361756532408847,NORMAL,Thrust,0,Telemetry remains within the expected prototype operating envelope.
8.4,startup,56.83076902473595,382.05083119761207,0.1723004498839865,268.8643750473032,0,normal,1.1320172662620451,False,1.1744884304357115,False,0.9500695567777314,False,1.218676151238809,False,0,NORMAL,0,20.26036753815854,20.934825983620463,17.305237009915363,21.630489444548274,21.07127363687761,NORMAL,Thrust,0,Telemetry remains within the expected prototype operating envelope.
8.5,startup,57.00415561866858,385.9946800379812,0.1730472860560685,273.32544488865483,0,normal,1.161245177905935,False,1.3107822503350193,False,1.0085178967107429,False,1.2955655038395946,False,0,NORMAL,0,20.72513239052729,23.06093569266188,18.26628323410413,22.826426579658975,22.416501266213544,NORMAL,Temperature,0,Telemetry remains within the expected prototype operating envelope.
8.6,startup,57.51729247975127,387.8590301468428,0.1697056083383208,271.5208531857984,0,normal,1.247745053685119,False,1.3752115447251814,False,0.7469939875929092,False,1.264462227568237,False,0,NORMAL,0,22.08479069248671,24.046001279041885,13.877440822351295,22.344860108082464,22.83579646029893,NORMAL,Temperature,0,Telemetry remains within the expected prototype operating envelope.
8.7,startup,58.38034486037258,388.64869611907056,0.1720350702889451,274.0479373893565,0,normal,1.3932304580218022,False,1.402501280248956,False,0.9293006152587064,False,1.3080181178119064,False,0,NORMAL,0,24.319230357723132,24.459424937928777,16.961026075861852,23.01838997955654,23.664957452872358,NORMAL,Temperature,0,Telemetry remains within the expected prototype operating envelope.
8.8,startup,57.38404214062104,382.2254448855576,0.1570533692501022,281.1509720277954,0,normal,1.2252829414174884,False,1.180522831727464,False,0.2431861868359281,False,1.4304434001484525,False,0,NORMAL,0,21.73397524112589,21.03019062283832,4.747339190843247,24.880400309026875,22.506551920202973,NORMAL,Thrust,0,Telemetry remains within the expected prototype operating envelope.
8.9,startup,57.17506437065764,390.1764178385904,0.1662481621537647,285.7104513173837,0,normal,1.1900553978255026,False,1.4552971751537436,False,0.4764098923800761,False,1.509028901662797,False,0,NORMAL,0,21.180604180087958,25.252874927893522,9.08834529763901,26.051832717208757,24.07138626443325,NORMAL,Thrust,0,Telemetry remains within the expected prototype operating envelope.
9.0,startup,58.37555162562059,391.61835554582586,0.1695897207171592,277.4088328525127,0,normal,1.392422458748951,False,1.5051284963150229,False,0.7379244763280778,False,1.3659452710534044,False,0,NORMAL,0,24.30699936811873,25.994124646222716,13.721081150518987,23.905108656684604,24.589820979429955,NORMAL,Temperature,0,Telemetry remains within the expected prototype operating envelope.
9.1,startup,57.446055087778056,395.73858788696725,0.1736388355271999,286.04240170267093,0,normal,1.2357365116686392,False,1.6475178797261445,False,1.0548133037469236,False,1.5147502759357865,False,0,NORMAL,0,21.897436184158003,28.071928693394476,19.01956961973902,26.13640135146561,26.570220537472657,NORMAL,Temperature,0,Telemetry remains within the expected prototype operating envelope.
9.2,startup,58.619894605945824,391.4162515304526,0.1820315547636014,283.37477239681283,0,normal,1.433611543082229,False,1.498144068314067,False,1.7116380870511378,False,1.4687720022030963,False,0,NORMAL,0,24.92798315829794,25.890674667540438,28.988447961221077,25.454044649973607,28.05284183803409,NORMAL,Vibration,0,Telemetry remains within the expected prototype operating envelope.
9.3,startup,59.438030428250144,392.0921305698688,0.1828877631824542,284.8845733351382,0,normal,1.5715253285984472,False,1.5215014888949447,False,1.7786460368389791,False,1.4947943737041725,False,0,NORMAL,0,26.9703794164193,26.236067826244923,29.93376712554531,25.84100931149864,28.992805703578917,NORMAL,Vibration,0,Telemetry remains within the expected prototype operating envelope.
9.4,startup,58.41624297821268,398.5425675483161,0.1770195896619014,288.89778649594194,0,normal,1.3992818313870352,False,1.7444194381868456,False,1.3193953824966764,False,1.5639646339235596,False,0,NORMAL,0,24.410769471548722,29.45249601118387,23.19335886793905,26.859864948171285,28.236815220918274,NORMAL,Temperature,0,Telemetry remains within the expected prototype operating envelope.
9.5,startup,59.51955552494655,396.4443850925107,0.1794927615984191,292.53863917302755,0,normal,1.5852680769214689,False,1.6719092296767597,False,1.5129489347508325,False,1.6267170263342403,False,0,NORMAL,0,27.170829356081285,28.42195878030893,26.1097858489305,27.772072345868093,28.053304761179824,NORMAL,Temperature,0,Telemetry remains within the expected prototype operating envelope.
9.6,startup,59.548609650070624,398.27010405900506,0.1864654107016254,287.52153888485964,0,normal,1.5901657531648066,False,1.7350034866013848,False,2.0586372399673265,False,1.540244138258234,False,0,NORMAL,0,27.24213316785845,29.319516461176597,33.74951815349823,26.512056530401285,32.15921892715562,NORMAL,Vibration,0,Telemetry remains within the expected prototype operating envelope.
9.7,startup,59.66849554241786,396.64735794155496,0.1716032282795911,296.35904164688253,0,normal,1.6103750103478356,False,1.6789236833365755,False,0.895504115432362,False,1.6925640727459033,False,0,NORMAL,0,27.535616149590826,28.52230454741722,16.397839513087085,28.71703552601803,27.51869271882162,NORMAL,Thrust,0,Telemetry remains within the expected prototype operating envelope.
9.8,startup,57.515768649028175,399.7535292679914,0.1671484707392357,298.11674228045035,0,normal,1.2474881803668034,False,1.7862685569555394,False,0.5468691767791163,False,1.7228591518608434,False,0,NORMAL,0,22.080787721989548,30.040501999916046,10.360474938394882,29.14763431590206,27.543898710363152,NORMAL,Temperature,0,Telemetry remains within the expected prototype operating envelope.
9.9,startup,57.36851101948489,401.1862646139603,0.177635609404852,301.1813141503153,0,normal,1.222664848368874,False,1.8357818575689029,False,1.367605863840997,False,1.775678981061523,False,0,NORMAL,0,21.69298296282982,30.729868217869893,23.930376985959278,29.892176702444306,29.27088726766197,NORMAL,Temperature,0,Telemetry remains within the expected prototype operating envelope.
10.0,ramp,61.01973781267286,397.7921534997215,0.1759956049889478,294.96130196186544,0,normal,1.6793696188353968,False,1.7270493006264624,False,0.6366898893720128,False,1.7830610816587062,False,0,NORMAL,0,28.52867915150201,29.206985833782095,11.956394560040629,29.995608929791395,28.219816795937067,NORMAL,Thrust,0,Telemetry remains within the expected prototype operating envelope.
10.1,ramp,58.15297042718671,399.6852703716049,0.1681568399057331,307.938549421676,0,normal,1.843680392048865,False,1.708261319111468,False,1.221453914232949,False,1.558902397599876,False,0,NORMAL,0,30.83920833732413,28.94047385684859,21.674015738113994,26.785776919713356,29.51643946881069,NORMAL,Pressure,0,Telemetry remains within the expected prototype operating envelope.
10.2,ramp,60.10718849536224,405.5688157643186,0.1846281719711527,296.9577344480292,0,normal,1.7316730197607229,False,1.649870871209028,False,0.0072909621788465,False,1.7485762896951798,False,0,NORMAL,0,29.272420976581294,28.10576995778217,0.14571297897563174,29.511122737220663,26.79779461111741,NORMAL,Thrust,0,Telemetry remains within the expected prototype operating envelope.
10.3,ramp,60.8923176221436,409.0369272786215,0.1577344120138181,303.6674968566636,0,normal,1.6866727959731258,False,1.615452069078846,False,1.9989565971427483,False,1.6326771734515528,False,0,NORMAL,0,28.632996491439243,27.609159991174504,32.95400565976758,27.858118865646986,31.662353267051405,NORMAL,Vibration,0,Telemetry remains within the expected prototype operating envelope.
10.4,ramp,59.92967802013838,406.84125964940944,0.175554483200008,308.5986235907055,0,normal,1.7418471565201918,False,1.6372426745313595,False,0.6695971330533756,False,1.5475007997210422,False,0,NORMAL,0,29.41619306361618,27.92396156782312,12.533946387186434,26.618634597070045,27.563639857723896,NORMAL,Pressure,0,Telemetry remains within the expected prototype operating envelope.
10.5,ramp,61.53153508389721,412.41764687931504,0.1680054527580103,304.14954063008184,0,normal,1.6500356010880324,False,1.5819005761369334,False,1.2327472438422478,False,1.6243507314812644,False,0,NORMAL,0,28.108138544327453,27.121762376770796,21.85072832708511,27.737881741311266,27.441909765393625,NORMAL,Pressure,0,Telemetry remains within the expected prototype operating envelope.
10.6,ramp,60.16614892275833,413.6306289439832,0.1678951938535887,303.74203067001486,0,normal,1.7282936617202007,False,1.5698625002275823,False,1.2409724476902866,False,1.63138973545128,False,0,NORMAL,0,29.224602056104377,26.94608823243223,21.97918138087911,27.839540834106547,28.270064930526043,NORMAL,Pressure,0,Telemetry remains within the expected prototype operating envelope.
10.7,ramp,61.24019428325708,415.0304430317181,0.1630393163347543,309.92331918403306,0,normal,1.6667340023828736,False,1.555970235256837,False,1.6032160475432409,False,1.5246190582809989,False,0,NORMAL,0,28.347833899103104,26.742829130376943,27.4317878713216,26.282046325986997,27.94648554176102,NORMAL,Pressure,0,Telemetry remains within the expected prototype operating envelope.
10.8,ramp,62.39035642207183,413.84666838190896,0.1842433051359741,313.48080752859994,0,normal,1.6008116567798454,False,1.56771844614062,False,0.0214197182900003,False,1.463169825048578,False,0,NORMAL,0,27.39688301171036,26.914755207323527,0.4274780660625588,25.370473911303293,24.817563099796715,NORMAL,Pressure,0,Telemetry remains within the expected prototype operating envelope.
10.9,ramp,63.48901992937834,413.8676016391239,0.1820070358184325,308.3086486984087,0,normal,1.537840991178967,False,1.567510696869857,False,0.1882431698051909,False,1.5525095961140094,False,0,NORMAL,0,26.4767275736714,26.911718462973976,3.6948735041789305,26.692108253135572,24.82296693290457,NORMAL,Temperature,0,Telemetry remains within the expected prototype operating envelope.
11.0,ramp,62.6675724836302,415.291798378259,0.170550879214162,318.36185818298327,0,normal,1.584922824762132,False,1.553376449583811,False,1.0428609794006607,False,1.378858425817001,False,0,NORMAL,0,27.165800296768417,26.704816591541935,18.825757187204673,24.101380120938376,26.12757368508914,NORMAL,Pressure,0,Telemetry remains within the expected prototype operating envelope.
11.1,ramp,62.37621614636739,416.6641394803042,0.1718861368532347,317.04553539660566,0,normal,1.6016221165493445,False,1.5397568365316905,False,0.9432520967563244,False,1.4015955420278807,False,0,NORMAL,0,27.4086504390738,26.504894021030058,17.192406457484765,24.445739701226856,26.176395714544324,NORMAL,Pressure,0,Telemetry remains within the expected prototype operating envelope.
11.2,ramp,63.820623546283805,423.2914482767993,0.1729686538385972,304.90561958432534,0,normal,1.5188348984733042,False,1.4739850096508498,False,0.8624974137646897,False,1.6112908230567184,False,0,NORMAL,0,26.19671769510993,25.531725871746012,15.84412758945617,27.548887694863055,26.229904651138813,NORMAL,Thrust,0,Telemetry remains within the expected prototype operating envelope.
11.3,ramp,64.70835801977425,425.216170184284,0.1763993239854341,322.75431671872894,0,normal,1.4679537776380571,False,1.4548833682485671,False,0.6065728565496288,False,1.3029865794794029,False,0,NORMAL,0,25.441844585383233,25.246688496598868,11.42447174362352,22.940883804224775,23.979414235609262,NORMAL,Pressure,0,Telemetry remains within the expected prototype operating envelope.
11.4,ramp,64.2740495932014,422.4368955856065,0.1685037595044739,316.26246029288467,0,normal,1.4928464681802334,False,1.4824659018789912,False,1.195574059599058,False,1.4151217605355373,False,0,NORMAL,0,25.81211274156292,25.65793029034048,21.267551705208042,24.649856171143803,25.29927523648823,NORMAL,Pressure,0,Telemetry remains within the expected prototype operating envelope.
11.5,ramp,63.45820189417813,429.1693161364712,0.1830555813414535,311.24410556829207,0,normal,1.5396073483721953,False,1.41565090765469,False,0.1100227238825764,False,1.501804841419125,False,0,NORMAL,0,26.502696658557323,24.65783001150985,2.1764210821933805,25.944914294223054,24.163915757129576,NORMAL,Pressure,0,Telemetry remains within the expected prototype operating envelope.
11.6,ramp,64.60428439828925,430.3734862998846,0.1811357945730177,312.24281774992875,0,normal,1.4739188298790942,False,1.403700284263641,False,0.2532368941846277,False,1.484553878987954,False,0,NORMAL,0,25.530740206545953,24.477537456697906,4.93861820109548,25.68896871709431,23.753467816986742,NORMAL,Thrust,0,Telemetry remains within the expected prototype operating envelope.
11.7,ramp,63.64520759124748,430.1068666924043,0.1752362267347165,308.05462687138146,0,normal,1.5288889863466075,False,1.406346314380044,False,0.6933387466374306,False,1.556897367761656,False,0,NORMAL,0,26.344973524567894,24.51749382526085,12.948278965627502,26.756411691919457,25.316293925393023,NORMAL,Thrust,0,Telemetry remains within the expected prototype operating envelope.
11.8,ramp,65.84472203024056,430.9098510009214,0.1867390963503311,320.4375089477797,0,normal,1.4028222813900584,False,1.398377205568373,False,0.1647638068222789,False,1.343005280113847,False,0,NORMAL,0,24.464274504414362,24.39709224039862,3.2415734130033957,23.555183318502603,22.521864232047246,NORMAL,Pressure,0,Telemetry remains within the expected prototype operating envelope.
11.9,ramp,66.7245609013319,435.9319393682953,0.1780565982177258,324.4675731831537,0,normal,1.352393702516099,False,1.3485361710214565,False,0.4829418585435277,False,1.2733931456090783,False,0,NORMAL,0,23.698587887995604,23.639698153954726,9.207034124094859,22.483442642276874,22.319098872925323,NORMAL,Pressure,0,Telemetry remains within the expected prototype operating envelope.
12.0,ramp,64.84687132000515,436.51227432589815,0.171377636062196,323.03385497911376,0,normal,1.4600147911766814,False,1.3427767154812915,False,0.9811857465157088,False,1.29815805719176,False,0,NORMAL,0,25.323367314044642,23.55168872234199,17.818268183736997,22.86643152856015,24.29666738213885,NORMAL,Pressure,0,Telemetry remains within the expected prototype operating envelope.
12.1,ramp,65.12968181291184,437.9715754611789,0.1686088807381453,323.78162953735097,0,normal,1.443805310422281,False,1.328294079379069,False,1.1877321208437222,False,1.2852415923199731,False,0,NORMAL,0,25.080880579950126,23.32993310221596,21.14397181242814,22.666915329597558,24.371971199084363,NORMAL,Pressure,0,Telemetry remains within the expected prototype operating envelope.
12.2,ramp,66.49567111843112,441.0257703908928,0.1815157394401411,325.3497573203951,0,normal,1.3655126801490582,False,1.2979831362276468,False,0.2248933876034593,False,1.2581549962315608,False,0,NORMAL,0,23.89852478030374,22.863733025725452,4.398213371305227,22.24684051149708,21.95718087997019,NORMAL,Pressure,0,Telemetry remains within the expected prototype operating envelope.
12.3,ramp,66.88605384092767,435.36792209406127,0.1615708610593355,315.6965730760629,0,normal,1.3431376219886593,False,1.354133683927199,False,1.7127613404645616,False,1.424896447674803,False,0,NORMAL,0,23.557206661797046,23.72513587617021,29.00439896309628,24.797017095441475,27.697688203206766,NORMAL,Vibration,0,Telemetry remains within the expected prototype operating envelope.
12.4,ramp,66.862971911044,439.7010613178076,0.1588707421861556,314.333469928658,0,normal,1.3444605789071895,False,1.3111300316716186,False,1.9141875042954748,False,1.4484416107538765,False,0,NORMAL,0,23.57743009067026,23.066287100672035,31.807629770116407,25.150317889394803,29.740105025025343,NORMAL,Vibration,0,Telemetry remains within the expected prototype operating envelope.
12.5,ramp,69.26599163889149,442.3606277726145,0.1817202564240899,316.69375781705975,0,normal,1.2067298263079926,False,1.2847355252716512,False,0.2096366254200373,False,1.407671869042266,False,0,NORMAL,0,21.443020049146288,22.659087788298816,4.106053111449903,24.53750241049153,22.314622110765818,NORMAL,Thrust,0,Telemetry remains within the expected prototype operating envelope.
12.6,ramp,68.96595540055564,447.8683532363402,0.1708349834356187,323.66967905365755,0,normal,1.2239266126822954,False,1.230074851258854,False,1.0216670890039776,False,1.2871753362192233,False,0,NORMAL,0,21.712741469584696,21.808948055947774,18.480947316174923,22.69681802294806,22.16413401557359,NORMAL,Thrust,0,Telemetry remains within the expected prototype operating envelope.
12.7,ramp,65.79647483262497,449.02614234409,0.18571127054674,330.16884802834306,0,normal,1.4055876031897052,False,1.2185845303612204,False,0.0880890312188025,False,1.174913843991907,False,0,NORMAL,0,24.50603907177594,21.62905337472426,1.7463520085224449,20.941552776819417,21.950937654440544,NORMAL,Pressure,0,Telemetry remains within the expected prototype operating envelope.
12.8,ramp,66.31096098012702,451.01579884939656,0.1868733860655057,326.9127596680105,0,normal,1.3760994706221077,False,1.198838454353932,False,0.1747816850861751,False,1.2311569328512202,False,0,NORMAL,0,24.059488385939186,21.318937687220142,3.4352421609330164,21.825868044600195,21.81962687524607,NORMAL,Pressure,0,Telemetry remains within the expected prototype operating envelope.
12.9,ramp,66.52943710573182,446.4682105558266,0.1859413458333869,334.32369785905576,0,normal,1.363577359024023,False,1.2439703773040445,False,0.1052524171874375,False,1.1031462620452026,False,0,NORMAL,0,23.869062920327767,22.025947543837155,2.08304685221381,19.79860300756525,21.445348676558147,NORMAL,Pressure,0,Telemetry remains within the expected prototype operating envelope.
13.0,ramp,69.21282620081287,449.2883104174579,0.1939998851953654,328.85803017215625,0,normal,1.2097770404918704,False,1.2159826788910792,False,0.706411383145157,False,1.1975558724030644,False,0,NORMAL,0,21.490881451980105,21.588260849496933,13.175580794018781,21.298752116286433,20.818298633203952,NORMAL,Temperature,0,Telemetry remains within the expected prototype operating envelope.
13.1,ramp,71.50021050514252,449.3580795427893,0.1815589451378249,335.96678791566404,0,normal,1.0786740128853876,False,1.2152902646738104,False,0.2216702858257828,False,1.0747648270744898,False,0,NORMAL,0,19.405099086485077,21.577401416994014,4.336566646386664,19.34206235885163,19.68315975305888,NORMAL,Temperature,0,Telemetry remains within the expected prototype operating envelope.
13.2,ramp,70.1302860768802,460.3958657857702,0.1871460998605057,332.38233080010514,0,normal,1.157192187464672,False,1.105747252839958,False,0.195125861076446,False,1.1366798974757693,False,0,NORMAL,0,20.66084628281861,19.8403127770128,3.8273499944838973,20.334692177791467,19.08758019164144,NORMAL,Pressure,0,Telemetry remains within the expected prototype operating envelope.
13.3,ramp,70.09496526457534,460.1048013395874,0.1606433414995464,334.3526766143502,0,normal,1.1592166244698234,False,1.1086358824411051,False,1.7819533707348552,False,1.102645706001051,False,0,NORMAL,0,20.692963204259918,19.886609731316053,29.98009828598267,19.790573546849664,27.392710303124463,NORMAL,Vibration,0,Telemetry remains within the expected prototype operating envelope.
13.4,ramp,70.09561494458413,455.4471804625856,0.1844870707527664,324.85084275283674,0,normal,1.1591793876067538,False,1.1548598088349926,False,0.0032350474030745,False,1.2667728509243998,False,0,NORMAL,0,20.69237257300667,20.6238278600667,0.06468002151155394,22.380738173366467,20.12662144263395,NORMAL,Thrust,0,Telemetry remains within the expected prototype operating envelope.
13.5,ramp,69.0491720653434,457.4843788343669,0.1766083880770142,329.86606920108744,0,normal,1.2191569914689568,False,1.1346419100249068,False,0.5909768846907367,False,1.1801438054061963,False,0,NORMAL,0,21.638025724866207,20.30221417974373,11.147756113847207,21.02420406866714,20.54953422878641,NORMAL,Pressure,0,Telemetry remains within the expected prototype operating envelope.
13.6,ramp,71.35037500118875,459.6591991982201,0.1781544513162275,332.0079806811144,0,normal,1.0872619393541052,False,1.1130582004286484,False,0.4756421153929764,False,1.143146124640667,False,0,NORMAL,0,19.543408889600645,19.95743578253255,9.074384250501454,20.437652382542225,19.323101162855423,NORMAL,Thrust,0,Telemetry remains within the expected prototype operating envelope.
13.7,ramp,71.25429493841642,463.42282573055314,0.1674156963268531,334.41536447618205,0,normal,1.092768835199386,False,1.075706599600925,False,1.276742482978776,False,1.101562885575671,False,0,NORMAL,0,19.63197332259944,19.357253214115566,22.53535107491622,19.7732011847484,21.76153384337876,NORMAL,Vibration,0,Telemetry remains within the expected prototype operating envelope.
13.8,ramp,69.76329726648368,468.1453314032752,0.193197984208286,339.9243989396861,0,normal,1.1782264072280997,False,1.0288387328562327,False,0.6465903725948309,False,1.0064041919005915,False,0,NORMAL,0,20.99391265152105,18.597788624322863,12.130556921689228,18.23172373970592,19.7670166429971,NORMAL,Pressure,0,Telemetry remains within the expected prototype operating envelope.
13.9,ramp,71.38673971751639,467.42924017208514,0.1852994678150805,337.2641707180838,0,normal,1.085177670261421,False,1.0359454831126305,False,0.0573689598481752,False,1.0523548651305863,False,0,NORMAL,0,19.50986326104389,18.713407474741683,1.1408219048182788,18.979742745906037,17.786496715998144,NORMAL,Pressure,0,Telemetry remains within the expected prototype operating envelope.
14.0,ramp,70.74338468877271,473.6357420423393,0.1960486305688416,331.01374591110203,0,normal,1.1220520126858666,False,0.9743498974713136,False,0.8592457362340797,False,1.1603197478132008,False,0,NORMAL,0,20.10128392845678,17.70583496101551,15.789380237435036,20.71045836297385,19.963656716297606,NORMAL,Thrust,0,Telemetry remains within the expected prototype operating envelope.
14.1,ramp,71.77744174972017,471.30983422576617,0.1802295885253393,330.3298234634645,0,normal,1.0627843106423291,False,0.9974330539907964,False,0.3208389577964673,False,1.172133281949427,False,0,NORMAL,0,19.148565883199165,18.08488114798994,6.215237658720552,20.89757516620808,19.213721595445556,NORMAL,Thrust,0,Telemetry remains within the expected prototype operating envelope.
14.2,ramp,71.4352967212601,476.29936269973285,0.1711680411335124,349.50132760032807,0,normal,1.08239459170735,False,0.9479151556878962,False,0.9968213182909004,False,0.8409799189534115,False,0,NORMAL,0,19.465048715286326,17.26959779484848,18.074858454365895,15.481182473052025,18.802716815721976,NORMAL,Pressure,0,Telemetry remains within the expected prototype operating envelope.
14.3,ramp,72.48330528075857,474.1928844001373,0.1725351506003809,350.6839981061525,0,normal,1.022327249788597,False,0.968820613740872,False,0.8948363211918838,False,0.8205514062752178,False,0,NORMAL,0,18.491709742022376,17.614779065334684,16.3866729591547,15.135157329418291,17.937089253208423,NORMAL,Pressure,0,Telemetry remains within the expected prototype operating envelope.
14.4,ramp,72.5508652415268,474.1030004339367,0.1745864100299203,342.1175401935782,0,normal,1.0184550034918447,False,0.9697126549669328,False,0.7418144220384155,False,0.9685216086370712,False,0,NORMAL,0,18.428561257508857,17.62947595697075,13.788179108447496,17.60985219771285,17.880970812936752,NORMAL,Pressure,0,Telemetry remains within the expected prototype operating envelope.
14.5,ramp,72.02891097366255,479.2489409354701,0.1780149231055779,339.86810449903487,0,normal,1.0483711765894748,False,0.9186424667202412,False,0.4860507801730733,False,1.0073765774373002,False,0,NORMAL,0,18.9151651295269,16.78382893990561,9.26347021982118,18.24762425135248,17.825740081495525,NORMAL,Pressure,0,Telemetry remains within the expected prototype operating envelope.
14.6,ramp,73.47298424252716,479.73450539248665,0.185220066759076,348.7072626731738,0,normal,0.9656031094678352,False,0.913823548153587,False,0.0514457205886119,False,0.8546959669581534,False,0,NORMAL,0,17.561747044010712,16.703587888253956,1.0236391954279167,15.71271758488626,15.877783603457612,NORMAL,Pressure,0,Telemetry remains within the expected prototype operating envelope.
14.7,ramp,74.22945199746725,486.5603097490676,0.179001777892404,353.4937859798833,0,normal,0.9222456322080664,False,0.8460817790208504,False,0.4124324013887128,False,0.7720173581875545,False,0,NORMAL,0,16.843775664632933,15.567379125265113,7.91761129441495,14.3073794166653,15.729116913347008,NORMAL,Pressure,0,Telemetry remains within the expected prototype operating envelope.
14.8,ramp,73.0291405049026,486.6430035030639,0.1647718590098976,344.5823651643851,0,normal,0.9910423230169596,False,0.84526109608016,False,1.4739700990800622,False,0.9259461762426044,False,0,NORMAL,0,17.980114711386896,15.553519505542946,25.531503798520326,16.90529754936009,23.24289058095911,NORMAL,Vibration,0,Telemetry remains within the expected prototype operating envelope.
14.9,ramp,73.59866772367178,487.827447579221,0.1912080226503013,353.0948282644939,0,normal,0.9583994730404132,False,0.8335062415654223,False,0.4981412332709043,False,0.7789086374633605,False,0,NORMAL,0,17.442890404166477,15.354754733495145,9.482614309420011,14.425404419719378,16.299624351053296,NORMAL,Pressure,0,Telemetry remains within the expected prototype operating envelope.
15.0,ramp,76.32495996321911,485.7158882825656,0.1858483572144613,348.46564428973375,0,normal,0.8021401308441038,False,0.85446212528427,False,0.0983155593415981,False,0.8588694913549155,False,0,NORMAL,0,14.822087282710172,15.708775516863593,1.9471053764127388,15.783043236120209,14.481816602037473,NORMAL,Thrust,0,Telemetry remains within the expected prototype operating envelope.
15.1,ramp,75.4955603875584,490.12119384098,0.1876218147796313,357.6912580928599,0,normal,0.849677746302438,False,0.8107422680326398,False,0.2306137176254263,False,0.6995135527286257,False,0,NORMAL,0,15.628080682999968,14.968503715297176,4.507525583230521,13.055718109842818,14.372237401944897,NORMAL,Pressure,0,Telemetry remains within the expected prototype operating envelope.
15.2,ramp,75.14153049157441,489.1989713433809,0.1888088209114276,352.59710561512134,0,normal,0.8699692168432008,False,0.8198947400722383,False,0.3191631862974925,False,0.7875059039064295,False,0,NORMAL,0,15.969792892741152,15.124011022693429,6.18380002443174,14.572419510499945,14.917242432188797,NORMAL,Pressure,0,Telemetry remains within the expected prototype operating envelope.
15.3,ramp,76.05806200929209,494.1150617331367,0.1771837055816808,347.9333159307592,0,normal,0.8174375733226485,False,0.7711056680711595,False,0.5480587750101459,False,0.8680645093897088,False,0,NORMAL,0,15.08228988036201,14.291752969014038,10.381799405628167,15.937776202526344,15.232746146676046,NORMAL,Thrust,0,Telemetry remains within the expected prototype operating envelope.
15.4,ramp,74.0333871271272,495.4662289466363,0.1884848375303256,364.5987634596585,0,normal,0.9334832270714212,False,0.7576961924027915,False,0.294994350529352,False,0.5801987813993373,False,0,NORMAL,0,17.03046098853438,14.061583931734178,5.729216568345407,10.956017798100358,15.250311580134849,NORMAL,Pressure,0,Telemetry remains within the expected prototype operating envelope.
15.5,ramp,76.56276591892846,497.5648853024462,0.2097953658030435,354.6528031109778,0,normal,0.7885101165446546,False,0.7368683621695445,False,1.8847384176594677,False,0.7519974151516852,False,0,NORMAL,0,14.589575278834454,13.702855148156857,31.404804045887925,13.963579313597496,26.858443836143866,NORMAL,Vibration,0,Telemetry remains within the expected prototype operating envelope.
15.6,ramp,76.37550453183053,498.83872160121535,0.1835748655497764,360.43378333304577,0,normal,0.7992431336226588,False,0.7242263466712653,False,0.0712846419931407,False,0.6521413460459644,False,0,NORMAL,0,14.772720947383489,13.48438510584259,1.4155779655628753,12.228054979900548,13.2685832781846,NORMAL,Pressure,0,Telemetry remains within the expected prototype operating envelope.
15.7,ramp,75.75700297614398,498.01822633859297,0.1837343685452815,361.3921356660396,0,normal,0.8346929818953521,False,0.7323692405708658,False,0.0593858782671218,False,0.6355875276423391,False,0,NORMAL,0,15.374842734735628,13.625167931313731,1.1806920422326117,11.936981239833234,13.67894512303824,NORMAL,Pressure,0,Telemetry remains within the expected prototype operating envelope.
15.8,ramp,76.10332921136995,502.2871378975688,0.1633910948057373,359.17696610431113,0,normal,0.814843052046775,False,0.6900030070591474,False,1.5769737259061338,False,0.6738506104310433,False,0,NORMAL,0,15.03821428472316,12.890183214310202,27.049914952063226,12.608321723391281,23.496275209108784,NORMAL,Vibration,0,Telemetry remains within the expected prototype operating envelope.
15.9,ramp,76.14577701447858,505.6528920013189,0.1768248090240282,353.9679863291988,0,normal,0.8124101265902823,False,0.6566000371609586,False,0.5748320987842026,False,0.7638263973068286,False,0,NORMAL,0,14.996863086841683,12.30628969055666,10.860392329873969,14.166883387745077,14.326873499761117,NORMAL,Pressure,0,Telemetry remains within the expected prototype operating envelope.
16.0,ramp,78.54892033475785,509.8878754834159,0.1767148781843845,368.4646899006784,0,normal,0.6746722902046118,False,0.6145705182444702,False,0.5830328293283595,False,0.5134218330232672,False,0,NORMAL,0,12.622682138276332,11.566037915492656,11.006474479754324,9.758824017713419,12.138220013112829,NORMAL,Pressure,0,Telemetry remains within the expected prototype operating envelope.
16.1,ramp,76.3839732666603,509.368690491735,0.1880099104695149,351.6337992555874,0,normal,0.7987577421761587,False,0.6197230992453775,False,0.2595652674216405,False,0.8041452942368795,False,0,NORMAL,0,14.764446827319155,11.65712360536666,5.058858873148853,14.856239560653462,13.711014240242463,NORMAL,Thrust,0,Telemetry remains within the expected prototype operating envelope.
16.2,ramp,79.54784943020195,511.9352028426458,0.1827566392921415,360.4288332635286,0,normal,0.617417972017224,False,0.5942520956728687,False,0.1323235013775142,False,0.6522268496223127,False,0,NORMAL,0,11.616385901571046,11.205939024628542,2.6117578990066614,12.229555930107306,11.244779745659685,NORMAL,Thrust,0,Telemetry remains within the expected prototype operating envelope.
16.3,ramp,80.63081254598413,511.01139679813855,0.1708910568399816,368.6384122738516,0,normal,0.5553471853127561,False,0.603420283408883,False,1.0174840691947589,False,0.5104210904788504,False,0,NORMAL,0,10.512339083143175,11.368605967117961,18.412719617931973,9.704649655802545,16.343120255005402,NORMAL,Vibration,0,Telemetry remains within the expected prototype operating envelope.
16.4,ramp,77.32821059965165,512.2179233516481,0.1849374656446012,368.83241589451137,0,normal,0.7446381205192655,False,0.591446274344067,False,0.0303639604674494,False,0.5070700257446362,False,0,NORMAL,0,13.836852600763805,11.15609698712019,0.6054389961202666,9.644112258754568,12.077673014237872,NORMAL,Pressure,0,Telemetry remains within the expected prototype operating envelope.
16.5,ramp,78.95388440653323,515.7378442788488,0.1861573020789088,368.0266322458136,0,normal,0.6514614918350039,False,0.5565132967256818,False,0.1213625368280496,False,0.5209884936545375,False,0,NORMAL,0,12.216119743211628,10.533207166139846,2.398029904261456,9.895285606541771,11.006709044851094,NORMAL,Pressure,0,Telemetry remains within the expected prototype operating envelope.
16.6,ramp,79.53676301314522,517.218561329193,0.1861926230875347,367.3630167077178,0,normal,0.6180533977472574,False,0.5418181212803711,False,0.123997448698347,False,0.5324512623349701,False,0,NORMAL,0,11.627617432377857,10.269874340041396,2.4494508720135477,10.101618900710719,10.572200466245665,NORMAL,Pressure,0,Telemetry remains within the expected prototype operating envelope.
16.7,ramp,77.12158495939069,523.6459808776143,0.1848959860826707,365.8422587476746,0,normal,0.7564810132802524,False,0.4780300681187521,False,0.0272696266882812,False,0.5587196296563911,False,0,NORMAL,0,14.040695279685556,9.117799096810542,0.5439079688145054,10.572677163350786,12.125521388803485,NORMAL,Pressure,0,Telemetry remains within the expected prototype operating envelope.
16.8,ramp,80.27588694988927,520.1304394517997,0.200216330209736,374.48176144622806,0,normal,0.5756899935304196,False,0.5129195819698925,False,1.170151955587374,False,0.4094877095725665,False,0,NORMAL,0,10.875685498063593,9.749758817281418,20.866223410887297,7.863364470678603,17.881610534306446,NORMAL,Vibration,0,Telemetry remains within the expected prototype operating envelope.
16.9,ramp,80.17927298425091,521.6893860301353,0.1795870243848612,378.88220982100864,0,normal,0.5812274903910396,False,0.4974480281891187,False,0.3687735991626017,False,0.3334778530899474,False,0,NORMAL,0,10.974335982657246,9.470064017097346,7.110049347228897,6.452005442596431,10.108883182815454,NORMAL,Pressure,0,Telemetry remains within the expected prototype operating envelope.
17.0,ramp,80.17989746331322,526.8679480438811,0.1797818507832018,373.0861829763568,0,normal,0.5811916979378036,False,0.4460540921709396,False,0.3542397449606485,False,0.4335938256249878,False,0,NORMAL,0,10.973698690992995,8.534727240843443,6.839646738490057,8.30650665436452,10.16517984005591,NORMAL,Pressure,0,Telemetry remains within the expected prototype operating envelope.
17.1,ramp,80.79539317696974,527.1620820722321,0.1749996594665659,378.7843920448842,0,normal,0.5459141315986263,False,0.4431349989180801,False,0.7109864279246687,False,0.3351674798032791,False,0,NORMAL,0,10.343351343788,8.48131251798846,13.25498957976784,6.48361234002639,11.990028982736531,NORMAL,Vibration,0,Telemetry remains within the expected prototype operating envelope.
17.2,ramp,82.58972595784346,526.0185456393277,0.179941026387875,359.7105163287345,0,normal,0.4430706961248286,False,0.454483871078179,False,0.342365404262814,False,0.6646344868612009,False,0,NORMAL,0,8.480135528972156,8.688803726686212,6.618140263431349,12.44709067531865,11.261098830967855,NORMAL,Thrust,0,Telemetry remains within the expected prototype operating envelope.
17.3,ramp,80.43551668781006,529.3120830943096,0.1893110422823027,370.5537059896164,0,normal,0.566540703707178,False,0.4217976055114991,False,0.356628397601371,False,0.4773378253071273,False,0,NORMAL,0,10.712451359231379,8.089923942993792,6.884141654119791,9.105215715699156,10.007369992304257,NORMAL,Pressure,0,Telemetry remains within the expected prototype operating envelope.
17.4,ramp,82.14479191002204,530.0020084235167,0.1903062473465463,375.5670432701824,0,normal,0.4685724015637364,False,0.4149505351988387,False,0.4308696987184616,False,0.3907414117737477,False,0,NORMAL,0,8.945729700231064,7.963974773753835,8.256536100512324,7.517271919129065,8.674531648342493,NORMAL,Pressure,0,Telemetry remains within the expected prototype operating envelope.
17.5,ramp,85.1004352311946,533.0093241758192,0.1886008984785198,372.0954876189218,0,normal,0.2991676420761683,False,0.3851048380825268,False,0.3036523810322101,False,0.4507063117907602,False,0,NORMAL,0,5.807867633118391,7.4129559893353125,5.892315180012131,8.61979096848483,8.029495484473323,NORMAL,Thrust,0,Telemetry remains within the expected prototype operating envelope.
17.6,ramp,82.18214716617751,533.673107107124,0.1891507530803166,379.52270584140433,0,normal,0.4664313589895922,False,0.3785172144505443,False,0.3446709836592375,False,0.3224144326287557,False,0,NORMAL,0,8.906731137214708,7.29088987460268,6.661190195526567,6.244784110051215,8.335939829461637,NORMAL,Pressure,0,Telemetry remains within the expected prototype operating envelope.
17.7,ramp,80.96972530846075,537.2715894808819,0.1841332368293208,383.6451763974746,0,normal,0.5359221638281465,False,0.3428045644159291,False,0.0296307037354019,False,0.2512061446014367,False,0,NORMAL,0,10.164002930361715,6.626341821610337,0.5908615810506279,4.900001187184699,8.55620756275326,NORMAL,Pressure,0,Telemetry remains within the expected prototype operating envelope.
17.8,ramp,84.1951520927348,539.4235395541299,0.1797058322502297,377.6195488737646,0,normal,0.3510545768901064,False,0.321447827915476,False,0.3599106513895161,False,0.3552880572355679,False,0,NORMAL,0,6.780281555159206,6.22665751126733,6.945247571171098,6.859176919417642,6.86040523250005,NORMAL,Vibration,0,Telemetry remains within the expected prototype operating envelope.
17.9,ramp,84.2210537423669,540.8254984935954,0.1750256523387531,373.4072133874163,0,normal,0.3495700057665118,False,0.3075342766547682,False,0.7090473856907793,False,0.4280486008222073,False,0,NORMAL,0,6.752599185287311,5.965350066913144,13.22134260814284,8.20475803618671,11.581477061239223,NORMAL,Vibration,0,Telemetry remains within the expected prototype operating envelope.
18.0,ramp,82.15977265320234,541.8475482995178,0.196654195336181,381.4184109001994,0,normal,0.4677137698143556,False,0.2973910820394403,False,0.9044202614181092,False,0.2896695263873386,False,0,NORMAL,0,8.93009194008254,5.774394091067403,16.54678848206662,5.628768022053943,13.982416235179473,NORMAL,Vibration,0,Telemetry remains within the expected prototype operating envelope.
18.1,ramp,85.16972666338278,544.8498930733375,0.2062935709329015,394.0994714115342,0,normal,0.2951961552867099,False,0.267594718724561,False,1.6235080273156552,False,0.0706269408548972,False,0,NORMAL,0,5.733021350077861,5.211201571445967,27.72570159729981,1.4026092953136393,21.528052746981885,NORMAL,Vibration,0,Telemetry remains within the expected prototype operating envelope.
18.2,ramp,82.93454282049294,550.5153680364297,0.1847520513323206,383.8168246899369,0,normal,0.4233072770187575,False,0.2113684812105797,False,0.0165322384595781,False,0.2482412280828567,False,0,NORMAL,0,8.117670558566148,4.1392622572121285,0.3300987413445422,4.843591752431731,6.80166540265402,NORMAL,Pressure,0,Telemetry remains within the expected prototype operating envelope.
18.3,ramp,84.59835340184102,544.6856078604617,0.1986772146993812,384.4881306927956,0,normal,0.3279448124929887,False,0.2692251450276277,False,1.0553354799044643,False,0.2366456204112278,False,0,NORMAL,0,6.34842717255909,5.242105762510329,19.028026388133444,4.622656387976843,15.451823527014962,NORMAL,Vibration,0,Telemetry remains within the expected prototype operating envelope.
18.4,ramp,83.76767407098117,549.915088096058,0.1774927571389941,391.1231887556554,0,normal,0.375555778013612,False,0.2173258780258675,False,0.5250038383427568,False,0.1220368878097538,False,0,NORMAL,0,7.235963182665516,4.253410331918528,9.967616856429107,2.411192613482982,8.56741696782233,NORMAL,Vibration,0,Telemetry remains within the expected prototype operating envelope.
18.5,ramp,84.04010876590564,551.7779559055052,0.1925432476038688,382.8896862280938,0,normal,0.3599409933610986,False,0.1988380992264771,False,0.5977476776092874,False,0.2642558828230619,False,0,NORMAL,0,6.945812262388474,3.898726650558604,11.267994713147967,5.1478835843113195,9.709483069456736,NORMAL,Vibration,0,Telemetry remains within the expected prototype operating envelope.
18.6,ramp,84.49820958186143,551.2660599621832,0.1858711134723375,391.9322540060677,0,normal,0.3336846254184127,False,0.2039183410560087,False,0.1000131533892827,False,0.1080617361135408,False,0,NORMAL,0,6.455873989936601,3.9963206038224897,1.9803905276797873,2.138047389294795,5.471248438147987,NORMAL,Pressure,0,Telemetry remains within the expected prototype operating envelope.
18.7,ramp,85.90236563035816,551.963451727606,0.1724707895023924,380.46036187152777,0,normal,0.2532044416375649,False,0.1969971711102588,False,0.8996375946456356,False,0.3062181057525658,False,0,NORMAL,0,4.938001202299825,3.8633370287607383,16.46692451152353,5.940593674683647,13.434275869001223,NORMAL,Vibration,0,Telemetry remains within the expected prototype operating envelope.
18.8,ramp,87.7697857344721,554.2932608812838,0.174990029495004,384.001820050703,0,normal,0.1461719552297773,False,0.173875296300059,False,0.7117048141589865,False,0.2450457648881584,False,0,NORMAL,0,2.8811200172241147,3.4177355314718216,13.267451968741861,4.7827585554191305,10.75438706105719,NORMAL,Vibration,0,Telemetry remains within the expected prototype operating envelope.
18.9,ramp,85.95124380839417,557.8422233089766,0.1836436348250334,380.0946778908172,0,normal,0.2504029547548057,False,0.1386541002507269,False,0.0661545229298499,False,0.3125346409154603,False,0,NORMAL,0,4.884723289420101,2.734985051519423,1.3143760921105252,6.0593445589676715,5.250499000130537,NORMAL,Thrust,0,Telemetry remains within the expected prototype operating envelope.
19.0,ramp,84.573687669313,557.1079917436812,0.1777092354138216,394.7722396109529,0,normal,0.3293585461653036,False,0.1459408817914632,False,0.5088547758387463,False,0.0590060763591429,False,0,NORMAL,0,6.374903105785146,2.8766315948048238,9.676359038997685,1.1731854047911994,8.048477800481646,NORMAL,Vibration,0,Telemetry remains within the expected prototype operating envelope.
19.1,ramp,85.99900323038679,561.8673281258863,0.1906469551480651,391.3885079852757,0,normal,0.2476655901553736,False,0.0987074936681231,False,0.4562861595005652,False,0.1174539737864705,False,0,NORMAL,0,4.832635994262768,1.954791134221201,8.721711617754323,2.3217033848266233,7.22931123800849,NORMAL,Vibration,0,Telemetry remains within the expected prototype operating envelope.
19.2,ramp,85.2640796509806,562.8187738626773,0.1872261035248498,384.9744807207077,0,normal,0.2897882479602592,False,0.0892649995565122,False,0.2010940543146461,False,0.2282447956148779,False,0,NORMAL,0,5.631008775671031,1.7694579270535638,3.9420769015196977,4.462272018963054,5.043077071216813,NORMAL,Pressure,0,Telemetry remains within the expected prototype operating envelope.
19.3,ramp,87.95776547470591,566.7827355116146,0.2037008626658724,383.9181595872551,0,normal,0.1353977652405023,False,0.0499252000478369,False,1.430094587134286,False,0.2464908494064512,False,0,NORMAL,0,2.6716189249361477,0.9935355004003443,24.875159587427575,4.81027397131466,19.087030180434812,NORMAL,Vibration,0,Telemetry remains within the expected prototype operating envelope.
19.4,ramp,87.28976629823141,564.6370552385897,0.1665809675139161,394.449781385932,0,normal,0.1736846041895478,False,0.071219712766735,False,1.3390124164617494,False,0.0645759640882999,False,0,NORMAL,0,3.4140519660596946,1.4142977551989233,23.494112190895798,1.2832149605706444,17.861669650445712,NORMAL,Vibration,0,Telemetry remains within the expected prototype operating envelope.
19.5,ramp,87.31854289995366,564.3855712591312,0.1821543068990193,400.8863396633376,0,normal,0.1720352531806811,False,0.0737155313966133,False,0.1772568946820903,False,0.0466040405929295,False,0,NORMAL,0,3.382185884346822,1.4634958816777677,3.4830339335376825,0.927750403405414,3.0739128408091663,NORMAL,Vibration,0,Telemetry remains within the expected prototype operating envelope.
19.6,ramp,88.18097019766127,572.5894876018268,0.1978908372835015,394.72900074404726,0,normal,0.1226046307855164,False,0.0077031231441309,False,0.9966725122191278,False,0.0597529502656306,False,0,NORMAL,0,2.422273056368063,0.1539438475919752,18.072420226385198,1.187946536109863,13.6577742179652,NORMAL,Vibration,0,Telemetry remains within the expected prototype operating envelope.
19.7,ramp,90.15849359961692,569.6600488318655,0.1711492502923487,394.7377081384993,0,normal,0.0092614970286214,False,0.0213696944281861,False,0.9982230962231068,False,0.059602545637223,False,0,NORMAL,0,0.18505849579003586,0.42648186066361893,18.097823406141522,1.1849741333670893,13.504339779888689,NORMAL,Vibration,0,Telemetry remains within the expected prototype operating envelope.
19.8,ramp,87.73266378238682,571.2554227614539,0.2034825997234807,395.1162960259012,0,normal,0.1482996258183312,False,0.005536622342789,False,1.4138123902172923,False,0.0530631186205584,False,0,NORMAL,0,2.9224386222690746,0.11067116110500264,24.63012133887522,1.0556508518246743,18.522481043000365,NORMAL,Vibration,0,Telemetry remains within the expected prototype operating envelope.
19.9,ramp,89.57550874567676,574.5480919355224,0.1910946168474022,396.41290106761335,0,normal,0.0426756807561248,False,0.0271410260877838,False,0.4896812739479924,False,0.0306665910984976,False,0,NORMAL,0,0.8498815284634809,0.5413499132862376,9.32932998788477,0.6114547818062088,7.0556159106261624,NORMAL,Vibration,0,Telemetry remains within the expected prototype operating envelope.
20.0,ramp,88.83295507731884,577.4387143589754,0.1985794585555278,402.029062326218,0,normal,0.0852356624337785,False,0.0558286160962308,False,1.0480429694735791,False,0.0663425259033745,False,0,NORMAL,0,1.690265227978982,1.1103617896941254,18.909842430874914,1.3180866604980634,14.306396239610228,NORMAL,Vibration,0,Telemetry remains within the expected prototype operating envelope.
20.1,ramp,89.26043836936455,575.922268389703,0.1711897765608316,396.795414458995,0,normal,0.0607341592398047,False,0.0407788538431309,False,0.9951998771804292,False,0.0240593580382867,False,0,NORMAL,0,1.2073356882896902,0.812260270184495,18.048286787662825,0.48003131002559707,13.529328891895064,NORMAL,Vibration,0,Telemetry remains within the expected prototype operating envelope.
20.2,ramp,89.5631426150122,580.6142832981941,0.1856821804619561,396.8552094225737,0,normal,0.0433844541646125,False,0.0873441191355526,False,0.0859189400269882,False,0.0230265072437982,False,0,NORMAL,0,0.8639355258141967,1.7317128521386338,1.703698877859694,0.45947133081383207,1.5420099802199183,NORMAL,Temperature,0,Telemetry remains within the expected prototype operating envelope.
20.3,ramp,89.10113853848745,583.3510588715452,0.1798472244237192,404.09621685048575,0,normal,0.0698645402106182,False,0.1145048769558849,False,0.3493629368482809,False,0.1020489142835861,False,0,NORMAL,0,1.3875740062118558,2.2640738399935745,6.748737377638925,2.020291301852739,5.4734884914637965,NORMAL,Vibration,0,Telemetry remains within the expected prototype operating envelope.
20.4,ramp,89.6309359642457,586.3685011479429,0.1971333946088888,403.7232812498626,0,normal,0.039498831045108,False,0.1444510733864955,False,0.9401680472548192,False,0.0956071203875183,False,0,NORMAL,0,0.7868645059797674,2.8476882409000037,17.141314158469566,1.8939769323253364,13.125465538801752,NORMAL,Vibration,0,Telemetry remains within the expected prototype operating envelope.
20.5,ramp,89.59556402726196,585.4317451329587,0.1812993166874091,406.0697270800547,0,normal,0.0415261982969055,False,0.1351543654256848,False,0.2410383082147492,False,0.1361377653598122,False,0,NORMAL,0,0.8270846436994606,2.6668808676268196,4.706412170092856,2.6860224617695105,4.011727923089363,NORMAL,Vibration,0,Telemetry remains within the expected prototype operating envelope.
20.6,ramp,91.31569057071184,587.6383864430625,0.2020729933661082,407.941733032861,0,normal,0.0570640548956568,False,0.1570538776851729,False,1.3086571676463588,False,0.1684733120333968,False,0,NORMAL,0,1.1347931904010289,3.092258199136688,23.028228367849003,3.3133319683672613,17.643101965105327,NORMAL,Vibration,0,Telemetry remains within the expected prototype operating envelope.
20.7,ramp,93.10607023253972,587.4413738392786,0.1752797775012824,410.03954772004585,0,normal,0.1596809145927403,False,0.1550986528318709,False,0.6900899030667276,False,0.2047092997599886,False,0,NORMAL,0,3.1431608685145607,3.0543555037411907,12.891697100215039,4.011506391824204,10.400916103265589,NORMAL,Vibration,0,Telemetry remains within the expected prototype operating envelope.
20.8,ramp,89.73789106571132,586.6886450078863,0.1838755074933123,410.69857716301726,0,normal,0.0333686247681999,False,0.147628297683679,False,0.0488570540915049,False,0.2160928518691701,False,0,NORMAL,0,0.6651505108451139,2.909403567569502,0.9723825700978961,4.229795810410875,3.517331366922865,NORMAL,Thrust,0,Telemetry remains within the expected prototype operating envelope.
20.9,ramp,91.39831428309203,594.6623597024012,0.19692579682896,416.1983418190072,0,normal,0.0617996906279767,False,0.2267623472034785,False,0.9246814607766374,False,0.3110914262384974,False,0,NORMAL,0,1.2283867820989558,4.433941868757141,16.884276659861907,6.03222533873109,13.475427510737035,NORMAL,Vibration,0,Telemetry remains within the expected prototype operating envelope.
21.0,ramp,92.58598212752824,592.9241631183788,0.1885357704949679,410.7074769824367,0,normal,0.1298717019212797,False,0.2095118510639824,False,0.2987938986834483,False,0.2162465802939069,False,0,NORMAL,0,2.563990900648372,4.103660060496372,5.800826632545264,4.232740285671044,5.231893875598514,NORMAL,Vibration,0,Telemetry remains within the expected prototype operating envelope.
21.1,ramp,92.42450855684017,597.0793036803661,0.2007263208876896,413.4392603157294,0,normal,0.120616731536301,False,0.250748979753854,False,1.208196749418522,False,0.2634332397932465,False,0,NORMAL,0,2.3834704052768108,4.891305514362687,21.466064078475732,5.132276413947013,16.916839337064673,NORMAL,Vibration,0,Telemetry remains within the expected prototype operating envelope.
21.2,ramp,93.22088390979836,598.8840120088305,0.1833088206240402,407.237108076789,0,normal,0.1662615406251693,False,0.2686595626759812,False,0.0911313270150535,False,0.1563021791797419,False,0,NORMAL,0,3.270552745696853,5.231386477725952,1.80611715640292,3.0776880229908876,4.5716538457683225,NORMAL,Temperature,0,Telemetry remains within the expected prototype operating envelope.
21.3,ramp,91.55254139283514,599.0301266046039,0.2026169683912909,407.9223256705061,0,normal,0.0706393250471015,False,0.2701096571552143,False,1.3492371597462378,False,0.1681380846425342,False,0,NORMAL,0,1.4028535048186686,5.258867181226334,23.65040294566635,3.3068493471633875,18.314422050334667,NORMAL,Vibration,0,Telemetry remains within the expected prototype operating envelope.
21.4,ramp,93.82345899038684,600.2638921108673,0.1854094904264192,421.1921075061877,0,normal,0.2007985518636555,False,0.2823539955105401,False,0.0655765364688714,False,0.3973497755843964,False,0,NORMAL,0,3.9363996634150467,5.490591831200886,1.3029676418278568,7.639423082087193,6.572945947478136,NORMAL,Thrust,0,Telemetry remains within the expected prototype operating envelope.
21.5,ramp,94.18238527133768,604.474901872819,0.1827193903083769,411.8575017059166,0,normal,0.2213706621256347,False,0.3241455904944783,False,0.1351022382623353,False,0.2361111956099614,False,0,NORMAL,0,4.330833868246698,6.277239507073484,2.6658661224571834,4.612461439562187,5.645265761614976,NORMAL,Temperature,0,Telemetry remains within the expected prototype operating envelope.
21.6,ramp,96.17459930396991,604.5230929381861,0.1944949107055739,415.62737602085656,0,normal,0.3355557996313108,False,0.3246238561835921,False,0.7433397904497989,False,0.3012290157117337,False,0,NORMAL,0,6.490874911517541,6.28620395445445,13.814476054645597,5.846692664946529,11.8177560992565,NORMAL,Vibration,0,Telemetry remains within the expected prototype operating envelope.
21.7,ramp,94.32526256528344,608.9958737521478,0.2002502603408174,416.05941813681056,0,normal,0.2295597739321004,False,0.3690133624530767,False,1.1726831093857824,False,0.3086917686930702,False,0,NORMAL,0,4.487394723391446,7.114503560476482,20.906273224647364,5.987116419102412,16.957415289687336,NORMAL,Vibration,0,Telemetry remains within the expected prototype operating envelope.
21.8,ramp,95.5286230465207,609.641829932614,0.1903079959857916,420.76478814424223,0,normal,0.2985312196544384,False,0.3754240669153015,False,0.4310001454549375,False,0.389968599711531,False,0,NORMAL,0,5.795877673068873,7.23351953984559,8.258929596381549,7.502976460825739,7.88754327378366,NORMAL,Vibration,0,Telemetry remains within the expected prototype operating envelope.
21.9,ramp,95.02632142590816,609.5255224095192,0.1834417162923224,419.1245549648795,0,normal,0.2697414517482333,False,0.3742697886842988,False,0.0812174432532233,False,0.3616365121733816,False,0,NORMAL,0,5.251890084855548,7.212101401899296,1.611227460746334,6.9773619379534635,6.529966738711823,NORMAL,Temperature,0,Telemetry remains within the expected prototype operating envelope.
22.0,ramp,95.87417500070224,609.7991062557463,0.1884635419767925,426.8774197872381,0,normal,0.3183367710446373,False,0.3769849344431564,False,0.2934057235627996,False,0.4955533525239991,False,0,NORMAL,0,6.168292515177887,7.262474257567309,5.699259587807193,9.435752543262133,8.632744807204157,NORMAL,Thrust,0,Telemetry remains within the expected prototype operating envelope.
22.1,ramp,95.68242369375533,609.1703800526283,0.184253341203345,423.5163300738034,0,normal,0.3073464110772913,False,0.3707452265531607,False,0.0206710377150264,False,0.4374965535378908,False,0,NORMAL,0,5.961816825773614,7.146671000531835,0.4125673471592317,8.378049680617972,7.361903967133914,NORMAL,Thrust,0,Telemetry remains within the expected prototype operating envelope.
22.2,ramp,94.98318259295051,616.2207393448389,0.1851778056478886,421.9801433264975,0,normal,0.267268919433723,False,0.4407155606743408,False,0.0482930840175834,False,0.4109616815774756,False,0,NORMAL,0,5.205024945552639,8.437017039333107,0.9612122175908455,7.890521831842268,7.45226647856942,NORMAL,Temperature,0,Telemetry remains within the expected prototype operating envelope.
22.3,ramp,97.05066807700334,618.0869095238434,0.1944808943859955,423.407623156435,0,normal,0.3857682927041959,False,0.4592361133922981,False,0.7422941870462793,False,0.4356188364317906,False,0,NORMAL,0,7.425240634737918,8.775549082797474,13.796450994570597,8.343635198274423,12.322519788629174,NORMAL,Vibration,0,Telemetry remains within the expected prototype operating envelope.
22.4,ramp,96.1110295343232,616.7784017266009,0.1719115072912269,424.0487421796595,0,normal,0.3319122539231601,False,0.4462500053120508,False,0.9413594874900294,False,0.4466930181499202,False,0,NORMAL,0,6.4227091237398115,8.538311020409795,17.161056040678524,8.546414401892532,14.713179352779099,NORMAL,Vibration,0,Telemetry remains within the expected prototype operating envelope.
22.5,ramp,96.87114199534308,617.089810432244,0.205279108252621,428.7589062287535,0,normal,0.3754786300552751,False,0.4493405387556675,False,1.5478301273282824,False,0.5280526576432666,False,0,NORMAL,0,7.234531860413684,8.594826633991282,26.623467739796393,10.02249861575173,21.89684495523855,NORMAL,Vibration,0,Telemetry remains within the expected prototype operating envelope.
22.6,ramp,97.32228649478928,626.3114653504392,0.1987236216700028,425.5086553543424,0,normal,0.4013362918628925,False,0.5408596016904065,False,1.0587973934372974,False,0.4719104008877116,False,0,NORMAL,0,7.713033122100388,10.25267107447636,19.084070578125957,9.006497232317145,16.43456967639611,NORMAL,Vibration,0,Telemetry remains within the expected prototype operating envelope.
22.7,ramp,97.42792013950232,624.4565357737234,0.2157247273659286,421.4490362802825,0,normal,0.4073907579238745,False,0.5224506048046083,False,2.327062852128484,False,0.4017877595310148,False,0,NORMAL,0,7.824715152714368,9.921630375973656,37.21239913266472,7.721365662254365,29.672569089547693,NORMAL,Vibration,0,Telemetry remains within the expected prototype operating envelope.
22.8,ramp,98.70836856640229,627.1093996504311,0.1964883960709416,435.9396826763148,0,normal,0.4807805530460984,False,0.5487785923777131,False,0.8920518022754834,False,0.6520876969681222,False,0,NORMAL,0,9.167779373300123,10.394700224430132,16.34009541259087,12.227113198065831,14.832409736417924,NORMAL,Vibration,0,Telemetry remains within the expected prototype operating envelope.
22.9,ramp,96.2740294986444,625.7926919731694,0.1896159969002627,421.3286814953126,0,normal,0.3412547106243837,False,0.5357111057008697,False,0.3793777066959986,False,0.3997088463945747,False,0,NORMAL,0,6.597394231757281,10.160210726864028,7.306843595827139,7.682989831777909,9.382037831256424,NORMAL,Temperature,0,Telemetry remains within the expected prototype operating envelope.
23.0,ramp,98.5445031930782,627.9093113441443,0.1850783198484196,425.7265089185839,0,normal,0.4713884948239668,False,0.5567172074406911,False,0.0408715430099859,False,0.475673430638753,False,0,NORMAL,0,8.996998724421712,10.536855739280293,0.8140989789331532,9.074953720319057,9.423460607290686,NORMAL,Temperature,0,Telemetry remains within the expected prototype operating envelope.
23.1,ramp,98.72222877071856,631.766378445242,0.2050483671136835,423.8309322593563,0,normal,0.4815749603285426,False,0.5949961465140219,False,1.530617069445604,False,0.4429307422696672,False,0,NORMAL,0,9.18220978241684,11.219151500680391,26.37042552727863,8.477573781548365,21.97509564452448,NORMAL,Vibration,0,Telemetry remains within the expected prototype operating envelope.
23.2,ramp,99.21527630938608,636.6775045169978,0.1702945682485038,432.17413099490057,0,normal,0.5098343240702994,False,0.6437359508147257,False,1.0619815207490968,False,0.5870445426108224,False,0,NORMAL,0,9.694052578327739,12.080379309819488,19.13558349818184,11.07784914413299,16.987067420233625,NORMAL,Vibration,0,Telemetry remains within the expected prototype operating envelope.
23.3,ramp,99.3948412195308,631.8124634591603,0.1785684144617238,422.5020159026415,0,normal,0.5201262122009028,False,0.5954535109813058,False,0.4447608793137298,False,0.4199760947091598,False,0,NORMAL,0,9.879745141733531,11.227272170359937,8.511067367906078,8.056434804004997,10.594247365584357,NORMAL,Temperature,0,Telemetry remains within the expected prototype operating envelope.
23.4,ramp,99.93348504630086,636.6981156235494,0.1829885512886404,428.78783478223255,0,normal,0.5509989590136828,False,0.6439405029449429,False,0.1150230986933446,False,0.5285523465410601,False,0,NORMAL,0,10.434482714210613,12.083976065386604,2.2742030913580513,10.031490318137449,10.901697759046906,NORMAL,Temperature,0,Telemetry remains within the expected prototype operating envelope.
23.5,ramp,100.63950386834922,633.370507609084,0.1711192197713612,436.9306584023336,0,normal,0.5914649204800179,False,0.6109161087337575,False,1.0004633430138845,False,0.6692050259985314,False,0,NORMAL,0,11.156428305601207,11.501379507118392,18.13451140416521,12.527086906888696,16.45288044853757,NORMAL,Vibration,0,Telemetry remains within the expected prototype operating envelope.
23.6,ramp,97.68691752695634,639.4213646289611,0.1957548497012271,437.58718328451846,0,normal,0.4222353739217717,False,0.6709670181772022,False,0.8373299777249696,False,0.68054531631034,False,0,NORMAL,0,8.097970656305664,12.557906793872887,15.419462204923551,12.725255738509844,14.292702530141352,NORMAL,Vibration,0,Telemetry remains within the expected prototype operating envelope.
23.7,ramp,101.82941553127952,639.6488129086963,0.1888631746923254,438.4322419417798,0,normal,0.6596655377961121,False,0.6732242977666185,False,0.3232179239183794,False,0.6951421895803356,False,0,NORMAL,0,12.360038237183158,12.597374134770256,6.2598491994168555,12.979671866150099,12.304018388780596,NORMAL,Thrust,0,Telemetry remains within the expected prototype operating envelope.
23.8,ramp,102.04747022904095,643.5133366167931,0.1946499680033747,439.3594523704122,0,normal,0.6721634949632695,False,0.7115772389243131,False,0.7549069095793431,False,0.7111580874178033,False,0,NORMAL,0,12.578828777435536,13.265238955475633,14.013629247497395,13.257967649550295,13.756479665994707,NORMAL,Vibration,0,Telemetry remains within the expected prototype operating envelope.
23.9,ramp,100.35618796735804,642.9756830189193,0.1958261023647907,438.275976056211,0,normal,0.5752264719085661,False,0.7062413687472784,False,0.8426453550688736,False,0.692442976563024,False,0,NORMAL,0,10.867422905719582,13.172628463554704,15.509329923242888,12.9326819032054,14.673244979733603,NORMAL,Vibration,0,Telemetry remains within the expected prototype operating envelope.
24.0,ramp,102.29662053536342,645.012829209701,0.1878969809740944,438.6117964609189,0,normal,0.6864437186345298,False,0.7264587496941135,False,0.2511408401596207,False,0.6982436719903525,False,0,NORMAL,0,12.82815134548727,13.523004027943863,4.898759088605431,13.033633531708432,12.664763067616198,NORMAL,Temperature,0,Telemetry remains within the expected prototype operating envelope.
24.1,ramp,102.12020929471932,649.2802514151664,0.1869567652688641,438.63480402120894,0,normal,0.6763325852720775,False,0.7688102023190105,False,0.181001690154316,False,0.6986410863460536,False,0,NORMAL,0,12.651691747529503,14.252395866269884,3.5552941296980722,13.040545593509068,13.070300955063495,NORMAL,Temperature,0,Telemetry remains within the expected prototype operating envelope.
24.2,ramp,100.90471080325368,646.156856092469,0.2031505192133154,436.05051669232057,0,normal,0.6066654410232412,False,0.7378124892573338,False,1.3890395167301204,False,0.6540021558896884,False,0,NORMAL,0,11.42611187217013,13.719148704200379,24.2557690326738,12.260714282107731,21.161652461713775,NORMAL,Vibration,0,Telemetry remains within the expected prototype operating envelope.
24.3,ramp,102.61863436540456,651.317773271874,0.1826170709738063,450.8765537924368,0,normal,0.7049001660140294,False,0.7890313115113532,False,0.1427351581507891,False,0.9100953664462184,False,0,NORMAL,0,13.149334717925743,14.598477911519304,2.8143414928216703,16.64145589521172,14.947262208416983,NORMAL,Thrust,0,Telemetry remains within the expected prototype operating envelope.
24.4,ramp,103.70224355168568,651.7938489625747,0.2076213874196243,432.0007680846479,0,normal,0.7670079826999913,False,0.7937560601042511,False,1.7225618074468376,False,0.5840500091439071,False,0,NORMAL,0,14.2214830925531,14.679139939000873,29.143420679582132,11.02457712190239,24.986727764619253,NORMAL,Vibration,0,Telemetry remains within the expected prototype operating envelope.
24.5,ramp,104.19867063575258,658.9797138612,0.1796442748684509,444.9683479530892,0,normal,0.7954610474446588,False,0.8650712012293253,False,0.3645027704218831,False,0.8080417028940409,False,0,NORMAL,0,14.708229176296205,15.887436307653402,7.03067203717096,14.922564691371443,14.924862543567762,NORMAL,Temperature,0,Telemetry remains within the expected prototype operating envelope.
24.6,ramp,102.29068728576298,661.760183442711,0.19475110572245,456.0529004104253,0,normal,0.6861036502932856,False,0.8926655943047311,False,0.7624516821352102,False,0.9995074740379168,False,0,NORMAL,0,12.822222266665328,16.350364738775603,14.143280925700664,18.11885937193344,17.1527972307758,NORMAL,Thrust,0,Telemetry remains within the expected prototype operating envelope.
24.7,ramp,101.54073225448504,660.1320794585333,0.2047392724460865,444.7577891873322,0,normal,0.643119454334982,False,0.8765076972337557,False,1.5075589167942245,False,0.8044046777085911,False,0,NORMAL,0,12.06953821415231,16.079607047599197,26.03008898367657,14.860656422921824,22.960548272870387,NORMAL,Vibration,0,Telemetry remains within the expected prototype operating envelope.
24.8,ramp,104.22672341591328,661.2296159678018,0.1831918252182783,450.6608746220528,0,normal,0.7970689121156221,False,0.887400049393532,False,0.0998590671166248,False,0.9063698954507776,False,0,NORMAL,0,14.735652291800294,16.262226154899494,1.9773697858803452,16.57932278291856,15.112584772753198,NORMAL,Thrust,0,Telemetry remains within the expected prototype operating envelope.
24.9,ramp,106.19485606863694,662.4964894453781,0.1834150085977606,445.1962555379676,0,normal,0.9098738085271452,False,0.8999729633176788,False,0.0832098105203772,False,0.8119783978265817,False,0,NORMAL,0,16.63776206425881,16.472527198944498,1.650424964617847,14.989523110116298,15.16769110883775,NORMAL,Pressure,0,Telemetry remains within the expected prototype operating envelope.
25.0,ramp,104.67905258881234,666.8800029255488,0.22326323328082,449.47971091103904,0,normal,0.8229944743088897,False,0.94347654804578,False,2.8894278437353043,False,0.8859674099515331,False,0,NORMAL,0,15.176613317475807,17.196123628281235,43.891651434497945,16.238229509690495,36.623552497793895,NORMAL,Vibration,0,Telemetry remains within the expected prototype operating envelope.
25.1,ramp,103.786352835984,665.2437334612355,0.2150743718207329,451.8659472799234,0,normal,0.7718287650234741,False,0.9272376137751854,False,2.278546979773333,False,0.9271853651426444,False,0,NORMAL,0,14.304147147216462,16.926757101374378,36.60019472707946,16.92588900417026,31.2063630208377,NORMAL,Vibration,0,Telemetry remains within the expected prototype operating envelope.
25.2,ramp,105.66209403658628,671.1512192581678,0.2007230904039092,445.0991182695869,0,normal,0.8793381808831963,False,0.9858656549707818,False,1.207955758563761,False,0.8103005256644976,False,0,NORMAL,0,16.12710066336186,17.89515279314655,21.462278795185508,14.960990980525645,20.11446449968979,NORMAL,Vibration,0,Telemetry remains within the expected prototype operating envelope.
25.3,ramp,105.01010923548372,667.4617204471917,0.1919876947270263,460.5631691313528,0,normal,0.8419692170338942,False,0.9492497246551586,False,0.5563039893705446,False,1.077414280112614,False,0,NORMAL,0,15.497903679560544,17.291676733617166,10.529461876192581,19.384790920706465,18.08669950434092,NORMAL,Thrust,0,Telemetry remains within the expected prototype operating envelope.
25.4,ramp,105.59772093296608,667.0599696257741,0.1782714412022377,462.3097311833928,0,normal,0.8756485915277656,False,0.9452626031422012,False,0.4669147870593549,False,1.1075830082982197,False,0,NORMAL,0,16.065186511071296,17.225696803114232,8.915538120080512,19.86973809158451,18.34699371804185,NORMAL,Thrust,0,Telemetry remains within the expected prototype operating envelope.
25.5,ramp,106.31924298840258,671.4001196333924,0.1772758988354185,463.01513059131867,0,normal,0.917003131634352,False,0.988335832971014,False,0.5411812506107838,False,1.1197675184192013,False,0,NORMAL,0,16.756540628895056,17.93570549253971,10.258444315069838,20.06476995573999,18.730953255552393,NORMAL,Thrust,0,Telemetry remains within the expected prototype operating envelope.
25.6,ramp,106.67049455376156,670.3034580057731,0.2072912597020432,459.2203768851933,0,normal,0.9371353602165424,False,0.9774521634554514,False,1.6979346103307704,False,1.0542199514388568,False,0,NORMAL,0,17.09104202153292,17.75687880199954,28.793559988884056,19.00995906445091,25.947814982000537,NORMAL,Vibration,0,Telemetry remains within the expected prototype operating envelope.
25.7,ramp,106.35879090298224,675.6325552319156,0.2077016264875389,454.67118495934426,0,normal,0.9192698479561796,False,1.030340065762701,False,1.7285475615556454,False,0.9756408167812628,False,0,NORMAL,0,16.79426993769325,18.622227318797147,29.228195937233327,17.727079243781006,26.205857447483325,NORMAL,Vibration,0,Telemetry remains within the expected prototype operating envelope.
25.8,ramp,106.66854385639849,673.4357443744871,0.187580295398273,456.4425098951323,0,normal,0.937023554635924,False,1.008538114496879,False,0.2275164133568238,False,1.0062372793883363,False,0,NORMAL,0,17.089188063967665,18.266613728397076,4.448353407973505,18.2289940644618,16.951199484128104,NORMAL,Temperature,0,Telemetry remains within the expected prototype operating envelope.
25.9,ramp,106.82257904499,680.4553510107008,0.1812417592408287,456.2660688773274,0,normal,0.9458521889603168,False,1.0782032480564951,False,0.245332036087159,False,1.0031895771319357,False,0,NORMAL,0,17.23545673872482,19.397510480298163,4.788209990133541,18.179136134933483,17.823409229801683,NORMAL,Temperature,0,Telemetry remains within the expected prototype operating envelope.
26.0,ramp,108.08030507005056,682.8760006408959,0.2018512434619643,457.20738575204695,0,normal,1.0179396337647573,False,1.1022266568496024,False,1.2921148468747647,False,1.0194491385353042,False,0,NORMAL,0,18.4201529341522,19.78385092672409,22.773148291539258,18.444778250427195,21.75196529974926,NORMAL,Vibration,0,Telemetry remains within the expected prototype operating envelope.
26.1,ramp,108.51410453771324,683.3122025573691,0.199911446656255,463.3471422748048,0,normal,1.0428031529718305,False,1.1065556835807155,False,1.14740794783171,False,1.1255024250157577,False,0,NORMAL,0,18.824818378460904,19.853272440349667,20.5054396203579,20.156401611411333,20.27077980765837,NORMAL,Vibration,0,Telemetry remains within the expected prototype operating envelope.
26.2,ramp,108.2302879783485,684.9254828124173,0.2021678889799557,461.0686380569911,0,normal,1.0265360088163245,False,1.1225664645634006,False,1.3157362854035588,False,1.0861453495905296,False,0,NORMAL,0,18.56029062442377,20.109504314449346,23.137129704191896,19.525439482020456,22.155716168669713,NORMAL,Vibration,0,Telemetry remains within the expected prototype operating envelope.
26.3,ramp,111.33286717134732,687.5702039379657,0.197798506950248,458.1304265656575,0,normal,1.204362500333774,False,1.1488136405075289,False,0.9897847618251696,False,1.0353930137486198,False,0,NORMAL,0,21.405817246906487,20.52778546333055,17.95948311200698,18.704425308098628,20.791063434394196,NORMAL,Pressure,0,Telemetry remains within the expected prototype operating envelope.
26.4,ramp,107.90067051919704,691.4320679214184,0.2152085915880643,463.0301225273292,0,normal,1.0076437541283316,False,1.187140185588894,False,2.288559639998177,False,1.120026477236009,False,0,NORMAL,0,18.251992600486624,21.134635727175255,36.72702783271924,20.06890983505194,32.2885426158679,NORMAL,Vibration,0,Telemetry remains within the expected prototype operating envelope.
26.5,ramp,109.05309145629528,689.5669777667819,0.2003036664962645,463.8458624078808,0,normal,1.0736955643312338,False,1.1686303514262264,False,1.176667155097073,False,1.1341169212014992,False,0,NORMAL,0,19.32481160882543,20.842137689430718,20.96927072741105,20.29384565105181,20.755156719530095,NORMAL,Vibration,0,Telemetry remains within the expected prototype operating envelope.
26.6,ramp,110.564423437643,690.1074572461173,0.2157651006096169,458.7511650019808,0,normal,1.1603186114939443,False,1.1739942666803789,False,2.330074655674736,False,1.0461151573666618,False,0,NORMAL,0,20.7104403433252,20.927011368795302,37.25020852786501,18.87857108523171,32.76718078406876,NORMAL,Vibration,0,Telemetry remains within the expected prototype operating envelope.
26.7,ramp,109.35402708137508,695.4987901352099,0.18930248540752,462.1811758899978,0,normal,1.0909438996843848,False,1.2274998183797214,False,0.3559900633121003,False,1.105362446080734,False,0,NORMAL,0,19.60263467558041,21.76866877886979,6.872253086196478,19.834143341719678,20.10643344597242,NORMAL,Temperature,0,Telemetry remains within the expected prototype operating envelope.
26.8,ramp,109.59188928372528,699.7755334407353,0.1833947624892951,469.6036306646556,0,normal,1.104577137799305,False,1.2699437769973692,False,0.0847201499358825,False,1.2335720452215495,False,0,NORMAL,0,19.821551370663325,22.42994755600387,1.6801287260506559,21.86361878926223,20.336549975075773,NORMAL,Temperature,0,Telemetry remains within the expected prototype operating envelope.
26.9,ramp,112.4620149985044,698.8451553417252,0.1900547895050657,469.1327767180626,0,normal,1.26908039599974,False,1.260710365798214,False,0.4121111955733808,False,1.2254388874483728,False,0,NORMAL,0,22.416551897628423,22.286567970292037,7.911695624653847,21.736416258241853,21.07649151165489,NORMAL,Pressure,0,Telemetry remains within the expected prototype operating envelope.
27.0,ramp,109.56974685508224,699.2083000962773,0.2079755663177095,465.6861620488712,0,normal,1.1033080290499937,False,1.264314346639082,False,1.748983198541795,False,1.1659047981820283,False,0,NORMAL,0,19.80119775354491,22.342563331269517,29.51685901335258,20.79897613290258,27.276173028897766,NORMAL,Vibration,0,Telemetry remains within the expected prototype operating envelope.
27.1,ramp,110.71713697038388,706.0692675469252,0.1966564381562837,470.8072983001014,0,normal,1.169071494190968,False,1.3324050871275503,False,0.9045875735516362,False,1.254363245669975,False,0,NORMAL,0,20.84912136499254,23.39294544206313,16.54958098231819,22.18785403089076,22.46612094661419,NORMAL,Temperature,0,Telemetry remains within the expected prototype operating envelope.
27.2,ramp,110.02714963408248,702.2851118025111,0.2077810754878118,469.9303301469204,0,normal,1.129524388517461,False,1.2948497469201696,False,1.7344743774096174,False,1.2392151930658035,False,0,NORMAL,0,20.22060139474381,22.815378285054045,29.312036526709573,21.951756072971605,27.30405381681564,NORMAL,Vibration,0,Telemetry remains within the expected prototype operating envelope.
27.3,ramp,111.48831339392804,703.0714850204419,0.2108675029242614,465.86936177976014,0,normal,1.2132720090559197,False,1.3026540012173022,False,1.964718773181116,False,1.1690692450898317,False,0,NORMAL,0,21.545739657239515,22.935757996364757,32.49332841086384,20.84908576131832,29.68025575181781,NORMAL,Vibration,0,Telemetry remains within the expected prototype operating envelope.
27.4,ramp,111.38401073867766,710.0547680977176,0.1999041719751292,480.11948960808894,0,normal,1.207293829584793,False,1.3719586465450384,False,1.146865263905155,False,1.4152146554752585,False,0,NORMAL,0,21.451880828207614,23.996571076801064,20.49681106807538,24.65125608755304,23.95051187471522,NORMAL,Thrust,0,Telemetry remains within the expected prototype operating envelope.
27.5,ramp,112.66036566515216,709.4326287685041,0.1817115961038771,474.3057064855788,0,normal,1.2804490028735669,False,1.365784309191325,False,0.2102826766347959,False,1.3147919750739452,False,0,NORMAL,0,22.592754648015646,23.902658942172682,4.118442791170973,23.122611852822537,21.988669282903153,NORMAL,Temperature,0,Telemetry remains within the expected prototype operating envelope.
27.6,ramp,112.3835517041344,707.4812206284386,0.2083706561946938,484.0031935873645,0,normal,1.2645832175289369,False,1.346417823894891,False,1.778456507691201,False,1.48229867895285,False,0,NORMAL,0,22.346739183812183,23.607339774610892,29.931111156526324,25.65544390907627,28.340027728844355,NORMAL,Vibration,0,Telemetry remains within the expected prototype operating envelope.
27.7,ramp,111.98555679936626,705.4132175269662,0.2195408498662895,477.0213616126009,0,normal,1.2417718618296378,False,1.3258942077249285,False,2.6117417688945745,False,1.361700048724856,False,0,NORMAL,0,21.99165457284151,23.293124605301962,40.68739585670611,23.840473275047092,36.05541403397493,NORMAL,Vibration,0,Telemetry remains within the expected prototype operating envelope.
27.8,ramp,113.08244460172038,715.9360656347263,0.1906747662789431,471.72896168995607,0,normal,1.304640751662031,False,1.43032678590855,False,0.4583608420118414,False,1.2702833283573731,False,0,NORMAL,0,22.966373396860572,24.87864828559192,8.759578454757744,22.435215180499522,23.08710522593435,NORMAL,Temperature,0,Telemetry remains within the expected prototype operating envelope.
27.9,ramp,114.4698377956675,715.832318000707,0.2006076109258336,479.09309889051815,0,normal,1.3841601607367564,False,1.429297156592405,False,1.19934110514942,False,1.3974855959583317,False,0,NORMAL,0,24.18181634092512,24.86317726350609,21.326847109358017,24.383609382468673,24.452167104701523,NORMAL,Temperature,0,Telemetry remains within the expected prototype operating envelope.
28.0,ramp,112.66459339240716,714.6570517973464,0.2212251769515017,481.2355246308483,0,normal,1.280691318011419,False,1.4176333866308763,False,2.737390882635722,False,1.4344921596486249,False,0,NORMAL,0,22.596505946580912,24.68769694366655,42.15933879187295,24.941203926361734,37.4122354554596,NORMAL,Vibration,0,Telemetry remains within the expected prototype operating envelope.
28.1,ramp,113.92742663075308,721.8398457919028,0.1742731466695646,477.6509739583132,0,normal,1.3530714863092728,False,1.4889180509852138,False,0.7651835549947448,False,1.372575473218312,False,0,NORMAL,0,23.708930359089,25.75380164313672,14.190178040967915,24.00594668692054,24.410121031923858,NORMAL,Temperature,0,Telemetry remains within the expected prototype operating envelope.
28.2,ramp,112.9146101009005,721.0907469015926,0.2016602105093778,483.724744751338,0,normal,1.2950212001277044,False,1.4814837206947395,False,1.2778639799270148,False,1.4774889745178603,False,0,NORMAL,0,22.818024949868942,25.643325379507154,22.552724399903457,25.583894433180788,25.12048379839493,NORMAL,Temperature,0,Telemetry remains within the expected prototype operating envelope.
28.3,ramp,115.0860051559266,722.6647914247611,0.202072648473144,484.0816876718548,0,normal,1.4194762229696554,False,1.4971051119803431,False,1.308631438976631,False,1.483654523537015,False,0,NORMAL,0,24.715449478780236,25.875273796924205,23.027832290571816,25.675601108697364,25.507166677060923,NORMAL,Temperature,0,Telemetry remains within the expected prototype operating envelope.
28.4,ramp,114.05072299118316,724.5741107179953,0.2103302602113154,471.07689563065225,0,normal,1.3601383032471386,False,1.5160538922275013,False,1.9246410048318348,False,1.259020056216988,False,0,NORMAL,0,23.816681200234445,26.155656799297578,31.95005063433599,22.260291577268454,29.883517430792836,NORMAL,Vibration,0,Telemetry remains within the expected prototype operating envelope.
28.5,ramp,114.2418282793626,722.8722488772286,0.2001601146307161,483.119863116804,0,normal,1.3710916361980154,False,1.4991639953171276,False,1.1659583296911262,False,1.4670407287224096,False,0,NORMAL,0,23.983390782231783,25.905790346216172,20.79982407842933,25.428228293596224,25.24902165633194,NORMAL,Temperature,0,Telemetry remains within the expected prototype operating envelope.
28.6,ramp,115.8025506189426,724.4369706703873,0.203074274870293,478.7263456441444,0,normal,1.4605455262088494,False,1.514692864433765,False,1.383351765097644,False,1.3911505911481012,False,0,NORMAL,0,25.331293594371896,26.135553222567765,24.16955713211565,24.28774262399671,25.731472419811098,NORMAL,Temperature,0,Telemetry remains within the expected prototype operating envelope.
28.7,ramp,116.33488550809082,726.0885439369597,0.2010675396029928,483.5932007875211,0,normal,1.4910566718592722,False,1.5310836792132836,False,1.2336513238572744,False,1.4752167883769705,False,0,NORMAL,0,25.7855517464344,26.377296462396917,21.86485768858095,25.55006929931727,25.858298030271833,NORMAL,Temperature,0,Telemetry remains within the expected prototype operating envelope.
28.8,ramp,116.32698872584784,734.5394640332287,0.2095928680231444,482.47861914102106,0,normal,1.4906040622744094,False,1.6149536889900382,False,1.8696322860759649,False,1.4559643886728486,False,0,NORMAL,0,25.778833408237578,27.601944000895394,31.19724905725204,25.262848720886232,29.889288466100062,NORMAL,Vibration,0,Telemetry remains within the expected prototype operating envelope.
28.9,ramp,116.4159339183758,731.8270465838057,0.1907480339801109,491.90763040413935,0,normal,1.4957020180527123,False,1.5880346700654382,False,0.4638265391430054,False,1.618833653766399,False,0,NORMAL,0,25.854470087460324,27.211115946229913,8.859262462628891,27.658102590173208,25.816274903680664,NORMAL,Thrust,0,Telemetry remains within the expected prototype operating envelope.
29.0,ramp,115.31358458991068,737.5092178702139,0.200734396689285,493.162786075433,0,normal,1.4325200970400538,False,1.6444266079746197,False,1.2087991961298048,False,1.6405142177255512,False,0,NORMAL,0,24.91159395843828,28.02744510072972,21.475526010717296,27.971106117197607,27.17658554434407,NORMAL,Temperature,0,Telemetry remains within the expected prototype operating envelope.
29.1,ramp,116.27504633747486,738.2831957364132,0.2008936845407296,485.92304070432994,0,normal,1.4876269480378908,False,1.6521078462854375,False,1.2206819103243716,False,1.5154605959669067,False,0,NORMAL,0,25.734627270529142,28.137927883746304,21.661921211237146,26.146893964874764,27.186773028343993,NORMAL,Temperature,0,Telemetry remains within the expected prototype operating envelope.
29.2,ramp,115.3515072529582,737.2770216590458,0.2038943426632633,493.1392865340948,0,normal,1.434693660936169,False,1.6421222081839513,False,1.4445280011737838,False,1.640108305279274,False,0,NORMAL,0,24.94422875422072,27.994266747609252,25.091708468352923,27.965258394930782,27.47087634289346,NORMAL,Temperature,0,Telemetry remains within the expected prototype operating envelope.
29.3,ramp,118.94090069779725,741.2017140489376,0.2053397635834683,490.58544561690434,0,normal,1.6404222510110982,False,1.6810722852597366,False,1.5523549542645427,False,1.595995282000193,False,0,NORMAL,0,27.969781252870096,28.553013371623294,26.689840924481313,27.326912552407954,28.231669150426125,NORMAL,Temperature,0,Telemetry remains within the expected prototype operating envelope.
29.4,ramp,117.26278192646484,740.3484503872924,0.1864632490837317,502.8296618021664,0,normal,1.5442397025917036,False,1.6726041858304297,False,0.1441858769887971,False,1.8074921649809728,False,0,NORMAL,0,26.570758233807656,28.431906808991194,2.8425352156235206,30.336831230085416,27.43486805479995,NORMAL,Thrust,0,Telemetry remains within the expected prototype operating envelope.
29.5,ramp,117.40256934772228,742.8102763069935,0.1984376126647432,499.626793241316,0,normal,1.5522517161888345,False,1.6970362431214647,False,1.0374614080765154,False,1.7521683527444372,False,0,NORMAL,0,26.688327228903695,28.780764933293156,18.738048614108738,29.561744649613175,28.294911497016454,NORMAL,Thrust,0,Telemetry remains within the expected prototype operating envelope.
29.6,ramp,118.5254730976259,746.8653508413512,0.1995724783606641,494.1611094094691,0,normal,1.616611728209719,False,1.7372802800982432,False,1.1221212524497526,False,1.6577584635115534,False,0,NORMAL,0,27.625947784009085,29.3516941074902,20.102390354443024,28.219095023184828,28.292274805917252,NORMAL,Temperature,0,Telemetry remains within the expected prototype operating envelope.
29.7,ramp,119.9442805524593,746.8523309154252,0.2002734679081531,483.3301937911008,0,normal,1.6979316675689338,False,1.7371510656100853,False,1.1744143706671692,False,1.4706738140368092,False,0,NORMAL,0,28.79351808015288,29.34986832696155,20.93365486524973,25.482393734177457,28.226364975597395,NORMAL,Temperature,0,Telemetry remains within the expected prototype operating envelope.
29.8,ramp,119.70280337849002,747.2704562569278,0.2240444995028201,503.042939594078,0,normal,1.6840912348330324,False,1.7413006938257407,False,2.9477095214759657,False,1.8111761564685316,False,0,NORMAL,0,28.596139320765545,29.408478358579394,44.54187221451619,30.388140029795053,40.58399705775544,NORMAL,Vibration,0,Telemetry remains within the expected prototype operating envelope.
29.9,ramp,117.81640280186052,753.1265496646016,0.2081055902624787,496.12158217079167,0,normal,1.5759708693978849,False,1.799418698227656,False,1.7586828546055229,False,1.691622115697598,False,0,NORMAL,0,27.035281791102683,30.22425571167522,29.653458918475884,28.70360516281315,29.762218851194746,NORMAL,Temperature,0,Telemetry remains within the expected prototype operating envelope.
30.0,steady,121.06396867680168,751.0230457098378,0.1969214386097867,492.2266312029965,0,normal,0.2565508842916494,False,0.8816956036409497,False,0.265588448188251,False,1.0477433700344263,False,0,NORMAL,0,5.001603821185762,16.16663611878223,5.173159545004813,18.904983372153527,16.247297691898346,NORMAL,Thrust,0,Telemetry remains within the expected prototype operating envelope.
30.1,steady,120.15242245035728,751.4924844189868,0.2052549936987122,492.6759332137033,0,normal,0.2636541779166185,False,0.9854287030222068,False,0.5604535981924916,False,0.9709752035312668,False,0,NORMAL,0,5.136468300695107,17.887977305021874,10.603684619258026,17.650272688546675,16.114045503197367,NORMAL,Temperature,0,Telemetry remains within the expected prototype operating envelope.
30.2,steady,118.25932362820156,752.3608052918869,0.2064190839123597,501.219134377449,0,normal,1.3440158337234218,False,1.1773038374069429,False,0.6758410231260631,False,0.4887242275412107,False,0,NORMAL,0,23.570632074356578,20.979333580166216,12.643103901019337,9.311973119017757,21.140102082355767,NORMAL,Pressure,0,Telemetry remains within the expected prototype operating envelope.
30.3,steady,118.0704741773568,750.6965925388165,0.1982620103217503,501.5287688685818,0,normal,1.4517892383788202,False,0.8095583925995657,False,0.1327077522002752,False,0.5416286695511862,False,0,NORMAL,0,25.200414889623566,14.948367991674605,2.6192419138600043,10.266474370135526,21.020788355218514,NORMAL,Pressure,0,Telemetry remains within the expected prototype operating envelope.
30.4,steady,119.69942462458494,751.9190354138289,0.2118766040531217,501.0757902900424,0,normal,0.5221728962215593,False,1.079684791999902,False,1.2168035603786287,False,0.4642323211908184,False,0,NORMAL,0,9.916627129752165,19.42139016827702,21.601133141820405,8.866658817517447,19.27374485220288,NORMAL,Vibration,0,Telemetry remains within the expected prototype operating envelope.
30.5,steady,119.46986102749024,749.2679421134296,0.2021896949455019,500.6390126642927,0,normal,0.6531812223414679,False,0.4938657714555161,False,0.256613804988863,False,0.3896040829471007,False,0,NORMAL,0,12.246307474808404,9.405180482371357,5.002799286728143,7.496232871865615,10.948270368755646,NORMAL,Pressure,0,Telemetry remains within the expected prototype operating envelope.
30.6,steady,119.83920459290772,749.312437014135,0.1964858743791408,502.9638718999799,0,normal,0.4424026717311845,False,0.5036979260411324,False,0.3087626235040316,False,0.7868317308289512,False,0,NORMAL,0,8.467907211714987,9.58315389284392,5.9884486626816225,14.560900138944355,12.842120957105008,NORMAL,Thrust,0,Telemetry remains within the expected prototype operating envelope.
30.7,steady,120.18067431646308,755.3113174066866,0.197263549678355,496.8091608915197,0,normal,0.2475312832803295,False,1.8292862165016468,False,0.2316775753189753,False,0.2647680132564222,False,0,NORMAL,0,4.830079633676087,30.639818955218335,4.527841502546027,5.157598417873654,23.8669744404569,NORMAL,Temperature,0,Telemetry remains within the expected prototype operating envelope.
30.8,steady,118.83787671713829,752.8366490438738,0.2057105981012378,498.42594480562985,0,normal,1.013844705929856,False,1.2824522758565202,False,0.6056142035987545,False,0.0114772154769011,False,0,NORMAL,0,18.35331285005274,22.62376200464058,11.407487477166189,0.22928105805261056,19.30915659963369,NORMAL,Temperature,0,Telemetry remains within the expected prototype operating envelope.
30.9,steady,118.83350760347,752.1926041433268,0.2160493508871903,503.983976819864,0,normal,1.016338090227516,False,1.1401359896782004,False,1.630416273927897,False,0.9611278222645622,False,0,NORMAL,0,18.394018013386816,20.38973928064719,27.82549038029177,17.48792704066452,25.4450715347513,NORMAL,Vibration,0,Telemetry remains within the expected prototype operating envelope.
31.0,steady,121.03432634327945,749.0019053023635,0.2053398546505578,503.7427312834118,0,normal,0.2396344718195366,False,0.435078921492889,False,0.5688652200720311,False,0.9199083817341872,False,0,NORMAL,0,4.679653092366709,8.333737335763292,10.753951785240579,16.80489519305407,14.473252648547302,NORMAL,Thrust,0,Telemetry remains within the expected prototype operating envelope.
31.1,steady,118.394061254985,751.2521409002126,0.1866167482243298,502.6490531661904,0,normal,1.2671231940642382,False,0.9323193670583186,False,1.2870141713630527,False,0.7330415042153503,False,0,NORMAL,0,22.386176658010726,17.01114575484658,22.694326271549038,13.636780482506284,21.377549628611728,NORMAL,Vibration,0,Telemetry remains within the expected prototype operating envelope.
31.2,steady,120.69441464156807,752.0161788753667,0.2000224334244686,500.57255180393497,0,normal,0.0456522218750594,False,1.1011508367753953,False,0.0417896245792727,False,0.3782485174871133,False,0,NORMAL,0,0.908888843866329,19.766589441075688,0.8323094565437117,7.285907609457309,15.367731479906714,NORMAL,Temperature,0,Telemetry remains within the expected prototype operating envelope.
31.3,steady,121.91662524964784,752.1723276472518,0.2048336573650905,496.5144311821047,0,normal,0.7431485495026288,False,1.1356554393071776,False,0.5186897262884169,False,0.31512581016502,False,0,NORMAL,0,13.811179551357034,20.318367750408918,9.853850126822516,6.108015174030745,17.589937640494977,NORMAL,Temperature,0,Telemetry remains within the expected prototype operating envelope.
31.4,steady,119.10600000560206,751.1401172878567,0.1915878362396591,502.29134040542016,0,normal,0.8608309717840452,False,0.9075652164374116,False,0.7942679576398937,False,0.6719223635822656,False,0,NORMAL,0,15.81607473913057,16.599263296531507,14.687874599468953,12.574612678223795,16.011330857664028,NORMAL,Temperature,0,Telemetry remains within the expected prototype operating envelope.
31.5,steady,117.73240210755806,754.2601505929703,0.2129698570663127,504.1448534796177,0,normal,1.6447216393899269,False,1.597007136339759,False,1.3251694314374638,False,0.9886153605086474,False,0,NORMAL,0,28.031691808384316,27.34161798016339,23.282004734505247,17.940293210333426,26.67271535212111,NORMAL,Pressure,0,Telemetry remains within the expected prototype operating envelope.
31.6,steady,118.27345747959204,747.5215148836018,0.18810693070913,506.5620184026081,0,normal,1.3359498675348416,False,0.1079531786864334,False,1.1393036953309303,False,1.4016144454266488,False,0,NORMAL,0,23.447237231753338,2.135922637871701,20.37648634364705,24.446025347149103,22.05041273718377,NORMAL,Thrust,0,Telemetry remains within the expected prototype operating envelope.
31.7,steady,119.16917112854168,753.6292670282621,0.1930870654254131,502.6249255520212,0,normal,0.8247802077248771,False,1.4575991449653252,False,0.6456607508261164,False,0.7289190372382855,False,0,NORMAL,0,15.206902299560355,25.287280132395285,12.114218333447479,13.565545215939522,22.226952359424416,NORMAL,Temperature,0,Telemetry remains within the expected prototype operating envelope.
31.8,steady,118.78580386832596,747.4788039814968,0.2093697014916014,497.5594917790059,0,normal,1.0435618598930092,False,0.0985152389375945,False,0.968313342230642,False,0.13656576815097,False,0,NORMAL,0,18.837135078385568,1.9510211306995373,17.60642030623698,2.6943522360487693,15.83941906669557,NORMAL,Pressure,0,Telemetry remains within the expected prototype operating envelope.
31.9,steady,119.83035630935365,751.1296857953862,0.1996892328773171,498.7896436593963,0,normal,0.447452247674949,False,0.905260142262555,False,0.0087619840480461,False,0.0736191456210127,False,0,NORMAL,0,8.560300200086212,16.560805455527195,0.1750862258831587,1.4615963598942572,13.105830017214375,NORMAL,Temperature,0,Telemetry remains within the expected prototype operating envelope.
32.0,steady,120.33436457452368,752.2468956871437,0.2186721623836421,508.7227715334282,0,normal,0.1598226757124259,False,1.152132934115383,False,1.890395664797842,False,1.770802769017912,False,0,NORMAL,0,3.145906936378706,20.58052627791146,31.482372150622517,29.823771229443896,27.903892349910837,NORMAL,Vibration,0,Telemetry remains within the expected prototype operating envelope.
32.1,steady,116.1472349782006,753.9524707048184,0.1954313778060658,502.8596948762325,0,normal,2.549351532219827,False,1.5290183067157073,False,0.4132868628988037,False,0.7690319460199222,False,0,NORMAL,0,39.942653573022305,26.346878518974293,7.933346121277496,14.25619858016347,33.70464404189028,NORMAL,Pressure,0,Telemetry remains within the expected prototype operating envelope.
32.2,steady,118.34900188394911,752.1245524795839,0.2216027960893118,502.8443873463469,0,normal,1.2928378668178315,False,1.1250984355512896,False,2.180887134235757,False,0.7664164869856713,False,0,NORMAL,0,22.78431479494443,20.149950156272002,35.349699123173174,14.211334967281386,31.070643096208777,NORMAL,Vibration,0,Telemetry remains within the expected prototype operating envelope.
32.3,steady,119.88334561797431,751.8244474909416,0.2091536539640396,506.7691151761079,0,normal,0.4172120845458567,False,1.0587834512840495,False,0.9468981910882672,False,1.4369991960207789,False,0,NORMAL,0,8.005594163164487,19.083844949353733,17.252769305437543,24.97882951906185,22.301830006879243,NORMAL,Thrust,0,Telemetry remains within the expected prototype operating envelope.
32.4,steady,118.46541598324907,751.087273395961,0.201521420786505,497.8315422553204,0,normal,1.226402175449251,False,0.8958881634316103,False,0.1903728612438879,False,0.0900829664601354,False,0,NORMAL,0,21.751492880107158,16.40426071497252,3.735884810096346,1.7855264791314718,17.960222299446556,NORMAL,Pressure,0,Telemetry remains within the expected prototype operating envelope.
32.5,steady,120.20613816073238,749.9983822262493,0.1966814935443959,508.7660814392568,0,normal,0.232999468756956,False,0.655273033657083,False,0.289372380821968,False,1.7782027404906782,False,0,NORMAL,0,4.553078970240265,12.283012629649459,5.6231594567834,29.92755482912606,24.03675615393937,NORMAL,Thrust,0,Telemetry remains within the expected prototype operating envelope.
32.6,steady,120.84012320365692,751.4265497576391,0.2101897906602407,497.0017703258733,0,normal,0.1288058013719152,False,0.9708589484515892,False,1.0496025552794337,False,0.2318585831310697,False,0,NORMAL,0,2.5432172673389597,17.648357951464966,18.93513189830829,4.531297681291225,16.12791115376069,NORMAL,Vibration,0,Telemetry remains within the expected prototype operating envelope.
32.7,steady,118.61410120874412,755.4158402025217,0.1892221113182451,495.8839669632806,0,normal,1.1415498610693204,False,1.8523828920775205,False,1.0287643081656956,False,0.4228475228919154,False,0,NORMAL,0,20.412247832091644,30.959478000573114,18.59657694842689,8.10922151409489,26.955444076201346,NORMAL,Temperature,0,Telemetry remains within the expected prototype operating envelope.
32.8,steady,119.4702484660075,750.649335433796,0.2044082663460699,505.0117941042727,0,normal,0.6529601172870793,False,0.7991158665018488,False,0.4765239442045232,False,1.1367416555972771,False,0,NORMAL,0,12.242426832014353,14.770551593690973,9.090419002004413,20.335676167666616,18.15660844857873,NORMAL,Thrust,0,Telemetry remains within the expected prototype operating envelope.
32.9,steady,119.02704976777476,749.4353803381111,0.2143739284965017,495.00999191427377,0,normal,0.9058866279744152,False,0.5308650338993717,False,1.4643443723938574,False,0.5721757263785217,False,0,NORMAL,0,16.571259493221234,10.073094502646029,25.38800303469354,10.813022148890372,22.00117265075278,NORMAL,Vibration,0,Telemetry remains within the expected prototype operating envelope.
33.0,steady,121.145972365867,757.5829789485636,0.1908735164380615,503.6901934615549,0,normal,0.3033490969702608,False,2.331261208958644,False,0.8650730563505399,False,0.9109317198009824,False,0,NORMAL,0,5.88660673470327,37.26509795531241,15.887467515447884,16.65539816871455,30.845588578693658,NORMAL,Temperature,0,Telemetry remains within the expected prototype operating envelope.
33.1,steady,120.55684466181522,752.6438835854393,0.2141745227545448,505.28297827843176,0,normal,0.0328567969757674,False,1.2398563883267022,False,1.4445787951115951,False,1.183076440082469,False,0,NORMAL,0,0.6549815230318057,21.96176426406291,25.09246944190795,21.070511918485867,22.328331262645413,NORMAL,Vibration,0,Telemetry remains within the expected prototype operating envelope.
33.2,steady,119.60228028377811,750.7486541178682,0.213233199898169,500.827065839345,0,normal,0.5776116401783101,False,0.8210625758900906,False,1.3512726070215986,False,0.4217350262988836,False,0,NORMAL,0,10.909932004715216,15.14383295172811,23.6814777359873,8.08877360375686,20.45256195430815,NORMAL,Vibration,0,Telemetry remains within the expected prototype operating envelope.
33.3,steady,119.35566970345508,748.374349537834,0.2194943169933514,501.4339912882138,0,normal,0.7183484109053041,False,0.2964062828278004,False,1.9718896093387663,False,0.5254348825280439,False,0,NORMAL,0,13.382618654476207,5.755833602808902,32.5900748752795,9.975378108928346,26.582640377562306,NORMAL,Vibration,0,Telemetry remains within the expected prototype operating envelope.
33.4,steady,118.15967120250158,754.4485474534999,0.2138577236977511,500.9919918711901,0,normal,1.40088590219232,False,1.6386376833644578,False,1.4131769097969944,False,0.4499144440884375,False,0,NORMAL,0,24.435015677654558,27.94406810486654,24.62054151367511,8.605317615184271,25.65407677290904,NORMAL,Temperature,0,Telemetry remains within the expected prototype operating envelope.
33.5,steady,118.71234129466396,751.5441381576236,0.2092859558310307,503.1929011883556,0,normal,1.085485792649425,False,0.9968427647495334,False,0.9600122707077284,False,0.8259638916587455,False,0,NORMAL,0,19.514823270841873,18.075209854444097,17.469515692570614,15.226973569152868,18.834705834910544,NORMAL,Pressure,0,Telemetry remains within the expected prototype operating envelope.
33.6,steady,118.80900718461376,752.7615473825182,0.2198840007786135,502.322263383238,0,normal,1.0303200930546796,False,1.2658568653177988,False,2.010516004434789,False,0.6772058928194485,False,0,NORMAL,0,18.621902251249256,22.36651724546408,33.108829015362474,12.666946802624645,29.112605950021898,NORMAL,Vibration,0,Telemetry remains within the expected prototype operating envelope.
33.7,steady,119.98071468147631,755.0455590627038,0.1919840268842415,497.7689184348273,0,normal,0.3616450948893991,False,1.770560900138741,False,0.7549965869804923,False,0.10078293165975,False,0,NORMAL,0,6.97752161519356,29.820376458176167,14.015171440520035,1.9954800391824734,24.003992783708327,NORMAL,Temperature,0,Telemetry remains within the expected prototype operating envelope.
33.8,steady,119.27290030823912,749.1497568673146,0.212285286544331,501.96154802478446,0,normal,0.7655836000138254,False,0.4677500685070553,False,1.257313152954206,False,0.6155737255063134,False,0,NORMAL,0,14.19704332469458,8.930753081404053,22.233748214440084,11.583779654160375,19.434652213422225,NORMAL,Vibration,0,Telemetry remains within the expected prototype operating envelope.
33.9,steady,119.64537305796954,754.6149851251288,0.2029384559964709,502.2797764836062,0,normal,0.5530192732432662,False,1.675415850983309,False,0.3308328032666282,False,0.669946540963876,False,0,NORMAL,0,10.470665501468822,28.472140598273278,6.402504529217435,12.540058439830503,23.57186118239676,NORMAL,Temperature,0,Telemetry remains within the expected prototype operating envelope.
34.0,steady,119.41945596812538,750.8906486119047,0.2001758430188467,489.8032101995488,0,normal,0.6819465951572691,False,0.8524394706250303,False,0.0569959529616126,False,1.4618113747764214,False,0,NORMAL,0,12.749711562007915,15.67467021141642,1.1334465988718234,25.350195056641244,21.282078836848832,NORMAL,Thrust,0,Telemetry remains within the expected prototype operating envelope.
34.1,steady,120.91173674849648,753.2936812515456,0.2127464558672558,511.3787949147844,0,normal,0.1696745225266647,False,1.3834438781570748,False,1.303025366669943,False,2.224613436046732,False,0,NORMAL,0,3.336557386433714,24.17095411406569,22.941481583230694,35.91261781393441,30.899842532603014,NORMAL,Thrust,0,Telemetry remains within the expected prototype operating envelope.
34.2,steady,119.95964107864538,751.9786680287258,0.1963113128971018,507.7219505890866,0,normal,0.3736714678297837,False,1.0928619668832475,False,0.3260655779219343,False,1.5998015558824403,False,0,NORMAL,0,7.20099735057842,19.63347027058868,6.313221902419253,27.382214235340975,23.094805831877775,NORMAL,Thrust,0,Telemetry remains within the expected prototype operating envelope.
34.3,steady,118.6271294967242,752.5931105523998,0.2082124103912603,500.08696990761473,0,normal,1.1341148224914313,False,1.2286369384187026,False,0.8535998617792583,False,0.2952815354142039,False,0,NORMAL,0,20.293812195023076,21.78645843877679,15.694238014050887,5.734631041665372,19.718247708037577,NORMAL,Temperature,0,Telemetry remains within the expected prototype operating envelope.
34.4,steady,119.2139879827512,752.2324189006405,0.1974746062235675,510.3706346061558,0,normal,0.799203935501157,False,1.148933960737618,False,0.210757142364609,False,2.052358212187554,False,0,NORMAL,0,14.772052794916545,20.529697863348172,4.127540862095202,33.66626816835455,28.278935782192974,NORMAL,Thrust,0,Telemetry remains within the expected prototype operating envelope.
34.5,steady,118.3525292887288,750.5939902123059,0.2002983308743267,504.27858908567583,0,normal,1.2908248325145584,False,0.7868860881533395,False,0.0691372441294054,False,1.0114655526480498,False,0,NORMAL,0,22.7532209714574,14.561828982068725,1.3732288767246748,18.31445360884053,19.7773327198678,NORMAL,Pressure,0,Telemetry remains within the expected prototype operating envelope.
34.6,steady,119.00507953480988,755.2092961194015,0.2086863266183328,504.0524047738253,0,normal,0.918424693598145,False,1.8067423058127905,False,0.9005755793267737,False,0.972819487198152,False,0,NORMAL,0,16.78020441189757,30.32638293347255,16.48259359077725,17.680642338587994,26.823258443296503,NORMAL,Temperature,0,Telemetry remains within the expected prototype operating envelope.
34.7,steady,118.6836251170436,747.2731426868856,0.2007363344895899,499.8463864816564,0,normal,1.1018736625478591,False,0.0530697247586614,False,0.1125532171221327,False,0.2541752237090403,False,0,NORMAL,0,19.77818755810663,1.0557815797453185,2.2259169372683796,4.956456307475621,15.307251871246455,NORMAL,Pressure,0,Telemetry remains within the expected prototype operating envelope.
34.8,steady,120.71859207232094,746.1951896646158,0.2026710130222703,505.2661668875639,0,normal,0.0594499004830798,False,0.1851283739668339,False,0.3043232117007926,False,1.1802040299384229,False,0,NORMAL,0,1.1819573603467304,3.634860651897165,5.904940397280212,21.025155319011702,16.444205908604488,NORMAL,Thrust,0,Telemetry remains within the expected prototype operating envelope.
34.9,steady,119.38762239220466,752.7911146871901,0.2277203149358192,498.2885019138823,0,normal,0.7001135151243905,False,1.2723904299646642,False,2.787270332380944,False,0.0120064070017782,False,0,NORMAL,0,13.066150143879662,22.46789567045705,42.73348230493641,0.23984006304814676,34.64615821416178,NORMAL,Vibration,0,Telemetry remains within the expected prototype operating envelope.
35.0,steady,120.1704588709329,755.6380600846271,0.2104882030023679,502.7088898008499,0,normal,0.2533610770125027,False,1.901487400644177,False,1.079181905163805,False,0.7432652482072818,False,0,NORMAL,0,4.940979170018878,31.634199571180066,19.41328537627346,13.813191152622196,26.66987455740032,NORMAL,Temperature,0,Telemetry remains within the expected prototype operating envelope.
35.1,steady,119.43790068193596,752.3650406208321,0.2101999121965097,496.1716100270477,0,normal,0.6714204877401241,False,1.1782397291215088,False,1.0506058263255749,False,0.3737005569613325,False,0,NORMAL,0,12.565836899818716,20.994123153375487,18.951396273501185,7.201537237487066,18.87105823656003,NORMAL,Temperature,0,Telemetry remains within the expected prototype operating envelope.
35.2,steady,118.34842073714684,752.7983646110981,0.2008387378314098,500.7128745100639,0,normal,1.2931695181369416,False,1.273992464612855,False,0.1227036829354002,False,0.4022241877747529,False,0,NORMAL,0,22.789436361855962,22.49273351463248,2.424206093947756,7.729419911202795,19.663765774849786,NORMAL,Pressure,0,Telemetry remains within the expected prototype operating envelope.
35.3,steady,118.18966184852756,752.3162815317809,0.2009929088244433,500.95443722781073,0,normal,1.383770713264968,False,1.167465305684075,False,0.1379854829857989,False,0.4434978222011218,False,0,NORMAL,0,24.175910670944955,20.823691034305934,2.7219775681823988,8.487953299172924,20.632676036217266,NORMAL,Pressure,0,Telemetry remains within the expected prototype operating envelope.
35.4,steady,119.8078847978197,751.9129729979712,0.2064828508277995,493.8412904301706,0,normal,0.4602763850761098,False,1.0783451641115462,False,0.6821617533257445,False,0.7718611673205429,False,0,NORMAL,0,8.794526751167997,19.39979820529951,12.753466003679314,14.304702493913346,17.444462010674947,NORMAL,Temperature,0,Telemetry remains within the expected prototype operating envelope.
35.5,steady,117.58569561805008,753.2620750279666,0.1797156378091221,503.6871285285101,0,normal,1.7284447203339834,False,1.376459768266489,False,1.971068852570261,False,0.9104080424421052,False,0,NORMAL,0,29.226740270505314,24.06496042627002,32.579008536565,16.64666857538076,30.146626107030347,NORMAL,Vibration,0,Telemetry remains within the expected prototype operating envelope.
35.6,steady,119.7288462170753,751.1458812658472,0.2020041007932884,491.69290549016586,0,normal,0.5053824571766664,False,0.9088388977296918,False,0.2382172657382287,False,1.1389362501311466,False,0,NORMAL,0,9.61361076049051,16.62050578242127,4.652631547975938,20.370634673056266,17.72593352933167,NORMAL,Thrust,0,Telemetry remains within the expected prototype operating envelope.
35.7,steady,116.90165825302884,754.1718708575263,0.2152591750921804,506.29836318666,0,normal,2.1188140616801165,False,1.5774997323023714,False,1.5520921465002273,False,1.356566065862338,False,0,NORMAL,0,34.54208784096,27.05758899066506,26.685987527410283,23.762232772376578,32.25654809562255,NORMAL,Pressure,0,Telemetry remains within the expected prototype operating envelope.
35.8,steady,119.64731035425864,751.240719621563,0.2023033997345071,501.0786346390199,0,normal,0.5519136887897843,False,0.9297955772426844,False,0.2678844974593493,False,0.46471830934733,False,0,NORMAL,0,10.45086686457255,16.96924589606148,5.216694967873636,8.87551633194137,14.662338187729253,NORMAL,Temperature,0,Telemetry remains within the expected prototype operating envelope.
35.9,steady,119.55832194535463,752.3774425972116,0.2084054346096498,505.9680667473531,0,normal,0.6026979709762063,False,1.1809802262795448,False,0.8727328870797578,False,1.300131303845072,False,0,NORMAL,0,11.35580113066389,21.03741436454086,16.016226415335343,22.89686623381596,21.12226501461153,NORMAL,Thrust,0,Telemetry remains within the expected prototype operating envelope.
36.0,steady,117.96849688275202,751.7681782504345,0.2011833134475291,503.78182117688806,0,normal,1.5099860728834562,False,1.0463494900365704,False,0.1568588476921977,False,0.9265873179051086,False,0,NORMAL,0,26.06598757381211,18.88237287634751,3.088478142174178,16.915951961381648,22.626261096427974,NORMAL,Pressure,0,Telemetry remains within the expected prototype operating envelope.
36.1,steady,118.27976622670968,753.629548912568,0.2168962365874178,507.68823874719305,0,normal,1.332349565003185,False,1.4576614336776657,False,1.714361623709789,False,1.5940415186915542,False,0,NORMAL,0,23.39209476005788,25.28821087842098,29.027117941387147,27.298509801187908,28.055645832743863,NORMAL,Vibration,0,Telemetry remains within the expected prototype operating envelope.
36.2,steady,118.76628226661708,754.5485037122783,0.2204825972444408,502.3981879930652,0,normal,1.0547025302581114,False,1.6607252793030762,False,2.069850327459228,False,0.6901784434646904,False,0,NORMAL,0,19.017775502905288,28.26167453386208,33.89792616995657,12.893239607318508,30.264830894200486,NORMAL,Vibration,0,Telemetry remains within the expected prototype operating envelope.
36.3,steady,119.53994798554072,749.8283801117414,0.2092307040428805,497.1772894367148,0,normal,0.6131837002027892,False,0.6177072217724067,False,0.954535580428156,False,0.2018692218451719,False,0,NORMAL,0,11.541506150717296,11.621498741428882,17.379067385642365,3.956967943791767,15.190059820055815,NORMAL,Vibration,0,Telemetry remains within the expected prototype operating envelope.
36.4,steady,117.4930754790708,748.1731592083447,0.211145277573043,499.5084448860112,0,normal,1.7813015736253357,False,0.2519487295056906,False,1.1443127187473736,False,0.1964342030489662,False,0,NORMAL,0,29.970969937103252,4.914124103114914,20.45621361028539,3.852512045205758,24.66058968249168,NORMAL,Pressure,0,Telemetry remains within the expected prototype operating envelope.
36.5,steady,117.49646184945624,751.3901598993806,0.2044509856160561,494.59320877826224,0,normal,1.7793690254276535,False,0.9628177862942442,False,0.4807583811072304,False,0.6433876871946117,False,0,NORMAL,0,29.943897810454622,17.515810815204624,9.16737658711847,12.074255255467314,25.474900867766948,NORMAL,Pressure,0,Telemetry remains within the expected prototype operating envelope.
36.6,steady,120.23459987958776,751.619108412404,0.2217248057860967,506.2364799260888,0,normal,0.2167568144645119,False,1.0134091380336427,False,2.192981029162358,False,1.3459926334314063,False,0,NORMAL,0,4.2425125327154145,18.346200005093603,35.50588494668783,23.600843212265566,30.2271762763138,NORMAL,Vibration,0,Telemetry remains within the expected prototype operating envelope.
36.7,steady,118.73972683544145,746.3062559265338,0.18866177463805,495.5825571632291,0,normal,1.0698572962216262,False,0.1605857715761317,False,1.0843062291143724,False,0.4743466864047554,False,0,NORMAL,0,19.262857231549123,3.1606876000036532,19.49583355505592,9.050823662843676,17.13218449011343,NORMAL,Vibration,0,Telemetry remains within the expected prototype operating envelope.
36.8,steady,119.32184712293278,751.1304399344597,0.20668999938002,499.4274126526813,0,normal,0.7376504244447339,False,0.9054267863460784,False,0.7026948166048763,False,0.182588959021221,False,0,NORMAL,0,13.716352040877311,16.563586338806125,13.111019055931783,3.5859060063142656,14.87680667139281,NORMAL,Temperature,0,Telemetry remains within the expected prototype operating envelope.
36.9,steady,120.15800318073896,748.3431203905444,0.2106084486960212,493.0958943164914,0,normal,0.2604693430600323,False,0.2895054964711536,False,1.091100947852541,False,0.8992202523059771,False,0,NORMAL,0,5.076024115789101,5.625672030216366,19.605159887711963,16.45995184269594,16.835449616198947,NORMAL,Vibration,0,Telemetry remains within the expected prototype operating envelope.
37.0,steady,120.01420679373568,752.3350143301718,0.2070991582058019,496.7760742185344,0,normal,0.3425316743782639,False,1.1716047411403017,False,0.7432516246102346,False,0.2704212334963558,False,0,NORMAL,0,6.621245534319553,20.889212952313652,13.812956317431368,5.264770816384967,17.65445466079321,NORMAL,Temperature,0,Telemetry remains within the expected prototype operating envelope.
37.1,steady,118.66763034483068,752.3560396676305,0.2124222456983533,500.0557698324421,0,normal,1.1110016269150476,False,1.1762507649504834,False,1.270888874078257,False,0.2899506610608993,False,0,NORMAL,0,19.92450632730619,20.96268892996591,22.44460841639241,5.634074077980045,20.623509773923963,NORMAL,Vibration,0,Telemetry remains within the expected prototype operating envelope.
37.2,steady,119.93643517546252,751.3176988426072,0.210851976353096,507.3158363787135,0,normal,0.3869147109683397,False,0.9468058770565758,False,1.1152399956003274,False,1.530412497791703,False,0,NORMAL,0,7.446464080537362,17.251241545238884,19.992355459247957,26.367412960885297,23.356347403592522,NORMAL,Thrust,0,Telemetry remains within the expected prototype operating envelope.
37.3,steady,119.30131829120816,751.757506421073,0.2083392179383875,504.337600405422,0,normal,0.7493659051022797,False,1.043991307990304,False,0.8661693311843006,False,1.0215482825533049,False,0,NORMAL,0,13.918286254598765,18.84410582660615,15.905907584348999,18.47901029529965,18.124058408868684,NORMAL,Temperature,0,Telemetry remains within the expected prototype operating envelope.
37.4,steady,118.28680149716438,752.2943921718726,0.1956980306673075,504.2693204953054,0,normal,1.328334647055676,False,1.1626283565733466,False,0.3868555892319258,False,1.0098819125310443,False,0,NORMAL,0,23.330555164988265,20.74705961860791,7.445369688916181,18.2885774095492,21.27337252192276,NORMAL,Pressure,0,Telemetry remains within the expected prototype operating envelope.
37.5,steady,119.42274077484342,752.7072332795495,0.188504067311571,507.6057134236891,0,normal,0.6800720077435658,False,1.2538549359258575,False,1.099938559050858,False,1.579941163864493,False,0,NORMAL,0,12.716993770645601,22.1799430943756,19.747134047360106,27.093197077377983,24.76258904939963,NORMAL,Thrust,0,Telemetry remains within the expected prototype operating envelope.
37.6,steady,118.62892200438088,753.6855372968867,0.2145820507512158,504.9484417055286,0,normal,1.133091866628081,False,1.4700333333986133,False,1.4849739514086868,False,1.125917204828596,False,0,NORMAL,0,20.277503344324433,25.472847705982293,25.695211657801543,20.1630248392486,24.71763898796473,NORMAL,Vibration,0,Telemetry remains within the expected prototype operating envelope.
37.7,steady,119.4408258776064,753.4078094871609,0.193787473251556,507.2286081762857,0,normal,0.6697511246825316,False,1.40866309288426,False,0.5762346406205188,False,1.5155086046236856,False,0,NORMAL,0,12.53664015372281,24.55246097307159,10.885393229035367,26.147603079154326,23.48162552701142,NORMAL,Thrust,0,Telemetry remains within the expected prototype operating envelope.
37.8,steady,119.54012883875215,751.8738878152748,0.2199069516843035,498.8161978436289,0,normal,0.6130804901259171,False,1.0697084090635112,False,2.0127909534691626,False,0.0781562186541799,False,0,NORMAL,0,11.539680170281375,19.26045305100592,33.13925689361825,1.5509709906163405,27.27092357758503,NORMAL,Vibration,0,Telemetry remains within the expected prototype operating envelope.
37.9,steady,118.19686139370556,754.3491831810906,0.1928122212345394,502.18387060984026,0,normal,1.3796620463224258,False,1.616680900202127,False,0.6729039688096247,False,0.6535599726636047,False,0,NORMAL,0,24.11357787812899,27.62694902856134,12.591774437001257,12.25295457090877,24.658726761092403,NORMAL,Temperature,0,Telemetry remains within the expected prototype operating envelope.
38.0,steady,120.10340194930971,751.2934484350559,0.2212352134448404,497.37996368269165,0,normal,0.2916294051263209,False,0.9414472010728276,False,2.1444514574311837,False,0.1672401084864758,False,0,NORMAL,0,5.665752007392777,17.162509248045865,34.87686291121048,3.2894821589298906,28.006988945774978,NORMAL,Vibration,0,Telemetry remains within the expected prototype operating envelope.
38.1,steady,118.6530924848472,748.6749970289876,0.2034994576869862,511.603313223853,0,normal,1.1192981544390317,False,0.3628411452938774,False,0.3864406416394924,False,2.262974846685581,False,0,NORMAL,0,20.05726585998441,6.999770868544164,7.4376883059802275,36.40243288847466,29.865082695769583,NORMAL,Thrust,0,Telemetry remains within the expected prototype operating envelope.
38.2,steady,118.5725922363884,752.8667843447406,0.2050539294136741,491.9851297811224,0,normal,1.1652383772630988,False,1.2891113521081812,False,0.5405236221264941,False,1.0890065313900048,False,0,NORMAL,0,20.788419185560013,22.726744266520782,10.246640218167247,19.571476778231755,21.18904581248049,NORMAL,Temperature,0,Telemetry remains within the expected prototype operating envelope.
38.3,steady,120.99726751990512,750.7773963160568,0.1986180383400786,497.623563555273,0,normal,0.2184855854991992,False,0.827413814599252,False,0.0974173977608349,False,0.1256184038583233,False,0,NORMAL,0,4.275615363801655,15.251552876322139,1.9294903257772278,2.4810707594881354,12.00806068558094,NORMAL,Temperature,0,Telemetry remains within the expected prototype operating envelope.
38.4,steady,118.7199211967679,749.461482978449,0.182831032060354,493.7557523058341,0,normal,1.0811600620050297,False,0.5366330026064862,False,1.662263472980189,False,0.7864762921473875,False,0,NORMAL,0,19.44516170238937,10.176773804618522,28.283740627223253,14.554826250855712,24.724725366390214,NORMAL,Vibration,0,Telemetry remains within the expected prototype operating envelope.
38.5,steady,119.34251905944636,754.6114381974877,0.2011678451504515,504.9508148392846,0,normal,0.7258532761399705,False,1.6746320771054422,False,0.1553255928404972,False,1.1263226807066788,False,0,NORMAL,0,13.512531487051438,28.46092738588618,3.0587555729649107,20.169498970256015,24.20475272473989,NORMAL,Temperature,0,Telemetry remains within the expected prototype operating envelope.
38.6,steady,121.05796218874116,747.7530542192377,0.2022548314578718,498.4026053643753,0,normal,0.2531230762392103,False,0.159117031274843,False,0.2630702929340415,False,0.0074894164694974,False,0,NORMAL,0,4.9364542382328125,3.1322370613887762,5.125389775538569,0.1496762026630738,4.499082115909602,NORMAL,Vibration,0,Telemetry remains within the expected prototype operating envelope.
38.7,steady,119.07114565187553,744.8373949262325,0.2089373459014381,502.1008540929553,0,normal,0.8807218020267004,False,0.4851638286301,False,0.9254572150854266,False,0.639375692070884,False,0,NORMAL,0,16.15030711569778,9.247373011100468,16.897171135643376,12.00367541082189,15.734282322078752,NORMAL,Vibration,0,Telemetry remains within the expected prototype operating envelope.
38.8,steady,117.27470799602952,756.8234494308085,0.2119877776326632,493.9087674329325,0,normal,1.9059204539456955,False,2.1634259848649484,False,1.2278233532722955,False,0.7603319828083005,False,0,NORMAL,0,31.694786556138244,35.123530724915284,21.77373072816482,14.106875123383954,31.816450745297637,NORMAL,Temperature,0,Telemetry remains within the expected prototype operating envelope.
38.9,steady,121.33601141893551,752.4161214861896,0.2049722183440536,495.9317114693936,0,normal,0.4118013888623805,False,1.1895272015419451,False,0.5324242241575572,False,0.4146898514202803,False,0,NORMAL,0,7.905989532937097,21.17227731788507,10.101132761720821,7.959176188899697,17.886605639251528,NORMAL,Temperature,0,Telemetry remains within the expected prototype operating envelope.
39.0,steady,119.04516237773828,750.7285115740694,0.196909446894915,496.5821282218385,0,normal,0.8955500469876433,False,0.8166116253038932,False,0.266777095840608,False,0.3035590299276489,False,0,NORMAL,0,16.398607505010776,15.068261198811628,5.195700005889526,5.890558152345005,14.382493478686987,NORMAL,Pressure,0,Telemetry remains within the expected prototype operating envelope.
39.1,steady,118.69041100180594,752.7855927157743,0.2201519294513286,506.45343510063617,0,normal,1.098001065083769,False,1.2711702254981645,False,2.037073739606873,False,1.3830617997526835,False,0,NORMAL,0,19.716030132659622,22.448972357519857,33.46318270000238,24.165159364491917,30.482986403535502,NORMAL,Vibration,0,Telemetry remains within the expected prototype operating envelope.
39.2,steady,119.596820967602,751.6516992804484,0.2143361292478789,495.45918341221,0,normal,0.5807271858617014,False,1.0206108273870815,False,1.4605976198553734,False,0.4954264421918641,False,0,NORMAL,0,10.965427548384632,18.463724407770133,25.332071543358847,9.43345380634405,22.082880767445797,NORMAL,Vibration,0,Telemetry remains within the expected prototype operating envelope.
39.3,steady,119.07410002526176,755.0407214689112,0.210809572886439,496.3946825959042,0,normal,0.8790357877066526,False,1.769491924385635,False,1.1110368618840192,False,0.3355861668625048,False,0,NORMAL,0,16.122027991477992,29.805370790978213,19.925070616824904,6.491442832436989,25.703583334411174,NORMAL,Temperature,0,Telemetry remains within the expected prototype operating envelope.
39.4,steady,118.99967563164,751.2116838735762,0.2086787924546491,503.4073784512878,0,normal,0.9215086159523836,False,0.9233794720668232,False,0.8998287748812941,False,0.8626096796578212,False,0,NORMAL,0,16.831517263371744,16.86263069502466,16.470118425073256,15.846017135078627,16.736609759639002,NORMAL,Temperature,0,Telemetry remains within the expected prototype operating envelope.
39.5,steady,119.64988034958216,750.7901382532801,0.2012171924493008,503.30776046406834,0,normal,0.5504470329709513,False,0.8302294337941386,False,0.1602170159234282,False,0.8455888561419347,False,0,NORMAL,0,10.424595460213215,15.299263312511012,3.1535453278612846,15.559054960843554,14.001575892423354,NORMAL,Thrust,0,Telemetry remains within the expected prototype operating envelope.
39.6,steady,117.71342996630796,752.9353038859538,0.195880296417017,492.3718641511022,0,normal,1.6555487413326673,False,1.3042522943434474,False,0.3687889692517882,False,1.0229287311584805,False,0,NORMAL,0,28.18736484066291,22.960388309162262,7.110334892155223,18.501514295901146,25.038252350995528,NORMAL,Pressure,0,Telemetry remains within the expected prototype operating envelope.
39.7,steady,119.89192971017752,753.5864095919711,0.1931840434457263,494.74317790520985,0,normal,0.412313278441432,False,1.4481288251741444,False,0.6360480559439623,False,0.6177638203222223,False,0,NORMAL,0,7.915417443174199,25.14563536269131,11.945091968798572,11.622499154767896,21.299669329574648,NORMAL,Temperature,0,Telemetry remains within the expected prototype operating envelope.
39.8,steady,119.3338429884853,751.9743798267702,0.2116366325677388,502.9802539888606,0,normal,0.7308045730715871,False,1.091914391681305,False,1.193017008931678,False,0.7896307900294369,False,0,NORMAL,0,13.598134123143534,19.618238161149804,21.22727683570631,14.608716573302004,19.839811941372997,NORMAL,Vibration,0,Telemetry remains within the expected prototype operating envelope.
39.9,steady,120.33980032452068,749.5803024073637,0.1990848049333682,498.82859778714754,0,normal,0.1567205788759654,False,0.5628888425869006,False,0.0511503691291425,False,0.0802748847317489,False,0,NORMAL,0,3.085798136836926,10.647214393016124,1.0177924602221222,1.5926782772373138,8.350744141350324,NORMAL,Temperature,0,Telemetry remains within the expected prototype operating envelope.
40.0,steady,118.88205242205704,748.0770981084074,0.2032534228741861,502.7569277691595,0,normal,0.9886343274995768,False,0.2307218570039933,False,0.3620530785793541,False,0.7514730609074008,False,0,NORMAL,0,17.940604494885882,4.509590860264911,6.985111636324904,13.954556128001217,15.458005944630052,NORMAL,Pressure,0,Telemetry remains within the expected prototype operating envelope.
40.1,steady,118.80784449625398,752.1877407282948,0.2100867482288426,501.7720264910747,0,normal,1.0309836209734882,False,1.1390613081382814,False,1.039388741368339,False,0.58319189700553,False,0,NORMAL,0,18.63270086268256,20.37262630609664,18.769366350602258,11.009305633397126,19.260807024830942,NORMAL,Temperature,0,Telemetry remains within the expected prototype operating envelope.
40.2,steady,120.0635071989904,750.9683155921321,0.2140185506969986,502.1342772784985,0,normal,0.3143967102498323,False,0.8696017463844654,False,1.4291184692100014,False,0.6450864091647383,False,0,NORMAL,0,6.094322848112954,15.963616942045322,24.860492015088987,12.104122460439747,21.323793308055453,NORMAL,Vibration,0,Telemetry remains within the expected prototype operating envelope.
40.3,steady,118.24561379615896,749.6784821227576,0.2157965458566073,489.4805190485953,0,normal,1.3518398187542209,False,0.5845838710873095,False,1.6053576305794366,False,1.516946690032471,False,0,NORMAL,0,23.690134997176916,11.03407673317982,27.462863386179336,26.168841235662764,25.58200388183397,NORMAL,Vibration,0,Telemetry remains within the expected prototype operating envelope.
40.4,steady,119.0610482488816,750.2923318352036,0.2012132453769303,496.30042601154577,0,normal,0.8864842307442032,False,0.7202278475752134,False,0.1598257726060983,False,0.3516909360146966,False,0,NORMAL,0,16.246887027168334,13.415170912652618,3.1459669257257183,6.792145043884079,14.025491434734608,NORMAL,Pressure,0,Telemetry remains within the expected prototype operating envelope.
40.5,steady,120.78869665635104,752.1785466203428,0.2066358032661193,497.3049272976588,0,normal,0.0994574814904731,False,1.1370296620568674,False,0.697322767298823,False,0.180060896203259,False,0,NORMAL,0,1.9694965738413894,20.34026480348219,13.01761450957727,3.5371455031609544,16.621817743893832,NORMAL,Temperature,0,Telemetry remains within the expected prototype operating envelope.
40.6,steady,120.56441917711396,752.1214285964334,0.2018226106350855,499.3930726281214,0,normal,0.028534140496184,False,1.1244081429209656,False,0.220227524255735,False,0.1767215899458147,False,0,NORMAL,0,0.5690575088171057,20.13892541507213,4.30895875835795,3.472700182563704,15.583145182967836,NORMAL,Temperature,0,Telemetry remains within the expected prototype operating envelope.
40.7,steady,119.52578459207868,753.3148537941436,0.2066311789784254,501.2048212352448,0,normal,0.6212665255859195,False,1.388122430271888,False,0.6968643967680033,False,0.4862786705267097,False,0,NORMAL,0,11.684389541339113,24.24187495680401,13.009640111618104,9.267605721548232,20.850025875912188,NORMAL,Temperature,0,Telemetry remains within the expected prototype operating envelope.
40.8,steady,119.37801370172936,749.2003575844305,0.2188115924042883,500.80477225686207,0,normal,0.7055970433113729,False,0.4789314413147281,False,1.9042163041711333,False,0.4179259237103859,False,0,NORMAL,0,13.16143872578417,9.134181376088524,31.67150212552957,8.018727067624809,26.01023819490909,NORMAL,Vibration,0,Telemetry remains within the expected prototype operating envelope.
40.9,steady,119.21073650737476,756.1676480463769,0.2069662198099092,501.61099672671565,0,normal,0.8010595012436313,False,2.018511837693474,False,0.7300744507133806,False,0.5556781991637726,False,0,NORMAL,0,14.803676138461341,33.21571365933932,13.585516415105392,10.518263218095647,27.900991203783207,NORMAL,Temperature,0,Telemetry remains within the expected prototype operating envelope.
41.0,steady,118.29205425406694,753.3708565168427,0.2089855634342329,494.4885126603917,0,normal,1.3253369814935885,False,1.4004974983822602,False,0.9302366530367276,False,0.6612761649164858,False,0,NORMAL,0,23.28457551231411,24.42914550409415,16.976570144161162,12.388264750549027,22.623318219884062,NORMAL,Temperature,0,Telemetry remains within the expected prototype operating envelope.
41.1,steady,117.71050991075984,753.5373705125094,0.212881551078713,513.6527797953718,0,normal,1.657215171003475,False,1.437292531523387,False,1.3164163293188436,False,2.613148643498811,False,0,NORMAL,0,28.21129499384335,24.983230664509215,23.14758301875569,40.7040825882782,36.69919541810214,NORMAL,Thrust,0,Telemetry remains within the expected prototype operating envelope.
41.2,steady,119.64524621858652,750.7943978423453,0.2088652935730478,501.6836579304194,0,normal,0.5530916584797109,False,0.8311706863308672,False,0.9183152148040468,False,0.5680931611521959,False,0,NORMAL,0,10.47196161249616,15.315206768436074,16.77838223137541,10.740170079722244,15.570199010946633,NORMAL,Vibration,0,Telemetry remains within the expected prototype operating envelope.
41.3,steady,118.93754049152147,752.2577270769098,0.1993145024105645,509.1916883012014,0,normal,0.956968160946342,False,1.1545263746415722,False,0.0283822021119374,False,1.8509223314652452,False,0,NORMAL,0,17.4192540233409,20.618534337577664,0.5660359875595766,30.939307481273293,26.19557389793089,NORMAL,Thrust,0,Telemetry remains within the expected prototype operating envelope.
41.4,steady,118.48511916284112,746.5902365066879,0.2105929545348615,495.59159353251766,0,normal,1.2151578814485402,False,0.0978338400260632,False,1.0895651292907462,False,0.4728027238014383,False,0,NORMAL,0,21.575325022199255,1.937658126670927,19.580461717171882,9.022734900853646,18.584126994032893,NORMAL,Pressure,0,Telemetry remains within the expected prototype operating envelope.
41.5,steady,118.61309285661764,753.5551668846588,0.2196996299735585,496.24412962680816,0,normal,1.1421253117326702,False,1.4412250424237911,False,1.992240726300143,False,0.3613097895565805,False,0,NORMAL,0,20.4214070699685,25.04220832106625,32.86389070557579,6.971283219404267,28.825173023775562,NORMAL,Vibration,0,Telemetry remains within the expected prototype operating envelope.
41.6,steady,119.37067071349968,752.7127051817888,0.1922112936152366,491.00169410990094,0,normal,0.7097875709423362,False,1.255064076475471,False,0.732469361379628,False,1.25703728031702,False,0,NORMAL,0,13.234188113784262,22.198759896343645,13.626897497605794,22.22945737987595,20.68696129958521,NORMAL,Thrust,0,Telemetry remains within the expected prototype operating envelope.
41.7,steady,119.32776883010152,753.6577611815395,0.2095494466510011,505.9030401035503,0,normal,0.7342709995107856,False,1.4638955725417104,False,0.9861301152300632,False,1.2890207899821615,False,0,NORMAL,0,13.658014506105154,25.381305563474342,17.899495372137697,22.725344647780833,23.4684626240894,NORMAL,Temperature,0,Telemetry remains within the expected prototype operating envelope.
41.8,steady,116.45068493239476,759.153547066848,0.1998854449945474,497.5771016416476,0,normal,2.376177426816079,False,2.678313753889096,False,0.0282110015576335,False,0.1335569303644498,False,0,NORMAL,0,37.82613711219267,41.47187340369274,0.5626312993203486,2.6357792321828,34.17515455404678,NORMAL,Temperature,0,Telemetry remains within the expected prototype operating envelope.
41.9,steady,119.14422456838469,753.1900343460536,0.1907520781911584,498.4243976650821,0,normal,0.8390168163596026,False,1.36054075036121,False,0.8771103077888897,False,0.0112128695796122,False,0,NORMAL,0,15.44799213589213,23.822812904820722,16.089720701044353,0.22400612256870955,20.348474926261986,NORMAL,Temperature,0,Telemetry remains within the expected prototype operating envelope.
42.0,steady,120.33011323098144,756.0378185864398,0.2085247804647746,498.5455685537978,0,normal,0.162248850455625,False,1.9898230823612035,False,0.8845627356068716,False,0.0319162422300719,False,0,NORMAL,0,3.1928925268048025,32.83142061455262,16.214694601942938,0.6362918795056793,25.967012116454733,NORMAL,Temperature,0,Telemetry remains within the expected prototype operating envelope.
42.1,steady,117.87892339123404,752.3673104854292,0.1945904731726947,504.7799512354873,0,normal,1.5611042524946857,False,1.1787413070383808,False,0.4966393549323638,False,1.097128763757576,False,0,NORMAL,0,26.81801124075448,21.00204827648804,9.455421005355035,19.702022548134234,24.167238825179446,NORMAL,Pressure,0,Telemetry remains within the expected prototype operating envelope.
42.2,steady,119.74014359847476,748.1517428791835,0.2162542807838679,494.8464146358595,0,normal,0.4989352196990678,False,0.2472163072363681,False,1.6507294187274228,False,0.6001246948812133,False,0,NORMAL,0,9.496987083361297,4.8240841958319125,28.1181138205305,11.310168189473401,22.97984239614957,NORMAL,Vibration,0,Telemetry remains within the expected prototype operating envelope.
42.3,steady,120.53323012669377,750.327503184887,0.1919298617359658,507.57502549560303,0,normal,0.0463332399201825,False,0.7279997527056734,False,0.7603655668992341,False,1.5746977954467922,False,0,NORMAL,0,0.9223844917292223,13.549652183488847,14.107452049949687,27.016701529378228,22.425522641368623,NORMAL,Thrust,0,Telemetry remains within the expected prototype operating envelope.
42.4,steady,120.09748296737584,753.2785665354755,0.2060135384330867,503.7232209066476,0,normal,0.2950072748116916,False,1.3801039398144035,False,0.6356423787270719,False,0.9165748203071742,False,0,NORMAL,0,5.72946024447476,24.12028432498413,11.93794730495502,16.749409500152666,20.80018118151426,NORMAL,Temperature,0,Telemetry remains within the expected prototype operating envelope.
42.5,steady,118.46937207051778,751.6750205884254,0.210599319834488,496.027075272242,0,normal,1.224144498807063,False,1.0257641978078156,False,1.0901960731164262,False,0.3983959018696789,False,0,NORMAL,0,21.716152936728996,18.547718441268625,19.590609119143075,7.658745226123975,20.022906659659505,NORMAL,Pressure,0,Telemetry remains within the expected prototype operating envelope.
42.6,steady,119.4926647076134,750.1768514077726,0.1944881401043507,504.5469806012778,0,normal,0.6401675215626079,False,0.6947098354858136,False,0.5067828550694947,False,1.0573231808508647,False,0,NORMAL,0,12.017609924411488,12.972146821771357,9.638922597467003,19.060209604364697,17.086914025788328,NORMAL,Thrust,0,Telemetry remains within the expected prototype operating envelope.
42.7,steady,119.51400503998748,748.6145847746055,0.2020245932011485,503.7766358752645,0,normal,0.6279889302765621,False,0.3494916914343492,False,0.240248522548004,False,0.925701352365404,False,0,NORMAL,0,11.803048410971517,6.751138652265132,4.69135867926086,16.901228736300887,14.498641445490437,NORMAL,Thrust,0,Telemetry remains within the expected prototype operating envelope.
42.8,steady,119.43930005396652,749.6583621662247,0.2114943098372415,502.8653220957439,0,normal,0.6706218881813825,False,0.580137911668336,False,1.1789096371927286,False,0.7699934180679203,False,0,NORMAL,0,12.551870807702759,10.95493377485317,21.00470777920169,14.272685048655653,18.796677329892262,NORMAL,Vibration,0,Telemetry remains within the expected prototype operating envelope.
42.9,steady,120.57791438223904,751.3964738973876,0.1942031025618365,495.8185964202227,0,normal,0.0208326396639222,False,0.9642130069481718,False,0.5350364626116891,False,0.4340167957068226,False,0,NORMAL,0,0.41578599978534525,17.538824333036374,10.14808795043437,8.314263047164506,14.586719932885444,NORMAL,Temperature,0,Telemetry remains within the expected prototype operating envelope.
43.0,steady,118.99031114627994,751.7452323376242,0.2039031257068077,494.7921870108105,0,normal,0.9268527801296448,False,1.0412790716676616,False,0.426453187737005,False,0.6093900781860523,False,0,NORMAL,0,16.9203629795279,18.80007109163042,8.175463096644597,11.474365065181347,17.0649441549459,NORMAL,Temperature,0,Telemetry remains within the expected prototype operating envelope.
43.1,steady,121.92149420856089,756.2632231338958,0.2047119275097275,499.545609351606,0,normal,0.7459271876021277,False,2.039631314759913,False,0.5066235699173739,False,0.2027841587909724,False,0,NORMAL,0,13.859063752887902,33.497208579023976,9.636043916022153,3.9745409996019165,27.10778558552498,NORMAL,Temperature,0,Telemetry remains within the expected prototype operating envelope.
43.2,steady,120.0797917564336,746.4876458596603,0.2274670526919599,498.91646710423896,0,normal,0.3051033700197737,False,0.1205035636263811,False,2.762166368951635,False,0.0952883193575623,False,0,NORMAL,0,5.919621060631075,2.381260968547594,42.445235984758035,1.8877214726629843,32.194864345170195,NORMAL,Vibration,0,Telemetry remains within the expected prototype operating envelope.
43.3,steady,118.7352487778757,750.1582228095047,0.2111895918465965,509.8589033073588,0,normal,1.072412853084221,False,0.6905934254033067,False,1.1487052562442046,False,1.9649233184751247,False,0,NORMAL,0,19.30411235952212,12.900468853772551,20.526062737173522,32.49608998877424,28.579797712386966,NORMAL,Thrust,0,Telemetry remains within the expected prototype operating envelope.
43.4,steady,118.5273232692567,751.7490964154177,0.2053265123516267,499.861424452132,0,normal,1.1910726632045905,False,1.042132927044225,False,0.5675426992757004,False,0.2567446255675443,False,0,NORMAL,0,21.196638597420524,18.81393650686579,10.730342712078333,5.0052847719668225,18.655607814802345,NORMAL,Pressure,0,Telemetry remains within the expected prototype operating envelope.
43.5,steady,119.9891003632163,753.6737915653838,0.2009532106513523,498.8023656057949,0,normal,0.3568595185086807,False,1.4674378483873751,False,0.1340505044816984,False,0.0757928294152039,False,0,NORMAL,0,6.888445758975326,25.434150841796267,2.645390049673335,1.504425315778568,19.72353409421213,NORMAL,Temperature,0,Telemetry remains within the expected prototype operating envelope.
43.6,steady,119.0424384774623,751.8410895248899,0.1954171595336889,508.7921916575668,0,normal,0.8971045339367508,False,1.062460885052975,False,0.4146962122922943,False,1.7826639570863911,False,0,NORMAL,0,16.42459491980388,19.143335829501794,7.95929328080528,29.990048616207822,25.92629295708798,NORMAL,Thrust,0,Telemetry remains within the expected prototype operating envelope.
43.7,steady,121.1935369881521,751.1382485174545,0.2091931824091555,501.5065068710052,0,normal,0.3304934771200773,False,0.9071522693538516,False,0.9508163457467969,False,0.5378249635896538,False,0,NORMAL,0,6.39615229817908,16.592374993887283,17.31758719495431,10.198184408658085,15.675557830092194,NORMAL,Vibration,0,Telemetry remains within the expected prototype operating envelope.
43.8,steady,119.27111635791223,752.9115723284802,0.1967894510754319,502.07901631201486,0,normal,0.7666016723439494,False,1.299008270018449,False,0.2786713703999351,False,0.6356444681650391,False,0,NORMAL,0,14.21451226937609,22.87954640334161,5.420957646746971,11.93798410498661,19.636342699311534,NORMAL,Temperature,0,Telemetry remains within the expected prototype operating envelope.
43.9,steady,119.66841533848124,751.8940503094124,0.2065085834922399,505.3701945722224,0,normal,0.5398694069838593,False,1.0741637681282556,False,0.6847124369855239,False,1.197978298529473,False,0,NORMAL,0,10.234895848435222,19.332365741038615,12.797962314840316,21.3054009280767,19.419690276084054,NORMAL,Thrust,0,Telemetry remains within the expected prototype operating envelope.
44.0,steady,117.93558299064118,754.3558776527099,0.2139819352532911,495.7096151245357,0,normal,1.5287695122706415,False,1.618160195105289,False,1.4254890582651478,False,0.4526374429633801,False,0,NORMAL,0,26.34321353029493,27.648358078461012,24.805929784074632,8.65507758778139,25.6235334118032,NORMAL,Temperature,0,Telemetry remains within the expected prototype operating envelope.
44.1,steady,119.96893287675904,755.7732353502539,0.2046627931705862,496.85057225218185,0,normal,0.3683687851182332,False,1.9313574326416911,False,0.501753255913476,False,0.2576924290064573,False,0,NORMAL,0,7.102528411453979,32.04139978108081,9.547980865361428,5.02329032889437,25.526989804046707,NORMAL,Temperature,0,Telemetry remains within the expected prototype operating envelope.
44.2,steady,120.57451551852424,755.6779095861494,0.2182496758893559,494.86346699046726,0,normal,0.0227723176077335,False,1.9102930492222476,False,1.8485177861992867,False,0.597211113444665,False,0,NORMAL,0,0.45441076802944513,31.75449465513146,30.90608758178638,11.258472119350449,27.1480997242115,NORMAL,Temperature,0,Telemetry remains within the expected prototype operating envelope.
44.3,steady,120.14579800908233,754.4796784933797,0.1903589564050036,495.5929275423691,0,normal,0.2674346421273836,False,1.6455167906701549,False,0.9160774858115904,False,0.4725747936164993,False,0,NORMAL,0,5.208166829206517,28.04313603684978,16.74112841022567,9.01858751335103,23.391502568045247,NORMAL,Temperature,0,Telemetry remains within the expected prototype operating envelope.
44.4,steady,117.97412942924258,748.5093058847352,0.2181270995525497,493.8824898699221,0,normal,1.5067716673903395,False,0.3262279397819516,False,1.83636772454939,False,0.7648217920778096,False,0,NORMAL,0,26.0184415130836,6.31626408493573,30.73798435895173,14.183969254061024,26.739647514283934,NORMAL,Vibration,0,Telemetry remains within the expected prototype operating envelope.
44.5,steady,120.28574243988425,752.8606895006886,0.20490926246624,497.0041902521139,0,normal,0.187570561492683,False,1.2877645584769049,False,0.5261838859602429,False,0.2314451122448074,False,0,NORMAL,0,3.681917507043686,22.705927237284442,9.98886284904723,4.5234026490675205,18.33761235044864,NORMAL,Temperature,0,Telemetry remains within the expected prototype operating envelope.
44.6,steady,119.21924937793764,752.1231519303333,0.2214359941713934,505.0398169754844,0,normal,0.7962013402066331,False,1.1247889525202237,False,2.1643533264973702,False,1.1415296698767872,False,0,NORMAL,0,14.720856417606953,20.14500755621722,35.13556213934231,20.411926437117256,30.749283738722333,NORMAL,Vibration,0,Telemetry remains within the expected prototype operating envelope.
44.7,steady,119.29577968937735,756.6248308044283,0.1993503720641204,502.83939232990366,0,normal,0.7525266978589789,False,2.119536707505137,False,0.0248267156826634,False,0.7655630337518526,False,0,NORMAL,0,13.972686349502684,34.55154773471551,0.49530361981172666,14.196690394751732,27.989925986208476,NORMAL,Temperature,0,Telemetry remains within the expected prototype operating envelope.
44.8,steady,121.03051661627094,753.0584518521978,0.2224844858592385,485.7960697583597,0,normal,0.2374603206706864,False,1.3314646225388498,False,2.268282347209278,False,2.1464751805467044,False,0,NORMAL,0,4.6381959112545275,23.378534842428465,36.469905894987356,34.90321581732856,32.402050922516686,NORMAL,Vibration,0,Telemetry remains within the expected prototype operating envelope.
44.9,steady,119.11557535848586,749.7048663991905,0.2149803092488711,499.55276616341234,0,normal,0.8553664688350142,False,0.5904140736589568,False,1.524450292643759,False,0.2040069784251792,False,0,NORMAL,0,15.724019783265764,11.137754146324497,26.2795580725085,3.998022491451836,22.0814062653162,NORMAL,Vibration,0,Telemetry remains within the expected prototype operating envelope.
45.0,steady,120.32145491189551,754.2370990644107,0.1807956040556965,502.8037067446485,0,normal,0.1671900166719354,False,1.5919133797825,False,1.8640199978110272,False,0.7594657609034118,False,0,NORMAL,0,3.288513273011817,27.267559440980914,31.11997752401078,14.091993333078412,26.857689203076674,NORMAL,Vibration,0,Telemetry remains within the expected prototype operating envelope.
45.1,steady,121.11071667525891,750.5863858426956,0.1912244843027884,504.1933092742187,0,normal,0.2832292300958062,False,0.7852057307112498,False,0.830284276520169,False,0.9968945634040836,False,0,NORMAL,0,5.507133963866462,14.53311082336014,15.300192351275255,18.076058568828635,16.42338144413003,NORMAL,Thrust,0,Telemetry remains within the expected prototype operating envelope.
45.2,steady,119.07197727051732,748.8382881469795,0.2171031534372026,488.0439920824669,0,normal,0.8802472103771062,False,0.3989240107257357,False,1.734871720085588,False,1.76239304614502,False,0,NORMAL,0,16.142347865151596,7.668497957949594,29.31765377242256,29.70563938443995,26.556652760632794,NORMAL,Thrust,0,Telemetry remains within the expected prototype operating envelope.
45.3,steady,118.57047729411188,749.3331448636537,0.2044329677434523,506.0411082240952,0,normal,1.1664453414812666,False,0.508273793710837,False,0.4789724061903725,False,1.3126112396445002,False,0,NORMAL,0,20.807537986637804,9.665863144991604,9.134925834430907,23.08907469097532,20.493921194124578,NORMAL,Thrust,0,Telemetry remains within the expected prototype operating envelope.
45.4,steady,119.98292817423348,754.0673923146157,0.2100758595084456,493.8027228874685,0,normal,0.3603818894654355,False,1.5544128354109834,False,1.0383094251841616,False,0.7784508541441422,False,0,NORMAL,0,6.954017346397345,26.720007434986968,18.751829750406955,14.417569136557562,23.21680440372205,NORMAL,Temperature,0,Telemetry remains within the expected prototype operating envelope.
45.5,steady,120.92326579992164,749.6117777326042,0.2002099827354628,505.9377779834517,0,normal,0.1762539704359824,False,0.5698440275292599,False,0.0603799638759836,False,1.2949561369975071,False,0,NORMAL,0,3.4636721506766888,10.77142101478773,1.200337059668688,22.817020603156045,18.17815283952673,NORMAL,Thrust,0,Telemetry remains within the expected prototype operating envelope.
45.6,steady,119.1697161882682,752.2181451288244,0.2091569789750398,501.8192378647949,0,normal,0.8244691507310401,False,1.1457798480462578,False,0.947227774184741,False,0.5912584769722943,False,0,NORMAL,0,15.201627038257593,20.479550390221902,17.258223543376495,11.152759994155959,18.91977183817028,NORMAL,Temperature,0,Telemetry remains within the expected prototype operating envelope.
45.7,steady,120.182868997073,754.1953501585832,0.1916767530529293,501.5876863461386,0,normal,0.2462788136522526,False,1.5826880148672111,False,0.7854543090100341,False,0.5516953654912108,False,0,NORMAL,0,4.806237160650362,27.133238902420786,14.537359760522694,10.446956646777906,22.61743712773104,NORMAL,Temperature,0,Telemetry remains within the expected prototype operating envelope.
45.8,steady,117.58258623170762,748.8554737533358,0.2065859990692413,495.9115861321096,0,normal,1.730219198104593,False,0.402721559111373,False,0.6923860553831456,False,0.4181284855833385,False,0,NORMAL,0,29.25185292928496,7.738598003053143,12.931690702668398,8.022453371927929,24.08385646714199,NORMAL,Pressure,0,Telemetry remains within the expected prototype operating envelope.
45.9,steady,118.76667451674844,750.8382751302917,0.2066060528911372,500.5431855083796,0,normal,1.0544786792914096,False,0.8408663654097529,False,0.6943738384961008,False,0.3732309644536256,False,0,NORMAL,0,19.014149831897033,15.479262969008257,12.966298405930733,7.192821335633259,17.141293988199134,NORMAL,Pressure,0,Telemetry remains within the expected prototype operating envelope.
46.0,steady,119.33785278650318,754.1258087073447,0.2001498417190151,511.32559370137983,0,normal,0.7285162445515208,False,1.5673212585008376,False,0.0544186415150251,False,2.2155234264062496,False,0,NORMAL,0,13.558581902211797,26.908949265545324,1.0824714821722536,35.79600085674651,30.03517586371937,NORMAL,Thrust,0,Telemetry remains within the expected prototype operating envelope.
46.1,steady,120.0822915041417,749.402562484426,0.2184968531013768,494.0602994309724,0,normal,0.3036768034077112,False,0.523613186935207,False,1.8730185866209168,False,0.7344410823029052,False,0,NORMAL,0,5.892774845532767,9.942572641744585,31.243830640149895,13.66095151334542,25.62325125966504,NORMAL,Vibration,0,Telemetry remains within the expected prototype operating envelope.
46.2,steady,120.31600639082156,750.5406839847724,0.1938023611791159,493.56663521211647,0,normal,0.1702994017606954,False,0.7751068716324,False,0.5747589133928559,False,0.818789017648596,False,0,NORMAL,0,3.3486372271696485,14.360312761836214,10.859087576910742,15.105239090267064,13.639817116089661,NORMAL,Thrust,0,Telemetry remains within the expected prototype operating envelope.
46.3,steady,119.35343829170353,745.647416884478,0.2086242075767198,507.3631858615071,0,normal,0.7196218424168975,False,0.3061711578978405,False,0.894418190348639,False,1.5385026752053668,False,0,NORMAL,0,13.404676106063008,5.939710493068562,16.37968040459009,26.486456764878785,22.65961772692375,NORMAL,Thrust,0,Telemetry remains within the expected prototype operating envelope.
46.4,steady,117.16190105918452,750.2784478484651,0.1970643723407152,509.5530638115492,0,normal,1.9702975945629948,False,0.7171598667119303,False,0.251420512615363,False,1.9126672929554076,False,0,NORMAL,0,32.56860793852636,13.362026489974731,4.904078379356102,31.786893254981706,28.39898569054054,NORMAL,Pressure,0,Telemetry remains within the expected prototype operating envelope.
46.5,steady,118.04102965724957,751.6209498147394,0.1963721380404648,496.3854617528047,0,normal,1.4685927618532386,False,1.013816037523911,False,0.3200364432538565,False,0.3371616488356422,False,0,NORMAL,0,25.451372273450634,18.352844712636408,6.200183723521835,6.520902400121775,21.489355999844346,NORMAL,Pressure,0,Telemetry remains within the expected prototype operating envelope.
46.6,steady,120.9446554358044,750.6294763357628,0.2093647611189592,497.5272570740561,0,normal,0.1884606984572377,False,0.7947275496678315,False,0.9678236405986612,False,0.1420734203265631,False,0,NORMAL,0,3.6990632379099275,14.695715993623315,17.598350256963656,2.801478356396747,14.83345585345457,NORMAL,Vibration,0,Telemetry remains within the expected prototype operating envelope.
46.7,steady,118.4832326406074,751.7022722137888,0.1935702128859437,494.757809101845,0,normal,1.2162344899489963,False,1.0317860607412086,False,0.5977700111907926,False,0.6152639202268259,False,0,NORMAL,0,21.592209738656422,18.645758286198898,11.268391052957238,11.578301122063216,19.554844097615806,NORMAL,Pressure,0,Telemetry remains within the expected prototype operating envelope.
46.8,steady,119.83858381389136,753.8448190564864,0.1999722896030405,489.5665639691329,0,normal,0.4427569405301263,False,1.5052302404200433,False,0.0368192482604242,False,1.502244973527368,False,0,NORMAL,0,8.474392374878526,25.99563056321167,0.7336802941259712,25.951432811517527,22.24823426991428,NORMAL,Temperature,0,Telemetry remains within the expected prototype operating envelope.
46.9,steady,118.70196357305008,746.7163334373854,0.1993540786979547,504.7862882832268,0,normal,1.0914081947845151,False,0.0699698714423357,False,0.0244593052119812,False,1.0982115177279763,False,0,NORMAL,0,19.61009994952274,1.3896513779890873,0.4879915376950428,19.719409256293787,16.42324182722227,NORMAL,Thrust,0,Telemetry remains within the expected prototype operating envelope.
47.0,steady,119.77477079832512,751.072723533379,0.2149964613870386,499.9462911276446,0,normal,0.4791740225927852,False,0.8926730422415772,False,1.526051331470878,False,0.2712450260132786,False,0,NORMAL,0,9.138589738431735,16.35048934212292,26.303160151498005,5.280377965222516,22.090908103235282,NORMAL,Vibration,0,Telemetry remains within the expected prototype operating envelope.
47.1,steady,118.83714724744335,751.8134007973097,0.2011833843950304,500.0556034052025,0,normal,1.0142610027857062,False,1.0563424344994965,False,0.1568658801793567,False,0.289922225145332,False,0,NORMAL,0,18.36011041889838,19.04433176638024,3.08861444788493,5.633537400153566,16.414892626062404,NORMAL,Temperature,0,Telemetry remains within the expected prototype operating envelope.
47.2,steady,119.98031156984636,754.8827416831566,0.2152645008357534,500.7550024661869,0,normal,0.3618751443421328,False,1.73458271793008,False,1.552620047026786,False,0.4094222102029223,False,0,NORMAL,0,6.981801470783832,29.31356818426608,26.69372761996088,7.862157484463273,25.25330411122693,NORMAL,Temperature,0,Telemetry remains within the expected prototype operating envelope.
47.3,steady,120.49100838348262,750.6282440048295,0.2018920336001907,515.5447214575397,0,normal,0.0704285232053405,False,0.7944552382783404,False,0.2271088957171812,False,2.936407585311908,False,0,NORMAL,0,1.3986965251746697,14.691070001487338,4.440565294301823,44.41637358620035,34.55347955415709,NORMAL,Thrust,0,Telemetry remains within the expected prototype operating envelope.
47.4,steady,117.81984231205026,753.0385896319627,0.1991192420268032,508.4438321627466,0,normal,1.5948208930560916,False,1.3270756157837211,False,0.0477368815084437,False,1.7231429243199412,False,0,NORMAL,0,27.309841253565548,23.31124688838774,0.9501944803395501,29.151655391802546,26.011833080905,NORMAL,Thrust,0,Telemetry remains within the expected prototype operating envelope.
47.5,steady,118.1975766648778,750.860755258117,0.2044999663538581,498.10074681778434,0,normal,1.3792538523396565,False,0.8458338580522723,False,0.4856134697765262,False,0.0440864203015034,False,0,NORMAL,0,24.10738234905786,15.563192498041333,9.255533867197386,0.8778525809022941,20.027645140217512,NORMAL,Pressure,0,Telemetry remains within the expected prototype operating envelope.
47.6,steady,118.110090193539,748.7964930837563,0.2017722361970044,498.7015950406398,0,normal,1.4291810024335212,False,0.3896884462900003,False,0.2152342886589509,False,0.0585750753431202,False,0,NORMAL,0,24.86143175234209,7.497793644103535,4.213349443636261,1.1646661461153895,19.46193922531462,NORMAL,Pressure,0,Telemetry remains within the expected prototype operating envelope.
47.7,steady,120.38181987199494,754.3742640833435,0.1917572484554455,502.9887802429222,0,normal,0.1327406855105235,False,1.62222309277226,False,0.7774754108916205,False,0.7910875938626021,False,0,NORMAL,0,2.61988332589127,27.707125661992492,14.400871346891863,14.633592618977131,23.20376056374849,NORMAL,Temperature,0,Telemetry remains within the expected prototype operating envelope.
47.8,steady,118.97821927150208,750.872627845675,0.2185552415894791,496.3621081807416,0,normal,0.9337534224542398,False,0.8484573747777967,False,1.8788061941524483,False,0.3411518622463602,False,0,NORMAL,0,17.034944464662928,15.607485152119516,31.32337134095817,6.59547295069599,26.534302838611012,NORMAL,Vibration,0,Telemetry remains within the expected prototype operating envelope.
47.9,steady,120.06042036166406,748.3019321873691,0.2112650928873786,504.5197633535066,0,normal,0.3161583196523932,False,0.28040403148743,False,1.1561891012018513,False,1.052672816154364,False,0,NORMAL,0,6.1274020452732225,5.453726653936286,20.644927883079678,18.984894676846263,17.900161359176145,NORMAL,Vibration,0,Telemetry remains within the expected prototype operating envelope.
48.0,steady,119.3763278161764,745.913447516113,0.2222070449434997,498.5070582781492,0,normal,0.7065591516208702,False,0.2473856734202714,False,2.240781735604612,False,0.0253363401093935,False,0,NORMAL,0,13.178146738518171,4.82730805756214,36.11951990675551,0.5054451077378896,28.25784967281628,NORMAL,Vibration,0,Telemetry remains within the expected prototype operating envelope.
48.1,steady,118.4945082632018,757.4883696363283,0.2082557577719646,504.4248192283618,0,normal,1.20979966987845,False,2.3103551417826376,False,0.8578965585287415,False,1.0364505731331304,False,0,NORMAL,0,21.49123677381476,37.00224079202671,15.766654153273041,18.72161846934255,32.18735965630736,NORMAL,Temperature,0,Telemetry remains within the expected prototype operating envelope.
48.2,steady,118.83481565247142,752.3199794462716,0.2036664916240851,501.2604371069847,0,normal,1.0155916072819269,False,1.1682824435210248,False,0.4029974476777161,False,0.4957812509741635,False,0,NORMAL,0,18.381833609102237,20.836629568589725,7.743688635792257,9.439880339516716,18.478987032970903,NORMAL,Temperature,0,Telemetry remains within the expected prototype operating envelope.
48.3,steady,121.47656228077346,749.3658426311405,0.2010073207487772,502.914353343448,0,normal,0.4920115501298264,False,0.51549910491365,False,0.1394140276275551,False,0.778370943424825,False,0,NORMAL,0,9.371577682784382,9.79630732251735,2.749766797719,14.416201334905143,12.549743017256857,NORMAL,Thrust,0,Telemetry remains within the expected prototype operating envelope.
48.4,steady,119.35496247085143,753.0927891911391,0.2154645339780481,501.08901925290064,0,normal,0.7187520174036931,False,1.3390522341342923,False,1.5724478137412172,False,0.4664926342968485,False,0,NORMAL,0,13.389610239884387,23.494721445747558,26.983851921556614,8.907847483981957,23.90740646948922,NORMAL,Vibration,0,Telemetry remains within the expected prototype operating envelope.
48.5,steady,119.9359834617547,753.3843494783881,0.1935641195864721,509.5882171907868,0,normal,0.3871724968607705,False,1.403479073385908,False,0.5983739937061802,False,1.9186736325803215,False,0,NORMAL,0,7.451235756700159,24.474196104738567,11.27910887367981,31.868786274601113,27.28362719184119,NORMAL,Thrust,0,Telemetry remains within the expected prototype operating envelope.
48.6,steady,119.6346871630911,759.6053123189477,0.2046472996663911,497.3056307968899,0,normal,0.5591175450025276,False,2.778141503241096,False,0.5002175024715961,False,0.1799406956592635,False,0,NORMAL,0,10.579793780990009,42.62883154902536,9.52019419829072,3.534826497769328,33.50680953414808,NORMAL,Temperature,0,Telemetry remains within the expected prototype operating envelope.
48.7,steady,117.75347632385092,749.8661449575826,0.2037820246142678,496.8305852753895,0,normal,1.632694916356494,False,0.6260522185321965,False,0.4144493558509567,False,0.2611074227650525,False,0,NORMAL,0,27.85837486650061,11.768879379450325,7.954749000363936,5.088137155370498,22.71658094837287,NORMAL,Pressure,0,Telemetry remains within the expected prototype operating envelope.
48.8,steady,122.23291155617804,748.1160223593199,0.204759982451761,509.1474947713331,0,normal,0.9236481588378036,False,0.2393230505348069,False,0.5113868914809178,False,1.843371383153314,False,0,NORMAL,0,16.86709815725006,4.673715950494428,9.722089439381165,30.83493394527356,25.476267845012742,NORMAL,Thrust,0,Telemetry remains within the expected prototype operating envelope.
48.9,steady,121.31445982303376,751.1340548880647,0.1816161135353353,507.7032593586684,0,normal,0.3995022328113584,False,0.9062255920991258,False,1.7826891225239208,False,1.5966079545748566,False,0,NORMAL,0,7.679174963305558,16.576915171512184,29.990400981532673,27.33581696836672,26.632212595408987,NORMAL,Vibration,0,Telemetry remains within the expected prototype operating envelope.
49.0,steady,120.15785186063523,754.1970490718505,0.2010862876876024,500.069286882302,0,normal,0.2605556990578833,False,1.5830634281754117,False,0.1472414207446024,False,0.2922601969845065,False,0,NORMAL,0,5.077663552563038,27.138709727404464,2.901890854371525,5.677652311831838,21.20980401185285,NORMAL,Temperature,0,Telemetry remains within the expected prototype operating envelope.
49.1,steady,119.42216740186709,753.4392708396371,0.2271136966855503,504.8183107199469,0,normal,0.6803992226627539,False,1.4156151902283352,False,2.7271408707673825,False,1.1036829015530796,False,0,NORMAL,0,12.722705644108512,24.657291803905924,42.040643678037334,19.807210393293285,36.00885539866696,NORMAL,Vibration,0,Telemetry remains within the expected prototype operating envelope.
49.2,steady,119.06880462441184,752.5406064157577,0.2104987515761353,501.4902143409423,0,normal,0.8820577894972735,False,1.2170349620199103,False,1.0802275051950323,False,0.535041206493496,False,0,NORMAL,0,16.172708550581838,21.60476138315478,19.430135908585754,10.14817319976411,19.936725565233175,NORMAL,Temperature,0,Telemetry remains within the expected prototype operating envelope.
49.3,steady,120.0474224821154,754.2710169582238,0.193159955173445,499.6152041528054,0,normal,0.32357600461782,False,1.599408305490886,False,0.6384357434934755,False,0.2146751923472777,False,0,NORMAL,0,6.26656226678487,27.37650261619713,11.98713145180058,4.20263805217076,22.15509970938655,NORMAL,Temperature,0,Telemetry remains within the expected prototype operating envelope.
49.4,steady,118.3908499907419,750.1672519058666,0.2009571031224519,497.3282247377997,0,normal,1.2689558119467874,False,0.6925886084420738,False,0.1344363355895856,False,0.1760802735458643,False,0,NORMAL,0,22.414618741463155,12.935217821701816,2.652902247228661,3.46031848043864,18.197519694898876,NORMAL,Pressure,0,Telemetry remains within the expected prototype operating envelope.
49.5,steady,118.93083057602614,749.1171350247658,0.2024001035692045,495.8453985056616,0,normal,0.9607974039473016,False,0.4605415346363655,False,0.2774700144030674,False,0.4294373660390883,False,0,NORMAL,0,17.48247416043317,8.799363241152513,5.3982302965506435,8.230250903484981,14.855761081923426,NORMAL,Pressure,0,Telemetry remains within the expected prototype operating envelope.
49.6,steady,121.51043227973692,751.3465044974894,0.2032343571666439,494.6220038940564,0,normal,0.5113406246261399,False,0.9531711379572988,False,0.3601632397403707,False,0.638467726475351,False,0,NORMAL,0,9.721254060520623,17.35651800716116,6.949948361724645,11.987694432795914,15.30808550509746,NORMAL,Temperature,0,Telemetry remains within the expected prototype operating envelope.
49.7,steady,120.07712883873882,750.6404311830322,0.205965265071759,500.81261250976667,0,normal,0.3066230551710917,False,0.7971482709214461,False,0.630857406917165,False,0.4192655167370461,False,0,NORMAL,0,5.948211226586819,14.737005576423456,11.85363207885828,8.043367261055002,13.129997537181058,NORMAL,Temperature,0,Telemetry remains within the expected prototype operating envelope.
49.8,steady,120.3481143744778,752.1431713858084,0.1954812972799464,501.47752388158943,0,normal,0.151975881624552,False,1.1292127039576,False,0.4083387244490576,False,0.5328729026057143,False,0,NORMAL,0,2.993788778645845,20.215628038385535,7.842189313067005,10.109199536625313,16.74172872078892,NORMAL,Temperature,0,Telemetry remains within the expected prototype operating envelope.
49.9,steady,118.14171369237737,752.1211086110478,0.2122750694715213,495.3574975919153,0,normal,1.4111339701457282,False,1.1243374349133974,False,1.256300412096112,False,0.5128005776227568,False,0,NORMAL,0,24.58973608381373,20.137796043593358,22.2179952070097,9.747610757512525,22.69397803752274,NORMAL,Pressure,0,Telemetry remains within the expected prototype operating envelope.
50.0,steady,119.83009693373236,750.4285873099143,0.2175349091240758,505.540440882894,0,normal,0.4476002692533293,False,0.7503365761992811,False,1.7776683833722104,False,1.2270667441912892,False,0,NORMAL,0,8.563007169755233,13.934996038878422,29.920065686968446,21.761892491354796,25.93878931788822,NORMAL,Vibration,0,Telemetry remains within the expected prototype operating envelope.
50.1,steady,118.75934644619116,752.6121455271971,0.2199378969130108,494.1514211295526,0,normal,1.0586606936418888,False,1.232843146585776,False,2.0158583190501584,False,0.718871942699788,False,0,NORMAL,0,19.081858309684975,21.852227258621536,33.18026158311979,13.391687570299215,29.223948067178846,NORMAL,Vibration,0,Telemetry remains within the expected prototype operating envelope.
50.2,steady,120.27249483157291,754.1589204525534,0.1885869673472729,507.9020700952025,0,normal,0.1951307627263474,False,1.574638047443622,False,1.0917213079010764,False,1.6305769450560157,False,0,NORMAL,0,3.8274442753697624,27.015829402897772,19.615134018326774,27.827809615004572,24.938120264517874,NORMAL,Thrust,0,Telemetry remains within the expected prototype operating envelope.
50.3,steady,118.84884384576368,745.8495428123753,0.2199326727332442,505.69926898598777,0,normal,1.007585938504452,False,0.261506862948455,False,2.015340485772643,False,1.2542042641069064,False,0,NORMAL,0,18.25104733261177,5.0957191748904895,33.17334092792199,22.18537985223771,28.449401740819717,NORMAL,Vibration,0,Telemetry remains within the expected prototype operating envelope.
50.4,steady,121.26899084024684,752.452482075767,0.1912593776891281,505.5105474486697,0,normal,0.3735538010883992,False,1.197561896122265,False,0.8268255600480724,False,1.2219591237462464,False,0,NORMAL,0,7.198813453632225,21.298846931072912,15.241581557821116,21.681929544771716,19.817606709240188,NORMAL,Thrust,0,Telemetry remains within the expected prototype operating envelope.
50.5,steady,119.44834681186438,744.2654135860408,0.2077817339552602,496.4721364432693,0,normal,0.6654590460582813,False,0.6115560413938989,False,0.8109101764378552,False,0.3223523292451792,False,0,NORMAL,0,12.461527996166321,11.512705413847335,14.971359167938314,6.243619599592276,13.685439524695026,NORMAL,Vibration,0,Telemetry remains within the expected prototype operating envelope.
50.6,steady,120.89658694229558,754.3691972511239,0.1866274814946067,504.83551046786033,0,normal,0.1610287669428576,False,1.621103461604344,False,1.2859502637690816,False,1.10662166674924,False,0,NORMAL,0,3.1692670932724876,27.69093557830251,22.677875302712692,19.854330100377126,24.420943832429806,NORMAL,Temperature,0,Telemetry remains within the expected prototype operating envelope.
50.7,steady,118.06102144302908,754.9098284036686,0.2030174033509393,495.382667269446,0,normal,1.4571837648508044,False,1.7405681414071428,False,0.3386582551350729,False,0.508500062714159,False,0,NORMAL,0,25.28107303894158,29.398135202925346,6.548878494259647,9.669951015517498,25.31236618517033,NORMAL,Temperature,0,Telemetry remains within the expected prototype operating envelope.
50.8,steady,119.55955286871384,752.9566957653594,0.2132156557192704,498.3994931115989,0,normal,0.6019955024188574,False,1.308979313886342,False,1.349533585765385,False,0.0069576540165224,False,0,NORMAL,0,11.343346303272494,23.033187441455826,23.65492921291835,0.13905630732437002,20.465624424081895,NORMAL,Vibration,0,Telemetry remains within the expected prototype operating envelope.
50.9,steady,119.57355565496816,753.6890614328519,0.1941450745524235,497.13513001211527,0,normal,0.5940043330374285,False,1.4708120709402537,False,0.5407883386275597,False,0.2090726210069981,False,0,NORMAL,0,11.20153894550019,25.484454220388564,10.251391931452503,4.095235579502021,21.030249552476356,NORMAL,Temperature,0,Telemetry remains within the expected prototype operating envelope.
51.0,steady,120.55035085981936,751.9328211591088,0.1900141884920724,502.7138081384278,0,normal,0.036562707409296,False,1.082731064191139,False,0.9502517114914047,False,0.7441056000176521,False,0,NORMAL,0,0.7285869902338926,19.470468091955283,17.308249603214165,13.827675383572124,17.147615015806288,NORMAL,Temperature,0,Telemetry remains within the expected prototype operating envelope.
51.1,steady,120.50695457118564,751.7091348132368,0.2029619185087983,502.6918213040501,0,normal,0.0613282852520857,False,1.0333025072904216,False,0.3331584639827754,False,0.7403489087005393,False,0,NORMAL,0,1.219074049207347,18.670428416738506,6.446029609644988,13.762906490212679,15.644391845387839,NORMAL,Temperature,0,Telemetry remains within the expected prototype operating envelope.
51.2,steady,121.1325833304115,756.8666735631865,0.1732809914526315,499.2941577295281,0,normal,0.2957081854948225,False,2.172977334449566,False,2.6088864931010565,False,0.1598208968175803,False,0,NORMAL,0,5.742674363945211,35.24734399645283,40.65351541525422,3.1458724777231883,33.8438580670856,NORMAL,Vibration,0,Telemetry remains within the expected prototype operating envelope.
51.3,steady,118.21487086548426,749.5979277214414,0.1916285488607796,503.6728117634602,0,normal,1.3693843246719084,False,0.5667835543377941,False,0.790232424604469,False,0.9079618664247572,False,0,NORMAL,0,23.957429543473197,10.716787961414575,14.61899082485828,16.605879214339268,21.33849936336504,NORMAL,Pressure,0,Telemetry remains within the expected prototype operating envelope.
51.4,steady,118.65187056483114,752.4813184066227,0.2073015921679281,499.020493064634,0,normal,1.1199954849303768,False,1.2039339355730994,False,0.7633173663671824,False,0.1130622933393321,False,0,NORMAL,0,20.068414383761247,21.3990804187695,14.158144600520938,2.235871322574845,18.972284460692496,NORMAL,Temperature,0,Telemetry remains within the expected prototype operating envelope.
51.5,steady,118.36695232949224,749.9980753668787,0.2334745030078504,499.7267417320489,0,normal,1.282593830509493,False,0.6552052261393567,False,3.357639309313352,False,0.2337326086300423,False,0,NORMAL,0,22.62595256693556,12.281823047348016,48.907264528182125,4.567073132961363,39.523156854918255,NORMAL,Vibration,1,Telemetry remains within the expected prototype operating envelope.
51.6,steady,118.73529993396431,749.2850623352676,0.1960404484285641,493.62261159739234,0,normal,1.07238365911085,False,0.4976488716531354,False,0.3529143162449152,False,0.809224839517403,False,0,NORMAL,0,19.303641191427612,9.473700413250219,6.814947983514652,14.942693955617614,16.96917783451133,NORMAL,Pressure,0,Telemetry remains within the expected prototype operating envelope.
51.7,steady,119.54212177448171,750.0900523591669,0.1956890651203679,493.1912284835608,0,normal,0.6119431531208404,False,0.6755296226918218,False,0.3877442758322886,False,0.8829313663526079,False,0,NORMAL,0,11.519556042531976,12.637663136519606,7.461818639028528,16.18735318755412,14.704838784903174,NORMAL,Thrust,0,Telemetry remains within the expected prototype operating envelope.
51.8,steady,119.53094443543374,748.8538091128601,0.2139108820862547,499.97182447689335,0,normal,0.6183218843207435,False,0.4023537191515721,False,1.4184460972629966,False,0.275607678215586,False,0,NORMAL,0,11.632362664610884,7.731810267295813,24.69993737073175,5.362987673773201,20.37983036391166,NORMAL,Vibration,0,Telemetry remains within the expected prototype operating envelope.
51.9,steady,119.74492166479368,751.1146286524985,0.2137026535522843,500.3814465365014,0,normal,0.4962084525702472,False,0.9019329260165828,False,1.3978059835923795,False,0.3455960907443713,False,0,NORMAL,0,9.447617494511618,16.505262928649167,24.388454538531246,6.678458276848486,20.841727358417607,NORMAL,Vibration,0,Telemetry remains within the expected prototype operating envelope.
52.0,steady,118.40867656669069,754.6875093025453,0.2037394393247534,498.2389534180308,0,normal,1.2587824660633071,False,1.6914417081545925,False,0.4102281994152195,False,0.0204723098663734,False,0,NORMAL,0,22.25659745164611,28.701032634919542,7.8770087088608225,0.4086091092497468,23.839455404356872,NORMAL,Temperature,0,Telemetry remains within the expected prototype operating envelope.
52.1,steady,118.84693661126066,753.9122790865375,0.20710270849846,506.626164314977,0,normal,1.0086743671705007,False,1.520137059702683,False,0.7436035381670828,False,1.412574476683773,False,0,NORMAL,0,18.26884097653082,26.215935947038716,13.81902218178218,24.61145875014057,24.295443427930742,NORMAL,Temperature,0,Telemetry remains within the expected prototype operating envelope.
52.2,steady,119.98808503815792,755.1452042005932,0.215119652279757,494.4665929886533,0,normal,0.3574389485143471,False,1.792579746880798,False,1.5382623093825505,False,0.6650213807615228,False,0,NORMAL,0,6.899235459455932,30.128751827847445,26.48292265126988,12.453865150529586,26.230606508397337,NORMAL,Temperature,0,Telemetry remains within the expected prototype operating envelope.
52.3,steady,119.740559990864,750.5204298099756,0.1973843444478256,498.55488623682425,0,normal,0.4986975911263592,False,0.7706312536525921,False,0.2197041069131338,False,0.0335082703647158,False,0,NORMAL,0,9.492685760793352,14.283620337560055,4.298940963914877,0.6679248069654586,11.799380757971988,NORMAL,Temperature,0,Telemetry remains within the expected prototype operating envelope.
52.4,steady,119.10429364024368,750.6014835414721,0.1970465591323925,502.31033342202335,0,normal,0.8618047675956576,False,0.7885419086980575,False,0.2531862007158763,False,0.6751675283628491,False,0,NORMAL,0,15.832468733403271,14.590118353372883,4.937654397972102,12.631336226079725,14.490367726409575,NORMAL,Pressure,0,Telemetry remains within the expected prototype operating envelope.
52.5,steady,120.00038352432486,753.4498624991078,0.2110503039156959,508.88138370365135,0,normal,0.3504203963269323,False,1.4179556569241478,False,1.134898701148629,False,1.7979033944390244,False,0,NORMAL,0,6.768457178587617,24.692550970832585,20.306307211433193,30.20310621711123,26.804430929194204,NORMAL,Thrust,0,Telemetry remains within the expected prototype operating envelope.
52.6,steady,118.95093063722211,752.7151696527679,0.1961645411719708,503.27783299109433,0,normal,0.9493266158714976,False,1.2556086570735734,False,0.3406139447214962,False,0.840475419803928,False,0,NORMAL,0,17.292948632552818,22.207233244066938,6.585423623734488,15.472654108492456,19.821049324417594,NORMAL,Temperature,0,Telemetry remains within the expected prototype operating envelope.
52.7,steady,120.68671698167984,758.7066640995927,0.1972734601851176,503.637501444359,0,normal,0.0412592887194499,False,2.579564855788811,False,0.2306952220256333,False,0.9019287119063156,False,0,NORMAL,0,0.8217904622073835,40.304465725390514,4.509082181913837,16.50519255741376,31.635199177609813,NORMAL,Temperature,0,Telemetry remains within the expected prototype operating envelope.
52.8,steady,117.71935539843264,751.1954875994488,0.2133940092892106,490.0309249234368,0,normal,1.6521671906250794,False,0.9198005390114052,False,1.3672124210668395,False,1.422903821678322,False,0,NORMAL,0,28.138780800127726,16.803100776377768,23.924390941744235,24.767040838941725,26.483122438837274,NORMAL,Pressure,0,Telemetry remains within the expected prototype operating envelope.
52.9,steady,118.12209300387276,748.9656596447811,0.2107940550812801,500.406564918322,0,normal,1.4223311877831908,False,0.4270696237361037,False,1.109498699672092,False,0.3498878412194192,False,0,NORMAL,0,24.758424157041393,8.18678318884858,19.900433181281983,6.758526462869496,21.308340313705532,NORMAL,Pressure,0,Telemetry remains within the expected prototype operating envelope.
53.0,steady,118.98425309448668,749.2073218298787,0.1898528229566296,502.08970920354426,0,normal,0.93031001479153,False,0.4804703488464336,False,0.966246651908806,False,0.6374714657251837,False,0,NORMAL,0,16.977788284125438,9.162143891226249,17.572356864116443,11.970156044459479,16.294245906519354,NORMAL,Vibration,0,Telemetry remains within the expected prototype operating envelope.
53.1,steady,120.07268623744729,751.6917760914514,0.2042843954050849,503.1091925686947,0,normal,0.3091583776969072,False,1.02946670513563,False,0.4642455582712085,False,0.8116613577311328,False,0,NORMAL,0,5.9958894613291065,18.608011648776944,8.866900085070773,14.984132593275646,16.335014278194606,NORMAL,Temperature,0,Telemetry remains within the expected prototype operating envelope.
53.2,steady,120.1725659220241,752.137239160389,0.2080809777110897,505.9539252999169,0,normal,0.2521586161694035,False,1.127901844590887,False,0.8405719380503197,False,1.297715082761017,False,0,NORMAL,0,4.918115470792495,20.1947080779321,15.474285778983333,22.85959758612148,20.410325285939035,NORMAL,Thrust,0,Telemetry remains within the expected prototype operating envelope.
53.3,steady,118.45966664726772,753.6661153360831,0.1930161569502383,501.6033598754479,0,normal,1.2296832308637415,False,1.4657416119215558,False,0.6526893696225489,False,0.5543733595331616,False,0,NORMAL,0,21.802823573972386,25.408850287977323,12.23767467175586,10.494908307513118,22.635875160791894,NORMAL,Temperature,0,Telemetry remains within the expected prototype operating envelope.
53.4,steady,119.99517161833631,751.457505843366,0.2224258706899747,494.1222016983798,0,normal,0.3533947489163458,False,0.9776993956805392,False,2.2624722704952025,False,0.7238644023459689,False,0,NORMAL,0,6.823901382052777,17.7609453314314,36.39604004259158,13.478122111987723,30.17258930364008,NORMAL,Vibration,0,Telemetry remains within the expected prototype operating envelope.
53.5,steady,119.43307432469,751.327727717633,0.1989593125434042,495.4432225086468,0,normal,0.6741748137397692,False,0.9490219838016268,False,0.0635894769894619,False,0.4981535372706376,False,0,NORMAL,0,12.613988073934813,17.287909434994063,1.2637364721300504,9.482837054323824,14.79388234834213,NORMAL,Temperature,0,Telemetry remains within the expected prototype operating envelope.
53.6,steady,119.69111699976172,752.9263984994977,0.2133676858449416,499.1964262250581,0,normal,0.5269139267503368,False,1.3022844478061495,False,1.3646031778879406,False,0.1431223995285178,False,0,NORMAL,0,10.002004249984598,22.930061915164657,23.884680628455833,2.821868063017119,20.743421208450734,NORMAL,Vibration,0,Telemetry remains within the expected prototype operating envelope.
53.7,steady,120.07569226612826,749.932918271237,0.2023712645868373,493.8863483999163,0,normal,0.307442884514423,False,0.6408072922965268,False,0.274611425030833,False,0.7641625199935682,False,0,NORMAL,0,5.963631245619716,12.028866915860881,5.344129310080003,14.172653285356951,12.494286701712303,NORMAL,Thrust,0,Telemetry remains within the expected prototype operating envelope.
53.8,steady,119.5801455027714,750.1253646241346,0.2132965915796786,495.7477271203039,0,normal,0.5902436107756519,False,0.6833326662412449,False,1.3575561431306105,False,0.4461255913197562,False,0,NORMAL,0,11.134724551752416,12.773895230199217,23.77732753389241,8.536035169321554,20.374686364482056,NORMAL,Vibration,0,Telemetry remains within the expected prototype operating envelope.
53.9,steady,118.31490981505247,749.9380432297365,0.1983816710713206,495.1317631126914,0,normal,1.3122936731244,False,0.6419397677805412,False,0.1208466905775051,False,0.551369784244618,False,0,NORMAL,0,23.0841896688634,12.048789689874152,2.3879598627471466,10.441125098617466,19.20140391277015,NORMAL,Pressure,0,Telemetry remains within the expected prototype operating envelope.
54.0,steady,118.75588395206027,755.6448241715046,0.2147524702589745,498.2255067734354,0,normal,1.060636684461114,False,1.902982078613026,False,1.501866343362665,False,0.0227698162798943,False,0,NORMAL,0,19.11383069257311,31.654633487960115,25.945825194960815,0.4543609687862604,27.3277686722986,NORMAL,Temperature,0,Telemetry remains within the expected prototype operating envelope.
54.1,steady,119.6195806355284,751.7243478620882,0.1975616708320127,496.421271209108,0,normal,0.5677386021497468,False,1.0366641744849554,False,0.2021270887368371,False,0.3310432112627616,False,0,NORMAL,0,10.733840280045081,18.72509062961003,3.961921079694186,6.406443178637544,15.656197236445369,NORMAL,Temperature,0,Telemetry remains within the expected prototype operating envelope.
54.2,steady,119.50652790102212,752.0074554923722,0.2230014644752601,496.87579818363065,0,normal,0.6322560156176809,False,1.0992232080190238,False,2.3195265124372813,False,0.253382302500207,False,0,NORMAL,0,11.878285086125162,19.735651431876235,37.117690036897045,4.941382703977926,30.572886834134763,NORMAL,Vibration,0,Telemetry remains within the expected prototype operating envelope.
54.3,steady,118.6942326578035,749.5922995365389,0.2076418901908985,499.72445563186267,0,normal,1.0958201062489097,False,0.5655398795993417,False,0.7970485257912485,False,0.2333420033900126,False,0,NORMAL,0,19.68100328732826,10.694577344174682,14.735304645761593,4.559617521483938,17.13882113165386,NORMAL,Pressure,0,Telemetry remains within the expected prototype operating envelope.
54.4,steady,120.77624529138494,752.7781987794248,0.2203162026247444,497.4691414090604,0,normal,0.0923516837822958,False,1.2695363680441043,False,2.0533568921013203,False,0.1520031178140331,False,0,NORMAL,0,1.8300805457815206,22.42362675171796,33.67951607838543,2.99431719311658,27.222845250738164,NORMAL,Vibration,0,Telemetry remains within the expected prototype operating envelope.
54.5,steady,119.42769718083954,754.991020555619,0.2082461709647391,495.7690530355711,0,normal,0.6772434649722342,False,1.758509383582329,False,0.8569462911129393,False,0.4424818252669644,False,0,NORMAL,0,12.667603058322541,29.65101825884584,15.750643791132257,8.469356218001867,25.095291234301264,NORMAL,Temperature,0,Telemetry remains within the expected prototype operating envelope.
54.6,steady,119.10013532339188,752.9367129507319,0.2088822040508939,501.6377895330583,0,normal,0.8641778534730575,False,1.304563659072897,False,0.919991422086076,False,0.5602560433963507,False,0,NORMAL,0,15.872406611009115,22.965185643358854,16.806276891736083,10.600152415305942,20.72372255480663,NORMAL,Temperature,0,Telemetry remains within the expected prototype operating envelope.
54.7,steady,118.55486066690636,747.0909713052563,0.2033827509045278,498.5755961846639,0,normal,1.1753575044536455,False,0.0128148380893547,False,0.3748723843495655,False,0.0370467916402468,False,0,NORMAL,0,20.948567487039725,0.2559686020507046,7.223283445157569,0.7381976701129722,16.168595371957405,NORMAL,Pressure,0,Telemetry remains within the expected prototype operating envelope.
54.8,steady,119.5485274855881,750.227277805164,0.2083660736264485,500.3648597238187,0,normal,0.6082875147693093,False,0.7058526884080368,False,0.8688313316494254,False,0.342762052241451,False,0,NORMAL,0,11.45484188740169,13.165878582758662,15.950667370859428,6.6255479147856455,14.497665669691603,NORMAL,Vibration,0,Telemetry remains within the expected prototype operating envelope.
54.9,steady,119.4054239888446,754.1465624100734,0.1956942016582559,510.4107773251213,0,normal,0.6899544245387064,False,1.5719072584742722,False,0.3872351298288075,False,2.059217035117329,False,0,NORMAL,0,12.889336807307227,26.975957642151695,7.452395070197559,33.75720004970899,29.03623286963032,NORMAL,Thrust,0,Telemetry remains within the expected prototype operating envelope.
55.0,steady,120.06842086331592,749.014224553752,0.1907556146660436,500.7469430546124,0,normal,0.3115925594761493,False,0.4378011386932985,False,0.8767597638829595,False,0.408045171518642,False,0,NORMAL,0,6.0416429418060025,8.383630847817535,16.083837647409272,7.836778515155429,13.809759841632497,NORMAL,Vibration,0,Telemetry remains within the expected prototype operating envelope.
55.1,steady,120.91788100209584,754.3532080539744,0.1894309512420948,495.23648875541767,0,normal,0.1731809512004419,False,1.61757028689036,False,1.0080635920581054,False,0.5334762618779685,False,0,NORMAL,0,3.40432231574459,27.63982140929916,18.258856495148212,10.120046171760356,23.16540047534028,NORMAL,Temperature,0,Telemetry remains within the expected prototype operating envelope.
55.2,steady,117.98222191523556,749.2150906120492,0.2208191915826168,501.604468886942,0,normal,1.5021534132006251,False,0.4821870369619595,False,2.103214368728548,False,0.5545628462859602,False,0,NORMAL,0,25.95007681690071,9.193326591427208,34.33754425898544,10.498300249076664,29.317587961024664,NORMAL,Vibration,0,Telemetry remains within the expected prototype operating envelope.
55.3,steady,119.70929843416329,750.750374892618,0.1996620863237253,490.0752500986124,0,normal,0.5165380687416911,False,0.8214428199872409,False,0.0060711522911473,False,1.4153303803246828,False,0,NORMAL,0,9.815049050021752,15.150285917680161,0.1213493578703928,24.653000011780147,20.37667238717544,NORMAL,Thrust,0,Telemetry remains within the expected prototype operating envelope.
55.4,steady,120.0641787616356,755.0039619408324,0.2072792127807747,498.445613030201,0,normal,0.3140134600344368,False,1.7613690753212206,False,0.7610990676262893,False,0.0148377469295075,False,0,NORMAL,0,6.087124698048163,29.691242035374145,14.120051575025006,0.2963150563539352,23.691346492413302,NORMAL,Temperature,0,Telemetry remains within the expected prototype operating envelope.
55.5,steady,118.87591117185708,755.2010397425569,0.2201099585501429,503.9990560936813,0,normal,0.9921390421806612,False,1.804917872626809,False,2.032913482821632,False,0.9637042812510996,False,0,NORMAL,0,17.99810329447252,30.300955322824286,33.40779761245092,17.53043388238531,30.39833133290474,NORMAL,Vibration,0,Telemetry remains within the expected prototype operating envelope.
55.6,steady,119.34491999435376,748.988351639134,0.1985414040184039,495.1390310601242,0,normal,0.7244831004356254,False,0.4320839330793387,False,0.1050135762493288,False,0.5501279758721597,False,0,NORMAL,0,13.488827633738032,8.278813008714636,2.0783694251092832,10.418879344099297,11.76591578545008,NORMAL,Pressure,0,Telemetry remains within the expected prototype operating envelope.
55.7,steady,119.22225542993635,752.140301133162,0.2146892819821182,498.1160686615334,0,normal,0.7944858337170829,False,1.128578456723156,False,1.4956029692126551,False,0.0414685155870037,False,0,NORMAL,0,14.691592012718612,20.20550679300821,25.853001267165222,0.8259405245985674,22.192354375937825,NORMAL,Vibration,0,Telemetry remains within the expected prototype operating envelope.
55.8,steady,119.92482894199526,746.1225490915227,0.1922283261479923,499.2819140697134,0,normal,0.3935382054524222,False,0.2011799513951905,False,0.7307810557210667,False,0.1577289335214866,False,0,NORMAL,0,7.5689884755834385,3.943727106376349,13.597727733594722,3.1053409432958645,11.307404149485976,NORMAL,Vibration,0,Telemetry remains within the expected prototype operating envelope.
55.9,steady,119.4074729830662,746.1887685853063,0.2140743855083739,487.9609315034913,0,normal,0.6887850958359071,False,0.1865472566562286,False,1.434652950155478,False,1.776584855228221,False,0,NORMAL,0,12.8689622251835,3.66220293778049,24.943617635924255,29.904877325094702,25.683890522160066,NORMAL,Thrust,0,Telemetry remains within the expected prototype operating envelope.
56.0,steady,118.53255131207592,748.0871401668479,0.1963719534038193,503.24357326485216,0,normal,1.1880891015802817,False,0.2329408769226705,False,0.3200547448827363,False,0.8346217705750403,False,0,NORMAL,0,21.14960162805708,4.551960481650841,6.2005270607787715,15.373637472316727,17.8838671394824,NORMAL,Pressure,0,Telemetry remains within the expected prototype operating envelope.
56.1,steady,117.921419203055,747.3041295605499,0.2021676310337001,498.0935734854063,0,normal,1.5368525625742078,False,0.0599169752786563,False,0.2544267769244377,False,0.0453120626562171,False,0,NORMAL,0,26.462191635828724,1.191188012612554,4.961237888996106,0.9021472635548422,20.13314148337549,NORMAL,Pressure,0,Telemetry remains within the expected prototype operating envelope.
56.2,steady,119.76577513831306,753.8474126012649,0.2025564456610102,504.51004002509774,0,normal,0.4843077039579445,False,1.5058033427931865,False,0.2929670189914516,False,1.0510114790660128,False,0,NORMAL,0,9.231832568077136,26.004112493050414,5.690985191630893,18.957971524412788,22.142602025985255,NORMAL,Temperature,0,Telemetry remains within the expected prototype operating envelope.
56.3,steady,118.81471414512276,753.9052788209839,0.1914208361486626,507.0028701079156,0,normal,1.0270632206542687,False,1.5185901927140455,False,0.8108214087709547,False,1.4769387847569166,False,0,NORMAL,0,18.56887736748486,26.193105589073895,14.969849595724948,25.575705386769666,24.489928202565203,NORMAL,Temperature,0,Telemetry remains within the expected prototype operating envelope.
56.4,steady,118.9534233746329,754.3597026377965,0.2132465388803889,487.5839589950708,0,normal,0.9479040499256024,False,1.619005412064171,False,1.3525947990575278,False,1.8409947345608595,False,0,NORMAL,0,17.26941403780813,27.660587611722008,23.701656616300504,30.802049919138053,28.721781913624497,NORMAL,Thrust,0,Telemetry remains within the expected prototype operating envelope.
56.5,steady,118.2151689404707,753.1924638908699,0.2161385439121622,498.4565587616829,0,normal,1.3692142179758695,False,1.3610776132337663,False,1.6392573013267062,False,0.0167079449630761,False,0,NORMAL,0,23.954842429381173,23.830991806415437,27.95299698154363,0.33360120977437013,24.82578587537589,NORMAL,Vibration,0,Telemetry remains within the expected prototype operating envelope.
56.6,steady,121.0226199085548,753.7846207387587,0.2013921275152233,500.23885700273786,0,normal,0.2329537940573958,False,1.4919280607025918,False,0.1775570008753975,False,0.3212331081430937,False,0,NORMAL,0,4.552207064369462,25.798484547896027,3.488826827542757,6.222630426647536,20.2744529819473,NORMAL,Temperature,0,Telemetry remains within the expected prototype operating envelope.
56.7,steady,119.39818394493444,749.2354685841948,0.2197292342411765,505.0883499154548,0,normal,0.6940862034692884,False,0.4866900107657261,False,1.9951751725891311,False,1.1498220539030044,False,0,NORMAL,0,12.961291473696889,9.275069791466606,32.90328060704538,20.54381201627854,28.009434609822147,NORMAL,Vibration,0,Telemetry remains within the expected prototype operating envelope.
56.8,steady,119.03654478627908,753.953377574056,0.2101097561264915,493.75563064913945,0,normal,0.9004679705893944,False,1.5292186999830657,False,1.041669339582907,False,0.7864970785253009,False,0,NORMAL,0,16.48079613090451,26.34983037775358,18.806408789681818,14.555181469251831,23.7942087127041,NORMAL,Temperature,0,Telemetry remains within the expected prototype operating envelope.
56.9,steady,119.22084336973694,752.8759257192459,0.1972027679031659,502.3611274710849,0,normal,0.7952916742137773,False,1.291131345541942,False,0.2377024112292307,False,0.6838462476269646,False,0,NORMAL,0,14.705339898801451,22.757956255132438,4.64281303796048,12.782854310821357,19.59545587232371,NORMAL,Temperature,0,Telemetry remains within the expected prototype operating envelope.
57.0,steady,118.49028462932657,750.5562646996206,0.1805879984966528,507.2233964364694,0,normal,1.2122100311514905,False,0.7785497829438811,False,1.8845983607068784,False,1.5146181218293575,False,0,NORMAL,0,21.52907454930606,14.419262433238734,31.402882572154954,26.13444905008986,28.59186967481981,NORMAL,Vibration,0,Telemetry remains within the expected prototype operating envelope.
57.1,steady,119.7249605681194,752.9971193406237,0.2033368364815281,509.98133511799375,0,normal,0.5075999357840963,False,1.3179118170406705,False,0.3703212361867047,False,1.9858421334372995,False,0,NORMAL,0,9.653687849733107,23.170565950712728,7.138796883283738,32.77792038244477,27.670483216879354,NORMAL,Thrust,0,Telemetry remains within the expected prototype operating envelope.
57.2,steady,118.6372277235264,751.9004280303614,0.2045722272842208,504.12258346979,0,normal,1.12835192363953,False,1.075573069807333,False,0.4927761471876976,False,0.984810285566314,False,0,NORMAL,0,20.20189149258981,19.35509954349117,9.385435468207826,17.877820775302645,18.978001107147627,NORMAL,Pressure,0,Telemetry remains within the expected prototype operating envelope.
57.3,steady,118.90279724439108,752.8345277397236,0.2107177243685884,491.9932174470335,0,normal,0.9767955844060188,False,1.281983525730177,False,1.1019326156370393,False,1.08762466514305,False,0,NORMAL,0,17.746078270807107,22.61650764033022,19.779133417263107,19.549245413989556,21.673689381173766,NORMAL,Temperature,0,Telemetry remains within the expected prototype operating envelope.
57.4,steady,119.26057588194774,756.2702590448537,0.2118353777864698,500.7235219989888,0,normal,0.7726169558213438,False,2.041186058406744,False,1.2127171135613477,False,0.404043427802953,False,0,NORMAL,0,14.31765501903729,33.5178843228009,21.537032390967337,7.762986270850536,28.53598613514049,NORMAL,Temperature,0,Telemetry remains within the expected prototype operating envelope.
57.5,steady,118.44465153830636,751.6668279223258,0.2060516204134581,499.5418573087727,0,normal,1.2382521168562577,False,1.0239538429518042,False,0.6394171563172528,False,0.2021430812037599,False,0,NORMAL,0,21.936721343674492,18.518221594924356,12.004405148052545,3.9622282563630207,19.195756803402183,NORMAL,Pressure,0,Telemetry remains within the expected prototype operating envelope.
57.6,steady,119.36964073580366,751.7061059340472,0.1970751495725941,507.0730050230745,0,normal,0.710375362977329,False,1.0326332079338325,False,0.2503522474415487,False,1.4889221026951798,False,0,NORMAL,0,13.244387564884185,18.659540922068985,4.883758676502481,25.753861807924704,22.21239571014684,NORMAL,Thrust,0,Telemetry remains within the expected prototype operating envelope.
57.7,steady,120.55503291152324,752.8224482174313,0.2071997428004738,501.0768185865072,0,normal,0.033890734307745,False,1.2793142820951604,False,0.7532218118269189,False,0.4644080168973701,False,0,NORMAL,0,0.675522703799114,22.575185532546993,13.984645275670326,8.869861108608134,18.708076875460193,NORMAL,Temperature,0,Telemetry remains within the expected prototype operating envelope.
57.8,steady,119.7794203999256,748.8307992483079,0.2007060096991102,504.5621333660856,0,normal,0.4765205682537176,False,0.3972691691990066,False,0.1095473508721798,False,1.0599121965775429,False,0,NORMAL,0,9.090357620729051,7.637934099633503,2.1671201022173125,19.102109633494745,15.741154389178114,NORMAL,Thrust,0,Telemetry remains within the expected prototype operating envelope.
57.9,steady,119.20891514081052,750.6029632209314,0.2225943922384874,493.4804727447876,0,normal,0.8020989264306042,False,0.7888688773382908,False,2.279176532158713,False,0.8335108183096231,False,0,NORMAL,0,14.821385338630533,14.595703441328933,36.60817692427622,15.35483221338676,30.91607356857151,NORMAL,Vibration,0,Telemetry remains within the expected prototype operating envelope.
58.0,steady,119.54638387955356,754.5956903912883,0.2010163365109349,500.2659419789602,0,normal,0.6095108369423337,False,1.6711522431810415,False,0.1403076916812463,False,0.3258608727976518,False,0,NORMAL,0,11.476503088477497,28.411121237823643,2.7671470519870733,6.309386191189992,22.751592591914708,NORMAL,Temperature,0,Telemetry remains within the expected prototype operating envelope.
58.1,steady,119.50341011891692,746.6414381190239,0.2169178190581081,493.7161101390397,0,normal,0.6340352847177432,False,0.0865196858299738,False,1.7165009301720058,False,0.7932495902597905,False,0,NORMAL,0,11.909637956153174,1.7155083864638487,29.05747799502413,14.670497012725237,23.905758814922745,NORMAL,Vibration,0,Telemetry remains within the expected prototype operating envelope.
58.2,steady,119.99114129288976,754.3721061215452,0.2105214520158896,500.7038089413657,0,normal,0.355694792116371,False,1.6217462423095297,False,1.082477627442776,False,0.4006752361326853,False,0,NORMAL,0,6.866753335568909,27.70023075509773,19.466386159962212,7.70083094983095,23.40689259585376,NORMAL,Temperature,0,Telemetry remains within the expected prototype operating envelope.
58.3,steady,119.44904560815338,751.6020203399103,0.2136560432633574,506.4015006135604,0,normal,0.6650602540316733,False,1.0096331419607183,False,1.393185859523274,False,1.374188224170825,False,0,NORMAL,0,12.454545788793848,18.284511828970363,24.3185553049738,24.030454630560317,22.727266859146575,NORMAL,Vibration,0,Telemetry remains within the expected prototype operating envelope.
58.4,steady,119.2679210175459,750.7752942081854,0.2059971004342101,487.1372251369499,0,normal,0.7684252027210409,False,0.826949306324843,False,0.6340130046981565,False,1.9173241040842168,False,0,NORMAL,0,14.245793053441458,15.243679239604413,11.909245424280268,31.850394789850156,27.112053957780528,NORMAL,Thrust,0,Telemetry remains within the expected prototype operating envelope.
58.5,steady,121.0008284531134,752.5469948346012,0.2163748783289273,504.2474038830573,0,normal,0.22051775394814,False,1.2184466276407115,False,1.6626833377747372,False,1.0061372194334084,False,0,NORMAL,0,4.3145130734467685,21.626891831566443,28.289762600879698,18.227357647454212,24.728466641489675,NORMAL,Vibration,0,Telemetry remains within the expected prototype operating envelope.
58.6,steady,118.33558808319276,751.4671974455919,0.2071696603763489,503.0430793438836,0,normal,1.3004929114600836,False,0.979840974372851,False,0.7502399695136379,False,0.8003651896094397,False,0,NORMAL,0,22.902442248242828,17.79616207038205,13.933333131857173,14.79184475724431,20.961168404533893,NORMAL,Pressure,0,Telemetry remains within the expected prototype operating envelope.
58.7,steady,121.08988193991436,753.2981885198004,0.1811318082651527,502.02541349640086,0,normal,0.2713391750644986,False,1.3844398610121265,False,1.830694627039784,False,0.6264858403912161,False,0,NORMAL,0,5.282161500939941,24.1860574956683,30.65935372577361,11.776530836171018,26.22018898312622,NORMAL,Vibration,0,Telemetry remains within the expected prototype operating envelope.
58.8,steady,121.61087132875264,754.9250673990459,0.207096881648633,498.8602632988519,0,normal,0.5686596066213425,False,1.7439355420733826,False,0.743025966782039,False,0.0856852840110782,False,0,NORMAL,0,10.750281672191885,29.445668148192627,13.80906647343545,1.6991052661082584,24.013794932818925,NORMAL,Temperature,0,Telemetry remains within the expected prototype operating envelope.
58.9,steady,120.53081574343196,755.6639214551338,0.2090016665035112,499.0105607990175,0,normal,0.0477110903883947,False,1.907202055325666,False,0.931832828037398,False,0.1113652570420729,False,0,NORMAL,0,0.9496835579368312,31.712292323662574,17.00306989875269,2.202683835869379,25.15141635180005,NORMAL,Temperature,0,Telemetry remains within the expected prototype operating envelope.
59.0,steady,118.81562622053058,751.6313812102884,0.1965357788213526,510.1963253735359,0,normal,1.0265427135965963,False,1.0161210902817586,False,0.3038159750294936,False,2.022575571838908,False,0,NORMAL,0,18.560399831421904,18.390476237797948,5.895394220107574,33.269970324842454,28.28565176488746,NORMAL,Thrust,0,Telemetry remains within the expected prototype operating envelope.
59.1,steady,119.78996076543292,750.5864015161337,0.2138863667348716,492.3814368547061,0,normal,0.4705053478124862,False,0.7852091941118732,False,1.4160160766045693,False,1.0212931299667694,False,0,NORMAL,0,8.980923499062321,14.533170024555087,24.663332334798906,18.474850130876852,21.86324016668244,NORMAL,Vibration,0,Telemetry remains within the expected prototype operating envelope.
59.2,steady,118.30542132479522,751.2589913424717,0.2005730896757681,509.7789080998445,0,normal,1.3177086049417264,False,0.9338331272017144,False,0.0963719981067787,False,1.9512552616590624,False,0,NORMAL,0,23.167443353147434,17.03626699588183,1.9089836067029187,32.311308087420876,27.514450435599464,NORMAL,Thrust,0,Telemetry remains within the expected prototype operating envelope.
59.3,steady,118.64378512794646,752.3334066390156,0.2082773912387503,500.95432281446153,0,normal,1.1246097163051088,False,1.1712494854205853,False,0.8600409198467256,False,0.4434782734280652,False,0,NORMAL,0,20.142144923588045,20.883591840704817,15.802771753504585,8.487595508826907,19.28949379878776,NORMAL,Temperature,0,Telemetry remains within the expected prototype operating envelope.
59.4,steady,119.72236126305262,747.8556897939633,0.1883541136053255,501.8291957493636,0,normal,0.5090833182113784,False,0.1817966826660997,False,1.1148023314802271,False,0.5929598905479535,False,0,NORMAL,0,9.680487500486123,3.570627474469956,19.98535185766007,11.182988030886232,16.877181008035503,NORMAL,Vibration,0,Telemetry remains within the expected prototype operating envelope.
59.5,steady,118.09157542424175,756.2447999307919,0.1999083004354481,503.5278561331414,0,normal,1.4397470894125783,False,2.0355602913840114,False,0.030476487892227,False,0.8831946103281845,False,0,NORMAL,0,25.020048227284718,33.44303964602974,0.6076758937462734,16.191765706266303,28.323447098835445,NORMAL,Temperature,0,Telemetry remains within the expected prototype operating envelope.
59.6,steady,118.99636568413382,751.6037458034467,0.2099613405746649,500.555003325253,0,normal,0.9233975508175696,False,1.01001442215133,False,1.0269580327231864,False,0.3752501678220032,False,0,NORMAL,0,16.862931298436678,18.29074289077046,18.567164235201762,7.230293082370009,17.4018807597243,NORMAL,Vibration,0,Telemetry remains within the expected prototype operating envelope.
59.7,steady,119.21226215109462,754.9326622288221,0.1929453646950565,492.24666059938113,0,normal,0.8001888404223009,False,1.7456137914733587,False,0.6597064684134356,False,1.0443211284241667,False,0,NORMAL,0,14.78883942646293,29.469345727301246,12.360755665794109,18.849459024490155,25.758559709100048,NORMAL,Temperature,0,Telemetry remains within the expected prototype operating envelope.
59.8,steady,116.44794708141043,752.5832162376231,0.198895556234186,501.0241817870894,0,normal,2.3777398752145293,False,1.2264505658038345,False,0.0699091558749206,False,0.455414443564492,False,0,NORMAL,0,37.84556276737511,21.75225017104363,1.3884539340648372,8.705796482726901,30.697671342374736,NORMAL,Pressure,0,Telemetry remains within the expected prototype operating envelope.
59.9,steady,120.27462918093796,754.5674968459978,0.2136928712825589,498.3667090780923,0,normal,0.1939127231886806,False,1.6649222417377645,False,1.3968363414629417,False,0.0013561430441618,False,0,NORMAL,0,3.8040130264046623,28.321865879667985,24.373789888640694,0.027119182967849653,23.355306769831294,NORMAL,Temperature,0,Telemetry remains within the expected prototype operating envelope.
60.0,steady,119.3229987739991,745.7151359106521,0.1908940307363702,499.8254549008554,0,normal,0.7369931953353167,False,0.2912071075645276,False,0.8630396297067884,False,0.2505988340161072,False,0,NORMAL,0,13.705009670418955,5.657784246336739,15.853253225769127,4.888449438460207,13.813758047586122,NORMAL,Vibration,0,Telemetry remains within the expected prototype operating envelope.
60.1,steady,120.86440028295614,753.6832409030714,0.2063357663659167,502.8069648995486,0,normal,0.1426603478345224,False,1.469525893251011,False,0.6675823873063204,False,0.7600224523312337,False,0,NORMAL,0,2.8128873839735613,25.46528370832908,12.498694913482112,14.101557650809704,21.354296480365917,NORMAL,Temperature,0,Telemetry remains within the expected prototype operating envelope.
60.2,steady,118.82185765429048,747.1787670245978,0.1964534548987214,500.23979855773393,0,normal,1.0229865325794647,False,0.0322152878226461,False,0.3119761204645105,False,0.3213939831202541,False,0,NORMAL,0,18.502456436111792,0.6422345575857968,6.048850417411433,6.22564766454512,14.775775727592402,NORMAL,Pressure,0,Telemetry remains within the expected prototype operating envelope.
60.3,steady,118.9394815864494,751.1937590295095,0.1898116937511743,505.1543366596042,0,normal,0.9558604086695603,False,0.9194185723908168,False,0.9703234777865728,False,1.1610966114192192,False,0,NORMAL,0,17.40095619459481,16.796744845917555,17.639538101489727,20.722776837818724,19.818806342816494,NORMAL,Thrust,0,Telemetry remains within the expected prototype operating envelope.
60.4,steady,121.12701463623706,752.9702342219057,0.1946837530475341,493.920624116308,0,normal,0.2925302195119734,False,1.3119709420393073,False,0.4873932291341589,False,0.7583061386726121,False,0,NORMAL,0,5.682746006033257,23.079224884050287,9.287828781689422,14.072066855582166,19.56215949577626,NORMAL,Temperature,0,Telemetry remains within the expected prototype operating envelope.
60.5,steady,118.17244693585968,751.4631387905024,0.1892538413804178,495.5231431260551,0,normal,1.393594992556032,False,0.9789441227422876,False,1.025619148001848,False,0.484498224990626,False,0,NORMAL,0,24.32474780741294,17.781415818684444,18.54535547946694,9.23529115118219,21.926181972283732,NORMAL,Pressure,0,Telemetry remains within the expected prototype operating envelope.
60.6,steady,118.78360292904637,753.6911892243627,0.2110621915577621,494.0017948237068,0,normal,1.0448179012452086,False,1.4712822545956536,False,1.1360770328539114,False,0.744437234834479,False,0,NORMAL,0,18.857521300605452,25.491461089271628,20.32508611955276,13.833390742646756,23.438852392583257,NORMAL,Temperature,0,Telemetry remains within the expected prototype operating envelope.
60.7,steady,120.38102550050434,751.1392026882537,0.1978255099889335,492.2602035591797,0,normal,0.1331940207980771,False,0.907363114970996,False,0.1759747162172326,False,1.0420071655039371,False,0,NORMAL,0,2.6287120942848907,16.59589214616294,3.4582803647472793,18.81189446430589,15.858524570380165,NORMAL,Thrust,0,Telemetry remains within the expected prototype operating envelope.
60.8,steady,119.62548608738294,753.9072878368962,0.2174805261235367,500.8689226353816,0,normal,0.5643684538673668,False,1.5190341302147912,False,1.7722778094125622,False,0.4288867180582229,False,0,NORMAL,0,10.673651958996144,26.19965842781302,29.844470730469908,8.220143781539669,25.955974403452082,NORMAL,Vibration,0,Telemetry remains within the expected prototype operating envelope.
60.9,steady,120.28272406926402,749.8871159742637,0.1907984820969894,511.795307250589,0,normal,0.1892930980253463,False,0.6306862389380709,False,0.872510640909186,False,2.295779127683342,False,0,NORMAL,0,3.7150940751005446,11.850614460074294,16.012493317955425,36.818321596111204,29.916604839280915,NORMAL,Thrust,0,Telemetry remains within the expected prototype operating envelope.
61.0,steady,119.19840965947964,757.4793910044784,0.1831779630481187,506.2326766953099,0,normal,0.8080942390222384,False,2.3083711100190807,False,1.6278748381145145,False,1.3453428098233968,False,0,NORMAL,0,14.92345861448472,36.977237920645365,27.78879567864674,23.590913371872535,33.0722401371638,NORMAL,Temperature,0,Telemetry remains within the expected prototype operating envelope.
61.1,steady,119.5328123507789,752.3353543492613,0.1966396096151249,493.92789676360354,0,normal,0.6172558944782774,False,1.1716798760478166,False,0.2935240167416096,False,0.7570635272771581,False,0,NORMAL,0,11.61352085540408,20.890401739715337,5.701490588285374,14.05070919598237,18.151171839011347,NORMAL,Temperature,0,Telemetry remains within the expected prototype operating envelope.
61.2,steady,118.8624742084042,754.374010215353,0.205350629759086,499.1256200506263,0,normal,0.9998073054086992,False,1.6221669948984003,False,0.5699332747742123,False,0.131024389596003,False,0,NORMAL,0,18.123769331643114,27.706314562133294,10.773013681542665,2.5864509689571213,23.188189963010807,NORMAL,Temperature,0,Telemetry remains within the expected prototype operating envelope.
61.3,steady,119.66776410880873,752.8111055067616,0.2204709894417027,503.398620994128,0,normal,0.5402410534922576,False,1.2768078536515206,False,2.068699734101958,False,0.8611133722446196,False,0,NORMAL,0,10.24156777797901,22.536363851538443,33.88271309820765,15.820829320713026,29.24089249307331,NORMAL,Vibration,0,Telemetry remains within the expected prototype operating envelope.
61.4,steady,118.55605441103654,751.2477804227241,0.2276582154353314,506.0187130765873,0,normal,1.1746762534962238,False,0.9313558209428242,False,2.781114880366193,False,1.3087847835597737,False,0,NORMAL,0,20.937795980429463,16.995151496148043,42.662938630681026,23.03019290736704,36.79819202372241,NORMAL,Vibration,0,Telemetry remains within the expected prototype operating envelope.
61.5,steady,119.91527679485031,754.1570696343324,0.1893186803311829,492.6078098493247,0,normal,0.3989894652520934,False,1.574229067300501,False,1.0191921550794187,False,0.9826148260006636,False,0,NORMAL,0,7.669706652984932,27.009859343430254,18.44058647416027,17.841753672709405,23.765575360767087,NORMAL,Temperature,0,Telemetry remains within the expected prototype operating envelope.
61.6,steady,119.45580386505492,749.2405942487898,0.2197938155775152,506.5766201752269,0,normal,0.6612034233522295,False,0.4878226422774924,False,2.001576630149318,False,1.4041093181067803,False,0,NORMAL,0,12.386990138343467,9.295619046876702,32.98912900015873,24.48371545261301,28.369036043427464,NORMAL,Vibration,0,Telemetry remains within the expected prototype operating envelope.
61.7,steady,118.22237807093092,755.110566985885,0.1944928432298266,504.09641897314646,0,normal,1.365100080863866,False,1.7849258709528353,False,0.5063166699478937,False,0.980339794923184,False,0,NORMAL,0,23.892244638333548,30.021712749478414,9.630497206722543,17.80436265404839,26.63213479641197,NORMAL,Temperature,0,Telemetry remains within the expected prototype operating envelope.
61.8,steady,119.76895676967573,755.1791132644796,0.2058161518525118,496.86792513747565,0,normal,0.4824919970931431,False,1.8000727214172023,False,0.6160769455828334,False,0.2547274986126463,False,0,NORMAL,0,9.198864905535997,30.233382105741345,11.59267776981543,4.9669537605031895,24.55098774112152,NORMAL,Temperature,0,Telemetry remains within the expected prototype operating envelope.
61.9,steady,118.15262044692442,751.772269324053,0.2082953517723692,498.42687609507294,0,normal,1.4049096572551247,False,1.0472535052742846,False,0.8618212111853369,False,0.0116363364719688,False,0,NORMAL,0,24.49580221300861,18.897037864763668,15.832745536217807,0.23245613074559524,21.124850091119967,NORMAL,Pressure,0,Telemetry remains within the expected prototype operating envelope.
62.0,steady,119.23694061325342,753.7773009579008,0.2103344002434176,505.1341466486212,0,normal,0.7861052310889592,False,1.4903105895814843,False,1.063936605362386,False,1.157646927046771,False,0,NORMAL,0,14.548484940235495,25.774476903260968,19.167196672429064,20.6680616854218,23.76725425473752,NORMAL,Temperature,0,Telemetry remains within the expected prototype operating envelope.
62.1,steady,118.6461084383997,751.0880592300022,0.2002393136501855,506.28377997414486,0,normal,1.1232838396531164,False,0.8960618112350389,False,0.0632873147677944,False,1.3540743643790665,False,0,NORMAL,0,20.12096578251449,16.40716390785949,1.2577694180806898,23.724230952707515,20.802886499611574,NORMAL,Thrust,0,Telemetry remains within the expected prototype operating envelope.
62.2,steady,118.2411674925917,753.8839832474871,0.203909647960852,505.9156130102313,0,normal,1.3543772541104366,False,1.5138844541397225,False,0.4270996892625,False,1.291169008709241,False,0,NORMAL,0,23.728851442195577,26.123609701239502,8.187335269727436,22.75853808894428,24.050200574740025,NORMAL,Temperature,0,Telemetry remains within the expected prototype operating envelope.
62.3,steady,119.52582580460418,750.52182570047,0.2034925891088377,503.8984240452645,0,normal,0.6212430062472718,False,0.7709397072261132,False,0.3857598116348919,False,0.946510194279928,False,0,NORMAL,0,11.68397411541201,14.288908079179329,7.425083608014749,17.24634792401154,15.641503601686544,NORMAL,Thrust,0,Telemetry remains within the expected prototype operating envelope.
62.4,steady,118.31328024091631,749.2704534434392,0.2111097119268419,507.48814121360607,0,normal,1.3132236453959991,False,0.494420706616143,False,1.140787366259111,False,1.559852664848873,False,0,NORMAL,0,23.098494252706637,9.415234774557213,20.400109857004022,26.799690213207562,24.394732434614014,NORMAL,Thrust,0,Telemetry remains within the expected prototype operating envelope.
62.5,steady,120.31354652850582,746.1256189554405,0.2060116112451166,495.7959656800993,0,normal,0.1717032064080695,False,0.2005015955360335,False,0.6354513512150927,False,0.4378835053686631,False,0,NORMAL,0,3.3757693446192727,3.930694155193226,11.93458278571864,8.385140062533814,10.174770116172798,NORMAL,Vibration,0,Telemetry remains within the expected prototype operating envelope.
62.6,steady,119.64993156539096,758.2511442379587,0.2101979031655745,496.47755082649337,0,normal,0.5504178049162157,False,2.4789074405478004,False,1.050406686341829,False,0.3214272226065395,False,0,NORMAL,0,10.424071835717385,39.09052790284663,18.948168205692127,6.2262710647326465,31.94413405013683,NORMAL,Temperature,0,Telemetry remains within the expected prototype operating envelope.
62.7,steady,119.1073868527228,749.2835861762671,0.1992558503011717,503.47277217760194,0,normal,0.8600395199939008,False,0.4973226809378887,False,0.034195940420544,False,0.8737829135858175,False,0,NORMAL,0,15.80274818075572,9.467794452923195,0.6815854062841131,16.03386160119783,14.095784134380166,NORMAL,Thrust,0,Telemetry remains within the expected prototype operating envelope.
62.8,steady,119.4746627269339,752.4199047404229,0.2205900481904802,497.3893657838427,0,normal,0.6504409681609002,False,1.190363197125014,False,2.0805011239566173,False,0.1656336565912143,False,0,NORMAL,0,12.198200809002824,21.185456141707636,34.03858425199241,3.2584050078669047,28.30963630721992,NORMAL,Vibration,0,Telemetry remains within the expected prototype operating envelope.
62.9,steady,118.3292445082016,751.9828584768462,0.2025489562870288,498.6456133674573,0,normal,1.3041130897101465,False,1.0937879411645677,False,0.2922246542091118,False,0.0490099937152011,False,0,NORMAL,0,22.958243425125612,19.64835236042458,5.676981813844995,0.975411573081264,19.23301977892334,NORMAL,Pressure,0,Telemetry remains within the expected prototype operating envelope.
63.0,steady,119.5074612386863,746.5567248278018,0.1884058202345138,502.70060829997,0,normal,0.6317233745254682,False,0.1052390033595943,False,1.109677045893178,False,0.7418502631342275,False,0,NORMAL,0,11.868897136797408,2.0827841636309574,19.903290221338,13.788797091459115,17.10596839752693,NORMAL,Vibration,0,Telemetry remains within the expected prototype operating envelope.
63.1,steady,119.92576748476245,747.1077151670454,0.2015162087081851,498.4702178289516,0,normal,0.3930025938899738,False,0.0165147730225951,False,0.1898562274909057,False,0.0190417461154707,False,0,NORMAL,0,7.559086521532543,0.3297505850605731,3.725937637979093,0.3801106658180897,5.962958712405304,NORMAL,Pressure,0,Telemetry remains within the expected prototype operating envelope.
63.2,steady,120.0740763675375,752.9720643239575,0.2158817361640417,501.244514815474,0,normal,0.3083650523678358,False,1.3123753444763455,False,1.6138018989779774,False,0.4930607531872082,False,0,NORMAL,0,5.980973109623,23.085446022245705,27.585264608294903,9.390593211155739,23.709121228632128,NORMAL,Vibration,0,Telemetry remains within the expected prototype operating envelope.
63.3,steady,117.79071665400922,752.3842644021619,0.1923434901110276,502.4907999957744,0,normal,1.6114424469757378,False,1.1824876583618915,False,0.7193657264072386,False,0.70600221784083,False,0,NORMAL,0,27.551084725867636,21.06121692326489,13.400240302693788,13.168475395312996,24.486544089688653,NORMAL,Pressure,0,Telemetry remains within the expected prototype operating envelope.
63.4,steady,119.42584860425433,750.1440305539318,0.206333453549135,505.01563387265895,0,normal,0.6782984184892499,False,0.6874573255694125,False,0.6673531353379978,False,1.137397722055435,False,0,NORMAL,0,12.686027438428338,12.845821152467419,12.494682852221139,20.346128500064797,18.332591270070516,NORMAL,Thrust,0,Telemetry remains within the expected prototype operating envelope.
63.5,steady,118.62663726056964,747.9403519034698,0.2125289019492139,500.629575255224,0,normal,1.1343957339054374,False,0.2005046904381693,False,1.281460898476015,False,0.3879915983076363,False,0,NORMAL,0,20.298290144815446,3.9307536201947935,22.608418673160237,7.466395880237808,19.44705974041488,NORMAL,Vibration,0,Telemetry remains within the expected prototype operating envelope.
63.6,steady,119.15940171796034,755.5320893481577,0.1899738147422016,500.63883550905626,0,normal,0.8303554563428527,False,1.8780707698392407,False,0.9542536547926102,False,0.3895738140358494,False,0,NORMAL,0,15.3013981261505,31.313269305555135,17.374408662514917,7.495672872507042,26.608540583199503,NORMAL,Temperature,0,Telemetry remains within the expected prototype operating envelope.
63.7,steady,120.43314363464788,757.9424101982282,0.2053685060889195,502.5809043671343,0,normal,0.1034510232102601,False,2.4106856722922805,False,0.5717052196308628,False,0.7213975359528852,False,0,NORMAL,0,2.0477630946678427,38.25376194107199,10.804629139023337,13.43542399723372,30.512333351746523,NORMAL,Temperature,0,Telemetry remains within the expected prototype operating envelope.
63.8,steady,120.43564289966874,753.3188498131414,0.1920155243720809,498.5986297561689,0,normal,0.1020247320601973,False,1.3890054410414467,False,0.7518744801445651,False,0.0409823294529524,False,0,NORMAL,0,2.019817427266146,24.255252823548133,13.961463909993954,0.8162966452192166,19.35803703083369,NORMAL,Temperature,0,Telemetry remains within the expected prototype operating envelope.
63.9,steady,120.59331293094314,750.3509896001882,0.1976484801821133,510.2929832081922,0,normal,0.0120449306546072,False,0.7331896073236925,False,0.1935223369308063,False,2.0390906208881137,False,0,NORMAL,0,0.24060868524065082,13.639338576871317,3.796502014913483,33.49001665981254,26.245576598351477,NORMAL,Thrust,0,Telemetry remains within the expected prototype operating envelope.
64.0,steady,119.10421558252663,753.5333654462025,0.1993108815109902,496.6889372299005,0,normal,0.8618493139043082,False,1.4364075215462846,False,0.0287411143963333,False,0.2853095417892776,False,0,NORMAL,0,15.833218600628118,24.969951371450826,0.5731733456220134,5.546440709104184,20.336211993788485,NORMAL,Temperature,0,Telemetry remains within the expected prototype operating envelope.
64.1,steady,118.59573885317486,753.8561059776756,0.1876164031282082,494.4403213400109,0,normal,1.152028967936399,False,1.5077243409162626,False,1.1879259702696665,False,0.6695101794965236,False,0,NORMAL,0,20.578874872898524,26.0325362247105,21.14702899232378,12.532425277066784,23.946599265674287,NORMAL,Temperature,0,Telemetry remains within the expected prototype operating envelope.
64.2,steady,119.64556459213644,756.3871424998564,0.2157773651664124,496.9406581592386,0,normal,0.5529099677134777,False,2.0670141011682817,False,1.6034563943830586,False,0.2423002657226999,False,0,NORMAL,0,10.468708269807491,33.86041944526984,27.435276095573833,4.730460426901672,28.70257326021127,NORMAL,Temperature,0,Telemetry remains within the expected prototype operating envelope.
64.3,steady,120.28169001897672,754.6965344384984,0.2162762920823204,503.9940975818178,0,normal,0.1898832142239846,False,1.6934360160514488,False,1.6529112316299814,False,0.962857065224299,False,0,NORMAL,0,3.7264572610614777,28.729465382907982,28.14947354327345,17.51645879079897,25.50981480946885,NORMAL,Temperature,0,Telemetry remains within the expected prototype operating envelope.
64.4,steady,119.1350520079076,749.3488521040181,0.1995547899940457,501.8001676748744,0,normal,0.8442514520315666,False,0.5117446636965568,False,0.0045643182603681,False,0.5880001262857221,False,0,NORMAL,0,15.536465606472948,9.728548993890406,0.09124471188056704,11.094842031407659,13.28817401177693,NORMAL,Pressure,0,Telemetry remains within the expected prototype operating envelope.
64.5,steady,120.00398867259057,751.7371476478804,0.2049657498155008,496.66348953064426,0,normal,0.3483629950417042,False,1.039492576629409,False,0.5317830480321455,False,0.2896575597528556,False,0,NORMAL,0,6.730086345503983,18.771053253896564,10.089603821053528,5.6285421605759005,15.80787210337289,NORMAL,Temperature,0,Telemetry remains within the expected prototype operating envelope.
64.6,steady,121.2182463539254,751.4352769830384,0.1978700967797841,503.9466758785359,0,normal,0.3445947226590554,False,0.972787426274198,False,0.1715551661497328,False,0.954754548149692,False,0,NORMAL,0,6.659766562471525,17.680114489962474,3.3729084470531134,17.38268556988838,15.437928487045964,NORMAL,Temperature,0,Telemetry remains within the expected prototype operating envelope.
64.7,steady,119.15579496097152,749.7627070397043,0.2176318649215249,491.9373618654969,0,normal,0.8324137757010006,False,0.60319527127595,False,1.787278875470565,False,1.0971682026330951,False,0,NORMAL,0,15.336258304689165,11.364617249564413,30.05463684702445,19.702655918023726,26.225603678504797,NORMAL,Vibration,0,Telemetry remains within the expected prototype operating envelope.
64.8,steady,119.91101733902752,755.9565084965784,0.2103705947963076,501.6382797783927,0,normal,0.4014202695459261,False,1.971855779137356,False,1.067524296595966,False,0.560339807177863,False,0,NORMAL,0,7.714583118214358,32.5896187754677,19.22517649654757,10.60165009662082,27.319717196653418,NORMAL,Temperature,0,Telemetry remains within the expected prototype operating envelope.
64.9,steady,118.7193497741628,752.8167236551063,0.1999459094494706,499.3335861109878,0,normal,1.0814861638781026,False,1.278049310585571,False,0.034204383919073,False,0.1665576673655023,False,0,NORMAL,0,19.450415347795936,22.555595017619858,0.6817531251200104,3.276281411236004,18.68299069035794,NORMAL,Temperature,0,Telemetry remains within the expected prototype operating envelope.
65.0,steady,119.62804696494196,751.2395206190806,0.2224871385339845,506.6777269895743,0,normal,0.562907001413009,False,0.9295306305281492,False,2.268545286717349,False,1.4213845240338951,False,0,NORMAL,0,10.647538900766085,16.964846034388582,36.47324672148139,24.74417711390995,31.48021863638568,NORMAL,Vibration,0,Telemetry remains within the expected prototype operating envelope.
65.1,steady,118.11867656658316,753.9038995501348,0.2144495698371492,494.0486821168542,0,normal,1.424280894689115,False,1.518285411627039,False,1.471842124211983,False,0.7364260275809008,False,0,NORMAL,0,24.787758241389735,26.188606462848995,25.499803635607734,13.695220368035265,24.9125907127915,NORMAL,Temperature,0,Telemetry remains within the expected prototype operating envelope.
65.2,steady,120.9657169348321,753.2361353371222,0.2042908878879467,494.001727500462,0,normal,0.2004801639479106,False,1.37072780693513,False,0.4648891088054075,False,0.744448737747764,False,0,NORMAL,0,3.930282370751881,23.977859167598147,8.878629081261092,13.833588975825606,20.01488992353951,NORMAL,Temperature,0,Telemetry remains within the expected prototype operating envelope.
65.3,steady,119.46995393957611,753.8623392731379,0.2262756131077203,496.3269948903638,0,normal,0.6531281988786849,False,1.5091017285177923,False,2.6440680085517387,False,0.3471513522507716,False,0,NORMAL,0,12.245376868944092,26.052909791855917,41.06962959856851,6.707481643034042,34.22685655552976,NORMAL,Vibration,0,Telemetry remains within the expected prototype operating envelope.
65.4,steady,121.88152778770925,750.3640946360292,0.2192449866285569,502.87691060194095,0,normal,0.723118981235604,False,0.7360854613698065,False,1.947175383229744,False,0.7719734411972559,False,0,NORMAL,0,13.465222103560526,13.689341669469213,32.25605322036408,14.306626740962415,27.41669341999282,NORMAL,Vibration,0,Telemetry remains within the expected prototype operating envelope.
65.5,steady,118.5509075060388,752.6835096382797,0.1967687806881325,501.8044799161475,0,normal,1.1776135110448347,False,1.248612660865093,False,0.2807202689602817,False,0.5887369199082018,False,0,NORMAL,0,20.98422755205901,22.098309478558075,5.459706279746213,11.107942016864747,19.583292377195203,NORMAL,Temperature,0,Telemetry remains within the expected prototype operating envelope.
65.6,steady,119.71089892166898,752.6738988104854,0.1865912145016461,500.1947492905994,0,normal,0.5156246957515875,False,1.2464889311101937,False,1.2895451354368852,False,0.3136968227296571,False,0,NORMAL,0,9.798573045531512,22.065214022851766,22.733447945740526,6.081177245787684,20.086102237473597,NORMAL,Vibration,0,Telemetry remains within the expected prototype operating envelope.
65.7,steady,118.89782684670372,753.3559248808473,0.2109021639648019,494.3996006199922,0,normal,0.979632112014978,False,1.397198015722554,False,1.120214712516954,False,0.6764677602329289,False,0,NORMAL,0,17.79272814117745,24.379260101504663,20.071918948652147,12.65405317643845,22.400090598158144,NORMAL,Temperature,0,Telemetry remains within the expected prototype operating envelope.
65.8,steady,119.59171389783162,752.9584868247471,0.1854885489394032,494.75459642515295,0,normal,0.583641710073998,False,1.3093750889637592,False,1.3988440010217689,False,0.6158128412050065,False,0,NORMAL,0,11.017311108754601,23.039279509583555,24.404150129655566,11.588007894316465,21.991963090478258,NORMAL,Vibration,0,Telemetry remains within the expected prototype operating envelope.
65.9,steady,118.96791191726685,747.0507946539174,0.2137597208427898,505.3441991013812,0,normal,0.9396356670355808,False,0.0039368983606481,False,1.4034626308368687,False,1.1935366877948057,False,0,NORMAL,0,17.132491223695478,0.07870697700977924,24.473947736983327,21.235463714088077,21.413619373569624,NORMAL,Vibration,0,Telemetry remains within the expected prototype operating envelope.
66.0,steady,118.5140152660224,756.9666249941346,0.2089154436909311,501.03552809609727,0,normal,1.1986673308687534,False,2.195063863569907,False,0.9232862152426944,False,0.4573530846530168,False,0,NORMAL,0,21.316244805618766,35.53274546408191,16.86108005515836,8.74118696015671,30.310769564092123,NORMAL,Temperature,0,Telemetry remains within the expected prototype operating envelope.
66.1,steady,118.38679320937813,752.5616406243106,0.2152560652663709,510.9701584634242,0,normal,1.2712709531217317,False,1.221682946098985,False,1.5517838930779893,False,2.15479342547537,False,0,NORMAL,0,22.450534647927157,21.67760348520944,26.681467529032687,35.01142398114998,32.01676568153792,NORMAL,Thrust,0,Telemetry remains within the expected prototype operating envelope.
66.2,steady,119.7664056254075,754.8171347593463,0.197214772045559,500.846843138671,0,normal,0.4839478949118754,False,1.720085384380306,False,0.2365125317310289,False,0.4251141943672669,False,0,NORMAL,0,9.225300491502509,29.108317813856154,4.620117625232489,8.150869314481879,23.392059537950388,NORMAL,Temperature,0,Telemetry remains within the expected prototype operating envelope.
66.3,steady,119.70501916083258,752.0217624269832,0.2136331706200027,500.7100489246915,0,normal,0.5189801825748985,False,1.1023846487799152,False,1.3909186680400174,False,0.4017414055855576,False,0,NORMAL,0,9.85908667790869,19.786385587525157,24.284230658136597,7.720510162532202,21.179143572822767,NORMAL,Vibration,0,Telemetry remains within the expected prototype operating envelope.
66.4,steady,119.37557989547508,753.945918363896,0.2126824180239518,498.3294788715919,0,normal,0.7069859781752096,False,1.527570418804377,False,1.296677781448008,False,0.0050050452511529,False,0,NORMAL,0,13.185557996675279,26.32554713773363,22.843592357812458,0.10005082078011762,22.57639611691449,NORMAL,Temperature,0,Telemetry remains within the expected prototype operating envelope.
66.5,steady,120.20486781402626,752.7804242468121,0.2033612306629355,497.5488142946186,0,normal,0.2337244355969392,False,1.270028135393414,False,0.3727392461853822,False,0.1383901332322454,False,0,NORMAL,0,4.566917137539795,22.431256282004696,7.183693889792753,2.729849964771558,17.810091844787575,NORMAL,Temperature,0,Telemetry remains within the expected prototype operating envelope.
66.6,steady,119.3053248091544,751.1515331066246,0.1964363594206574,504.4988612747308,0,normal,0.7470794484673917,False,0.9100877997687146,False,0.3136706654135935,False,1.0491014672053598,False,0,NORMAL,0,13.878912831615342,16.641329745672184,6.080685911636263,18.92700736347791,17.161249173345787,NORMAL,Thrust,0,Telemetry remains within the expected prototype operating envelope.
66.7,steady,120.44191968325508,750.5902875565995,0.2082760123214726,498.0877806015861,0,normal,0.0984426706119937,False,0.786067902637564,False,0.8599042382459319,False,0.0463018402647005,False,0,NORMAL,0,1.9495980703279736,14.547846983308787,15.80047007965726,0.9217622891769417,13.177027326243426,NORMAL,Vibration,0,Telemetry remains within the expected prototype operating envelope.
66.8,steady,117.81548761469458,754.0262197327752,0.1962407332355138,500.6706084048743,0,normal,1.5973060501913978,False,1.5453148223144677,False,0.3330616039239085,False,0.3950025610664063,False,0,NORMAL,0,27.345961569690857,26.58654558162802,6.444217263474794,7.596054886031367,23.722493209121247,NORMAL,Pressure,0,Telemetry remains within the expected prototype operating envelope.
66.9,steady,118.77952990961072,753.5675069124309,0.2191276611470585,498.7455689404583,0,normal,1.0471423092318042,False,1.4439518506360305,False,1.9355457990012392,False,0.066088497457015,False,0,NORMAL,0,18.89523417902289,25.083076280528882,32.09830304758048,1.3130729305102506,27.63549454422103,NORMAL,Vibration,0,Telemetry remains within the expected prototype operating envelope.
67.0,steady,119.96037377478773,749.9800611961759,0.2168675157818192,493.09413765473823,0,normal,0.373253329691252,False,0.6512245877229744,False,1.7115147483034097,False,0.8995203971945911,False,0,NORMAL,0,7.193236465625663,12.211960372234643,28.986696244435173,16.46496651587138,24.516327773722466,NORMAL,Vibration,0,Telemetry remains within the expected prototype operating envelope.
67.1,steady,119.8181445694509,751.7464665957662,0.1949457439678388,501.9266901440109,0,normal,0.4544212951368226,False,1.0415518089174998,False,0.4614240582782209,False,0.6096178750284479,False,0,NORMAL,0,8.68766094272252,18.80450021989001,8.815459164225848,11.478398145330203,16.404201759243257,NORMAL,Temperature,0,Telemetry remains within the expected prototype operating envelope.
67.2,steady,118.30949186713208,749.6201769438824,0.2199560433580367,492.4497751130807,0,normal,1.315385610596362,False,0.5717000232136006,False,2.017657038375078,False,1.009616790505962,False,0,NORMAL,0,23.13173874070229,10.804536439702195,33.20429525083364,18.284244595111865,29.05746322784749,NORMAL,Vibration,0,Telemetry remains within the expected prototype operating envelope.
67.3,steady,120.63925891264816,755.4988309307172,0.1987369602757968,496.0880223124955,0,normal,0.0141757168317069,False,1.8707215703497655,False,0.085629569146039,False,0.3879824329277097,False,0,NORMAL,0,0.2831128142861905,31.212236575545194,1.6980098957887546,7.466226258954789,23.84566750925468,NORMAL,Temperature,0,Telemetry remains within the expected prototype operating envelope.
67.4,steady,118.11090935770312,751.3517732161645,0.2160148082904152,498.72159737436033,0,normal,1.428713518358006,False,0.95433538050331,False,1.6269923285620915,False,0.0619926930009928,False,0,NORMAL,0,24.854406207091596,17.375759178512507,27.77604913826436,1.232199339662754,24.287793152930814,NORMAL,Vibration,0,Telemetry remains within the expected prototype operating envelope.
67.5,steady,117.77012631344095,755.4615215165003,0.2128223255198343,497.18772758540126,0,normal,1.6231930297607515,False,1.8624772115071924,False,1.3105457493164108,False,0.2000857498881053,False,0,NORMAL,0,27.721148208414846,31.098720813666503,23.057296373176385,3.9227038223763055,27.721657085426205,NORMAL,Temperature,0,Telemetry remains within the expected prototype operating envelope.
67.6,steady,119.45928675475125,750.929084574534,0.2054026773480728,510.14456452629776,0,normal,0.6592157931053131,False,0.8609327658168004,False,0.5750923571174702,False,2.0137316645239336,False,0,NORMAL,0,12.352154761132395,15.817788605933458,10.86503207426378,33.151835038375246,27.86503869191809,NORMAL,Thrust,0,Telemetry remains within the expected prototype operating envelope.
67.7,steady,120.48612284585823,750.4853893893626,0.217071699704986,503.7158076729663,0,normal,0.0732166225140608,False,0.7628882802612507,False,1.731753950412349,False,0.9153081881888872,False,0,NORMAL,0,1.453663243694825,14.150777574924767,29.27356577312802,16.728317254295177,24.418371089061957,NORMAL,Vibration,0,Telemetry remains within the expected prototype operating envelope.
67.8,steady,118.869866581416,754.881615797531,0.206639983872071,507.618401329311,0,normal,0.9955885946610548,False,1.7343339280386325,False,0.6977371590270354,False,1.5821090314193789,False,0,NORMAL,0,18.054657752707637,29.31005088282026,13.024823167061816,27.124800684156813,26.709037166423492,NORMAL,Temperature,0,Telemetry remains within the expected prototype operating envelope.
67.9,steady,118.73063505216976,756.7609243577929,0.1959626862911719,498.395020344362,0,normal,1.075045833615807,False,2.149609655945865,False,0.360622286542942,False,0.006193432776052,False,0,NORMAL,0,19.34659531308872,34.9440118822833,6.958490835315844,0.1237919699683232,28.083735598541562,NORMAL,Temperature,0,Telemetry remains within the expected prototype operating envelope.
68.0,steady,118.45071759007766,752.2685730873037,0.2018488008008361,498.3305195948101,0,normal,1.2347903167330143,False,1.1569230459261477,False,0.2228235565469738,False,0.0048272262977692,False,0,NORMAL,0,21.882654735520557,20.656575475495142,4.358629269226222,0.09649793672225071,18.335731852072726,NORMAL,Pressure,0,Telemetry remains within the expected prototype operating envelope.
68.1,steady,116.32519048646218,750.457616679769,0.2102299967061285,504.20089200031225,0,normal,2.447795128869214,False,0.7567512719826165,False,1.0535878753580343,False,0.9981901551562408,False,0,NORMAL,0,38.710339379159464,14.045341404148836,18.999720043748503,18.09728381534893,33.023830502664154,NORMAL,Pressure,0,Telemetry remains within the expected prototype operating envelope.
68.2,steady,120.07640358383668,751.0576150304903,0.2079225164449696,501.07172717879945,0,normal,0.3070369467111336,False,0.8893344768418618,False,0.8248648758012351,False,0.4635380941609229,False,0,NORMAL,0,5.9559963523024395,16.294616818394225,15.208338141097466,8.854004493285672,14.64388456490073,NORMAL,Temperature,0,Telemetry remains within the expected prototype operating envelope.
68.3,steady,119.05405141500682,757.3202820478691,0.1983936417970809,493.1199426998708,0,normal,0.8904772135414534,False,2.273212387726405,False,0.1196601234164082,False,0.8951113227765986,False,0,NORMAL,0,16.313745275095005,36.532516210374574,2.3647924656176933,16.391271592178313,30.011339021779214,NORMAL,Temperature,0,Telemetry remains within the expected prototype operating envelope.
68.4,steady,119.39228648094064,753.1867491976949,0.2011290519413297,500.9643068149589,0,normal,0.6974517932054609,False,1.3598148225360538,False,0.1514803165440436,False,0.4451841491959988,False,0,NORMAL,0,13.019859076846297,23.81175227396728,2.9841737239904464,8.51881194204578,19.706916217053088,NORMAL,Temperature,0,Telemetry remains within the expected prototype operating envelope.
68.5,steady,120.17642339351544,746.8503948133359,0.2187525773919992,501.7004069366751,0,normal,0.249957217996827,False,0.040345978559976,False,1.898366594053628,False,0.5709549122024086,False,0,NORMAL,0,4.87624363644138,0.8036727142715749,31.59151496341601,10.791243344834234,24.739968758879684,NORMAL,Vibration,0,Telemetry remains within the expected prototype operating envelope.
68.6,steady,120.29600608813644,753.0188844417627,0.1944085672892123,502.18399684677246,0,normal,0.1817132592269039,False,1.3227213083661362,False,0.5146703041055671,False,0.6535815416252369,False,0,NORMAL,0,3.5690185670688157,23.244432518275826,9.781353904534473,12.253333092623574,19.38309321909827,NORMAL,Temperature,0,Telemetry remains within the expected prototype operating envelope.
68.7,steady,119.37381770480728,756.3754707820917,0.2099733320989237,499.56775627419375,0,normal,0.7079916326109081,False,2.064434971166353,False,1.0281466614815324,False,0.2065682029310699,False,0,NORMAL,0,13.203017306549858,33.826294129359155,18.586520616448198,4.047186421872229,28.082605300578525,NORMAL,Temperature,0,Telemetry remains within the expected prototype operating envelope.
68.8,steady,120.15874972561208,748.8577064773616,0.198562971277003,502.0725548414029,0,normal,0.2600433016691535,False,0.4032149299790647,False,0.10287577764622,False,0.6345404551849649,False,0,NORMAL,0,5.067935462641204,7.747701371503613,2.0364931284269416,11.918537636430326,10.089482878592394,NORMAL,Thrust,0,Telemetry remains within the expected prototype operating envelope.
68.9,steady,118.69164923547116,751.7540369021951,0.2076400729852115,501.15108406875873,0,normal,1.0972944246500125,False,1.0432246393293088,False,0.7968683999879927,False,0.4770970874358117,False,0,NORMAL,0,19.704682950982622,18.831660936376238,14.732232916084143,9.100839246965364,18.265367822549436,NORMAL,Pressure,0,Telemetry remains within the expected prototype operating envelope.
69.0,steady,120.33893416413709,748.6480753899027,0.2108174320368285,508.9409839881426,0,normal,0.1572148829531023,False,0.3568922002915327,False,1.111815879794297,False,1.8080867554176716,False,0,NORMAL,0,3.095378680281635,6.889054367305625,19.937545605806427,30.34511494832184,24.997695406559306,NORMAL,Thrust,0,Telemetry remains within the expected prototype operating envelope.
69.1,steady,119.35180674027104,753.675073776432,0.2007445786938934,504.7382881945276,0,normal,0.7205529431003382,False,1.467721181916327,False,0.1133704025035168,False,1.090010177173932,False,0,NORMAL,0,13.4208003977346,25.438376123115003,2.241895541756034,19.58761950766712,21.845204992423618,NORMAL,Temperature,0,Telemetry remains within the expected prototype operating envelope.
69.2,steady,117.816403982294,752.1521166746566,0.1994293437799659,487.7887930770829,0,normal,1.5967830936476286,False,1.131189367830852,False,0.016998849055861,False,1.805996589574394,False,0,NORMAL,0,27.338362191317643,20.247163181678296,0.33939971375611666,30.315990809007342,26.55147416673372,NORMAL,Thrust,0,Telemetry remains within the expected prototype operating envelope.
69.3,steady,120.26438859219672,750.6435334061531,0.1871263311397757,506.8994433775392,0,normal,0.1997568657550599,False,0.7978337772783581,False,1.236503085783865,False,1.4592671957828955,False,0,NORMAL,0,3.9163839548764234,14.74869444006346,21.90940954703834,25.312200897945438,22.218015857157855,NORMAL,Thrust,0,Telemetry remains within the expected prototype operating envelope.
69.4,steady,118.74621589329442,753.6454490009746,0.195731775007065,503.42392331163705,0,normal,1.0661540931956572,False,1.4611749177996824,False,0.3835107690237896,False,0.8654365501453697,False,0,NORMAL,0,19.203037875680007,25.3406921740028,7.383433255038185,15.893582169906406,22.40576514213172,NORMAL,Temperature,0,Telemetry remains within the expected prototype operating envelope.
69.5,steady,120.091825779535,752.392217206341,0.1999151268848071,491.89110259075335,0,normal,0.298235742734977,False,1.1842450103019744,False,0.0311531419897683,False,1.1050721060682047,False,0,NORMAL,0,5.790310479799643,21.088956692843077,0.6211258283045473,19.8294881353964,17.84918644977807,NORMAL,Temperature,0,Telemetry remains within the expected prototype operating envelope.
69.6,steady,120.78465344371293,753.3889466931248,0.2049854602534183,506.0722640582932,0,normal,0.0971500837733733,False,1.4044949319503257,False,0.5337367940983421,False,1.3179345549430308,False,0,NORMAL,0,1.924247061820017,24.48953925298324,10.124729374534358,23.17091533795226,21.14277572932697,NORMAL,Temperature,0,Telemetry remains within the expected prototype operating envelope.
69.7,steady,119.85831591684158,751.0572418457633,0.2073676322433122,504.8188078328482,0,normal,0.4314961404248422,False,0.889252013236673,False,0.7698634176539758,False,1.103767838733572,False,0,NORMAL,0,8.268029766900986,16.293236277475643,14.27045610239338,19.808572651611613,18.00659801840594,NORMAL,Thrust,0,Telemetry remains within the expected prototype operating envelope.
69.8,steady,119.1695431360592,751.9680540756448,0.2047497565460606,495.3218040399664,0,normal,0.8245679088987916,False,1.0905165739100575,False,0.5103732750854271,False,0.5188992116680208,False,0,NORMAL,0,15.20330192810504,19.59576320867088,9.703786150133464,9.857626907789129,17.493787927672194,NORMAL,Temperature,0,Telemetry remains within the expected prototype operating envelope.
69.9,steady,118.10346604480512,755.8443548005135,0.1986194189303158,499.58950314241866,0,normal,1.4329612996957068,False,1.9470728835790372,False,0.097280550332268,False,0.2102838934043573,False,0,NORMAL,0,24.918219506943885,32.2546644599529,1.9268061496317102,4.1184661243201965,26.497120570043645,NORMAL,Temperature,0,Telemetry remains within the expected prototype operating envelope.
70.0,steady,119.12794623186446,755.263676593907,0.1917899569792192,495.1380748360782,1,pressure,0.8483066064069864,False,1.8187589014968208,False,0.7742332632578919,False,0.5502913572170608,False,0,NORMAL,0,15.604940369357989,30.49362981638121,14.345348344977992,10.421806473069317,26.021610318479105,NORMAL,Temperature,0,Telemetry remains within the expected prototype operating envelope.
70.1,steady,119.67963101892576,748.308743440053,0.2025908482474035,499.84281173540734,1,pressure,0.5334687949533443,False,0.2819091318078922,False,0.2963770861910897,False,0.2535644391838998,False,0,NORMAL,0,10.119911946292037,5.482182696063931,5.75528327866447,4.944845373171769,8.879387303331642,NORMAL,Pressure,0,Telemetry remains within the expected prototype operating envelope.
70.2,steady,119.751906214688,752.6523949058976,0.20867306421891,503.5260702649128,1,pressure,0.4922224800470023,False,1.2417371570697968,False,0.8992609783620906,False,0.8828894751935497,False,0,NORMAL,0,9.37540085126438,21.99111311878368,16.460632291262534,16.186650982828755,19.895430786071586,NORMAL,Temperature,0,Telemetry remains within the expected prototype operating envelope.
70.3,steady,119.66952513337134,750.6532455593674,0.1985065567609379,496.4085753768831,1,pressure,0.5392360645344108,False,0.7999798971763363,False,0.1084677203163936,False,0.3332124331645367,False,0,NORMAL,0,10.223524718080801,14.78527849276361,2.145993148069225,6.447039410441658,12.550591650114933,NORMAL,Temperature,0,Telemetry remains within the expected prototype operating envelope.
70.4,steady,119.66772166848529,749.5379701530559,0.1888638026909321,504.1628738528865,1,pressure,0.5402652735158341,False,0.5535345736321696,False,1.0642807220590698,False,0.991694338529177,False,0,NORMAL,0,10.242002567194863,10.479891926199713,19.17275966444798,17.99080966154809,17.52727186608787,NORMAL,Vibration,0,Telemetry remains within the expected prototype operating envelope.
70.5,steady,119.21811680289488,749.3010707413239,0.1983158641580693,498.16385023617215,1,pressure,0.7968476829301094,False,0.5011862910094943,False,0.127369630272276,False,0.0333045105519932,False,0,NORMAL,0,14.731879615898958,9.537723659756136,2.5152203237264192,0.6638767474750895,11.977483030684276,NORMAL,Pressure,0,Telemetry remains within the expected prototype operating envelope.
70.6,steady,118.55511709315188,752.9768287516531,0.2072287952141109,491.5964446491124,1,pressure,1.1752111660375242,False,1.313428152525638,False,0.7561015570205375,False,1.1554176406670509,False,0,NORMAL,0,20.946253800896564,23.101639569623277,14.03417147288738,20.632683077190638,21.903606163307444,NORMAL,Temperature,0,Telemetry remains within the expected prototype operating envelope.
70.7,steady,119.14340066547422,751.9282991087437,0.2073546829316992,503.9821979806377,1,pressure,0.8394870047629551,False,1.0817318148944932,False,0.768579850706871,False,0.9608238881119164,False,0,NORMAL,0,15.45594283676911,19.45437266805109,14.248445355500072,17.482911240823196,18.476488543083263,NORMAL,Temperature,0,Telemetry remains within the expected prototype operating envelope.
70.8,steady,118.79927172116253,748.1843041549648,0.1907627894861619,493.62568845867617,1,pressure,1.0358759685806318,False,0.2544114575100302,False,0.8760485784369288,False,0.8086991240883252,False,0,NORMAL,0,18.712277346998242,4.960946700913715,16.071900807828353,14.933750297815296,16.947381851484973,NORMAL,Pressure,0,Telemetry remains within the expected prototype operating envelope.
70.9,steady,119.9189497409124,748.9855623203471,0.2112455246924921,495.6416372980789,1,pressure,0.3968933728332088,False,0.4314675700115165,False,1.1542494546073867,False,0.4642521986858153,False,0,NORMAL,0,7.63099197301359,8.267505601342473,20.614137752191542,8.867021117303963,17.369909477761514,NORMAL,Vibration,0,Telemetry remains within the expected prototype operating envelope.
71.0,steady,119.41488342195892,753.1631742846182,0.1981328442858478,501.4897818869025,1,pressure,0.6845560751748108,False,1.3546054123331297,False,0.1455110006916176,False,0.5349673169872351,False,0,NORMAL,0,12.795235258497728,23.73233174072864,2.8682809357447714,10.146845368529068,19.761001295529883,NORMAL,Temperature,0,Telemetry remains within the expected prototype operating envelope.
71.1,steady,118.5723179768711,752.5878275013994,0.1822100080810856,500.5315156071018,1,pressure,1.1653948928463111,False,1.227469528821273,False,1.7238208651390423,False,0.3712370340838055,False,0,NORMAL,0,20.790898716104966,21.768194858938404,29.161260937543798,7.155803744658707,25.856483456912482,NORMAL,Vibration,0,Telemetry remains within the expected prototype operating envelope.
71.2,steady,117.92290999940518,751.9723490127211,0.2008041902012718,498.5703135472067,1,pressure,1.5360017885974324,False,1.0914656373892575,False,0.1192792386505455,False,0.0361441952079471,False,0,NORMAL,0,26.449677760477908,19.611023505268367,2.3573546296931203,0.7202773829535936,21.49189470617003,NORMAL,Pressure,0,Telemetry remains within the expected prototype operating envelope.
71.3,steady,118.85222480509448,751.8933786597838,0.2100376559180067,500.1605022347342,1,pressure,1.005656478310358,False,1.0740153519531317,False,1.0345225933112694,False,0.3078453383733631,False,0,NORMAL,0,18.219494975085404,19.329971229153752,18.690271810249392,5.971200000905341,18.007938375296902,NORMAL,Temperature,0,Telemetry remains within the expected prototype operating envelope.
71.4,steady,120.05945601739153,748.3792151011488,0.209861497964021,504.9070581702055,1,pressure,0.316708655727218,False,0.297481439079405,False,1.0170613927499448,False,1.1188463748423854,False,0,NORMAL,0,6.137733772089005,5.776096865049363,18.405822322080844,20.05004223440374,17.43987578180444,NORMAL,Thrust,0,Telemetry remains within the expected prototype operating envelope.
71.5,steady,120.55715878707753,751.9762187166618,0.2079908133433929,506.1899714457399,1,pressure,0.0326775306403048,False,1.0923207359902798,False,0.8316346288217695,False,1.3380461504908625,False,0,NORMAL,0,0.6514196156974128,19.6247704300049,15.323064178674473,23.47932575498635,20.430937488935403,NORMAL,Thrust,0,Telemetry remains within the expected prototype operating envelope.
71.6,steady,119.57128664228412,752.1902977971793,0.17865256450917,502.0482292809838,1,pressure,0.5952992228084671,False,1.1396263503377164,False,2.0764432377845763,False,0.6303841669244233,False,0,NORMAL,0,11.224532811700138,20.381624362932328,33.985029739750026,11.845288806724463,28.865960956434378,NORMAL,Vibration,0,Telemetry remains within the expected prototype operating envelope.
71.7,steady,118.57679013413072,752.8849942354198,0.1956780907920451,497.6654755015015,1,pressure,1.1628427031954178,False,1.293135239279663,False,0.3888320776802029,False,0.1184572890850373,False,0,NORMAL,0,20.750457065796247,22.788907022063178,7.481949090092355,2.3413018442838274,19.482018378786684,NORMAL,Temperature,0,Telemetry remains within the expected prototype operating envelope.
71.8,steady,119.50273078070292,752.254945179333,0.2113856893631325,502.3840288238235,1,pressure,0.6344229723276763,False,1.1539116514579717,False,1.168142914257032,False,0.6877591944161804,False,0,NORMAL,0,11.91646799974121,20.608774212154245,20.834420416403432,12.85108281992441,19.33581349738177,NORMAL,Vibration,0,Telemetry remains within the expected prototype operating envelope.
71.9,steady,120.79541656341937,750.8909487081467,0.2086971559854266,500.0328122495313,1,pressure,0.1032924265246378,False,0.8525057836765229,False,0.9016490122686224,False,0.286028106731275,False,0,NORMAL,0,2.0446560653671453,15.67578857798746,16.500521733294004,5.560013937026909,14.20617490408771,NORMAL,Vibration,0,Telemetry remains within the expected prototype operating envelope.
72.0,steady,117.64605928062508,757.1672608071705,0.1890651454214428,506.1903433892778,1,pressure,1.693996129649305,False,2.239398883940978,False,1.044323145807373,False,1.3381097011155376,False,0,NORMAL,0,28.737448854847624,36.10185001775046,18.84949176683126,23.480298336135284,32.8434977968997,NORMAL,Temperature,0,Telemetry remains within the expected prototype operating envelope.
72.1,steady,121.14860188789146,753.5291563205027,0.189789863308824,502.7742044002701,1,pressure,0.3048497237389653,False,1.435477420031389,False,0.972487363796806,False,0.7544249624393436,False,0,NORMAL,0,5.914848311930099,24.95599296083877,17.675174119965032,14.005340670945621,21.69463908011716,NORMAL,Temperature,0,Telemetry remains within the expected prototype operating envelope.
72.2,steady,118.060659392445,755.753159003238,0.2041340487103986,505.4862933843263,1,pressure,1.457390381411925,False,1.9269211097317451,False,0.4493428318813304,False,1.2178150513728283,False,0,NORMAL,0,25.284160608694705,31.981075764340705,8.594868554691427,21.61699148726547,28.441945183133285,NORMAL,Temperature,0,Telemetry remains within the expected prototype operating envelope.
72.3,steady,117.84623301974342,750.3390765533563,0.1882318238677357,501.0871853442012,1,pressure,1.5797601321873924,False,0.7305571502065887,False,1.1269239847257042,False,0.4661792909219354,False,0,NORMAL,0,27.090557341429665,13.593858457915376,20.179098873220426,8.902138680602755,23.7133569403315,NORMAL,Pressure,0,Telemetry remains within the expected prototype operating envelope.
72.4,steady,120.3816269179881,748.439716569335,0.2098038702234915,505.3299739733399,1,pressure,0.1328508013205799,False,0.3108506067465714,False,1.011349192349596,False,1.1911061689634197,False,0,NORMAL,0,2.6220279203620023,6.027699375387674,18.312552595808885,21.197166668935598,17.99210990885138,NORMAL,Thrust,0,Telemetry remains within the expected prototype operating envelope.
72.5,steady,118.9526168309977,753.5246686783198,0.2029500451394282,497.1320963117928,1,pressure,0.9483643316642072,False,1.4344857740007748,False,0.3319815470214948,False,0.2095909619133968,False,0,NORMAL,0,17.277029562862534,24.941108066492568,6.424005966837276,4.105177336674714,20.82711082484604,NORMAL,Temperature,0,Telemetry remains within the expected prototype operating envelope.
72.6,steady,118.8432635059626,751.1243820812448,0.1915758694028809,497.6167516414191,1,pressure,1.0107705504628497,False,0.9040881666768232,False,0.79545413931572,False,0.1267822939021655,False,0,NORMAL,0,18.30309849302756,16.541245423448892,14.70811133490475,2.5037683797980548,16.4519335881961,NORMAL,Pressure,0,Telemetry remains within the expected prototype operating envelope.
72.7,steady,119.80614462783429,747.2073413203193,0.2110810309287589,500.0423875150213,1,pressure,0.4612694726554907,False,0.038529424684509,False,1.1379444366695304,False,0.2876641456492692,False,0,NORMAL,0,8.812639956839485,0.7676270722303924,20.354837611039944,5.590910380495617,16.33917076147894,NORMAL,Vibration,0,Telemetry remains within the expected prototype operating envelope.
72.8,steady,118.9050017839614,751.5571252176717,0.1995552916867343,503.322430585651,1,pressure,0.975537488424656,False,0.9997125493761164,False,0.0045145892730709,False,0.8480954069906748,False,0,NORMAL,0,17.725379001073737,18.122217663583985,0.0902510346945995,15.601375456601051,16.28912350747551,NORMAL,Temperature,0,Telemetry remains within the expected prototype operating envelope.
72.9,steady,119.21347132766452,750.7700166261099,0.1875787468411963,492.1712926474074,1,pressure,0.7994987824147989,False,0.8257831052100486,False,1.1916585521090497,False,1.0571985679820664,False,0,NORMAL,0,14.777078486172023,15.22390835085946,21.20587205944764,19.058192351331005,19.93200882282435,NORMAL,Vibration,0,Telemetry remains within the expected prototype operating envelope.
73.0,steady,117.89536381798108,750.1066811125283,0.2173536576856751,507.41871716506114,1,pressure,1.551721960109983,False,0.6792041218147437,False,1.7597023043713131,False,1.5479908062526095,False,0,NORMAL,0,26.680559356542954,12.7018421171066,29.667800409349187,26.625825714363394,27.65572268084616,NORMAL,Vibration,0,Telemetry remains within the expected prototype operating envelope.
73.1,steady,119.69265184491395,755.3752646849852,0.2028622051595256,494.77764919220783,1,pressure,0.5260380148165962,False,1.84341681384188,False,0.3232746367078885,False,0.6118740236225,False,0,NORMAL,0,9.986236805237581,30.835562385733617,6.260912446475054,11.518332712334434,25.170706931332663,NORMAL,Temperature,0,Telemetry remains within the expected prototype operating envelope.
73.2,steady,119.13051461924653,749.6928141373367,0.2112533638507321,503.6284921933974,1,pressure,0.8468408682149958,False,0.5877508538343388,False,1.1550264908476662,False,0.9003893827659906,False,0,NORMAL,0,15.580196530313007,11.090409599586781,20.62647393198732,16.47948340209918,18.98765735889056,NORMAL,Vibration,0,Telemetry remains within the expected prototype operating envelope.
73.3,steady,119.18120622079776,753.3565384875011,0.1973759608082589,495.69564548095343,1,pressure,0.8179119702903596,False,1.39733360598974,False,0.2205351134535482,False,0.455024309478454,False,0,NORMAL,0,15.090346438992409,24.381310760965114,4.314845283415625,8.698672808681751,20.440304832682127,NORMAL,Temperature,0,Telemetry remains within the expected prototype operating envelope.
73.4,steady,117.90422332223989,751.237023944367,0.1906848110270879,493.3037744736664,1,pressure,1.5466659806869043,False,0.9289789337866134,False,0.8837779910609252,False,0.8637016520361739,False,0,NORMAL,0,26.606381542072278,16.955683484127814,16.201543557660592,15.864393893277718,23.91159821909659,NORMAL,Pressure,0,Telemetry remains within the expected prototype operating envelope.
73.5,steady,120.54578019904667,755.4415060204221,0.2188486286821911,499.3044979367583,1,pressure,0.0391711114623327,False,1.858054334988119,False,1.9078874292147316,False,0.1615876344047962,False,0,NORMAL,0,0.780361475391067,31.03774547903543,31.721652204503236,3.180089597614122,26.457060699124693,NORMAL,Vibration,0,Telemetry remains within the expected prototype operating envelope.
73.6,steady,119.90546474275888,755.8202214433438,0.2116167981841245,506.95646027953137,1,pressure,0.4045890487076959,False,1.9417400725242613,False,1.19105097706957,False,1.469009157584361,False,0,NORMAL,0,7.773051010263665,32.18237129937393,21.196296808612225,25.457580361014198,28.49685504902866,NORMAL,Temperature,0,Telemetry remains within the expected prototype operating envelope.
73.7,steady,118.94277977787014,754.692924344517,0.2056554476439092,507.5113395688392,1,pressure,0.9539781828170186,False,1.6926382841421577,False,0.6001475574742107,False,1.563816357765217,False,0,NORMAL,0,17.369856330136034,28.718093519831044,11.310573724451778,26.857695928360815,26.0391799943834,NORMAL,Temperature,0,Telemetry remains within the expected prototype operating envelope.
73.8,steady,120.5118618155868,755.1974045561323,0.1993716204746079,506.562061856481,1,pressure,0.0585277982280427,False,1.804114595974703,False,0.0227205220721162,False,1.4016218699964773,False,0,NORMAL,0,1.1637316118067287,30.289756900252584,0.4533795592657319,24.446137538217926,24.61922997599919,NORMAL,Temperature,0,Telemetry remains within the expected prototype operating envelope.
73.9,steady,119.50576491524568,754.2199407483586,0.1960896700583709,496.1317705203034,1,pressure,0.6326914395729188,False,1.5881218618067512,False,0.3480353497800698,False,0.3805075727642151,False,0,NORMAL,0,11.885958813117892,27.21238525307235,6.723974256194065,7.327787399804064,22.33868466518851,NORMAL,Temperature,0,Telemetry remains within the expected prototype operating envelope.
74.0,steady,119.424398838085,750.7655030352332,0.1921771917978574,495.5436222798227,1,pressure,0.6791257771885947,False,0.8247857252287083,False,0.7358496156303802,False,0.4809991374085282,False,0,NORMAL,0,12.700474238081473,15.206995868757012,13.68527037324332,9.171750187110462,14.326440248071382,NORMAL,Temperature,0,Telemetry remains within the expected prototype operating envelope.
74.1,steady,118.73526654203296,750.8589502054817,0.2326732898847764,499.4088494449796,1,pressure,1.0724027153596971,False,0.8454349908503228,False,3.2782211353517177,False,0.1794172317960578,False,0,NORMAL,0,19.30394874482043,15.556456414734665,48.089246828265445,3.524726762616648,38.8245185790358,NORMAL,Vibration,1,Telemetry remains within the expected prototype operating envelope.
74.2,steady,119.80959292205682,749.6348028065105,0.195195240117169,506.14471424631296,1,pressure,0.4593015855001194,False,0.5749319383325944,False,0.436693399206837,False,1.3303134625921174,False,0,NORMAL,0,8.776743606393932,10.862172243738044,8.363331185283574,23.360892099194597,19.678854538754877,NORMAL,Thrust,0,Telemetry remains within the expected prototype operating envelope.
74.3,steady,122.04448271798444,754.111142450925,0.2110398235116511,492.93614311652897,1,pressure,0.8161147911920619,False,1.564080417460049,False,1.1338598582644468,False,0.9265154934256516,False,0,NORMAL,0,15.059821382496985,26.861558613260485,20.28974764608058,16.91475845910909,24.38352813245219,NORMAL,Temperature,0,Telemetry remains within the expected prototype operating envelope.
74.4,steady,119.6651490798598,753.7964047438312,0.2146596778181504,501.3388566191316,1,pressure,0.5417334092912143,False,1.494532003124622,False,1.4926685331977243,False,0.5091800829894517,False,0,NORMAL,0,10.268354083676645,25.83711778192408,25.80947257050098,9.682235433088781,23.05887979680482,NORMAL,Temperature,0,Telemetry remains within the expected prototype operating envelope.
74.5,steady,119.6320564070205,754.1545418282693,0.2294524362292532,499.5945466361735,1,pressure,0.5606188760219102,False,1.5736704913832449,False,2.958962365677668,False,0.2111456295174902,False,0,NORMAL,0,10.606639616211034,27.00170478099093,44.666544204782944,4.134989616454964,36.594118077222404,NORMAL,Vibration,0,Telemetry remains within the expected prototype operating envelope.
74.6,steady,120.13978709251742,754.8692181005476,0.2183499978978773,497.4595872508097,1,pressure,0.2708649774574649,False,1.7315943765099409,False,1.8584619452444655,False,0.1536355503291537,False,0,NORMAL,0,5.2731780804830874,29.271308518485718,31.043367194334138,3.0259830697477175,26.181899401834123,NORMAL,Vibration,0,Telemetry remains within the expected prototype operating envelope.
74.7,steady,121.05755008208756,755.1205219332711,0.2052055475286335,491.36384830173006,1,pressure,0.252887893468274,False,1.7871256417139765,False,0.5555523747552354,False,1.1951592725724731,False,0,NORMAL,0,4.931982671448642,30.052493216026576,10.516011392441204,21.261019994660124,25.375752476942722,NORMAL,Temperature,0,Telemetry remains within the expected prototype operating envelope.
74.8,steady,121.62996514077447,752.5078561402906,0.217208490180319,493.340232102648,1,pressure,0.5795561441555453,False,1.2097980479913586,False,1.745312951698564,False,0.8574724670664371,False,0,NORMAL,0,10.944572466736801,21.491211307340706,29.465101914402247,15.759509321708132,25.947600807752902,NORMAL,Vibration,0,Telemetry remains within the expected prototype operating envelope.
74.9,steady,118.8618075966276,750.1338177562146,0.2004064561281897,502.3875392772424,1,pressure,1.00018773024142,False,0.6852005769462031,False,0.0798548796419039,False,0.6883589938075558,False,0,NORMAL,0,18.129998644932733,12.806475259132078,1.5844116148378329,12.861536566393529,15.755461051669691,NORMAL,Pressure,0,Telemetry remains within the expected prototype operating envelope.
75.0,steady,120.11126155013916,754.0790361164485,0.2178485673403652,493.40362365576055,1,pressure,0.2871440548283295,False,1.55698579675642,False,1.8087589410133476,False,0.8466413263453324,False,0,NORMAL,0,5.581089609550316,26.757707051842083,30.35447852098191,15.576827406001126,26.579045015121093,NORMAL,Vibration,0,Telemetry remains within the expected prototype operating envelope.
75.1,steady,118.93778164808032,756.6936698684325,0.1925775271993118,497.1418465133658,1,pressure,0.9568305366996988,False,2.134748255527261,False,0.6961674066898634,False,0.2079250332508053,False,0,NORMAL,0,17.416980969467854,34.7503596126497,12.997512982841696,4.073221226576573,28.646065292481694,NORMAL,Temperature,0,Telemetry remains within the expected prototype operating envelope.
75.2,steady,121.55273103417376,754.2407354495507,0.2072189376171078,499.1913238128533,1,pressure,0.5354798570038323,False,1.5927169213178791,False,0.7551244482699577,False,0.1422505965533006,False,0,NORMAL,0,10.156055563934864,27.279247209186774,14.01737023861661,2.8049225488353424,22.479050297521592,NORMAL,Temperature,0,Telemetry remains within the expected prototype operating envelope.
75.3,steady,121.75388041682564,745.7195348408474,0.2044399647286353,506.4900201595319,1,pressure,0.6502726388507076,False,0.2902350644538374,False,0.4796659642094156,False,1.3893127575180828,False,0,NORMAL,0,12.195244835987118,5.639441523228628,9.147529000475707,24.259908202244407,20.252626143128253,NORMAL,Thrust,0,Telemetry remains within the expected prototype operating envelope.
75.4,steady,121.53484289401084,753.1714406974578,0.20261877972862,499.0489080326443,1,pressure,0.5252713773938168,False,1.3564320631991609,False,0.2991457218641384,False,0.1179173016486957,False,0,NORMAL,0,9.97243416321637,23.760189532228104,5.807454689910607,2.3307543807335906,19.107821062981028,NORMAL,Temperature,0,Telemetry remains within the expected prototype operating envelope.
75.5,steady,120.5431438612047,750.2030008277262,0.2279180746436492,499.0196896345826,1,pressure,0.0406756279106507,False,0.7004881412069809,False,2.8068727507971394,False,0.1129250185208577,False,0,NORMAL,0,0.8102124996614224,13.072663437394871,42.95755522903085,2.233187175124929,33.091352503726114,NORMAL,Vibration,0,Telemetry remains within the expected prototype operating envelope.
75.6,steady,122.62009489324716,749.8935216494558,0.2096170875110152,499.37640532504713,1,pressure,1.1446075859111713,False,0.6321017177393685,False,0.9928348401438364,False,0.1738737987784651,False,0,NORMAL,0,20.460904442104898,11.875565645436104,18.00951385105074,3.417706604662163,18.003910809902898,NORMAL,Pressure,0,Telemetry remains within the expected prototype operating envelope.
75.7,steady,121.48828641441771,749.0970455833956,0.2100342870885092,497.9212691687794,1,pressure,0.4987023283863884,False,0.4561023182326889,False,1.0341886668198343,False,0.0747521411620253,False,0,NORMAL,0,9.49277151208915,8.71835541280065,18.684841334462654,1.4839225446404924,15.503387312750109,NORMAL,Vibration,0,Telemetry remains within the expected prototype operating envelope.
75.8,steady,121.48279045733504,752.9897639143941,0.201244103564875,507.8511440809011,1,pressure,0.4955658723152162,False,1.3162864692685297,False,0.1628845104971216,False,1.6218756780862136,False,0,NORMAL,0,9.435979312072195,23.145586981088062,3.2051990265039354,27.702102366229543,23.561642460564904,NORMAL,Thrust,0,Telemetry remains within the expected prototype operating envelope.
75.9,steady,121.68296019393895,752.1388846929223,0.1927711451235955,504.9215381926346,1,pressure,0.6097995856052372,False,1.128265462218674,False,0.6769755318315752,False,1.1213204451699537,False,0,NORMAL,0,11.481615149139756,20.200511589090365,12.662923084252874,20.08959281214533,18.768363763438714,NORMAL,Temperature,0,Telemetry remains within the expected prototype operating envelope.
76.0,steady,121.7805822043892,750.687258209719,0.2165274955882281,497.8600148910889,1,pressure,0.6655109280977146,False,0.8074957614848685,False,1.67781112799639,False,0.0852181049830633,False,0,NORMAL,0,12.462436326345006,14.913274725218717,28.506398199457628,1.689920013708257,23.566711390311298,NORMAL,Vibration,0,Telemetry remains within the expected prototype operating envelope.
76.1,steady,121.74267520008785,748.9732525060386,0.201743109535311,498.1584109193756,1,pressure,0.6438779982926777,False,0.428747438147369,False,0.2123471838192121,False,0.0342338773644014,False,0,NORMAL,0,12.082877026416195,8.217587127892322,4.1580242517297865,0.6823389708490057,10.053692462648167,NORMAL,Pressure,0,Telemetry remains within the expected prototype operating envelope.
76.2,steady,122.4446501136331,755.7928669976949,0.2125106250076688,502.7217588971818,1,pressure,1.04448401582165,False,1.93569548912345,False,1.279649244021896,False,0.7454640741782617,False,0,NORMAL,0,18.852102661513182,32.10033585981415,22.580372231816614,13.851084778592504,28.51130916790614,NORMAL,Temperature,0,Telemetry remains within the expected prototype operating envelope.
76.3,steady,119.9294263959322,747.2019817833955,0.2064178458664222,491.5043943830716,1,pressure,0.3909145109629025,False,0.0373451137925389,False,0.6757183050317077,False,1.1711454361847362,False,0,NORMAL,0,7.520473600756217,0.7441198923405001,12.640959820344078,20.88194542321161,17.229670664544635,NORMAL,Thrust,0,Telemetry remains within the expected prototype operating envelope.
76.4,steady,121.68461365894834,751.1274402382481,0.1937831879577419,501.1680364032449,1,pressure,0.6107431920215792,False,0.9047639356284872,False,0.5766594092617229,False,0.4799935793397872,False,0,NORMAL,0,11.498318876097679,16.55252442824907,10.892963525554267,9.153481734279223,14.967653627727667,NORMAL,Temperature,0,Telemetry remains within the expected prototype operating envelope.
76.5,steady,119.77392399981542,751.4441328378358,0.2105703245839421,497.36975053932025,1,pressure,0.4796572771537018,False,0.9747443276713345,False,1.0873219940660457,False,0.1689851358225945,False,0,NORMAL,0,9.147371152243123,17.712326565759017,19.54437524327779,3.3232287691761786,17.054982809545475,NORMAL,Vibration,0,Telemetry remains within the expected prototype operating envelope.
76.6,steady,122.06439213306146,746.5293462221582,0.2055267761272952,504.53885696477255,1,pressure,0.8274767805330434,False,0.1112889254576054,False,0.5873933269254755,False,1.0559351686341665,False,0,NORMAL,0,15.252620122624204,2.201190819653087,11.084051858078292,19.037737401762612,16.53739432883104,NORMAL,Thrust,0,Telemetry remains within the expected prototype operating envelope.
76.7,steady,123.928952843471,753.8097111498388,0.2064593537531642,499.59153668049134,1,pressure,1.891552185828845,False,1.497472354463127,False,0.6798326667104196,False,0.2106313456427938,False,0,NORMAL,0,31.498218733381687,25.880717946686747,12.712815589667981,4.125128743537287,26.967819265359548,NORMAL,Pressure,0,Telemetry remains within the expected prototype operating envelope.
76.8,steady,121.6014012143228,754.3676405083557,0.1998357575913877,498.9942685858806,1,pressure,0.5632551615990579,False,1.6207594640832006,False,0.0232858665165339,False,0.1085815540961798,False,0,NORMAL,0,10.653760478049069,27.685960579382286,0.4646345487245074,2.1482209410027653,21.579224824474863,NORMAL,Temperature,0,Telemetry remains within the expected prototype operating envelope.
76.9,steady,121.36715111284342,749.9044291896344,0.2019184842964774,504.2852459435718,1,pressure,0.4295723213028486,False,0.634511985421379,False,0.2297307524224788,False,1.0126029496842688,False,0,NORMAL,0,8.232727832196286,11.918036103320517,4.490660787760914,18.333033275188104,15.676736703738026,NORMAL,Thrust,0,Telemetry remains within the expected prototype operating envelope.
77.0,steady,122.4205478359176,755.1895573237364,0.1991924869122291,496.15516082430673,1,pressure,1.0307292258673777,False,1.802380572507689,False,0.0404766721021921,False,0.376511083299451,False,0,NORMAL,0,18.62856086882444,30.26557686813538,0.8062655442623745,7.253685084570427,24.656107696294853,NORMAL,Temperature,0,Telemetry remains within the expected prototype operating envelope.
77.1,steady,121.83587304974056,754.8752593085375,0.1998848306781642,502.6633126823596,1,pressure,0.6970645419585708,False,1.732929318040279,False,0.0281501090385471,False,0.7354778986347964,False,0,NORMAL,0,13.01312218235715,29.290189731371065,0.5614202935719459,13.678853204314901,23.98618704890751,NORMAL,Temperature,0,Telemetry remains within the expected prototype operating envelope.
77.2,steady,120.34245533374934,752.7418037599571,0.2124604022930229,510.2225284516146,1,pressure,0.1552054069615946,False,1.261494065400869,False,1.2746710476173368,False,2.027052654542538,False,0,NORMAL,0,3.0564253512263773,22.29874781289386,22.503251823613923,33.32969475406537,28.76826206754995,NORMAL,Thrust,0,Telemetry remains within the expected prototype operating envelope.
77.3,steady,120.57398264690572,757.5339301149093,0.1963965524975576,497.82394038116513,1,pressure,0.0230764190404619,False,2.320422759898448,False,0.3176164234804205,False,0.0913818298682268,False,0,NORMAL,0,0.4604649751797196,37.12896064887248,6.154773252957913,1.8110366027316527,28.119907526244518,NORMAL,Temperature,0,Telemetry remains within the expected prototype operating envelope.
77.4,steady,119.7851229450443,750.8621379718513,0.196698572341941,494.9723521211556,1,pressure,0.4732662156469528,False,0.8461393999226394,False,0.2876794892860837,False,0.5786068970307382,False,0,NORMAL,0,9.031167954082598,15.568352136409569,5.5912000958077135,10.927663740024684,13.71728748221962,NORMAL,Temperature,0,Telemetry remains within the expected prototype operating envelope.
77.5,steady,122.6345547266297,756.0697987026058,0.1952269622489925,503.4823602203707,1,pressure,1.1528595848839818,False,1.996889812274644,False,0.4335490251182955,False,0.8754211356417446,False,0,NORMAL,0,20.59206748357292,32.926286001791425,8.305685067691314,16.06136813074661,28.217058985997124,NORMAL,Temperature,0,Telemetry remains within the expected prototype operating envelope.
77.6,steady,122.73077935109332,751.6332365289569,0.1840614221254018,500.7401454012077,1,pressure,1.2077734612216793,False,1.016531064900538,False,1.5403042471355963,False,0.406883718028634,False,0,NORMAL,0,21.459415299419305,18.39716753014683,26.512939980647275,7.815367369397929,23.72458887813672,NORMAL,Vibration,0,Telemetry remains within the expected prototype operating envelope.
77.7,steady,121.04037658309676,753.4181751811406,0.221390160384156,496.4023491816697,1,pressure,0.2430872483098928,False,1.4109536273945031,False,2.1598101711454265,False,0.3342762467674886,False,0,NORMAL,0,4.745454340622601,24.587016095867952,35.07659751124906,6.466941875529586,29.001439241847947,NORMAL,Vibration,0,Telemetry remains within the expected prototype operating envelope.
77.8,steady,120.31565428220252,753.5244594303878,0.1900582919929541,492.3368274521515,1,pressure,0.1705003445990926,False,1.4344395359379405,False,0.9458800662893136,False,1.0289151346792162,False,0,NORMAL,0,3.3525214289529814,24.9404139477308,17.235918188318777,18.599032470288424,21.822459094112983,NORMAL,Temperature,0,Telemetry remains within the expected prototype operating envelope.
77.9,steady,120.14726766058604,753.8314523488422,0.2043906647185699,488.9318203668114,1,pressure,0.266595935181171,False,1.5022765640711775,False,0.4747792285046107,False,1.610697865766111,False,0,NORMAL,0,5.192264981759898,25.95190065694074,9.058691192077607,27.54029510231829,23.828717610652834,NORMAL,Thrust,0,Telemetry remains within the expected prototype operating envelope.
78.0,steady,122.0964449799042,755.9430714021407,0.2145934037989589,505.5597982158108,1,pressure,0.8457688349588751,False,1.9688865492346372,False,1.4860992928374384,False,1.2303741564017894,False,0,NORMAL,0,15.56209442241725,32.549575502939156,25.711933427296174,21.813628512653583,29.52548186512474,NORMAL,Temperature,0,Telemetry remains within the expected prototype operating envelope.
78.1,steady,120.41132398590388,752.1539536671506,0.2138581490701137,497.55059260486433,1,pressure,0.1159031527928812,False,1.1315952928669364,False,1.4132190737298072,False,0.1380862894617144,False,0,NORMAL,0,2.2914023753236035,20.253637653492373,24.621177169879548,2.7239387993369335,20.369153810249546,NORMAL,Vibration,0,Telemetry remains within the expected prototype operating envelope.
78.2,steady,120.9272646510704,752.1614302417779,0.2032810009002539,510.2542954022874,1,pressure,0.1785360517504091,False,1.1332474111173647,False,0.3647866789269956,False,2.032480385779957,False,0,NORMAL,0,3.5077228471745103,20.27998338475392,7.035950843884375,33.40202918545512,27.33106651840677,NORMAL,Thrust,0,Telemetry remains within the expected prototype operating envelope.
78.3,steady,122.9371128328116,751.6345758723944,0.201039826626919,500.1049544629425,1,pressure,1.3255247266858348,False,1.0168270231229877,False,0.1426360885383105,False,0.2983543935474553,False,0,NORMAL,0,23.28745604865683,18.401997593044662,2.812415844639049,5.792546064515114,19.53760779232681,NORMAL,Pressure,0,Telemetry remains within the expected prototype operating envelope.
78.4,steady,122.95216916322067,753.6820154757761,0.2031745241504043,491.564568680738,1,pressure,1.3341171371087657,False,1.469255107376464,False,0.3542324471016596,False,1.1608639987720784,False,0,NORMAL,0,23.419171972957088,25.46124700935494,6.839510764166534,20.719088575078192,23.238224659216925,NORMAL,Temperature,0,Telemetry remains within the expected prototype operating envelope.
78.5,steady,124.04364129078894,752.7548154444967,0.199309609297558,500.6033105877842,1,pressure,1.9570030748137284,False,1.264369291365748,False,0.0288672192550331,False,0.383503992387525,False,0,NORMAL,0,32.38907577020519,22.34341669990696,0.575680955184954,7.383307729196131,26.53840385165153,NORMAL,Pressure,0,Telemetry remains within the expected prototype operating envelope.
78.6,steady,121.84104010857078,752.4904514215345,0.2082124041086507,508.2520474501446,1,pressure,0.7000133009816818,False,1.2059520817656464,False,0.8535992390318672,False,1.6903744069330864,False,0,NORMAL,0,13.06440772617109,21.430799646251764,15.694227513811576,28.685811515433222,25.547361545177512,NORMAL,Thrust,0,Telemetry remains within the expected prototype operating envelope.
78.7,steady,123.454841405578,751.0616410087166,0.2120377859450115,498.2829192575742,1,pressure,1.6209842619125665,False,0.8902241077805068,False,1.2327802976048694,False,0.0129602649387141,False,0,NORMAL,0,27.689211714115824,16.309508873233558,21.851244950872463,0.2588696519071676,23.782510693311576,NORMAL,Pressure,0,Telemetry remains within the expected prototype operating envelope.
78.8,steady,123.77324678714766,745.8560622510607,0.1990488113249278,502.3761812686877,1,pressure,1.802693193968571,False,0.2600662455304834,False,0.0547181422650327,False,0.686418353723389,False,0,NORMAL,0,30.269936827278933,5.068371083266621,1.0883964795123657,12.827709123126551,23.985220120134947,NORMAL,Pressure,0,Telemetry remains within the expected prototype operating envelope.
78.9,steady,121.41317363044968,748.5741925449474,0.2044342237883208,501.2656078961205,1,pressure,0.4558366466215233,False,0.3405661148006086,False,0.4790969083821086,False,0.4966647368964896,False,0,NORMAL,0,8.713505095625173,6.58453001710082,9.1371883864387,9.45588064403955,9.111794031156078,NORMAL,Thrust,0,Telemetry remains within the expected prototype operating envelope.
79.0,steady,121.5130999987992,749.6921774688128,0.2030356523830518,506.04181172475467,1,pressure,0.512863049842209,False,0.5876101675254146,False,0.3404671431390311,False,1.3127314404325563,False,0,NORMAL,0,9.74873840388122,11.08790789197106,6.582680901943627,23.09092361951741,19.428747299201234,NORMAL,Thrust,0,Telemetry remains within the expected prototype operating envelope.
79.1,steady,121.82196607004953,751.2934967971566,0.2026959160263128,501.8743370202959,1,pressure,0.6891280478725605,False,0.9414578877727232,False,0.306791657424229,False,0.6006727707944636,False,0,NORMAL,0,12.874938373600052,17.162686299737405,5.951382641815506,11.31988940878016,15.295274558173462,NORMAL,Temperature,0,Telemetry remains within the expected prototype operating envelope.
79.2,steady,123.15990740481318,752.7621535308921,0.1891397344654895,501.5424231708013,1,pressure,1.4526700768891143,False,1.265990807509363,False,1.0369297001620903,False,0.5439616565427777,False,0,NORMAL,0,25.213591000010794,22.368596897372427,18.72940663007705,10.308334033171974,23.093077899062337,NORMAL,Pressure,0,Telemetry remains within the expected prototype operating envelope.
79.3,steady,124.57526516205388,747.8187179419662,0.199376995302237,493.4037910381557,1,pressure,2.2603924378540534,False,0.1736269158301287,False,0.022187756215733,False,0.8466127272309857,False,0,NORMAL,0,36.36957742078554,3.4129375826540076,0.4427719860426449,15.576344519026808,28.52286808050514,NORMAL,Pressure,0,Telemetry remains within the expected prototype operating envelope.
79.4,steady,122.84314656294114,746.5991649534442,0.2050389936089125,507.7360265037517,1,pressure,1.2718996577147246,False,0.0958608977939078,False,0.53904314919532,False,1.6022065799752458,False,0,NORMAL,0,22.46028517590434,1.8989562243781455,10.220060799422647,27.417135340923693,23.245826256405422,NORMAL,Thrust,0,Telemetry remains within the expected prototype operating envelope.
79.5,steady,123.9926077437534,748.759311920876,0.1904190604367503,494.2433693728875,1,pressure,1.927879033991479,False,0.381472427480719,False,0.9101198294632512,False,0.7031615788781269,False,0,NORMAL,0,31.994105911640702,7.345668718744314,16.641863734510874,13.119129976991871,26.842486072481634,NORMAL,Pressure,0,Telemetry remains within the expected prototype operating envelope.
79.6,steady,121.7217334969382,750.5275143588375,0.2017129732300247,496.60457057982177,1,pressure,0.6319268984211969,False,0.7721967449443076,False,0.2093600006754759,False,0.2997245074164483,False,0,NORMAL,0,11.872484420865026,14.310453785771681,4.100747636976099,5.818357515730788,12.460723754694158,NORMAL,Temperature,0,Telemetry remains within the expected prototype operating envelope.
79.7,steady,123.24846976647108,749.7794923211353,0.2241802495380833,503.7970851459583,1,pressure,1.5032112206282082,False,0.6069043588157919,False,2.4363705262041697,False,0.9291953340972474,False,0,NORMAL,0,25.965741271595643,11.430344146618587,38.57013726079423,16.95927756952922,33.2015704912633,NORMAL,Vibration,0,Telemetry remains within the expected prototype operating envelope.
79.8,steady,122.69177264742726,750.8776857578523,0.1994203711454212,504.1744963236711,1,pressure,1.1855129503243964,False,0.8495750348606312,False,0.0178882381967086,False,0.993680164880074,False,0,NORMAL,0,21.108965049800243,15.62634747290177,0.3571255483258984,18.023374396567103,18.543460873284722,NORMAL,Pressure,0,Telemetry remains within the expected prototype operating envelope.
79.9,steady,123.5481807515568,753.2326210189437,0.1911157838859956,506.9567286775705,1,pressure,1.674251555301274,False,1.3699512388555184,False,0.8410589235671776,False,1.4690550163271765,False,0,NORMAL,0,28.455482743312366,23.966050977052667,15.482517937808149,25.458264042209134,26.66526640693649,NORMAL,Pressure,0,Telemetry remains within the expected prototype operating envelope.
80.0,steady,124.1082179693509,753.8731393808679,0.1991005508822635,487.3825196729041,1,pressure,1.9938559673099907,False,1.5114882565706578,False,0.0495895927607267,False,1.87541284766935,False,0,NORMAL,0,32.885575402180876,26.088196730900894,0.9868898191775166,31.276746802160027,29.35889727742926,NORMAL,Pressure,0,Telemetry remains within the expected prototype operating envelope.
80.1,steady,121.68482147771624,753.2412093108223,0.2026358466930387,503.5823188370226,1,pressure,0.6108617909164565,False,1.371849016174676,False,0.3008374404720421,False,0.8925001594246311,False,0,NORMAL,0,11.500418091516341,23.99490460171917,5.839318755428757,16.347596979511493,20.64388385358284,NORMAL,Temperature,0,Telemetry remains within the expected prototype operating envelope.
80.2,steady,123.48904881545128,753.89203766082,0.1904867452305431,489.6194538392536,1,pressure,1.6405058914963224,False,1.5156642589202869,False,0.9034107497275502,False,1.4932081602948435,False,0,NORMAL,0,27.97098617128143,26.1499021319474,16.52993738245725,25.817479182224844,26.622117687275136,NORMAL,Pressure,0,Telemetry remains within the expected prototype operating envelope.
80.3,steady,123.44076082367582,750.8546404538231,0.1987839639366945,501.0310124770805,1,pressure,1.6129486957812442,False,0.8444826537541245,False,0.0809704531000033,False,0.4565815417168966,False,0,NORMAL,0,27.572906657195183,15.540371139104693,1.606367129101005,8.727103855100715,22.598979845470758,NORMAL,Pressure,0,Telemetry remains within the expected prototype operating envelope.
80.4,steady,123.186403615181,750.9739609777912,0.2126854194515387,504.0639846352268,1,pressure,1.4677910464711414,False,0.8708492220191149,False,1.296975290177416,False,0.9747980332695496,False,0,NORMAL,0,25.43941795876793,15.98458099477984,22.848183162191336,17.713210422757708,23.709343520317624,NORMAL,Pressure,0,Telemetry remains within the expected prototype operating envelope.
80.5,steady,122.22402789725628,753.0801783899025,0.2008574454053651,499.03203961180975,1,pressure,0.9185783947293418,False,1.3362655924013846,False,0.1245580227109177,False,0.1150351473106026,False,0,NORMAL,0,16.782762567922195,23.452071001299313,2.460387119495111,2.2744385832189518,19.178691337138915,NORMAL,Temperature,0,Telemetry remains within the expected prototype operating envelope.
80.6,steady,124.22484336612064,749.8447975259737,0.2168319344129877,492.9666718233268,1,pressure,2.06041224281377,False,0.6213350207352071,False,1.707987837350165,False,0.9212993297078532,False,0,NORMAL,0,33.77303293814147,11.68559937123691,28.936587053679187,16.828035986630873,29.93450625288969,NORMAL,Pressure,0,Telemetry remains within the expected prototype operating envelope.
80.7,steady,123.75074842057452,751.4559991421,0.2015663145641804,499.204637255632,1,pressure,1.789853730819881,False,0.9773664559610128,False,0.19482284058464,False,0.1445253439784448,False,0,NORMAL,0,30.090647412523776,17.755469019546144,3.821521361125557,2.8491313421226905,24.32913811748079,NORMAL,Pressure,0,Telemetry remains within the expected prototype operating envelope.
80.8,steady,125.16003998965644,753.2521847677721,0.1951169209937225,495.8385800910077,1,pressure,2.5941142138273894,False,1.374274291603249,False,0.4444565793037039,False,0.4306023668157666,False,0,NORMAL,0,40.47791957907035,24.03176232004781,8.505499181844446,8.251630778425767,33.42149376409221,NORMAL,Pressure,0,Telemetry remains within the expected prototype operating envelope.
80.9,steady,123.79976548818036,747.6676112614521,0.2212977584958277,499.2660824022051,1,pressure,1.8178269986185092,False,0.1402364774162308,False,2.150651073484264,False,0.1550239198372816,False,0,NORMAL,0,30.4806739717728,2.7657621688931378,34.95756056065192,3.0529064852471532,28.957393393248186,NORMAL,Vibration,0,Telemetry remains within the expected prototype operating envelope.
81.0,steady,123.83953899557436,756.5068607033736,0.2043098894862295,496.7676891696188,1,pressure,1.840525112315764,False,2.0934685457233724,False,0.4667725929802335,False,0.2718539108847305,False,0,NORMAL,0,30.79555023456859,34.209432509755366,8.912947749011291,5.291911931899795,29.166992343549055,NORMAL,Temperature,0,Telemetry remains within the expected prototype operating envelope.
81.1,steady,124.70002778539276,754.5492094164612,0.2059795564362289,507.7700985125381,1,pressure,2.331592500289097,False,1.6608812206021475,False,0.6322740013749104,False,1.6080281556220928,False,0,NORMAL,0,37.26925452344022,28.26391189250551,11.878602072709255,27.501595489723297,33.40493478834424,NORMAL,Pressure,0,Telemetry remains within the expected prototype operating envelope.
81.2,steady,123.37688892830774,754.6603392030482,0.2099495921117442,510.988352882613,1,pressure,1.5764980119438303,False,1.685437860205115,False,1.0257934967899272,False,2.1579021411464154,False,0,NORMAL,0,27.042973947073456,28.61536758141402,18.54819573365828,35.05181762355559,32.343787507810006,NORMAL,Thrust,0,Telemetry remains within the expected prototype operating envelope.
81.3,steady,125.49891911791002,750.8592715873416,0.2079976104112202,495.008273589314,1,pressure,2.78750719037655,False,0.8455060074404734,False,0.8323083705511445,False,0.5724693210063545,False,0,NORMAL,0,42.73619504720174,15.557655784722257,15.334473487000178,10.818258958652894,35.167602817469124,NORMAL,Pressure,0,Telemetry remains within the expected prototype operating envelope.
81.4,steady,122.83556878580472,748.7803959985433,0.2099180753682368,501.6985130812299,1,pressure,1.2675751397557975,False,0.3861314312684309,False,1.0226694812858252,False,0.5706313262698184,False,0,NORMAL,0,22.393191787573162,7.431963883627935,18.49728849194011,10.785469818269554,19.727517135295997,NORMAL,Pressure,0,Telemetry remains within the expected prototype operating envelope.
81.5,steady,124.70242516644444,754.1487655594259,0.2053185962969377,499.7187833957167,1,pressure,2.332960647864004,False,1.572394094149038,False,0.5667580408742394,False,0.232372839757259,False,0,NORMAL,0,37.28641715869053,26.983067437802944,10.71633237545695,4.541116258907929,31.194777810848954,NORMAL,Pressure,0,Telemetry remains within the expected prototype operating envelope.
81.6,steady,124.6982482240952,753.816161862849,0.2083469745122145,509.9910992758268,1,pressure,2.330576932708816,False,1.4988977853888736,False,0.866938181458715,False,1.9875104466796805,False,0,NORMAL,0,37.256511767092434,25.90184531834935,15.918837743393965,32.800346138039494,34.006017483211664,NORMAL,Pressure,0,Telemetry remains within the expected prototype operating envelope.
81.7,steady,124.25308413787872,746.1931767112638,0.2021429303773145,498.9959179587117,1,pressure,2.076528806080697,False,0.1855731815339065,False,0.2519783883879745,False,0.1088633674980899,False,0,NORMAL,0,33.986159487787674,3.643433059221146,4.914688129602096,2.1537359741281903,26.00208012400166,NORMAL,Pressure,0,Telemetry remains within the expected prototype operating envelope.
81.8,steady,124.2757413315162,753.9909980571945,0.1959515604368214,498.6836700286503,1,pressure,2.0894589093313325,False,1.5375317965388302,False,0.3617251080155711,False,0.0555123908409569,False,0,NORMAL,0,34.15665209882589,26.472180832738147,6.9790102071427995,1.1041073116964228,28.214119528647114,NORMAL,Pressure,0,Telemetry remains within the expected prototype operating envelope.
81.9,steady,123.88531528890576,747.3013906401796,0.189755292160734,493.28205794766507,1,pressure,1.866648921322149,False,0.0593117488807781,False,0.975914139237691,False,0.8674121582084446,False,0,NORMAL,0,31.156184066860238,1.179226948440426,17.731576528218728,15.926807868822557,26.025976742039074,NORMAL,Pressure,0,Telemetry remains within the expected prototype operating envelope.
82.0,steady,125.89951320096876,751.5711702004169,0.2140248881204755,499.6527539975873,1,pressure,3.0161199187849475,False,1.002816105948083,False,1.4297466498846076,False,0.2210909943416857,False,0,NORMAL,0,45.295487457543224,18.17302435970082,24.869931659459453,4.3254826018535475,37.55016037927684,NORMAL,Pressure,1,Telemetry remains within the expected prototype operating envelope.
82.1,steady,126.31307739546074,751.1946411577808,0.204965735487194,492.7249335272457,1,pressure,3.2521344853330283,False,0.9196134985821426,False,0.5317816277758731,False,0.9626029636144806,False,0,NORMAL,0,47.817703548738564,16.799988481416804,10.089578281889079,17.512266844160873,39.15071680784803,NORMAL,Pressure,1,Telemetry remains within the expected prototype operating envelope.
82.2,steady,123.91793855668014,751.7979120610482,0.2053140145862463,511.64694807195576,1,pressure,1.885266505981796,False,1.0529198479368973,False,0.5663038906784272,False,2.2704303381026465,False,0,NORMAL,0,31.4120485276988,18.988897239145462,10.708222368119479,36.49719244615984,32.263731640852214,NORMAL,Thrust,0,Telemetry remains within the expected prototype operating envelope.
82.3,steady,125.8669936351192,755.4532414678059,0.1998794133746615,496.7186252892693,1,pressure,2.9975615151790875,False,1.860647547490668,False,0.0276131328712947,False,0.2802370118862926,False,0,NORMAL,0,45.09206448595657,31.07350296168433,0.5507404906206936,5.450568385014643,36.49944359415844,NORMAL,Pressure,1,Telemetry remains within the expected prototype operating envelope.
82.4,steady,124.2869690719493,751.4077042092767,0.1959231475679942,501.43697525016535,1,pressure,2.095866403807221,False,0.966694598339276,False,0.3645414599877043,False,0.5259447250893421,False,0,NORMAL,0,34.240976234232825,17.579741167037245,7.031391422974398,9.984557317686226,28.279842839670273,NORMAL,Pressure,0,Telemetry remains within the expected prototype operating envelope.
82.5,steady,126.11195054117518,757.1185079994503,0.1992868872175343,497.7051362945079,1,pressure,3.137354560069681,False,2.228625848505715,False,0.031119486538387,False,0.1116808084804332,False,0,NORMAL,0,46.60595227261047,35.96402618616567,0.6204568978796288,2.208855657871278,37.76630694096792,NORMAL,Pressure,1,Telemetry remains within the expected prototype operating envelope.
82.6,steady,125.44202110596947,751.3341428499435,0.1965934705416777,497.43636710791526,1,pressure,2.755036391877924,False,0.9504395523671082,False,0.298097432797751,False,0.1576029659059141,False,0,NORMAL,0,42.363104609611135,17.311356123022257,5.787704416506633,3.10289979471281,33.53546117883436,NORMAL,Pressure,0,Telemetry remains within the expected prototype operating envelope.
82.7,steady,125.85135473531516,752.8130005206912,0.2142249801130948,496.2775826000459,1,pressure,2.9886366415858245,False,1.2772265998359644,False,1.4495802499849175,False,0.3555939829090654,False,0,NORMAL,0,44.99396768510165,22.542851100297646,25.16736130558733,6.864875578885455,37.95837136642989,NORMAL,Pressure,0,Telemetry remains within the expected prototype operating envelope.
82.8,steady,126.33666382942728,755.47235594275,0.1950076292048303,501.650962666497,1,pressure,3.26559489139131,False,1.8648713230131249,False,0.4552898445771387,False,0.5625068174349475,False,0,NORMAL,0,47.957993607753046,31.13170438545615,8.703521421318083,10.640387129901029,39.785636417676955,NORMAL,Pressure,1,Telemetry remains within the expected prototype operating envelope.
82.9,steady,124.92152513905565,749.3454025499501,0.2027894641478698,503.3940864682032,1,pressure,2.4579975484352703,False,0.5109824067118219,False,0.3160643724829823,False,0.8603385988563168,False,0,NORMAL,0,38.83527244040428,9.714785936008052,6.125638215729978,15.807784353791465,31.41023166903199,NORMAL,Pressure,0,Telemetry remains within the expected prototype operating envelope.
83.0,steady,125.93771975650776,755.1627259593964,0.2067887574326865,504.1584854193063,1,pressure,3.037923797759311,False,1.7964515757518469,False,0.7124839525799431,False,0.9909445266170492,False,0,NORMAL,0,45.53352218645376,30.182836787559786,13.28096624786883,17.978510445797347,38.957175042116916,NORMAL,Pressure,1,Telemetry remains within the expected prototype operating envelope.
83.1,steady,126.40114547597292,753.5732953413461,0.2123405939174459,508.070144648658,1,pressure,3.302393550613904,False,1.4452309349131147,False,1.2627953529493186,False,1.6592943222258216,False,0,NORMAL,0,48.33960282618438,25.102238841214785,22.318967516008936,28.24114070279191,42.27091245206235,NORMAL,Pressure,1,Telemetry remains within the expected prototype operating envelope.
83.2,steady,126.8048023027422,753.3451149138505,0.1957299245610783,508.02272026687297,1,pressure,3.532754138578131,False,1.3948093090417142,False,0.3836941896855929,False,1.6511913474996305,False,0,NORMAL,0,50.66571091403669,24.34312431709187,7.38683075111396,28.124754376064786,42.60324887547574,NORMAL,Pressure,1,Telemetry remains within the expected prototype operating envelope.
83.3,steady,125.5787703369318,748.7170884889578,0.2285748176428215,505.5344572119855,1,pressure,2.833077022331927,False,0.3721422052940232,False,2.871970698214977,False,1.2260443685204534,False,0,NORMAL,0,43.25572435843227,7.172610202037899,43.69541073243508,21.74589310814271,38.540610336174495,NORMAL,Vibration,0,Telemetry remains within the expected prototype operating envelope.
83.4,steady,127.76546979041146,753.7291639668515,0.1990964013361466,492.04342281824967,1,pressure,4.08099193024094,False,1.4796736327666415,False,0.0500009057633274,False,1.0790465279323715,False,0,NORMAL,0,55.78908077162525,25.61640208262691,0.9950345600982069,19.411103425471733,45.171419325040844,WARNING,Pressure,1,Elevated telemetry deviation primarily associated with Pressure.
83.5,steady,126.99587272913604,756.5781907056513,0.2135223649280596,493.2650524811375,1,pressure,3.641795018968884,False,2.109230522890853,False,1.379935341050921,False,0.8703177283032643,False,0,NORMAL,0,51.72995498714628,34.416503837442235,24.117725636597964,15.97564978665299,44.670456238331035,NORMAL,Pressure,1,Telemetry remains within the expected prototype operating envelope.
83.6,steady,128.053859933169,749.5374344783945,0.1963291923664247,496.85051830558734,1,pressure,4.2455716386542175,False,0.5534162042011868,False,0.3242933218715331,False,0.2577016463726176,False,0,NORMAL,0,57.22063508137013,10.47777261226277,6.280008624658528,5.023465415754935,44.106077454619644,NORMAL,Pressure,1,Telemetry remains within the expected prototype operating envelope.
83.7,steady,126.08340355582703,751.0934337801351,0.2134390564582467,491.313643960689,1,pressure,3.121063245533924,False,0.8972494396350958,False,1.3716776049286104,False,1.20373723376646,False,0,NORMAL,0,46.431696696359516,16.427016995193977,23.992298931433385,21.395988169367776,39.65221542196472,NORMAL,Pressure,1,Telemetry remains within the expected prototype operating envelope.
83.8,steady,127.3905245374822,752.2834354232677,0.2091365800999728,497.1375276612196,1,pressure,3.8670165848702793,False,1.160207215176677,False,0.9452057885706304,False,0.2086629564133108,False,0,NORMAL,0,53.85600335228988,20.708673810658052,17.22475624045584,4.087377500318945,43.39562313306416,NORMAL,Pressure,1,Telemetry remains within the expected prototype operating envelope.
83.9,steady,127.3512415114558,753.2514181195124,0.1981766128267799,503.5543534010133,1,pressure,3.844598381157781,False,1.3741048833321448,False,0.141172557526263,False,0.8877219585781247,False,0,NORMAL,0,53.64864573775034,24.02918834688199,2.7839642721868563,16.267617173055427,43.33544358840176,NORMAL,Pressure,1,Telemetry remains within the expected prototype operating envelope.
84.0,steady,126.98769106525418,757.4406423895597,0.1950190189549454,497.9712632000253,1,pressure,3.6371258723637454,False,2.2998087272331817,False,0.4541608651209003,False,0.066210113698558,False,0,NORMAL,0,51.68485795059562,36.869220455724985,8.682904724074469,1.3154732879498088,42.218497604492335,NORMAL,Pressure,1,Telemetry remains within the expected prototype operating envelope.
84.1,steady,128.0258855491435,752.1574104871511,0.2155541406340144,504.9051367091683,1,pressure,4.229607098667051,False,1.1323591554237755,False,1.5813298412401535,False,1.11851807219223,False,0,NORMAL,0,57.083826212156666,20.26581977497016,27.11344307128256,20.04479250545279,47.99892667473977,WARNING,Pressure,1,Elevated telemetry deviation primarily associated with Pressure.
84.2,steady,127.65013140660372,749.9769211626449,0.2063275528984587,498.3197323372409,1,pressure,4.015170132746652,False,0.6505307263008353,False,0.6667682486350706,False,0.006670347328722,False,0,NORMAL,0,55.203224587147346,12.199776980091038,12.484446114212588,0.13331799906591835,42.883912978691,NORMAL,Pressure,1,Telemetry remains within the expected prototype operating envelope.
84.3,steady,127.28637573542376,751.0013226586748,0.206939430215766,509.50451211045805,1,pressure,3.807580505292556,False,0.8768954042086504,False,0.7274190016365308,False,1.904371703386351,False,0,NORMAL,0,53.30420653463954,16.086114099649706,13.53961037393654,31.67362573151806,44.675545462243285,NORMAL,Pressure,1,Telemetry remains within the expected prototype operating envelope.
84.4,steady,128.1328182447514,755.3078369003028,0.2124260569472499,495.6942414817173,1,pressure,4.29063190240935,False,1.8285171199027344,False,1.2712666542458098,False,0.455264198115852,False,0,NORMAL,0,57.60443297367104,30.629149198763727,22.45046797279262,8.703053133796402,47.88925296980076,WARNING,Pressure,1,Elevated telemetry deviation primarily associated with Pressure.
84.5,steady,128.16891969295742,751.2133823524808,0.1934614216269384,495.3163995752252,1,pressure,4.311234429812783,False,0.9237547893927546,False,0.6085536627366362,False,0.5198226236252956,False,0,NORMAL,0,57.77876472583121,16.868871039837273,11.459554984732112,9.8742730796485,45.95457515691958,WARNING,Pressure,1,Elevated telemetry deviation primarily associated with Pressure.
84.6,steady,127.33171039390994,754.0423638276847,0.2077608258944133,493.833366353072,1,pressure,3.8334522802545177,False,1.5488822251916177,False,0.8088377191031968,False,0.7732150826282729,False,0,NORMAL,0,53.54520310806705,26.63890597404809,14.936108216764076,14.327904187477557,44.381092650299806,NORMAL,Pressure,1,Telemetry remains within the expected prototype operating envelope.
84.7,steady,126.7704376518921,748.316480199336,0.195862230629125,498.4079841731439,1,pressure,3.513142774047584,False,0.2836187437421932,False,0.3705796936473862,False,0.0084084448230294,False,0,NORMAL,0,50.4718283870824,5.514494929304547,7.143596893373494,0.16802757180437444,38.34525888249048,NORMAL,Pressure,1,Telemetry remains within the expected prototype operating envelope.
84.8,steady,128.37557241474204,750.7576068814302,0.2215402461952545,505.4093068367533,1,pressure,4.429167880550439,False,0.8230408914704038,False,2.1746870381259167,False,1.2046610570399463,False,0,NORMAL,0,58.7629712048881,15.177400765988658,35.26948178213631,21.410510070863108,49.625213117766435,WARNING,Pressure,1,Elevated telemetry deviation primarily associated with Pressure.
84.9,steady,128.43586253415765,753.1335980431663,0.2047360604665868,494.9201994596328,1,pressure,4.463574501313358,False,1.3480698729026186,False,0.5090156867098534,False,0.5875177501049746,False,0,NORMAL,0,59.045762462054576,23.632576488857037,9.67926580337416,11.086264471543327,47.43108415759552,WARNING,Pressure,1,Elevated telemetry deviation primarily associated with Pressure.
85.0,steady,127.89117547059192,752.5800882868206,0.2096810084129661,496.93557239580304,1,pressure,4.152730180349529,False,1.2257593743338182,False,0.9991708338572748,False,0.243169224073457,False,0,NORMAL,0,56.41887473236604,21.74143258791279,18.113346289948584,4.747016040643082,45.5115771704891,WARNING,Pressure,1,Elevated telemetry deviation primarily associated with Pressure.
85.1,steady,130.5511051655079,753.7798484509136,0.2178180640056277,509.7218050283951,1,pressure,5.670710127247792,False,1.4908735157755102,False,1.805735377026653,False,1.9414985768626345,False,0,NORMAL,0,67.8301988329035,25.78283313110147,30.3123502463966,32.17909568764736,57.74877105746656,WARNING,Pressure,1,Elevated telemetry deviation primarily associated with Pressure.
85.2,steady,127.55672969477207,752.9748562329613,0.2184707966750524,499.5380498623593,1,pressure,3.961867248148837,False,1.3129922799111755,False,1.8704358109036276,False,0.2014925373084469,False,0,NORMAL,0,54.72311051761374,23.09493569954245,31.208305112565547,3.949732086224478,45.455429135344225,WARNING,Pressure,1,Elevated telemetry deviation primarily associated with Pressure.
85.3,steady,128.27985661457154,750.574797976933,0.2041054205054051,503.20455410270085,1,pressure,4.374544382215937,False,0.7826451297055522,False,0.4465051352698945,False,0.8279549196252012,False,0,NORMAL,0,58.30999926407985,14.489330293394175,8.542977824715358,15.260723942198206,46.35426476253581,WARNING,Pressure,1,Elevated telemetry deviation primarily associated with Pressure.
85.4,steady,128.5313932480346,750.2155969142516,0.1981446605160027,508.0319790737136,1,pressure,4.518092373817748,False,0.703271531391656,False,0.1443397475069296,False,1.6527733159934843,False,0,NORMAL,0,59.489884383892246,13.121040509992332,2.845525103507085,28.147491653722433,47.733769744002444,WARNING,Pressure,1,Elevated telemetry deviation primarily associated with Pressure.
85.5,steady,128.73968554785222,752.2036104734293,0.2047882195277058,503.6645000019768,1,pressure,4.636961505893237,False,1.142568087228099,False,0.5141858184392625,False,0.906541710996374,False,0,NORMAL,0,60.44160697150749,20.428453848131845,9.77261155281357,16.582189327500597,48.6692199302258,WARNING,Pressure,1,Elevated telemetry deviation primarily associated with Pressure.
85.6,steady,128.54466499433013,753.3843209518045,0.206396682054287,496.0457684840383,1,pressure,4.5256663502185015,False,1.4034727697921172,False,0.6736204970135404,False,0.3952019620219508,False,0,NORMAL,0,59.551202461933215,24.474100887880844,12.60429963128834,7.599739899541724,47.828349102312956,WARNING,Pressure,1,Elevated telemetry deviation primarily associated with Pressure.
85.7,steady,129.44994977041955,752.5369425296415,0.2103730850101071,505.16310816017847,1,pressure,5.042298101411997,False,1.2162253435218875,False,1.0677711325838384,False,1.1625953183034987,False,0,NORMAL,0,63.521955257375126,21.592066308297554,19.229164024791146,20.74653594087166,52.23462155128569,WARNING,Pressure,1,Elevated telemetry deviation primarily associated with Pressure.
85.8,steady,128.11811692032373,750.113998082679,0.190224441933433,503.08135930450106,1,pressure,4.282242088303845,False,0.6808209718465293,False,0.929410884124596,False,0.8069057398860601,False,0,NORMAL,0,57.53323507141005,12.730067159164193,16.96285737836406,14.903233531641458,46.33292469621726,WARNING,Pressure,1,Elevated telemetry deviation primarily associated with Pressure.
85.9,steady,128.8200539217804,752.3471199781993,0.2048852759172344,499.38997005869874,1,pressure,4.6828264700014985,False,1.174279757847355,False,0.5238062814667508,False,0.176191481999823,False,0,NORMAL,0,60.80281660730351,20.93152616786067,9.946050493938285,3.4624656623055694,47.84683095124549,WARNING,Pressure,1,Elevated telemetry deviation primarily associated with Pressure.
86.0,steady,128.63296614792503,752.2296963493121,0.2071645566337898,501.6531585055384,1,pressure,4.576058426633616,False,1.1483323514497357,False,0.7497340742621234,False,0.5628820005704059,False,0,NORMAL,0,59.956814842895575,20.520135273690187,13.924624547685005,10.647092122285873,48.16368799170583,WARNING,Pressure,1,Elevated telemetry deviation primarily associated with Pressure.
86.1,steady,128.2976071268774,757.3387465074804,0.2155646300248316,500.70572117623504,1,pressure,4.384674319777437,False,2.277292527660657,False,1.582369574914853,False,0.4010019623910689,False,0,NORMAL,0,58.394377181793146,36.58428632759679,27.12859801705154,7.706862065207565,49.31508098243484,WARNING,Pressure,1,Elevated telemetry deviation primarily associated with Pressure.
86.2,steady,128.7984330260438,744.0039013040433,0.2080278661426416,499.5391158724288,1,pressure,4.670487765627133,True,0.6693430943342987,False,0.8353073915009542,False,0.2016746767971647,False,1,WARNING,1,60.705968667003255,12.529502321446406,15.385240997743155,3.9532309318340952,47.559099638879474,WARNING,Pressure,1,Elevated telemetry deviation primarily associated with Pressure.
86.3,steady,129.89589429329655,754.2690697445072,0.2057189908059708,499.409207873937,1,pressure,5.296791610939805,True,1.5989780245829843,False,0.6064461087002813,False,0.1794784733067314,False,1,WARNING,1,65.33218053216814,27.370252646398853,11.422226363621668,3.5259084136751717,51.88534204204737,WARNING,Pressure,1,Elevated telemetry deviation primarily associated with Pressure.
86.4,steady,129.0654869391432,751.5136149188882,0.199512582197345,503.3442691223095,1,pressure,4.822891224109674,True,0.9900979648523944,False,0.0087480566994643,False,0.8518267600192347,False,1,WARNING,1,61.88560847344965,17.96462201870207,0.17480816622164053,15.66433617347216,48.598465805528754,WARNING,Pressure,1,Elevated telemetry deviation primarily associated with Pressure.
86.5,steady,130.58272033382158,750.8325905382516,0.2165553743630475,507.3765140713536,1,pressure,5.688752405436469,True,0.8396102262385579,False,1.6805745392844509,False,1.5407799457456814,False,1,WARNING,1,67.94607294426197,15.458026339791186,28.545900527582102,26.519931186533398,56.28106637611004,WARNING,Pressure,1,Elevated telemetry deviation primarily associated with Pressure.
86.6,steady,128.87644711336532,757.6432567417739,0.2049474089145699,500.8202181505537,1,pressure,4.71500917548093,True,2.3445809505813813,False,0.5299650537696996,False,0.4205650237154056,False,1,WARNING,1,61.054300677050165,37.4319980871395,10.056906560192969,8.067263812737057,49.88871148958057,WARNING,Pressure,1,Elevated telemetry deviation primarily associated with Pressure.
86.7,steady,130.1629179194946,754.8862518510157,0.2166714146868573,498.5472867664093,1,pressure,5.449177785165168,True,1.7353583689027716,False,1.692076735588392,False,0.0322098176619698,False,1,WARNING,1,66.37282133093518,29.324532933681034,28.71008741995936,0.6421258569380472,54.08417102499031,WARNING,Pressure,1,Elevated telemetry deviation primarily associated with Pressure.
86.8,steady,130.77119536516068,751.5560611671739,0.2008401723167076,504.8156417209211,1,pressure,5.796312134782175,True,0.9994774233545848,False,0.1228458725721459,False,1.103226873855171,False,1,WARNING,1,68.62825148694427,18.118367253609012,2.4269809078307225,19.79989603309662,54.14354433864332,WARNING,Pressure,1,Elevated telemetry deviation primarily associated with Pressure.
86.9,steady,131.26907076270246,748.678083789181,0.2267646872005713,501.6729020694488,1,pressure,6.080441775865149,True,0.3635232347672484,False,2.692546210253114,False,0.5662554045737777,False,1,WARNING,1,70.36127359196105,7.012456898686059,41.63823631764155,10.707356481826213,57.08526862265974,WARNING,Pressure,1,Elevated telemetry deviation primarily associated with Pressure.
87.0,steady,131.42779585542544,746.3239397944392,0.2259150183474247,501.1188318288795,1,pressure,6.171023684207908,True,0.1566781210327898,False,2.608324987652461,False,0.4715864392255896,False,1,WARNING,1,70.89338554677892,3.0849751797459968,40.64685036612521,9.000601360035764,56.89795919501631,WARNING,Pressure,1,Elevated telemetry deviation primarily associated with Pressure.
87.1,steady,131.35269112865063,753.0785979638749,0.1932916891061844,501.6782293765425,1,pressure,6.128162600556208,True,1.3359163615284615,False,0.6253779588845453,False,0.5671656333024201,False,1,WARNING,1,70.6428048578603,23.446724234562943,11.756980440310604,10.723610348185053,56.1177086471896,WARNING,Pressure,1,Elevated telemetry deviation primarily associated with Pressure.
87.2,steady,131.30761324096278,752.3269587737925,0.2150830229736623,506.1003223275436,1,pressure,6.102437360641228,True,1.1698246837777964,False,1.5346315243645006,False,1.3227286173649186,False,1,WARNING,1,70.49137144818418,20.861043590515628,26.429518323051383,23.24454471946367,58.159208273426025,WARNING,Pressure,1,Elevated telemetry deviation primarily associated with Pressure.
87.3,steady,129.59778867680294,754.8875529492934,0.1962409598330609,506.43047540173,1,pressure,5.126667434815914,True,1.7356458759922355,False,0.3330391430294279,False,1.3791388838820913,False,1,WARNING,1,64.13231685884,29.328596756408675,6.44379699321801,24.105637277556735,52.53691139827305,WARNING,Pressure,1,Elevated telemetry deviation primarily associated with Pressure.
87.4,steady,130.09904129180225,753.7678992323426,0.2072596631028624,499.16218564826016,1,pressure,5.4127244006648985,True,1.4882330656946074,False,0.7591612564788914,False,0.1372720221917873,False,1,WARNING,1,66.12676055130225,25.7436294356198,14.086761300135953,2.7080957667690364,52.490603475556334,WARNING,Pressure,1,Elevated telemetry deviation primarily associated with Pressure.
87.5,steady,129.96801542127062,755.5201927834779,0.2086184227411642,493.8851729348513,1,pressure,5.337950001788095,True,1.875441954826394,False,0.8938447835193428,False,0.7643633610663375,False,1,WARNING,1,65.61638352626977,31.27714686870022,16.37009016222476,14.176100747394704,53.80162490622693,WARNING,Pressure,1,Elevated telemetry deviation primarily associated with Pressure.
87.6,steady,131.35520178393247,750.220871891604,0.1850645969834949,495.5946698228203,1,pressure,6.12959539194866,True,0.7044371569339664,False,1.440867139704922,False,0.4722771059307436,False,1,WARNING,1,70.65121619993413,13.14129181621081,25.0368426095398,9.013170542870096,56.23451113220573,WARNING,Pressure,1,Elevated telemetry deviation primarily associated with Pressure.
87.7,steady,133.18181441302843,751.0439603517079,0.2090548681268508,501.4153806426462,1,pressure,7.1720144254360765,True,0.8863171667574052,False,0.9371063010444496,False,0.5222550500242504,False,1,WARNING,1,76.17424112924799,16.24408855462419,17.090560166997104,9.91810725592045,59.96311898085529,WARNING,Pressure,1,Elevated telemetry deviation primarily associated with Pressure.
87.8,steady,132.64212848884827,750.6367592655924,0.2134083274193831,495.733464799601,1,pressure,6.864024175883777,True,0.7963368777208536,False,1.3686316686054745,False,0.4485624649244867,False,1,WARNING,1,74.66047699773965,14.723168090902172,23.94598190148883,8.580601532515942,59.19645504426235,WARNING,Pressure,1,Elevated telemetry deviation primarily associated with Pressure.
87.9,steady,132.37319679596226,752.1931036060813,0.1949875922461654,507.2881656604931,1,pressure,6.710549098077531,True,1.1402463572694184,False,0.4572759561660324,False,1.5256846527053556,False,1,WARNING,1,73.87061961752255,20.39149653979504,8.739779218464284,26.297755340065756,59.329622189026324,WARNING,Pressure,1,Elevated telemetry deviation primarily associated with Pressure.
88.0,steady,133.55089524975926,751.3948721815512,0.1963323435086666,510.1573055498619,1,pressure,7.382643040926431,True,0.9638590716105052,False,0.323980973065033,False,2.0159086078606783,False,1,WARNING,1,77.1570718838595,17.532986941622084,6.274153776294689,33.18093363677295,61.889797020381735,WARNING,Pressure,1,Elevated telemetry deviation primarily associated with Pressure.
88.1,steady,131.40958649029034,751.1731866204875,0.2144092672403498,497.20021833204646,1,pressure,6.160631886569921,True,0.9148726333619402,False,1.4678472337745443,False,0.1979515691024485,False,1,WARNING,1,70.83282862958941,16.72106306166632,25.440255825669176,3.8816858051246017,56.267974024912455,WARNING,Pressure,1,Elevated telemetry deviation primarily associated with Pressure.
88.2,steady,133.5411351619087,754.1343484661007,0.2065854302430803,504.5438518281017,1,pressure,7.377073112643949,True,1.5692083113289566,False,0.6923296719644174,False,1.0567885957067724,False,1,WARNING,1,77.13161101069498,26.936529395501452,12.930708855344209,19.051555299824397,62.03995755607118,WARNING,Pressure,1,Elevated telemetry deviation primarily associated with Pressure.
88.3,steady,133.40367590106712,748.2631211461189,0.1976703978455156,498.2403605465535,1,pressure,7.298627279330461,True,0.2718278541918055,False,0.1913498053598841,False,0.0202318865561078,False,1,WARNING,1,76.76999574101882,5.291418374700097,3.754691904871721,0.40382017573916684,57.44474077384109,WARNING,Pressure,1,Elevated telemetry deviation primarily associated with Pressure.
88.4,steady,132.51659215402074,753.2058270054741,0.2014298698834244,497.9762461608002,1,pressure,6.792382568498618,True,1.364030495619187,False,0.1812981152895224,False,0.0653587203076311,False,1,WARNING,1,74.29479058614395,23.87596215041666,3.5610116872091258,1.298667986432278,57.30677671688624,WARNING,Pressure,1,Elevated telemetry deviation primarily associated with Pressure.
88.5,steady,132.3917589634626,746.0636791555168,0.1999492395675767,501.0846326984146,1,pressure,6.7211422344639296,True,0.2141885951292071,False,0.0345344732441812,False,0.4657431434485256,False,1,WARNING,1,73.92591943500359,4.193314652539626,0.6883096873088745,8.894191913602057,55.725749505492075,WARNING,Pressure,1,Elevated telemetry deviation primarily associated with Pressure.
88.6,steady,130.95732694524892,752.9387382356176,0.2043169760968725,504.7917030838332,1,pressure,5.90253449344018,True,1.3050111915712364,False,0.4674750348906764,False,1.0991366956809596,False,1,WARNING,1,69.2876981117932,22.97208045137481,8.925743522761431,19.73426264857001,55.61748493693429,WARNING,Pressure,1,Elevated telemetry deviation primarily associated with Pressure.
88.7,steady,132.71808751136516,750.5898586739712,0.1975098303717308,496.3812352040471,1,pressure,6.907372792648727,True,0.7859731313214461,False,0.2072656399841291,False,0.3378838009538776,False,1,WARNING,1,74.87921408694437,14.54622728535745,4.060569697958205,6.53440265084334,57.423275357110384,WARNING,Pressure,1,Elevated telemetry deviation primarily associated with Pressure.
88.8,steady,131.59141762986215,749.8423824929794,0.2027769841492925,501.5968030895804,1,pressure,6.264400051615498,True,0.620801364577908,False,0.3148273249740106,False,0.5532530608983792,False,1,WARNING,1,71.43191528510297,11.67617296346506,6.102409933319275,10.474851574238098,55.15321303897791,WARNING,Pressure,1,Elevated telemetry deviation primarily associated with Pressure.
88.9,steady,133.55110575361186,752.4319469436605,0.2060060781009927,500.5591150076482,1,pressure,7.382763172156816,True,1.1930241942708963,False,0.6349028926465392,False,0.3759526937649134,False,1,WARNING,1,77.15762070707841,21.227390037372395,11.92492220935285,7.243326791861826,60.438363687346694,WARNING,Pressure,1,Elevated telemetry deviation primarily associated with Pressure.
89.0,steady,133.67610705430553,745.3012629642906,0.2046054196435376,504.475099834964,1,pressure,7.45409944399583,True,0.3826616950099406,False,0.4960662537654628,False,1.0450415651330227,False,1,WARNING,1,77.48120492474366,7.367704255552498,9.44504216977845,18.861150947873305,60.263854652153825,WARNING,Pressure,1,Elevated telemetry deviation primarily associated with Pressure.
89.1,steady,134.88603045935398,750.726402554678,0.2017187865398036,500.82741246286776,1,pressure,8.14458365854362,True,0.8161455897728037,False,0.2099362299383485,False,0.4217942507218242,False,1,WARNING,1,80.38580665778368,15.060344588275465,4.111798991252336,8.089862275178273,61.66995792240225,WARNING,Pressure,1,Elevated telemetry deviation primarily associated with Pressure.
89.2,steady,132.25374774429383,750.3671183760376,0.2002789553499751,502.7838807444177,1,pressure,6.6423814072339535,True,0.7367536251080817,False,0.0672166955022838,False,0.7560782717523704,False,1,WARNING,1,73.5119442613395,13.700874829272758,1.3353380981066088,14.033771124481076,56.758682497275665,WARNING,Pressure,1,Elevated telemetry deviation primarily associated with Pressure.
89.3,steady,134.5730283043512,749.8854794587936,0.2063118521732841,505.2194606924539,1,pressure,7.965958262715191,True,0.6303246138343309,False,0.6652119549507438,False,1.1722237652667968,False,1,WARNING,1,79.67242104081964,11.84423882337995,12.457201893673153,20.899006643217753,62.71344966162819,WARNING,Pressure,1,Elevated telemetry deviation primarily associated with Pressure.
89.4,steady,134.0894292495422,753.5054929412096,0.1845766946104743,501.4831374553281,1,pressure,7.689975905383679,True,1.4302484612172373,False,1.489229197715379,False,0.5338320431240735,False,1,WARNING,1,78.51886721651698,24.87747150503804,25.758421791749996,10.126441464619706,63.22436886380445,WARNING,Pressure,1,Elevated telemetry deviation primarily associated with Pressure.
89.5,steady,134.08626699335707,751.1381087464155,0.2206009476127171,501.48163569634687,1,pressure,7.688171255627272,True,0.907121383781788,False,2.0815815009329324,False,0.5335754511641605,False,1,WARNING,1,78.51111263296143,16.591859773853436,34.05283535126087,10.121829179767406,63.219016443486204,WARNING,Pressure,1,Elevated telemetry deviation primarily associated with Pressure.
89.6,steady,134.78961866560232,751.2954189190131,0.2133390899238892,506.0821270280679,1,pressure,8.089562967643694,True,0.9418826240666588,False,1.3617686813384844,False,1.31961975128722,False,1,WARNING,1,80.1687774442499,17.169722803591448,23.841518673346595,23.196805393244503,64.74267746627528,WARNING,Pressure,1,Elevated telemetry deviation primarily associated with Pressure.
89.7,steady,134.15405689903298,750.5029919588915,0.2005836271271805,500.1042395603128,1,pressure,7.726857886185529,True,0.766777966089707,False,0.0974164956633994,False,0.2982322446079867,False,1,WARNING,1,78.67673758887125,14.21753690504608,1.9294726319445843,5.790244568285052,59.94360370600417,WARNING,Pressure,1,Elevated telemetry deviation primarily associated with Pressure.
89.8,steady,134.24399610949715,755.04873045576,0.2026682851187953,496.33908124334255,1,pressure,7.77818477583431,True,1.77126169115719,False,0.3040528153399633,False,0.3450862665494399,False,1,WARNING,1,78.89450926955617,29.830212018864056,5.899851667346323,6.668942275732215,61.894613607967656,WARNING,Pressure,1,Elevated telemetry deviation primarily associated with Pressure.
89.9,steady,134.43541964325306,749.2418580137792,0.2033746085848816,492.4430349055999,1,pressure,7.887427169030365,True,0.488101899732588,False,0.3740652980207355,False,1.0107684287310772,False,1,WARNING,1,79.35063120354961,9.300684880326404,7.208306472506065,18.303063825237874,61.567145340699,WARNING,Pressure,1,Elevated telemetry deviation primarily associated with Pressure.
90.0,steady,134.85821211137127,751.3581136208619,0.2096358077774059,501.18476833287167,1,pressure,8.128708165866392,True,0.9557364363126778,False,0.9946904380241104,False,0.4828524126610214,False,1,WARNING,1,80.32343068870713,17.39890816957771,18.03993647994513,9.205409898175255,63.1449024058451,WARNING,Pressure,1,Elevated telemetry deviation primarily associated with Pressure.
90.1,steady,135.68200785069945,754.818211613338,0.1980354783764981,492.22837518486944,1,pressure,8.598835408338454,True,1.7203233396233637,False,0.1551621440690491,False,1.047445391642141,False,1,WARNING,1,82.08921394423308,29.11169154306893,3.0555865357068224,18.90015031560489,65.00919526838021,WARNING,Pressure,1,Elevated telemetry deviation primarily associated with Pressure.
90.2,steady,133.97909481271546,752.9081054260553,0.2146387508365251,499.0032069719471,1,pressure,7.6270097815513695,True,1.298242179521892,False,1.4905942003899508,False,0.1101087751935093,False,1,WARNING,1,78.24663997137831,22.86772924874564,25.77868701597935,2.1781046371473267,62.15404255780534,WARNING,Pressure,1,Elevated telemetry deviation primarily associated with Pressure.
90.3,steady,136.01638050133295,750.9835761934725,0.1948688559443807,504.9450489753236,1,pressure,8.789656609148013,True,0.8729739213768755,False,0.4690453842983633,False,1.1253375197368944,False,1,WARNING,1,82.75988623419312,16.020274911718968,8.954342712397201,20.153768241814372,64.98414986098635,WARNING,Pressure,1,Elevated telemetry deviation primarily associated with Pressure.
90.4,steady,134.3166229596491,750.1847858974139,0.2188880764583534,493.7586909330157,1,pressure,7.819631774357527,True,0.6964631404145807,False,1.9117975877723408,False,0.7859741955277587,False,1,WARNING,1,79.06873799474818,13.002658744571715,31.775027164513737,14.546245473444387,63.50403826709814,WARNING,Pressure,1,Elevated telemetry deviation primarily associated with Pressure.
90.5,steady,137.6188236854423,754.4149817947036,0.226660769140312,497.2707156066554,1,pressure,9.704145674092503,True,1.6312205919489962,False,2.682245601900913,False,0.1859063380858197,False,1,WARNING,1,85.64151507885775,27.837099698258605,41.517880051845765,3.649853209646492,69.5485402546358,WARNING,Pressure,1,Elevated telemetry deviation primarily associated with Pressure.
90.6,steady,136.3902981309295,750.3339809485814,0.1899433332233788,497.4297622962488,1,pressure,9.003045506081705,True,0.7294311610918708,False,0.957275056333308,False,0.1587314702741375,False,1,WARNING,1,83.48017648752153,13.574397791783566,17.42432259778559,3.124767087056457,64.55243531375187,WARNING,Pressure,1,Elevated telemetry deviation primarily associated with Pressure.
90.7,steady,134.36325085031805,753.4332112098562,0.1984210815889568,491.83657888620377,1,pressure,7.846241576540241,True,1.4142761779866393,False,0.1169402251747151,False,1.114388077796546,False,1,WARNING,1,79.17983744735659,24.637112140225437,2.3116664513324503,19.978722310484144,62.501286446354165,WARNING,Pressure,1,Elevated telemetry deviation primarily associated with Pressure.
90.8,steady,135.598063037414,750.9059273388846,0.2024796441597406,491.3031397740304,1,pressure,8.550929426666459,True,0.8558156508874052,False,0.2853542692589685,False,1.2055319890338971,False,1,WARNING,1,81.9167824556453,15.731590494750103,5.5472856390670895,21.42419809892785,64.1501460564036,WARNING,Pressure,1,Elevated telemetry deviation primarily associated with Pressure.
90.9,steady,137.01099605101768,751.4350500155061,0.2113407088892588,498.3227436082121,1,pressure,9.357268024660376,True,0.9727372726649538,False,1.1636843413803497,False,0.006155838722501,False,1,WARNING,1,84.61002103495716,17.679288757946953,20.763795831417664,0.12304101684256219,65.77442650382403,WARNING,Pressure,1,Elevated telemetry deviation primarily associated with Pressure.
91.0,steady,134.3097675789129,747.91312044187,0.2041861512565018,502.7608613279508,1,pressure,7.815719516636659,True,0.1944872831443498,False,0.4545073617062931,False,0.752145152482875,False,1,WARNING,1,79.05235388742152,3.815066463708472,8.689232717149354,13.966121434276168,60.61727279579759,WARNING,Pressure,1,Elevated telemetry deviation primarily associated with Pressure.
91.1,steady,137.44743525345575,752.1236115085835,0.2084340679235093,492.61341839898176,1,pressure,9.60633699765148,True,1.1248905067282071,False,0.87557109009429,False,0.9816565439016464,False,1,WARNING,1,85.35787297668239,20.146629461848253,16.06388548731541,17.8260060083387,67.67962690408473,WARNING,Pressure,1,Elevated telemetry deviation primarily associated with Pressure.
91.2,steady,136.87873305505025,748.9722856922727,0.1999114064487148,486.7608075881616,1,pressure,9.281787617798871,True,0.4285337987808093,False,0.0307843634060418,False,1.98163916248922,False,1,WARNING,1,84.37593017847004,8.213665376799417,0.6137957978981756,32.72139013673501,65.86277299637202,WARNING,Pressure,1,Elevated telemetry deviation primarily associated with Pressure.
91.3,steady,137.42289895891432,749.4475587802023,0.2014383233360422,499.96567366121553,1,pressure,9.5923345211363,True,0.5335561361010549,False,0.1821360418676602,False,0.2745567440313792,False,1,WARNING,1,85.31681029764435,10.121481978588543,3.5771720913432947,5.343094128896841,64.58730056191023,WARNING,Pressure,1,Elevated telemetry deviation primarily associated with Pressure.
91.4,steady,135.4325131016563,749.6106674235849,0.2209072262371449,494.4910304014346,1,pressure,8.456452687987689,True,0.5695986796412473,False,2.1119405756597844,False,0.660845981300588,False,1,WARNING,1,81.57184517988213,10.767042498681768,34.45204115284655,12.38072659966184,65.19921921714221,WARNING,Pressure,1,Elevated telemetry deviation primarily associated with Pressure.
91.5,steady,138.6461870315238,753.5185930175534,0.2187244170141888,503.4892722309692,1,pressure,10.29044574078629,True,1.4331432193502762,False,1.8955752695990424,False,0.8766021283100469,False,1,WARNING,1,87.2302251613828,24.920951227562572,31.55331424591169,16.081191971238407,70.68089358293217,WARNING,Pressure,1,Elevated telemetry deviation primarily associated with Pressure.
91.6,steady,138.59029474006593,757.8239927526436,0.2041554292373545,498.4919416855228,1,pressure,10.258548891113383,True,2.384518659619685,False,0.45146212119434,False,0.0227535047958431,False,1,WARNING,1,87.1485016485997,37.92977197683369,8.633603128779887,0.4540362208358628,68.3860434569066,WARNING,Pressure,1,Elevated telemetry deviation primarily associated with Pressure.
91.7,steady,138.4474617578679,755.7026233989491,0.1874230110753841,504.7370883377155,1,pressure,10.177036359730806,True,1.915754125075752,False,1.2070954562050151,False,1.0898051685041732,False,1,WARNING,1,86.93727291538664,31.828992740026084,21.448764395211228,19.5843223930425,70.49167073382213,WARNING,Pressure,1,Elevated telemetry deviation primarily associated with Pressure.
91.8,steady,137.05623369367544,753.1640282477445,0.2028246805721915,500.1059777871212,1,pressure,9.38308443421837,True,1.3547941147986835,False,0.3195551092576827,False,0.2985292396845024,False,1,WARNING,1,84.68927904316583,23.73521006582211,6.19115348079079,5.79584036879548,65.58403613693302,WARNING,Pressure,1,Elevated telemetry deviation primarily associated with Pressure.
91.9,steady,139.10268399866388,752.8644770181538,0.192327753784736,493.6134908881467,1,pressure,10.550961363910837,True,1.288601496117468,False,0.7209255489600073,False,0.810783212525557,False,1,WARNING,1,87.878534208686,22.718864218287106,13.42725214075533,14.969200026745632,69.28300916266238,WARNING,Pressure,1,Elevated telemetry deviation primarily associated with Pressure.
92.0,steady,138.1098028514868,757.8251573892787,0.204201921487227,500.4781568103354,1,pressure,9.984339744569212,True,2.3847760124230746,False,0.4560705449481537,False,0.3621200996010756,False,1,WARNING,1,86.42401752467251,37.93296668405406,8.717775347424329,6.986358418539506,68.43095921382255,WARNING,Pressure,1,Elevated telemetry deviation primarily associated with Pressure.
92.1,steady,138.07181396820687,754.6800530407827,0.2185768503606472,509.2781176222512,1,pressure,9.962660087721815,True,1.6897940784909942,False,1.880948107581352,False,1.865689727005431,False,1,WARNING,1,86.3650251954636,28.677533904688758,31.352784919009903,31.14297588058217,71.67186936827898,WARNING,Pressure,1,Elevated telemetry deviation primarily associated with Pressure.
92.2,steady,139.73480817798432,753.5813033206838,0.1915544594973028,488.1857053617772,1,pressure,10.911704668514709,True,1.4470004790522903,False,0.7975763407085043,False,1.7381797812083954,False,1,WARNING,1,88.72227825978723,25.12874113010035,14.744304966327537,29.364402610240823,71.4909569784266,WARNING,Pressure,1,Elevated telemetry deviation primarily associated with Pressure.
92.3,steady,137.76362890488954,750.9640792531671,0.1827824079605465,501.110738918848,1,pressure,9.786783730183709,True,0.8686656314832105,False,1.667083210832739,False,0.4702036769632704,False,1,WARNING,1,85.87687619915415,15.947881927027453,28.352838032723206,8.975431772974051,67.9958594734896,WARNING,Pressure,1,Elevated telemetry deviation primarily associated with Pressure.
92.4,steady,139.47683163899745,752.4417999239527,0.1854648346023687,509.6527549176933,1,pressure,10.76448152434636,True,1.195201433096606,False,1.4011946232092392,False,1.9297006096399176,False,1,WARNING,1,88.38527277627468,21.261683927194287,24.439681233378263,32.01887697525443,71.98465985938743,WARNING,Pressure,1,Elevated telemetry deviation primarily associated with Pressure.
92.5,steady,138.0644419973194,754.0133111739153,0.1977094842042276,507.4785608802335,1,pressure,9.958453020144916,True,1.5424623843007674,False,0.1874754713701878,False,1.5582157600276698,False,1,WARNING,1,86.35354771540493,26.544652167307458,3.6800857099726136,26.77572190203651,68.67328167080134,WARNING,Pressure,1,Elevated telemetry deviation primarily associated with Pressure.
92.6,steady,137.85901981652023,751.0952799892901,0.1968163534410638,505.08394570881615,1,pressure,9.841221819749943,True,0.8976574013008548,False,0.2760047431415881,False,1.149069546991189,False,1,WARNING,1,86.02980932539259,16.43383563168779,5.370502783029895,20.531852850236753,67.15140111316055,WARNING,Pressure,1,Elevated telemetry deviation primarily associated with Pressure.
92.7,steady,138.556736511995,747.9755904499193,0.2072141502802394,498.0215111645065,1,pressure,10.239397739350816,True,0.208291444213803,False,0.7546499159123637,False,0.0576246989623376,False,1,WARNING,1,87.09918305905427,4.080250693683574,14.009209543368783,1.1458782072343188,65.9187396199276,WARNING,Pressure,1,Elevated telemetry deviation primarily associated with Pressure.
92.8,steady,137.92552193846123,749.1609972925069,0.1844932935607305,501.5005219197034,1,pressure,9.87917353243076,True,0.4702338946612013,False,1.497496110583361,False,0.536802369149609,False,1,WARNING,1,86.13544643979223,8.975981881893135,25.881070103165392,10.179816362950033,67.46561772979751,WARNING,Pressure,1,Elevated telemetry deviation primarily associated with Pressure.
92.9,steady,141.53262372372726,753.830501371457,0.1829092827779863,508.6845805377012,1,pressure,11.937689660477414,True,1.502066424111087,False,1.6545070734323375,False,1.7642774193666158,False,1,WARNING,1,90.81444396712398,25.94878849861417,28.17240229874035,29.732126555109563,74.31281769409455,WARNING,Pressure,1,Elevated telemetry deviation primarily associated with Pressure.
93.0,steady,141.18613539909143,751.7143639530442,0.1930217822388444,505.0716503489471,1,pressure,11.739954235501012,True,1.034458003990518,False,0.6521317774710511,False,1.146968750174907,False,1,WARNING,1,90.44390339385282,18.689221455442397,12.22788700925358,20.498456548738055,71.20124069164193,WARNING,Pressure,1,Elevated telemetry deviation primarily associated with Pressure.
93.1,steady,139.41710749027067,753.4290989868691,0.1925078952634173,497.0243769950258,1,pressure,10.730397894133834,True,1.413367489317643,False,0.7030694918391142,False,0.2279959862580804,False,1,WARNING,1,88.30582789336617,24.623414615132354,13.11752984184329,4.457517764543972,68.81791351574051,WARNING,Pressure,1,Elevated telemetry deviation primarily associated with Pressure.
93.2,steady,140.64900899326824,751.5056428071567,0.1992238790382596,498.8459711956623,1,pressure,11.433424662727887,True,0.9883363464719824,False,0.0373650089824576,False,0.0832433217425007,False,1,WARNING,1,89.8397275936197,17.935713920558214,0.74451483447181,1.6510841252998731,68.03578897732339,WARNING,Pressure,1,Elevated telemetry deviation primarily associated with Pressure.
93.3,steady,139.867649859125,755.3944426420368,0.2240798128637849,499.3900993319168,1,pressure,10.98751532188244,True,1.8476546171716732,False,2.426415001211075,False,0.1762135697441317,False,1,WARNING,1,88.89198275851503,30.89415860710465,38.447702103852734,3.46289212063855,71.92825315716948,WARNING,Pressure,1,Elevated telemetry deviation primarily associated with Pressure.
93.4,steady,139.66269559882136,755.9128750179947,0.220891757834602,500.545995498609,1,pressure,10.870551156338156,True,1.9622139752510064,False,2.110407310354109,False,0.3737110820419286,False,1,WARNING,1,88.62907163618884,32.459501824441894,34.43193758836265,7.20173257954142,71.84709288101953,WARNING,Pressure,1,Elevated telemetry deviation primarily associated with Pressure.
93.5,steady,141.77071515340907,750.6410455228349,0.215130024606069,499.02024362751513,1,pressure,12.0735646862257,True,0.7972840231944645,False,1.539290439341623,False,0.1130196742772777,False,1,WARNING,1,91.060700336123,14.739320474057527,26.498038119095234,2.235037995929934,70.96110119943545,WARNING,Pressure,1,Elevated telemetry deviation primarily associated with Pressure.
93.6,steady,140.3689650493636,752.5069465283183,0.2349509656828931,497.56650467586064,1,pressure,11.273607998434068,True,1.2095970486547287,False,3.50398984476704,False,0.1353675379615084,False,1,WARNING,1,89.50972553717118,21.488055201014234,50.381079780432856,2.6710305287318326,72.5356870658044,WARNING,Pressure,2,Elevated telemetry deviation primarily associated with Pressure.
93.7,steady,141.5260124145505,750.1644184534299,0.1879450267559719,503.6799495493294,1,pressure,11.933916690548084,True,0.6919624930462247,False,1.1553520050087025,False,0.9091814352693576,False,1,WARNING,1,90.80750998594353,12.924314618938137,20.631641205132734,16.62621770812571,71.36147879870055,WARNING,Pressure,1,Elevated telemetry deviation primarily associated with Pressure.
93.8,steady,140.45860364612705,751.1969898170446,0.1991275089005204,508.058642428159,1,pressure,11.324763332582595,True,0.9201324879626048,False,0.0469174490801883,False,1.6573290419524545,False,1,WARNING,1,89.6165050705663,16.808624017720387,0.9339602255573731,28.212929904819404,70.11327997750115,WARNING,Pressure,1,Elevated telemetry deviation primarily associated with Pressure.
93.9,steady,140.46699481152552,754.6864561035545,0.2182184298402682,509.4948207706878,1,pressure,11.329552038400776,True,1.6912089800189445,False,1.845420602577856,False,1.9027158319070503,False,1,WARNING,1,89.62644501037806,28.697713902534193,30.86327501654128,31.6509940453215,74.08055170453855,WARNING,Pressure,1,Elevated telemetry deviation primarily associated with Pressure.
94.0,steady,142.10396444838997,748.7913167594472,0.2109718512916259,503.250966407804,1,pressure,12.263744805672417,True,0.3885446203687009,False,1.1271222881485108,False,0.835884969972294,False,1,WARNING,1,91.39433054634935,7.476629939154944,20.1822645620243,15.395014765851943,71.17053583879787,WARNING,Pressure,1,Elevated telemetry deviation primarily associated with Pressure.
94.1,steady,141.87823116720097,754.681854202883,0.1996115753290964,500.6217364867517,1,pressure,12.134922380460427,True,1.690192085991243,False,0.0010643808805353,False,0.386652258912481,False,1,WARNING,1,91.16972895651652,28.683211054019388,0.02128535195815573,7.441605779875571,70.40045904669309,WARNING,Pressure,1,Elevated telemetry deviation primarily associated with Pressure.
94.2,steady,143.35690582353058,752.9253299780438,0.2056147270308496,487.70372466034513,1,pressure,12.978778697634986,True,1.3020483338257485,False,0.5961112322585379,False,1.8205314597166693,False,1,WARNING,1,92.5410515453304,22.926422371260525,11.238948944723104,30.51826626672909,73.90884380316854,WARNING,Pressure,1,Elevated telemetry deviation primarily associated with Pressure.
94.3,steady,143.04068598548105,751.7446448283025,0.2182843278511418,499.7302354462582,1,pressure,12.798317020813949,True,1.0411492481962126,False,1.8519525720882968,False,0.2343295479442287,False,1,WARNING,1,92.26692347231908,18.797962732928642,30.95353584153725,4.578465986046609,72.80072795988016,WARNING,Pressure,1,Elevated telemetry deviation primarily associated with Pressure.
94.4,steady,140.49293551761505,752.7034391371125,0.2171920885278425,500.24391370347576,1,pressure,11.34435599044791,True,1.2530165343479287,False,1.7436871804123415,False,0.3220971008138427,False,1,WARNING,1,89.65711350860126,22.16689310859248,29.44216346293993,6.238833618661999,71.18381160423544,WARNING,Pressure,1,Elevated telemetry deviation primarily associated with Pressure.
94.5,steady,142.98800256668164,755.7290531684154,0.1901957232666528,494.3184542169124,1,pressure,12.768251424183935,True,1.921594380361986,False,0.9322575475261454,False,0.6903325114121259,False,1,WARNING,1,92.22028347499887,31.9085734709033,17.010119682074453,12.89592363792227,73.42123803201541,WARNING,Pressure,1,Elevated telemetry deviation primarily associated with Pressure.
94.6,steady,143.54432752259518,753.3469625462318,0.190652909678113,501.6958889484331,1,pressure,13.085737306855917,True,1.3952175852015132,False,0.8869401295850416,False,0.5701829644582249,False,1,WARNING,1,92.69891677146246,24.34930184460795,16.25452326845187,10.777469381891347,72.8613143872618,WARNING,Pressure,1,Elevated telemetry deviation primarily associated with Pressure.
94.7,steady,142.60486245609397,753.3000798447291,0.1911925183852211,499.22580488524784,1,pressure,12.54959940272784,True,1.3848577920283949,False,0.8334528152386347,False,0.1481420651951363,False,1,WARNING,1,91.87252493312752,24.19239423044044,15.35385027175602,2.9193794538550977,71.47172923433607,WARNING,Pressure,1,Elevated telemetry deviation primarily associated with Pressure.
94.8,steady,145.1417516228339,750.7314118981416,0.1991971195863131,497.8334628507078,1,pressure,13.997362059754126,True,0.8172525174999318,False,0.0400174702921941,False,0.08975481171573,False,1,WARNING,1,93.91578462477682,15.079146918858156,0.7971551374367447,1.7790803585102544,70.80773712206836,WARNING,Pressure,1,Elevated telemetry deviation primarily associated with Pressure.
94.9,steady,144.5604153877852,752.5379707864934,0.2041277806206036,499.30936808512257,1,pressure,13.665602634346785,True,1.216452560127865,False,0.4487215237282173,False,0.1624197525605432,False,1,WARNING,1,93.49839116651795,21.595629344253876,8.58350969829037,3.196201377943164,71.87540577209964,WARNING,Pressure,1,Elevated telemetry deviation primarily associated with Pressure.
95.0,steady,141.6718435052495,754.9153031764786,0.1903524910951519,497.45405049948937,1,pressure,12.017140195191272,True,1.741777916274274,False,0.9167183428916006,False,0.1545815648964542,False,1,WARNING,1,90.95924989706786,29.415215608818258,16.751799133836588,3.0443291006648776,71.38843938537802,WARNING,Pressure,1,Elevated telemetry deviation primarily associated with Pressure.
95.1,steady,143.2232241948063,752.565213822056,0.1994388533504585,505.4039707783165,1,pressure,12.902488699421871,True,1.2224725249505055,False,0.0160562375309982,False,1.2037493330485445,False,1,WARNING,1,92.42637023363976,21.689970850260455,0.32060969656217964,21.396178379560048,71.96253945336781,WARNING,Pressure,1,Elevated telemetry deviation primarily associated with Pressure.
95.2,steady,146.45193948157743,751.4569466878805,0.2180453188277211,498.96556760390337,1,pressure,14.745065617499874,True,0.9775758376304412,False,1.8282614221885067,False,0.1036776771699075,False,1,WARNING,1,94.76086157298825,17.758913046873637,30.62560151445425,2.052203246499462,74.29934821826373,WARNING,Pressure,1,Elevated telemetry deviation primarily associated with Pressure.
95.3,steady,143.34042269993458,748.9446891582586,0.2177036898066509,497.4370009569428,1,pressure,12.969372038831636,True,0.4224357204807528,False,1.79439833102794,False,0.1574946658615643,False,1,WARNING,1,92.52700558028421,8.101653033598488,30.154160555629762,3.100800979932794,71.8573703902612,WARNING,Pressure,1,Elevated telemetry deviation primarily associated with Pressure.
95.4,steady,145.10589742692937,754.2714336759454,0.1987501274379912,498.1858218040976,1,pressure,13.976900635341568,True,1.5995003886957766,False,0.0843244083247531,False,0.0295504276753488,False,1,WARNING,1,93.8908352670536,27.377840084759143,1.6723465652294323,0.5892655334451047,71.83794307550248,WARNING,Pressure,1,Elevated telemetry deviation primarily associated with Pressure.
95.5,steady,144.96888206655126,752.0244545523394,0.1995824978947245,509.8303506099663,1,pressure,13.898708129025122,True,1.1029795347611602,False,0.0018178444285644,False,1.960044777593248,False,1,WARNING,1,93.7945461402303,19.79592861075662,0.036350280255437184,32.4301937293072,73.74644413269777,WARNING,Pressure,1,Elevated telemetry deviation primarily associated with Pressure.
95.6,steady,146.09847941552022,753.1587666977777,0.1965136367372631,498.3080997842021,1,pressure,14.54335152959383,True,1.3536314563408942,False,0.3060107517193029,False,0.0086578963431014,False,1,WARNING,1,94.54517858949824,23.717474023196328,5.936692874345962,0.17300809501823444,72.33694702160399,WARNING,Pressure,1,Elevated telemetry deviation primarily associated with Pressure.
95.7,steady,146.83330209166044,753.0819478597225,0.2171695873803052,503.1303497884902,1,pressure,14.962703247437716,True,1.3366565967755797,False,1.7414568124890135,False,0.8152763003160763,False,1,WARNING,1,94.98401638639288,23.458056882260504,29.410682454968573,15.045575875102502,75.99321466604377,CRITICAL,Pressure,1,Critical telemetry deviation primarily associated with Pressure.
95.8,steady,144.83371612988486,753.5554997186596,0.1984766852589463,494.01744300384416,1,pressure,13.821571059667434,True,1.4412985896234782,False,0.1114286555199539,False,0.7417635719760228,False,1,WARNING,1,93.69806975821948,25.04331090009161,2.203923868204871,13.787302328694807,72.69284844267361,WARNING,Pressure,1,Elevated telemetry deviation primarily associated with Pressure.
95.9,steady,144.84989000216964,752.2057022930363,0.2086383795390513,501.2275193034486,1,pressure,13.830801233622376,True,1.143030322077832,False,0.8958229493789236,False,0.4901568839280429,False,1,WARNING,1,93.70969260930173,20.43580965645122,16.40317038447282,9.337954352806,73.1513800588114,WARNING,Pressure,1,Elevated telemetry deviation primarily associated with Pressure.
96.0,steady,145.09015812335787,754.6557651710223,0.2037996094794239,502.74018568355103,1,pressure,13.967918462900936,True,1.6844271243849198,False,0.4161924100269804,False,0.7486124923255232,False,1,WARNING,1,93.87985068925059,28.600935921804236,7.986831379734105,13.905314264700841,73.65453452036824,WARNING,Pressure,1,Elevated telemetry deviation primarily associated with Pressure.
96.1,steady,145.13457479320505,753.0617384548013,0.1943472080885548,501.4893260515553,1,pressure,13.9932663562174,True,1.3321908717122946,False,0.5207523758186064,False,0.5348894325286752,False,1,WARNING,1,93.91079875450487,23.389663289354125,9.891030440036541,10.145445724768376,73.05900128368626,WARNING,Pressure,1,Elevated telemetry deviation primarily associated with Pressure.
96.2,steady,145.91106097137015,753.4848328372112,0.1988407772496241,490.7095179658923,1,pressure,14.436394777901311,True,1.4256831440000586,False,0.0753389807243791,False,1.306958772625105,False,1,WARNING,1,94.4272356113141,24.808848546701,1.4954844924821242,23.002078232030964,73.95439724957538,WARNING,Pressure,1,Elevated telemetry deviation primarily associated with Pressure.
96.3,steady,145.74463831661075,748.493895441202,0.1932986553288078,505.5483784947627,1,pressure,14.341419992245438,True,0.322822653768273,False,0.6246874501244826,False,1.2284229720626334,False,1,WARNING,1,94.32036944468682,6.252438369797153,11.744793083178218,21.783111353864314,73.042052461055,WARNING,Pressure,1,Elevated telemetry deviation primarily associated with Pressure.
96.4,steady,147.10771339255342,752.5253924912495,0.1965903960506101,499.9334044569546,1,pressure,15.119305451155348,True,1.2136731013291948,False,0.2984021837552902,False,0.2690431972708547,False,1,WARNING,1,95.13868442484782,21.552032884345472,5.793446498972554,5.23865750251179,73.01589174083539,WARNING,Pressure,1,Elevated telemetry deviation primarily associated with Pressure.
96.5,steady,146.60153185625336,755.365265631586,0.2172531752245137,490.6975238356253,1,pressure,14.830435627617428,True,1.8412072968596664,False,1.7497422408741103,False,1.3090081010666783,False,1,WARNING,1,94.84955529998814,30.80499163167628,29.527558138767805,23.033630571682785,77.24608781367735,CRITICAL,Pressure,1,Critical telemetry deviation primarily associated with Pressure.
96.6,steady,146.7115685120586,751.5151905284384,0.2004477160416701,508.021214647746,1,pressure,14.89323181251485,True,0.9904461314157404,False,0.0839446616138439,False,1.6509340959915657,False,1,WARNING,1,94.91383644948672,17.970334214945094,1.6648783610337725,28.12105627786561,74.17762790620785,WARNING,Pressure,1,Elevated telemetry deviation primarily associated with Pressure.
96.7,steady,147.3160090507814,748.7105674171307,0.2111847019817994,500.1082360461952,1,pressure,15.238176499822677,True,0.3707012269964916,False,1.1482205610714455,False,0.2989150879657645,False,1,WARNING,1,95.25289534432744,7.145853895874366,20.51835823699586,5.803109790918759,73.17740098477303,WARNING,Pressure,1,Elevated telemetry deviation primarily associated with Pressure.
96.8,steady,149.24479810937248,749.4438569769608,0.2232790589554177,508.68191549728834,1,pressure,16.338906010957572,True,0.5327381389566891,False,2.3470423457168987,False,1.763822068041055,False,1,WARNING,1,96.1909150724461,10.106776701517607,37.462791422170596,29.725726949843622,77.70413818486304,CRITICAL,Pressure,1,Critical telemetry deviation primarily associated with Pressure.
96.9,steady,146.94250239194216,752.9244572946434,0.2020398171161067,494.6194134209435,1,pressure,15.025022137421816,True,1.301855494692248,False,0.2417575536555935,False,0.6389103371615116,False,1,WARNING,1,95.04614650031307,22.92344975355205,4.720119079923646,11.995485125357986,73.56495026537884,WARNING,Pressure,1,Elevated telemetry deviation primarily associated with Pressure.
97.0,steady,147.55315751407946,750.785364978452,0.2108733781930304,490.6284013275019,1,pressure,15.373513389520276,True,0.8291746707708241,False,1.1173613975070864,False,1.3208184381813242,False,1,WARNING,1,95.37966363794047,15.28139358672359,20.02629393296136,23.21521578288713,75.46325597195614,CRITICAL,Pressure,1,Critical telemetry deviation primarily associated with Pressure.
97.1,steady,147.79770037025335,753.9765003858635,0.2072587494006808,492.3610686411895,1,pressure,15.513070142670069,True,1.5343282081860437,False,0.7590706881185907,False,1.024773262192657,False,1,WARNING,1,95.50684037270877,26.425055164208022,14.085205081810148,18.531574048169574,75.60245527561415,CRITICAL,Pressure,1,Critical telemetry deviation primarily associated with Pressure.
97.2,steady,147.58785750246642,757.4866533277387,0.2055634374705016,494.2538287796343,1,pressure,15.393316125896986,True,2.3099758845845737,False,0.5910272875391789,False,0.7013744747487689,False,1,WARNING,1,95.39792650917542,36.99746214006687,11.148651790569208,13.088071394514344,75.71396201646753,CRITICAL,Pressure,1,Critical telemetry deviation primarily associated with Pressure.
97.3,steady,148.7139530307699,750.278402248948,0.2067429530267269,503.7007993442054,1,pressure,16.035961092613096,True,0.7171497904673754,False,0.7079437095710035,False,0.9127438509417856,False,1,WARNING,1,95.95299149493022,13.361851892717036,13.202185387510001,16.685598965282843,74.54967439899315,WARNING,Pressure,1,Elevated telemetry deviation primarily associated with Pressure.
97.4,steady,150.72618310666326,752.6893142650209,0.1828243403378424,503.133694487993,1,pressure,17.184309076994012,True,1.2498953244181474,False,1.6629267726282166,False,0.8158477788365717,False,1,WARNING,1,96.78345317153504,22.11829124729048,28.293253870116196,15.055285245943928,77.10614437080028,CRITICAL,Pressure,1,Critical telemetry deviation primarily associated with Pressure.
97.5,steady,148.6886782229642,748.7784417337439,0.1946813184949055,499.77134477708574,1,pressure,16.021537158219616,True,0.3856995922643013,False,0.4876345478527484,False,0.2413535270909939,False,1,WARNING,1,95.9412998820993,7.423968640660982,9.292206785022938,4.712419648257626,72.63171073201812,WARNING,Pressure,1,Elevated telemetry deviation primarily associated with Pressure.
97.6,steady,148.6137397178661,756.9205930702167,0.1815257806630429,500.4960461909399,1,pressure,15.978770934658572,True,2.1848920689449143,False,1.791643134333722,False,0.3651766960910968,False,1,WARNING,1,95.90643593940845,35.40146243632451,30.115662144345954,7.04320207603325,77.08002508777531,CRITICAL,Pressure,1,Critical telemetry deviation primarily associated with Pressure.
97.7,steady,150.00735080044385,752.5776219896301,0.1847412696651459,500.59038267301656,1,pressure,16.774082811198607,True,1.2252143901930153,False,1.4729161220239722,False,0.3812951166429872,False,1,WARNING,1,96.50842255611946,21.732902187403624,25.515804526631648,7.342382937064396,75.95168197960932,CRITICAL,Pressure,1,Critical telemetry deviation primarily associated with Pressure.
97.8,steady,148.53970452732045,758.0428433468292,0.2141617602736812,495.36753543773983,1,pressure,15.93652021847314,True,2.4328786478223097,False,1.4433137472782314,False,0.5110855017912974,False,1,WARNING,1,95.87169817390284,38.52722115481632,25.07351472229934,9.716647509079957,77.12064844954546,CRITICAL,Pressure,1,Critical telemetry deviation primarily associated with Pressure.
97.9,steady,148.56076351511155,749.8298299479317,0.1988996710877885,505.3286857328561,1,pressure,15.94853825084067,True,0.618027595867439,False,0.0695012816778834,False,1.190886058975928,False,1,WARNING,1,95.88160907117667,11.627161396482343,1.380409384918846,21.193697534445278,73.70529766762937,WARNING,Pressure,1,Elevated telemetry deviation primarily associated with Pressure.
98.0,steady,150.5081229200893,753.624946205347,0.1897941707093817,500.8797688262461,1,pressure,17.059865565923467,True,1.4566443614246225,False,0.9720604038819436,False,0.4307399084877588,False,1,WARNING,1,96.70239293768958,25.27301187508678,17.668143939679027,8.254154588533758,75.79760445183477,CRITICAL,Pressure,1,Critical telemetry deviation primarily associated with Pressure.
98.1,steady,149.5346722687566,751.8569089647594,0.1943037819752015,492.6300436186683,1,pressure,16.50433262426623,True,1.0659565480568232,False,0.5250568767378335,False,0.9788159431417238,False,1,WARNING,1,96.31487789368327,19.199845603198582,9.968571885985156,17.77930804261132,75.14014843062348,CRITICAL,Pressure,1,Critical telemetry deviation primarily associated with Pressure.
98.2,steady,150.57797624252026,757.0278305678868,0.2246195065944368,504.0298887226353,1,pressure,17.099729755897016,True,2.208588619285586,False,2.479910743295866,False,0.9689723733959498,False,1,WARNING,1,96.7285796944671,35.70689060470356,39.10274880482684,17.617279577929313,79.42468293607222,CRITICAL,Pressure,1,Critical telemetry deviation primarily associated with Pressure.
98.3,steady,151.3677593171604,752.8178391383593,0.2081421474155753,507.20541633406094,1,pressure,17.55044650679266,True,1.278295801837539,False,0.8466352264465223,False,1.511546024526112,False,1,WARNING,1,97.01057552789423,22.559412797182553,15.576724411376297,26.089050672719594,77.16500339143386,CRITICAL,Pressure,1,Critical telemetry deviation primarily associated with Pressure.
98.4,steady,151.0540285809313,751.4350681144922,0.2030678486414462,504.1714708006406,1,pressure,17.371405321143406,True,0.9727412720452416,False,0.343658513794906,False,0.9931632211535087,False,1,WARNING,1,96.90158986034237,17.67935460428659,6.6422877353541026,18.01489849795226,75.16936984529188,CRITICAL,Pressure,1,Critical telemetry deviation primarily associated with Pressure.
98.5,steady,149.81924626710472,754.3374516015051,0.2068250603801117,503.7867177395554,1,pressure,16.66673451922111,True,1.6140885423770936,False,0.7160823881408508,False,0.9274239492336626,False,1,WARNING,1,96.4326490763778,27.589415930478612,13.343354366185899,16.92985294184808,76.18205822719848,CRITICAL,Pressure,1,Critical telemetry deviation primarily associated with Pressure.
98.6,steady,154.14243199288168,752.816117917163,0.218929958979733,504.8291981481231,1,pressure,19.133908464077404,True,1.2779154590879114,False,1.915949084138396,False,1.1055431378286913,False,1,WARNING,1,97.82204036088054,22.553521779950923,31.83165079933945,19.837040351126014,78.63819839756083,CRITICAL,Pressure,1,Critical telemetry deviation primarily associated with Pressure.
98.7,steady,150.31776935828654,754.9839159804068,0.2025911357019402,495.3186266244482,1,pressure,16.95123378885449,True,1.756939467015612,False,0.2964055793769155,False,0.5194421078886919,False,1,WARNING,1,96.6299639952233,29.628926384409947,5.75582034357952,9.867413967178585,75.2241625073044,CRITICAL,Pressure,1,Critical telemetry deviation primarily associated with Pressure.
98.8,steady,150.81311722133336,752.1776362573223,0.2164727473860096,502.6068681499797,1,pressure,17.23392100584416,True,1.1368284967591733,False,1.6723843543669308,False,0.7258337324466239,False,1,WARNING,1,96.81521117189163,20.337059784139743,28.428760156085175,13.51219342947816,76.8505444091191,CRITICAL,Pressure,1,Critical telemetry deviation primarily associated with Pressure.
98.9,steady,149.7469134096934,747.9506524042912,0.1883633624982609,502.55472355051074,1,pressure,16.6254552977206,True,0.202780819045705,False,1.113885558942505,False,0.7169242568625409,False,1,WARNING,1,96.40307567385942,3.9744768594660473,19.97067946617014,13.357943841806252,74.36128957412254,WARNING,Pressure,1,Elevated telemetry deviation primarily associated with Pressure.
99.0,steady,151.83483201680403,754.7837139411454,0.1800725611164503,499.3014503300163,1,pressure,17.816997533745674,True,1.7127002987700284,False,1.935689754929424,False,0.1610669174343997,False,1,WARNING,1,97.1657689119706,29.0035322194472,32.10025798979982,3.1700059184651908,77.28371173375314,CRITICAL,Pressure,1,Critical telemetry deviation primarily associated with Pressure.
99.1,steady,153.1175584078544,754.4299070037207,0.1969647940656187,506.60434556078815,1,pressure,18.54902926476974,True,1.6345186544224974,False,0.261290951012666,False,1.4088465037066924,False,1,WARNING,1,97.55177240281631,27.88468355377335,5.091620893006798,24.55522850134849,76.9784412800383,CRITICAL,Pressure,1,Critical telemetry deviation primarily associated with Pressure.
99.2,steady,152.2860609273164,749.610393893403,0.2105948018530391,504.97483982924825,1,pressure,18.07450675999618,True,0.5695382369615419,False,1.0897482399165808,False,1.1304276132149174,False,1,WARNING,1,97.30804193509381,10.765963796347933,19.58340679764087,20.235011837751514,76.19081438990897,CRITICAL,Pressure,1,Critical telemetry deviation primarily associated with Pressure.
99.3,steady,152.715297197947,749.7678013540559,0.2156330348933988,495.630282358425,1,pressure,18.319465133348675,True,0.6043209752424408,False,1.5891500301960275,False,0.4661923144146775,False,1,WARNING,1,97.43674698881955,11.38457044372787,27.22735129918078,8.902375962760878,76.0171019535005,CRITICAL,Pressure,1,Critical telemetry deviation primarily associated with Pressure.
99.4,steady,154.11371534937177,753.516225626184,0.2155391241666103,499.18301043941005,1,pressure,19.117520328303147,True,1.4326200906874549,False,1.5798413728336305,False,0.1408301657039286,False,1,WARNING,1,97.81489010969764,24.913095616142133,27.0917419738533,2.777306849118144,76.93191909432444,CRITICAL,Pressure,1,Critical telemetry deviation primarily associated with Pressure.
99.5,steady,152.36653629072302,750.4632697477053,0.2145549509075304,493.723211553793,1,pressure,18.120432781313237,True,0.7580004451901551,False,1.4822877496501796,False,0.7920362358184573,False,1,WARNING,1,97.33265490914609,14.066813173157511,25.655281402067576,14.649787513745338,76.54037267828015,CRITICAL,Pressure,1,Critical telemetry deviation primarily associated with Pressure.
99.6,steady,153.591686695927,747.5946749601277,0.2091351742120482,498.4891537928884,1,pressure,18.81960680481789,True,0.1241195521471195,False,0.9450664335743736,False,0.0222771628235085,False,1,WARNING,1,97.680738479159,2.451833094621303,17.222449179549095,0.44455218493369975,73.79994264355138,WARNING,Pressure,1,Elevated telemetry deviation primarily associated with Pressure.
99.7,steady,154.58714814119784,753.6891749434044,0.2010896031310337,490.5800925491038,1,pressure,19.387700959606917,True,1.4708371536639324,False,0.1475700554806091,False,1.3290725217492834,False,1,WARNING,1,97.92983152249005,25.484828030019855,2.9082726069358356,23.341868818785183,76.75006057521374,CRITICAL,Pressure,1,Critical telemetry deviation primarily associated with Pressure.
99.8,steady,154.41945657351488,752.0400936855472,0.2020496357358253,494.70021532558496,1,pressure,19.29200202534816,True,1.1064353549303496,False,0.2427307988838837,False,0.6251044473113161,False,1,WARNING,1,97.88982732439646,19.851343627628914,4.738663412938237,11.75215321086025,75.3736866737423,CRITICAL,Pressure,1,Critical telemetry deviation primarily associated with Pressure.
99.9,steady,154.52785504562715,754.0574203253843,0.2163380807860205,502.0707803214797,1,pressure,19.353863324635636,True,1.5522092988687015,False,1.6590358767187807,False,0.6342372590325251,False,1,WARNING,1,97.91577408805416,26.687705289326914,28.23743145597376,11.913196282386185,78.06123752986255,CRITICAL,Pressure,1,Critical telemetry deviation primarily associated with Pressure.
100.0,shutdown,154.8260431925653,748.0601198274736,0.1946408723084226,500.357792513714,1,pressure,3.194841651016232,False,1.7288178205031903,False,1.4012354719699254,False,1.7347349947673367,False,0,NORMAL,0,47.216330358259874,29.232021176508248,24.44029853993237,29.31572093273932,42.083497196019906,NORMAL,Pressure,1,Telemetry remains within the expected prototype operating envelope.
100.1,shutdown,156.11389789112894,746.7831879142924,0.208934548420284,494.4892275349489,1,pressure,3.250272977126879,False,1.7189581640639275,False,1.9803149003372436,False,1.6838764986172534,False,0,NORMAL,0,47.79827237722254,29.09233390330048,32.703568873500835,28.59307265594676,43.16026122856708,NORMAL,Pressure,1,Telemetry remains within the expected prototype operating envelope.
100.2,shutdown,151.99650464183892,748.7320250198641,0.2114738390737348,492.5282739065075,1,pressure,3.073053786032014,False,1.7340058452430709,False,2.083189134267766,False,1.6668823692306916,False,0,NORMAL,0,45.91486231567077,29.305412299413092,34.07403571488251,28.34996002876298,41.88853416157482,NORMAL,Pressure,1,Telemetry remains within the expected prototype operating envelope.
100.3,shutdown,153.30956749530478,740.2548189183258,0.1892425225079067,494.3090830747422,1,pressure,3.129570111449329,False,1.6685502490102522,False,1.182532229211021,False,1.682315320310626,False,0,NORMAL,0,46.52275888371544,28.37385677342621,21.06192059384676,28.570773385631732,41.1361078676193,NORMAL,Pressure,1,Telemetry remains within the expected prototype operating envelope.
100.4,shutdown,152.28485343992116,740.6795831243836,0.1720312650206694,494.77248423727247,1,pressure,3.085464779506617,False,1.6718300081706234,False,0.4852528820932139,False,1.6863312741810812,False,0,NORMAL,0,46.04894589395969,28.420824667277998,9.248989363850246,28.628121647568385,39.76216696868123,NORMAL,Pressure,1,Telemetry remains within the expected prototype operating envelope.
100.5,shutdown,151.13439870131603,737.404763864488,0.2077650791762705,491.1702396106252,1,pressure,3.035947367439646,False,1.6465439357732228,False,1.932936215104931,False,1.6551132941231097,False,0,NORMAL,0,45.511988091039036,28.057916546715344,32.06285476287805,28.181110446002766,41.291505870755955,NORMAL,Pressure,1,Telemetry remains within the expected prototype operating envelope.
100.6,shutdown,152.89301908914788,738.3630664708662,0.1947085287487202,494.8646988928509,1,pressure,3.111641201791816,False,1.6539433392701564,False,1.4039764360484648,False,1.6871304301455612,False,0,NORMAL,0,46.330656946781325,28.16430350807011,24.48170847407858,28.63952818843988,41.28134426317773,NORMAL,Pressure,1,Telemetry remains within the expected prototype operating envelope.
100.7,shutdown,152.73220758748766,737.1161574196238,0.2018530346352703,488.566044813426,1,pressure,3.104719617547248,False,1.644315500284107,False,1.69342166709838,False,1.632544671036092,False,0,NORMAL,0,46.256310123015,28.025845742088652,28.729260851103223,27.85620704561378,41.517518659119055,NORMAL,Pressure,1,Telemetry remains within the expected prototype operating envelope.
100.8,shutdown,151.74747252126696,737.3832337658685,0.1901236271375165,490.43701852279816,1,pressure,3.0623350452432847,False,1.6463776940391874,False,1.218228404306441,False,1.6487590112605457,False,0,NORMAL,0,45.7987930341956,28.055524551609945,21.623471188724242,28.089780917108488,40.581377820245486,NORMAL,Pressure,1,Telemetry remains within the expected prototype operating envelope.
100.9,shutdown,150.22426632728792,732.6199701733607,0.1956244366942127,475.38152670675424,1,pressure,2.9967738143323923,False,1.6095988007661908,False,1.4410825972180716,False,1.5182842401138517,False,0,NORMAL,0,45.083413599084444,27.524365766533364,25.04007281503593,26.188589168642796,40.13990745746833,NORMAL,Pressure,1,Telemetry remains within the expected prototype operating envelope.
101.0,shutdown,151.78749819665853,730.1252931790701,0.2100253081540821,479.9730838344259,1,pressure,3.06405781433199,False,1.5903364909775977,False,2.024504828679732,False,1.558075857203472,False,0,NORMAL,0,45.81746505003994,27.244617629248314,33.29571323130307,26.773673016711008,41.43035581366492,NORMAL,Pressure,1,Telemetry remains within the expected prototype operating envelope.
101.1,shutdown,151.33260869636837,728.6893070397973,0.1886909111523027,481.4747383086653,1,pressure,3.0444786426575643,False,1.5792487189212936,False,1.160184808856433,False,1.5710895817806392,False,0,NORMAL,0,45.60487926561976,27.083099588796923,20.70831848449246,26.964014654125833,40.1746988220434,NORMAL,Pressure,1,Telemetry remains within the expected prototype operating envelope.
101.2,shutdown,149.71545617662434,719.1786196187521,0.1855770742643598,473.6830145667991,1,pressure,2.974873811621453,False,1.5058132369627373,False,1.0340339942592898,False,1.5035644962849342,False,0,NORMAL,0,44.84235137993417,26.004258918476943,18.682325850794847,25.970971987079526,39.25377035888219,NORMAL,Pressure,0,Telemetry remains within the expected prototype operating envelope.
101.3,shutdown,147.5540107211898,725.7685832342615,0.1997665138595541,476.20508338687057,1,pressure,2.8818417420532048,False,1.5566967465104733,False,1.608890490610086,False,1.5254213944942885,False,0,NORMAL,0,43.806458094820314,26.753472788893717,27.514097993714227,26.29387469368929,39.35638932410599,NORMAL,Pressure,0,Telemetry remains within the expected prototype operating envelope.
101.4,shutdown,149.49175381840925,720.9884507637429,0.1966423329391473,479.4882734486972,1,pressure,2.9652453043187488,False,1.5197876024856658,False,1.4823206084225389,False,1.5538743654886624,False,0,NORMAL,0,44.7360318784725,26.21077889208697,25.655769975699084,26.71211519564042,39.868456615923286,NORMAL,Pressure,0,Telemetry remains within the expected prototype operating envelope.
101.5,shutdown,148.0792931253426,716.6345922302789,0.2040740994704724,466.39723054448353,1,pressure,2.904450736901189,False,1.4861698748041938,False,1.7834036245087812,False,1.4404240147549423,False,0,NORMAL,0,44.05998037434037,25.712982099463456,30.000404666241987,25.03019870606241,39.55929925485571,NORMAL,Pressure,0,Telemetry remains within the expected prototype operating envelope.
101.6,shutdown,148.25025586204322,711.4007781415223,0.2113540325991748,469.7723985858062,1,pressure,2.911809246538488,False,1.445757689746062,False,2.078335416843364,False,1.4696740906178858,False,0,NORMAL,0,44.142246858325606,25.110128977124223,34.01000744208199,25.467492845329133,39.95632461866198,NORMAL,Pressure,0,Telemetry remains within the expected prototype operating envelope.
101.7,shutdown,149.24704490322802,711.7185672576445,0.2087238400364784,463.1366334643185,1,pressure,2.9547126412048725,False,1.448211455270095,False,1.97177847559308,False,1.4121668403607617,False,0,NORMAL,0,44.61949382424858,25.14687239713611,32.588576555133066,24.60531227804099,40.111693303035466,NORMAL,Pressure,0,Telemetry remains within the expected prototype operating envelope.
101.8,shutdown,148.16576047835247,707.6222205811312,0.2065659878056026,464.9463333124937,1,pressure,2.9081724300766387,False,1.416582070437886,False,1.884357449219062,False,1.4278501655167857,False,0,NORMAL,0,44.101603199535255,24.67185987000079,31.39957732580452,24.84142965440822,39.60480820905094,NORMAL,Pressure,0,Telemetry remains within the expected prototype operating envelope.
101.9,shutdown,146.31943363916042,702.0085753150819,0.1926905821667642,469.3531578968314,1,pressure,2.8287035697741225,False,1.3732370705018673,False,1.322223404567281,False,1.4660408427892713,False,0,NORMAL,0,43.20606896555857,24.01600151352894,23.23678875997003,25.41331414929393,38.222759999093824,NORMAL,Pressure,0,Telemetry remains within the expected prototype operating envelope.
102.0,shutdown,147.04542437080363,704.8511761511554,0.2036247291842491,467.3852138572459,1,pressure,2.8599513720641667,False,1.3951858270082518,False,1.7651982946527685,False,1.4489861326986453,False,0,NORMAL,0,43.559899277614136,24.34882133718348,29.745066953036904,25.158468904439736,39.060006971773184,NORMAL,Pressure,0,Telemetry remains within the expected prototype operating envelope.
102.1,shutdown,145.43305325168933,706.7781547312742,0.1929781017196603,467.6858937901336,1,pressure,2.790552340158864,False,1.410064730550146,False,1.3338716787433915,False,1.451591902467662,False,0,NORMAL,0,42.77105980192136,24.573608031381468,23.415412399702674,25.197462702510297,37.94747387810652,NORMAL,Pressure,0,Telemetry remains within the expected prototype operating envelope.
102.2,shutdown,146.48932203677523,704.3477227256276,0.1869863408728477,465.4403587090286,1,pressure,2.836015838138795,False,1.3912984797208716,False,1.0911275855561515,False,1.432131516889502,False,0,NORMAL,0,43.28906675359754,24.289981986415842,19.605588193355604,24.90575815884877,37.94580296040745,NORMAL,Pressure,0,Telemetry remains within the expected prototype operating envelope.
102.3,shutdown,144.23199398772488,695.7250301033345,0.1822767079812783,454.8600218086066,1,pressure,2.738856828380027,False,1.324719529066115,False,0.9003263178258182,False,1.3404395912716096,False,0,NORMAL,0,42.176294560357,23.27510130232384,16.47842995217914,23.51594652978314,36.64109654438832,NORMAL,Pressure,0,Telemetry remains within the expected prototype operating envelope.
102.4,shutdown,144.5144386131493,693.8945703017397,0.1850176783069809,453.70128545630905,1,pressure,2.751013696819893,False,1.310585882171314,False,1.0113711964811072,False,1.3303976834925315,False,0,NORMAL,0,42.31671482006626,23.057913956769948,18.31291208728495,23.362183011257255,36.87271547213868,NORMAL,Pressure,0,Telemetry remains within the expected prototype operating envelope.
102.5,shutdown,144.9986831011448,690.8423318012074,0.2036893676182944,440.02449358044447,1,pressure,2.7718563541175665,False,1.287018436894638,False,1.7678169903014305,False,1.2118710812514304,False,0,NORMAL,0,42.55666893342639,22.69439222147951,29.78185257665421,21.523754826528318,37.86054330555989,NORMAL,Pressure,0,Telemetry remains within the expected prototype operating envelope.
102.6,shutdown,142.22438824415724,693.7617535575063,0.1946480752739391,453.9802058550562,1,pressure,2.652446266072477,False,1.309560355709014,False,1.4015272855748506,False,1.3328148795323118,False,0,NORMAL,0,41.16829367598097,23.04213110919211,24.444708281022898,23.399223782599787,36.564147113657256,NORMAL,Pressure,0,Telemetry remains within the expected prototype operating envelope.
102.7,shutdown,144.9427519404474,686.9625088624707,0.1944272130215656,441.3365486101437,1,pressure,2.7694489875009585,False,1.257060910713142,False,1.3925794973465844,False,1.2232416881916466,False,0,NORMAL,0,42.529004842688664,22.22982492875316,24.309376675319605,21.70201656289169,37.33624766109228,NORMAL,Pressure,0,Telemetry remains within the expected prototype operating envelope.
102.8,shutdown,142.46635832931048,688.8085485010218,0.1877532808954614,442.3176361305182,1,pressure,2.662861045561273,False,1.271314855204223,False,1.1221986121004432,False,1.2317440454218056,False,0,NORMAL,0,41.29070998749411,22.451215561542803,20.103626515114737,21.835046908800116,36.08601390200445,NORMAL,Pressure,0,Telemetry remains within the expected prototype operating envelope.
102.9,shutdown,142.60075781431908,689.2396420709388,0.2098293120573128,438.54362595819146,1,pressure,2.6686458143639364,False,1.274643485688496,False,2.016564442540353,False,1.1990375008893388,False,0,NORMAL,0,41.35859464407572,22.50282463046478,33.189697514191806,21.322069863445936,37.240740350714816,NORMAL,Pressure,0,Telemetry remains within the expected prototype operating envelope.
103.0,shutdown,141.2495209287256,690.3801848643042,0.2034588690428691,444.05721786361136,1,pressure,2.6104864175456424,False,1.2834500320523068,False,1.7584788059007084,False,1.246819708926496,False,0,NORMAL,0,40.67250235560268,22.63920098832849,29.650588035777115,22.07036967197635,36.50248437316415,NORMAL,Pressure,0,Telemetry remains within the expected prototype operating envelope.
103.1,shutdown,141.78961095632292,682.5965587539333,0.2055900817783821,442.8452612802001,1,pressure,2.6337327561910238,False,1.2233498195760282,False,1.844820586905937,False,1.236316580912318,False,0,NORMAL,0,40.9476915659898,21.70370983845067,30.854977895011892,21.9064966376032,36.714626162385734,NORMAL,Pressure,0,Telemetry remains within the expected prototype operating envelope.
103.2,shutdown,141.57725431270438,675.6759762611482,0.1949989810710457,436.5615546839591,1,pressure,2.6245925865916813,False,1.1699134812450005,False,1.4157435254566717,False,1.1818603605433613,False,0,NORMAL,0,40.83964321518959,20.86244904581277,24.65922560382031,21.05131267670236,35.944373262256676,NORMAL,Pressure,0,Telemetry remains within the expected prototype operating envelope.
103.3,shutdown,141.29830528569582,675.666250745195,0.1952488326230082,420.6566493575896,1,pressure,2.612586174298738,False,1.1698383869936912,False,1.4258657566276345,False,1.0440243530635875,False,0,NORMAL,0,40.6974117876264,20.86126048185949,24.81159466730054,18.84464218532781,35.65962221014216,NORMAL,Pressure,0,Telemetry remains within the expected prototype operating envelope.
103.4,shutdown,141.24024504820355,675.2578195169087,0.1887278906217044,435.2621644512451,1,pressure,2.6100871688114844,False,1.166684740704175,False,1.1616829573967302,False,1.170599509996922,False,0,NORMAL,0,40.66776488079506,20.81132961863895,20.732073068909184,20.87330642801034,35.453938647197724,NORMAL,Pressure,0,Telemetry remains within the expected prototype operating envelope.
103.5,shutdown,141.29772835670974,672.7334579820783,0.2065853593018585,424.3296008797042,1,pressure,2.612561342352397,False,1.1471932257651276,False,1.8851422462783145,False,1.075855097295411,False,0,NORMAL,0,40.69711726715738,20.502025699796654,31.410343962815546,19.35964823094489,36.250425550214814,NORMAL,Pressure,0,Telemetry remains within the expected prototype operating envelope.
103.6,shutdown,139.2040037511199,671.7125964379792,0.1905978516283769,426.3143913531258,1,pressure,2.5224440864789077,False,1.1393107819222157,False,1.237440652082039,False,1.0930558029221684,False,0,NORMAL,0,39.61858440971202,20.37659919542667,21.92405119540647,19.636585796155092,34.63821416852409,NORMAL,Pressure,0,Telemetry remains within the expected prototype operating envelope.
103.7,shutdown,139.4891217133411,672.7715993360882,0.1939830455815204,428.667160507562,1,pressure,2.5347160196104266,False,1.1474877290528784,False,1.3745849502987957,False,1.113445506608828,False,0,NORMAL,0,39.76660202807763,20.50670804485889,24.03648221214286,19.963635738361095,34.9722162703015,NORMAL,Pressure,0,Telemetry remains within the expected prototype operating envelope.
103.8,shutdown,139.35163043708434,667.4856251024651,0.1851133462759061,422.0276527693472,1,pressure,2.5287981751672164,False,1.1066727965162808,False,1.0152469910859874,False,1.055905821870856,False,0,NORMAL,0,39.69526944699611,19.85514966207298,18.376208026833552,19.037262204296557,34.2862654578149,NORMAL,Pressure,0,Telemetry remains within the expected prototype operating envelope.
103.9,shutdown,139.260396119298,664.3746625226765,0.1737898806600275,415.5788527205598,1,pressure,2.524871304203173,False,1.0826519212327257,False,0.55649964403098,False,1.0000188591055692,False,0,NORMAL,0,39.64788906468614,19.469193412788155,10.53296287324461,18.127233502213524,33.45163979167758,NORMAL,Pressure,0,Telemetry remains within the expected prototype operating envelope.
104.0,shutdown,138.52135485250113,661.7051679436635,0.1914613066354475,426.0382999683088,1,pressure,2.49306178600618,False,1.0620397811931117,False,1.2724217883553326,False,1.0906631238460067,False,0,NORMAL,0,39.262710816166155,19.136525732054423,22.468381925335613,19.598119821284932,34.3115141313066,NORMAL,Pressure,0,Telemetry remains within the expected prototype operating envelope.
104.1,shutdown,137.73314225672334,654.0399114878421,0.191399762459108,417.92556997496894,1,pressure,2.4591358551618017,False,1.0028535439371598,False,1.2699284503102346,False,1.020356115467314,False,0,NORMAL,0,38.84919569961169,18.173637044891088,22.42970977725447,18.45957064971251,33.819287107251206,NORMAL,Pressure,0,Telemetry remains within the expected prototype operating envelope.
104.2,shutdown,137.93286018027254,654.5691284569754,0.187041141084067,416.0655826165587,1,pressure,2.467732034034111,False,1.0069398209293938,False,1.093347705470646,False,1.004236985790945,False,0,NORMAL,0,38.95423802786432,18.24048276301886,19.641277316289184,18.196274316062855,33.63557855514489,NORMAL,Pressure,0,Telemetry remains within the expected prototype operating envelope.
104.3,shutdown,137.49028531334528,657.2233130992778,0.1955530052444522,417.8267184555362,1,pressure,2.4486829038765063,False,1.0274337473708388,False,1.4381886962529848,False,1.0194994427306754,False,0,NORMAL,0,38.72122069889543,18.574911625195856,24.996674936206386,18.445598760261372,33.98340398108095,NORMAL,Pressure,0,Telemetry remains within the expected prototype operating envelope.
104.4,shutdown,138.05960193657577,659.2032066155175,0.1974576462827404,422.9970892926128,1,pressure,2.4731872019449908,False,1.0427212264094157,False,1.5153513823993152,False,1.0643072085581735,False,0,NORMAL,0,39.02080468439342,18.823488286847233,26.145280795019254,19.173187829439662,34.39026468447943,NORMAL,Pressure,0,Telemetry remains within the expected prototype operating envelope.
104.5,shutdown,136.77617928506584,648.5474990553321,0.1749606162445622,402.90868427054255,1,pressure,2.4179466382284605,False,0.9604446268693948,False,0.6039296324927328,False,0.8902159148308169,False,0,NORMAL,0,38.343364331581476,17.476651896711115,11.377634371119417,16.309371738724543,32.230051270114906,NORMAL,Pressure,0,Telemetry remains within the expected prototype operating envelope.
104.6,shutdown,137.93710709041414,647.6419241537063,0.193386368829819,414.9850163322105,1,pressure,2.467914827839409,False,0.9534523531875464,False,1.3504117964095317,False,0.9948725199613452,False,0,NORMAL,0,38.956469744495315,17.36116599761478,23.66833744611724,18.04292111502831,33.89923358545683,NORMAL,Pressure,0,Telemetry remains within the expected prototype operating envelope.
104.7,shutdown,137.81057741943593,644.350965135457,0.1838971885335622,395.17715345167454,1,pressure,2.462468788420142,False,0.9280416598367988,False,0.9659768156091156,False,0.8232124767146062,False,0,NORMAL,0,38.88994442670947,16.940114970067043,17.567908350037264,15.180311577323835,33.029063318223194,NORMAL,Pressure,0,Telemetry remains within the expected prototype operating envelope.
104.8,shutdown,135.38790434057313,640.6567889246347,0.1911326794915243,407.2739905584101,1,pressure,2.358193064113894,False,0.899517579665551,False,1.2591081231260557,False,0.9280467838488444,False,0,NORMAL,0,37.602102982470555,16.464919443381575,22.261660824376406,16.940200089993706,32.602394230875305,NORMAL,Pressure,0,Telemetry remains within the expected prototype operating envelope.
104.9,shutdown,137.35130104495772,643.6106914465524,0.1869840897447516,415.3878429728424,1,pressure,2.442700798663991,False,0.9223257370312972,False,1.0910363856464247,False,0.9983635194179176,False,0,NORMAL,0,38.64786160244802,16.845107896891264,19.60412178736217,18.100123566901637,33.275866341281485,NORMAL,Pressure,0,Telemetry remains within the expected prototype operating envelope.
105.0,shutdown,133.5749845734034,636.516062810978,0.1848213447466672,402.2843508055019,1,pressure,2.280162097624815,False,0.867545525033422,False,1.0034171386875743,False,0.8848052801623703,False,0,NORMAL,0,36.6206710511891,15.929050353855168,18.18285990680707,16.218758837297344,31.411678446323425,NORMAL,Pressure,0,Telemetry remains within the expected prototype operating envelope.
105.1,shutdown,133.7562537469451,637.8767125346119,0.1742127298645962,409.31670083387786,1,pressure,2.287964212788586,False,0.8780515971823948,False,0.5736305258105119,False,0.9457494374032528,False,0,NORMAL,0,36.71949249420157,16.105515985386365,10.838968207020006,17.23375588411038,30.94622172116887,NORMAL,Pressure,0,Telemetry remains within the expected prototype operating envelope.
105.2,shutdown,132.8228828149757,637.661991104132,0.1714663052065963,403.9261271972442,1,pressure,2.2477904349781723,False,0.8763936548028322,False,0.4623646758946373,False,0.8990333373792293,False,0,NORMAL,0,36.209000993662585,16.077692928646936,8.8326115078866,16.45682880792575,30.323762391716343,NORMAL,Pressure,0,Telemetry remains within the expected prototype operating envelope.
105.3,shutdown,131.83815163491616,628.6264493758534,0.1774741500268258,391.4189971923037,1,pressure,2.205406029940801,False,0.8066269458155798,False,0.7057603787909013,False,0.7906433262765987,False,0,NORMAL,0,35.665953864621514,14.89848850457246,13.164275443059715,14.626007176438915,30.038908448514587,NORMAL,Pressure,0,Telemetry remains within the expected prototype operating envelope.
105.4,shutdown,133.73820438630042,634.3857964575944,0.1831505922231724,392.0447375669479,1,pressure,2.2871873394370352,False,0.8510969625441682,False,0.9357299734910888,False,0.7960661535861618,False,0,NORMAL,0,36.70965954233475,15.652025684173875,17.067734916343912,14.718550666592911,31.224226148344062,NORMAL,Pressure,0,Telemetry remains within the expected prototype operating envelope.
105.5,shutdown,131.90617118291473,628.1824246499222,0.176680880248442,396.12889338931296,1,pressure,2.20833370008186,False,0.803198469165393,False,0.6736226553520475,False,0.8314605002313279,False,0,NORMAL,0,35.70361261149151,14.840114784554492,12.604337357181294,15.32011519222899,30.073313942696906,NORMAL,Pressure,0,Telemetry remains within the expected prototype operating envelope.
105.6,shutdown,132.82703876186685,626.5935708837874,0.1742336304618486,383.95313390588194,1,pressure,2.247969313579677,False,0.7909303504782421,False,0.5744772713093411,False,0.7259422314461843,False,0,NORMAL,0,36.21128312177812,14.63090791620073,10.85406626903066,13.514070177212979,30.118237684025246,NORMAL,Pressure,0,Telemetry remains within the expected prototype operating envelope.
105.7,shutdown,131.15030277939977,622.391403942587,0.1701745337961651,378.6983223846366,1,pressure,2.1757999150060265,False,0.7584838888360981,False,0.4100311653211744,False,0.6804026808934174,False,0,NORMAL,0,35.283887598319296,14.07512154211763,7.87337836330515,12.722766009090748,29.055602871280414,NORMAL,Pressure,0,Telemetry remains within the expected prototype operating envelope.
105.8,shutdown,132.6752630441184,621.6737135907364,0.1757548627808822,376.8588607490535,1,pressure,2.241436643927134,False,0.7529423402022389,False,0.6361069273072731,False,0.6644614324195507,False,0,NORMAL,0,36.12788653041835,13.979837371117842,11.94612874519131,12.444060338910035,30.00169363101521,NORMAL,Pressure,0,Telemetry remains within the expected prototype operating envelope.
105.9,shutdown,131.0001336006472,621.0590534498835,0.1789532242098045,382.5188656794079,1,pressure,2.169336393361476,False,0.7481963253574696,False,0.7656820830249448,False,0.7135124934543138,False,0,NORMAL,0,35.20017470331415,13.898148013603684,14.198733334758062,13.29880322735969,29.58225124406981,NORMAL,Pressure,0,Telemetry remains within the expected prototype operating envelope.
106.0,shutdown,131.1075880536692,621.5037945130326,0.1708034736941157,374.4883718544185,1,pressure,2.1739614048896763,False,0.7516303331082494,False,0.4355113954405907,False,0.643918164898812,False,0,NORMAL,0,35.260086977350944,13.957262596701913,8.341665646976637,12.083583290069566,29.012783904999285,NORMAL,Pressure,0,Telemetry remains within the expected prototype operating envelope.
106.1,shutdown,129.1147773726684,617.6982236563758,0.1937590049193052,374.0348314861264,1,pressure,2.088187645739257,False,0.7222461342996931,False,1.3655083952130849,False,0.6399876672118722,False,0,NORMAL,0,34.139909120248745,13.450114461785677,23.898459562286035,12.014445064361801,29.49744714642138,NORMAL,Pressure,0,Telemetry remains within the expected prototype operating envelope.
106.2,shutdown,130.34503522619343,614.8944378998549,0.1682834934163766,377.27459261386025,1,pressure,2.141139911515037,False,0.700597083161387,False,0.3334194823938753,False,0.6680642718738714,False,0,NORMAL,0,34.83371697307752,13.074557423548628,6.450913343910091,12.507127612829173,28.492718625919863,NORMAL,Pressure,0,Telemetry remains within the expected prototype operating envelope.
106.3,shutdown,130.16533376475448,610.9834130691601,0.186940476583332,375.7844880807806,1,pressure,2.1334052731876763,False,0.6703986358064226,False,1.089269486467619,False,0.6551506420626529,False,0,NORMAL,0,34.73283143581099,12.547966120024734,19.575706484721735,12.28086543898118,29.50086026273678,NORMAL,Pressure,0,Telemetry remains within the expected prototype operating envelope.
106.4,shutdown,128.44476246128738,607.2850476827921,0.176139607125999,367.8214282153368,1,pressure,2.059349132284921,False,0.64184220948483,False,0.6516940676408157,False,0.586140713575029,False,0,NORMAL,0,33.75895012384026,12.047073599095592,12.220202929583458,11.061773606849279,27.988517603190918,NORMAL,Pressure,0,Telemetry remains within the expected prototype operating envelope.
106.5,shutdown,128.82076863560798,611.3322886072939,0.175439746607612,369.1596257298901,1,pressure,2.0755330394381324,False,0.6730924309184054,False,0.6233406317750004,False,0.5977378780246384,False,0,NORMAL,0,33.97301130251277,12.595069002613668,11.721017134711031,11.267820805618168,28.168687693110666,NORMAL,Pressure,0,Telemetry remains within the expected prototype operating envelope.
106.6,shutdown,129.7585954259343,603.3119427544399,0.1756242813673753,368.4608607596731,1,pressure,2.1158986045192383,False,0.6111644190824412,False,0.630816684986319,False,0.5916822007549506,False,0,NORMAL,0,34.503908763347155,11.505774422649706,11.852914177875096,11.160289012851798,28.46704325413898,NORMAL,Pressure,0,Telemetry remains within the expected prototype operating envelope.
106.7,shutdown,127.46453621501315,602.7554790628906,0.178913406331531,360.4051485050292,1,pressure,2.0171586268031745,False,0.606867760221491,False,0.764068942080028,False,0.5218693227904987,False,0,NORMAL,0,33.19763656852264,11.429695839265486,14.171046961519295,9.911157579996111,27.590548252603774,NORMAL,Pressure,0,Telemetry remains within the expected prototype operating envelope.
106.8,shutdown,126.86238199790424,598.34041381077,0.1695968436681177,362.811361377409,1,pressure,1.991240946171429,False,0.572777433169998,False,0.3866272161547647,False,0.5427221835067073,False,0,NORMAL,0,32.8504650937562,10.823754385168327,7.441142195226414,10.286097196784716,26.7254299621484,NORMAL,Pressure,0,Telemetry remains within the expected prototype operating envelope.
106.9,shutdown,126.68293020459218,594.5991393372336,0.1850179831645257,363.86756999315946,1,pressure,1.9835170539595863,False,0.5438896901562346,False,1.0113835471690191,False,0.5518755595044513,False,0,NORMAL,0,32.7466537777205,10.307043066860844,18.31311386538159,10.450183973079008,27.569311990284497,NORMAL,Pressure,0,Telemetry remains within the expected prototype operating envelope.
107.0,shutdown,126.95687714150776,594.3714254581312,0.1659248151752977,355.3970156018469,1,pressure,1.995308168294236,False,0.5421314283482039,False,0.2378623956894294,False,0.4784675526989623,False,0,NORMAL,0,32.90506529841083,10.275496780397885,4.645864122764043,9.125750661238929,26.371607919463067,NORMAL,Pressure,0,Telemetry remains within the expected prototype operating envelope.
107.1,shutdown,127.55536680130577,590.8174462049436,0.1609562627626806,359.3299031853714,1,pressure,2.021068120517972,False,0.5146898599552584,False,0.036571526329113,False,0.5125509698118597,False,0,NORMAL,0,33.249848837502626,9.781706764300901,0.7287620834057651,9.74310510478743,26.29395123850142,NORMAL,Pressure,0,Telemetry remains within the expected prototype operating envelope.
107.2,shutdown,123.8923052991975,588.7366834993594,0.178937654941021,357.68592842503404,1,pressure,1.8634040945116377,False,0.4986235331629544,False,0.7650513255349414,False,0.4983038609663433,False,0,NORMAL,0,31.111492314793665,9.491345193392242,14.187908693679896,9.48555838830728,25.846646656256027,NORMAL,Pressure,0,Telemetry remains within the expected prototype operating envelope.
107.3,shutdown,126.59571294375058,588.2228229584808,0.1667870236099967,360.5116085193281,1,pressure,1.979763083551605,False,0.4946558287470359,False,0.2727930295999496,False,0.5227919327039867,False,0,NORMAL,0,32.69614140358629,9.41949437100913,5.3096986890573294,9.927779418223937,26.2708893769953,NORMAL,Pressure,0,Telemetry remains within the expected prototype operating envelope.
107.4,shutdown,123.96568380554952,590.0806786786972,0.1805491893577142,347.4578912191762,1,pressure,1.86656242279172,False,0.5090010095088018,False,0.8303393886972609,False,0.409665055272061,False,0,NORMAL,0,31.154993078776926,9.67900067187003,15.301125944289762,7.866632419937991,25.85089881125654,NORMAL,Pressure,0,Telemetry remains within the expected prototype operating envelope.
107.5,shutdown,124.52398827843712,581.6400013870946,0.175767085317016,340.352334942681,1,pressure,1.8905927402958465,False,0.4438274655235491,False,0.6366020986811142,False,0.3480864738232834,False,0,NORMAL,0,31.485072726526532,8.493986367317996,11.954848664678986,6.724927980832418,25.59794539943589,NORMAL,Pressure,0,Telemetry remains within the expected prototype operating envelope.
107.6,shutdown,124.50183901087748,580.0484685416059,0.1597576512684157,349.08034893757144,1,pressure,1.8896394003929988,False,0.4315386606888202,False,0.011987798333171,False,0.4237256918882106,False,0,NORMAL,0,31.472007878219888,8.268809857101921,0.23946878160595597,8.125359223432149,24.666049123124417,NORMAL,Pressure,0,Telemetry remains within the expected prototype operating envelope.
107.7,shutdown,124.5040988006239,582.4674783888534,0.1900975060142841,348.1134178461376,1,pressure,1.8897366653581495,False,0.4502167168724383,False,1.2171701597379097,False,0.4153460179186756,False,0,NORMAL,0,31.47334093980695,8.610842673192586,21.606881125968812,7.9712542173765115,26.553124519554693,NORMAL,Pressure,0,Telemetry remains within the expected prototype operating envelope.
107.8,shutdown,122.8118485874726,567.7344517337962,0.180708509812781,344.33404527258824,1,pressure,1.8168995094813096,False,0.3364576513890853,False,0.8367939352621399,False,0.3825930014355833,False,0,NORMAL,0,30.467777091694835,6.507739664286927,15.410393966878743,7.366431598111056,25.032385062686654,NORMAL,Pressure,0,Telemetry remains within the expected prototype operating envelope.
107.9,shutdown,124.99447791577091,572.9754502179532,0.182265205494489,349.1298340420229,1,pressure,1.9108433668205755,False,0.3769253097811046,False,0.8998603177973704,False,0.4241545425532942,False,0,NORMAL,0,31.762005582303953,7.261368362247078,16.470645378619963,8.13323898566346,26.212688730520583,NORMAL,Pressure,0,Telemetry remains within the expected prototype operating envelope.
108.0,shutdown,124.42306360596363,571.0898880619069,0.1751827131755226,339.42019915495405,1,pressure,1.88624878096664,False,0.3623661975358979,False,0.612927441231099,False,0.3400083449207315,False,0,NORMAL,0,31.425521650022958,6.99093639889613,11.536972378002087,6.574108568740423,25.372748734635312,NORMAL,Pressure,0,Telemetry remains within the expected prototype operating envelope.
108.1,shutdown,121.83348780681528,568.0380638347301,0.1721832958830864,344.7969869473284,1,pressure,1.7747892966234713,False,0.3388019510147042,False,0.4914121055297634,False,0.3866049732664616,False,0,NORMAL,0,29.879700824643084,6.551564163888957,9.360711687767132,7.44073043904343,24.079667408610483,NORMAL,Pressure,0,Telemetry remains within the expected prototype operating envelope.
108.2,shutdown,123.5013510146598,567.3261407635728,0.1824815164633974,335.5831600246408,1,pressure,1.8465767967856332,False,0.333304933655878,False,0.908623719965208,False,0.3067555751988531,False,0,NORMAL,0,30.879260264459063,6.448770133396531,16.616917422574385,5.950703942685054,25.312388701170956,NORMAL,Pressure,0,Telemetry remains within the expected prototype operating envelope.
108.3,shutdown,121.71766056993184,564.2207941247575,0.1620356798048073,328.06369468001816,1,pressure,1.769803907085861,False,0.3093274210982504,False,0.0803019284197244,False,0.2415899511214236,False,0,NORMAL,0,29.809750556328098,5.999067562522242,1.5932105351785242,4.716925196494126,23.061746323534027,NORMAL,Pressure,0,Telemetry remains within the expected prototype operating envelope.
108.4,shutdown,119.92903879258772,556.4799172126975,0.1664961216493376,325.82609870735286,1,pressure,1.6928187649427726,False,0.2495572907540321,False,0.2610077240024898,False,0.2221983679025245,False,0,NORMAL,0,28.72066647650402,4.868634815826612,5.086244617446567,4.346669741761633,22.43287707923726,NORMAL,Pressure,0,Telemetry remains within the expected prototype operating envelope.
108.5,shutdown,118.49003546363733,561.8561003675329,0.1716914677467084,327.6694520510906,1,pressure,1.6308817600226375,False,0.2910687592309788,False,0.4714866815982397,False,0.238173342921964,False,0,NORMAL,0,27.832209313654456,5.655173792555146,8.998785765104156,4.651793959307849,22.215507801554786,NORMAL,Pressure,0,Telemetry remains within the expected prototype operating envelope.
108.6,shutdown,119.93711056819902,561.8313052072133,0.1630002537786184,325.32042782803,1,pressure,1.693166187075643,False,0.2908773067662198,False,0.1193796954686793,False,0.2178160937754922,False,0,NORMAL,0,28.725619108053102,5.6515612134889315,2.359316383879506,4.2627971689991,22.25909063424632,NORMAL,Pressure,0,Telemetry remains within the expected prototype operating envelope.
108.7,shutdown,118.73757339610547,551.4760361116067,0.1675878707524005,321.4446441836501,1,pressure,1.64153618856547,False,0.2109205020494855,False,0.3052377346431789,False,0.1842275541121331,False,0,NORMAL,0,27.985826898561406,4.130673149868591,5.9221492415983175,3.6174975616773297,21.835700333589156,NORMAL,Pressure,0,Telemetry remains within the expected prototype operating envelope.
108.8,shutdown,118.85885935801828,553.106534542665,0.1767838478235944,323.6069418515113,1,pressure,1.6467565303594087,False,0.2235101743640739,False,0.6777941787651284,False,0.2029665828208846,False,0,NORMAL,0,28.060975381177943,4.371762181315564,12.67722155972113,3.9780444059319797,22.534834306478494,NORMAL,Pressure,0,Telemetry remains within the expected prototype operating envelope.
108.9,shutdown,121.06563286757292,551.1274432998152,0.1544680397274493,319.9988022208263,1,pressure,1.741739591877831,False,0.2082288899705782,False,0.2262857300518089,False,0.1716975151390661,False,0,NORMAL,0,29.414674582892843,4.079050648711169,4.424831750075597,3.3756593616589003,22.732782408922468,NORMAL,Pressure,0,Telemetry remains within the expected prototype operating envelope.
109.0,shutdown,118.33811874216704,549.2416143693554,0.1615337330429034,325.8731574707916,1,pressure,1.6243430213443757,False,0.1936677178629484,False,0.0599665688047872,False,0.2226061912712421,False,0,NORMAL,0,27.737770311060615,3.7992992050899566,1.1921680632319798,4.354471356264233,21.274375234058493,NORMAL,Pressure,0,Telemetry remains within the expected prototype operating envelope.
109.1,shutdown,118.59931585157643,545.3276822340368,0.1367593120886645,314.2112449633206,1,pressure,1.6355853627101975,False,0.1634468221499642,False,0.9437190759543566,False,0.1215410527731714,False,0,NORMAL,0,27.900067113882553,3.216084183311807,17.20013998106438,2.4015145436421914,22.57285163343999,NORMAL,Pressure,0,Telemetry remains within the expected prototype operating envelope.
109.2,shutdown,119.34694430448718,542.4541502428364,0.1871137079220892,313.35297688406365,1,pressure,1.6677644871324748,False,0.1412592349278044,False,1.0962876043987777,False,0.1141030804643405,False,0,NORMAL,0,28.362599670349198,2.785649544252322,19.68851273273009,2.2562195339687507,23.08132566534076,NORMAL,Pressure,0,Telemetry remains within the expected prototype operating envelope.
109.3,shutdown,115.84846160076827,545.5409955579762,0.1580651905712162,305.3573675270016,1,pressure,1.5171841958476069,False,0.1650938920260076,False,0.0805544263579339,False,0.0448110696959296,False,0,NORMAL,0,26.172348218278174,3.247960907149827,1.5981799119908713,0.8922173007588907,19.804213146471366,NORMAL,Pressure,0,Telemetry remains within the expected prototype operating envelope.
109.4,shutdown,115.71804474833328,540.9429688208443,0.1592324959683427,303.7534666072811,1,pressure,1.511570845921011,False,0.1295908527028517,False,0.0332634050133852,False,0.0309112510782809,False,0,NORMAL,0,26.089417586380993,2.5585177815372284,0.663060091148282,0.6163179427159049,19.576761353803608,NORMAL,Pressure,0,Telemetry remains within the expected prototype operating envelope.
109.5,shutdown,116.79970768330388,536.5106214553228,0.1441095036112389,312.12563411559245,1,pressure,1.558127348729151,False,0.0953670841585761,False,0.6459409066455787,False,0.1034666118061609,False,0,NORMAL,0,26.774427119887257,1.889267019308527,12.119142538128102,2.048068481759524,21.151081829346513,NORMAL,Pressure,0,Telemetry remains within the expected prototype operating envelope.
109.6,shutdown,116.36584094274356,535.792287253458,0.1769848733599233,305.58169951214313,1,pressure,1.5394530302587632,False,0.0898205641242267,False,0.6859383224936942,False,0.0467551884786208,False,0,NORMAL,0,26.500428230512753,1.7803720024236025,12.819339636974526,0.9307452703498531,20.9029807996061,NORMAL,Pressure,0,Telemetry remains within the expected prototype operating envelope.
109.7,shutdown,113.0998980716032,534.4038879441226,0.1482581072631426,316.9618499654381,1,pressure,1.3988816253084742,False,0.0791002273159371,False,0.4778686058276393,False,0.1453785044188084,False,0,NORMAL,0,24.404718975501172,1.5695565832903768,9.114864239748089,2.8657069834915005,19.184116427503486,NORMAL,Pressure,0,Telemetry remains within the expected prototype operating envelope.
109.8,shutdown,115.88026276827868,529.638798478714,0.1786211154511465,299.77234813783195,1,pressure,1.518552968962256,False,0.0423072358131768,False,0.7522273672041588,False,0.0035901473187953,False,0,NORMAL,0,26.192556113124954,0.8425749873122612,13.967536072915177,0.07177717422912622,20.619175353944602,NORMAL,Pressure,0,Telemetry remains within the expected prototype operating envelope.
109.9,shutdown,114.71185059434754,528.6190603696164,0.1764899705803501,300.8220127029492,1,pressure,1.4682626401564818,False,0.0344334664211364,False,0.6658883356009014,False,0.0055065162500774,False,0,NORMAL,0,25.446450087065177,0.6863034353784991,12.46904354364875,0.11006970381526315,19.92748089895929,NORMAL,Pressure,0,Telemetry remains within the expected prototype operating envelope.
110.0,shutdown,115.15898813334114,529.6432275548107,0.1436333233468277,297.31656504116927,1,pressure,1.4875081550176767,False,0.0423414343230629,False,0.6652323886378284,False,0.0248725963704782,False,0,NORMAL,0,25.73286280798387,0.8432531922288211,12.457559657370709,0.49621668440466005,20.18522640511347,NORMAL,Pressure,0,Telemetry remains within the expected prototype operating envelope.
110.1,shutdown,114.52245549225128,526.0021010876324,0.160077475816346,297.7132069154838,1,pressure,1.4601107720305466,False,0.0142269705464887,False,0.0009692474921232,False,0.0214351956923261,False,0,NORMAL,0,25.324800805679626,0.28413498122614733,0.019383071082468284,0.4277862903820151,18.741029724174155,NORMAL,Pressure,0,Telemetry remains within the expected prototype operating envelope.
110.2,shutdown,113.7608832521554,523.6344259837667,0.1555016696450711,292.1686073196716,1,pressure,1.427331484705157,False,0.004054711384189,False,0.1844103008651153,False,0.0694861243635983,False,0,NORMAL,0,24.833632588342812,0.08106135520146163,3.621020215174564,1.3801104228397754,18.75949583330921,NORMAL,Pressure,0,Telemetry remains within the expected prototype operating envelope.
110.3,shutdown,113.91144390225796,517.2835361312808,0.1638622107577605,292.27421988388807,1,pressure,1.4338118559027573,False,0.0530922453221675,False,0.1543001421650069,False,0.0685708586708712,False,0,NORMAL,0,24.930990675540375,1.0562272346525736,3.0388718411398674,1.3620560901289602,18.86410670022915,NORMAL,Pressure,0,Telemetry remains within the expected prototype operating envelope.
110.4,shutdown,112.73312198416473,518.7750762654177,0.1702477036867242,298.0416450044551,1,pressure,1.383094995857912,False,0.0415755206353165,False,0.41299549570526,False,0.0185888665907603,False,0,NORMAL,0,24.165662847090495,0.8280629268928141,7.927980924442856,0.3710870955385581,18.620800307580737,NORMAL,Pressure,0,Telemetry remains within the expected prototype operating envelope.
110.5,shutdown,112.0523618857596,512.2171233618285,0.1347938147357718,291.1391582057876,1,pressure,1.3537939923674582,False,0.0922118638160353,False,1.0233472328164026,False,0.0784075956235437,False,0,NORMAL,0,23.71995371462591,1.8273352844322854,18.508335460707347,1.5559204299076312,19.408980092353243,NORMAL,Pressure,0,Telemetry remains within the expected prototype operating envelope.
110.6,shutdown,112.03337668494612,515.813685734802,0.1461442332225902,286.49863669884144,1,pressure,1.3529768389581942,False,0.0644414956438162,False,0.5635079446138165,False,0.1186235506396989,False,0,NORMAL,0,23.707486195889928,1.2805600663651218,10.65827740622457,2.344549167689347,18.734067400493238,NORMAL,Pressure,0,Telemetry remains within the expected prototype operating envelope.
110.7,shutdown,112.28313372800412,509.5253055541476,0.1491051036302228,286.3356458010417,1,pressure,1.3637267815702137,False,0.1129963696356941,False,0.443554258123133,False,0.1200360717548676,False,0,NORMAL,0,23.87133802202491,2.234582319388201,8.488986206689741,2.372133348444505,18.750985705264085,NORMAL,Pressure,0,Telemetry remains within the expected prototype operating envelope.
110.8,shutdown,111.03169652950814,510.0496373262313,0.1520980539750524,279.22629525893376,1,pressure,1.3098629229111642,False,0.108947813029371,False,0.3223009177471425,False,0.1816475352870435,False,0,NORMAL,0,23.046787953704595,2.155388496123245,6.242655563442656,3.567750993932972,18.04401318303829,NORMAL,Pressure,0,Telemetry remains within the expected prototype operating envelope.
110.9,shutdown,109.640225193625,504.32581003834287,0.1588845348448756,287.1234616780183,1,pressure,1.2499717709986229,False,0.1531435684911175,False,0.0473603473880744,False,0.1132086563831084,False,0,NORMAL,0,22.119481996250734,3.016440709270396,0.9427350731921247,2.238733091777989,16.85543499873096,NORMAL,Pressure,0,Telemetry remains within the expected prototype operating envelope.
111.0,shutdown,110.80499933325098,501.83468556982433,0.1640655412475716,281.63767762640754,1,pressure,1.3001055129889774,False,0.1723784479341754,False,0.1625376664301437,False,0.1607498743944226,False,0,NORMAL,0,22.896468521624747,3.388817402133726,3.1984842531223023,3.1638658686643284,17.739372693041283,NORMAL,Pressure,0,Telemetry remains within the expected prototype operating envelope.
111.1,shutdown,109.4988734327577,503.1391427041184,0.1606923861193799,290.92241250984995,1,pressure,1.243887765123047,False,0.1623062592363121,False,0.0258810968996074,False,0.0802859696693761,False,0,NORMAL,0,22.024659211887066,3.194004036024123,0.5162845841127028,1.5928964448001515,16.707214861948696,NORMAL,Pressure,0,Telemetry remains within the expected prototype operating envelope.
111.2,shutdown,108.7462583536037,499.1245936664506,0.1725536455492681,289.0655946778167,1,pressure,1.2114940083313024,False,0.1933040547032347,False,0.5064160745094834,False,0.0963776314135288,False,0,NORMAL,0,21.51783634997575,3.792302020467664,9.632293817024618,1.9090941219976232,17.21110217956248,NORMAL,Pressure,0,Telemetry remains within the expected prototype operating envelope.
111.3,shutdown,110.14401668014852,491.16334071691176,0.1524535043592087,268.62622799995165,1,pressure,1.2716557623777738,False,0.2547757887074119,False,0.3079005630966432,False,0.2735104492757724,False,0,NORMAL,0,22.456502768679123,4.967871587032747,5.972238538062092,5.3232842514330585,17.984717799847044,NORMAL,Pressure,0,Telemetry remains within the expected prototype operating envelope.
111.4,shutdown,109.60577220883192,492.3797992201872,0.1578570454970344,264.53408591456207,1,pressure,1.2484888594266264,False,0.2453830694941883,False,0.0889870037880786,False,0.3089740069339811,False,0,NORMAL,0,22.096380586409104,4.7891817815808535,1.7639962402169473,5.992423075503838,17.393820778490607,NORMAL,Pressure,0,Telemetry remains within the expected prototype operating envelope.
111.5,shutdown,107.78832041399303,494.2847315663865,0.1685618030471961,271.88112035965634,1,pressure,1.170262827217826,False,0.2306743929549886,False,0.3446946351721258,False,0.2453027134589306,False,0,NORMAL,0,20.86797812959923,4.508684383670635,6.6616317152949245,4.7876516165119565,16.786456045683714,NORMAL,Pressure,0,Telemetry remains within the expected prototype operating envelope.
111.6,shutdown,108.85278571413872,490.2943953502946,0.1653103365778049,266.4496231435733,1,pressure,1.216079116316007,False,0.2614852324067162,False,0.2129680359603179,False,0.2923734677664809,False,0,NORMAL,0,21.589773200153715,5.095308607800897,4.169924252070656,5.679789080844467,17.230147154926016,NORMAL,Pressure,0,Telemetry remains within the expected prototype operating envelope.
111.7,shutdown,105.96363534209596,489.0096574829573,0.1677161504417784,275.23113118083234,1,pressure,1.091725463195034,False,0.2714051614614294,False,0.3104347272582869,False,0.2162706565475715,False,0,NORMAL,0,19.61520082284859,5.283411510469083,6.019882819858335,4.2332014279283126,15.82565398569821,NORMAL,Pressure,0,Telemetry remains within the expected prototype operating envelope.
111.8,shutdown,106.52615608415618,486.9767491684637,0.160955573131284,260.29951755687244,1,pressure,1.1159372556681448,False,0.2871019870685936,False,0.0365435873054636,False,0.3456718673642732,False,0,NORMAL,0,20.003511908466898,5.58029520780109,0.7282073735631944,6.679872584330471,15.889072859492629,NORMAL,Pressure,0,Telemetry remains within the expected prototype operating envelope.
111.9,shutdown,106.53343639504634,482.08008380552246,0.1519500804518739,254.94804927238857,1,pressure,1.116250611893493,False,0.3249109240042837,False,0.328295766276319,False,0.3920490703310174,False,0,NORMAL,0,20.00852523087957,6.291584243042103,6.355000416625622,7.54145592270421,16.522740908731226,NORMAL,Pressure,0,Telemetry remains within the expected prototype operating envelope.
112.0,shutdown,107.97758144295702,478.6551529969098,0.1513935062567356,257.1797897962467,1,pressure,1.1784089246217022,False,0.3513560623492403,False,0.3508442460545357,False,0.3727082319401458,False,0,NORMAL,0,20.99679659591205,6.785902263624455,6.7763600764245595,7.1831181624712475,17.300358283455658,NORMAL,Pressure,0,Telemetry remains within the expected prototype operating envelope.
112.1,shutdown,105.72282448729196,479.8076710983133,0.1449659333191898,258.07599907872964,1,pressure,1.0813605788346232,False,0.3424570502699196,False,0.6112443861818574,False,0.3649414513885539,False,0,NORMAL,0,19.448392157769632,6.619851862661363,11.507189736638724,7.038828454291535,16.545202846044372,NORMAL,Pressure,0,Telemetry remains within the expected prototype operating envelope.
112.2,shutdown,104.8053048751916,476.168003910613,0.1635723145978995,261.76109226052296,1,pressure,1.0418690671850768,False,0.3705602464180842,False,0.1425555845561437,False,0.3330054844056389,False,0,NORMAL,0,18.809652045161418,7.143235732718467,2.8108510345334126,6.443167196490185,15.306878105133976,NORMAL,Pressure,0,Telemetry remains within the expected prototype operating envelope.
112.3,shutdown,104.6821523701386,472.8865956305805,0.1547201037179745,250.8453907338544,1,pressure,1.036568386388905,False,0.3958971950400907,False,0.2160738663994487,False,0.4276037662817561,False,0,NORMAL,0,18.72353358093035,7.612586948693057,4.229432161258096,8.196590934036262,15.561984394785032,NORMAL,Pressure,0,Telemetry remains within the expected prototype operating envelope.
112.4,shutdown,105.63146001992074,471.0479213639655,0.1615500346357255,245.4005617721573,1,pressure,1.077428106024276,False,0.4100942688115288,False,0.0606269949246345,False,0.4747900569317411,False,0,NORMAL,0,19.385013836150133,7.874541058244089,1.205218255955498,9.05888814213145,15.883579356589689,NORMAL,Pressure,0,Telemetry remains within the expected prototype operating envelope.
112.5,shutdown,103.55514291903532,472.4045047612704,0.1585085734363465,251.739550827518,1,pressure,0.9880600969960396,False,0.3996195942493493,False,0.062591664778745,False,0.4198547445284488,False,0,NORMAL,0,17.931179752098593,7.681341918830309,1.2440304560273674,8.054203303275454,14.709957939009362,NORMAL,Pressure,0,Telemetry remains within the expected prototype operating envelope.
112.6,shutdown,106.28154096803992,468.5197358425842,0.1456581721655486,240.98843506762705,1,pressure,1.1054086298160537,False,0.4296153101436676,False,0.58319972696991,False,0.5130266837439147,False,0,NORMAL,0,19.834883810041028,8.233516822535625,11.009444992081407,9.751691988764055,17.165259017701104,NORMAL,Pressure,0,Telemetry remains within the expected prototype operating envelope.
112.7,shutdown,103.83638144554077,469.0280637803834,0.17222199122147,243.9708669481473,1,pressure,1.0001650530093136,False,0.4256903249714415,False,0.492979769037478,False,0.4871801606395148,False,0,NORMAL,0,18.129627327086027,8.16145212379309,9.389125614117289,9.283963118171423,15.718622478633103,NORMAL,Pressure,0,Telemetry remains within the expected prototype operating envelope.
112.8,shutdown,104.61555152151116,460.5575950234435,0.1428987037342113,246.07875727347243,1,pressure,1.0337017793379462,False,0.4910938997124578,False,0.6949940190268312,False,0.4689126399793098,False,0,NORMAL,0,18.67692268235125,9.354943114446247,12.977093057902799,8.951925521554626,16.511577126450618,NORMAL,Pressure,0,Telemetry remains within the expected prototype operating envelope.
112.9,shutdown,103.1448161201768,460.3028133513934,0.1567343541723713,243.1560422798464,1,pressure,0.9703989752679192,False,0.4930611618096018,False,0.1344705760637472,False,0.4942416411557438,False,0,NORMAL,0,17.64078169358806,9.39060061616197,2.6535688871031193,9.411990595927467,14.887490507700543,NORMAL,Pressure,0,Telemetry remains within the expected prototype operating envelope.
113.0,shutdown,102.03570049154771,461.5288085228364,0.1640188020609022,244.3477630040768,1,pressure,0.9226608646149684,False,0.4835948065076119,False,0.1606441226498686,False,0.4839138823110253,False,0,NORMAL,0,16.850681209724282,9.218889966397569,3.161817728980909,9.224682992677902,14.317849077376593,NORMAL,Pressure,0,Telemetry remains within the expected prototype operating envelope.
113.1,shutdown,102.49052060030596,455.5911759873651,0.1396563417878999,238.0566332014775,1,pressure,0.9422370495668704,False,0.5294414301670428,False,0.8263517668683301,False,0.538434434098883,False,0,NORMAL,0,17.175594027983422,10.047486801636584,15.233549585160999,10.209130053195404,15.77239015913716,NORMAL,Pressure,0,Telemetry remains within the expected prototype operating envelope.
113.2,shutdown,102.34600061522164,457.2341368471203,0.1497974598588586,237.0415389141037,1,pressure,0.9360166782535156,False,0.5167555309008983,False,0.4155048434052316,False,0.5472315027337497,False,0,NORMAL,0,17.07249019507817,9.818971327558756,7.974177473012722,10.366970448341018,15.054971953149995,NORMAL,Pressure,0,Telemetry remains within the expected prototype operating envelope.
113.3,shutdown,102.47563060914044,452.6996804152219,0.1588309417427093,240.2031881407781,1,pressure,0.941596160531018,False,0.5517677207411085,False,0.0495315637164723,False,0.519831835931974,False,0,NORMAL,0,17.16497709683279,10.448252563967419,0.9857406852787243,9.874439132662726,14.523658442331207,NORMAL,Pressure,0,Telemetry remains within the expected prototype operating envelope.
113.4,shutdown,100.65202677665076,451.4045281129503,0.153540889638077,227.5214436943418,1,pressure,0.8631053347817301,False,0.5617680634415311,False,0.2638473439825239,False,0.6297351007742661,False,0,NORMAL,0,15.854358992164242,10.627183200307899,5.140133112946166,11.833844416121398,14.107691320541482,NORMAL,Pressure,0,Telemetry remains within the expected prototype operating envelope.
113.5,shutdown,100.6946970276083,449.8935715949988,0.1464070087206353,232.29949140764583,1,pressure,0.864941930632713,False,0.5734347091004626,False,0.5528621258611013,False,0.5883273082199912,False,0,NORMAL,0,15.885261623283032,10.835476294660918,10.467851597140609,11.100659473379526,14.550729341624578,NORMAL,Pressure,0,Telemetry remains within the expected prototype operating envelope.
113.6,shutdown,99.88157031464414,445.9217076651568,0.1536698150691885,223.07913362140204,1,pressure,0.8299436563352595,False,0.6041029173013053,False,0.2586241904448479,False,0.6682333044338641,False,0,NORMAL,0,15.294422061901159,11.380705699830296,5.040987806983743,12.510085391672943,13.811166924269717,NORMAL,Pressure,0,Telemetry remains within the expected prototype operating envelope.
113.7,shutdown,99.86333487909845,444.78113548107,0.1526390194141168,222.33852463576952,1,pressure,0.8291587740223477,False,0.612909690601582,False,0.3003847952067742,False,0.6746516127223129,False,0,NORMAL,0,15.281124236219924,11.536658322558758,5.830794092261781,12.622320788940478,13.893934279541282,NORMAL,Pressure,0,Telemetry remains within the expected prototype operating envelope.
113.8,shutdown,99.54765718318238,442.1282103006238,0.1447847917258369,230.8947666878819,1,pressure,0.8155715010732354,False,0.6333938922792615,False,0.618582972106951,False,0.6005010145707853,False,0,NORMAL,0,15.050591449106054,11.898337132918812,11.636976886299,11.31684308427584,14.14937494027141,NORMAL,Pressure,0,Telemetry remains within the expected prototype operating envelope.
113.9,shutdown,99.39606879502178,444.0251136391189,0.1498009344352286,228.53925207178264,1,pressure,0.8090468943857811,False,0.618747210633207,False,0.4153640779588609,False,0.6209145111355892,False,0,NORMAL,0,14.939666795047192,11.63987936116726,7.971586625345584,11.678171648248625,13.755847554388932,NORMAL,Pressure,0,Telemetry remains within the expected prototype operating envelope.
114.0,shutdown,98.81113191344562,435.4050245430166,0.1446669584325295,223.1159086537066,1,pressure,0.7838702754139707,False,0.6853060585138789,False,0.6233567500768085,False,0.6679146025287733,False,0,NORMAL,0,14.510280332607305,12.808314701665457,11.721301715710164,12.504508573448192,13.94181768199497,NORMAL,Pressure,0,Telemetry remains within the expected prototype operating envelope.
114.1,shutdown,96.9462143029407,429.45040368750375,0.1388982355217064,229.1527284206501,1,pressure,0.7036012385787742,False,0.7312838551805476,False,0.8570649116068421,False,0.6155979670332508,False,0,NORMAL,0,13.126769244580395,13.606415899905567,15.752642507472192,11.584208321958666,14.970345777574646,NORMAL,Vibration,0,Telemetry remains within the expected prototype operating envelope.
114.2,shutdown,98.55512813559191,435.13693982155576,0.1312865597607119,220.94355414086564,1,pressure,0.7728514633448815,False,0.6873760383013169,False,1.1654365868917151,False,0.6867407864472799,False,0,NORMAL,0,14.321673555705328,12.844404235929396,20.791559222924118,12.833330381715879,18.833723142074717,NORMAL,Vibration,0,Telemetry remains within the expected prototype operating envelope.
114.3,shutdown,98.7371919119089,430.0760674124318,0.1477139639453499,216.4718383369392,1,pressure,0.7806877794830438,False,0.7264528776549473,False,0.4999134737084636,False,0.725493827748037,False,0,NORMAL,0,14.455848874660104,13.522902468622766,9.514692338330777,13.506313707261153,13.858780540055612,NORMAL,Pressure,0,Telemetry remains within the expected prototype operating envelope.
114.4,shutdown,97.64469747634185,428.37732322712816,0.1396680703709678,206.8345110105327,1,pressure,0.7336650715645765,False,0.7395695002973893,False,0.8258766070056497,False,0.809013389429754,False,0,NORMAL,0,13.647550467684244,13.749462659347477,15.225493679394953,14.939096804592712,14.933211207570915,NORMAL,Vibration,0,Telemetry remains within the expected prototype operating envelope.
114.5,shutdown,97.10404888688734,425.3539743804643,0.1332227140983758,202.37039891551137,1,pressure,0.7103946915234598,False,0.7629138780331478,False,1.0869972030473511,False,0.8477005350300328,False,0,NORMAL,0,13.244722936207376,14.151217083562361,19.539148820665233,15.594709863329149,18.171804120011764,NORMAL,Vibration,0,Telemetry remains within the expected prototype operating envelope.
114.6,shutdown,95.70316679609108,423.27595111939127,0.1245482263739171,199.20454331473684,1,pressure,0.650098485667241,False,0.7789590525765059,False,1.4384265591869114,False,0.8751366553535386,False,0,NORMAL,0,12.192186487198242,14.42626726595303,25.000242953526588,16.056592217645427,22.17174570067057,NORMAL,Vibration,0,Telemetry remains within the expected prototype operating envelope.
114.7,shutdown,96.29814443642044,423.82397206135846,0.1361739435373851,209.01104181983865,1,pressure,0.6757072749556781,False,0.7747275832604509,False,0.9674341009350736,False,0.7901510126500532,False,0,NORMAL,0,12.640767104760497,14.35381608791868,17.59193026469874,14.617600606574888,16.61511465265005,NORMAL,Vibration,0,Telemetry remains within the expected prototype operating envelope.
114.8,shutdown,95.69104295464516,419.90688695794825,0.1435245241792755,199.79061141426132,1,pressure,0.6495766561396923,False,0.804972824188577,False,0.6696401672428504,False,0.8700576382017806,False,0,NORMAL,0,12.183021867001532,14.870330196971683,12.534699190091558,15.971278892616525,15.242772668035355,NORMAL,Thrust,0,Telemetry remains within the expected prototype operating envelope.
114.9,shutdown,93.8469096112625,418.4719125364286,0.1556208568249449,204.20407106936847,1,pressure,0.570202207405242,False,0.8160527844035785,False,0.1795816729145519,False,0.8318094596964715,False,0,NORMAL,0,10.777812762116469,15.058768002427481,3.5278996108093374,15.326024955461993,13.872335437496632,NORMAL,Thrust,0,Telemetry remains within the expected prototype operating envelope.
115.0,shutdown,95.57686336707528,416.54659816951016,0.139262260039452,194.4996999782624,1,pressure,0.644662184063903,False,0.8309188379491433,False,0.842317193245372,False,0.9159100399169964,False,0,NORMAL,0,12.096664616561325,15.310941115380794,15.503784418790334,16.738340092289448,16.099272456252557,NORMAL,Thrust,0,Telemetry remains within the expected prototype operating envelope.
115.1,shutdown,92.8505157613402,410.2784046021969,0.1289676981975108,190.0910357906763,1,pressure,0.527315822402892,False,0.8793178437462016,False,1.2593805812828525,False,0.9541166596652092,False,0,NORMAL,0,10.009237919908776,16.126759515739263,22.265896797883645,17.372144770818466,20.228061331505007,NORMAL,Vibration,0,Telemetry remains within the expected prototype operating envelope.
115.2,shutdown,90.93691579892864,407.2141941395525,0.1474982471328644,194.31450315291457,1,pressure,0.4449514192756903,False,0.902977728903274,False,0.5086528048284449,False,0.917515003321686,False,0,NORMAL,0,8.514553761024645,16.52270821436033,9.67271041390273,16.765062186694756,15.401355946750057,NORMAL,Thrust,0,Telemetry remains within the expected prototype operating envelope.
115.3,shutdown,94.31567484802534,403.6872787010387,0.1449200985229295,197.90652758785816,1,pressure,0.5903786129712703,False,0.930210327724808,False,0.6131012904106948,False,0.8863855940782654,False,0,NORMAL,0,11.137123920820214,16.976133019472904,11.540048169484718,16.245234785306117,15.925608703477234,NORMAL,Temperature,0,Telemetry remains within the expected prototype operating envelope.
115.4,shutdown,93.11588513297023,400.7115505704811,0.1471293903700231,195.0472450924801,1,pressure,0.5387377446080969,False,0.9531870085650992,False,0.5235962918435396,False,0.9111648728814092,False,0,NORMAL,0,10.21457679088572,17.356780327202838,9.942268335532345,16.659284488233894,16.02203683259414,NORMAL,Temperature,0,Telemetry remains within the expected prototype operating envelope.
115.5,shutdown,92.0183521215497,400.3232100244685,0.1355708239786281,190.4301808093082,1,pressure,0.4914981683258465,False,0.9561855273785114,False,0.9918682721439992,False,0.9511775415525492,False,0,NORMAL,0,9.36227180845769,17.406326918877145,17.993662442913184,17.323559887363494,17.128389930434576,NORMAL,Vibration,0,Telemetry remains within the expected prototype operating envelope.
115.6,shutdown,93.29116444827145,398.14710835045616,0.1482824989909804,192.88334332004803,1,pressure,0.5462820466926012,False,0.9729880010743984,False,0.4768804242218251,False,0.9299178031736716,False,0,NORMAL,0,10.349948307935918,17.683416682646104,9.096900260759156,16.971275573497646,16.228105665893366,NORMAL,Temperature,0,Telemetry remains within the expected prototype operating envelope.
115.7,shutdown,92.21147329829353,400.0911350447723,0.139388763096522,183.6430052388024,1,pressure,0.4998104126643564,False,0.957977462832809,False,0.8371921773011509,False,1.0099969537719815,False,0,NORMAL,0,9.51282721705191,17.43592212151003,15.417131126010341,18.290457424611905,17.196226891301357,NORMAL,Thrust,0,Telemetry remains within the expected prototype operating envelope.
115.8,shutdown,91.16203835733496,395.6569055602193,0.1268625438997124,189.03766463469043,1,pressure,0.4546410542661919,False,0.9922157639037116,False,1.3446666572967398,False,0.963245445505558,False,0,NORMAL,0,8.69167419855329,17.99936155018067,23.580579833786853,17.522865538157127,21.259393990020776,NORMAL,Vibration,0,Telemetry remains within the expected prototype operating envelope.
115.9,shutdown,92.1309294155626,391.5490673738658,0.121783669090338,196.672803152602,1,pressure,0.4963436751241238,False,1.023933878869315,False,1.5504270158178834,False,0.8970773679050492,False,0,NORMAL,0,9.450066406281055,18.517896252485755,26.6615679791393,16.424140836149537,23.547215440420413,NORMAL,Vibration,0,Telemetry remains within the expected prototype operating envelope.
116.0,shutdown,90.35645153792646,387.0237912230728,0.1410638484339051,177.8586338657364,1,pressure,0.4199673090472046,False,1.0588751844150843,False,0.7693294768980455,False,1.0601258064424743,False,0,NORMAL,0,8.056273246846501,19.08532947418651,14.26130071406374,19.105565677156598,17.713108737473956,NORMAL,Thrust,0,Telemetry remains within the expected prototype operating envelope.
116.1,shutdown,89.22315989858063,390.2391930294043,0.129366074161631,184.48196662982667,1,pressure,0.3711886242242106,False,1.034047895820164,False,1.2432411834279806,False,1.002726298197771,False,0,NORMAL,0,7.1549048254060725,18.682551939000014,22.01457507427521,18.17155460718193,20.08653761229192,NORMAL,Vibration,0,Telemetry remains within the expected prototype operating envelope.
116.2,shutdown,89.40458999257513,390.204574278301,0.132382079806163,179.41408548737527,1,pressure,0.3789976656616574,False,1.0343151998077234,False,1.1210538041337987,False,1.0466458619250316,False,0,NORMAL,0,7.29979788745746,18.68689911842212,20.08533121976037,18.887180930716518,18.73939609402543,NORMAL,Vibration,0,Telemetry remains within the expected prototype operating envelope.
116.3,shutdown,90.60705348196964,386.59243682031655,0.1340924635055103,170.9679441336632,1,pressure,0.4307536175490198,False,1.0622058288847214,False,1.051761061864027,False,1.1198422990566208,False,0,NORMAL,0,8.254406138071946,19.139211126111366,18.97012015584182,20.065965468290848,18.8554765571167,NORMAL,Thrust,0,Telemetry remains within the expected prototype operating envelope.
116.4,shutdown,86.64242163554727,380.8137296870021,0.1438532628361266,172.01068099089397,1,pressure,0.2601095215708013,False,1.106825331623637,False,0.6563219842924476,False,1.110805672789226,False,0,NORMAL,0,5.069192732710926,19.85759460544889,12.301412857415794,19.9213680411381,17.949476447452213,NORMAL,Thrust,0,Telemetry remains within the expected prototype operating envelope.
116.5,shutdown,88.36720627703029,376.878819687892,0.1326704794075186,172.19363008886475,1,pressure,0.3343470112808687,False,1.1372082050643912,False,1.109369876571191,False,1.1092201887691162,False,0,NORMAL,0,6.468265630430703,20.343109290435667,19.898369419780394,19.895971336479366,19.051021160531718,NORMAL,Temperature,0,Telemetry remains within the expected prototype operating envelope.
116.6,shutdown,87.79134776833494,375.2869591365831,0.131710619844014,170.108243786936,1,pressure,0.3095611399984299,False,1.149499540235129,False,1.1482566488050954,False,1.1272926837643744,False,0,NORMAL,0,6.003461418737743,20.53868670965776,20.518931897389248,20.184984634112556,19.23417701901856,NORMAL,Temperature,0,Telemetry remains within the expected prototype operating envelope.
116.7,shutdown,86.9451660856161,375.9078223091696,0.1458097070660728,167.50629385294047,1,pressure,0.2731401269323147,False,1.1447056295228155,False,0.5770605964280874,False,1.149841852288477,False,0,NORMAL,0,5.316271811100548,20.462464086852606,10.900112958617614,20.544126636503222,18.36069266937107,NORMAL,Thrust,0,Telemetry remains within the expected prototype operating envelope.
116.8,shutdown,88.62712418608402,374.331398223911,0.1486421342877202,164.97314927755755,1,pressure,0.3455342938173407,False,1.1568777741162632,False,0.4623105262874531,False,1.1717947358470444,False,0,NORMAL,0,6.677304872819967,20.655857068156656,8.831624166885222,20.892219021356627,18.572430312688425,NORMAL,Thrust,0,Telemetry remains within the expected prototype operating envelope.
116.9,shutdown,86.06419596937491,373.3785018905684,0.151419984056783,162.3271239965026,1,pressure,0.2352217640443555,False,1.1642354338097898,False,0.3497715514449834,False,1.1947258726848398,False,0,NORMAL,0,4.595491792720752,20.772528644601074,6.756357831665493,21.254194605834787,18.485851620339545,NORMAL,Thrust,0,Telemetry remains within the expected prototype operating envelope.
117.0,shutdown,88.43626467401677,369.5106295708029,0.1240421063894811,168.6093722176034,1,pressure,0.3373193951439748,False,1.194100684909055,False,1.4589309884868915,False,1.1402822909706,False,0,NORMAL,0,6.5238515501103045,21.24434780725245,25.307178612498305,20.392068663374154,22.87806767853198,NORMAL,Vibration,0,Telemetry remains within the expected prototype operating envelope.
117.1,shutdown,87.4074807111817,364.816385747814,0.1425457552734276,162.3209638105276,1,pressure,0.2930388878748579,False,1.2303466514003267,False,0.7092930133033374,False,1.1947792584436798,False,0,NORMAL,0,5.692340758606451,21.81319840821816,13.225605550319575,21.25503538226151,19.602369724039804,NORMAL,Temperature,0,Telemetry remains within the expected prototype operating envelope.
117.2,shutdown,87.71944825491764,363.20869803331567,0.1373846545585606,160.6027727818038,1,pressure,0.3064664699398615,False,1.2427601938632815,False,0.9183845883692664,False,1.2096695445929602,False,0,NORMAL,0,5.945265756246809,22.007072678305995,16.779536899430646,21.48919355218174,20.09894076843835,NORMAL,Temperature,0,Telemetry remains within the expected prototype operating envelope.
117.3,shutdown,86.58635090016443,358.2900631060272,0.1291233689887815,150.99894176511023,1,pressure,0.2576961474364863,False,1.2807387658079712,False,1.2530738934779069,False,1.292898818624333,False,0,NORMAL,0,5.023360961717971,22.59724046814342,22.167785991329925,22.785256076307846,21.160610255631276,NORMAL,Thrust,0,Telemetry remains within the expected prototype operating envelope.
117.4,shutdown,84.7164364264749,359.53904152502486,0.1340060053773695,149.68032824108087,1,pressure,0.177212037617493,False,1.2710949484796914,False,1.055263738364436,False,1.3043262631662196,False,0,NORMAL,0,3.4821680360972107,22.44780478670266,19.026864568981182,22.961528006608745,20.86785017665479,NORMAL,Thrust,0,Telemetry remains within the expected prototype operating envelope.
117.5,shutdown,84.60953468136265,358.9015675840608,0.1375054775120514,146.71252333986936,1,pressure,0.1726108155217678,False,1.276017116985317,False,0.9134896903532806,False,1.330046025099268,False,0,NORMAL,0,3.393307159292458,22.52411221530217,16.698025871179546,23.35679275538951,20.954486116105006,NORMAL,Thrust,0,Telemetry remains within the expected prototype operating envelope.
117.6,shutdown,84.54778774799465,353.41487048191567,0.1403380593836736,152.96666228890814,1,pressure,0.169953128747265,False,1.3183819039054576,False,0.7987333548811586,False,1.275846045579112,False,0,NORMAL,0,3.3419434436567697,23.177788912720576,14.764031093389352,22.521461388140295,20.648519966585237,NORMAL,Temperature,0,Telemetry remains within the expected prototype operating envelope.
117.7,shutdown,82.36556124771765,350.06525770266666,0.1379395937170051,152.71182964670948,1,pressure,0.0760266097703483,False,1.344245484310212,False,0.8959023488015176,False,1.2780544909143978,False,0,NORMAL,0,1.5090304742041427,23.57414240357947,16.40449788193298,22.555675255075002,20.92698533862092,NORMAL,Temperature,0,Telemetry remains within the expected prototype operating envelope.
117.8,shutdown,83.79333269636493,351.3119385112276,0.1363751967271796,145.00858501140723,1,pressure,0.1374801765971859,False,1.334619407669046,False,0.9592807342859868,False,1.3448127936758525,False,0,NORMAL,0,2.712146030155582,23.426864445660335,17.45743999817616,23.582813332618546,21.207014249280483,NORMAL,Thrust,0,Telemetry remains within the expected prototype operating envelope.
117.9,shutdown,82.46781832490483,344.60564786408617,0.1472217558243898,140.9346110226236,1,pressure,0.0804279179295729,False,1.3864011206015134,False,0.5198542919481336,False,1.3801189019278377,False,0,NORMAL,0,1.59569014857196,24.215789828353984,9.874843903964015,24.120511388827047,20.97336147453033,NORMAL,Temperature,0,Telemetry remains within the expected prototype operating envelope.
118.0,shutdown,83.86476640693434,349.72886607002374,0.1453443836729008,137.58326768121736,1,pressure,0.1405547977561433,False,1.3468428866404891,False,0.5959122342023873,False,1.4091625068028375,False,0,NORMAL,0,2.771952298974123,23.61383383334853,11.235416219098637,24.559996506952764,21.404852629627026,NORMAL,Thrust,0,Telemetry remains within the expected prototype operating envelope.
118.1,shutdown,81.89439166831667,343.4360219121661,0.1366020052347343,151.99387573621215,1,pressure,0.0557467174515013,False,1.39543222862641,False,0.9500920455346992,False,1.2842764644846127,False,0,NORMAL,0,1.1087419909587837,24.352549359891263,17.305608949564387,22.65198662631126,21.55330969001782,NORMAL,Temperature,0,Telemetry remains within the expected prototype operating envelope.
118.2,shutdown,80.54496269472517,342.6521167081042,0.1216604536919105,137.8451026933567,1,pressure,0.0023348639425266,False,1.4014850462537378,False,1.5554188389100714,False,1.4068933771254757,False,0,NORMAL,0,0.046686377368232446,24.4440699974811,26.734749937623025,24.52575210688479,24.00582257114872,NORMAL,Vibration,0,Telemetry remains within the expected prototype operating envelope.
118.3,shutdown,82.13435423559449,336.6425799171318,0.1182763997728366,135.8776842300942,1,pressure,0.0660750901599751,False,1.44788686886187,False,1.692516950948256,False,1.4239435324362706,False,0,NORMAL,0,1.312808305166424,25.142012977841066,28.71636372656686,24.782683315918607,25.661599900749092,NORMAL,Vibration,0,Telemetry remains within the expected prototype operating envelope.
118.4,shutdown,81.64881806791962,338.8523432075502,0.1262052153232795,134.06018758615522,1,pressure,0.0451768369028985,False,1.430824481564069,False,1.3712969974073852,False,1.4396944266332383,False,0,NORMAL,0,0.8994671109547325,24.886125427528626,23.98651289067557,25.01925849259473,22.80676236334002,NORMAL,Thrust,0,Telemetry remains within the expected prototype operating envelope.
118.5,shutdown,80.55330602668855,338.10129207274355,0.1101937797278977,124.15630728807773,1,pressure,0.001975753589917,False,1.4366236209551924,False,2.0199679830483483,False,1.5255240050452084,False,0,NORMAL,0,0.039507265622085175,24.97319409120713,33.2351603531473,26.295387283393246,29.0003885164656,NORMAL,Vibration,0,Telemetry remains within the expected prototype operating envelope.
118.6,shutdown,79.66605862128623,333.5116947057763,0.1318457691171403,130.98146901215944,1,pressure,0.0401643010437047,False,1.472061574040809,False,1.1427813488742895,False,1.466375395031701,False,0,NORMAL,0,0.8000683003149711,25.50307337492077,20.43184768753821,25.418304610936403,22.89041091639816,NORMAL,Temperature,0,Telemetry remains within the expected prototype operating envelope.
118.7,shutdown,80.89803329663843,326.6822770323106,0.1421129080834337,127.9463794719633,1,pressure,0.012861859489522,False,1.524793995594005,False,0.7268289432761791,False,1.4926782629821729,False,0,NORMAL,0,0.2569066184429536,26.28462548501482,13.529406436708902,25.809616941928503,22.84955516994296,NORMAL,Temperature,0,Telemetry remains within the expected prototype operating envelope.
118.8,shutdown,79.5682675816589,328.4564843955341,0.1401829995194249,123.4781286417895,1,pressure,0.0443733838030619,False,1.5110946942664865,False,0.8050152922112864,False,1.531401275927634,False,0,NORMAL,0,0.8835413053561836,26.082378722008993,14.87105325165109,26.38197277962607,23.117440086888152,NORMAL,Thrust,0,Telemetry remains within the expected prototype operating envelope.
118.9,shutdown,78.46339421166365,323.8333677323116,0.1345715062265111,117.77847767514108,1,pressure,0.0919289008590484,False,1.5467914620482908,False,1.0323536132224231,False,1.580795919727779,False,0,NORMAL,0,1.8217792817188383,26.60822342519221,18.654992322457364,27.105659515567737,24.110360957800943,NORMAL,Thrust,0,Telemetry remains within the expected prototype operating envelope.
119.0,shutdown,77.50960969117953,319.3956708204932,0.1464860045693076,112.68020843105384,1,pressure,0.132981312170051,False,1.581056536388161,False,0.5496617685468212,False,1.6249788345733531,False,0,NORMAL,0,2.6245696635605276,27.109458912463825,10.410526279747012,27.746958783151353,23.97603065245412,NORMAL,Thrust,0,Telemetry remains within the expected prototype operating envelope.
119.1,shutdown,77.36184567841931,322.76532446052266,0.1218243583021176,110.03374443017375,1,pressure,0.1393413116233005,False,1.5550382131971994,False,1.5487785745552125,False,1.64791377347019,False,0,NORMAL,0,2.7483524577602503,26.729172397723456,26.63738517346831,28.077623642622328,25.61730206396727,NORMAL,Thrust,0,Telemetry remains within the expected prototype operating envelope.
119.2,shutdown,77.18585972537879,318.83733695319773,0.1266162669904834,116.62083275449464,1,pressure,0.1469160285263504,False,1.585367635557281,False,1.3546440690346524,False,1.5908283688789595,False,0,NORMAL,0,2.8955716549273314,27.172279496219165,23.732921389746796,27.25177463016414,24.805751387074213,NORMAL,Thrust,0,Telemetry remains within the expected prototype operating envelope.
119.3,shutdown,77.65251136343514,314.3151739051983,0.1368336612890704,114.63560727664944,1,pressure,0.1268305956292862,False,1.6202849037023963,False,0.9407069682128848,False,1.608032844366131,False,0,NORMAL,0,2.504710222523787,27.679096778041632,17.150244533655844,27.501663474983808,24.5395379690325,NORMAL,Temperature,0,Telemetry remains within the expected prototype operating envelope.
119.4,shutdown,76.23455377494705,309.88276332250865,0.141073800171737,109.90109857039909,1,pressure,0.1878617582179013,False,1.6545091603694555,False,0.7689263023326036,False,1.6490633166673916,False,0,NORMAL,0,3.687526845740252,28.172432278670044,14.254386902754968,28.09415731762578,24.805325023804745,NORMAL,Temperature,0,Telemetry remains within the expected prototype operating envelope.
119.5,shutdown,76.3885661523334,316.04635515100074,0.1210438554112592,117.21622383239166,1,pressure,0.1812328191570738,False,1.6069178227002596,False,1.5803990733226538,False,1.5856685563945463,False,0,NORMAL,0,3.559752260394766,27.485494228951847,27.0998737145683,27.176662440051945,25.3312272301658,NORMAL,Temperature,0,Telemetry remains within the expected prototype operating envelope.
119.6,shutdown,76.54985019050882,312.3581706027802,0.1263986411445505,114.781567772825,1,pressure,0.174290896185084,False,1.6353956390620248,False,1.3634607407903672,False,1.6067679130993444,False,0,NORMAL,0,3.4257631134427036,27.89733124951703,23.867287248538517,27.483320072235173,25.367214209512742,NORMAL,Temperature,0,Telemetry remains within the expected prototype operating envelope.
119.7,shutdown,75.44196514876406,309.83214338053585,0.1225235424414526,102.5861286423794,1,pressure,0.2219760404102473,False,1.6549000153803417,False,1.520452540821062,False,1.7124567307760052,False,0,NORMAL,0,4.342416374189428,28.178046892169927,26.220591295978892,29.000073641759993,26.52739658500259,NORMAL,Thrust,0,Telemetry remains within the expected prototype operating envelope.
119.8,shutdown,75.41040008131372,307.601460068443,0.1116471164340209,109.54096821173395,1,pressure,0.223334651400676,False,1.6721239337858576,False,1.9610889807244691,False,1.652184299143682,False,0,NORMAL,0,4.368405132054698,28.425032334232203,32.44430357655802,28.13902668750814,29.25926450116861,NORMAL,Vibration,0,Telemetry remains within the expected prototype operating envelope.
119.9,shutdown,76.69212131961824,303.94439005588026,0.112954809114468,100.7604625696565,1,pressure,0.1681673192298656,False,1.70036150348397,False,1.908110452041772,False,1.7282784233476791,False,0,NORMAL,0,3.3074147023820055,28.828113686737733,31.724697662612257,29.224386355399844,28.765957066322002,NORMAL,Vibration,0,Telemetry remains within the expected prototype operating envelope.
