time_s,phase,pressure_kpa,temperature_k,vibration_g,thrust_n,anomaly,scenario,pressure_kpa_z,pressure_kpa_alert,temperature_k_z,temperature_k_alert,vibration_g_z,vibration_g_alert,thrust_n_z,thrust_n_alert,active_sensors,status,ai_anomaly,pressure_risk,temperature_risk,vibration_risk,thrust_risk,overall_risk,risk_level,primary_risk_sensor,elevated_sensor_count,risk_explanation
0.0,startup,40.49549151466225,305.22093811247737,0.1571249991995826,98.1709458941973,0,normal,1.6216330414911555,False,1.4806436587668592,False,0.2375803367270033,False,1.723332767593525,False,0,NORMAL,0,27.69859385795864,25.630831487685768,4.6404848733132,29.154345357068724,26.573696844996974,NORMAL,Thrust,0,Telemetry remains within the expected prototype operating envelope.
0.1,startup,37.80951250678998,304.6744829911912,0.1460732861740532,107.18018548693952,0,normal,2.074410591005387,False,1.4995283723799346,False,1.1025013246291449,False,1.5680528405028886,False,0,NORMAL,0,33.95818726065629,25.911189795567168,19.788257364002238,26.919642902644668,31.398333485177744,NORMAL,Pressure,0,Telemetry remains within the expected prototype operating envelope.
0.2,startup,41.304150909785015,305.8183322832677,0.174771341998071,107.21854486644756,0,normal,1.485316704601616,False,1.4599985638815869,False,1.1434446872554094,False,1.5673916924013276,False,0,NORMAL,0,25.700305123910216,25.323124953700304,20.442403109209828,26.909978875852193,26.09936982478777,NORMAL,Thrust,0,Telemetry remains within the expected prototype operating envelope.
0.3,startup,40.911945343816775,306.7326629825586,0.1412808874428276,98.6077747989601,0,normal,1.5514310988483588,False,1.428400592280347,False,1.47756048834952,False,1.7158037458837136,False,0,NORMAL,0,26.67629407548222,24.849703056735507,25.584958781738454,29.04758530299447,28.169802803429587,NORMAL,Thrust,0,Telemetry remains within the expected prototype operating envelope.
0.4,startup,41.066000636568816,309.1616867376966,0.1761659922852806,112.75932429839696,0,normal,1.5254618795292465,False,1.3444569779041613,False,1.252591776164148,False,1.471892863963963,False,0,NORMAL,0,26.294471490285087,23.577375051069303,22.16028077790806,25.5005596560689,25.6255165790268,NORMAL,Pressure,0,Telemetry remains within the expected prototype operating envelope.
0.5,startup,40.66226864283865,310.5608829973302,0.1442412094848193,112.8550048166034,0,normal,1.5935192925789667,False,1.296102740525113,False,1.245881954971632,False,1.470243749880788,False,0,NORMAL,0,27.290916081309767,22.834718229151964,22.055752537483386,25.47598398823172,26.28411540101682,NORMAL,Pressure,0,Telemetry remains within the expected prototype operating envelope.
0.6,startup,42.11631799868013,306.39709454781865,0.1512685679714479,111.39509297774067,0,normal,1.3484090730720084,False,1.4399973612386778,False,0.6959120244679261,False,1.4954062512843451,False,0,NORMAL,0,23.63775708172742,25.02380120724762,12.993069091663878,25.85008400098152,24.459216846529777,NORMAL,Thrust,0,Telemetry remains within the expected prototype operating envelope.
0.7,startup,42.73064206643861,307.47468417329026,0.1532507395580888,123.17118892160391,0,normal,1.2448519919510947,False,1.4027573928007286,False,0.5407847783162474,False,1.2924378097470015,False,0,NORMAL,0,22.03969494515754,24.463294216719145,10.25132802483284,22.778136411608084,22.860230930720235,NORMAL,Temperature,0,Telemetry remains within the expected prototype operating envelope.
0.8,startup,41.70033838983551,312.0754700045878,0.1518820446165101,114.66383813660804,0,normal,1.418531076032023,False,1.2437607626389429,False,0.6479005691689704,False,1.439067366662419,False,0,NORMAL,0,24.70121714118235,22.022678574336794,12.15357915385107,25.0098544185989,23.59654668478658,NORMAL,Thrust,0,Telemetry remains within the expected prototype operating envelope.
0.9,startup,41.76103780874092,308.7964514310476,0.1542529232017154,119.52751333194718,0,normal,1.4082989282496388,False,1.357078991860615,False,0.462352623490785,False,1.355238856836439,False,0,NORMAL,0,24.546965707859325,23.77005323781004,8.832391750384883,23.741993395751305,23.03352556814155,NORMAL,Pressure,0,Telemetry remains within the expected prototype operating envelope.
1.0,startup,41.49761573044395,309.7474968429014,0.1315056446959452,124.45172489892094,0,normal,1.452704190818587,False,1.324212211888609,False,2.2425833037344494,False,1.270366964461134,False,0,NORMAL,0,25.214101249926557,23.267316135565295,36.14253276799373,22.436512612926553,32.86043679125699,NORMAL,Vibration,0,Telemetry remains within the expected prototype operating envelope.
1.1,startup,42.06076727156982,315.4429465411387,0.1493478908431267,120.61912463849028,0,normal,1.3577733019140883,False,1.127385551730795,False,0.8462266368208871,False,1.3364242474183612,False,0,NORMAL,0,23.780637946568618,20.186467071978786,15.569825234573386,23.454499905358283,22.71916480413652,NORMAL,Pressure,0,Telemetry remains within the expected prototype operating envelope.
1.2,startup,43.13951475561621,315.0142134158059,0.1603364050793126,120.00749807831474,0,normal,1.1759280079115548,False,1.1422019602023503,False,0.0137483341889499,False,1.3469660169753908,False,0,NORMAL,0,20.95758679559554,20.42262697609155,0.274588996643621,23.615714901031183,21.061384981739433,NORMAL,Thrust,0,Telemetry remains within the expected prototype operating envelope.
1.3,startup,42.79345483082149,314.77590450354217,0.158669767785539,131.78147940931908,0,normal,1.234263595894335,False,1.1504375780678242,False,0.1166848005907286,False,1.1440340221244931,False,0,NORMAL,0,21.87442509533325,20.553592854981616,2.3066759234717904,20.45177976978931,19.92219275577951,NORMAL,Pressure,0,Telemetry remains within the expected prototype operating envelope.
1.4,startup,42.05027207611938,315.33266409778184,0.1706455050490237,117.71370252972352,0,normal,1.3595424850922884,False,1.1311967564907448,False,0.8205514885585293,False,1.3865010301004723,False,0,NORMAL,0,23.807602378424974,20.24728103490856,15.135158726010333,24.21730412571812,23.039390479909702,NORMAL,Thrust,0,Telemetry remains within the expected prototype operating envelope.
1.5,startup,43.60718289262015,315.16099402581654,0.1678903600668431,130.07011956642424,0,normal,1.0970928299604543,False,1.1371294305909905,False,0.6049303704299096,False,1.1735303884820525,False,0,NORMAL,0,19.70144546381435,20.34185429462585,11.395370148847084,20.919674981381032,19.929143915656148,NORMAL,Thrust,0,Telemetry remains within the expected prototype operating envelope.
1.6,startup,44.24114743445938,318.58921571635153,0.1575420374353359,134.23756506121126,0,normal,0.9902249390009256,False,1.0186549533539404,False,0.2049423988772332,False,1.1017018367021614,False,0,NORMAL,0,17.96670526670381,18.43182323187079,4.015981254139889,19.775430674583273,18.12064972586768,NORMAL,Thrust,0,Telemetry remains within the expected prototype operating envelope.
1.7,startup,43.449446436050245,317.60568035844267,0.1689927833079353,141.38027820052196,0,normal,1.123682585898777,False,1.0526445397608286,False,0.6912074024673088,False,0.9785926703752944,False,0,NORMAL,0,20.127335821508442,18.984436512550662,12.911163620006816,17.77563643236465,19.190143367793162,NORMAL,Pressure,0,Telemetry remains within the expected prototype operating envelope.
1.8,startup,45.20139965333876,324.03643588989905,0.1448522979393453,133.45858892142647,0,normal,0.828354483086891,False,0.8304067533504449,False,1.198057402473456,False,1.1151279818219528,False,0,NORMAL,0,15.267495415327826,15.302267078657705,21.30664592885958,19.990563047457776,20.13767985741023,NORMAL,Vibration,0,Telemetry remains within the expected prototype operating envelope.
1.9,startup,44.871310122661775,322.71710305720165,0.1529135150442429,131.889423830296,0,normal,0.8839979294363183,False,0.8760010240147518,False,0.5671763937143907,False,1.1421735319414323,False,0,NORMAL,0,16.205229575864387,16.0711025735801,10.72380247812469,20.422174525540616,18.823865492498506,NORMAL,Thrust,0,Telemetry remains within the expected prototype operating envelope.
2.0,startup,44.13853369087356,315.9828008290508,0.1575327228522786,143.48970781858424,0,normal,1.0075226167679885,False,1.1087289535530434,False,0.2056713698848238,False,0.9422353203543878,False,0,NORMAL,0,18.250012028928666,19.888100965899614,4.029974147445303,17.175565383779134,18.11983522386436,NORMAL,Temperature,0,Telemetry remains within the expected prototype operating envelope.
2.1,startup,45.06791831997781,326.63410892861737,0.1496838659480325,146.3161789571884,0,normal,0.8508555342298563,False,0.740634859034327,False,0.8199328017408045,False,0.8935193074425085,False,0,NORMAL,0,15.64795278799248,13.767838254322184,15.124657124586594,16.364646078042767,15.9662156971604,NORMAL,Thrust,0,Telemetry remains within the expected prototype operating envelope.
2.2,startup,42.25665441726719,326.74782623535947,0.1609380092372679,134.35034050425267,0,normal,1.3247524549341816,False,0.7367049502695956,False,0.0608306336861181,False,1.0997580808065814,False,0,NORMAL,0,23.275606547438667,13.70003470598764,1.209241863417776,19.744237215809857,20.197942284942354,NORMAL,Pressure,0,Telemetry remains within the expected prototype operating envelope.
2.3,startup,44.84340648455829,329.335728535335,0.1511269146665586,148.46111383714637,0,normal,0.8887016671967402,False,0.6472707188204867,False,0.7069979906092327,False,0.8565500018373662,False,0,NORMAL,0,16.284022233207608,12.142512437071563,13.18576656697611,15.74396610323825,15.603287843878128,NORMAL,Pressure,0,Telemetry remains within the expected prototype operating envelope.
2.4,startup,47.24545280098722,324.62849080147214,0.1584935959772049,157.60131281385736,0,normal,0.4837868701023539,False,0.8099461756877142,False,0.1304722283092075,False,0.69901290715948,False,0,NORMAL,0,9.222377048688536,14.954964052789654,2.575692776825478,13.047012020085392,13.203230650422316,NORMAL,Temperature,0,Telemetry remains within the expected prototype operating envelope.
2.5,startup,46.30983856920875,327.83774048424294,0.1542614456613992,139.94971272936874,0,normal,0.6415040815599659,False,0.6990390603342426,False,0.4616856450565783,False,1.0032493686207276,False,0,NORMAL,0,12.041125529879093,13.047466838234046,8.820229573491812,18.180114567336215,16.374856413300893,NORMAL,Thrust,0,Telemetry remains within the expected prototype operating envelope.
2.6,startup,44.59207682972644,326.04929051502955,0.1632780194308229,153.7995869041209,0,normal,0.9310685006312156,False,0.760845353594731,False,0.2439627801357617,False,0.7645380512080441,False,0,NORMAL,0,16.990381563312063,14.115693674870911,4.762132557605703,14.179099212838619,15.42288737940773,NORMAL,Pressure,0,Telemetry remains within the expected prototype operating envelope.
2.7,startup,45.435506464487375,330.9027330396735,0.1645239004947064,157.39066769501753,0,normal,0.788890917673389,False,0.5931172666116743,False,0.3414670021593932,False,0.7026435086501761,False,0,NORMAL,0,14.596079908362181,11.185783521238701,6.601359864080147,13.11012743217741,13.468120128948032,NORMAL,Pressure,0,Telemetry remains within the expected prototype operating envelope.
2.8,startup,45.11951004921859,331.07461592647746,0.1571733922595384,155.85615703648782,0,normal,0.8421586767070016,False,0.5871772379325725,False,0.2337930348736243,False,0.7290917677649913,False,0,NORMAL,0,15.501105566806462,11.080209023502064,4.568226456649171,13.568531138143303,13.988549934620538,NORMAL,Pressure,0,Telemetry remains within the expected prototype operating envelope.
2.9,startup,45.12045248535503,331.1057772747948,0.1813852758014311,155.9627073648849,0,normal,0.8419998095218223,False,0.5861003459503276,False,1.66105948108033,False,0.7272553056468886,False,0,NORMAL,0,15.498420703851146,11.061055558961764,28.266469388788984,13.53677968379059,24.354943569559683,NORMAL,Vibration,0,Telemetry remains within the expected prototype operating envelope.
3.0,startup,45.9882760534326,330.40542452188083,0.1758390182030519,153.6953452847968,0,normal,0.695710122441906,False,0.6103035433433349,False,1.2270023724611778,False,0.7663347212690221,False,0,NORMAL,0,12.989555645601536,11.490536604530455,21.76088522040264,14.209932041474937,19.434029975562552,NORMAL,Vibration,0,Telemetry remains within the expected prototype operating envelope.
3.1,startup,45.9033658518475,328.521747300843,0.1564874497027711,170.58413434703232,0,normal,0.7100235005024879,False,0.6754007553065929,False,0.2874757637386271,False,0.4752457889305227,False,0,NORMAL,0,13.238282141160196,12.635411476319359,5.587353320550569,9.06717671932441,12.15110296177265,NORMAL,Pressure,0,Telemetry remains within the expected prototype operating envelope.
3.2,startup,45.270649156440086,336.1922978973131,0.1642383101335873,172.75913564424377,0,normal,0.8166810410281855,False,0.4103174106249613,False,0.3191163406190649,False,0.4377582696591837,False,0,NORMAL,0,15.069440310259575,7.8786523748970545,6.1829210436070365,8.382845343399225,13.077598870482976,NORMAL,Pressure,0,Telemetry remains within the expected prototype operating envelope.
3.3,startup,46.7330250439198,338.4850048655036,0.1772065717976931,163.06124203134337,0,normal,0.5701672116716855,False,0.3310847109824479,False,1.3340288400643348,False,0.6049075831658481,False,0,NORMAL,0,10.77718828075267,6.407219996688274,23.417819588861,11.394966336507405,19.77133722550547,NORMAL,Vibration,0,Telemetry remains within the expected prototype operating envelope.
3.4,startup,44.83931366058201,334.0037480272178,0.168951229325057,178.74695378973658,0,normal,0.889391597685825,False,0.4859505887483663,False,0.6879553354040988,False,0.3345544470176876,False,0,NORMAL,0,16.295573077358295,9.261651997165876,12.854501447813016,6.472145914786164,14.519461338531185,NORMAL,Pressure,0,Telemetry remains within the expected prototype operating envelope.
3.5,startup,49.24404276535967,335.54035077243736,0.1644794284286903,170.1401617216052,0,normal,0.1468830209285162,False,0.432847778196901,False,0.3379865622326741,False,0.48289793717199,False,0,NORMAL,0,2.894930616027669,8.292824094629491,6.536323559965185,9.20623657027445,8.340456319256862,NORMAL,Thrust,0,Telemetry remains within the expected prototype operating envelope.
3.6,startup,48.05409645413393,338.6022267205236,0.1733512303880118,161.45034113763523,0,normal,0.3474731868498394,False,0.3270336900019207,False,1.0323049631360466,False,0.6326724761682222,False,0,NORMAL,0,6.713486401826341,6.33136000671305,18.65420083027679,11.885624624039659,15.9388893276798,NORMAL,Vibration,0,Telemetry remains within the expected prototype operating envelope.
3.7,startup,47.733061028924986,342.98187192679177,0.1620607045771631,188.9392204783105,0,normal,0.4015903756690154,False,0.1756793660592949,False,0.1486941857211906,False,0.1588843017187371,False,0,NORMAL,0,7.717722727704068,3.4525774738855985,2.930098902658562,3.127728158160148,6.523980908468378,NORMAL,Pressure,0,Telemetry remains within the expected prototype operating envelope.
3.8,startup,50.152927086520855,342.6251342280904,0.1629291313764538,176.367453663968,0,normal,0.0063283089147717,False,0.1880077147425433,False,0.21665836135877,False,0.3755666325898375,False,0,NORMAL,0,0.12648611708835356,3.690338291477424,4.240626989743879,7.2361645653086555,6.041698364267228,NORMAL,Thrust,0,Telemetry remains within the expected prototype operating envelope.
3.9,startup,48.260044586310926,341.1539169653707,0.168293584121141,178.0769184102165,0,normal,0.3127563516322776,False,0.2388508957958791,False,0.6364871930314038,False,0.3461029294183377,False,0,NORMAL,0,6.063509996625993,4.664713774107421,11.952825264365451,6.687917590697667,10.33912100159474,NORMAL,Vibration,0,Telemetry remains within the expected prototype operating envelope.
4.0,startup,48.50431292372792,340.9093971783081,0.1606887204670908,183.33013634061817,0,normal,0.2715798499115155,False,0.2473011526816389,False,0.0413209803973998,False,0.2555604048437741,False,0,NORMAL,0,5.286720631470354,4.825699230720137,0.8230141486907372,4.982783165300786,4.829212413371656,NORMAL,Pressure,0,Telemetry remains within the expected prototype operating envelope.
4.1,startup,49.56215431738738,345.5681545822656,0.1556705331982292,186.5401853364488,0,normal,0.0932587116628332,False,0.0863011072260119,False,0.3514086787998272,False,0.2002331856152499,False,0,NORMAL,0,1.8478875013871798,1.7112117151548922,6.786883177456726,3.9255368258123147,5.660231997080345,NORMAL,Vibration,0,Telemetry remains within the expected prototype operating envelope.
4.2,startup,49.38173465019133,347.9528087140261,0.1703462458886885,184.48735408566785,0,normal,0.1236721938820824,False,0.0038908440766044,False,0.7971310895671702,False,0.2356150270758142,False,0,NORMAL,0,2.4431049084236323,0.07778661204892456,14.736712589177303,4.602995310853741,11.491665632259313,NORMAL,Vibration,0,Telemetry remains within the expected prototype operating envelope.
4.3,startup,45.72799468681091,347.2475722617177,0.1777133712993605,192.56744543183427,0,normal,0.7395859528254577,False,0.0282628151910828,False,1.3736916076948276,False,0.0963495560887663,False,0,NORMAL,0,13.74974646675785,0.5636617362558716,24.022908710242785,1.9085433336435087,19.13631593326156,NORMAL,Vibration,0,Telemetry remains within the expected prototype operating envelope.
4.4,startup,47.63556609580058,348.5828050760775,0.1719545644097013,197.31558656691448,0,normal,0.4180251716152029,False,0.017880936278601,False,0.9230001237017298,False,0.0145123486661485,False,0,NORMAL,0,8.020552839228545,0.3569800313977911,16.856322850715845,0.28982616402256633,13.189932017934716,NORMAL,Vibration,0,Telemetry remains within the expected prototype operating envelope.
4.5,startup,48.75378055062704,351.2466409900152,0.1834685697941475,187.11471125351545,0,normal,0.2295268999593895,False,0.1099393256821746,False,1.824100694158205,False,0.1903308690439755,False,0,NORMAL,0,4.486766745571158,2.1747894064978124,30.56784788720055,3.735076338307508,23.45349315971835,NORMAL,Vibration,0,Telemetry remains within the expected prototype operating envelope.
4.6,startup,49.3310315132078,344.7235630918303,0.1736365291435199,194.52709830382105,0,normal,0.1322192607239323,False,0.1154889907238763,False,1.0546328032537995,False,0.0625737027603455,False,0,NORMAL,0,2.6097275150403276,2.2833086011244452,19.016646165447437,1.2436756840817242,14.561738829539053,NORMAL,Vibration,0,Telemetry remains within the expected prototype operating envelope.
4.7,startup,49.14650866431899,348.9168909212272,0.1718362290663582,192.4082754005228,0,normal,0.163324419440508,False,0.029426469044376,False,0.913739050614542,False,0.0990929519772468,False,0,NORMAL,0,3.2137148316048636,0.5868009391847617,16.7021802079925,1.9623493109666712,12.822108598048146,NORMAL,Vibration,0,Telemetry remains within the expected prototype operating envelope.
4.8,startup,48.94131528922944,351.5504177373312,0.1518960376338085,193.5569651521387,0,normal,0.1979140246746898,False,0.1204374190331389,False,0.6468054580022664,False,0.0792945595552742,False,0,NORMAL,0,3.880964060994141,2.379969569648499,12.134336727383666,1.573382150644409,9.63457596730807,NORMAL,Vibration,0,Telemetry remains within the expected prototype operating envelope.
4.9,startup,50.93124086668978,353.03568641344833,0.1792244039698764,202.15381094319235,0,normal,0.1375292621259449,False,0.1717661969955936,False,1.4919469285773057,False,0.0688775002398338,False,0,NORMAL,0,2.713101110618299,3.376986620363176,25.79876455234714,1.368105203412051,19.679180739115452,NORMAL,Vibration,0,Telemetry remains within the expected prototype operating envelope.
5.0,startup,50.124935188258085,353.4933196897545,0.1766796482190083,200.06785879825983,0,normal,0.001609693071341,False,0.1875813536776553,False,1.292791136807634,False,0.0329247992770783,False,0,NORMAL,0,0.032188679759326266,3.682125403331815,22.783593133620705,0.6563326518198354,17.18533152534998,NORMAL,Vibration,0,Telemetry remains within the expected prototype operating envelope.
5.1,startup,49.96087960855167,351.8078200979815,0.1481307059488458,211.4499638045172,0,normal,0.0260452823197171,False,0.1293328793826906,False,0.9414850604506988,False,0.2291025584892351,False,0,NORMAL,0,0.5195512855998619,2.553490191302077,17.163136480844056,4.478660356424635,13.318587065038567,NORMAL,Vibration,0,Telemetry remains within the expected prototype operating envelope.
5.2,startup,52.0282635405866,351.85082959658763,0.1360514778192539,200.0713373529556,0,normal,0.3224552189531454,False,0.1308192266272858,False,1.886820675192789,False,0.032984754361409,False,0,NORMAL,0,6.2455488930616365,2.5824537563671868,31.433364671122465,0.6575238762685398,24.01209001595134,NORMAL,Vibration,0,Telemetry remains within the expected prototype operating envelope.
5.3,startup,50.71018169991404,356.05703223708304,0.1892919022694341,205.4746239340288,0,normal,0.1002651481708382,False,0.2761796215987161,False,2.2798420317927164,False,0.1261138067882946,False,0,NORMAL,0,1.9853304892097134,5.373812457244909,36.616613809800484,2.4907325134887914,27.866616787472907,NORMAL,Vibration,0,Telemetry remains within the expected prototype operating envelope.
5.4,startup,52.42472591997663,356.4976400441404,0.1607859832693649,210.0332077577432,0,normal,0.3892871875160716,False,0.2914064022213939,False,0.0489328898665235,False,0.2046838743834744,False,0,NORMAL,0,7.49036988184093,5.661544551298691,0.9738845259308793,4.011018281864964,6.455711931778458,NORMAL,Pressure,0,Telemetry remains within the expected prototype operating envelope.
5.5,startup,51.79696058137597,359.9823030731093,0.1597193825415549,213.8520603380648,0,normal,0.2834643010197466,False,0.4118314120287197,False,0.034540627140618,False,0.2705042074024714,False,0,NORMAL,0,5.511576364502702,7.906542522035876,0.6884319180050946,5.266342913743049,6.834380839673408,NORMAL,Temperature,0,Telemetry remains within the expected prototype operating envelope.
5.6,startup,50.883083708355656,361.2742960839847,0.1483108304547609,217.283820355546,0,normal,0.1294113728653864,False,0.4564808572440036,False,0.9273882896386458,False,0.3296527559366149,False,0,NORMAL,0,2.5550199624806202,8.725265883907706,16.929260490175004,6.38041202737496,14.030640675458354,NORMAL,Vibration,0,Telemetry remains within the expected prototype operating envelope.
5.7,startup,49.33911963851465,359.0932698643938,0.1616097556706207,221.73732835769692,0,normal,0.1308558392132396,False,0.3811076858065374,False,0.1134023560438304,False,0.4064117754690365,False,0,NORMAL,0,2.5831670954125086,7.338909493027845,2.242520283266114,7.806665788443901,6.821818245251693,NORMAL,Thrust,0,Telemetry remains within the expected prototype operating envelope.
5.8,startup,51.37981672184803,362.70059951317927,0.1677197444360678,220.41342996666103,0,normal,0.2131460394255922,False,0.5057718799400489,False,0.5915777761686543,False,0.3835935516312468,False,0,NORMAL,0,4.173335808455536,9.620650189849512,11.158433583463312,7.384966650522074,10.082503124576565,NORMAL,Vibration,0,Telemetry remains within the expected prototype operating envelope.
5.9,startup,53.636583528228506,362.9867639546048,0.1509882490666385,220.2512749553753,0,normal,0.593570957648409,False,0.5156613169899701,False,0.717850135194772,False,0.3807987077300907,False,0,NORMAL,0,11.193841998417497,9.799233700703901,13.373986356910061,7.333183267000576,12.341862597756844,NORMAL,Vibration,0,Telemetry remains within the expected prototype operating envelope.
6.0,startup,52.30704203252528,360.4709829543839,0.1564498360254836,219.89855026771016,0,normal,0.3694491239938475,False,0.4287194953257009,False,0.2904194575210283,False,0.3747192752519233,False,0,NORMAL,0,7.122598393138424,8.217074194540007,5.642921345622598,7.220442409788164,7.808863906471309,NORMAL,Temperature,0,Telemetry remains within the expected prototype operating envelope.
6.1,startup,51.22286065211242,364.14770842675006,0.1774611978334307,227.4796899710462,0,normal,0.1866878338968123,False,0.555781910654725,False,1.353956194481431,False,0.5053849999537386,False,0,NORMAL,0,3.6649114800393567,10.520119255713267,23.722428231440784,9.613656726966468,19.577675973675497,NORMAL,Vibration,0,Telemetry remains within the expected prototype operating envelope.
6.2,startup,51.3820676125651,366.5646176145033,0.1717241899974425,223.5176818803136,0,normal,0.2135254738069158,False,0.639306862771751,False,0.9049707318981252,False,0.4370972914153745,False,0,NORMAL,0,4.180607518746715,12.002464057414697,16.555975682209723,8.370733153629928,14.358489979486412,NORMAL,Vibration,0,Telemetry remains within the expected prototype operating envelope.
6.3,startup,52.34109611528295,364.79180016613793,0.1608006707640595,217.1880759228873,0,normal,0.3751896469453605,False,0.5780408072504035,False,0.0500823517093795,False,0.32800254024754,False,0,NORMAL,0,7.229170174776378,10.917578581271458,0.9966472575782204,6.349508425319151,9.327055216234154,NORMAL,Temperature,0,Telemetry remains within the expected prototype operating envelope.
6.4,startup,52.48285322028188,367.81755554320375,0.1531361431783039,234.76012220672465,0,normal,0.39908575128554,False,0.6826066197632819,False,0.5497532354038137,False,0.630867841774839,False,0,NORMAL,0,7.6714846594078345,12.761228269310331,10.412165158272813,11.853816037627073,12.030934110955796,NORMAL,Temperature,0,Telemetry remains within the expected prototype operating envelope.
6.5,startup,53.05900430992125,369.3963400687324,0.1677475166683651,234.7080472651569,0,normal,0.4962079840923842,False,0.7371671727894662,False,0.593751266064686,False,0.6299702973098877,False,0,NORMAL,0,9.44760901015389,13.708012294724437,11.197044440215409,11.837991593450937,12.951890508693543,NORMAL,Temperature,0,Telemetry remains within the expected prototype operating envelope.
6.6,startup,52.739729726821096,368.7783729797876,0.168775185682474,236.7576306211488,0,normal,0.4423876217833056,False,0.7158111070441934,False,0.6741779380988075,False,0.6652961592551052,False,0,NORMAL,0,8.46763170065521,13.338652576664344,12.614042678972993,12.458676177342287,12.772036949024873,NORMAL,Temperature,0,Telemetry remains within the expected prototype operating envelope.
6.7,startup,55.34149121965468,374.6194275097928,0.159494677957077,230.78010113388007,0,normal,0.8809685599414413,False,0.9176696635856378,False,0.0521262910774047,False,0.562269668127823,False,0,NORMAL,0,16.154445128661767,16.767636774366355,1.037110356649984,10.636148715332705,14.801056238651578,NORMAL,Temperature,0,Telemetry remains within the expected prototype operating envelope.
6.8,startup,54.89622208631083,367.0865433720921,0.1600058871301141,242.9533124950028,0,normal,0.8059091992841665,False,0.6573438763807614,False,0.0121184170087869,False,0.7720826443679948,False,0,NORMAL,0,14.886271364773695,12.319334724403463,0.24207486525877897,14.308498318138362,13.329742073453152,NORMAL,Pressure,0,Telemetry remains within the expected prototype operating envelope.
6.9,startup,52.43570424047889,366.234334381892,0.1581169416591257,237.0626994692672,0,normal,0.391137811456254,False,0.6278927428996841,False,0.1599496698730727,False,0.6705542132790665,False,0,NORMAL,0,7.5246036533052285,11.801351707967033,3.1483668859894176,12.550687190972498,11.222634999977615,NORMAL,Thrust,0,Telemetry remains within the expected prototype operating envelope.
7.0,startup,55.99808823064959,372.5060381610547,0.183687599206969,244.1043599784025,0,normal,0.991651623653153,False,0.8446339264332302,False,1.8412422120097447,False,0.7919216737844351,False,0,NORMAL,0,17.99010905607584,15.54292638731738,30.805474820809586,14.647831912552334,26.934863573992306,NORMAL,Vibration,0,Telemetry remains within the expected prototype operating envelope.
7.1,startup,53.88834793963212,372.3836122412248,0.1578155600777352,245.4797080512969,0,normal,0.6360110783329418,False,0.8404030603570499,False,0.183536172210732,False,0.8156266653416956,False,0,NORMAL,0,11.944440754363006,15.471430829241939,3.6041692166413952,15.05152867833166,14.087692368382836,NORMAL,Temperature,0,Telemetry remains within the expected prototype operating envelope.
7.2,startup,54.62643908960042,376.03848156018427,0.1795436181138105,250.26148185340944,0,normal,0.7604316718004689,False,0.9667101580365705,False,1.5169290297308586,False,0.8980435529949125,False,0,NORMAL,0,14.108587626122759,17.579997653493827,26.168580459095793,16.440289225665296,23.510604607795315,NORMAL,Vibration,0,Telemetry remains within the expected prototype operating envelope.
7.3,startup,53.55604502207163,376.6729216344671,0.1724510976000204,243.1263815677568,0,normal,0.5799945196522928,False,0.9886355067812036,False,0.9618594368692844,False,0.7750655990027606,False,0,NORMAL,0,10.952380067922284,17.94062384911109,17.49999956492807,14.359605843899814,16.97725881793507,NORMAL,Temperature,0,Telemetry remains within the expected prototype operating envelope.
7.4,startup,54.52561472812052,374.0758111523896,0.1794126362916139,241.90470323549533,0,normal,0.7434356315527952,False,0.8988830536243655,False,1.5066782272724684,False,0.7540092023547473,False,0,NORMAL,0,13.816128061947975,16.454317733896584,26.017058931055715,13.998189744275258,23.061086571414073,NORMAL,Vibration,0,Telemetry remains within the expected prototype operating envelope.
7.5,startup,53.76502495884779,378.6126366296088,0.1683289135497833,253.79593752176515,0,normal,0.6152224285055732,False,1.0556693047041188,False,0.6392521186363955,False,0.9589621258486632,False,0,NORMAL,0,11.577567365322228,19.03343229824247,12.001500582336522,17.45218007938152,17.627390522319843,NORMAL,Temperature,0,Telemetry remains within the expected prototype operating envelope.
7.6,startup,55.81793562050876,374.3865874178483,0.2004484272197436,251.45793406751,0,normal,0.9612831594473312,False,0.9096230403905544,False,3.1529657330041285,False,0.9186651615846798,False,0,NORMAL,0,17.49049043943679,16.633581040799108,46.77240103390253,16.78420665499265,38.949120099335616,NORMAL,Vibration,1,Telemetry remains within the expected prototype operating envelope.
7.7,startup,54.51620689318679,381.0297855890923,0.1759352814183795,254.4589028287133,0,normal,0.7418497455741464,False,1.1392025429919246,False,1.234536052996264,False,0.9703887510889844,False,0,NORMAL,0,13.788788167563226,20.374875506423873,21.87868215289065,17.6406132823389,20.66840232143538,NORMAL,Vibration,0,Telemetry remains within the expected prototype operating envelope.
7.8,startup,55.79964625539312,380.28895747119407,0.1781687100109633,256.7314791457592,0,normal,0.958200107087294,False,1.113600574416549,False,1.4093269890479116,False,1.0095580373740414,False,0,NORMAL,0,17.439598523169753,19.966117912579172,24.562478174362102,18.283284378158836,22.98761522480898,NORMAL,Vibration,0,Telemetry remains within the expected prototype operating envelope.
7.9,startup,55.72989706517816,381.1995345221776,0.1638609057033831,265.7694990408144,0,normal,0.946442432387092,False,1.145068825258429,False,0.2895801943350612,False,1.1653340111286397,False,0,NORMAL,0,17.245226407591197,20.46824141579292,5.627081931826094,20.78993423300477,19.124874600421915,NORMAL,Thrust,0,Telemetry remains within the expected prototype operating envelope.
8.0,startup,55.418146451593024,381.4012058111768,0.154675162394899,253.50028728401392,0,normal,0.893890391412486,False,1.1520382988499025,False,0.4293076521586717,False,0.9538664075153064,False,0,NORMAL,0,16.370852995543927,20.579023087090007,8.227870110550894,17.36800910764088,18.849118595430756,NORMAL,Temperature,0,Telemetry remains within the expected prototype operating envelope.
8.1,startup,56.94040630734192,380.871903553012,0.1791557399434752,262.9734138956034,0,normal,1.150498907409737,False,1.1337463638476826,False,1.4865731953459878,False,1.1171417199793017,False,0,NORMAL,0,20.55456732817873,20.28793829182529,25.718974153849928,20.022780170565145,24.293455945139122,NORMAL,Vibration,0,Telemetry remains within the expected prototype operating envelope.
8.2,startup,56.79422479379412,384.3772908930136,0.1876736378241746,262.6097300690915,0,normal,1.1258569771137577,False,1.254887576438066,False,2.153194617093517,False,1.1108733998304725,False,0,NORMAL,0,20.162063153741894,22.196013463511687,34.99063980232242,19.92245273155373,31.255143172233424,NORMAL,Vibration,0,Telemetry remains within the expected prototype operating envelope.
8.3,startup,57.55989969065921,387.4131511371952,0.1635214024294651,265.2300046192695,0,normal,1.2549273840346824,False,1.359802598820422,False,0.2630102403021574,False,1.1560354844793108,False,0,NORMAL,0,22.1966328989881,23.81156601304466,5.124250274686981,20.642489792407616,21.757825069152673,NORMAL,Temperature,0,Telemetry remains within the expected prototype operating envelope.
8.4,startup,57.96765338420601,384.38629961475846,0.1897031644114246,275.7367636064566,0,normal,1.3236627381191317,False,1.2551989050788723,False,2.3120279252660167,False,1.3371261029154788,False,0,NORMAL,0,23.258883152794475,22.200857834566513,37.023313589026074,23.465243927269764,33.33562995193692,NORMAL,Vibration,0,Telemetry remains within the expected prototype operating envelope.
8.5,startup,57.76114131271374,389.23080609596747,0.1720801778238419,283.60461391029565,0,normal,1.28885083921697,False,1.4226181750803897,False,0.9328307877807992,False,1.4727334656638713,False,0,NORMAL,0,22.722718025780043,24.762742708400896,17.019633764703947,25.513083474524155,24.46009483111399,NORMAL,Thrust,0,Telemetry remains within the expected prototype operating envelope.
8.6,startup,57.13662831721963,386.74269372085297,0.197821704256799,269.8227634446633,0,normal,1.1835762027023642,False,1.3366325418401068,False,2.9473950839285346,False,1.2351945797848174,False,0,NORMAL,0,21.078400725776312,23.45768863907417,44.53838448131271,21.888970471474323,38.659251290646544,NORMAL,Vibration,0,Telemetry remains within the expected prototype operating envelope.
8.7,startup,58.30856270505681,388.2733247605856,0.186123853704845,269.3842893763317,0,normal,1.381130084829209,False,1.3895289787233422,False,2.031906558995266,False,1.227637202643187,False,0,NORMAL,0,24.135855445499665,24.263183454213,33.394385606962615,21.77081830010257,30.76822189011876,NORMAL,Vibration,0,Telemetry remains within the expected prototype operating envelope.
8.8,startup,56.389182964589786,392.39505111799787,0.1798947326331268,280.7464469328972,0,normal,1.0575787640896064,False,1.5319699932168898,False,1.5444076944602383,False,1.423471154977758,False,0,NORMAL,0,19.064346869376724,26.390345872401,26.57322529546867,24.77557678724922,25.742902239198003,NORMAL,Vibration,0,Telemetry remains within the expected prototype operating envelope.
8.9,startup,57.85988340801861,391.40086977414734,0.1678741204376654,290.6982015723939,0,normal,1.3054958702522113,False,1.4976124966417084,False,0.6036594365865222,False,1.5949959234043676,False,0,NORMAL,0,22.97954684757767,25.882795365105594,11.372845161639777,27.31238580578822,25.413463427022077,NORMAL,Thrust,0,Telemetry remains within the expected prototype operating envelope.
9.0,startup,58.495227624475405,393.87637201983193,0.1697873751057897,280.58568391876275,0,normal,1.412596334024349,False,1.5831623417017155,False,0.7533931578512577,False,1.4207003030255272,False,0,NORMAL,0,24.611788308024572,27.140151106577605,13.98759290297643,24.733878086240768,25.55752162960964,NORMAL,Temperature,0,Telemetry remains within the expected prototype operating envelope.
9.1,startup,58.04019629848506,393.99870437755527,0.1765117354064742,288.6398862771895,0,normal,1.335891353035935,False,1.5873899744042514,False,1.2796500685078194,False,1.5595195609790231,False,0,NORMAL,0,23.446341337200405,27.201730005588974,22.580384998094218,26.79481338946763,26.433160605038566,NORMAL,Temperature,0,Telemetry remains within the expected prototype operating envelope.
9.2,startup,57.56046808140277,397.37022971593336,0.1730121299042618,287.2246079486709,0,normal,1.255023198099975,False,1.703905106158603,False,1.0057665319692537,False,1.5351263462794873,False,0,NORMAL,0,22.19812381608205,28.87853679402106,18.22129500403622,26.43679882011647,27.147839929111072,NORMAL,Temperature,0,Telemetry remains within the expected prototype operating envelope.
9.3,startup,58.64339409148055,395.0840546420999,0.1922832294173677,289.9637300877171,0,normal,1.437572869453014,False,1.6248981395168027,False,2.5139470638318824,False,1.5823368440873256,False,0,NORMAL,0,24.9874365557616,27.74579268109213,39.51588471912251,27.128120987232187,36.130833124960375,NORMAL,Vibration,0,Telemetry remains within the expected prototype operating envelope.
9.4,startup,58.3697587575795,398.1135845924636,0.1618250184033408,291.019322733441,0,normal,1.3914459505228567,False,1.729594395927022,False,0.1302490887641515,False,1.6005306491668867,False,0,NORMAL,0,24.292214956900835,29.24301165762211,2.5713448366882163,27.39280249132605,26.314152797426374,NORMAL,Temperature,0,Telemetry remains within the expected prototype operating envelope.
9.5,startup,61.45444795703436,397.5327185237531,0.1808946245838489,299.3513885529107,0,normal,1.911434384032092,False,1.7095204887974982,False,1.622660498511176,False,1.744139059137903,False,0,NORMAL,0,31.770071071446317,28.95836680397299,27.71344964899728,29.44853989184888,30.965958595363333,NORMAL,Pressure,0,Telemetry remains within the expected prototype operating envelope.
9.6,startup,59.9074552926803,402.27291486534057,0.181753807688881,297.727198378538,0,normal,1.6506566394444335,False,1.8733349483819108,False,1.6899012509878812,False,1.7161451170008668,False,0,NORMAL,0,28.117067510488337,31.248180867087484,28.67906264965987,29.052429358644495,30.557282347371384,NORMAL,Temperature,0,Telemetry remains within the expected prototype operating envelope.
9.7,startup,57.48772373266425,396.1994164128602,0.1780891522319,303.589143363548,0,normal,1.242760627221238,False,1.663443459700107,False,1.4031006970057849,False,1.8171794363251037,False,0,NORMAL,0,22.007079438076826,28.30066347700332,24.46848045241775,30.47166976986745,29.01577599993331,NORMAL,Thrust,0,Telemetry remains within the expected prototype operating envelope.
9.8,startup,60.24459865600497,397.3901094770495,0.1919074539741344,297.4821481557406,0,normal,1.70748915579461,False,1.704592122494897,False,2.484538404120946,False,1.7119215218419397,False,0,NORMAL,0,28.929499097559543,28.88830844409409,39.159085095023194,28.992473276007903,36.47572482912499,NORMAL,Vibration,0,Telemetry remains within the expected prototype operating envelope.
9.9,startup,58.81773331491813,399.292646149292,0.1854029694129383,298.49502845005827,0,normal,1.4669613665860617,False,1.77034109033165,False,1.975489245907351,False,1.7293791526035736,False,0,NORMAL,0,25.42704464917982,29.817291156456214,32.63858765665888,29.239965598192587,31.46333476962093,NORMAL,Vibration,0,Telemetry remains within the expected prototype operating envelope.
10.0,ramp,58.98369999685324,402.8350451303448,0.1803999225500897,311.5262062441426,0,normal,1.796066547055979,False,1.677001806916255,False,0.308132210135782,False,1.4969320579982497,False,0,NORMAL,0,30.177460258290466,28.49482500703364,5.976594687660308,25.87270823671822,27.535988134487788,NORMAL,Pressure,0,Telemetry remains within the expected prototype operating envelope.
10.1,ramp,60.4381021965385,404.98663417275424,0.1524208680007847,301.1782765424834,0,normal,1.7127064700565229,False,1.6556486534173704,False,2.3953416591202514,False,1.6756739916664452,False,0,NORMAL,0,29.003619847301675,28.188799816343078,38.06398387627652,28.475833353045278,35.56816024771431,NORMAL,Vibration,0,Telemetry remains within the expected prototype operating envelope.
10.2,ramp,61.27983143504892,405.6050983858537,0.174477160130351,312.50414147208687,0,normal,1.664462171367958,False,1.6495107892548486,False,0.7499643551349697,False,1.480039980192872,False,0,NORMAL,0,28.315270179089637,28.10059220837343,13.928588758914051,25.621851930900842,26.801977135670086,NORMAL,Pressure,0,Telemetry remains within the expected prototype operating envelope.
10.3,ramp,62.40948052784837,404.5355058497663,0.1707681148632331,308.3436843732933,0,normal,1.5997155453119012,False,1.660125815244551,False,1.0266554175365732,False,1.551904417642877,False,0,NORMAL,0,27.380965045159666,28.25307310870071,18.562235523494675,26.68323484457695,27.191454516324512,NORMAL,Temperature,0,Telemetry remains within the expected prototype operating envelope.
10.4,ramp,62.090125522946295,409.9056632521191,0.1687215597574837,309.1419260485262,0,normal,1.618019600273149,False,1.6068304167900225,False,1.1793263788465806,False,1.5381162238032149,False,0,NORMAL,0,27.64632359646717,27.484226578595404,21.011291630566696,26.480774662923913,26.949589278702064,NORMAL,Pressure,0,Telemetry remains within the expected prototype operating envelope.
10.5,ramp,61.83206867390299,410.58463256062646,0.178450156308644,308.2180538985507,0,normal,1.632810308655701,False,1.6000920780181564,False,0.4535828191006037,False,1.5540744588618025,False,0,NORMAL,0,27.860039764887436,27.38643352760227,8.672347017100313,26.715048020972286,26.039489326101034,NORMAL,Pressure,0,Telemetry remains within the expected prototype operating envelope.
10.6,ramp,62.363046882240624,411.68925518178446,0.1916161274635356,302.9878094344024,0,normal,1.6023769221126685,False,1.5891294007024583,False,0.5285854436303943,False,1.644417555117022,False,0,NORMAL,0,27.4196080828635,27.227051045983696,10.032085855326823,28.027314789153667,26.329534843116058,NORMAL,Thrust,0,Telemetry remains within the expected prototype operating envelope.
10.7,ramp,63.81115925385201,411.886431176116,0.1724728868909995,303.80973460572324,0,normal,1.5193773509984934,False,1.5871725543018365,False,0.8994811315560336,False,1.630220271342578,False,0,NORMAL,0,26.204724216157025,27.19856437529874,16.464310502009162,27.82266104674055,26.632627442649337,NORMAL,Thrust,0,Telemetry remains within the expected prototype operating envelope.
10.8,ramp,61.960620451752725,415.496011665311,0.1818526167953524,305.39874117651425,0,normal,1.625442273801044,False,1.5513497625264858,False,0.1997626742797895,False,1.602773031627651,False,0,NORMAL,0,27.753655451520643,26.675101289671378,3.9164955756235686,27.42535781187616,25.544804429748947,NORMAL,Pressure,0,Telemetry remains within the expected prototype operating envelope.
10.9,ramp,62.71345569796272,423.4524429335208,0.1798542416893434,321.70609768146204,0,normal,1.5822929963140115,False,1.4723872400258362,False,0.3488394558603482,False,1.3210926840849315,False,0,NORMAL,0,27.127481930503684,25.507925439901978,6.7389738139271405,23.21942724989451,24.859821492822284,NORMAL,Pressure,0,Telemetry remains within the expected prototype operating envelope.
11.0,ramp,62.21634721785584,420.4013860757811,0.1670333864051914,305.5938156077134,0,normal,1.6107851157482092,False,1.5026670398077604,False,1.3052624202599543,False,1.5994034705611346,False,0,NORMAL,0,27.541559512877313,25.957683228369135,22.97595067878735,27.37643239026154,26.989030941771095,NORMAL,Pressure,0,Telemetry remains within the expected prototype operating envelope.
11.1,ramp,63.113160121454655,420.083985845369,0.1711676907894961,315.9497244069636,0,normal,1.5593836583561065,False,1.5058170353259477,False,0.9968474536036546,False,1.4205237122871044,False,0,NORMAL,0,26.792823607051808,26.004315130995725,18.075286681086055,24.731219779288416,25.7806542994456,NORMAL,Pressure,0,Telemetry remains within the expected prototype operating envelope.
11.2,ramp,65.08206774177995,426.21632339932,0.1820093321095245,311.27064570375103,0,normal,1.4465343441357,False,1.4449574833783083,False,0.1880718687894119,False,1.5013464081606356,False,0,NORMAL,0,25.121760783125392,25.098142547653545,3.691574014459975,25.938124120094088,23.84662080627779,NORMAL,Thrust,0,Telemetry remains within the expected prototype operating envelope.
11.3,ramp,64.87971578100355,420.804564094503,0.175313580117259,304.75966586279134,0,normal,1.45813228797473,False,1.4986657542688155,False,0.6875682617674325,False,1.6138119119281351,False,0,NORMAL,0,25.295246220543522,25.89840662299653,12.847754841664305,27.585409625176926,25.947862771023363,NORMAL,Thrust,0,Telemetry remains within the expected prototype operating envelope.
11.4,ramp,65.25693710237078,425.13499793170297,0.1752842382022369,317.17319067559765,0,normal,1.4365115847044698,False,1.4556889512549167,False,0.6897571392428135,False,1.399390525945647,False,0,NORMAL,0,24.971512927964532,25.258731525889942,12.885899608904117,24.41241268129748,24.07692420693337,NORMAL,Temperature,0,Telemetry remains within the expected prototype operating envelope.
11.5,ramp,63.92529024772726,424.8215478070625,0.1783237516681678,319.8853562422042,0,normal,1.5128358534405797,False,1.45879974448437,False,0.4630124786887242,False,1.3525427281947773,False,0,NORMAL,0,26.108114709586893,25.305217989798724,8.844422440553522,23.70086202804973,24.316653563430506,NORMAL,Pressure,0,Telemetry remains within the expected prototype operating envelope.
11.6,ramp,66.16940797487868,432.3031962431308,0.1689192579893851,327.9602488379872,0,normal,1.3842126798977532,False,1.3845491397772771,False,1.164578288737069,False,1.2130634353946124,False,0,NORMAL,0,24.18261271822142,24.187714448364872,20.777961164128357,21.542466890513733,23.65745547329465,NORMAL,Temperature,0,Telemetry remains within the expected prototype operating envelope.
11.7,ramp,64.72790867695058,437.9387121472041,0.1671895337542687,325.93080522660705,0,normal,1.4668332180789745,False,1.3286202268793366,False,1.293613984396844,False,1.2481184353633972,False,0,NORMAL,0,25.425133342107355,23.334934089241056,22.796299554894706,22.09060889756581,24.72044706220306,NORMAL,Pressure,0,Telemetry remains within the expected prototype operating envelope.
11.8,ramp,65.14504821007766,433.356994287693,0.181056312000203,329.8738835412148,0,normal,1.4429245746455996,False,1.3740908640755374,False,0.2591662145165961,False,1.1800088266901656,False,0,NORMAL,0,25.06768262782725,24.028975335722713,5.051281263131169,21.022072029582816,22.871369693010806,NORMAL,Pressure,0,Telemetry remains within the expected prototype operating envelope.
11.9,ramp,64.6718804707091,437.0071036978282,0.1780897517139327,323.9060871613418,0,normal,1.4700445138178295,False,1.3378658485237491,False,0.4804686409289723,False,1.283091809995079,False,0,NORMAL,0,25.473014354757094,23.4765663396156,9.162112862508831,22.633658320866136,23.622677619895033,NORMAL,Pressure,0,Telemetry remains within the expected prototype operating envelope.
12.0,ramp,65.24041146733562,439.4635598572772,0.1685294997927172,332.3760139350777,0,normal,1.437458763008583,False,1.3134870826897054,False,1.1936538598744284,False,1.136789009994145,False,0,NORMAL,0,24.985724652847296,23.102545890881633,21.237309493364044,20.336430655295167,24.08614695993471,NORMAL,Pressure,0,Telemetry remains within the expected prototype operating envelope.
12.1,ramp,67.6758994215666,441.7205707703216,0.1908160444637395,316.74071719074755,0,normal,1.2978670713569365,False,1.291087684140564,False,0.4689000531107309,False,1.4068607300512987,False,0,NORMAL,0,22.861942442772467,22.757281753012435,8.951696319236568,24.52525930260204,22.862334280733386,NORMAL,Thrust,0,Telemetry remains within the expected prototype operating envelope.
12.2,ramp,66.67168507451508,441.61891349354966,0.1663028164732656,328.95444677350054,0,normal,1.355424317428407,False,1.292096567989851,False,1.3597622055322662,False,1.195890448472012,False,0,NORMAL,0,23.744821914302538,22.772865966876278,23.810950510284812,21.27253356170217,23.492220377587135,NORMAL,Vibration,0,Telemetry remains within the expected prototype operating envelope.
12.3,ramp,69.30782558926961,440.9020996185891,0.1793319178323583,334.301490179766,0,normal,1.2043320842491136,False,1.2992104900262926,False,0.3878042924958456,False,1.103529859890663,False,0,NORMAL,0,21.405339139989,22.882665400015078,7.462929398941487,19.804755788160744,21.134855361131603,NORMAL,Temperature,0,Telemetry remains within the expected prototype operating envelope.
12.4,ramp,68.87956786449598,447.91487122931255,0.1850595126864954,321.59311832248625,0,normal,1.2288779745953102,False,1.2296131897497,False,0.0394685475653897,False,1.3230441999601013,False,0,NORMAL,0,21.790228806499922,21.80172816282967,0.7862636003647117,23.249389103736096,21.029518763853623,NORMAL,Thrust,0,Telemetry remains within the expected prototype operating envelope.
12.5,ramp,68.88982252589321,445.0472430819264,0.1875126739515176,324.67587492344074,0,normal,1.228290221521325,False,1.258072576185451,False,0.2224719211502285,False,1.2697951064921926,False,0,NORMAL,0,21.781034659434763,22.245558817135326,4.351902854436007,22.427641045936355,20.773503700341095,NORMAL,Thrust,0,Telemetry remains within the expected prototype operating envelope.
12.6,ramp,67.13894115403114,449.2976934387523,0.1836805710658866,323.1631952170319,0,normal,1.3286432091659526,False,1.2158895583694405,False,0.0633991163530165,False,1.2959239364648971,False,0,NORMAL,0,23.335286476134833,21.586800487487544,1.2599773009775994,22.83195868667285,21.206663217724014,NORMAL,Pressure,0,Telemetry remains within the expected prototype operating envelope.
12.7,ramp,68.19201123281117,452.0837107920144,0.1768017543768396,332.93062120524075,0,normal,1.2682857627375008,False,1.1882401071860758,False,0.576551952375762,False,1.127209163710546,False,0,NORMAL,0,22.404220840095256,21.151982962532067,10.891048472044417,20.18365139210141,21.092947616904567,NORMAL,Pressure,0,Telemetry remains within the expected prototype operating envelope.
12.8,ramp,67.32176471633893,451.6310771998526,0.1916866019200592,324.0241515829789,0,normal,1.31816454911264,False,1.1927322078529203,False,0.5338427675084729,False,1.2810524587790144,False,0,NORMAL,0,23.174449304978182,21.222789796609398,10.126634232130783,22.6020964561338,21.811914404847883,NORMAL,Pressure,0,Telemetry remains within the expected prototype operating envelope.
12.9,ramp,70.11309892332496,454.68288085198657,0.2034182393915356,328.0145382842564,0,normal,1.1581772811643902,False,1.162444996611364,False,1.409011173909613,False,1.2121256825412683,False,0,NORMAL,0,20.676476043183754,20.744153202089123,24.557713161599715,21.527750755439147,23.61929670674209,NORMAL,Vibration,0,Telemetry remains within the expected prototype operating envelope.
13.0,ramp,70.21069903335294,458.9091293075194,0.1788790856891793,335.4628284708017,0,normal,1.1525832627499182,False,1.1205021672807425,False,0.4215851168757958,False,1.0834698229782214,False,0,NORMAL,0,20.58767892843364,20.076513958096875,8.086017890661456,19.482365592858653,19.352341735861295,NORMAL,Pressure,0,Telemetry remains within the expected prototype operating envelope.
13.1,ramp,70.10169948728162,454.73968919498753,0.1878475783111747,341.8762855905102,0,normal,1.1588306477960746,False,1.1618812099196645,False,0.2474554509814669,False,0.9726888493800976,False,0,NORMAL,0,20.686840834700316,20.73521601989934,4.8286362319616805,17.678491506236405,19.071694064804376,NORMAL,Temperature,0,Telemetry remains within the expected prototype operating envelope.
13.2,ramp,71.57828616029063,460.03603642352095,0.1622922433635505,338.5896547359493,0,normal,1.0741990522270923,False,1.1093183305197871,False,1.6589469430182706,False,1.0294595050701505,False,0,NORMAL,0,19.332934995986072,19.897543630970304,28.236155022466257,18.60789444316342,25.885021972704344,NORMAL,Vibration,0,Telemetry remains within the expected prototype operating envelope.
13.3,ramp,70.56207695087387,463.7853159500876,0.1810570642108233,332.64152515891215,0,normal,1.1324437922053934,False,1.0721091146040247,False,0.2591101003576444,False,1.1322027796150222,False,0,NORMAL,0,20.267169452426735,19.299210121369793,5.050215663652569,20.263326036590733,18.850653255555862,NORMAL,Pressure,0,Telemetry remains within the expected prototype operating envelope.
13.4,ramp,70.43292687563289,464.9940710317015,0.1912197998679138,340.6103961628812,0,normal,1.1398461188925393,False,1.0601129888144296,False,0.4990198019101785,False,0.994554819736298,False,0,NORMAL,0,20.385123809095163,19.105358301936793,9.498518059400862,18.03771339309942,19.115167912720928,NORMAL,Pressure,0,Telemetry remains within the expected prototype operating envelope.
13.5,ramp,71.10727165009547,468.1657574222929,0.1772772069830439,331.4717526756592,0,normal,1.1011955775666624,False,1.02863601760213,False,0.5410836641080102,False,1.152408502077067,False,0,NORMAL,0,19.76730737911846,18.594488263427255,10.256692785062771,20.584903249793353,19.435483884138343,NORMAL,Thrust,0,Telemetry remains within the expected prototype operating envelope.
13.6,ramp,69.00942833801042,465.1920512595351,0.1850890880578812,341.1330720138524,0,normal,1.2214349309353845,False,1.058148160907544,False,0.0416748406517024,False,0.9855265314720972,False,0,NORMAL,0,21.673718360456217,19.073563245259308,0.8300328590103989,17.88958386768459,19.291270538382463,NORMAL,Pressure,0,Telemetry remains within the expected prototype operating envelope.
13.7,ramp,69.81997299971951,468.0015613218072,0.1692110946529839,346.5899327268112,0,normal,1.1749779980276995,False,1.030265559521373,False,1.1428075659004515,False,0.8912690457997833,False,0,NORMAL,0,20.942567154002333,18.62101467936822,20.432264894510578,16.326997320941572,20.290917504373503,NORMAL,Pressure,0,Telemetry remains within the expected prototype operating envelope.
13.8,ramp,71.59639632797963,467.2495021669446,0.1807388853742753,344.0521160465641,0,normal,1.0731610553281912,False,1.037729268555715,False,0.2828459229151785,False,0.9351052791141662,False,0,NORMAL,0,19.316186824927726,18.742401870548942,5.49988972737927,17.057372805109484,17.85940841865,NORMAL,Pressure,0,Telemetry remains within the expected prototype operating envelope.
13.9,ramp,72.06234383480042,475.8320612966662,0.1887105764201582,342.6701172311137,0,normal,1.0464549488229271,False,0.9525528250537671,False,0.3118342456384443,False,0.9589768309822806,False,0,NORMAL,0,18.884083771606274,17.34629746896332,6.046184518988074,17.452422854368866,17.50094095526265,NORMAL,Pressure,0,Telemetry remains within the expected prototype operating envelope.
14.0,ramp,73.78835374570687,472.28362226845184,0.1857696778978167,339.7620430808422,0,normal,0.9475274863190049,False,0.9877688266959966,False,0.0924461611154767,False,1.009208598288032,False,0,NORMAL,0,17.26318313761288,17.926398770864605,1.8319354946941258,18.277573175705708,16.719092989860478,NORMAL,Thrust,0,Telemetry remains within the expected prototype operating envelope.
14.1,ramp,71.79610131376583,472.6985491694167,0.1938494803174059,341.2104945452919,0,normal,1.0617148247078612,False,0.9836509409694558,False,0.6951913298764796,False,0.9841891960457888,False,0,NORMAL,0,19.13127013919572,17.85877698660333,12.980527102886441,17.867619096716368,18.37116750644988,NORMAL,Pressure,0,Telemetry remains within the expected prototype operating envelope.
14.2,ramp,72.05428585729683,479.915113556947,0.1812764841877714,347.8223466265662,0,normal,1.046916797426638,False,0.9120311269324068,False,0.2427415898214864,False,0.8699813051721631,False,0,NORMAL,0,18.891576080099494,16.673722084020216,4.738869004544199,15.969996049452817,17.203513733649885,NORMAL,Pressure,0,Telemetry remains within the expected prototype operating envelope.
14.3,ramp,74.11586284998631,480.3766864773776,0.1925424905835518,344.20484659821585,0,normal,0.9287560734617736,False,0.9074503091151506,False,0.5976912046517789,False,0.9324671326520706,False,0,NORMAL,0,16.951981944964846,16.597346603441544,11.26699251573543,17.01359829807072,16.468956837939565,NORMAL,Thrust,0,Telemetry remains within the expected prototype operating envelope.
14.4,ramp,72.82259470791975,481.4821375445004,0.1973490230524368,348.0518991858476,0,normal,1.0028806395047445,False,0.8964794099998875,False,0.9562537131964646,False,0.866016196255945,False,0,NORMAL,0,18.174080470039133,16.41414526933509,17.407453254628468,15.903331996344516,17.754315767180817,NORMAL,Pressure,0,Telemetry remains within the expected prototype operating envelope.
14.5,ramp,73.54985607500039,479.2335092920071,0.1898314547004842,347.2439888814554,0,normal,0.9611971467462136,False,0.9187956159718458,False,0.395450642816383,False,0.8799713983302665,False,0,NORMAL,0,17.48907105407127,16.786377799733664,7.604335419276531,16.137721947428684,16.444427979440963,NORMAL,Pressure,0,Telemetry remains within the expected prototype operating envelope.
14.6,ramp,72.8982208049343,490.120880322397,0.1811904596424676,359.6794700185683,0,normal,0.9985460769802478,False,0.8107453795052753,False,0.2491589347495025,False,0.6651707562090189,False,0,NORMAL,0,18.10311380067168,14.968556629915486,4.861055283787364,12.456480560075534,16.176079519450973,NORMAL,Pressure,0,Telemetry remains within the expected prototype operating envelope.
14.7,ramp,76.11968523726249,486.251871847858,0.1807805751979744,364.7394341666622,0,normal,0.8139055950090299,False,0.8491428291189799,False,0.2797359038186446,False,0.5777689471324622,False,0,NORMAL,0,15.02228318650618,15.619053802256422,5.4410920135591905,10.91273485807246,14.264461809251173,NORMAL,Temperature,0,Telemetry remains within the expected prototype operating envelope.
14.8,ramp,75.90330505544902,485.6595894333138,0.2075086697596299,352.0562777235862,0,normal,0.8263075761261033,False,0.8550208555743898,False,1.7141531828954557,False,0.7968477361281134,False,0,NORMAL,0,15.232800403378366,15.71819420266528,29.02415915064792,14.731880523117713,25.40256894740446,NORMAL,Vibration,0,Telemetry remains within the expected prototype operating envelope.
14.9,ramp,73.95652785723713,490.316586304922,0.1719316672036973,353.9902319644213,0,normal,0.9378884697598222,False,0.8088031220373592,False,0.9398555782094364,False,0.7634421438406782,False,0,NORMAL,0,17.103528986599446,14.935519622514825,17.136135841771573,14.160286799758392,16.680342031582896,NORMAL,Vibration,0,Telemetry remains within the expected prototype operating envelope.
15.0,ramp,73.2388762081006,489.2506610133514,0.1658334240976205,349.9608260714169,0,normal,0.9790211748284432,False,0.8193817529564686,False,1.3947784066694873,False,0.8330429066612982,False,0,NORMAL,0,17.78268283160821,15.115302518209294,24.342656720260113,15.346910550732362,22.174137722489945,NORMAL,Vibration,0,Telemetry remains within the expected prototype operating envelope.
15.1,ramp,76.22027922041892,491.6073889035682,0.1801188408970934,357.03722219763324,0,normal,0.8081399806669886,False,0.7959927267981336,False,0.3291006199523529,False,0.7108108502530264,False,0,NORMAL,0,14.924236919111156,14.717298268816393,6.370073307877256,13.25194342889331,14.011314790833337,NORMAL,Pressure,0,Telemetry remains within the expected prototype operating envelope.
15.2,ramp,77.80399888394312,496.66645875669377,0.1882294214908363,348.46954310197447,0,normal,0.7173679829860861,False,0.7457846745139508,False,0.275940569776867,False,0.8588021463633079,False,0,NORMAL,0,13.365632569375286,13.85660847572855,5.36928823658811,15.781908910431818,14.490916633591512,NORMAL,Thrust,0,Telemetry remains within the expected prototype operating envelope.
15.3,ramp,75.65123255753947,491.3715970486745,0.1890776716119276,350.1042074459812,0,normal,0.8407552872473685,False,0.7983328110670578,False,0.3392191793068648,False,0.8305662504720389,False,0,NORMAL,0,15.477385266520605,14.757202671867919,6.559361704806765,15.304968844486378,14.61895579091054,NORMAL,Pressure,0,Telemetry remains within the expected prototype operating envelope.
15.4,ramp,77.16056996520805,497.2265441312235,0.1767901700501057,360.8266843974198,0,normal,0.75424656046695,False,0.7402261832132979,False,0.5774161315486681,False,0.645354684557991,False,0,NORMAL,0,14.002272292837548,13.760789766371339,10.906448361185728,12.108838394144172,13.54458251161655,NORMAL,Pressure,0,Telemetry remains within the expected prototype operating envelope.
15.5,ramp,76.90909923819096,502.6040321997044,0.1761964628957384,358.7796092938062,0,normal,0.7686597806695806,False,0.6868580325574899,False,0.62170609068011,False,0.6807142369450981,False,0,NORMAL,0,14.249816168256146,12.835374348341622,11.69215329199269,12.728204189743941,13.769115959220755,NORMAL,Pressure,0,Telemetry remains within the expected prototype operating envelope.
15.6,ramp,76.76098916709769,501.3993276562589,0.17556834907587,360.8134871294048,0,normal,0.7771488127498413,False,0.6988139593306568,False,0.6685627526004334,False,0.6455826437026846,False,0,NORMAL,0,14.39527986100575,13.04355212961842,12.515849880153041,12.112845421604778,13.912840547737162,NORMAL,Pressure,0,Telemetry remains within the expected prototype operating envelope.
15.7,ramp,77.47840208177855,502.4588731841874,0.1769695596487039,358.0309998112113,0,normal,0.7360297909131427,False,0.6882986435101331,False,0.5640338471478896,False,0.6936451236382982,False,0,NORMAL,0,13.688380673366474,12.860484793609029,10.667673919712984,12.953612931247571,13.287335765507613,NORMAL,Pressure,0,Telemetry remains within the expected prototype operating envelope.
15.8,ramp,79.10364903782656,500.4699125817313,0.1926381364276993,359.2837704712133,0,normal,0.6428776274822766,False,0.7080378131240096,False,0.6048262888380218,False,0.6720057564733246,False,0,NORMAL,0,12.065285321940667,13.20381896868702,11.393525707465201,12.576070797224236,12.890868649236811,NORMAL,Temperature,0,Telemetry remains within the expected prototype operating envelope.
15.9,ramp,79.14504209648064,507.61255608697655,0.1797990964488499,361.2952034735606,0,normal,0.6405051554402281,False,0.6371516168527575,False,0.3529532355744471,False,0.6372618574858844,False,0,NORMAL,0,12.023550890926781,11.964524615074957,6.815673320641058,11.966465610986033,11.55770184239493,NORMAL,Pressure,0,Telemetry remains within the expected prototype operating envelope.
16.0,ramp,78.88147814424894,507.4303338076694,0.2056550841521871,365.1953772163395,0,normal,0.6556115072850406,False,0.638960057137713,False,1.5758775529045097,False,0.5698933483710178,False,0,NORMAL,0,12.288950406058873,11.99636023748396,27.03392001606644,10.772301176171585,23.00505704607401,NORMAL,Vibration,0,Telemetry remains within the expected prototype operating envelope.
16.1,ramp,78.40232170008322,513.3159789546547,0.1891570844401001,356.0087290607516,0,normal,0.6830746932518137,False,0.5805487705089232,False,0.3451432967583727,False,0.7285762252942983,False,0,NORMAL,0,12.769394718298388,10.96225046477024,6.670006807605544,13.559618860084887,12.660363458496594,NORMAL,Thrust,0,Telemetry remains within the expected prototype operating envelope.
16.2,ramp,78.38131494538868,513.6611541740114,0.1946408562660317,371.1888471257914,0,normal,0.6842787100562605,False,0.5771231258817877,False,0.7542271830987554,False,0.4663669008705284,False,0,NORMAL,0,12.7903976123374,10.901227225102438,14.001939010264996,8.905556789491042,13.178683412426887,NORMAL,Vibration,0,Telemetry remains within the expected prototype operating envelope.
16.3,ramp,78.8160162249419,512.6939942482884,0.1894276519102846,355.866011568163,0,normal,0.65936350287137,False,0.5867215733291707,False,0.3653273590669021,False,0.7310414141126443,False,0,NORMAL,0,12.354744011429574,11.072105133984135,7.0460030633918365,13.602226727785805,12.698016780012518,NORMAL,Thrust,0,Telemetry remains within the expected prototype operating envelope.
16.4,ramp,78.53037246011226,511.72984010484384,0.193356294222057,370.793054781665,0,normal,0.6757353745831747,False,0.5962901902981909,False,0.6584001410782307,False,0.4732035040326939,False,0,NORMAL,0,12.641258055761496,11.242125788609469,12.337855566319679,9.030026986466455,12.17630354599622,NORMAL,Pressure,0,Telemetry remains within the expected prototype operating envelope.
16.5,ramp,80.36523081091792,518.5436700015943,0.1890961101485088,364.1276327495169,0,normal,0.5705691877887967,False,0.528667260067209,False,0.3405946756700431,False,0.5883367197666302,False,0,NORMAL,0,10.78436108030193,10.033558014114707,6.585063620985066,11.100826809279951,10.584620759441613,NORMAL,Thrust,0,Telemetry remains within the expected prototype operating envelope.
16.6,ramp,80.18347442012445,519.374675806677,0.1828811144285222,367.39096846182383,0,normal,0.5809866821620625,False,0.5204200557151523,False,0.123037780862563,False,0.5319684458951244,False,0,NORMAL,0,10.970048256909005,9.88504123658821,2.4307258502186735,10.092937598307861,10.051172249417931,NORMAL,Pressure,0,Telemetry remains within the expected prototype operating envelope.
16.7,ramp,80.37422116851943,520.1292337482396,0.1838736190261839,368.3640735882122,0,normal,0.5700538991691314,False,0.512931547811271,False,0.048997931848026,False,0.5151597994346444,False,0,NORMAL,0,10.775166245824408,9.749974801037053,0.975172688506587,9.790185793382467,9.741776768551535,NORMAL,Pressure,0,Telemetry remains within the expected prototype operating envelope.
16.8,ramp,79.88011787125288,517.7759673423715,0.1756399093636504,367.6663776309464,0,normal,0.5983737744517306,False,0.5362862209378817,False,0.6632244267980333,False,0.5272112462563383,False,0,NORMAL,0,11.279104983189702,10.170543778923246,12.422396221245402,10.007355722800803,11.914005105598438,NORMAL,Vibration,0,Telemetry remains within the expected prototype operating envelope.
16.9,ramp,80.48646609667708,522.8114281121112,0.1994141397839177,368.8970179247858,0,normal,0.563620502783974,False,0.4863124737982073,False,1.110309353196993,False,0.5059541414911615,False,0,NORMAL,0,10.660288611749502,9.268219129826194,19.91341872781256,9.623944665900508,17.27198589741593,NORMAL,Vibration,0,Telemetry remains within the expected prototype operating envelope.
17.0,ramp,82.64937856261653,525.7853942491022,0.1786115154626168,372.45204275754753,0,normal,0.4396516654549232,False,0.4567977504137928,False,0.4415455878117949,False,0.4445474610085528,False,0,NORMAL,0,8.417532282463148,8.73105056855621,8.452215729894352,8.507162201974328,8.65962943806424,NORMAL,Temperature,0,Telemetry remains within the expected prototype operating envelope.
17.1,ramp,82.48852138441922,524.8741444802687,0.1806340985189777,384.4774562124192,0,normal,0.4488713068741574,False,0.4658413250956636,False,0.2906629173787017,False,0.2368300029223569,False,0,NORMAL,0,8.586248187173851,8.895980879697996,5.64751566595636,4.626173505950937,8.211030417696872,NORMAL,Temperature,0,Telemetry remains within the expected prototype operating envelope.
17.2,ramp,83.7487831789025,529.729203742719,0.1806608359225823,368.5232528635677,0,normal,0.3766385226757195,False,0.417657948236118,False,0.2886683338467052,False,0.5124102628319384,False,0,NORMAL,0,7.256048960950013,8.013797190469807,5.609869375297327,9.740565114028598,9.010641880183842,NORMAL,Thrust,0,Telemetry remains within the expected prototype operating envelope.
17.3,ramp,82.42509370298876,533.2086338894238,0.1903864178884418,372.1130976797073,0,normal,0.4525067086970396,False,0.3831268158745068,False,0.4368503408548712,False,0.4504021295622792,False,0,NORMAL,0,8.652689174273675,7.376320897464971,8.3662074621074,8.614231552254525,8.51257475831169,NORMAL,Pressure,0,Telemetry remains within the expected prototype operating envelope.
17.4,ramp,82.42545461006307,534.7202824758302,0.175526131708906,383.3108141363388,0,normal,0.452486023056224,False,0.3681246645966954,False,0.6717121258962044,False,0.2569816532127384,False,0,NORMAL,0,8.652311257959688,7.097992664885256,12.570936578712166,5.009787939959731,11.087573764795632,NORMAL,Vibration,0,Telemetry remains within the expected prototype operating envelope.
17.5,ramp,83.69012592027823,532.9888634852726,0.1925334673092507,374.5282380833451,0,normal,0.380000504386524,False,0.3853078974295126,False,0.5970180774255226,False,0.4086849089904013,False,0,NORMAL,0,7.318388693533406,7.416716045922566,11.255045990959312,7.848569814066153,10.276667941765679,NORMAL,Vibration,0,Telemetry remains within the expected prototype operating envelope.
17.6,ramp,82.37271149689421,535.8350317340127,0.1795674843367563,382.7143641681463,0,normal,0.4555090313931878,False,0.3570614868459477,False,0.3702312671823103,False,0.2672842570885622,False,0,NORMAL,0,8.707523530487716,6.892206800171774,7.137125942252231,5.205315731628213,8.10483034521426,NORMAL,Pressure,0,Telemetry remains within the expected prototype operating envelope.
17.7,ramp,83.30874094478068,539.576306610769,0.1918010261303702,387.3124811764491,0,normal,0.4018598503987836,False,0.3199317119910633,False,0.5423786990044006,False,0.1878600293452209,False,0,NORMAL,0,7.722696142027985,6.198218948302891,10.279933918037187,3.687493543333764,9.122187019998082,NORMAL,Vibration,0,Telemetry remains within the expected prototype operating envelope.
17.8,ramp,85.81838596490462,537.7452067979424,0.1982590600351979,391.4222003678976,0,normal,0.2580177947665073,False,0.338104213618642,False,1.0241415607288775,False,0.1168719982809005,False,0,NORMAL,0,5.029470561674421,6.538522760305343,18.521280653162876,2.3103334479258164,14.873798074074358,NORMAL,Vibration,0,Telemetry remains within the expected prototype operating envelope.
17.9,ramp,82.98665326297862,541.1175173253251,0.1824962974271516,393.2044596668296,0,normal,0.420320530643496,False,0.3046361753837622,False,0.1517447437792407,False,0.0860866641538086,False,0,NORMAL,0,8.062768319410363,5.9108298802393655,2.9893043136649866,1.70699615481118,6.874415541077751,NORMAL,Pressure,0,Telemetry remains within the expected prototype operating envelope.
18.0,ramp,82.52103155774455,542.2947083086776,0.1921392069862322,393.3990018039939,0,normal,0.4470079636034638,False,0.2929533032043803,False,0.5676066521711878,False,0.08272629751244,False,0,NORMAL,0,8.552174798668421,5.6907264868028555,10.73148451538869,1.6409138449793192,9.304303654013586,NORMAL,Vibration,0,Telemetry remains within the expected prototype operating envelope.
18.1,ramp,85.21399738072121,547.3347544299678,0.1779573811430151,382.8570069348481,0,normal,0.2926587482290529,False,0.2429340493654374,False,0.4903433529532773,False,0.264820359025941,False,0,NORMAL,0,5.6851704700026655,4.7425357167398925,9.341335422414643,5.158591332374929,8.25303590695358,NORMAL,Vibration,0,Telemetry remains within the expected prototype operating envelope.
18.2,ramp,84.4299361574601,545.8080388995066,0.1891784600491013,381.9822622849434,0,normal,0.3375977643811719,False,0.2580857304850627,False,0.3467378957826708,False,0.279930004597345,False,0,NORMAL,0,6.529055582072751,5.030760931139977,6.699766845037103,5.44476273384441,6.428978732332363,NORMAL,Vibration,0,Telemetry remains within the expected prototype operating envelope.
18.3,ramp,85.35021511542237,543.5706744441673,0.1995303166839627,388.5014002902182,0,normal,0.284851333707927,False,0.2802901504305694,False,1.1189760335917986,False,0.167323583167384,False,0,NORMAL,0,5.5377844356369055,5.451573223506712,20.052115449830477,3.291096721375797,16.037974902545425,NORMAL,Vibration,0,Telemetry remains within the expected prototype operating envelope.
18.4,ramp,84.30305181528803,549.8531213896466,0.2130955412677228,392.6594614285635,0,normal,0.3448702289963783,False,0.2179408581952868,False,2.1309282022730587,False,0.0955005316386091,False,0,NORMAL,0,6.664909585944523,4.265186058506931,34.70048914407151,1.8918855103813637,26.71353409480061,NORMAL,Vibration,0,Telemetry remains within the expected prototype operating envelope.
18.5,ramp,84.77063131887222,548.5915100927871,0.1883657015601912,393.9357609917772,0,normal,0.3180705834577644,False,0.2304615483209441,False,0.2861069264693189,False,0.0734547448536333,False,0,NORMAL,0,6.163297015047542,4.5046193343235,5.5615026722851795,1.4583563487935547,5.553823404695258,NORMAL,Pressure,0,Telemetry remains within the expected prototype operating envelope.
18.6,ramp,85.82309888824496,553.7999169007891,0.1905681011758768,387.8309392571183,0,normal,0.2577476702764399,False,0.1787714216918567,False,0.4504037321457978,False,0.1789045955013042,False,0,NORMAL,0,5.024339649909981,3.5122650165893776,8.614260842915101,3.514834910211506,7.407518334612088,NORMAL,Vibration,0,Telemetry remains within the expected prototype operating envelope.
18.7,ramp,87.50743895173169,556.8665975186263,0.2139165546169036,401.5389268623612,0,normal,0.1612085441558203,False,0.1483365660228568,False,2.192174975895548,False,0.0578763144876673,False,0,NORMAL,0,3.172748622540378,2.9231558326141105,35.4954869701523,1.150852728423779,26.81201289405042,NORMAL,Vibration,0,Telemetry remains within the expected prototype operating envelope.
18.8,ramp,84.00531275026682,556.1854480589716,0.1956158030408151,395.1116105798118,0,normal,0.3619353512791173,False,0.1550965414089568,False,0.8269572361103362,False,0.053144051301613,False,0,NORMAL,0,6.982921532203723,3.0543145650815062,15.243813659386385,1.0572524051531973,12.21308031776082,NORMAL,Vibration,0,Telemetry remains within the expected prototype operating envelope.
18.9,ramp,85.92562149997478,560.7055379417209,0.1782899934533198,386.3967879740285,0,normal,0.2518715152418608,False,0.1102375227057315,False,0.465530807708292,False,0.2036769877481412,False,0,NORMAL,0,4.912655694595136,2.180623469851606,8.890322827608198,3.991686330855737,7.526547566200014,NORMAL,Vibration,0,Telemetry remains within the expected prototype operating envelope.
19.0,ramp,85.62769039040319,563.4978442651994,0.185001401385477,389.2765852614936,0,normal,0.2689476446920196,False,0.0825256574908144,False,0.0351335027065774,False,0.1539336525521739,False,0,NORMAL,0,5.236846547077789,1.6369668119519232,0.7002071002960908,3.031764531403769,4.331956442289401,NORMAL,Pressure,0,Telemetry remains within the expected prototype operating envelope.
19.1,ramp,89.4183698394766,563.7230971319797,0.1937293058158942,386.3852144813063,0,normal,0.0516822068211227,False,0.0802901659793704,False,0.6862264324157669,False,0.2038768990857804,False,0,NORMAL,0,1.0283203940580021,1.592979034107922,12.824363014897322,3.995524884200208,10.036939850818813,NORMAL,Vibration,0,Telemetry remains within the expected prototype operating envelope.
19.2,ramp,86.9825698280831,567.6262641866259,0.1893015354751209,404.33729232081737,0,normal,0.1912917842468015,False,0.0415537141724229,False,0.3559191993064632,False,0.1062130608297435,False,0,NORMAL,0,3.753575046410673,0.8276304081164643,6.8709331958067725,2.1018577048064313,5.652081258349182,NORMAL,Vibration,0,Telemetry remains within the expected prototype operating envelope.
19.3,ramp,88.81791251486743,569.6005932064722,0.1766888600707535,392.0213050947992,0,normal,0.0860978373978223,False,0.0219597537147744,False,0.5849737545486775,False,0.1065235382078698,False,0,NORMAL,0,1.7072158049091124,0.4382320231360093,11.04101373113564,2.1079365477788103,8.51491875959713,NORMAL,Vibration,0,Telemetry remains within the expected prototype operating envelope.
19.4,ramp,87.72822588762726,569.415865251212,0.2139829071239454,397.11328250028254,0,normal,0.1485539868533685,False,0.0237930612407269,False,2.1971248064703244,False,0.0185687575037719,False,0,NORMAL,0,2.927377046451929,0.4747307990848548,35.55931265446857,0.37068640543758136,26.55511257963083,NORMAL,Vibration,0,Telemetry remains within the expected prototype operating envelope.
19.5,ramp,88.3507675177686,575.0034544934736,0.187716834474414,397.6971049727983,0,normal,0.1128725788940164,False,0.031660210005307,False,0.2377020916961295,False,0.0084842709769955,False,0,NORMAL,0,2.232161798711496,0.6312036869824733,4.642806944004752,0.16954153522695803,3.689449485534086,NORMAL,Vibration,0,Telemetry remains within the expected prototype operating envelope.
19.6,ramp,90.0456072985685,573.440713614933,0.198084175545044,400.23976093284654,0,normal,0.0157316541485821,False,0.0161510002070037,False,1.0110953529062807,False,0.0354355522200168,False,0,NORMAL,0,0.31413863179207135,0.32249885581350224,18.308405391302372,0.7062056099355729,13.61994774712035,NORMAL,Vibration,0,Telemetry remains within the expected prototype operating envelope.
19.7,ramp,88.64791120978057,576.7887026315383,0.1823806884345397,401.92737033059655,0,normal,0.0958415808307703,False,0.0493776629083969,False,0.1603690588482831,False,0.0645859789939916,False,0,NORMAL,0,1.8985772207967488,0.9826929634703774,3.1564902467316913,1.2834126882311003,2.692321308308217,NORMAL,Vibration,0,Telemetry remains within the expected prototype operating envelope.
19.8,ramp,88.00388009771443,580.2056468469686,0.1799562367283326,400.8623352918804,0,normal,0.1327546734426331,False,0.0832886621238897,False,0.3412307280974912,False,0.0461894081114141,False,0,NORMAL,0,2.620155754802378,1.6519759567272585,6.596946224581912,0.919534348205886,5.319518620856019,NORMAL,Vibration,0,Telemetry remains within the expected prototype operating envelope.
19.9,ramp,87.79838880098278,573.9401912393105,0.1886899351880735,406.1392814986893,0,normal,0.1445325505126591,False,0.0211079981152322,False,0.3102944303966552,False,0.1373391932434903,False,0,NORMAL,0,2.8492713662335745,0.42127011976248463,6.0172457597621465,2.709402797895455,4.960963872665091,NORMAL,Vibration,0,Telemetry remains within the expected prototype operating envelope.
20.0,ramp,91.11444561421388,579.1051066280554,0.1936422546576039,405.55006238070814,0,normal,0.0455295597793456,False,0.0723665000553221,False,0.679732503187087,False,0.1271614893414884,False,0,NORMAL,0,0.90645786937541,1.436906528388593,12.711066973766815,2.511162124703392,9.799182963868924,NORMAL,Vibration,0,Telemetry remains within the expected prototype operating envelope.
20.1,ramp,90.48368536252885,583.4112218504084,0.2070869056665941,400.69833400822137,0,normal,0.0093770957910217,False,0.1151019562760035,False,1.682690003942236,False,0.0433565799602348,False,0,NORMAL,0,0.1873661658549408,2.2757443632254515,28.576125857487057,0.8633828564892032,21.365960991134045,NORMAL,Vibration,0,Telemetry remains within the expected prototype operating envelope.
20.2,ramp,91.30689702889606,586.5262725685396,0.2068041901911732,405.7910321778018,0,normal,0.0565600469100943,False,0.1460168544419554,False,1.6615997126090245,False,0.1313238105719128,False,0,NORMAL,0,1.124826917356092,2.87810732753776,28.27421951307545,2.592284326275962,21.429318515870502,NORMAL,Vibration,0,Telemetry remains within the expected prototype operating envelope.
20.3,ramp,92.7747379563689,584.409818049764,0.1831164186378428,409.0609321617098,0,normal,0.1406903739706331,False,0.1250123887554158,False,0.1054843224991176,False,0.1878054704667996,False,0,NORMAL,0,2.7745886253615515,2.46925045438644,2.0875882392035194,3.6864425971338877,3.3602513057944994,NORMAL,Thrust,0,Telemetry remains within the expected prototype operating envelope.
20.4,ramp,91.14168332486472,583.8139935236358,0.1638719639095097,406.5848350967355,0,normal,0.0470907081725714,False,0.119099209094225,False,1.541101372344302,False,0.1450353328543763,False,0,NORMAL,0,0.9373929845088114,2.353838853974344,26.524654724421726,2.8590400092436297,20.100081645937117,NORMAL,Vibration,0,Telemetry remains within the expected prototype operating envelope.
20.5,ramp,92.3010913429955,589.2584129836495,0.1944983583014046,402.9743628665079,0,normal,0.1135429878006441,False,0.173131611263274,False,0.7435969776460801,False,0.0826708979874934,False,0,NORMAL,0,2.24526980582177,3.403369106107945,13.818909103284993,1.639824029612369,10.829185971057614,NORMAL,Vibration,0,Telemetry remains within the expected prototype operating envelope.
20.6,ramp,93.08204822227307,589.1051964789566,0.1798912533339963,414.4785720906237,0,normal,0.1583040763110443,False,0.1716110348526386,False,0.346078424235572,False,0.2813854874103652,False,0,NORMAL,0,3.116485955186876,3.3739881270752003,6.687460263650246,5.472283432604053,5.978743226992843,NORMAL,Vibration,0,Telemetry remains within the expected prototype operating envelope.
20.7,ramp,94.62131432208878,589.1536211083148,0.1692651945167481,400.77979401741055,0,normal,0.2465281869669941,False,0.1720916185158902,False,1.1387717702434386,False,0.0447636555762171,False,0,NORMAL,0,4.810984799092333,3.383275057303614,20.36801514415708,0.8912774746481333,15.816395685282204,NORMAL,Vibration,0,Telemetry remains within the expected prototype operating envelope.
20.8,ramp,93.10600586908686,592.4965421802824,0.1871003843643593,419.1240986104888,0,normal,0.1596772255565247,False,0.2052679850884035,False,0.1917155308469653,False,0.3616286294694408,False,0,NORMAL,0,3.1430894068107396,4.0222312652452015,3.761731519848399,6.977215283854732,6.101813338634495,NORMAL,Thrust,0,Telemetry remains within the expected prototype operating envelope.
20.9,ramp,92.17642505408718,599.014293521014,0.1984328211472159,415.2635645009397,0,normal,0.1063976524560718,False,0.2699525238655426,False,1.0371039656675758,False,0.2949448239520742,False,0,NORMAL,0,2.1054718735516564,5.255889737267616,18.7322391129233,5.728282781872562,14.96037023014147,NORMAL,Vibration,0,Telemetry remains within the expected prototype operating envelope.
21.0,ramp,94.20753252988888,598.3610702520687,0.1820049238506934,415.99192763112416,0,normal,0.222811994797991,False,0.2634696981697894,False,0.1884007204834404,False,0.307525991205357,False,0,NORMAL,0,4.358408112666368,5.13296815606269,3.697908043968967,5.965194242917049,5.553393131512401,NORMAL,Thrust,0,Telemetry remains within the expected prototype operating envelope.
21.1,ramp,93.17955982866935,595.8578851635655,0.2038912845474333,421.9060975270414,0,normal,0.163893022078105,False,0.2386271774200693,False,1.4442998687954989,False,0.409682673142323,False,0,NORMAL,0,3.2247207931971222,4.660448027597186,25.08829058904054,7.8669570581094135,19.880925323821476,NORMAL,Vibration,0,Telemetry remains within the expected prototype operating envelope.
21.2,ramp,91.89747386259089,599.7717410280975,0.1874766299857348,421.1837619760938,0,normal,0.0904093702551423,False,0.2774697088703468,False,0.2197830774000525,False,0.3972056215140195,False,0,NORMAL,0,1.7919377852380958,5.39822451576325,4.3004524638246,7.636760213080029,6.637539449068791,NORMAL,Thrust,0,Telemetry remains within the expected prototype operating envelope.
21.3,ramp,94.27456990339358,598.041827032096,0.1953250643539414,415.2694568743733,0,normal,0.2266542886410578,False,0.2603014121517861,False,0.8052684212378116,False,0.2950466041392016,False,0,NORMAL,0,4.4318765002675615,5.07283592835297,14.875362864045272,5.730201760944942,12.303635103820366,NORMAL,Vibration,0,Telemetry remains within the expected prototype operating envelope.
21.4,ramp,94.45259129113882,605.5451600618305,0.1874505405311563,422.9302467726485,0,normal,0.2368577087082194,False,0.3347672226663025,False,0.2178368302164987,False,0.427373015249622,False,0,NORMAL,0,4.626701985849491,6.4761259200640575,4.263194217947486,8.192354089992326,7.386388077207181,NORMAL,Thrust,0,Telemetry remains within the expected prototype operating envelope.
21.5,ramp,95.81660286479864,606.5122563346081,0.1934154054052761,423.5329575157156,0,normal,0.3150369838997983,False,0.3443650383986659,False,0.662809776147856,False,0.4377837627869906,False,0,NORMAL,0,6.106347144345037,6.655478707490669,12.41513309801412,8.383312463774983,11.00636026240135,NORMAL,Vibration,0,Telemetry remains within the expected prototype operating envelope.
21.6,ramp,94.17728300839816,605.6621396118617,0.180313406084838,419.0773508823884,0,normal,0.2210782223647477,False,0.3359281703374471,False,0.3145862517992637,False,0.3608211462765543,False,0,NORMAL,0,4.3252382109954635,6.497838663992461,6.097882586150261,6.962191203675405,6.615199965560203,NORMAL,Thrust,0,Telemetry remains within the expected prototype operating envelope.
21.7,ramp,95.89473463725407,608.3819750833435,0.1949364312691329,417.6531920609904,0,normal,0.3195151609607231,False,0.3629208084154067,False,0.7762767823183894,False,0.3362213558908049,False,0,NORMAL,0,6.190403977065017,7.001252594451346,14.380348574782575,6.503321199833145,12.328817628895232,NORMAL,Vibration,0,Telemetry remains within the expected prototype operating envelope.
21.8,ramp,96.4834006206314,610.6349547422581,0.1879920764332391,428.36601545092975,0,normal,0.3532549625863761,False,0.3852801993299436,False,0.2582348661758512,False,0.5212661738370071,False,0,NORMAL,0,6.821296396665478,7.4162031682985186,5.033593549509751,9.900289526298389,8.987684173161515,NORMAL,Thrust,0,Telemetry remains within the expected prototype operating envelope.
21.9,ramp,95.8487137047278,612.3039680311882,0.2004415451420871,425.0008828885278,0,normal,0.3168774390982236,False,0.4018440952448874,False,1.186952763993077,False,0.4631395418830729,False,0,NORMAL,0,6.140902196551801,7.722405372945196,21.131679457283383,8.846738914893015,17.57174266713062,NORMAL,Vibration,0,Telemetry remains within the expected prototype operating envelope.
22.0,ramp,94.9875144561454,616.9306477498018,0.1963340152392309,417.5837509327839,0,normal,0.2675172031956394,False,0.4477609503108049,False,0.8805351468387964,False,0.3350218848961631,False,0,NORMAL,0,5.209732039285642,8.565945561080667,16.147176861234126,6.48088919842399,13.680992530054318,NORMAL,Vibration,0,Telemetry remains within the expected prototype operating envelope.
22.1,ramp,98.28603320863904,619.2443522545536,0.197360540541514,430.31315412787495,0,normal,0.4565741072979034,False,0.4707229967180039,False,0.9571129063471184,False,0.5548995036209844,False,0,NORMAL,0,8.726968142809287,8.984885453306536,17.421644625372434,10.504326326945712,15.317378654480056,NORMAL,Vibration,0,Telemetry remains within the expected prototype operating envelope.
22.2,ramp,94.45739084972112,614.805543290594,0.1843124961988777,421.0830204520574,0,normal,0.2371327987576369,False,0.4266706394641701,False,0.0162581342906829,False,0.3954654922972481,False,0,NORMAL,0,4.631949090558296,8.179456490636083,0.324634604481977,7.604609824399688,7.131453594795108,NORMAL,Temperature,0,Telemetry remains within the expected prototype operating envelope.
22.3,ramp,95.7503802677598,615.9181604609255,0.1909901566078433,421.6205597379535,0,normal,0.3112413895384471,False,0.4377126575983481,False,0.4818886446914782,False,0.4047505197523812,False,0,NORMAL,0,6.0350436399821294,8.382009570140747,9.18790722782854,7.776029358532,8.71797630528085,NORMAL,Vibration,0,Telemetry remains within the expected prototype operating envelope.
22.4,ramp,96.54273666639084,620.4077974358465,0.1972919965468279,435.6388221147545,0,normal,0.3566558494555106,False,0.482269450550035,False,0.9519995929888048,False,0.6468908701546223,False,0,NORMAL,0,6.884652893308618,9.194823319847456,17.33715162728976,12.135837673647377,15.2549892902215,NORMAL,Vibration,0,Telemetry remains within the expected prototype operating envelope.
22.5,ramp,99.73300726676234,619.6514717901116,0.2010859080137519,431.2535267947641,0,normal,0.5395084351801606,False,0.4747633993059575,False,1.235021588904352,False,0.5711427555268741,False,0,NORMAL,0,10.228415080189624,9.058403286013284,21.88626792556857,10.794594735764507,18.773246241528973,NORMAL,Vibration,0,Telemetry remains within the expected prototype operating envelope.
22.6,ramp,97.41040605148356,623.9085252381726,0.1781810271979345,431.5852980249871,0,normal,0.4063869257472353,False,0.5170119486049475,False,0.4736595812327829,False,0.5768735087243971,False,0,NORMAL,0,7.806207591563874,9.823596011436852,9.038324474148041,10.896778997590562,10.369835717473556,NORMAL,Thrust,0,Telemetry remains within the expected prototype operating envelope.
22.7,ramp,97.003751622769,624.5056136996617,0.1957879760657915,435.1527099628496,0,normal,0.3830792433900777,False,0.5229376720211215,False,0.839801171346165,False,0.6384941542398289,False,0,NORMAL,0,7.375439625566171,9.930404792745806,15.46125485339549,11.988159625263052,13.965900808191988,NORMAL,Vibration,0,Telemetry remains within the expected prototype operating envelope.
22.8,ramp,99.07070615223564,629.0217186779181,0.1876853049744296,437.0450250815573,0,normal,0.5015481846279278,False,0.5677571430804251,False,0.2353500225733768,False,0.671180505343774,False,0,NORMAL,0,9.544270966913704,10.73417129496721,4.597939049709399,12.561640267110995,11.440893061758512,NORMAL,Thrust,0,Telemetry remains within the expected prototype operating envelope.
22.9,ramp,99.2063619737462,633.3977794765833,0.2098542457941789,433.5803054012717,0,normal,0.5093233927024146,False,0.6111867646821915,False,1.8891308060311824,False,0.61133368446972,False,0,NORMAL,0,9.684824078573905,11.50616991307496,31.465036933603642,11.508770173814586,26.06669410301074,NORMAL,Vibration,0,Telemetry remains within the expected prototype operating envelope.
23.0,ramp,97.98865314184528,629.9263021490895,0.1928724507647205,443.1483962641208,0,normal,0.4395295612490896,False,0.5767345589957084,False,0.6223059037192663,False,0.7766053003045684,False,0,NORMAL,0,8.41529573425628,10.89430278950716,11.702746296180832,14.385973909070914,13.323235929684923,NORMAL,Thrust,0,Telemetry remains within the expected prototype operating envelope.
23.1,ramp,100.99197776316124,632.4044043899635,0.1865665747075958,439.23258929964095,0,normal,0.6116672077277865,False,0.6013281484276639,False,0.1518938650507701,False,0.7089667553122997,False,0,NORMAL,0,11.514672753604016,11.331512439214354,2.9921975421791203,13.219943197661477,12.010566597587621,NORMAL,Thrust,0,Telemetry remains within the expected prototype operating envelope.
23.2,ramp,101.59794346709204,631.3377133995109,0.1926634348576099,437.0546119177941,0,normal,0.6463985549092137,False,0.590741918433899,False,0.6067135263735431,False,0.6713461007523368,False,0,NORMAL,0,12.127185874385438,11.143580559905041,11.42696368936178,12.56453609733792,12.302396757606289,NORMAL,Thrust,0,Telemetry remains within the expected prototype operating envelope.
23.3,ramp,99.74283171152273,632.3702737798822,0.1844584984548205,434.2190989615484,0,normal,0.5400715300873875,False,0.6009894238191482,False,0.0053665122153247,False,0.6223676979845534,False,0,NORMAL,0,10.23852449537932,11.325505395995972,0.10727266600126795,11.70383754222144,10.52781916115876,NORMAL,Thrust,0,Telemetry remains within the expected prototype operating envelope.
23.4,ramp,100.06200461187528,638.4910251338979,0.2066912262514753,441.46439175484426,0,normal,0.5583651475993016,False,0.6617339900976796,False,1.6531727158384055,False,0.7475171415160735,False,0,NORMAL,0,10.566336862329317,12.39628655499807,28.153231000628097,13.886451421891376,23.987301911394862,NORMAL,Vibration,0,Telemetry remains within the expected prototype operating envelope.
23.5,ramp,101.03203404544549,637.5268850665346,0.2151628196674801,437.49295163415127,0,normal,0.6139630614993559,False,0.6521655128248184,False,2.285145100562145,False,0.678917633490203,False,0,NORMAL,0,11.555293301463966,12.22847921191229,36.683803463527745,12.696839993205488,30.246358648677614,NORMAL,Vibration,0,Telemetry remains within the expected prototype operating envelope.
23.6,ramp,102.03449182793646,639.4275463228936,0.1842650577772764,446.40617048216336,0,normal,0.6714196288472569,False,0.6710283675598313,False,0.0197969930336294,False,0.8328775093333907,False,0,NORMAL,0,12.565821880501616,12.558979690977512,0.39515705229716813,15.344110225457186,13.549277670855101,NORMAL,Thrust,0,Telemetry remains within the expected prototype operating envelope.
23.7,ramp,101.93169152022226,643.8574713915209,0.2012706300344138,433.2072709269464,0,normal,0.6655275574735486,False,0.7149925577999088,False,1.2488016666507828,False,0.60489018270771,False,0,NORMAL,0,12.462727464870039,13.324464099210875,22.101254196945565,11.394657982335044,19.55308680555875,NORMAL,Vibration,0,Telemetry remains within the expected prototype operating envelope.
23.8,ramp,102.22707272555024,648.128782612783,0.1943540819985121,445.9134760042991,0,normal,0.6824575373825871,False,0.7573826064343728,False,0.73283410993977,False,0.8243670955385448,False,0,NORMAL,0,12.758627077775643,14.056193946428142,13.633198160741767,15.199896197738349,14.74912512451477,NORMAL,Thrust,0,Telemetry remains within the expected prototype operating envelope.
23.9,ramp,99.71817871218524,649.224162539016,0.203410111250207,441.6771980556263,0,normal,0.5386585262267736,False,0.7682535558784439,False,1.408404822706649,False,0.7511929888396655,False,0,NORMAL,0,10.213154248437995,14.242849115137613,24.548563702556613,13.949736207933084,21.465067943142515,NORMAL,Vibration,0,Telemetry remains within the expected prototype operating envelope.
24.0,ramp,103.2346178164814,646.8866183188165,0.1899720240228765,436.13888506794086,0,normal,0.7402056873638102,False,0.7450549154501338,False,0.4059369734898336,False,0.6555285611503421,False,0,NORMAL,0,13.760436256472207,13.84403477402303,7.797910657244522,12.287495335482824,13.171486842646946,NORMAL,Temperature,0,Telemetry remains within the expected prototype operating envelope.
24.1,ramp,104.2134084016172,653.7713746872643,0.2053475191768524,449.0683282799159,0,normal,0.7963057527796348,False,0.8133817458253508,False,1.5529335137639435,False,0.8788615125320065,False,0,NORMAL,0,14.722637241973812,15.01337961858491,26.69832329150359,16.1191043708827,23.702336535235023,NORMAL,Vibration,0,Telemetry remains within the expected prototype operating envelope.
24.2,ramp,102.36477630647234,654.1496558265399,0.1817216611123196,446.1289956242328,0,normal,0.6903501142167329,False,0.8171359456625276,False,0.2095318370848649,False,0.8280898105860004,False,0,NORMAL,0,12.896230292589806,15.077167019802673,4.104043376980792,15.263010023833868,14.063245952897638,NORMAL,Thrust,0,Telemetry remains within the expected prototype operating envelope.
24.3,ramp,103.43710392344278,651.8182047267134,0.2169390193581306,443.66880068968936,0,normal,0.7518113198850432,False,0.7939977755805737,False,2.4176478186606403,False,0.7855943537671853,False,0,NORMAL,0,13.960377059875729,14.683264513768691,38.33967937962427,14.539753445939796,32.05406060668652,NORMAL,Vibration,0,Telemetry remains within the expected prototype operating envelope.
24.4,ramp,103.10284926499692,651.345370062625,0.1947753214692013,453.0480323985804,0,normal,0.7326532808835186,False,0.7893051921165092,False,0.7642581525913311,False,0.9476037663070124,False,0,NORMAL,0,13.630074578805063,14.603155747511455,14.17429484808329,17.264445360664226,16.44318690624985,NORMAL,Thrust,0,Telemetry remains within the expected prototype operating envelope.
24.5,ramp,102.96369275225796,658.8563861356223,0.1884517960451266,451.405095511136,0,normal,0.7246774282483904,False,0.8638472519513627,False,0.2925294888238104,False,0.9192249770590012,False,0,NORMAL,0,13.49218987378108,15.866843885028391,5.682732222732046,16.793523231191053,15.451377906388284,NORMAL,Thrust,0,Telemetry remains within the expected prototype operating envelope.
24.6,ramp,104.42555533289116,658.2169367309979,0.1910794691651901,457.3529493640676,0,normal,0.8084651021879504,False,0.8575011231030651,False,0.4885512720250338,False,1.0219634889642728,False,0,NORMAL,0,14.929768731556049,15.759992120041911,9.308836065860948,18.485779621739752,17.13313970131072,NORMAL,Thrust,0,Telemetry remains within the expected prototype operating envelope.
24.7,ramp,104.5983997503254,665.731225834731,0.2147801524029848,453.3888925482549,0,normal,0.8183718005890954,False,0.9320756656873338,False,2.2565985058634506,False,0.9534915142933056,False,0,NORMAL,0,15.098154886203352,17.00710075675902,36.32127719916759,17.36181324070374,31.115310461706883,NORMAL,Vibration,0,Telemetry remains within the expected prototype operating envelope.
24.8,ramp,106.21378865774304,660.3795766533958,0.2013571388514897,454.1269614717643,0,normal,0.9109589430834768,False,0.878963949560884,False,1.25525513776801,False,0.9662403317255808,False,0,NORMAL,0,16.65585195020721,16.12082285522456,22.20173280064165,17.572252672489096,20.779309094791294,NORMAL,Vibration,0,Telemetry remains within the expected prototype operating envelope.
24.9,ramp,104.50630673985673,660.5141128708298,0.1996653511374934,448.0522181598295,0,normal,0.8130934254288807,False,0.8802991359953759,False,1.129049468591221,False,0.8613100319054097,False,0,NORMAL,0,15.008478802069137,16.143218732716303,20.213023269629026,15.824140185031531,19.017490461835393,NORMAL,Vibration,0,Telemetry remains within the expected prototype operating envelope.
25.0,ramp,105.9913663509665,666.6938657659767,0.210235273271409,446.893238785906,0,normal,0.8982106533577731,False,0.9416292550628522,False,1.917555074242101,False,0.841290741056978,False,0,NORMAL,0,16.44308175060003,17.16552537227879,31.853542822154466,15.48643637307845,27.78780413723518,NORMAL,Vibration,0,Telemetry remains within the expected prototype operating envelope.
25.1,ramp,106.06524467186112,670.8514088657103,0.207865067131756,463.15372093288033,0,normal,0.9024450408743068,False,0.9828902274125818,False,1.7407400699321136,False,1.1221614181027773,False,0,NORMAL,0,16.513814269794004,17.846278847492158,29.40056285608177,20.103032179798387,26.448438569855202,NORMAL,Vibration,0,Telemetry remains within the expected prototype operating envelope.
25.2,ramp,107.43332541771304,666.4585755817337,0.1991814963301073,459.7573899034708,0,normal,0.9808575435096628,False,0.9392941495562284,False,1.0929543845299217,False,1.0634958885643797,False,0,NORMAL,0,17.812873548400542,17.12683088984389,19.634955713970314,19.160071483563357,19.21451023221129,NORMAL,Vibration,0,Telemetry remains within the expected prototype operating envelope.
25.3,ramp,106.53403060857715,669.3004500604129,0.2001076064857897,455.4610278347368,0,normal,0.9293138339697564,False,0.967497947201453,False,1.162041274665344,False,0.98928393641118,False,0,NORMAL,0,16.961245609212096,17.592982547494728,20.737753478781173,17.95126510526832,19.88832385102394,NORMAL,Vibration,0,Telemetry remains within the expected prototype operating envelope.
25.4,ramp,106.98949094585303,672.5750847382218,0.2014360436813691,460.527964148694,0,normal,0.9554188610343,False,0.9999966147210269,False,1.261141359055602,False,1.0768061771532191,False,0,NORMAL,0,17.3936615900146,18.12686925954299,22.293266474629537,19.37498585502694,21.24464173669043,NORMAL,Vibration,0,Telemetry remains within the expected prototype operating envelope.
25.5,ramp,105.60477349291784,672.6403508117836,0.19349990275616,458.3329414831082,0,normal,0.8760528139228838,False,1.0006443390120348,False,0.6691131939015985,False,1.038891095875713,False,0,NORMAL,0,16.071971903055314,18.137474815692812,12.525480327928351,18.761281136512142,17.925750954761895,NORMAL,Thrust,0,Telemetry remains within the expected prototype operating envelope.
25.6,ramp,106.79276776267692,674.955877996708,0.2005606734451334,461.5485561782913,0,normal,0.944143534511356,False,1.0236244743612832,False,1.195839616096016,False,1.09443507473138,False,0,NORMAL,0,17.207168704540653,18.512853910430348,21.27173317679859,19.658751337124624,20.53354593869733,NORMAL,Vibration,0,Telemetry remains within the expected prototype operating envelope.
25.7,ramp,108.6750996141988,679.6835224275183,0.183414638262309,460.9113147347668,0,normal,1.052030698127685,False,1.0705433400133364,False,0.0832374371741847,False,1.0834278712507828,False,0,NORMAL,0,18.974489756829637,19.273934314706676,1.6509683770489114,19.48169001925397,17.85894322845101,NORMAL,Thrust,0,Telemetry remains within the expected prototype operating envelope.
25.8,ramp,107.1273750872944,680.073562710996,0.2034169665979888,469.7136014415264,0,normal,0.963321786820608,False,1.074414241881531,False,1.408916224785695,False,1.2354715932346878,False,0,NORMAL,0,17.52412481112492,19.336406664847374,24.556280512188543,21.893297912749787,23.251216949252232,NORMAL,Vibration,0,Telemetry remains within the expected prototype operating envelope.
25.9,ramp,107.60752199741243,685.8713068723508,0.201176599853915,472.208160197964,0,normal,0.9908417420346142,False,1.1319531671058538,False,1.2417871093546822,False,1.2785606234687343,False,0,NORMAL,0,17.976824319555718,20.259345282974827,21.99189245931891,22.56351427709029,21.910547209765916,NORMAL,Thrust,0,Telemetry remains within the expected prototype operating envelope.
26.0,ramp,110.06648331871004,684.4332925900148,0.1954476376381607,463.1860377728276,0,normal,1.1317788261000885,False,1.1176817894872346,False,0.814412265486185,False,1.1227196335747371,False,0,NORMAL,0,20.256564821311507,20.03141835558654,15.030893890284958,20.11195162661179,19.766964644559522,NORMAL,Pressure,0,Telemetry remains within the expected prototype operating envelope.
26.1,ramp,109.0382441588424,688.031731777806,0.1946438211190194,469.54737188158987,0,normal,1.072844581116843,False,1.1533940109285838,False,0.7544483581624044,False,1.2326002756057028,False,0,NORMAL,0,19.31107979407645,20.600554563450146,14.005743051451091,21.848431201195815,20.83098853416746,NORMAL,Thrust,0,Telemetry remains within the expected prototype operating envelope.
26.2,ramp,110.6857111639356,691.4434981762345,0.1975428609753915,462.8125199562368,0,normal,1.1672703021645356,False,1.187253623601827,False,0.9707138281245672,False,1.116267782941634,False,0,NORMAL,0,20.820603042306907,21.136424972920796,17.6459677373333,20.0087999379007,20.70470835531392,NORMAL,Temperature,0,Telemetry remains within the expected prototype operating envelope.
26.3,ramp,110.15613487129905,692.9546508629301,0.2054832978432057,462.5645107806827,0,normal,1.1369172673982089,False,1.2022508533902478,False,1.5630624662946206,False,1.111983869068612,False,0,NORMAL,0,20.338474117606665,21.372617603649534,26.846666825071154,19.940235487341763,25.1939079142423,NORMAL,Vibration,0,Telemetry remains within the expected prototype operating envelope.
26.4,ramp,111.3502743697702,692.0345026995636,0.1933710663202161,474.04032277765367,0,normal,1.205360206058635,False,1.1931189677992722,False,0.6595021248069768,False,1.3102079473035428,False,0,NORMAL,0,21.421498455546008,21.228883134858844,12.35717388875236,23.05209791754136,21.814083318613008,NORMAL,Thrust,0,Telemetry remains within the expected prototype operating envelope.
26.5,ramp,108.02198880203984,690.5840283691734,0.2079370751794317,469.0711844035524,0,normal,1.0145971961689215,False,1.1787239321244625,False,1.7461117981742795,False,1.224374990638861,False,0,NORMAL,0,18.365599592490646,21.001773759488884,29.476370325155386,21.719761611013322,27.08394742406397,NORMAL,Vibration,0,Telemetry remains within the expected prototype operating envelope.
26.6,ramp,109.05984496014058,698.306689965586,0.2086936415980427,470.04369875210085,0,normal,1.0740826461169204,False,1.2553664392379356,False,1.8025508953184144,False,1.2411734324713115,False,0,NORMAL,0,19.331056946273286,22.203464593665856,30.267952300266554,21.98231751727623,27.88033823895293,NORMAL,Vibration,0,Telemetry remains within the expected prototype operating envelope.
26.7,ramp,110.26824275071232,697.6251083051678,0.2184844990936502,467.223790738373,0,normal,1.1433428087389457,False,1.2486021745340052,False,2.5329390591672167,False,1.192464577108742,False,0,NORMAL,0,20.44078205070584,22.09814609780293,39.74519175067013,21.218573043078905,34.89086027038314,NORMAL,Vibration,0,Telemetry remains within the expected prototype operating envelope.
26.8,ramp,110.9905206945443,697.8143892993113,0.211097990521892,478.2672508432868,0,normal,1.1847406731164003,False,1.250480668076546,False,1.9819129171362135,False,1.383220551535526,False,0,NORMAL,0,21.09677895907901,22.1274082264882,32.725073602316165,24.167567109498833,30.03152028252645,NORMAL,Vibration,0,Telemetry remains within the expected prototype operating envelope.
26.9,ramp,111.1792299316032,701.7601923535203,0.1996489198352838,474.81005601629374,0,normal,1.1955566747252695,False,1.2896402550758082,False,1.127823709901964,False,1.323503709011428,False,0,NORMAL,0,21.2672779539968,22.734917845065294,20.193460955856036,23.256442299710734,22.768746162092,NORMAL,Thrust,0,Telemetry remains within the expected prototype operating envelope.
27.0,ramp,112.6702455004012,698.3628745652853,0.2184051038580398,472.5689436117164,0,normal,1.281015272525304,False,1.2559240356738748,False,2.527016254103223,False,1.2847925101232387,False,0,NORMAL,0,22.601520826377673,22.21213992409773,39.67377396297187,22.65996923535669,35.163350921452064,NORMAL,Vibration,0,Telemetry remains within the expected prototype operating envelope.
27.1,ramp,111.49339072762312,702.6666505596538,0.202787994564035,477.60126809744537,0,normal,1.2135630199797651,False,1.2986362765438373,False,1.3619955409540845,False,1.371716893585254,False,0,NORMAL,0,21.55030573371681,22.873808528799668,23.844974051717116,23.9928961771808,23.66830615816628,NORMAL,Thrust,0,Telemetry remains within the expected prototype operating envelope.
27.2,ramp,111.65549351910688,704.7534077742769,0.1960737967944732,476.71740880719886,0,normal,1.2228540545937376,False,1.3193460153649883,False,0.8611231114627895,False,1.3564498089428132,False,0,NORMAL,0,21.695946141779064,23.192600519481843,15.820993288415053,23.760460118174464,22.835424082750315,NORMAL,Thrust,0,Telemetry remains within the expected prototype operating envelope.
27.3,ramp,111.9498170591792,710.9997145438217,0.2146930144071721,477.4241938247797,0,normal,1.2397234136805777,False,1.3813366393281266,False,2.250098098642566,False,1.3686582529864415,False,0,NORMAL,0,21.959688815108592,24.138989396838895,36.23843583467325,23.946386270212084,32.85478957026048,NORMAL,Vibration,0,Telemetry remains within the expected prototype operating envelope.
27.4,ramp,110.61383934278744,707.4602142575052,0.2086291475831167,479.4524840553437,0,normal,1.1631509185811657,False,1.3462093490169502,False,1.7977397063942393,False,1.4036933303694263,False,0,NORMAL,0,20.75534210091956,23.60415451810355,30.200821196293294,24.477432421581803,28.296336923319235,NORMAL,Vibration,0,Telemetry remains within the expected prototype operating envelope.
27.5,ramp,112.78625056671736,710.6892061024163,0.2161147718272926,479.03994795326577,0,normal,1.2876641838529512,False,1.378255040434778,False,2.3561597783254857,False,1.3965675088071168,False,0,NORMAL,0,22.704375549011992,24.092220344708803,37.576723270953174,24.369723620344264,33.93988636980866,NORMAL,Vibration,0,Telemetry remains within the expected prototype operating envelope.
27.6,ramp,112.51536713410135,708.0891593687489,0.2027815298060082,486.8760021610474,0,normal,1.272138310882164,False,1.3524512294309357,False,1.3615132764795932,False,1.5319212966477034,False,0,NORMAL,0,22.463986107288758,23.699465759912776,23.83762832475074,26.38962896138689,25.587445875818652,NORMAL,Thrust,0,Telemetry remains within the expected prototype operating envelope.
27.7,ramp,113.30532381444928,711.2062674071173,0.1911206802012291,479.8489155793806,0,normal,1.3174152292712369,False,1.3833865451924194,False,0.491625574041617,False,1.410540974218614,False,0,NORMAL,0,23.16293506032204,24.17008460827903,9.364581331960132,24.58079195756818,23.08937415625564,NORMAL,Thrust,0,Telemetry remains within the expected prototype operating envelope.
27.8,ramp,113.34014105194746,719.7579966719512,0.1999662834157641,492.41532296423856,0,normal,1.319410803534934,False,1.4682570218836424,False,1.1514987151733098,False,1.6276031325430609,False,0,NORMAL,0,23.19359575520401,25.44636631458119,20.57045177205992,27.784871534719436,26.547253968017028,NORMAL,Thrust,0,Telemetry remains within the expected prototype operating envelope.
27.9,ramp,113.78456204139894,716.5552807907118,0.2158631438665149,488.404947503993,0,normal,1.3448831026753418,False,1.4364721027018472,False,2.3373885844512103,False,1.558331086330297,False,0,NORMAL,0,23.58388788825112,24.970920470640735,37.34193092751317,26.77741081960989,34.131243237159865,NORMAL,Vibration,0,Telemetry remains within the expected prototype operating envelope.
28.0,ramp,115.48310253774235,718.8484927009187,0.2149044174589909,483.1788486382742,0,normal,1.4422361365146206,False,1.459230773135157,False,2.265868554592848,False,1.468059597855654,False,0,NORMAL,0,25.057364664611292,25.311656830484385,36.439228796353376,25.44342252073134,33.50752008869548,NORMAL,Vibration,0,Telemetry remains within the expected prototype operating envelope.
28.1,ramp,115.00165442286708,722.887949013982,0.2124835927838771,480.9859397152594,0,normal,1.4146416018419343,False,1.4993198091939612,False,2.08527745823081,False,1.4301810276915126,False,0,NORMAL,0,24.642619818364864,25.90809929145084,34.101564919693196,24.876458342814388,31.749782155378867,NORMAL,Vibration,0,Telemetry remains within the expected prototype operating envelope.
28.2,ramp,113.45097787862557,726.8916352066569,0.2035110964471749,495.5361669368352,0,normal,1.3257634936011768,False,1.5390538495466737,False,1.4159382172660524,False,1.6815101170724598,False,0,NORMAL,0,23.291119244688595,26.494560073990925,24.662159193042832,28.55926945044208,27.57664708947674,NORMAL,Thrust,0,Telemetry remains within the expected prototype operating envelope.
28.3,ramp,115.63171214179394,724.3142487752943,0.1976720490212293,489.9340412646378,0,normal,1.4507537996749758,False,1.5134749276382429,False,0.9803511269651464,False,1.5847434396625584,False,0,NORMAL,0,25.18492320851935,26.117558585501456,17.804548942719588,27.16318717585997,26.079715731661516,NORMAL,Thrust,0,Telemetry remains within the expected prototype operating envelope.
28.4,ramp,115.24923482130936,722.5636216878937,0.2112147787137716,494.3125835725356,0,normal,1.4288318451475142,False,1.4961010666546837,False,1.9906251992896853,False,1.6603749081133112,False,0,NORMAL,0,24.85618453342099,25.860387385339035,32.84219516120231,28.256647349237006,31.131275617336442,NORMAL,Vibration,0,Telemetry remains within the expected prototype operating envelope.
28.5,ramp,114.56244574010302,732.0900986079818,0.2237810167872019,491.01612365285735,0,normal,1.3894680496966163,False,1.59064529418543,False,2.928053974762859,False,1.603434472945056,False,0,NORMAL,0,24.262260534485858,27.249110909585582,44.32343117375499,27.434957950257164,39.59633431264806,NORMAL,Vibration,0,Telemetry remains within the expected prototype operating envelope.
28.6,ramp,116.5676733116072,728.3699549678205,0.2294751025103547,489.0850731197828,0,normal,1.504399067263967,False,1.5537252334208032,False,3.3528270672113067,False,1.570079037003372,False,0,NORMAL,0,25.98332745157674,26.709929248279106,48.858066734261065,26.949251935628517,43.00154372212242,NORMAL,Vibration,1,Telemetry remains within the expected prototype operating envelope.
28.7,ramp,116.5219788378047,729.4550671703942,0.1915166568087782,501.6955714148928,0,normal,1.5017800566110335,False,1.5644942822346606,False,0.5211650324031147,False,1.7879027867555597,False,0,NORMAL,0,25.94454720509575,26.86761224763041,9.898466945082484,30.063364242781898,27.658910938859904,NORMAL,Thrust,0,Telemetry remains within the expected prototype operating envelope.
28.8,ramp,117.52992404219346,732.2842762093336,0.2174678709603517,491.23503152584544,0,normal,1.5595511393742898,False,1.5925723834417815,False,2.457099618553353,False,1.6072157139895145,False,0,NORMAL,0,26.795275728471314,27.277144998170687,38.82428712671063,27.489814388179546,35.76960732849598,NORMAL,Vibration,0,Telemetry remains within the expected prototype operating envelope.
28.9,ramp,117.15776623481284,738.0970115216073,0.21506888126538,493.3390450970178,0,normal,1.5382206549416408,False,1.6502600863092267,False,2.2781373898426747,False,1.6435587763235355,False,0,NORMAL,0,26.482310186167844,28.111366203954912,36.59500092998056,28.014952004340444,34.217068170376194,NORMAL,Vibration,0,Telemetry remains within the expected prototype operating envelope.
29.0,ramp,118.87692831295328,739.0768167322365,0.2135028742327851,499.1566504643041,0,normal,1.6367556291319607,False,1.6599840301708022,False,2.161314833531907,False,1.744047479150778,False,0,NORMAL,0,27.916940365279174,28.251038551189744,35.09613213214615,29.447247659652987,33.374729772868456,NORMAL,Vibration,0,Telemetry remains within the expected prototype operating envelope.
29.1,ramp,117.97008121835468,740.0830659344273,0.2181716752379905,506.48879645619184,0,normal,1.5847790550805525,False,1.6699704138384048,False,2.509602712821057,False,1.870697155976219,False,0,NORMAL,0,27.16370599671899,28.394198070367327,39.463309036236126,31.211900692694826,36.69654833070499,NORMAL,Vibration,0,Telemetry remains within the expected prototype operating envelope.
29.2,ramp,118.71799230256224,740.7942407453685,0.2010936706032618,492.8282144072328,0,normal,1.6276461007861902,False,1.67702837174916,False,1.2356006703077322,False,1.634735091982639,False,0,NORMAL,0,27.78549212349237,28.495204910629546,21.895314243621588,27.887805178837265,27.80246713186002,NORMAL,Temperature,0,Telemetry remains within the expected prototype operating envelope.
29.3,ramp,117.25544177824948,742.3556170572446,0.213935078397966,491.3182193692217,0,normal,1.5438189968745697,False,1.6925240390907614,False,2.193556831411653,False,1.6086526348433907,False,0,NORMAL,0,26.564579553507517,28.716464780209684,35.51331169034885,27.510649673735333,33.43534059728437,NORMAL,Vibration,0,Telemetry remains within the expected prototype operating envelope.
29.4,ramp,118.27840649922224,746.2871325582029,0.1974130057589252,497.46768167935335,0,normal,1.602450933711897,False,1.731541831206488,False,0.9610267590232592,False,1.7148735714000407,False,0,NORMAL,0,27.420682433087716,29.270565222468715,17.486259236301226,29.034384449981655,28.056907887015605,NORMAL,Temperature,0,Telemetry remains within the expected prototype operating envelope.
29.5,ramp,118.33377372964526,749.417483454732,0.2058573707182743,508.2189243184612,0,normal,1.605624345160469,False,1.762608573916844,False,1.5909679281491698,False,1.9005820129970064,False,0,NORMAL,0,27.46673262538042,29.70866939651736,27.253805139674714,31.621818940047408,30.708647094922554,NORMAL,Thrust,0,Telemetry remains within the expected prototype operating envelope.
29.6,ramp,119.20132313818915,748.124811452646,0.209818806245021,503.2915227757246,0,normal,1.6553485449125742,False,1.749779626036843,False,1.8864870511559133,False,1.8154699852677143,False,0,NORMAL,0,28.184489456603867,29.528085061539322,31.4287894229482,30.44789465033263,30.892773251665933,NORMAL,Vibration,0,Telemetry remains within the expected prototype operating envelope.
29.7,ramp,120.17728377470388,752.1917749170689,0.2026305126581823,507.1930030597911,0,normal,1.7112864098483611,False,1.7901416530868255,False,1.3502475484920575,False,1.8828610625409368,False,0,NORMAL,0,28.98345315677008,30.094672988472894,23.66582994160986,31.37904370161293,30.38214088753916,NORMAL,Thrust,0,Telemetry remains within the expected prototype operating envelope.
29.8,ramp,119.82368419587476,751.810150117988,0.2130336165206409,499.78061547273205,0,normal,1.6910196032356173,False,1.786354269551618,False,2.126308678156991,False,1.7548253560172802,False,0,NORMAL,0,28.69501325187347,30.041701271675535,34.640130732618005,29.5991656409628,33.27648592970056,NORMAL,Vibration,0,Telemetry remains within the expected prototype operating envelope.
29.9,ramp,119.31279447285124,749.8844130182741,0.1903909389200261,499.312034106162,0,normal,1.6617376022466972,False,1.76724255301181,False,0.4371876052833484,False,1.7467314529896836,False,0,NORMAL,0,28.276197534177083,29.773784928769697,8.372388217384064,29.485109844941203,27.744864749661605,NORMAL,Temperature,0,Telemetry remains within the expected prototype operating envelope.
30.0,steady,120.0717999204364,758.4639724235834,0.2001209164463312,506.48130387043335,0,normal,0.309664184843496,False,2.5259366413790767,False,0.0515514988388253,False,1.3878234841187578,False,0,NORMAL,0,6.005398570527287,39.66074676434368,1.0257330825307442,24.23734530138304,31.985792472217057,NORMAL,Temperature,0,Telemetry remains within the expected prototype operating envelope.
30.1,steady,121.62869648366852,757.5263749079787,0.2157653529637258,508.1105421111326,0,normal,0.578832141543744,False,2.318753266062305,False,1.6022657159291556,False,1.666196670872503,False,0,NORMAL,0,10.931676260644807,37.10796458125327,27.417993787235005,28.340133292006165,33.20248167091431,NORMAL,Temperature,0,Telemetry remains within the expected prototype operating envelope.
30.2,steady,118.58738222078254,754.4961073116622,0.2157326005522354,501.39976210184193,0,normal,1.1567979663123296,False,1.6491471096157453,False,1.5990192180392715,False,0.5195864513702797,False,0,NORMAL,0,20.654590601688817,28.095362348040887,27.370851017998497,9.87001593987512,25.786182268141868,NORMAL,Temperature,0,Telemetry remains within the expected prototype operating envelope.
30.3,steady,121.67426380872772,752.8259268624168,0.2050861005248657,513.7639265543648,0,normal,0.6048366956512685,False,1.280082967376037,False,0.5437125001310776,False,2.6321392838639506,False,0,NORMAL,0,11.393710129479363,22.587087680674088,10.303864471080548,40.92886892294515,34.059948780280024,NORMAL,Thrust,0,Telemetry remains within the expected prototype operating envelope.
30.4,steady,120.3405009041965,757.6058539310235,0.2054540158207415,508.8848927219693,0,normal,0.1563207690986111,False,2.3363159536625115,False,0.58018115014383,False,1.798502948627693,False,0,NORMAL,0,3.078048377904241,37.32848769079226,10.955703806106431,30.211475119344875,31.4012170610029,NORMAL,Temperature,0,Telemetry remains within the expected prototype operating envelope.
30.5,steady,119.81567207711592,756.2797900251624,0.1876824251751234,507.70989024347256,0,normal,0.455832307537084,False,2.0432921440539062,False,1.1813817060081215,False,1.597740913824046,False,0,NORMAL,0,8.71342587562889,33.54588183179591,21.04375448548418,27.352280214727653,29.737165651335545,NORMAL,Temperature,0,Telemetry remains within the expected prototype operating envelope.
30.6,steady,121.84361570047622,750.9601595564179,0.2088343555600772,504.2972137942591,0,normal,0.7014831506815911,False,0.8677994858405376,False,0.915248564464247,False,1.0146477879720015,False,0,NORMAL,0,13.089960420968016,15.933320390657467,16.72732425479808,18.366425594613744,17.5484168193397,NORMAL,Thrust,0,Telemetry remains within the expected prototype operating envelope.
30.7,steady,123.0836363968244,751.818773303537,0.1973546118527521,509.2998336335099,0,normal,1.4091434149333584,False,1.0575296112523815,False,0.2226512733285042,False,1.86940014522828,False,0,NORMAL,0,24.55970844826276,19.063551222069087,4.355333731816302,31.19405459731077,27.203742188204657,NORMAL,Thrust,0,Telemetry remains within the expected prototype operating envelope.
30.8,steady,119.68774225202884,756.4826732814977,0.2018494009109456,502.7761091433976,0,normal,0.5288398420834147,False,2.08812378784906,False,0.2228830409060058,False,0.754750408651633,False,0,NORMAL,0,10.036663278512881,34.13906797758705,4.359767095584887,14.01093781601782,27.663207350105562,NORMAL,Temperature,0,Telemetry remains within the expected prototype operating envelope.
30.9,steady,119.082046906274,757.4199466446928,0.2238347097436294,507.41498262033537,0,normal,0.8745006279841865,False,2.295235534360064,False,2.402119789769249,False,1.547352718408599,False,0,NORMAL,0,16.045913477497475,36.81145219499514,38.14788907322127,26.616461283107938,35.08802805011574,NORMAL,Vibration,0,Telemetry remains within the expected prototype operating envelope.
31.0,steady,118.3197718658708,752.6897661301509,0.2070166699725935,517.4054772110355,0,normal,1.3095189773656606,False,1.249995174237781,False,0.7350751923151675,False,3.2543380732733795,False,0,NORMAL,0,23.041494228732272,22.119846526675335,13.671900510062818,47.84069613757923,40.43042201219335,NORMAL,Thrust,1,Telemetry remains within the expected prototype operating envelope.
31.1,steady,121.4729863980968,754.2047120935271,0.199572973687376,497.520950512682,0,normal,0.4899708502549303,False,1.5847567461179686,False,0.0027619067938268,False,0.1431509653677364,False,0,NORMAL,0,9.334581051378887,27.16338101556245,0.05522288242696405,2.8224232564096563,21.101563378121167,NORMAL,Temperature,0,Telemetry remains within the expected prototype operating envelope.
31.2,steady,121.21089572686098,752.2385505785956,0.2126502444639845,511.60124698466456,0,normal,0.3403998356655263,False,1.1502888936528006,False,1.2934886607148826,False,2.26262180710358,False,0,NORMAL,0,6.581423356733406,20.55123033134033,22.794364440243076,36.397942238236936,31.212096486927464,NORMAL,Thrust,0,Telemetry remains within the expected prototype operating envelope.
31.3,steady,119.0476900736489,757.3948101957764,0.1789317409432587,505.534293323039,0,normal,0.8941075307769689,False,2.2896810674984205,False,2.048770597422197,False,1.2260163663000414,False,0,NORMAL,0,16.374484752650176,36.741217451598985,33.61865511351536,21.745454849165625,33.37377490814573,NORMAL,Temperature,0,Telemetry remains within the expected prototype operating envelope.
31.4,steady,121.30483283676404,755.1957464708713,0.2156829422293965,516.9233827808887,0,normal,0.3940082635029081,False,1.8037482045378577,False,1.5940969655095925,False,3.171966962969333,False,0,NORMAL,0,7.5776776553514775,30.284648465859775,27.29931600997737,46.97429513698721,40.34518635000707,NORMAL,Thrust,1,Telemetry remains within the expected prototype operating envelope.
31.5,steady,121.70059365370922,753.9421014079593,0.19323863227877,506.972831011736,0,normal,0.6198627231298353,False,1.5267269760677635,False,0.6306370793708442,False,1.471806276372425,False,0,NORMAL,0,11.659590526035668,26.31311805301285,11.849747778684849,25.49926949947571,23.694177746964147,NORMAL,Temperature,0,Telemetry remains within the expected prototype operating envelope.
31.6,steady,119.29474411653749,755.3705067875387,0.2208964922324997,504.075658189937,0,normal,0.7531176829543655,False,1.8423654487988224,False,2.11087659527346,False,0.9767925878682804,False,0,NORMAL,0,13.982853920635263,30.821017442196606,34.438091320148956,17.74602897539621,30.871208628204812,NORMAL,Vibration,0,Telemetry remains within the expected prototype operating envelope.
31.7,steady,123.00143160056936,756.8045599595396,0.2103969876676217,510.6554370770885,0,normal,1.3622304335517388,False,2.1592519289930894,False,1.0701404215507435,False,2.101019831739796,False,0,NORMAL,0,23.848551618055957,35.06934851059835,19.267428848137524,34.30871819588284,32.638305659497966,NORMAL,Temperature,0,Telemetry remains within the expected prototype operating envelope.
31.8,steady,121.48594499578576,753.590023225832,0.2193075559649559,511.2164139510193,0,normal,0.4973661176822491,False,1.448927339299883,False,1.9533774065113088,False,2.196868870996483,False,0,NORMAL,0,9.468580934360727,25.157588861669332,32.34003103338402,35.556014038475915,32.08210292594972,NORMAL,Thrust,0,Telemetry remains within the expected prototype operating envelope.
31.9,steady,121.12622751457027,755.780146118106,0.2159697621151943,501.759685990089,0,normal,0.2920810215845849,False,1.9328845230891376,False,1.622527243209679,False,0.5810833873353562,False,0,NORMAL,0,5.674272202395247,32.06215239765048,27.711523110113,10.971770171639472,27.527124373130157,NORMAL,Temperature,0,Telemetry remains within the expected prototype operating envelope.
32.0,steady,120.98631288844796,758.0864721687907,0.2149341348823136,506.8275228562856,0,normal,0.2122339500107033,False,2.4425194227226736,False,1.5198733782495446,False,1.4469787874984403,False,0,NORMAL,0,4.1558537167662895,38.64563600171048,26.21204474659029,25.12841631460705,33.357084094333295,NORMAL,Temperature,0,Telemetry remains within the expected prototype operating envelope.
32.1,steady,120.48091558938758,755.508624860217,0.2202644061185333,504.8648262534126,0,normal,0.0761883216969071,False,1.8728857605674307,False,2.048222697687358,False,1.1116305895958316,False,0,NORMAL,0,1.5122158555785803,31.242004093762933,33.611380650702706,19.934578593218067,29.39866310236721,NORMAL,Vibration,0,Telemetry remains within the expected prototype operating envelope.
32.2,steady,120.10023874781253,749.2015931195173,0.2139970459781498,494.7223564847912,0,normal,0.2934345943574148,False,0.4792044607343925,False,1.426986869697531,False,0.6213213879080367,False,0,NORMAL,0,5.699804093696869,9.139142867242555,24.828451718148546,11.685358575916549,20.63185987660945,NORMAL,Vibration,0,Telemetry remains within the expected prototype operating envelope.
32.3,steady,120.03266134992327,756.5309094778551,0.229581906977241,496.4422129378331,0,normal,0.3319999500717095,False,2.098782666320297,False,2.9717958179646056,False,0.3274650876859162,False,0,NORMAL,0,6.424350382946864,34.27931916652116,44.808385947952544,6.339441344952201,37.16245683987677,NORMAL,Vibration,0,Telemetry remains within the expected prototype operating envelope.
32.4,steady,119.11166141798132,755.9397810224161,0.2044045960090732,507.6068553307783,0,normal,0.857600092983272,False,1.968159465420878,False,0.4761601315637832,False,1.5801362711897728,False,0,NORMAL,0,15.76165954823704,32.53976636737347,9.083803950397096,27.09604195213463,28.542959422880198,NORMAL,Temperature,0,Telemetry remains within the expected prototype operating envelope.
32.5,steady,120.3794731812791,759.2050420372474,0.1977680049495377,504.4006567246501,0,normal,0.1340799049098276,False,2.6896927321837483,False,0.1816747541857632,False,1.0323221448958415,False,0,NORMAL,0,2.6459625014328747,41.60492000925884,3.5682759484279014,18.65448036259284,32.859641402918086,NORMAL,Temperature,0,Telemetry remains within the expected prototype operating envelope.
32.6,steady,118.89561643331254,753.5685158801231,0.2010469095202427,504.4074958873797,0,normal,0.980893560093318,False,1.4441748048659389,False,0.143338161979115,False,1.03349069070836,False,0,NORMAL,0,17.813465566171338,25.08641681505669,2.82606145091715,18.673489334488757,21.94112133186732,NORMAL,Temperature,0,Telemetry remains within the expected prototype operating envelope.
32.7,steady,120.87489005916837,751.7873098478233,0.1927147219284979,517.7593667729252,0,normal,0.1486466977625083,False,1.0505770491504076,False,0.6825683347883472,False,3.3148039785297128,False,0,NORMAL,0,2.929176967989966,18.950929802185513,12.760560279915135,48.4676693514431,38.77596451357222,NORMAL,Thrust,1,Telemetry remains within the expected prototype operating envelope.
32.8,steady,120.93558530828815,754.1171360418332,0.2018691871800116,504.4964087543546,0,normal,0.1832845196613101,False,1.5654048369193283,False,0.2248443035382319,False,1.0486824272542652,False,0,NORMAL,0,3.5993174432322417,26.880929242662155,4.397274861832501,18.92021251417666,22.17990573814696,NORMAL,Temperature,0,Telemetry remains within the expected prototype operating envelope.
32.9,steady,118.9605671487266,756.4172523354638,0.2086168856142956,504.3990934782867,0,normal,0.943827210661722,False,2.073667550294956,False,0.8936924198029511,False,1.032055047143661,False,0,NORMAL,0,17.201930669427355,33.948372180282725,16.367541690622623,18.650134805435993,29.606140109938536,NORMAL,Temperature,0,Telemetry remains within the expected prototype operating envelope.
33.0,steady,120.79840671870008,753.7414362187221,0.2062425259912423,508.5075162819849,0,normal,0.1049988610078161,False,1.4823854643606642,False,0.6583401768595809,False,1.7340240531659985,False,0,NORMAL,0,2.078081236596563,25.65673430240133,12.336804241616283,29.305669739265195,25.11919816351182,NORMAL,Thrust,0,Telemetry remains within the expected prototype operating envelope.
33.1,steady,120.62604632076804,753.4454641077607,0.2053607410706399,516.2239618352588,0,normal,0.0066354989233514,False,1.4169837328841566,False,0.5709355323219756,False,3.0524632386805246,False,0,NORMAL,0,0.1326219577168497,24.677910923956958,10.790897573156622,45.6916745575772,36.81273515101085,NORMAL,Thrust,1,Telemetry remains within the expected prototype operating envelope.
33.2,steady,119.63938812550364,752.2427213597904,0.1965517766562364,505.847564034703,0,normal,0.556434779857644,False,1.151210522082133,False,0.3022302311153924,False,1.2795420963891528,False,0,NORMAL,0,10.531802224635367,20.565873430709626,5.865544325748062,22.57871314807135,19.886082695048263,NORMAL,Thrust,0,Telemetry remains within the expected prototype operating envelope.
33.3,steady,121.47345389193548,757.2584897802066,0.2011147579460782,504.3957996165449,0,normal,0.4902376416192951,False,2.2595579887228534,False,0.1500634613168895,False,1.031492254811087,False,0,NORMAL,0,9.339418672478594,36.358957264444335,2.9566783523631623,18.64097767401184,29.521725018677387,NORMAL,Temperature,0,Telemetry remains within the expected prototype operating envelope.
33.4,steady,122.12088544657996,755.3668307385885,0.2243221754155135,502.8242057761748,0,normal,0.8597166240217003,False,1.841553142647566,False,2.4504385609115444,False,0.7629682448181597,False,0,NORMAL,0,15.797310614484239,30.80977762659033,38.74273382570286,14.152150542952302,33.88919959005821,NORMAL,Vibration,0,Telemetry remains within the expected prototype operating envelope.
33.5,steady,120.5168245495652,757.7786054061477,0.2092465807816295,511.2029078963377,0,normal,0.0556956441769773,False,2.374489298953532,False,0.9561093210017928,False,2.194561213719437,False,0,NORMAL,0,1.10773184572599,37.80514208210995,17.40506807637091,35.52626424713856,32.60971040036419,NORMAL,Temperature,0,Telemetry remains within the expected prototype operating envelope.
33.6,steady,121.66308666693368,752.0372627050351,0.2080223907643876,506.61723053410094,0,normal,0.5984580770210791,False,1.1058097857621516,False,0.8347646588245189,False,1.4110480424336374,False,0,NORMAL,0,11.280600850460088,19.841315294640594,15.376055860320903,24.588440106388422,22.20254712893585,NORMAL,Thrust,0,Telemetry remains within the expected prototype operating envelope.
33.7,steady,119.34655592813829,754.5357394916808,0.2064993847612213,499.7124189156561,0,normal,0.7235494988129537,False,1.6579047360927432,False,0.683800636617776,False,0.2312853986745241,False,0,NORMAL,0,13.472672731380598,28.22119490811933,12.782058694785793,4.520352818709572,23.505951116164653,NORMAL,Temperature,0,Telemetry remains within the expected prototype operating envelope.
33.8,steady,119.47486392762627,753.4369907396467,0.2087823227260384,503.4540603251852,0,normal,0.650326146097404,False,1.4151113505698496,False,0.9100909446669612,False,0.870585788784058,False,0,NORMAL,0,12.196184469098526,24.649699292498127,16.641382176562878,15.980154387444678,22.10070381861415,NORMAL,Temperature,0,Telemetry remains within the expected prototype operating envelope.
33.9,steady,120.03618790407518,757.5166498976708,0.2155467591341704,508.7702834335075,0,normal,0.3299874012083044,False,2.316604305098734,False,1.580598169202058,False,1.7789206972026277,False,0,NORMAL,0,6.386677688185749,37.080928265863946,27.102776479725353,29.937615903233826,32.89705322729984,NORMAL,Temperature,0,Telemetry remains within the expected prototype operating envelope.
34.0,steady,120.04566255077414,755.3351259489442,0.1992563174248742,510.0389304453733,0,normal,0.3245803696914716,False,1.834547252355736,False,0.0341496379943879,False,1.9956829255475363,False,0,NORMAL,0,6.285388894059385,30.71276185283307,0.680665665313962,32.91009397264308,27.568090740892334,NORMAL,Thrust,0,Telemetry remains within the expected prototype operating envelope.
34.1,steady,120.9238180317434,757.4258479897887,0.2149472345324517,505.68824847499775,0,normal,0.1765691204315138,False,2.296539570020927,False,1.5211718471132505,False,1.252321289175855,False,0,NORMAL,0,3.4697566435799465,36.82793007006725,26.23120453112685,22.15606973776153,31.698088631515574,NORMAL,Temperature,0,Telemetry remains within the expected prototype operating envelope.
34.2,steady,120.6017697667228,754.5821978438202,0.1992242223435713,502.36095818324895,0,normal,0.0072187477850888,False,1.6681707596771518,False,0.0373309797333356,False,0.683817322947201,False,0,NORMAL,0,0.14427078520067305,28.368420295655163,0.7438393142467858,12.78234976376018,22.117875206076352,NORMAL,Temperature,0,Telemetry remains within the expected prototype operating envelope.
34.3,steady,120.88143827380205,753.5937276436954,0.2146316408674132,504.39104721548887,0,normal,0.1523836606307051,False,1.4497459142040774,False,1.4898894431318286,False,1.0306802550717944,False,0,NORMAL,0,3.0016998753240487,25.169840682644097,25.76822467684916,18.627763900099225,23.09900483925715,NORMAL,Vibration,0,Telemetry remains within the expected prototype operating envelope.
34.4,steady,121.28139577829472,754.9829878235939,0.2019975313424596,501.5494326118575,0,normal,0.3806331036862039,False,1.756734369777076,False,0.2375660859538131,False,0.5451592962712307,False,0,NORMAL,0,7.330114016255795,29.62603974263185,4.640213083561562,10.329815120903463,23.80046675450406,NORMAL,Temperature,0,Telemetry remains within the expected prototype operating envelope.
34.5,steady,119.67544069029027,753.3373282293074,0.2217811929178074,510.14338806995966,0,normal,0.5358601494510749,False,1.3930886649921088,False,2.1985702574293837,False,2.0135306540813027,False,0,NORMAL,0,10.162888698772509,24.31708412616779,35.57793913263798,33.14914754850865,32.156278142997294,NORMAL,Vibration,0,Telemetry remains within the expected prototype operating envelope.
34.6,steady,120.92065930732144,751.2508244664829,0.2163570624854348,499.9675576435756,0,normal,0.1747664861966828,False,0.9320284712539244,False,1.6609173884698478,False,0.2748786430393103,False,0,NORMAL,0,3.434948625070222,17.006317392490633,28.264430798897532,5.3491879255547765,23.101682434209547,NORMAL,Vibration,0,Telemetry remains within the expected prototype operating envelope.
34.7,steady,120.63388674760208,757.5836848427726,0.2142120080900846,505.574502378391,0,normal,0.0111099069244118,False,2.3314171922482987,False,1.448294431829436,False,1.2328865235275666,False,0,NORMAL,0,0.22195146116246178,37.26705504406434,25.14811459782561,21.852905217958607,31.616463081730288,NORMAL,Temperature,0,Telemetry remains within the expected prototype operating envelope.
34.8,steady,121.93763192365324,756.7216253163957,0.2081264401326209,497.5749183827025,0,normal,0.7551367272173194,False,2.140925643981386,False,0.8450782827392725,False,0.1339299640527519,False,0,NORMAL,0,14.017581393594314,34.83092430949196,15.55043186045194,2.6430429880932027,28.506274099437526,NORMAL,Temperature,0,Telemetry remains within the expected prototype operating envelope.
34.9,steady,120.4444656279342,756.8554772822571,0.2159963603094896,511.3585675710406,0,normal,0.0969897401167951,False,2.1705032629686314,False,1.6251637202727407,False,2.221157372963469,False,0,NORMAL,0,1.9211018464192042,35.21529552817996,27.749630444567497,35.868304493600434,32.130401998207404,NORMAL,Thrust,0,Telemetry remains within the expected prototype operating envelope.
35.0,steady,119.19498518473888,755.2639460450342,0.1990451558078098,504.8113567783674,0,normal,0.8100485327748366,False,1.8188184428171548,False,0.0550804859237133,False,1.102494744517703,False,0,NORMAL,0,14.956705027400242,30.49445751166345,1.0955642182518766,19.788151803491672,25.625699256651878,NORMAL,Temperature,0,Telemetry remains within the expected prototype operating envelope.
35.1,steady,121.29507822782443,760.748100447589,0.2114038624857966,504.3117210875586,0,normal,0.3884414619485467,False,3.030666384998216,False,1.1699442779336835,False,1.0171265178262827,False,0,NORMAL,0,7.474721006526197,45.4544076414256,20.86293647921561,18.4068850805696,37.612773110103625,NORMAL,Temperature,1,Telemetry remains within the expected prototype operating envelope.
35.2,steady,118.14650215080955,754.3916336182156,0.2237257989638517,505.2297025313099,0,normal,1.4084012724016826,False,1.6260612843230895,False,2.391324291036655,False,1.1739736955405575,False,0,NORMAL,0,24.54851012741579,27.76259914737601,38.01419992402857,20.926686043825015,34.44377953435004,NORMAL,Vibration,0,Telemetry remains within the expected prototype operating envelope.
35.3,steady,121.12215820470549,754.6883749717625,0.2007558559631048,504.4082382971776,0,normal,0.2897587305916042,False,1.691632997345683,False,0.1144882325817456,False,1.0336175395486082,False,0,NORMAL,0,5.630451669165892,28.70376032709997,2.2637484887876758,18.67555254302895,23.4938766025722,NORMAL,Temperature,0,Telemetry remains within the expected prototype operating envelope.
35.4,steady,121.72057171250636,759.1087473294848,0.2050073153624178,504.2119189518674,0,normal,0.6312638863598149,False,2.6684142387498926,False,0.53590312512624,False,1.000074230528342,False,0,NORMAL,0,11.860797724886396,41.35587859728845,10.16366085755671,18.12814017950658,34.01331285717083,NORMAL,Temperature,0,Telemetry remains within the expected prototype operating envelope.
35.5,steady,118.63933966760504,752.5666924794334,0.2072629928575499,505.5264185840432,0,normal,1.1271466704456252,False,1.22279926773864,False,0.7594913097810728,False,1.2246708809472249,False,0,NORMAL,0,20.182653789023362,21.695088130507845,14.092432302587376,21.724393946720788,20.919130780141955,NORMAL,Thrust,0,Telemetry remains within the expected prototype operating envelope.
35.6,steady,119.47292735099202,754.222852480711,0.1992023660059536,510.2859857213789,0,normal,0.6514313198552076,False,1.5887652749203325,False,0.0394974325448259,False,2.037895023672908,False,0,NORMAL,0,12.21559001892103,27.221751151612118,0.7868367560562972,33.474110928030484,28.20677237799906,NORMAL,Thrust,0,Telemetry remains within the expected prototype operating envelope.
35.7,steady,121.47005063504947,754.9911309581602,0.1845462740415829,506.7811928221679,0,normal,0.4882954565619345,False,1.7585337795206095,False,1.4922445577521204,False,1.4390627940497331,False,0,NORMAL,0,9.304195906739354,29.651361503891792,25.803181311385504,25.00978583838933,27.128130876565187,NORMAL,Temperature,0,Telemetry remains within the expected prototype operating envelope.
35.8,steady,119.95483615657622,755.5588214289544,0.2011014885133721,512.7744978923661,0,normal,0.376413561111921,False,1.8839778276508543,False,0.1487481631962318,False,2.4630845668645,False,0,NORMAL,0,7.251876102225719,31.39436868806884,2.931146814634933,38.89747001428161,32.32490590096402,NORMAL,Thrust,0,Telemetry remains within the expected prototype operating envelope.
35.9,steady,120.60227396703186,755.7289067858127,0.2053128174325107,502.8500084164252,0,normal,0.0069310086167018,False,1.9215620338154071,False,0.5661852259175869,False,0.7673769083357155,False,0,NORMAL,0,0.13852413895215632,31.908132964978453,10.706103185484805,14.22781203783553,25.726086505870448,NORMAL,Temperature,0,Telemetry remains within the expected prototype operating envelope.
36.0,steady,120.28554371040788,753.1822602422492,0.2262310985823026,506.8076854760174,0,normal,0.1876839732721592,False,1.3588228863103178,False,2.639655621607951,False,1.4435893539434468,False,0,NORMAL,0,3.684102203292816,23.796635997999715,41.017601925932254,25.077644656223306,34.84933992040767,NORMAL,Vibration,0,Telemetry remains within the expected prototype operating envelope.
36.1,steady,120.9031710580996,754.8666545758603,0.2042038647262821,502.2419266054002,0,normal,0.164786218043034,False,1.7310279077548498,False,0.4562631634823283,False,0.6634794749748453,False,0,NORMAL,0,3.2420071069230616,29.263294945787887,8.721291809352083,12.426863408944289,23.715819225975267,NORMAL,Temperature,0,Telemetry remains within the expected prototype operating envelope.
36.2,steady,120.24956833401328,758.0779220367203,0.2159991413917838,504.3494977760214,0,normal,0.2082145534801635,False,2.4406300776761505,False,1.6254393878461768,False,1.0235810785465562,False,0,NORMAL,0,4.078775614362673,38.6224477081771,27.753613751570672,18.51214666714235,32.88920208767473,NORMAL,Temperature,0,Telemetry remains within the expected prototype operating envelope.
36.3,steady,120.35205099423692,754.3633106763723,0.2278034392267069,502.1128442006603,0,normal,0.1497293147832088,False,1.6198026897851072,False,2.7955098122447137,False,0.6414243332137103,False,0,NORMAL,0,2.9501927977439335,27.672121612485935,42.82777385614812,12.039722603735525,35.31841145763121,NORMAL,Vibration,0,Telemetry remains within the expected prototype operating envelope.
36.4,steady,119.82062307271308,757.0450798432381,0.2076947734947375,502.5813183188818,0,normal,0.4530068523951571,False,2.212400236775584,False,0.8022904462029351,False,0.7214682641399879,False,0,NORMAL,0,8.661826073659684,35.75588407594521,14.824647953922076,13.436648499678617,29.600737727144875,NORMAL,Temperature,0,Telemetry remains within the expected prototype operating envelope.
36.5,steady,121.5718614660571,758.9188417038021,0.2001730822394915,502.6375001443833,0,normal,0.5463972929157356,False,2.626450295943135,False,0.0567222978643792,False,0.7310675439824365,False,0,NORMAL,0,10.352014650094276,40.8616196819549,1.128035383535686,13.602678239119193,32.33018323930729,NORMAL,Temperature,0,Telemetry remains within the expected prototype operating envelope.
36.6,steady,120.51997778661502,753.8840696107295,0.2039829294813298,506.5154688662115,0,normal,0.0538961414989233,False,1.513903538051283,False,0.4343635300233058,False,1.3936609476109671,False,0,NORMAL,0,1.0721340600026719,26.123891670801168,8.32062094497854,24.325746033912232,22.21673894811904,NORMAL,Temperature,0,Telemetry remains within the expected prototype operating envelope.
36.7,steady,120.05021910409307,753.0151738951139,0.2067395333336294,502.63915391412417,0,normal,0.3219800165399068,False,1.3219013791681895,False,0.7076047413570646,False,0.7313501086445114,False,0,NORMAL,0,6.236638001337047,23.231844660012136,13.196300848006482,13.607560667163243,20.024529144453293,NORMAL,Temperature,0,Telemetry remains within the expected prototype operating envelope.
36.8,steady,118.56253897524202,755.7373724060235,0.195819817169026,507.301474012404,0,normal,1.1709756149240442,False,1.923432704055286,False,0.3747838179377301,False,1.5279585303000072,False,0,NORMAL,0,20.879258192022622,31.93360368579744,7.2216400504252265,26.33126569620495,28.313847062907733,NORMAL,Temperature,0,Telemetry remains within the expected prototype operating envelope.
36.9,steady,120.685657941548,755.4833634329148,0.2226821967881328,505.0309283391086,0,normal,0.0406549112104657,False,1.867303676905001,False,2.287879930539918,False,1.14001094905866,False,0,NORMAL,0,0.8098015217921972,31.16519865117783,36.718425800517366,20.387748352488178,31.661579523859153,NORMAL,Vibration,0,Telemetry remains within the expected prototype operating envelope.
37.0,steady,121.59732016201964,755.8751378593487,0.2171980790919801,503.8609469702602,0,normal,0.5609261693815996,False,1.9538750966031688,False,1.7442809795540526,False,0.9401068257985472,False,0,NORMAL,0,10.61213344459686,32.346765437447885,29.450542401944745,17.14029960637594,28.8609998622481,NORMAL,Temperature,0,Telemetry remains within the expected prototype operating envelope.
37.1,steady,119.62870504573549,757.7524542219995,0.1976525190613002,512.3511266564465,0,normal,0.5625314450778459,False,2.3687106033936893,False,0.1931219935007777,False,2.3907469570670337,False,0,NORMAL,0,10.640827272144126,37.73321949838518,3.788798818852379,38.00704220919373,32.59444261835127,NORMAL,Thrust,0,Telemetry remains within the expected prototype operating envelope.
37.2,steady,119.89099536750392,752.616048556913,0.2005767265526292,513.3249603405427,0,normal,0.4128464930766799,False,1.2337056092705154,False,0.0967324940983131,False,2.5571371013921893,False,0,NORMAL,0,7.925237088987003,21.865706003673637,1.9160556353991276,40.0360969281547,32.30098387321932,NORMAL,Thrust,0,Telemetry remains within the expected prototype operating envelope.
37.3,steady,119.8700614193009,755.9362451639859,0.2246438085718544,502.9849702235509,0,normal,0.4247931673223689,False,1.9673781375354764,False,2.4823196138130608,False,0.7904366103492693,False,0,NORMAL,0,8.144971914161324,32.529223831338605,39.13208045724067,14.622477470655504,33.69836824362859,NORMAL,Vibration,0,Telemetry remains within the expected prototype operating envelope.
37.4,steady,119.30513937013876,759.7955046847134,0.210517527363567,504.9616107920832,0,normal,0.7471852755904353,False,2.8201688077539586,False,1.082088606454578,False,1.1281672874127575,False,0,NORMAL,0,13.880735601703108,43.109041641491764,19.4601200629932,20.198944713850253,36.477650743723004,NORMAL,Temperature,0,Telemetry remains within the expected prototype operating envelope.
37.5,steady,120.85643046544998,755.7475167117444,0.202110318440923,506.9403702411453,0,normal,0.1381120986165371,False,1.9256743178229505,False,0.2487458147281353,False,1.4662599984076126,False,0,NORMAL,0,2.7244409206258147,31.964112560593705,4.853194198459865,25.416583295899752,26.460527124749085,NORMAL,Temperature,0,Telemetry remains within the expected prototype operating envelope.
37.6,steady,119.7920299131341,758.24365916574,0.2184796342804676,508.01623101900105,0,normal,0.4693245178365803,False,2.4772534445623857,False,1.8713118156320272,False,1.6500825884706478,False,0,NORMAL,0,8.95942534981402,39.07037576541047,31.220356426833096,28.108814143233218,34.78965426997975,NORMAL,Temperature,0,Telemetry remains within the expected prototype operating envelope.
37.7,steady,120.71364580884902,760.2577030699489,0.1997873468917456,505.4834475329839,0,normal,0.0566271458904288,False,2.9223019938229275,False,0.0184872814022146,False,1.2173288065208372,False,0,NORMAL,0,1.1261537931117171,44.25934420558296,0.3690629105955079,21.609368449730614,34.66291755254325,NORMAL,Temperature,0,Telemetry remains within the expected prototype operating envelope.
37.8,steady,120.4764407914595,756.8998157333505,0.2137742958461051,505.6311940121794,0,normal,0.0787420183356696,False,2.1803008464743,False,1.4049073402599317,False,1.242572909696095,False,0,NORMAL,0,1.5625045969321905,35.342117942670804,24.495767224427833,22.004151255504745,30.27027400194539,NORMAL,Temperature,0,Telemetry remains within the expected prototype operating envelope.
37.9,steady,121.12987982431392,752.1574482702475,0.2132384459773912,507.4569670688627,0,normal,0.2941653371818384,False,1.1323675044534194,False,1.3517926110258849,False,1.5545262209932391,False,0,NORMAL,0,5.713584924948034,20.265952915465867,23.68941451070038,26.721669195069875,24.053264362086534,NORMAL,Thrust,0,Telemetry remains within the expected prototype operating envelope.
38.0,steady,121.43904622505426,753.7947633265302,0.2017435600601196,508.6694956153772,0,normal,0.4706017285178774,False,1.4941692948504768,False,0.2123918409230374,False,1.7616999952708785,False,0,NORMAL,0,8.982677978711918,25.83173768858301,4.158880252919495,29.695895195519316,25.31088609971426,NORMAL,Thrust,0,Telemetry remains within the expected prototype operating envelope.
38.1,steady,120.48028895966,752.8051158124671,0.2283570347112256,510.4307229215268,0,normal,0.0765459294045133,False,1.275484295237173,False,2.850383529646145,False,2.062624958583899,False,0,NORMAL,0,1.519259601828804,22.515855607786296,43.45179387910644,33.80233474489137,37.106474856860316,NORMAL,Vibration,0,Telemetry remains within the expected prototype operating envelope.
38.2,steady,120.3872073626547,753.1142149120482,0.1912463808662043,496.922926707513,0,normal,0.1296661295170829,False,1.343786731722708,False,0.8281138364307041,False,0.2453298783350958,False,0,NORMAL,0,2.5599847873651327,23.567129969902258,15.263417198407957,4.788168901437406,19.359270805433834,NORMAL,Temperature,0,Telemetry remains within the expected prototype operating envelope.
38.3,steady,121.16820225320204,753.8825428639933,0.2172342719165045,501.2000013843902,0,normal,0.3160353432499657,False,1.513566168831766,False,1.7478684994678706,False,0.4854551462510302,False,0,NORMAL,0,6.125093194003317,26.118906797627183,29.501143763243178,9.252660424944803,25.388051311842183,NORMAL,Vibration,0,Telemetry remains within the expected prototype operating envelope.
38.4,steady,122.61700202721148,754.3735920842104,0.2020106351459146,501.0890693275919,0,normal,1.1428425360192265,False,1.6220745993661898,False,0.2388649665042919,False,0.4665011901059606,False,0,NORMAL,0,20.43282139119397,27.704978627081587,4.664982060732714,8.908003357262295,23.407929833276707,NORMAL,Temperature,0,Telemetry remains within the expected prototype operating envelope.
38.5,steady,120.42265850681176,753.6900002225345,0.2134300137785804,513.038451040479,0,normal,0.1094347203832777,False,1.4710195177518437,False,1.3707812727466524,False,2.508183851400287,False,0,NORMAL,0,2.164916284376983,25.48754575873231,23.978672080342488,39.44612796352538,33.609243608902,NORMAL,Thrust,0,Telemetry remains within the expected prototype operating envelope.
38.6,steady,120.90107855669618,751.6272802789891,0.2046933609792263,511.318779745389,0,normal,0.1635920604773937,False,1.0152148967665426,False,0.5047832107086396,False,2.214359187440958,False,0,NORMAL,0,3.2188954892917288,18.375684093141242,9.602777366414273,35.78104935659613,29.118292633513775,NORMAL,Thrust,0,Telemetry remains within the expected prototype operating envelope.
38.7,steady,122.207720701594,753.6077919530197,0.1905284989543596,505.0251027881456,0,normal,0.909272135224514,False,1.4528537414207872,False,0.8992720200860743,False,1.1390155899112675,False,0,NORMAL,0,16.627730094071346,25.216338071713416,16.460816774786835,20.371898218298547,23.274838273014858,NORMAL,Temperature,0,Telemetry remains within the expected prototype operating envelope.
38.8,steady,121.5114567008344,754.0109104387067,0.1981636219338398,507.4654750259743,0,normal,0.5119252455979391,False,1.5419318875625698,False,0.1424602461146321,False,1.5559798985922264,False,0,NORMAL,0,9.731809213069031,26.5368581893611,2.8089978444665986,26.74297071196249,23.142236609175797,NORMAL,Thrust,0,Telemetry remains within the expected prototype operating envelope.
38.9,steady,121.34382427300088,751.0807516569893,0.2026706857289862,504.360099948818,0,normal,0.4162600615190047,False,0.8944470377133654,False,0.3042907696023975,False,1.0253925758182132,False,0,NORMAL,0,7.9880763369403756,16.380162848369938,5.904329867063096,18.541664324501028,16.323327231402182,NORMAL,Thrust,0,Telemetry remains within the expected prototype operating envelope.
39.0,steady,120.6151005476751,750.3646970616396,0.2025242351804846,511.0815002776143,0,normal,0.0003889187636793,False,0.7362185809325845,False,0.2897742386036878,False,2.1738173931559586,False,0,NORMAL,0,0.007778072765818322,13.691639566299585,5.630744365531138,35.25822228907435,27.694328113594526,NORMAL,Thrust,0,Telemetry remains within the expected prototype operating envelope.
39.1,steady,121.09518909557625,752.8659141841081,0.2159063160898886,511.0806732624722,0,normal,0.2743678851410102,False,1.288919070437299,False,1.6162383204127455,False,2.1736760885665847,False,0,NORMAL,0,5.339518701730428,22.723772563235357,27.620542575097684,35.256392601157195,30.873925004358984,NORMAL,Thrust,0,Telemetry remains within the expected prototype operating envelope.
39.2,steady,120.50738779629746,758.6340506084193,0.2008109878185291,501.2051278402972,0,normal,0.0610810505099448,False,2.563519262723086,False,0.119953034840745,False,0.4863310573559528,False,0,NORMAL,0,1.2141895130944658,40.11258796064523,2.370511991625479,9.268556353057345,30.70769368353137,NORMAL,Temperature,0,Telemetry remains within the expected prototype operating envelope.
39.3,steady,119.9098529230606,757.2582627220305,0.2044718350280614,505.02945327269816,0,normal,0.4020847833828971,False,2.2595078150838197,False,0.4828250250274928,False,1.1397589178166443,False,0,NORMAL,0,7.726847290518801,36.35831864069894,9.204912567021161,20.383735296414997,30.07936582348653,NORMAL,Temperature,0,Telemetry remains within the expected prototype operating envelope.
39.4,steady,121.47658705384148,756.2016163450307,0.2111123980575313,494.2607433197533,0,normal,0.4920256877292335,False,2.0260179014913544,False,1.1410536220008498,False,0.7001930498842039,False,0,NORMAL,0,9.371833936088025,33.31589586591516,20.404348529704396,13.067532985454822,28.319298303096566,NORMAL,Temperature,0,Telemetry remains within the expected prototype operating envelope.
39.5,steady,120.21874724201336,751.7772501891383,0.2120887147979692,502.2330128119088,0,normal,0.2258036648340445,False,1.0483541400596654,False,1.237828488139173,False,0.6619564557881624,False,0,NORMAL,0,4.415616612993967,18.91488884821494,21.93010709416212,12.400184232407563,19.299889330136004,NORMAL,Vibration,0,Telemetry remains within the expected prototype operating envelope.
39.6,steady,122.44519618349489,752.6690405681503,0.2005782165743249,500.4977998482692,0,normal,1.044795649283759,False,1.2454153925946352,False,0.0968801886365418,False,0.3654763276410036,False,0,NORMAL,0,18.857160183940312,22.04847902746019,1.9189528851822346,7.048772467012365,18.695430767163693,NORMAL,Temperature,0,Telemetry remains within the expected prototype operating envelope.
39.7,steady,120.72818453322314,752.5748647956028,0.1988450714971653,508.9957570286019,0,normal,0.0649241667085267,False,1.2246051258173505,False,0.0749133245681835,False,1.817445328915368,False,0,NORMAL,0,1.2900894098399673,21.723364535423485,1.4870983248370329,30.47536708512203,24.619381548911292,NORMAL,Thrust,0,Telemetry remains within the expected prototype operating envelope.
39.8,steady,121.07850126681852,752.5633543037692,0.2215450882981181,507.2320110863216,0,normal,0.2648444043287481,False,1.2220616223310916,False,2.1751669990208216,False,1.5160900290509225,False,0,NORMAL,0,5.159047429356233,21.683535026593592,35.27569510740653,26.156190497367138,30.653217775127548,NORMAL,Vibration,0,Telemetry remains within the expected prototype operating envelope.
39.9,steady,121.53544906712594,753.7404782420682,0.2097638972624898,502.6141430534799,0,normal,0.5256173108351527,False,1.4821737777538515,False,1.007386976206138,False,0.7270767293393389,False,0,NORMAL,0,9.978662656882465,25.653586741041156,18.24779427598714,13.533691572119977,22.573533215704444,NORMAL,Temperature,0,Telemetry remains within the expected prototype operating envelope.
40.0,steady,120.5986379619916,749.9418341515419,0.2003401419949275,498.1504845310595,0,normal,0.009006019376757,False,0.6427774576870605,False,0.0732816630783438,False,0.0355881875689467,False,0,NORMAL,0,0.17995826811643134,12.063523623821503,1.4549451372274258,0.7092367122606635,9.101960932858754,NORMAL,Temperature,0,Telemetry remains within the expected prototype operating envelope.
40.1,steady,121.11714481930969,748.719976583513,0.214465824110558,504.4285336363177,0,normal,0.2868976705750778,False,0.3727803951017328,False,1.473453286930148,False,1.0370852203895948,False,0,NORMAL,0,5.57643682836818,7.184457744732786,25.523806155979113,18.731934434998433,21.579429578243293,NORMAL,Vibration,0,Telemetry remains within the expected prototype operating envelope.
40.2,steady,121.06504285324834,753.6227836300721,0.206370659723208,509.8990800436125,0,normal,0.2571638998569042,False,1.4561664915099088,False,0.6710411008990722,False,1.971787953630948,False,0,NORMAL,0,5.013250206336018,25.265869577894907,12.559202373929,32.58870434061677,27.78252264004386,NORMAL,Thrust,0,Telemetry remains within the expected prototype operating envelope.
40.3,steady,121.08456950139283,759.0304670166844,0.2163833567047982,509.2081641706575,0,normal,0.2683074501432636,False,2.6511164332876174,False,1.663523734805734,False,1.853737414103535,False,0,NORMAL,0,5.2247123994201505,41.15264432859992,28.301814602125177,30.9781788489348,35.99423695425945,NORMAL,Temperature,0,Telemetry remains within the expected prototype operating envelope.
40.4,steady,118.27559344167204,756.0257191153814,0.2159652039041709,508.26432003696925,0,normal,1.3347309076461729,False,1.987149430595173,False,1.6220754223575415,False,1.6924713127254716,False,0,NORMAL,0,23.428572007193527,32.79549393168564,27.704990526716088,28.71571307190277,31.173488390126746,NORMAL,Temperature,0,Telemetry remains within the expected prototype operating envelope.
40.5,steady,119.5385463817407,755.1758453379407,0.2086347810867546,505.6208393763047,0,normal,0.6139835733971793,False,1.799350599142612,False,0.8954662621227352,False,1.2408037068170368,False,0,NORMAL,0,11.555656134477088,30.223305372334643,16.39720658699798,21.97654827623503,26.658511174396434,NORMAL,Temperature,0,Telemetry remains within the expected prototype operating envelope.
40.6,steady,120.52465484035376,755.0576496998455,0.2052391434233422,502.5250911078724,0,normal,0.0512270206572891,False,1.773232599851094,False,0.5588824807327027,False,0.7118612296867305,False,0,NORMAL,0,1.0193098760843178,29.857866217152274,10.575589783073324,13.270165189757233,24.195869509429855,NORMAL,Temperature,0,Telemetry remains within the expected prototype operating envelope.
40.7,steady,120.0463261661967,756.1696257414852,0.210474846774003,504.4482965584244,0,normal,0.3242016548307611,False,2.018948854154228,False,1.077858003648456,False,1.0404619319526875,False,0,NORMAL,0,6.278290402054032,33.221550570743084,19.391944776391423,18.786799669846566,28.39088409514858,NORMAL,Temperature,0,Telemetry remains within the expected prototype operating envelope.
40.8,steady,122.28795999614212,754.6075767503805,0.2322058010273318,508.1684792565527,0,normal,0.95506343576532,False,1.673778803038526,False,3.231882514157875,False,1.6760958663364456,False,0,NORMAL,0,17.387789305291477,28.448717857021812,47.60591605414145,28.48186794529779,41.61222091184529,NORMAL,Vibration,1,Telemetry remains within the expected prototype operating envelope.
40.9,steady,121.06038212619362,761.5069880205522,0.2113469757020086,514.3027468584099,0,normal,0.2545040963964728,False,3.1983597568722506,False,1.1643055229496684,False,2.7242026306340823,False,0,NORMAL,0,4.962707547014622,47.25345700263539,20.773639233881447,42.0065739671495,40.776930104897595,NORMAL,Temperature,1,Telemetry remains within the expected prototype operating envelope.
41.0,steady,120.55485632922922,752.840187527219,0.2228710800657095,505.3155301076777,0,normal,0.0339915070393731,False,1.283234183776242,False,2.3066024958162776,False,1.1886382764152406,False,0,NORMAL,0,0.6775245234050931,22.635861277221593,36.95494138705856,21.15826168336241,31.145538427804734,NORMAL,Vibration,0,Telemetry remains within the expected prototype operating envelope.
41.1,steady,119.78173855393185,755.7609909683817,0.1981741938153446,513.593602403408,0,normal,0.4751976343047376,False,1.9286517595541224,False,0.1414123357643513,False,2.6030375383373827,False,0,NORMAL,0,9.066300947891836,32.00461507810412,2.788626218354795,40.584051813485154,33.76844815882599,NORMAL,Thrust,0,Telemetry remains within the expected prototype operating envelope.
41.2,steady,121.4230674888704,755.8551806784336,0.2125867370461746,511.1055527368717,0,normal,0.4614829156596924,False,1.9494651061382031,False,1.287193652545107,False,2.177927019093706,False,0,NORMAL,0,8.816532534569122,32.287069091417145,22.69710120448397,35.31141332434139,31.624728824367917,NORMAL,Thrust,0,Telemetry remains within the expected prototype operating envelope.
41.3,steady,120.7530322003958,754.5687787057981,0.1971576993926811,506.050359114669,0,normal,0.0791043386759958,False,1.6652054976505544,False,0.2421697105067829,False,1.314191855557515,False,0,NORMAL,0,1.5696375198558155,28.32592641571128,4.72797280736279,23.113384174862794,23.463832750519188,NORMAL,Temperature,0,Telemetry remains within the expected prototype operating envelope.
41.4,steady,119.6953887109816,754.9186959275771,0.2215114692714947,500.0066761027936,0,normal,0.5244761284945705,False,1.7425276213582863,False,2.171834600152275,False,0.2815624599798814,False,0,NORMAL,0,9.95811415992317,29.42579836974586,35.23254328901846,5.475629135972227,29.909210571394723,NORMAL,Vibration,0,Telemetry remains within the expected prototype operating envelope.
41.5,steady,120.99252259445616,754.71019589696,0.2140183223014187,511.46256014060367,0,normal,0.215777731342446,False,1.696454824259378,False,1.4290958300901797,False,2.238925641756099,False,0,NORMAL,0,4.2237597887677,28.772482810442014,24.860151795853834,36.095801871509714,31.683088389806475,NORMAL,Thrust,0,Telemetry remains within the expected prototype operating envelope.
41.6,steady,120.38115181348417,756.3757793955956,0.2093939518410371,502.2031486014823,0,normal,0.1331219359716316,False,2.064503166299486,False,0.9707170952579592,False,0.656853828548863,False,0,NORMAL,0,2.6273082856876906,33.827196668140616,17.64602154963747,12.310740759281401,27.79866371978178,NORMAL,Temperature,0,Telemetry remains within the expected prototype operating envelope.
41.7,steady,120.50938989080052,756.9471921746949,0.1977534526280454,507.7530138513648,0,normal,0.0599384867372098,False,2.1907697426316357,False,0.1831172153319155,False,1.605109054255205,False,0,NORMAL,0,1.191613116030843,35.47735564492112,3.5960917389554536,27.459257093578238,28.98615895862872,NORMAL,Temperature,0,Telemetry remains within the expected prototype operating envelope.
41.8,steady,120.39172488075651,754.8036667311437,0.2084663932815228,506.1411267667327,0,normal,0.1270880531485987,False,1.7171093189626396,False,0.8787752574152635,False,1.329700502437969,False,0,NORMAL,0,2.5097302723678716,29.066109596909918,16.117657327112244,23.351496179395383,25.10940815837267,NORMAL,Temperature,0,Telemetry remains within the expected prototype operating envelope.
41.9,steady,120.79670093444636,752.4899686217594,0.1995208351108549,499.5575026700615,0,normal,0.1040253968234716,False,1.205845396236573,False,0.0079300080405703,False,0.2048162624310879,False,0,NORMAL,0,2.05901468444053,21.429123189024736,0.15847445722050324,4.013559806994471,16.3491951349131,NORMAL,Temperature,0,Telemetry remains within the expected prototype operating envelope.
42.0,steady,120.4709993887077,754.8482760883353,0.1833662383658479,497.2262498995592,0,normal,0.0818473411101835,False,1.726966765297383,False,1.6092125352821156,False,0.193503790856335,False,0,NORMAL,0,1.6236216554165628,29.205817239192932,27.518766583070853,3.7961451748040775,24.421411887567793,NORMAL,Temperature,0,Telemetry remains within the expected prototype operating envelope.
42.1,steady,120.92954264841472,754.7083668404035,0.2053342145983822,512.2415076172741,0,normal,0.1798360689254411,False,1.6960506528481727,False,0.5683061645199754,False,2.3720173443553945,False,0,NORMAL,0,3.5328079094433362,28.766724952501164,10.74397252760434,37.77438590694743,31.62491632795925,NORMAL,Thrust,0,Telemetry remains within the expected prototype operating envelope.
42.2,steady,120.2521053372205,756.8590593115736,0.207357657732194,503.5195634014796,0,normal,0.2067667257420311,False,2.1712947933555187,False,0.7688747200947944,False,0.8817777063531088,False,0,NORMAL,0,4.050996110694949,35.22555052888306,14.253502308070864,16.168012696788924,28.995188237662298,NORMAL,Temperature,0,Telemetry remains within the expected prototype operating envelope.
42.3,steady,117.97437859248257,753.8615829975693,0.2070780578490642,513.6212426585628,0,normal,1.5066294738569823,False,1.50893461232735,False,0.741160106443858,False,2.607760178475525,False,0,NORMAL,0,26.01633754332575,26.050438199349855,13.776896422450957,40.640145346708046,35.73342850764576,NORMAL,Thrust,0,Telemetry remains within the expected prototype operating envelope.
42.4,steady,121.06831275955534,758.7936982653165,0.2283633933019349,510.3396583221024,0,normal,0.2590299838409076,False,2.5987970230273416,False,2.8510138084677954,False,2.0470655749965485,False,0,NORMAL,0,5.048694242266317,40.53363959153785,43.458921657192306,33.59601491719528,38.97906023789177,NORMAL,Vibration,0,Telemetry remains within the expected prototype operating envelope.
42.5,steady,121.30724937970808,753.7630266971976,0.211132598922542,508.2447997184875,0,normal,0.3953873464677299,False,1.487156368859448,False,1.1430559803814015,False,1.6891360526471926,False,0,NORMAL,0,7.6031657502330985,25.72763739398811,20.436217951833424,28.668146881825063,25.847372671250767,NORMAL,Thrust,0,Telemetry remains within the expected prototype operating envelope.
42.6,steady,119.58682105940557,755.3088750682359,0.2091121719298719,495.48789457164906,0,normal,0.5864339758351447,False,1.828746526586242,False,0.9427863919789694,False,0.4905208263348373,False,0,NORMAL,0,11.066989898930169,30.632331953111535,17.184693319903044,9.344553265260224,25.881015507777935,NORMAL,Temperature,0,Telemetry remains within the expected prototype operating envelope.
42.7,steady,120.38760325348262,755.516500790511,0.2105174348280759,508.37604097577474,0,normal,0.1294402008622436,False,1.8746261254840664,False,1.0820794341138882,False,1.7115600579964254,False,0,NORMAL,0,2.555581789576633,31.26593272982815,19.459972315014106,28.987339759718054,27.521378601375282,NORMAL,Temperature,0,Telemetry remains within the expected prototype operating envelope.
42.8,steady,119.76049291226867,753.040762610511,0.2064948819742381,496.8404756162993,0,normal,0.487322187094731,False,1.3275557845369783,False,0.683354309529958,False,0.2594175497628413,False,0,NORMAL,0,9.286539897004086,23.318611243362863,12.774272801335796,5.056053935096982,19.570201622405836,NORMAL,Temperature,0,Telemetry remains within the expected prototype operating envelope.
42.9,steady,118.79385413181912,756.1035505650465,0.1891330716367269,500.83819959672894,0,normal,1.0389677014183618,False,2.00434804959642,False,1.0375901357921449,False,0.4236373506159126,False,0,NORMAL,0,18.762525794205875,33.026261754375554,18.74014072025132,8.123735944560318,28.349178259016004,NORMAL,Temperature,0,Telemetry remains within the expected prototype operating envelope.
43.0,steady,119.3171228220775,754.4055194856513,0.2201694802974035,505.412515316085,0,normal,0.7403465084709947,False,1.629129680768964,False,2.038813421729654,False,1.2052092608531693,False,0,NORMAL,0,13.762865092438814,27.806916144580597,33.486329255316726,21.419126210126116,30.207697227421317,NORMAL,Vibration,0,Telemetry remains within the expected prototype operating envelope.
43.1,steady,118.48968949037943,753.4251429508251,0.2173665605893605,508.4255725197055,0,normal,1.2125496675671046,False,1.4124933136859634,False,1.7609812712528896,False,1.7200230644398045,False,0,NORMAL,0,21.534404685043196,24.610234988206514,29.685788619415586,29.1074342152664,28.477825572064155,NORMAL,Vibration,0,Telemetry remains within the expected prototype operating envelope.
43.2,steady,119.62398687058185,758.326480212011,0.2128532585521654,501.780255410134,0,normal,0.5652240332627405,False,2.495554627775972,False,1.3136119059632294,False,0.5845978978989799,False,0,NORMAL,0,10.6889358078738,39.29298495896656,23.104465585308798,11.03432631447988,32.901002581658304,NORMAL,Temperature,0,Telemetry remains within the expected prototype operating envelope.
43.3,steady,120.98989338457812,758.9337343701419,0.2008861814204243,501.5993365773432,0,normal,0.2142772827107864,False,2.629741167376136,False,0.1274064057156546,False,0.5536859350137221,False,0,NORMAL,0,4.195014010112907,40.90053023686342,2.5159373302886423,10.482601862628481,31.6685769549519,NORMAL,Temperature,0,Telemetry remains within the expected prototype operating envelope.
43.4,steady,121.371847317462,754.717565799102,0.2089832875022807,502.6219522706618,0,normal,0.4322523712497194,False,1.698083370811717,False,0.930011057181518,False,0.7284110195730623,False,0,NORMAL,0,8.281902826454413,28.795678498221356,16.972824111320694,13.55676272379811,24.63281823782591,NORMAL,Temperature,0,Telemetry remains within the expected prototype operating envelope.
43.5,steady,118.27001003471942,756.0186178629065,0.2180615970397746,501.970462092636,0,normal,1.3379172699796045,False,1.9855802482623983,False,1.8298749577627729,False,0.617096791570433,False,0,NORMAL,0,23.477353324841978,32.774399397020616,30.647985514501897,11.61070830148656,29.923023680125368,NORMAL,Temperature,0,Telemetry remains within the expected prototype operating envelope.
43.6,steady,121.32153987065942,749.9388328609941,0.1943396179646218,509.23415270839234,0,normal,0.403542704384492,False,0.6421142546648174,False,0.5215047271787402,False,1.858177840241101,False,0,NORMAL,0,7.7537487617499234,12.051858902851166,9.90458814115721,31.03944889813538,25.491235695378695,NORMAL,Thrust,0,Telemetry remains within the expected prototype operating envelope.
43.7,steady,122.08711919691908,755.6656933937096,0.22009198268943,510.781094899077,0,normal,0.8404467576169028,False,1.9075936052272704,False,2.03113167222456,False,2.122489846053027,False,0,NORMAL,0,15.472169559384296,31.717639723326762,33.38406244516554,34.59019199086475,32.56048036945196,NORMAL,Thrust,0,Telemetry remains within the expected prototype operating envelope.
43.8,steady,120.0080936649117,757.7486975763119,0.2114159401406748,506.0797104018618,0,normal,0.3460203406333718,False,2.3678804875705546,False,1.171141444166416,False,1.3192068442479843,False,0,NORMAL,0,6.686376271666372,37.72288091223652,20.881882255041727,23.190462615412557,32.262012772709994,NORMAL,Temperature,0,Telemetry remains within the expected prototype operating envelope.
43.9,steady,120.72897561723704,756.213146976066,0.2167515758839342,506.6935853961359,0,normal,0.0653756258849492,False,2.0285658551896737,False,1.7000225064589454,False,1.424094106378034,False,0,NORMAL,0,1.2990017064680504,33.34986881098039,28.823288111608903,24.784948435384035,29.399911595275874,NORMAL,Temperature,0,Telemetry remains within the expected prototype operating envelope.
44.0,steady,117.98862299866528,757.3837916091095,0.217871285601622,507.0145359768374,0,normal,1.498500415791215,False,2.287246261583444,False,1.8110108297713297,False,1.4789320261545762,False,0,NORMAL,0,25.895956213554715,36.71040537848145,30.38583825196174,25.605368590787148,34.23905073405663,NORMAL,Temperature,0,Telemetry remains within the expected prototype operating envelope.
44.1,steady,121.68614388563584,754.0604675777478,0.2149451362901709,512.9502487077466,0,normal,0.6116164682703026,False,1.5528826581935644,False,1.5209638642861196,False,2.493113517407085,False,0,NORMAL,0,11.51377480954795,26.697577727996247,26.228135938778717,39.263339217926664,34.595167914899164,NORMAL,Thrust,0,Telemetry remains within the expected prototype operating envelope.
44.2,steady,119.78092674324716,752.6992702866138,0.2150902386668463,503.01716792055583,0,normal,0.4756609218654496,False,1.252095332549576,False,1.5353467612472178,False,0.7959379393124022,False,0,NORMAL,0,9.07472624787622,22.152551787900055,26.44004163476229,14.716363778735719,23.51959936440699,NORMAL,Vibration,0,Telemetry remains within the expected prototype operating envelope.
44.3,steady,119.01894049305108,754.1202269751337,0.2004685564006034,510.3918927450209,0,normal,0.9105144632280924,False,1.566087848535109,False,0.0860104081718099,False,2.055990397900181,False,0,NORMAL,0,16.64844266190969,26.890916795417642,1.7054970574733264,33.714437956679376,28.823322938096098,NORMAL,Thrust,0,Telemetry remains within the expected prototype operating envelope.
44.4,steady,121.46393824200868,754.4694844325612,0.2149340599413178,508.2094170807644,0,normal,0.484807210206694,False,1.6432641823884595,False,1.5198659499175944,False,1.683090541700613,False,0,NORMAL,0,9.24089996851124,28.010710607681567,26.21193512222374,28.58184722001056,26.632172573369232,NORMAL,Thrust,0,Telemetry remains within the expected prototype operating envelope.
44.5,steady,120.76076429922992,755.9423760526925,0.1834968062791765,504.72294041258976,0,normal,0.0835169255951433,False,1.9687328960483597,False,1.5962703293247862,False,1.0873878406359618,False,0,NORMAL,0,1.656465706513699,32.54750267656172,27.33091015010857,19.545434781685213,28.250404154816174,NORMAL,Temperature,0,Telemetry remains within the expected prototype operating envelope.
44.6,steady,121.00133531891758,753.1117156556577,0.2162902963428444,507.6684967603173,0,normal,0.2208070142725725,False,1.3432344645012797,False,1.654299367653306,False,1.5906683841418148,False,0,NORMAL,0,4.320048516325192,23.558687229894527,28.16941843533691,27.249446871781057,25.59866207513604,NORMAL,Vibration,0,Telemetry remains within the expected prototype operating envelope.
44.7,steady,121.24747646645672,754.7009941392179,0.2027744249183002,513.7968892209585,0,normal,0.3612758871097307,False,1.6944214877838204,False,0.3145736478358052,False,2.6377713162545264,False,0,NORMAL,0,6.9706524370405365,28.743511018148094,6.097645878080604,40.99536956725037,33.8926183725082,NORMAL,Thrust,0,Telemetry remains within the expected prototype operating envelope.
44.8,steady,121.23249269852764,754.252493286268,0.2024450215501344,504.0881120725345,0,normal,0.3527248869502918,False,1.5953150812500068,False,0.2819223928286874,False,0.9789204700278856,False,0,NORMAL,0,6.811417520903184,27.317025422179817,5.48243337627966,17.78102687922646,22.77785805429343,NORMAL,Temperature,0,Telemetry remains within the expected prototype operating envelope.
44.9,steady,121.5274563315989,752.9881317215023,0.2318502455653274,505.1792363248397,0,normal,0.521055982663924,False,1.315925799336227,False,3.196639000639106,False,1.1653509917716736,False,0,NORMAL,0,9.896501813916792,23.14004296594637,47.23530109009671,20.790203240118267,39.5458750056947,NORMAL,Vibration,1,Telemetry remains within the expected prototype operating envelope.
45.0,steady,120.44919345668796,751.9060374290691,0.2028514165102939,497.2397004797559,0,normal,0.0942916427744891,False,1.0768125933112098,False,0.3222052398185721,False,0.1912056120022466,False,0,NORMAL,0,1.8681622812049103,19.375089315526306,6.240861444576162,3.751916278023004,15.326960620533507,NORMAL,Temperature,0,Telemetry remains within the expected prototype operating envelope.
45.1,steady,121.04345385871932,756.7074959381567,0.2070197572605287,524.0253202111444,0,normal,0.2448434009988347,False,2.137803438316421,False,0.7353812117290383,False,4.385410709377776,False,0,NORMAL,0,4.778904771171099,34.79021734980439,13.677183963258543,58.40050432017776,47.72942371850157,WARNING,Thrust,1,Elevated telemetry deviation primarily associated with Thrust.
45.2,steady,121.47069885468495,757.9236701495226,0.2017714677135862,515.7198068406418,0,normal,0.4886653852896465,False,2.406544634715065,False,0.215158114732144,False,2.966322839466029,False,0,NORMAL,0,9.310905855199426,38.20260206008662,4.211890143458518,44.74794036885055,37.52757835216743,NORMAL,Thrust,0,Telemetry remains within the expected prototype operating envelope.
45.3,steady,119.952011479931,755.9113704583964,0.2191782545254131,498.6666540150992,0,normal,0.3780255595463567,False,1.9618815087813852,False,1.940560736485108,False,0.052605018671723,False,0,NORMAL,0,7.281773248655443,32.45501068493124,32.16637345804171,1.0465851562750816,27.47885941814686,NORMAL,Temperature,0,Telemetry remains within the expected prototype operating envelope.
45.4,steady,120.32577907011776,759.4231874178545,0.2339721805613391,501.2698297967968,0,normal,0.1647222877386741,False,2.73789688749744,False,3.406970306748994,False,0.4973860948391481,False,0,NORMAL,0,3.24076994542688,42.16519202684669,49.40887707497792,9.46894264571072,41.240600996869844,NORMAL,Vibration,1,Telemetry remains within the expected prototype operating envelope.
45.5,steady,122.20047656784446,756.8804552022746,0.2091896062351126,513.023277606831,0,normal,0.9051380222870689,False,2.1760226992848377,False,0.9504618667647674,False,2.5055913041760247,False,0,NORMAL,0,16.558767512161467,35.286771080565146,17.311725151655068,39.414722067528864,35.119618102435936,NORMAL,Thrust,0,Telemetry remains within the expected prototype operating envelope.
45.6,steady,121.36445477716244,756.1626355680497,0.2182873163064123,495.9000974097961,0,normal,0.4280335650335919,False,2.017404217247333,False,1.8522487949704665,False,0.4200914595439605,False,0,NORMAL,0,8.204481993000845,33.20091769236191,30.95762634888919,8.058556190373533,28.617484944689974,NORMAL,Temperature,0,Telemetry remains within the expected prototype operating envelope.
45.7,steady,119.19856081543946,752.9183125874172,0.2070023520914692,508.9142299393081,0,normal,0.8080079766987228,False,1.3004976826649424,False,0.7336559694627898,False,1.803515533329593,False,0,NORMAL,0,14.921990821795927,22.902515817856152,13.647393269784125,30.281404239361343,26.836326868604658,NORMAL,Thrust,0,Telemetry remains within the expected prototype operating envelope.
45.8,steady,118.85936564197272,753.3820493140097,0.1848265675737884,504.4829563371002,0,normal,1.001581315269037,False,1.4029708000471095,False,1.4644611879345957,False,1.046383934518759,False,0,NORMAL,0,18.15281402688744,24.466518163993655,25.389746182484995,18.882931685355253,24.106385898753363,NORMAL,Vibration,0,Telemetry remains within the expected prototype operating envelope.
45.9,steady,120.02984340227172,755.4080063405896,0.2171837366263591,506.7134536691312,0,normal,0.3336081083755318,False,1.8506518231168545,False,1.7428593198271645,False,1.4274888182935932,False,0,NORMAL,0,6.45444243500256,30.93557108142707,29.430480085376963,24.83599778999297,28.128064199710057,NORMAL,Temperature,0,Telemetry remains within the expected prototype operating envelope.
46.0,steady,120.527089133454,753.0793129262913,0.2003536027994767,505.5403479174946,0,normal,0.0498378079581359,False,1.3360743486436022,False,0.0746159304368841,False,1.2270508600352197,False,0,NORMAL,0,0.9918050089119612,23.44914308258661,1.481238718814415,21.76164394169795,19.414278194482254,NORMAL,Temperature,0,Telemetry remains within the expected prototype operating envelope.
46.1,steady,120.1611243249115,754.3445827960564,0.2198561472174869,511.55445887150177,0,normal,0.2586881552811417,False,1.615664341088797,False,2.007755092388669,False,2.254627545835976,False,0,NORMAL,0,5.042202606747193,27.61223323575981,33.07188268779504,36.296170607635645,32.519478694532715,NORMAL,Thrust,0,Telemetry remains within the expected prototype operating envelope.
46.2,steady,121.0109089272928,755.8608301590522,0.2190201864744677,512.6680057089279,0,normal,0.2262705216580564,False,1.9507134866467464,False,1.9248926506709436,False,2.444889211681013,False,0,NORMAL,0,4.424541040675123,32.30397328166769,31.953475445473213,38.67470849046979,34.53227161640537,NORMAL,Thrust,0,Telemetry remains within the expected prototype operating envelope.
46.3,steady,121.78151344961049,752.0113874080495,0.1880519062545369,498.4599639005263,0,normal,0.6660423750657496,False,1.1000920537101926,False,1.1447578517609358,False,0.0172897502064681,False,0,NORMAL,0,12.471740146448251,19.74959768680836,20.463294808142386,0.3451978217455465,17.9412517908177,NORMAL,Vibration,0,Telemetry remains within the expected prototype operating envelope.
46.4,steady,121.09415414728524,755.9187331386665,0.2141504848448853,501.1806140924381,0,normal,0.2737772564658131,False,1.963508459497828,False,1.44219609962642,False,0.4821426152114205,False,0,NORMAL,0,5.328336202340411,32.47698558328135,25.05676456822622,9.192519829564748,27.41481867018149,NORMAL,Temperature,0,Telemetry remains within the expected prototype operating envelope.
46.5,steady,119.9523395953729,754.9570291533703,0.2113307588821803,504.7552472843768,0,normal,0.3778383092359337,False,1.750998214522653,False,1.162698072720587,False,1.092907823305622,False,0,NORMAL,0,7.278300880287425,29.54525822157621,20.748164652836188,19.634207331515185,25.95993681406835,NORMAL,Temperature,0,Telemetry remains within the expected prototype operating envelope.
46.6,steady,119.82325415719704,757.4651970990661,0.1957150688828703,502.88639017968507,0,normal,0.4515053339554447,False,2.305234645615855,False,0.3851667202798426,False,0.7735931308164837,False,0,NORMAL,0,8.634392764223842,36.93769178846759,7.41410188018955,14.334381578718302,29.90004936351887,NORMAL,Temperature,0,Telemetry remains within the expected prototype operating envelope.
46.7,steady,119.4731497085712,752.5593302455594,0.2109189055715055,505.9297673091693,0,normal,0.6513044238899214,False,1.221172415663521,False,1.1218741808847232,False,1.2935874256130424,False,0,NORMAL,0,12.21336209316135,21.66960588347463,20.098442171403995,22.795889466527807,21.535341869517755,NORMAL,Thrust,0,Telemetry remains within the expected prototype operating envelope.
46.8,steady,119.8818382239618,756.6706469245735,0.1952989502158895,502.6584319497894,0,normal,0.4180723305468898,False,2.129660815406045,False,0.4264134045031018,False,0.7346439720516122,False,0,NORMAL,0,8.021420365630426,34.68393509762579,8.174732478332025,13.664454903834955,28.192205312431295,NORMAL,Temperature,0,Telemetry remains within the expected prototype operating envelope.
46.9,steady,119.52539913946248,756.5181075042976,0.1958638064643168,500.97292815723074,0,normal,0.6214864973178753,False,2.0959537807396504,False,0.3704234930687964,False,0.4466571998907087,False,0,NORMAL,0,11.68827484343109,34.24212538854709,7.140696003283454,8.545759257898967,27.64885635820716,NORMAL,Temperature,0,Telemetry remains within the expected prototype operating envelope.
47.0,steady,120.50995382739288,756.7265668221304,0.2118449626781078,505.930448804598,0,normal,0.059616657013606,False,2.142017581428125,False,1.2136671910995052,False,1.2937038665665537,False,0,NORMAL,0,1.1852530161780006,34.84515486637076,21.551940155189797,22.79768738964164,29.682603763036763,NORMAL,Temperature,0,Telemetry remains within the expected prototype operating envelope.
47.1,steady,120.21633032559056,754.390893019138,0.2160549406345795,506.6581692741841,0,normal,0.2271829609373046,False,1.6258976322078882,False,1.6309703431483988,False,1.4180428742844675,False,0,NORMAL,0,4.441980809931012,27.760234747993085,27.83348787202421,24.693864582758916,25.50560431792762,NORMAL,Vibration,0,Telemetry remains within the expected prototype operating envelope.
47.2,steady,120.71132312622612,751.680021748396,0.2086360162175061,511.71399804698456,0,normal,0.0553016275313099,False,1.0268693172071084,False,0.8955886912568367,False,2.281886560252523,False,0,NORMAL,0,1.099938498703057,18.565719351173314,16.399253645457122,36.642526338938055,30.179542930808495,NORMAL,Thrust,0,Telemetry remains within the expected prototype operating envelope.
47.3,steady,120.1119767881862,753.4409455353754,0.2131177828046185,508.27669758696845,0,normal,0.2867358797495918,False,1.4159852521258074,False,1.3398321868016043,False,1.694586152625131,False,0,NORMAL,0,5.5733814056883375,24.662867890664796,23.50665461420708,28.74585766719694,25.90257412173176,NORMAL,Thrust,0,Telemetry remains within the expected prototype operating envelope.
47.4,steady,122.11009848516858,753.3292553001736,0.2290391342036356,509.765179300973,0,normal,0.8535606751852544,False,1.391304768726594,False,2.9179948737283845,False,1.948909546099057,False,0,NORMAL,0,15.693577280328274,24.29007721450326,44.21130717869804,32.27954495370461,38.92886899603672,NORMAL,Vibration,0,Telemetry remains within the expected prototype operating envelope.
47.5,steady,119.4765790223675,753.6209801421821,0.2022559241953597,510.2381311185967,0,normal,0.6493473685646022,False,1.4557679700738155,False,0.2631786077049934,False,2.0297185409802374,False,0,NORMAL,0,12.178994706270863,25.259912709907905,5.127445017612297,33.36523237180867,28.331414712165614,NORMAL,Thrust,0,Telemetry remains within the expected prototype operating envelope.
47.6,steady,118.60254441984456,760.5425400026983,0.2112256646595543,511.5289940657676,0,normal,1.1481451383180352,False,2.985243155845775,False,1.152280880322574,False,2.250276605043403,False,0,NORMAL,0,20.517159283099573,44.95662257627028,20.582876205127864,36.24071216350525,39.922824569525936,NORMAL,Temperature,0,Telemetry remains within the expected prototype operating envelope.
47.7,steady,121.25787434886163,759.9932297612924,0.2036760420034344,506.8045500707908,0,normal,0.3672097946904602,False,2.863860635077095,False,0.4039441042747178,False,1.4430536356409358,False,0,NORMAL,0,7.080992459487101,43.60400987101596,7.761153991524261,25.069616770757484,35.650236561779046,NORMAL,Temperature,0,Telemetry remains within the expected prototype operating envelope.
47.8,steady,120.70746120887542,753.798968923516,0.2012281080640022,507.2820313684466,0,normal,0.0530976921768708,False,1.4950986166162,False,0.1612989979358146,False,1.5246365417644212,False,0,NORMAL,0,1.0563350210646694,25.845521643668757,3.174500284874593,26.28230409486052,22.014880503050335,NORMAL,Thrust,0,Telemetry remains within the expected prototype operating envelope.
47.9,steady,119.41262247531245,752.5233518379325,0.2050725654597225,502.9549991262671,0,normal,0.6858463617853602,False,1.213222172828403,False,0.5423708718836507,False,0.7853157203204403,False,0,NORMAL,0,12.81773618317309,21.544957680468823,10.279793467969078,14.534990896629063,19.18225183727574,NORMAL,Temperature,0,Telemetry remains within the expected prototype operating envelope.
48.0,steady,118.80060840644592,756.6073673257481,0.228029004194047,501.6482539539278,0,normal,1.0351131433603336,False,2.1156777569453182,False,2.8178683549345003,False,0.5620440042434519,False,0,NORMAL,0,18.699874735931786,34.501015768886376,43.08286062602301,10.632115385555052,37.35899772709963,NORMAL,Vibration,0,Telemetry remains within the expected prototype operating envelope.
48.1,steady,121.40468321185864,758.6749218342434,0.2042091179987999,508.1753806677588,0,normal,0.4509912985709335,False,2.5725506843924357,False,0.4567838805033946,False,1.677275047982538,False,0,NORMAL,0,8.624999250362963,40.220664017379214,8.730797389774903,28.498732530315053,33.6750110152318,NORMAL,Temperature,0,Telemetry remains within the expected prototype operating envelope.
48.2,steady,121.48345801539206,753.6639890416598,0.2011698410263172,522.0498839973228,0,normal,0.4959468371752574,False,1.4652717590814983,False,0.1555234288620779,False,4.047885809499256,False,0,NORMAL,0,9.442879391093328,25.401840585922574,3.062591191106978,55.495379106335065,44.24473181813286,NORMAL,Thrust,1,Telemetry remains within the expected prototype operating envelope.
48.3,steady,121.09110953987307,753.7597193110331,0.2224687224109459,503.6172929637938,0,normal,0.2720397470095757,False,1.486425527088192,False,2.266719836258466,False,0.8984758718035862,False,0,NORMAL,0,5.295431903301228,25.716780331519494,36.4500494990163,16.44751380025187,31.034637533593376,NORMAL,Vibration,0,Telemetry remains within the expected prototype operating envelope.
48.4,steady,120.18814975980636,757.9164905256101,0.1989971461898619,501.5772637912533,0,normal,0.2432651656039997,False,2.4049581344407533,False,0.0598393148547592,False,0.5499145579057675,False,0,NORMAL,0,4.7488437665215155,38.18299063114073,1.1896532938491466,10.415055618375202,29.590891449856553,NORMAL,Temperature,0,Telemetry remains within the expected prototype operating envelope.
48.5,steady,119.56882896563276,753.8494046537149,0.2126455455389949,510.01190009919696,0,normal,0.5967017801316385,False,1.5062435318333085,False,1.293022891955597,False,1.9910644950343088,False,0,NORMAL,0,11.249431855627822,26.010626642039437,22.787172110635122,32.848095329583415,29.479602983794226,NORMAL,Thrust,0,Telemetry remains within the expected prototype operating envelope.
48.6,steady,119.3768116964574,753.4115379677661,0.2045255635280712,503.78321547390686,0,normal,0.7062830087721871,False,1.4094869849954652,False,0.4881507233187336,False,0.92682554881248,False,0,NORMAL,0,13.173351559326429,24.56489207529757,9.30157052916737,16.919910504706625,21.563655757436997,NORMAL,Temperature,0,Telemetry remains within the expected prototype operating envelope.
48.7,steady,119.63270205620763,756.675881721632,0.2283359161304669,494.7689808109739,0,normal,0.5602504142085492,False,2.1308175622037155,False,2.848290205070928,False,0.6133551114387583,False,0,NORMAL,0,10.600051765542984,34.699044179602645,43.428114172609696,11.544538654689006,37.002052229785185,NORMAL,Vibration,0,Telemetry remains within the expected prototype operating envelope.
48.8,steady,120.00881444883092,756.2114846951729,0.1992824957497167,505.8342908186684,0,normal,0.345609000612801,False,2.02819853663301,False,0.0315547794024699,False,1.2772742221435605,False,0,NORMAL,0,6.678699230302476,33.34497226512541,0.6291083624717198,22.54358883441846,27.20391423290935,NORMAL,Temperature,0,Telemetry remains within the expected prototype operating envelope.
48.9,steady,119.73832825447506,757.5844412299919,0.2157806210086251,511.8094148938336,0,normal,0.49997120790339,False,2.3315843331104644,False,1.603779121302767,False,2.2981895729512454,False,0,NORMAL,0,9.515737151576719,37.269152056715726,27.439959662385927,36.84877345081389,33.94389078999579,NORMAL,Temperature,0,Telemetry remains within the expected prototype operating envelope.
49.0,steady,122.50326440591668,753.6376621861933,0.2068231427986911,502.16366396607214,0,normal,1.0779342684573374,False,1.4594542449709844,False,0.7158923128531892,False,0.6501074463977621,False,0,NORMAL,0,19.393174278599812,25.31499490411988,13.340060046200087,12.192343851488141,22.600796832213618,NORMAL,Temperature,0,Telemetry remains within the expected prototype operating envelope.
49.1,steady,120.91563748629028,754.4743091716367,0.203884616494852,511.59523740880223,0,normal,0.1719006120960292,False,1.644330317601116,False,0.4246185100805173,False,2.261595005287834,False,0,NORMAL,0,3.3795841038584795,28.026059034544627,8.141763228948506,36.38487955532519,30.2942467291956,NORMAL,Thrust,0,Telemetry remains within the expected prototype operating envelope.
49.2,steady,119.9760189384146,754.6401360981981,0.2065047522961882,512.2248335666136,0,normal,0.3643248814330423,False,1.680973527285008,False,0.6843326796079254,False,2.369168400289073,False,0,NORMAL,0,7.027364334382014,28.55160216574658,12.791338939885444,37.73892034515804,32.06485548055529,NORMAL,Thrust,0,Telemetry remains within the expected prototype operating envelope.
49.3,steady,119.25657763033112,754.7783403930117,0.2169953850797794,503.7320184691323,0,normal,0.7748986949922272,False,1.711512891784376,False,1.7241894610075552,False,0.91807798015412,False,0,NORMAL,0,14.35674705113602,28.986669876920267,29.166482918371194,16.77443352742768,26.770593067153605,NORMAL,Vibration,0,Telemetry remains within the expected prototype operating envelope.
49.4,steady,119.7708561817256,756.5760175803921,0.2021634336148114,499.9457463385204,0,normal,0.4814080325777929,False,2.1087503217184977,False,0.2540107186574254,False,0.2711519428282505,False,0,NORMAL,0,9.179177729913935,34.410204880621556,4.953329227421688,5.278614587987751,27.075999234674192,NORMAL,Temperature,0,Telemetry remains within the expected prototype operating envelope.
49.5,steady,120.5702316301691,756.4409770724606,0.221633534757074,508.37028376477787,0,normal,0.0252170651626299,False,2.0789100674813663,False,2.183934024998506,False,1.7105763754802783,False,0,NORMAL,0,0.5030716378808475,34.017591244534984,35.3890836028438,28.97336760288579,31.655176824561195,NORMAL,Vibration,0,Telemetry remains within the expected prototype operating envelope.
49.6,steady,121.33646386236252,753.6753871163056,0.2236106826836206,503.2118474397434,0,normal,0.41205959119405,False,1.4677904214477455,False,2.379913688157196,False,0.829201066090392,False,0,NORMAL,0,7.910745187791002,25.439408638345707,37.872579318076895,15.28184082048103,32.186326778660764,NORMAL,Vibration,0,Telemetry remains within the expected prototype operating envelope.
49.7,steady,119.72433794921834,755.0319312519191,0.1961389125410245,509.1116096187427,0,normal,0.5079552545762351,False,1.767549527146007,False,0.3431543163308407,False,1.8372400120412309,False,0,NORMAL,0,9.660107970112952,29.77809632273358,6.632873116324434,30.75006658298447,26.70939337825351,NORMAL,Thrust,0,Telemetry remains within the expected prototype operating envelope.
49.8,steady,120.68063835220669,754.4656944080667,0.2108731069609401,516.7531548553865,0,normal,0.037790310700029,False,1.6424266907630731,False,1.1173345123292104,False,3.142881658614953,False,0,NORMAL,0,0.7529571810761193,27.998651512373907,20.025863910342633,46.66494249483044,38.68342394276931,NORMAL,Thrust,1,Telemetry remains within the expected prototype operating envelope.
49.9,steady,120.573182678696,757.6589972485478,0.2071713363248901,506.773170179716,0,normal,0.0235329482873931,False,2.34805917153263,False,0.7504060935684772,False,1.4376920377725122,False,0,NORMAL,0,0.4695531020667776,37.475508018695535,13.93619263309105,24.98922435868195,31.085247046998937,NORMAL,Temperature,0,Telemetry remains within the expected prototype operating envelope.
50.0,steady,120.72070878022664,751.9329649479276,0.2160126023601065,507.98854364613845,0,normal,0.0606578723179873,False,1.0827628375825171,False,1.6267736714383405,False,1.6453518977563826,False,0,NORMAL,0,1.2058283591390717,19.470979829596292,27.77289061292918,28.040762962326728,24.91941132986161,NORMAL,Thrust,0,Telemetry remains within the expected prototype operating envelope.
50.1,steady,121.55756892552508,758.2077441499694,0.2167795172507148,508.0527782827834,0,normal,0.5382407653355843,False,2.469317209591534,False,1.7027921220129096,False,1.6563270885272197,False,0,NORMAL,0,10.205652048490133,38.973588610247724,28.86270361968588,28.19854300321313,34.628875233804244,NORMAL,Temperature,0,Telemetry remains within the expected prototype operating envelope.
50.2,steady,120.36597219787822,749.7452308311622,0.2053785848614358,501.8653259621577,0,normal,0.1417847033129977,False,0.5993335077652381,False,0.5727042518308698,False,0.5991331328782351,False,0,NORMAL,0,2.7958656209707056,11.296133028609546,10.822449168202098,11.29257815191499,10.510601240944723,NORMAL,Temperature,0,Telemetry remains within the expected prototype operating envelope.
50.3,steady,119.79098752653076,754.4280735954948,0.2045533587839803,509.7265637368232,0,normal,0.4699193914393741,False,1.6341135214115192,False,0.490905856011303,False,1.9423116542854848,False,0,NORMAL,0,8.970256232429142,27.87884005797935,9.351534003942842,32.19012352019362,27.782771246898537,NORMAL,Thrust,0,Telemetry remains within the expected prototype operating envelope.
50.4,steady,120.86998316954742,753.584023786936,0.1894147079805722,503.26313449416966,0,normal,0.1458464132059399,False,1.4476016275954364,False,1.0096736632515944,False,0.8379640207174118,False,0,NORMAL,0,2.8747965560226296,25.137742338621795,18.285174069699927,15.430187064364176,21.740723772616164,NORMAL,Temperature,0,Telemetry remains within the expected prototype operating envelope.
50.5,steady,120.31458788393444,755.3746651774126,0.2098416303020776,508.00743181801226,0,normal,0.1711089212804409,False,1.8432843390855485,False,1.0150920622597253,False,1.6485791486673411,False,0,NORMAL,0,3.3642841934379275,30.833729853053338,18.373678811991834,28.087194078884792,27.099577011504362,NORMAL,Temperature,0,Telemetry remains within the expected prototype operating envelope.
50.6,steady,121.38583791998818,752.7127440377097,0.1955121683722548,504.5094955719568,0,normal,0.4402365875695546,False,1.2550726625699478,False,0.4052787074464309,False,1.050918453287402,False,0,NORMAL,0,8.42824537795439,22.198893497988514,7.785771157250965,18.956463710826455,19.44910097629431,NORMAL,Temperature,0,Telemetry remains within the expected prototype operating envelope.
50.7,steady,119.62066843290022,755.8778870191875,0.2220792596888181,506.3732301807043,0,normal,0.567117813337218,False,1.954482585643197,False,2.228115353472603,False,1.3693579112746044,False,0,NORMAL,0,10.722756505332676,32.354984657833,35.957487843077686,23.957027833887057,32.384189571511904,NORMAL,Vibration,0,Telemetry remains within the expected prototype operating envelope.
50.8,steady,120.32666331919204,754.5635078754195,0.1946271882773032,511.16380915653815,0,normal,0.1642176607309082,False,1.6640407884759083,False,0.4930000653590367,False,2.187880766057353,False,0,NORMAL,0,3.2310039884713815,28.30922858075705,9.389493426859419,35.44006399087657,29.718398217929156,NORMAL,Thrust,0,Telemetry remains within the expected prototype operating envelope.
50.9,steady,120.23127934882967,754.3338671668093,0.2289091840092759,507.2330224650258,0,normal,0.2186517890247311,False,1.6132964804672532,False,2.905113897562628,False,1.5162628341728863,False,0,NORMAL,0,4.2787972569583665,27.577944288775402,44.06739932641695,26.15874257096722,37.57606186344383,NORMAL,Vibration,0,Telemetry remains within the expected prototype operating envelope.
51.0,steady,120.2713467619264,755.7386076282327,0.2156009994992978,501.5903431179469,0,normal,0.1957859479759383,False,1.9237056543375808,False,1.5859746047962533,False,0.5521493040351734,False,0,NORMAL,0,3.840045617715615,31.937319332795578,27.18111979684731,10.455086593344143,27.18294505862861,NORMAL,Temperature,0,Telemetry remains within the expected prototype operating envelope.
51.1,steady,119.7645126743431,752.7450456520311,0.2107389949956867,511.0754655907924,0,normal,0.4850281722446634,False,1.2622104347716585,False,1.1040410114115435,False,2.172786300857915,False,0,NORMAL,0,9.244910743029134,22.30987957485725,19.812953753322617,35.244869962701706,30.4877692037233,NORMAL,Thrust,0,Telemetry remains within the expected prototype operating envelope.
51.2,steady,120.33000743473453,758.52710060245,0.1954163946307219,500.9340778349797,0,normal,0.1623092267060118,False,2.539886240175468,False,0.4147720313161558,False,0.4400191970859173,False,0,NORMAL,0,3.194061489779032,39.828853827556706,7.96068895753117,8.42426392579707,31.086943455469957,NORMAL,Temperature,0,Telemetry remains within the expected prototype operating envelope.
51.3,steady,120.87191122414433,750.5740408945651,0.2061581165441464,505.042612434178,0,normal,0.1469467235713668,False,0.7824778352345505,False,0.6499733092179882,False,1.1420073045931425,False,0,NORMAL,0,2.8961677780573902,14.48646915307843,12.189988165618114,20.41952887938073,17.64700724450926,NORMAL,Thrust,0,Telemetry remains within the expected prototype operating envelope.
51.4,steady,119.97295227393388,754.9581901605779,0.2139309237345708,499.4060095087716,0,normal,0.3660749785106021,False,1.751254765321952,False,1.4204326737014088,False,0.1789319976095262,False,0,NORMAL,0,7.059900867434987,29.548873172897082,24.729849294152086,3.515363688149664,24.881491426863562,NORMAL,Temperature,0,Telemetry remains within the expected prototype operating envelope.
51.5,steady,119.34523501632808,757.9152197745196,0.1973838886267581,502.21651125381743,0,normal,0.7243033223607543,False,2.4046773332486286,False,0.2197492889948943,False,0.6591369839653531,False,0,NORMAL,0,13.485717015411701,38.17951887566947,4.299805754622355,12.350773259984404,30.794321073432855,NORMAL,Temperature,0,Telemetry remains within the expected prototype operating envelope.
51.6,steady,120.22611235793406,754.9514594548299,0.2192886894433462,503.9467999428048,0,normal,0.2216005092786325,False,1.7497674636685911,False,1.9515073114615649,False,0.9547757458880078,False,0,NORMAL,0,4.335231624257774,29.527913640254656,32.31472018570394,17.38303582918824,28.316146982655468,NORMAL,Vibration,0,Telemetry remains within the expected prototype operating envelope.
51.7,steady,122.07396779061608,755.8466237795902,0.2013388330828285,501.8384035141217,0,normal,0.8329414573529087,False,1.9475742658201456,False,0.1722743284113224,False,0.5945331379433103,False,0,NORMAL,0,15.345192933831786,32.261457380993754,3.386805559139716,11.210929861263274,26.412831049478438,NORMAL,Temperature,0,Telemetry remains within the expected prototype operating envelope.
51.8,steady,120.76775157581962,758.0964746505327,0.2105582057137169,512.6543792664029,0,normal,0.0875044542004538,False,2.444729697274783,False,1.0861207424688786,False,2.442560984823176,False,0,NORMAL,0,1.734863972054368,38.67275200576879,19.525043431585786,38.646146002839366,33.76293427732144,NORMAL,Temperature,0,Telemetry remains within the expected prototype operating envelope.
51.9,steady,118.71069083666178,758.6765889154132,0.1965750028745291,505.87225881512967,0,normal,1.0864276830141544,False,2.5729190636787864,False,0.2999279924329285,False,1.2837614699293949,False,0,NORMAL,0,19.52998348536399,40.22506814896369,5.822190348352462,22.644019454864438,33.865654672611555,NORMAL,Temperature,0,Telemetry remains within the expected prototype operating envelope.
52.0,steady,119.54130662517244,751.6859085591763,0.2190299529038651,506.968772420815,0,normal,0.6124083459819799,False,1.0281701411822144,False,1.9258607226689293,False,1.471112821689016,False,0,NORMAL,0,11.527787753768603,18.586902928376027,31.96664895713758,25.48893620682866,28.440720958674127,NORMAL,Vibration,0,Telemetry remains within the expected prototype operating envelope.
52.1,steady,120.13234913736,754.1699274679999,0.2019248597188168,511.66851744669407,0,normal,0.2751097012170758,False,1.5770702964357624,False,0.2303626996358318,False,2.274115701870938,False,0,NORMAL,0,5.353561793324591,27.051323904126757,4.502731397098925,36.54398138984253,30.180602770782016,NORMAL,Thrust,0,Telemetry remains within the expected prototype operating envelope.
52.2,steady,119.0913231998274,754.8798036402358,0.215513528751982,504.1684849270487,0,normal,0.869206793480773,False,1.7339334909013868,False,1.5773042937057036,False,0.9926530519675392,False,0,NORMAL,0,15.956978597164506,29.304389279940366,27.054737782452765,18.006532816669242,26.95108389863109,NORMAL,Temperature,0,Telemetry remains within the expected prototype operating envelope.
52.3,steady,119.9025785073968,753.0559943213747,0.2004895870886387,501.3072877050637,0,normal,0.4062361777314613,False,1.3309215755251766,False,0.088095020608651,False,0.5037861884736503,False,0,NORMAL,0,7.803427943406993,23.370212578931195,1.7464697043323207,9.584749960912198,18.909813442718765,NORMAL,Temperature,0,Telemetry remains within the expected prototype operating envelope.
52.4,steady,119.5115092341994,755.0101209432233,0.2109795994775294,511.79015724386096,0,normal,0.6294132472970116,False,1.7627300461884725,False,1.1278903069917487,False,2.2948991926628644,False,0,NORMAL,0,11.828168916705263,29.71037706529468,20.19452392542618,36.807201463344455,32.54695469611632,NORMAL,Thrust,0,Telemetry remains within the expected prototype operating envelope.
52.5,steady,120.25321474382648,759.3610472628408,0.2138391991528143,499.8781155810771,0,normal,0.2061336048802097,False,2.724165614916002,False,1.411340712298497,False,0.2595964876457253,False,0,NORMAL,0,4.038845878247965,42.00614463189858,24.592854115411,5.059451688038241,33.927507438173706,NORMAL,Temperature,0,Telemetry remains within the expected prototype operating envelope.
52.6,steady,120.31248657326285,749.4426279239887,0.2256258715265713,506.38731873038665,0,normal,0.1723081061565584,False,0.5324665519068419,False,2.57966405854675,False,1.371765094198406,False,0,NORMAL,0,3.3874582321087754,10.101893801842198,40.30565010596844,23.9936288914507,33.00517778412437,NORMAL,Vibration,0,Telemetry remains within the expected prototype operating envelope.
52.7,steady,121.02992438342014,753.7687554938657,0.1951115012022623,501.52365898551744,0,normal,0.2371223427184357,False,1.4884222760429124,False,0.4449938020832922,False,0.5407555900978415,False,0,NORMAL,0,4.631749655934003,25.74643939719975,8.515329239751201,10.25080410253576,21.03531381777915,NORMAL,Temperature,0,Telemetry remains within the expected prototype operating envelope.
52.8,steady,120.88752654130212,754.359041513865,0.1991233783894383,501.28785897613113,0,normal,0.1558581389201619,False,1.6188593217798448,False,0.0473268752843035,False,0.5004665774723714,False,0,NORMAL,0,3.069080159058857,27.658473963779052,0.9420719399623079,9.524701337568253,21.582511723988624,NORMAL,Temperature,0,Telemetry remains within the expected prototype operating envelope.
52.9,steady,122.6417089324242,757.7136107466395,0.1901725521390901,500.42939981144417,0,normal,1.1569423773550684,False,2.360127259047963,False,0.9345543254828036,False,0.3537894326557202,False,0,NORMAL,0,20.656882239256426,37.6262362535861,17.0482327932169,6.831256109974371,31.64628171198392,NORMAL,Temperature,0,Telemetry remains within the expected prototype operating envelope.
53.0,steady,121.08655776477528,755.5628439696147,0.2054526723606868,505.5931013705837,0,normal,0.2694421207134935,False,1.8848666989815568,False,0.5800479831483549,False,1.2360643649247056,False,0,NORMAL,0,5.246217705109202,31.406563919797126,10.953332222247237,21.902557252231112,26.49627526906429,NORMAL,Temperature,0,Telemetry remains within the expected prototype operating envelope.
53.1,steady,119.93922095080956,756.7792048576099,0.1916849020267314,511.12964074240665,0,normal,0.3853249128915535,False,2.153649145803222,False,0.7846465631052472,False,2.182042718502058,False,0,NORMAL,0,7.417031114857209,34.99654925783852,14.523552225721614,35.36463917075925,31.06342049079646,NORMAL,Thrust,0,Telemetry remains within the expected prototype operating envelope.
53.2,steady,120.82874945487131,752.1949609537617,0.195475671825914,512.7039906586624,0,normal,0.1223149822308677,False,1.140656780244254,False,0.4088963329980097,False,2.451037634227529,False,0,NORMAL,0,2.416620243121692,20.398030903368547,7.852466336619079,38.75007290474447,31.261551547021114,NORMAL,Thrust,0,Telemetry remains within the expected prototype operating envelope.
53.3,steady,118.54848109658153,757.1461530445406,0.1935743600601493,512.9565447650989,0,normal,1.178998224673222,False,2.2347346464251387,False,0.5973589332977518,False,2.4941892677211657,False,0,NORMAL,0,21.006107365584814,36.0422149772077,11.261095632492324,39.27640530867366,34.94342298798425,NORMAL,Thrust,0,Telemetry remains within the expected prototype operating envelope.
53.4,steady,120.39916966375772,749.9353299414358,0.2118653551558766,500.745675841884,0,normal,0.1228394328461756,False,0.6413402053681095,False,1.2156885425980153,False,0.4078286543533253,False,0,NORMAL,0,2.4268552390487863,12.038242609557525,21.583647966159337,7.832787444850064,17.869005338219942,NORMAL,Vibration,0,Telemetry remains within the expected prototype operating envelope.
53.5,steady,120.26466063303069,758.9170675958342,0.2046797154400109,507.9914958095761,0,normal,0.1996016163394524,False,2.626058266665277,False,0.5034306320051716,False,1.645856307193525,False,0,NORMAL,0,3.9134005235109792,40.85698270486824,9.578320186900037,28.048021979819147,33.76675223023547,NORMAL,Temperature,0,Telemetry remains within the expected prototype operating envelope.
53.6,steady,120.8459412546567,750.9470722712681,0.217634146836855,499.5655227993245,0,normal,0.1321260713642293,False,0.8649075542110851,False,1.7875050644125998,False,0.2061865893024733,False,0,NORMAL,0,2.6079123506981383,15.884683308552683,30.057800948993783,4.039862762122226,24.13921831175306,NORMAL,Vibration,0,Telemetry remains within the expected prototype operating envelope.
53.7,steady,120.84729674551988,752.2408288983358,0.208635848257186,511.72810017052666,0,normal,0.1328996286324758,False,1.1507923399247777,False,0.8955720426254852,False,2.2842960624188398,False,0,NORMAL,0,2.6229788566417334,20.55922956599566,16.398975277392314,36.6730509774368,30.509728669612244,NORMAL,Thrust,0,Telemetry remains within the expected prototype operating envelope.
53.8,steady,119.05798656920824,757.3833738240561,0.2150660715823973,499.79274531902,0,normal,0.8882314830707884,False,2.287153942527474,False,1.5329512616458734,False,0.2450100439267042,False,0,NORMAL,0,16.276149478282075,36.709236800567645,26.404790620869846,4.782078302706916,31.226076250581286,NORMAL,Temperature,0,Telemetry remains within the expected prototype operating envelope.
53.9,steady,120.63273160366316,754.9834500805778,0.2410296128748147,506.4907962425235,0,normal,0.0104506844876655,False,1.756836515911831,False,4.106519990912495,False,1.3894453597920524,False,0,NORMAL,0,0.20879540824668696,29.627477413552082,56.01422932762302,24.26191683728994,46.04408572429224,WARNING,Vibration,1,Elevated telemetry deviation primarily associated with Vibration.
54.0,steady,118.96631243124926,755.8815322682315,0.2280461237604961,490.465224654052,0,normal,0.940548468492204,False,1.9552880858586237,False,2.8195652875823147,False,1.348698958940903,False,0,NORMAL,0,17.14761815940813,32.36588139496315,43.102174258849004,23.642184220417505,38.18897584619516,NORMAL,Vibration,0,Telemetry remains within the expected prototype operating envelope.
54.1,steady,120.17822586610328,756.0371336459415,0.2164169316212077,506.5896469228752,0,normal,0.2489285753043508,False,1.98967172926782,False,1.6668517613636709,False,1.4063350805307857,False,0,NORMAL,0,4.8566719519105295,32.829387349325046,28.34952141644138,24.517324233251124,29.26248096026749,NORMAL,Temperature,0,Telemetry remains within the expected prototype operating envelope.
54.2,steady,120.03674483406652,751.4352655387837,0.2268678600168589,502.7587719248851,0,normal,0.3296695700414477,False,0.9727848974073025,False,2.7027729482284037,False,0.7517881550988894,False,0,NORMAL,0,6.380726852758922,17.680072854745287,41.75748441715349,13.959978441059107,34.122962845649994,NORMAL,Vibration,0,Telemetry remains within the expected prototype operating envelope.
54.3,steady,119.82994169039094,752.4671090388149,0.2067443931898716,507.5200233431313,0,normal,0.447688864181091,False,1.200794054403902,False,0.7080864620096041,False,1.5653000756539526,False,0,NORMAL,0,8.564627326156327,21.349705407770436,13.204663472074806,26.8793972173374,23.59646761581147,NORMAL,Thrust,0,Telemetry remains within the expected prototype operating envelope.
54.4,steady,118.63638613426258,757.0828803170754,0.1939577322324266,501.8508414311884,0,normal,1.1288322053659368,False,2.220753106346835,False,0.5593581604782131,False,0.5966582922172239,False,0,NORMAL,0,20.209556239123728,35.86311902325973,10.584096854541624,11.24865993684857,30.12775266982402,NORMAL,Temperature,0,Telemetry remains within the expected prototype operating envelope.
54.5,steady,120.0258433270565,758.8932324904281,0.2134516350565676,496.2884390966799,0,normal,0.3358908882453869,False,2.620791361082792,False,1.3729244258815805,False,0.3537390316260091,False,0,NORMAL,0,6.497141470155832,40.79464974285813,24.01125016731126,6.830316945115111,33.35319118633381,NORMAL,Temperature,0,Telemetry remains within the expected prototype operating envelope.
54.6,steady,122.2112650153259,751.9879629795471,0.1974884952069971,503.97486486421707,0,normal,0.9112948192002732,False,1.0949158964772463,False,0.2093804328844514,False,0.9595709449045624,False,0,NORMAL,0,16.66145042392668,19.666476929544817,4.101139522888364,17.462230804619917,17.848698551289864,NORMAL,Temperature,0,Telemetry remains within the expected prototype operating envelope.
54.7,steady,120.6660497885212,750.3990674333402,0.200239198475918,500.9182647956421,0,normal,0.0294648473725841,False,0.7438134918632322,False,0.0632758984170788,False,0.4373173662285805,False,0,NORMAL,0,0.5875639987326209,13.822640908771277,1.2575439626363427,8.37476612363085,11.0884366526563,NORMAL,Temperature,0,Telemetry remains within the expected prototype operating envelope.
54.8,steady,121.77068021182616,751.4712663590253,0.2159742924008487,500.3575782771591,0,normal,0.6598600170327468,False,0.9807400928165168,False,1.622976296031999,False,0.3415179373783371,False,0,NORMAL,0,12.363447001461802,17.81094293873161,27.718015087498284,6.602311315270781,23.6599974868831,NORMAL,Vibration,0,Telemetry remains within the expected prototype operating envelope.
54.9,steady,121.01420230055147,754.1736843435947,0.201873019082209,498.34483289822526,0,normal,0.2281499978614573,False,1.5779004630620896,False,0.2252241309106921,False,0.0023816417386033,False,0,NORMAL,0,4.460460649395836,27.063434809957865,4.404537092367466,0.04762149213833888,20.73913735531032,NORMAL,Temperature,0,Telemetry remains within the expected prototype operating envelope.
55.0,steady,119.6378300046573,754.4263557428784,0.2117840162289775,507.4581127304545,0,normal,0.5573239748631019,False,1.633733923025824,False,1.207626032311687,False,1.5547219698163923,False,0,NORMAL,0,10.547711744848687,27.87336443495052,21.45709943471841,26.72453796831714,25.695424321215878,NORMAL,Temperature,0,Telemetry remains within the expected prototype operating envelope.
55.1,steady,119.18085541104873,751.6974572057453,0.1938712337345627,517.2344979612276,0,normal,0.8181121718841204,False,1.0307220758201532,False,0.567932099862056,False,3.2251243969375145,False,0,NORMAL,0,15.093746180522306,18.628444506814745,10.737294772739503,47.5350511013723,38.94730516501877,NORMAL,Thrust,1,Telemetry remains within the expected prototype operating envelope.
55.2,steady,119.53055632617124,760.7690300982034,0.1776280362152895,509.00713008226177,0,normal,0.6185433721588657,False,3.0352912646361543,False,2.1779969491864097,False,1.819388539620432,False,0,NORMAL,0,11.636277049302057,45.50483767443442,35.312318053787216,30.502382037396714,40.33677828468791,NORMAL,Temperature,1,Telemetry remains within the expected prototype operating envelope.
55.3,steady,120.327562086247,755.4441510016044,0.2463067283042191,505.6165323143176,0,normal,0.163704748540419,False,1.858638803397928,False,4.629600378787468,False,1.2400677981322723,False,0,NORMAL,0,3.2210766797531765,31.04580625974641,60.383325208251115,21.965063803955708,49.45299768113753,WARNING,Vibration,1,Elevated telemetry deviation primarily associated with Vibration.
55.4,steady,119.31538734848168,756.9751201132611,0.1991961388467465,506.2585984044498,0,normal,0.7413369158948654,False,2.1969410522623543,False,0.0401146835595098,False,1.3497718175640174,False,0,NORMAL,0,13.77994538046372,35.55694436145761,0.7990838852219184,23.65856669096743,29.56903611278213,NORMAL,Temperature,0,Telemetry remains within the expected prototype operating envelope.
55.5,steady,119.00786216558518,756.1599934419501,0.2085491460792741,505.4587156899128,0,normal,0.9168366900788786,False,2.01682037973259,False,0.8869779139848537,False,1.213103100422115,False,0,NORMAL,0,16.75376954860087,33.19311727491281,16.25515612057573,21.54308929208669,29.253225299358736,NORMAL,Temperature,0,Telemetry remains within the expected prototype operating envelope.
55.6,steady,117.7492352573627,755.1788579977474,0.1943461312529182,511.1381123718148,0,normal,1.635115226146969,False,1.8000163144597336,False,0.5208591143597674,False,2.1834901891152807,False,0,NORMAL,0,27.893287432218717,30.232595036772082,9.892954039495516,35.38334801965277,32.046867358986475,NORMAL,Thrust,0,Telemetry remains within the expected prototype operating envelope.
55.7,steady,119.73553575980948,750.7378846398477,0.2113106251783057,508.8465532699919,0,normal,0.5015648405893515,False,0.8186828161642455,False,1.160702371513559,False,1.7919522336010374,False,0,NORMAL,0,9.544572291838483,15.10343588119235,20.716525742382743,30.11998225033602,26.1828836272215,NORMAL,Thrust,0,Telemetry remains within the expected prototype operating envelope.
55.8,steady,120.20701097280178,755.3531612665809,0.196776824776594,507.7136159498232,0,normal,0.2325013686675826,False,1.838532563665419,False,0.2799229195430041,False,1.598377491534919,False,0,NORMAL,0,4.5435700726307875,30.76796609206346,5.444628747950631,27.361528809802426,25.95947616055539,NORMAL,Temperature,0,Telemetry remains within the expected prototype operating envelope.
55.9,steady,121.55406274067296,757.1968453085309,0.2156735653978604,503.3377637144731,0,normal,0.5362398409104764,False,2.2459362485850867,False,1.593167511389713,False,0.850715239883433,False,0,NORMAL,0,10.169710516530317,36.18534052637031,27.285800363748468,15.645585931720374,31.33303460924803,NORMAL,Temperature,0,Telemetry remains within the expected prototype operating envelope.
56.0,steady,118.73993384995713,756.6343971507989,0.2134582612609131,507.7746598138755,0,normal,1.0697391563008152,False,2.121650608083516,False,1.3735812312112246,False,1.608807503882718,False,0,NORMAL,0,19.260949553081286,34.57921219053205,24.02123147489593,27.51289491017269,31.6967381351055,NORMAL,Temperature,0,Telemetry remains within the expected prototype operating envelope.
56.1,steady,120.83183124591385,754.0057857531551,0.1982523430306172,518.4983537145823,0,normal,0.1240737117988095,False,1.5407994723925886,False,0.1336659973747943,False,3.441067986321604,False,0,NORMAL,0,2.450938762132071,26.520218149844744,2.6379030539135595,49.75271132717474,39.45841735080678,NORMAL,Thrust,1,Telemetry remains within the expected prototype operating envelope.
56.2,steady,121.25490404510272,752.2059887233482,0.1957781476558485,509.47642339252576,0,normal,0.3655146891578416,False,1.143093615333017,False,0.3789142004178998,False,1.8995724384738828,False,0,NORMAL,0,7.049485614292639,20.43681682539711,7.298250425548436,31.608010972169932,26.354556467683665,NORMAL,Thrust,0,Telemetry remains within the expected prototype operating envelope.
56.3,steady,118.6593273002492,755.5066089362059,0.2218246717279151,514.4064633838968,0,normal,1.1157400435720672,False,1.8724402965660412,False,2.202879981777793,False,2.7419237342747778,False,0,NORMAL,0,20.000356591221557,31.235877978473813,35.633443473219714,42.21175165750112,38.73226367616215,NORMAL,Thrust,0,Telemetry remains within the expected prototype operating envelope.
56.4,steady,122.23057902644284,753.044757245136,0.2068433805722105,511.5963914327649,0,normal,0.9223170208869234,False,1.328438489398057,False,0.7178983296939929,False,2.261792182913582,False,0,NORMAL,0,16.844962938755913,23.332147455401632,13.374821332355335,36.38738820154216,31.521492824707217,NORMAL,Thrust,0,Telemetry remains within the expected prototype operating envelope.
56.5,steady,119.22954624705936,753.5052884098184,0.2322170712858536,501.49486256439104,0,normal,0.7903250793142955,False,1.4302032653807693,False,3.232999649319669,False,0.5358354063482759,False,0,NORMAL,0,14.62057300072459,24.876792456866447,47.61762100118114,10.162444127896485,39.46322882710125,NORMAL,Vibration,1,Telemetry remains within the expected prototype operating envelope.
56.6,steady,119.66371106488964,757.0120754677195,0.2200435314115799,506.6658428601958,0,normal,0.542554061766435,False,2.2051071735940253,False,2.026329064900555,False,1.4193539904481751,False,0,NORMAL,0,10.283080574575843,35.6621084220989,33.32004566742355,24.713609012196102,32.278519296040045,NORMAL,Temperature,0,Telemetry remains within the expected prototype operating envelope.
56.7,steady,121.99641879386397,755.0699384400214,0.222005435861191,513.3406749643013,0,normal,0.7886854673555843,False,1.7759480749090593,False,2.220797757921364,False,2.5598221168706203,False,0,NORMAL,0,14.592570583758569,29.89594971769658,35.86369178324645,40.06828908531607,36.58118175783199,NORMAL,Thrust,0,Telemetry remains within the expected prototype operating envelope.
56.8,steady,122.15567843323753,753.3713308587272,0.2162662545118275,503.5141626455634,0,normal,0.8795724330454608,False,1.4006023149491384,False,1.65191628347374,False,0.8808549280891773,False,0,NORMAL,0,16.131030052919336,24.430729702993926,28.13517461088637,16.152539601868167,25.712192469334575,NORMAL,Vibration,0,Telemetry remains within the expected prototype operating envelope.
56.9,steady,119.90573539751703,760.1252989938747,0.1914605406026915,504.0638443042309,0,normal,0.4044345903037029,False,2.893044318828924,False,0.806885807685165,False,0.9747740561828608,False,0,NORMAL,0,7.7702019207880895,43.93221965036135,14.902894297796344,17.712815822314166,35.93377929572012,NORMAL,Temperature,0,Telemetry remains within the expected prototype operating envelope.
57.0,steady,120.95678495114784,755.2893357061711,0.2156956148588222,510.4358091096975,0,normal,0.1953828216592594,False,1.8244288626454197,False,1.5953531070520826,False,2.063493989505308,False,0,NORMAL,0,3.832292383522118,30.572404826519104,27.317578185759018,33.813839308686596,30.338405587288886,NORMAL,Thrust,0,Telemetry remains within the expected prototype operating envelope.
57.1,steady,119.52017998795436,753.2609662312101,0.2170093882030702,507.69094402929335,0,normal,0.6244649848110917,False,1.376214754547136,False,1.725577484305587,False,1.59450374574989,False,0,NORMAL,0,11.740866251367454,24.061239309803273,29.18614390365254,27.305230409728665,27.046673026397446,NORMAL,Vibration,0,Telemetry remains within the expected prototype operating envelope.
57.2,steady,120.88959010756388,752.1016734072439,0.1959170925525762,504.4418118029072,0,normal,0.1570357836565717,False,1.1200427870959146,False,0.3651416476955174,False,1.0393539404916814,False,0,NORMAL,0,3.0919075082117775,20.069170567603233,7.042550476424414,18.768800969182198,17.330048452066492,NORMAL,Temperature,0,Telemetry remains within the expected prototype operating envelope.
57.3,steady,119.97104425836956,752.1874692254536,0.2010441271426045,502.9052732447232,0,normal,0.367163852916024,False,1.1390013134453434,False,0.1430623660080628,False,0.7768195091686718,False,0,NORMAL,0,7.08013868274765,20.371670856397618,2.8207012669381637,14.389641687159349,17.149524399817196,NORMAL,Temperature,0,Telemetry remains within the expected prototype operating envelope.
57.4,steady,119.5672006808852,757.9587565383906,0.2085224850445385,504.1844103471137,0,normal,0.5976310165694935,False,2.414297765831943,False,0.8843352080260365,False,0.995374084302248,False,0,NORMAL,0,11.26592437539533,38.29835247013476,16.21088182162298,18.051142052339163,32.228730418543165,NORMAL,Temperature,0,Telemetry remains within the expected prototype operating envelope.
57.5,steady,120.11317521232964,754.274527489116,0.2142147539250023,497.8912212432804,0,normal,0.2860519579823751,False,1.6001840366839784,False,1.4485666055980435,False,0.0798861581323754,False,0,NORMAL,0,5.5604644383167035,27.387769004660043,25.15218903087668,1.5850272711208646,23.02452670571428,NORMAL,Temperature,0,Telemetry remains within the expected prototype operating envelope.
57.6,steady,120.27432695196728,749.8777679518514,0.200957492651865,501.4321536751198,0,normal,0.194085200498041,False,0.6286205819758064,False,0.1344749466829398,False,0.5251209062167754,False,0,NORMAL,0,3.8073312941726445,11.814189658085816,2.65365397990196,9.969724811689119,10.150652005342614,NORMAL,Temperature,0,Telemetry remains within the expected prototype operating envelope.
57.7,steady,119.05458483084384,756.315996546733,0.2085382614704511,505.7571793143769,0,normal,0.8901728015318091,False,2.0512927938238112,False,0.885899005349791,False,1.2640988775875737,False,0,NORMAL,0,16.30865009979725,33.65213202711179,16.237083563741393,22.339216704316257,29.620880527182248,NORMAL,Temperature,0,Telemetry remains within the expected prototype operating envelope.
57.8,steady,120.32740148426896,753.5193805176176,0.219865321285557,503.38937165978354,0,normal,0.1637964015576248,False,1.4333172352991823,False,2.0086644481055758,False,0.8595330222304208,False,0,NORMAL,0,3.222850679558731,24.92356417247592,33.08405387418764,15.794218604794386,28.244295159685926,NORMAL,Vibration,0,Telemetry remains within the expected prototype operating envelope.
57.9,steady,120.0118737501227,759.5144936359965,0.2035116333103389,507.3973994503037,0,normal,0.3438631055910922,False,2.7580730613324014,False,0.3876475187433076,False,1.544348441346668,False,0,NORMAL,0,6.6461077016082175,42.39809882188651,7.460027876692066,26.57235513730859,34.82796581875708,NORMAL,Temperature,0,Telemetry remains within the expected prototype operating envelope.
58.0,steady,119.88918398783804,755.8229835648513,0.2114662132262933,503.7745144397738,0,normal,0.4138802188981864,False,1.9423504257381088,False,1.1761246334630664,False,0.9253388818909868,False,0,NORMAL,0,7.944271133306935,32.19064933563763,20.960695086096027,16.895204347728544,27.748118809656763,NORMAL,Temperature,0,Telemetry remains within the expected prototype operating envelope.
58.1,steady,121.15588931986424,757.7632603815894,0.1934504299684497,506.9390361267821,0,normal,0.3090085462898829,False,2.3710984687418493,False,0.6096431823923243,False,1.466032050365708,False,0,NORMAL,0,5.993072465492255,37.76294933623543,11.478846193874116,25.41318298963178,31.602621529760967,NORMAL,Temperature,0,Telemetry remains within the expected prototype operating envelope.
58.2,steady,121.29381084257228,753.4659696522148,0.2059047316904882,507.3987348084367,0,normal,0.3877181851636627,False,1.421514896674583,False,0.6248571924101868,False,1.5445766019002691,False,0,NORMAL,0,7.461335761163634,24.74613934839902,11.74778916043131,26.57570571928124,23.445668591594384,NORMAL,Thrust,0,Telemetry remains within the expected prototype operating envelope.
58.3,steady,121.12769659594376,752.765955729487,0.2114648894183519,505.39985110906696,0,normal,0.2929194031664649,False,1.266830989277567,False,1.1759934144323807,False,1.203045442464152,False,0,NORMAL,0,5.690087067045657,22.381640699330653,20.958620766681758,21.38511190263226,20.70941924268783,NORMAL,Temperature,0,Telemetry remains within the expected prototype operating envelope.
58.4,steady,121.44130741094578,752.9677441186068,0.2081892905048557,510.157007151685,0,normal,0.4718921516618077,False,1.3114206974004654,False,0.8513081629695742,False,2.015857623265939,False,0,NORMAL,0,9.006165119513499,23.07075936942381,15.655588474538595,33.180252284695236,28.64703094426688,NORMAL,Thrust,0,Telemetry remains within the expected prototype operating envelope.
58.5,steady,121.6140578536678,756.5455568509826,0.2106921680653422,504.7763420569942,0,normal,0.5704781061594159,False,2.1020193346706124,False,1.0993994133234812,False,1.0965120961066532,False,0,NORMAL,0,10.782735884347616,34.32184860918891,19.73847998283067,19.692118504370637,29.706030106787356,NORMAL,Temperature,0,Telemetry remains within the expected prototype operating envelope.
58.6,steady,121.05364726518854,753.6526581687983,0.2012489815276683,507.18241991049774,0,normal,0.2506606173863374,False,1.4627679464693206,False,0.1633680259146059,False,1.5076168338458835,False,0,NORMAL,0,4.88962469362737,25.36447526865089,3.21455892965149,26.030945802545624,22.126330182421253,NORMAL,Thrust,0,Telemetry remains within the expected prototype operating envelope.
58.7,steady,121.11082208527073,754.3176046307644,0.2050939476505852,510.1966385592549,0,normal,0.2832893859279094,False,1.6097029053426206,False,0.5444903261271106,False,2.022629083047069,False,0,NORMAL,0,5.508270816424465,27.525874759864678,10.317816982981387,33.27068448192262,28.330426529354103,NORMAL,Thrust,0,Telemetry remains within the expected prototype operating envelope.
58.8,steady,121.51577687122392,757.246254727786,0.210005795804431,506.1621692561376,0,normal,0.5143906987379255,False,2.256854377188604,False,1.031364542139211,False,1.3332958420798555,False,0,NORMAL,0,9.776308639925546,36.32453582762535,18.638899531846953,23.406591849112367,31.32375267470112,NORMAL,Temperature,0,Telemetry remains within the expected prototype operating envelope.
58.9,steady,120.29570450962152,756.1636660938823,0.2196424355714893,512.8042474304591,0,normal,0.1818853653314154,False,2.0176319352359022,False,1.986571479451395,False,2.46816760108045,False,0,NORMAL,0,3.5723377820565005,33.20395989361725,32.7877252984754,38.959555700687396,34.819524339495004,NORMAL,Thrust,0,Telemetry remains within the expected prototype operating envelope.
59.0,steady,119.51059474711327,755.2422439531327,0.2176948717815403,500.9750435076292,0,normal,0.6299351306614788,False,1.8140228748076923,False,1.7935242671464788,False,0.4470186306605082,False,0,NORMAL,0,11.837371518799811,30.427761821196786,30.141949543234638,8.552369894293921,26.861997301811364,NORMAL,Temperature,0,Telemetry remains within the expected prototype operating envelope.
59.1,steady,121.21904091938086,756.7919727840782,0.2179256740111331,502.4012237577828,0,normal,0.3450481686393001,False,2.1564705079095368,False,1.8164019398813056,False,0.6906971370955917,False,0,NORMAL,0,6.668231129372815,35.033218565666715,30.46085732332593,12.902275482990111,30.214743036551976,NORMAL,Temperature,0,Telemetry remains within the expected prototype operating envelope.
59.2,steady,119.39100389409585,756.2550010313007,0.2020598202359066,507.4579721380901,0,normal,0.6981837452996366,False,2.0378144552444915,False,0.2437403110547106,False,1.5546979480720369,False,0,NORMAL,0,13.03259120415291,33.473038942127374,4.757894967162879,26.724185926588184,28.581400028385538,NORMAL,Temperature,0,Telemetry remains within the expected prototype operating envelope.
59.3,steady,119.57731379808652,748.9510343893738,0.2173671287146184,504.2550062545509,0,normal,0.5918596200015352,False,0.4238378427962873,False,1.7610375851964164,False,1.0074361678171933,False,0,NORMAL,0,11.163441331841284,8.127419965199124,29.68658054906168,18.24859857657203,25.17855589387408,NORMAL,Vibration,0,Telemetry remains within the expected prototype operating envelope.
59.4,steady,120.35040165263943,755.857043181069,0.1900362736565362,506.61465963185617,0,normal,0.1506705680333804,False,1.9498766682169355,False,0.9480625768119496,False,1.410608775644514,False,0,NORMAL,0,2.968460767502923,32.292642476954946,17.27203700066655,24.58181465660323,27.737776163921886,NORMAL,Temperature,0,Telemetry remains within the expected prototype operating envelope.
59.5,steady,121.21477604562148,757.6077295522674,0.2363136199893024,505.8779852809719,0,normal,0.3426142724144605,False,2.336730414594484,False,3.6390594206880897,False,1.2847398992993448,False,0,NORMAL,0,6.62278810192648,37.33368245416659,51.703538270822655,22.659155446527592,43.96022674996102,NORMAL,Vibration,1,Telemetry remains within the expected prototype operating envelope.
59.6,steady,119.0082643584808,755.9346690821211,0.2081741852955227,517.856945934036,0,normal,0.9166071649333442,False,1.967029866603567,False,0.8498108982493793,False,3.3314764462883413,False,0,NORMAL,0,16.749948040256413,32.52452404564205,15.630327510147746,48.63921740380754,41.55059279996211,NORMAL,Thrust,1,Telemetry remains within the expected prototype operating envelope.
59.7,steady,122.00507888029308,757.5263953872463,0.1912773038041201,499.530300943787,0,normal,0.7936276421667952,False,2.318757791419635,False,0.8250486803666336,False,0.2001685497521876,False,0,NORMAL,0,14.676948565085624,37.10802150301421,15.21145510271742,3.9242948466155947,30.32577697848461,NORMAL,Temperature,0,Telemetry remains within the expected prototype operating envelope.
59.8,steady,120.18912234525278,752.7277648897001,0.2254813060814737,498.7088722483769,0,normal,0.2427101264211479,False,1.2583918595214123,False,2.565334383536496,False,0.059818465939929,False,0,NORMAL,0,4.738269554837881,22.2505237980834,40.134324592556005,1.1892412752895654,32.0646424169785,NORMAL,Vibration,0,Telemetry remains within the expected prototype operating envelope.
59.9,steady,121.50543473681203,759.666613795328,0.1945331233389037,506.3245161720122,0,normal,0.5084886056580312,False,2.7916874508113447,False,0.5023240085476331,False,1.361034589675331,False,0,NORMAL,0,9.6697440319921,42.78405056320022,9.558305421710623,23.830336391240625,35.32084605179271,NORMAL,Temperature,0,Telemetry remains within the expected prototype operating envelope.
60.0,steady,121.04803942662838,757.4699755006491,0.2116287382291054,504.4179385007276,0,normal,0.2474603123196109,False,2.306290541511584,False,1.192234503077939,False,1.0352749255016962,False,0,NORMAL,0,4.828728763952872,36.95100782886601,21.21494784758273,18.702505275045777,31.166659188864553,NORMAL,Temperature,0,Telemetry remains within the expected prototype operating envelope.
60.1,steady,121.24940010251248,747.8756962825524,0.2105605791862954,503.74002071394045,0,normal,0.362373675883382,False,0.1862175687767732,False,1.0863560067858304,False,0.9194452512706348,False,0,NORMAL,0,6.991075509611456,3.655850447543918,19.5288299196403,16.797188798662077,16.80387210686875,NORMAL,Vibration,0,Telemetry remains within the expected prototype operating envelope.
60.2,steady,121.02285544407088,754.7610230467105,0.2187515604048573,500.0046765492384,0,normal,0.2330882104635436,False,1.7076862324785496,False,1.8982657878393687,False,0.2812208143682431,False,0,NORMAL,0,4.55477297973943,28.93230031008257,31.59013574943277,5.46917014800653,26.706396416016666,NORMAL,Vibration,0,Telemetry remains within the expected prototype operating envelope.
60.3,steady,121.12424395681236,758.0516043738292,0.1998496764138957,520.5610967615586,0,normal,0.2909490364400989,False,2.4348145948730324,False,0.0246655337179909,False,3.793510214288505,False,0,NORMAL,0,5.652914720329283,38.55101815652651,0.49209589561793887,53.172616790332874,43.12570740046195,NORMAL,Thrust,1,Telemetry remains within the expected prototype operating envelope.
60.4,steady,120.87049888415314,750.5469981862916,0.2006899653078633,507.798846605573,0,normal,0.1461407234019157,False,0.7765021372569446,False,0.1079569921792674,False,1.612940081988234,False,0,NORMAL,0,2.880513375301119,14.38420745007748,2.1359972786347825,27.572781882689632,22.032489472584775,NORMAL,Thrust,0,Telemetry remains within the expected prototype operating envelope.
60.5,steady,120.93446436020972,755.7024738174431,0.2112506061995699,515.5833530611637,0,normal,0.1826448122630904,False,1.915721071659144,False,1.1547531458244535,False,2.9430082176452195,False,0,NORMAL,0,3.5869830082411402,31.82854208159579,20.622134541708213,44.48970259011345,37.71445087796887,NORMAL,Thrust,0,Telemetry remains within the expected prototype operating envelope.
60.6,steady,119.96512520161735,754.0978867474845,0.2262112539940746,497.0356385485705,0,normal,0.3705417652990368,False,1.5611512700004178,False,2.637688578239964,False,0.2260718265681615,False,0,NORMAL,0,7.142892512701204,26.8186994044341,40.99439317397751,4.420742890326313,33.5918192614613,NORMAL,Vibration,0,Telemetry remains within the expected prototype operating envelope.
60.7,steady,120.4289790378254,755.7532006808146,0.1982844213761702,508.6481376233262,0,normal,0.1058276929679306,False,1.926930319334862,False,0.1304863145236763,False,1.758050748548471,False,0,NORMAL,0,2.094312054470704,31.98120104968465,2.575967244376054,29.64456506135957,26.588684655660483,NORMAL,Temperature,0,Telemetry remains within the expected prototype operating envelope.
60.8,steady,119.28888658707092,759.2086154993872,0.2152641901012101,511.9192107133723,0,normal,0.7564604826853546,False,2.6904823694591973,False,1.5525892462706494,False,2.316949390523481,False,0,NORMAL,0,14.040342319828337,41.61414146745166,26.693276040846214,37.085270606933165,37.49958211691127,NORMAL,Temperature,0,Telemetry remains within the expected prototype operating envelope.
60.9,steady,119.75151355196678,756.4354285995879,0.2096969482586525,510.549463476855,0,normal,0.4924465664722389,False,2.0776840069186235,False,1.0007508297424983,False,2.0829130821731385,False,0,NORMAL,0,9.379462308744301,34.00140957480339,18.139218317146966,34.07039581429697,30.5099248056048,NORMAL,Thrust,0,Telemetry remains within the expected prototype operating envelope.
61.0,steady,120.7436185108304,758.2503623125508,0.2043921078932011,504.42927794868,0,normal,0.0737320944343894,False,2.478734656445293,False,0.4749222794490076,False,1.037212394303797,False,0,NORMAL,0,1.463822293905137,39.08842302878386,9.06129300288021,18.734001444310856,31.387884698574013,NORMAL,Temperature,0,Telemetry remains within the expected prototype operating envelope.
61.1,steady,119.3031703393124,752.1744934940799,0.216917970388801,504.52751357880334,0,normal,0.7483089704440815,False,1.1361340321455766,False,1.716515930434667,False,1.0539970269787926,False,0,NORMAL,0,13.900087781867953,20.325994397106562,29.05769082599766,19.006348051723975,26.087884629359394,NORMAL,Vibration,0,Telemetry remains within the expected prototype operating envelope.
61.2,steady,120.04402125745476,756.2447885357487,0.2175663907274041,502.2180115505482,0,normal,0.3255170299161985,False,2.035557773391511,False,1.7807889156971504,False,0.6593933260837709,False,0,NORMAL,0,6.302942999524552,33.44300612803589,29.963789381499694,12.35526678248755,28.91864194623375,NORMAL,Temperature,0,Telemetry remains within the expected prototype operating envelope.
61.3,steady,120.41708959873743,752.4625343111197,0.2167899552781478,506.1619427702991,0,normal,0.112612808435417,False,1.199783164859864,False,1.703826764425293,False,1.33325714449528,False,0,NORMAL,0,2.2270822275272217,21.333802448123286,28.877422429550336,23.40599905084042,25.40670136786133,NORMAL,Vibration,0,Telemetry remains within the expected prototype operating envelope.
61.4,steady,118.96675812656638,754.0178323671564,0.2247580308241194,506.8239240172411,0,normal,0.940294117200478,False,1.543461444196467,False,2.4936415984878355,False,1.4463638864554809,False,0,NORMAL,0,17.143403330135556,26.559327959487955,39.26975365547979,25.119208025420757,34.98336301098272,NORMAL,Vibration,0,Telemetry remains within the expected prototype operating envelope.
61.5,steady,119.2726756660385,755.7799855328924,0.2041869276238614,501.62206424323415,0,normal,0.7657117997765566,False,1.9328490381544725,False,0.4545843171083538,False,0.557569205503877,False,0,NORMAL,0,14.199243280228558,32.061670241922855,8.690638077696056,10.552098925654207,26.571655078231252,NORMAL,Temperature,0,Telemetry remains within the expected prototype operating envelope.
61.6,steady,119.93780734399095,753.3407180696134,0.1931567213257099,506.5793301614549,0,normal,0.3861316360194384,False,1.3938377268706794,False,0.6387562902676046,False,1.4045723489168271,False,0,NORMAL,0,7.431967674307582,24.328421514334085,11.99277371915658,24.490708402094054,21.890299200976713,NORMAL,Thrust,0,Telemetry remains within the expected prototype operating envelope.
61.7,steady,120.63035663779654,761.8271951460783,0.1942458990506735,503.36829745248286,0,normal,0.0090953289055272,False,3.2691167629039977,False,0.5307943715905605,False,0.8559322632388573,False,0,NORMAL,0,0.18174122837062434,47.99463775259619,10.07182360511225,15.733555819309009,37.66991839965898,NORMAL,Temperature,1,Telemetry remains within the expected prototype operating envelope.
61.8,steady,119.6534055168105,755.6333432389017,0.1867878049733614,511.3398756814503,0,normal,0.5484352756029656,False,1.9004451069072896,False,1.2700586145197237,False,2.217963659029109,False,0,NORMAL,0,10.38854741269235,31.619946636536376,22.431729126070998,35.82732775027942,32.0611737436698,NORMAL,Thrust,0,Telemetry remains within the expected prototype operating envelope.
61.9,steady,119.09685431382056,751.7895184686079,0.2071275301638704,514.7256152057531,0,normal,0.8660502739149855,False,1.0510650938618422,False,0.746063921409456,False,2.7964543164137448,False,0,NORMAL,0,15.903905157907039,18.958840530115683,13.861419396314123,42.8385727173482,35.85681182392377,NORMAL,Thrust,0,Telemetry remains within the expected prototype operating envelope.
62.0,steady,121.00082507129434,756.3212574719059,0.2024927643603894,505.4754770563313,0,normal,0.2205158239973143,False,2.0524553142192654,False,0.2866547751387785,False,1.2159669633414194,False,0,NORMAL,0,4.314476139782741,33.667556383872046,5.571849706435284,21.588014392393497,27.583827603984144,NORMAL,Temperature,0,Telemetry remains within the expected prototype operating envelope.
62.1,steady,122.56752352505352,755.5951092764855,0.1982352504985515,503.7003598480977,0,normal,1.11460593479555,False,1.891996448230943,False,0.1353602503094316,False,0.9126687582211492,False,0,NORMAL,0,19.982208873609153,31.504305016165723,2.6708886686951483,16.684347694878355,26.676451407675707,NORMAL,Temperature,0,Telemetry remains within the expected prototype operating envelope.
62.2,steady,120.17329250517672,759.9212477545119,0.1989427588094784,508.9387518096891,0,normal,0.2517439666177525,False,2.8479545827693213,False,0.0652303229551281,False,1.8077053632958957,False,0,NORMAL,0,4.91023001166877,43.42431668785355,1.2961333559446175,30.339801580796376,35.22322299027785,NORMAL,Temperature,0,Telemetry remains within the expected prototype operating envelope.
62.3,steady,120.18409008353896,753.761032594724,0.1935330437868698,504.1519779662326,0,normal,0.2455819588548119,False,1.4867157268202813,False,0.6014543017886825,False,0.9898326570300688,False,0,NORMAL,0,4.792968990008795,25.721091600494685,11.333749576536434,17.960268977716332,21.951916465487717,NORMAL,Temperature,0,Telemetry remains within the expected prototype operating envelope.
62.4,steady,119.41695812410175,756.9178602223923,0.2168291384729358,503.171079240747,0,normal,0.6833720753666092,False,2.1842881844133712,False,1.707710697040011,False,0.8222353730509498,False,0,NORMAL,0,12.774582728389428,35.39365995363514,28.932648037253262,15.163734431956044,31.079033670595802,NORMAL,Temperature,0,Telemetry remains within the expected prototype operating envelope.
62.5,steady,120.1868154925478,754.7289515802966,0.1977110156451732,504.66669614355305,0,normal,0.2440266108956496,False,1.7005993166618818,False,0.1873236712561757,False,1.0777778916320244,False,0,NORMAL,0,4.763348370934839,28.831498728728768,3.6771613907874645,19.3906532312757,23.698457074324793,NORMAL,Temperature,0,Telemetry remains within the expected prototype operating envelope.
62.6,steady,119.5786725146316,756.8450818003041,0.202323740855212,513.5519374671728,0,normal,0.5910842218874802,False,2.16820614613202,False,0.2699007583220248,False,2.5959186279251765,False,0,NORMAL,0,11.149663523530162,35.18552508300509,5.254908836117367,40.499396199773784,34.38243822356527,NORMAL,Thrust,0,Telemetry remains within the expected prototype operating envelope.
62.7,steady,120.69013069754396,752.3319365265997,0.2167530630301659,510.2890807562301,0,normal,0.0432074425507553,False,1.1709246308349623,False,1.700169915974258,False,2.0384238442548925,False,0,NORMAL,0,0.8604258167358214,20.878451408119602,28.82538650559663,33.48114660783791,29.11671869969501,NORMAL,Thrust,0,Telemetry remains within the expected prototype operating envelope.
62.8,steady,121.24208813427316,752.8017709558366,0.1995918083686309,507.1050443518763,0,normal,0.358200850871931,False,1.2747451735190285,False,0.0008949678367172,False,1.4943963727173395,False,0,NORMAL,0,6.913421117019148,22.50440071836497,0.017897754895057627,25.835106006254314,21.629016143761984,NORMAL,Thrust,0,Telemetry remains within the expected prototype operating envelope.
62.9,steady,119.75985201267788,749.2829608820517,0.2101188396416662,511.3633741526541,0,normal,0.4876879383883298,False,0.4971845080396476,False,1.0425697194787829,False,2.221978630044055,False,0,NORMAL,0,9.293175367383844,9.465292598909603,18.821028488753942,35.878837350363355,29.748848485709622,NORMAL,Thrust,0,Telemetry remains within the expected prototype operating envelope.
63.0,steady,120.45615375520124,753.5231031058513,0.1992506451487747,514.8578885706909,0,normal,0.0903195101321206,False,1.4341398253576418,False,0.0347118876593727,False,2.819054668652324,False,0,NORMAL,0,1.7901727716672422,24.93591458246287,0.691833489882876,43.096363340757826,34.18263603766003,NORMAL,Thrust,0,Telemetry remains within the expected prototype operating envelope.
63.1,steady,120.72007290993488,755.0187760795923,0.2047339757391743,501.9028337309699,0,normal,0.0602949911660666,False,1.7646425943094914,False,0.508809043509011,False,0.605541745732664,False,0,NORMAL,0,1.1986579903814354,29.73725838104011,9.675532893113271,11.40620362298187,23.88076257533378,NORMAL,Temperature,0,Telemetry remains within the expected prototype operating envelope.
63.2,steady,120.89296501398498,758.7991827085156,0.2135436591710777,500.6480644390511,0,normal,0.1589617895505173,False,2.6000089347856434,False,1.3820460776922596,False,0.3911506777435699,False,0,NORMAL,0,3.129229430988012,40.54805144115878,24.149752375506594,7.524841616002864,32.94952248732313,NORMAL,Temperature,0,Telemetry remains within the expected prototype operating envelope.
63.3,steady,121.46443064790016,758.6074297752798,0.2125379164524929,504.7834991371726,0,normal,0.4850882184868855,False,2.557636787597247,False,1.2823544377466187,False,1.097734961595162,False,0,NORMAL,0,9.246000636899199,40.04208925575464,22.62224792085177,19.711757250065553,34.04429133430299,NORMAL,Temperature,0,Telemetry remains within the expected prototype operating envelope.
63.4,steady,120.31550649317688,754.8108079349975,0.2187714686583463,506.4314678063128,0,normal,0.1705846854663383,False,1.7186873294560736,False,1.9002391418613245,False,1.379308447067734,False,0,NORMAL,0,3.354151681635209,29.08849294928687,31.617129798352938,24.10821101189853,28.265833095032097,NORMAL,Vibration,0,Telemetry remains within the expected prototype operating envelope.
63.5,steady,119.624842103534,754.6100138820905,0.2064669745229768,500.6278107503401,0,normal,0.564735965298475,False,1.6743173424068083,False,0.6805880557639284,False,0.3876901133342875,False,0,NORMAL,0,10.680217408506254,28.456424078461005,12.726001750297788,7.460816213786547,23.687478352966664,NORMAL,Temperature,0,Telemetry remains within the expected prototype operating envelope.
63.6,steady,120.56160151555648,755.2179836134759,0.2112556018161585,501.792073428155,0,normal,0.0301421355306338,False,1.808662004100612,False,1.1552483233694195,False,0.5866171356356363,False,0,NORMAL,0,0.6010292598591427,30.353128263525363,20.6299953797592,11.070247629738716,25.2117934179187,NORMAL,Temperature,0,Telemetry remains within the expected prototype operating envelope.
63.7,steady,119.65008071293228,752.8361909074187,0.1987595297184246,499.8725346254181,0,normal,0.5503326887654811,False,1.2823510402457754,False,0.0833924316488966,False,0.2586429202833093,False,0,NORMAL,0,10.422546951097434,22.622195342638317,1.654017041095024,5.041343519709263,18.18168597248716,NORMAL,Temperature,0,Telemetry remains within the expected prototype operating envelope.
63.8,steady,122.04116889095351,755.0907453682414,0.207503156551654,507.6426796046612,0,normal,0.8142236423432617,False,1.7805458362585274,False,0.7832969134192778,False,1.5862572405083275,False,0,NORMAL,0,15.027688401853245,29.96038442618082,14.500476459262357,27.185235923721496,27.058206082981602,NORMAL,Temperature,0,Telemetry remains within the expected prototype operating envelope.
63.9,steady,121.49320777323187,752.2503903305818,0.2161023359768764,504.9452456905487,0,normal,0.5015108702834401,False,1.1529051546161675,False,1.6356682835978316,False,1.1253711306863128,False,0,NORMAL,0,9.543595905147962,20.592791199918604,27.901262822054264,20.154304981541703,24.977616888843244,NORMAL,Vibration,0,Telemetry remains within the expected prototype operating envelope.
64.0,steady,120.53000869280396,755.3979191093716,0.2016647401795697,504.4713265201962,0,normal,0.0481716614597932,False,1.8484228212513825,False,0.2045790245763332,False,1.0443968530029648,False,0,NORMAL,0,0.9588070798005721,30.90477526936539,4.009005375515584,18.850688033290442,24.876390553910056,NORMAL,Temperature,0,Telemetry remains within the expected prototype operating envelope.
64.1,steady,119.67109384697112,757.1529960642345,0.2354495411191873,515.1766407432577,0,normal,0.5383408244115439,False,2.236246766384862,False,3.5534098425083345,False,2.873516966335709,False,0,NORMAL,0,10.207448978406642,36.06155442136688,50.86909740945187,43.71282043857604,45.38936892532634,WARNING,Vibration,1,Elevated telemetry deviation primarily associated with Vibration.
64.2,steady,119.1816429313507,759.8020523123691,0.194723282545721,504.4255143443067,0,normal,0.8176627464619186,False,2.821615654162427,False,0.483474970092697,False,1.0365693413009216,False,0,NORMAL,0,15.086114031725195,43.12550175560628,9.216714163769957,18.72354910330376,35.56986555840454,NORMAL,Temperature,0,Telemetry remains within the expected prototype operating envelope.
64.3,steady,120.56301713851622,753.3512746822888,0.2054560978463494,500.4148284487292,0,normal,0.0293342618227828,False,1.396170449184459,False,0.5803875255352963,False,0.3512997558405214,False,0,NORMAL,0,0.5849675993050862,24.363717436065933,10.959379040555095,6.78485254563248,19.572046537829234,NORMAL,Temperature,0,Telemetry remains within the expected prototype operating envelope.
64.4,steady,121.0834104584035,757.6770910178141,0.2153029610007857,510.1237446791021,0,normal,0.2676460025799099,False,2.35205739905178,False,1.556432311191167,False,2.010174365740492,False,0,NORMAL,0,5.212173793465491,37.52548546280531,26.749598892692894,33.10425833674915,33.368323243323324,NORMAL,Temperature,0,Telemetry remains within the expected prototype operating envelope.
64.5,steady,120.26691683495974,760.197471928096,0.2081105906687729,507.458857058535,0,normal,0.1983140374643383,False,2.9089925608726697,False,0.8435072457194972,False,1.5548491464162162,False,0,NORMAL,0,3.8886535221426155,44.11077124694786,15.523893011748658,26.7264017294367,36.56885176766525,NORMAL,Temperature,0,Telemetry remains within the expected prototype operating envelope.
64.6,steady,119.70373803565218,754.0867669764604,0.2111823767825705,513.2778345243148,0,normal,0.5197113005202442,False,1.5586941051133654,False,1.1479900817251434,False,2.5490851398594803,False,0,NORMAL,0,9.872266442156906,26.782726861668714,20.514694377184796,39.93945372412736,34.45769479363234,NORMAL,Thrust,0,Telemetry remains within the expected prototype operating envelope.
64.7,steady,121.05256897819076,752.7386697978056,0.217095404417075,503.048256971956,0,normal,0.2500452559943569,False,1.2608015455873665,False,1.734103618552048,False,0.8012498440389318,False,0,NORMAL,0,4.877918522701519,22.287985136239673,29.30679469465016,14.806919378014848,25.286383103038148,NORMAL,Vibration,0,Telemetry remains within the expected prototype operating envelope.
64.8,steady,120.26543459530448,758.3391544910726,0.1941112941362374,509.3976636503814,0,normal,0.1991599282702054,False,2.498355296369883,False,0.5441367348181648,False,1.8861154744394384,False,0,NORMAL,0,3.9049120876717525,39.326979483429135,10.311474590626124,31.423693340537806,32.99715437067711,NORMAL,Temperature,0,Telemetry remains within the expected prototype operating envelope.
64.9,steady,122.01096478588872,754.5313912909024,0.2107048886044945,503.2185457067444,0,normal,0.7969866357073331,False,1.6569439027939885,False,1.1006603037934315,False,0.8303455383254651,False,0,NORMAL,0,14.734249231399543,28.20740008949426,19.758717628116695,15.301230117542651,25.159949801494673,NORMAL,Temperature,0,Telemetry remains within the expected prototype operating envelope.
65.0,steady,120.29988429042062,757.9171527690215,0.2087857007162121,507.0908084912842,0,normal,0.1795000303176366,False,2.4051044720994725,False,0.9104257791866804,False,1.491964020112167,False,0,NORMAL,0,3.526324351387411,38.18479983594914,16.64696425820611,25.79901819451411,32.18386672437191,NORMAL,Temperature,0,Telemetry remains within the expected prototype operating envelope.
65.1,steady,119.8771144572571,756.9715058912265,0.208856224805566,497.03321701130295,0,normal,0.4207681097418309,False,2.196142408166324,False,0.9174162967350016,False,0.2264855727160041,False,0,NORMAL,0,8.070997787722867,35.54665012615329,16.763419003154624,4.428651672987516,28.776172958626237,NORMAL,Temperature,0,Telemetry remains within the expected prototype operating envelope.
65.2,steady,120.5772521411807,755.6943245751721,0.2291531732112552,510.7787742806678,0,normal,0.0212105701966388,False,1.9139203122801205,False,2.9292986947526787,False,2.1220933429967674,False,0,NORMAL,0,0.42331289832674424,31.80398558138077,44.33728979630948,34.58500474743469,38.544827757153186,NORMAL,Vibration,0,Telemetry remains within the expected prototype operating envelope.
65.3,steady,119.05229966121249,757.5301880455758,0.2023421917758611,507.7053118589021,0,normal,0.8914769118179868,False,2.319595865050413,False,0.2717296580038496,False,1.5969586467060648,False,0,NORMAL,0,16.330475803414846,37.118562241351206,5.289558352098977,27.34091334108083,31.659022558948546,NORMAL,Temperature,0,Telemetry remains within the expected prototype operating envelope.
65.4,steady,118.67456264869352,757.9587342463387,0.2019828881522542,514.3313505295885,0,normal,1.1070454703783883,False,2.414292839898934,False,0.2361146176820218,False,2.72908988094525,False,0,NORMAL,0,19.86112301763956,38.29829168246835,4.61252672414596,42.06323195034888,36.514178438004514,NORMAL,Thrust,0,Telemetry remains within the expected prototype operating envelope.
65.5,steady,119.65419977718862,759.0278269088359,0.2363330679124155,502.1295065093828,0,normal,0.5479820037255473,False,2.650533041751113,False,3.640987145654781,False,0.6442712710413977,False,0,NORMAL,0,10.38042337418762,41.1457777181666,51.72215514078717,12.089791836194285,43.71148879757853,NORMAL,Vibration,1,Telemetry remains within the expected prototype operating envelope.
65.6,steady,119.9865956097895,756.2998380293636,0.206185244351108,503.195176070099,0,normal,0.3582889418054922,False,2.047722203977972,False,0.6526622827637631,False,0.8263525801050265,False,0,NORMAL,0,6.915061119299337,33.60473490082083,12.23719922932547,15.233563372197501,27.792251564927316,NORMAL,Temperature,0,Telemetry remains within the expected prototype operating envelope.
65.7,steady,120.7871760404056,753.4915705142326,0.201680807561347,499.5024996380593,0,normal,0.0985896899407489,False,1.4271719861139285,False,0.2061716621459734,False,0.1954183923608368,False,0,NORMAL,0,1.9524810887969979,24.831234764156072,4.03957627929733,3.832976531654353,19.17272610479311,NORMAL,Temperature,0,Telemetry remains within the expected prototype operating envelope.
65.8,steady,119.51280025835004,754.0970634012825,0.1998326678938018,505.9026040120372,0,normal,0.6286764801653887,False,1.5609693330367005,False,0.0229796082522864,False,1.288946278973773,False,0,NORMAL,0,11.815175538003908,26.816036479259697,0.4585376563531751,22.72419307670175,22.839143702171675,NORMAL,Temperature,0,Telemetry remains within the expected prototype operating envelope.
65.9,steady,120.90722840903835,758.0152101129474,0.2237591205952321,500.318284602894,0,normal,0.1671016842654403,False,2.426772459856529,False,2.394627211372633,False,0.3348041830290925,False,0,NORMAL,0,3.2868047062480144,38.452102426763624,38.05513323451626,6.47681725277196,32.5425666191726,NORMAL,Temperature,0,Telemetry remains within the expected prototype operating envelope.
66.0,steady,122.3146027551451,750.8459059692602,0.2087587920405465,506.1637337554513,0,normal,0.970268038343302,False,0.8425525718551558,False,0.9077585264626004,False,1.3335631539123118,False,0,NORMAL,0,17.638624892795917,15.507762045515872,16.602487673903244,23.41068660451111,21.61840789939576,NORMAL,Thrust,0,Telemetry remains within the expected prototype operating envelope.
66.1,steady,120.85927269451844,752.4308873212535,0.2091667808422183,503.3401461722679,0,normal,0.1397341139422296,False,1.1927900467361807,False,0.9481993588609184,False,0.8511223088756011,False,0,NORMAL,0,2.755992292196696,21.22370106851159,17.274300109768348,15.652453265432653,18.7747197839246,NORMAL,Temperature,0,Telemetry remains within the expected prototype operating envelope.
66.2,steady,117.97528847208297,757.0710003896237,0.1978664895164095,510.91894911281753,0,normal,1.5061102199119858,False,2.2181279677057963,False,0.171912726781178,False,2.146043747396462,False,0,NORMAL,0,26.008653882636356,35.829436541001336,3.3798182087583784,34.89759859285224,32.049240633860094,NORMAL,Temperature,0,Telemetry remains within the expected prototype operating envelope.
66.3,steady,120.92974979567406,755.5645302573614,0.2171318006239796,505.1631168991968,0,normal,0.1799542846009611,False,1.88523932239544,False,1.7377112982171077,False,1.1625968114604333,False,0,NORMAL,0,3.5350886693367722,31.41167563338478,29.357783984983033,20.74655960844001,27.85956110261276,NORMAL,Temperature,0,Telemetry remains within the expected prototype operating envelope.
66.4,steady,121.95567049345748,759.0569865730448,0.2184524736858652,510.0628061882856,0,normal,0.7654310546523214,False,2.656976529018687,False,1.8686195920963489,False,1.9997623575634211,False,0,NORMAL,0,14.194425516152497,41.22157415472255,31.18331241961263,32.9648093909431,37.255883830194854,NORMAL,Temperature,0,Telemetry remains within the expected prototype operating envelope.
66.5,steady,119.90406860198117,758.1118332164804,0.2162532923570937,514.3177988895691,0,normal,0.4053858042413735,False,2.4481235197626776,False,1.6506314434855782,False,2.7267744349142773,False,0,NORMAL,0,7.787746305769117,38.71436464025438,28.116705277693775,42.03639584514755,37.53098835537158,NORMAL,Thrust,0,Telemetry remains within the expected prototype operating envelope.
66.6,steady,121.01715769616315,754.987218818843,0.2026659495895914,503.282787696111,0,normal,0.229836595549454,False,1.7576693038634552,False,0.3038213120616621,False,0.8413219853892755,False,0,NORMAL,0,4.4926825677852005,29.639197515276127,5.895494667915613,15.486964485401511,24.122983068112596,NORMAL,Temperature,0,Telemetry remains within the expected prototype operating envelope.
66.7,steady,123.53469740105332,750.1745497752235,0.2092484141619522,502.4828922341789,0,normal,1.6665568197146907,False,0.6942012377214968,False,0.9562910500738868,False,0.7046510902153915,False,0,NORMAL,0,28.345294749719873,12.963293937211306,17.40807000188449,13.145008130398338,24.712337433999146,NORMAL,Pressure,0,Telemetry remains within the expected prototype operating envelope.
66.8,steady,119.34473789406452,756.3568688586732,0.2049174051194597,501.8887706069563,0,normal,0.724587022200142,False,2.060324455495095,False,0.5269910053536815,False,0.6031389070626733,False,0,NORMAL,0,13.490625693788761,33.771870150361224,10.003391623254132,11.363618071209192,27.95679733236346,NORMAL,Temperature,0,Telemetry remains within the expected prototype operating envelope.
66.9,steady,120.75380121507746,756.2930837879668,0.2120428173190364,510.3584042662581,0,normal,0.079543203232405,False,2.0462297015907427,False,1.233279019513022,False,2.050268524745068,False,0,NORMAL,0,1.5782766601824316,33.584912924201014,21.859039461384256,33.6385390209487,29.79786756945434,NORMAL,Thrust,0,Telemetry remains within the expected prototype operating envelope.
67.0,steady,122.29564419319628,755.5176465196125,0.223005266175078,510.2205171764418,0,normal,0.9594486858937448,False,1.8748793002402877,False,2.319903346077161,False,2.026709006164225,False,0,NORMAL,0,17.460212582742052,31.269412987861113,37.122429092260745,33.32511236813836,34.55758102518218,NORMAL,Vibration,0,Telemetry remains within the expected prototype operating envelope.
67.1,steady,117.54651223330497,757.882177395845,0.2066035539697748,507.3375449299091,0,normal,1.750806060337958,False,2.397375872410299,False,0.6941261393936279,False,1.5341216413811152,False,0,NORMAL,0,29.54255053485434,38.08917696454381,12.961986665176239,26.42201547316303,34.1218413702555,NORMAL,Temperature,0,Telemetry remains within the expected prototype operating envelope.
67.2,steady,120.54805071188746,750.1120620884168,0.1860991494175614,497.8159346709488,0,normal,0.0378753655754892,False,0.6803931701307973,False,1.3383198113912076,False,0.0927496930876567,False,0,NORMAL,0,0.7546454556898397,12.722599994321925,23.483513783697106,1.8378947430549353,18.65916618236995,NORMAL,Vibration,0,Telemetry remains within the expected prototype operating envelope.
67.3,steady,119.90812499989806,754.0879939294659,0.2328304261018644,509.8319870142266,0,normal,0.4030708818935159,False,1.5589652281281146,False,3.2937968555502204,False,1.9603243751728967,False,0,NORMAL,0,7.745043579817834,26.78669693159501,48.25070468879159,32.43397209452217,41.44439456100311,NORMAL,Vibration,1,Telemetry remains within the expected prototype operating envelope.
67.4,steady,120.57713277862538,756.0197220878262,0.2145525798558827,510.0662673436378,0,normal,0.0212786885253741,False,1.9858242517310103,False,1.482052725301717,False,2.0003537338404844,False,0,NORMAL,0,0.42466948858712605,32.77767997291811,25.651786756125517,32.97273752637366,29.467130844743266,NORMAL,Thrust,0,Telemetry remains within the expected prototype operating envelope.
67.5,steady,120.23915997200776,756.9577894300908,0.2103390122712157,502.9057906899476,0,normal,0.2141544416037619,False,2.19311144587366,False,1.0643937606628149,False,0.7769079203491127,False,0,NORMAL,0,4.192660223091349,35.50756714682575,19.174586963470787,14.391155456343185,29.490691002038208,NORMAL,Temperature,0,Telemetry remains within the expected prototype operating envelope.
67.6,steady,119.02448026808534,753.3960692404085,0.2258235574958181,511.62348642828914,0,normal,0.9073530009426736,False,1.40606881985267,False,2.5992591678170287,False,2.2664216594755384,False,0,NORMAL,0,16.595723435690502,24.513304512535594,40.53913575125666,36.446259562051175,36.68370027370105,NORMAL,Vibration,0,Telemetry remains within the expected prototype operating envelope.
67.7,steady,120.29954820191776,758.324397150887,0.2213331521269211,506.9770215305497,0,normal,0.1796918307282654,False,2.49509432831113,False,2.1541593754208628,False,1.472522272380361,False,0,NORMAL,0,3.5300250185288595,39.287396020404856,35.00318225656102,25.509937180781094,34.57822970493729,NORMAL,Temperature,0,Telemetry remains within the expected prototype operating envelope.
67.8,steady,120.40995127900686,754.5053639119249,0.2197381800435525,499.7663677348105,0,normal,0.1166865349802454,False,1.6511925647865016,False,1.9960619020608084,False,0.2405031449405154,False,0,NORMAL,0,2.3067098111213324,28.124771874621224,32.91517887966702,4.696212098536911,27.34861762987888,NORMAL,Vibration,0,Telemetry remains within the expected prototype operating envelope.
67.9,steady,122.78798990131683,753.6729829357996,0.2011289392354656,506.9129795202148,0,normal,1.2404226203916764,False,1.4672591633931809,False,0.1514691448674136,False,1.4615799939230425,False,0,NORMAL,0,21.970601313944915,25.43148603451565,2.9839569578604452,25.346740469594863,23.157084590327813,NORMAL,Temperature,0,Telemetry remains within the expected prototype operating envelope.
68.0,steady,120.90662065173623,757.1206769426552,0.2241491456555662,492.5050322331896,0,normal,0.1667548467535456,False,2.229105125558585,False,2.433287434475533,False,1.0001755067014886,False,0,NORMAL,0,3.2800957207533066,35.970164086546916,38.53224679967755,18.12979849644193,33.43828711633963,NORMAL,Vibration,0,Telemetry remains within the expected prototype operating envelope.
68.1,steady,119.64910970892896,754.0776302753128,0.2077832069072438,503.10502244174273,0,normal,0.5508868254436845,False,1.5566751443636777,False,0.8110561789851204,False,0.8109488458959753,False,0,NORMAL,0,10.432474031446226,26.753156331763496,14.973842011318384,14.972016767688533,23.26355691559023,NORMAL,Temperature,0,Telemetry remains within the expected prototype operating envelope.
68.2,steady,118.71980218919064,752.9992555361549,0.1981955054847277,500.51662570895695,0,normal,1.0812279777533842,False,1.318383857754434,False,0.1392998717797547,False,0.3686929320037759,False,0,NORMAL,0,19.446255883383458,23.177818932514406,2.747546435808368,7.10855070145926,19.657597352036344,NORMAL,Temperature,0,Telemetry remains within the expected prototype operating envelope.
68.3,steady,121.12902866595512,756.5412381312085,0.2045271120532479,499.39925286548095,0,normal,0.293679594523767,False,2.10106501586648,False,0.4883042168628672,False,0.1777775511463918,False,0,NORMAL,0,5.704424693227994,34.30931183384034,9.304354811107585,3.493083846732825,26.922030520675737,NORMAL,Temperature,0,Telemetry remains within the expected prototype operating envelope.
68.4,steady,119.81044237473714,756.1702748675121,0.2072624452312197,504.3618164748364,0,normal,0.4588168162458721,False,2.019092293230192,False,0.7594370277406204,False,1.0256858630772248,False,0,NORMAL,0,8.767898731634139,33.22346627108041,14.091499649911777,18.546442322765834,28.125317436549082,NORMAL,Temperature,0,Telemetry remains within the expected prototype operating envelope.
68.5,steady,119.79735832504832,755.4719089439134,0.2072170908196872,503.76013158701295,0,normal,0.4662836771519336,False,1.864772548511061,False,0.7549413892628131,False,0.9228814140648424,False,0,NORMAL,0,8.904040533210766,31.130343885696455,14.014222202022165,16.8543488361377,26.438732128196065,NORMAL,Temperature,0,Telemetry remains within the expected prototype operating envelope.
68.6,steady,121.887502821599,754.4137953759059,0.193913349032804,503.7166053142803,0,normal,0.7265288388886166,False,1.6309584258841774,False,0.5637575300929772,False,0.9154444739382076,False,0,NORMAL,0,13.524216240045694,27.833315866340634,10.66273697424782,16.73058697209805,24.107355217735478,NORMAL,Temperature,0,Telemetry remains within the expected prototype operating envelope.
68.7,steady,120.9746206254373,756.7973645060077,0.2110782731914028,513.3325652202747,0,normal,0.2055613598223371,False,2.157661930806395,False,1.1376710831025694,False,2.558436478335954,False,0,NORMAL,0,4.027862590507958,35.0486973036084,20.35048323416655,40.05167804611439,34.737978832734115,NORMAL,Thrust,0,Telemetry remains within the expected prototype operating envelope.
68.8,steady,121.74523718649904,756.3960318504937,0.2099822737198213,509.1251874942424,0,normal,0.645340083551492,False,2.0689784042287784,False,1.0290329764750037,False,1.8395599406911871,False,0,NORMAL,0,12.10858173388505,33.8863979780653,18.600950934919315,30.782190110887242,30.371744252046174,NORMAL,Temperature,0,Telemetry remains within the expected prototype operating envelope.
68.9,steady,121.61943887130556,748.7611150161507,0.2135124979888656,501.8340783860765,0,normal,0.5735489681012323,False,0.3818708621595751,False,1.3789573062798837,False,0.5937941424747639,False,0,NORMAL,0,10.837513841256563,7.353051764320007,24.1028810842299,11.197805947338079,20.347357310499582,NORMAL,Vibration,0,Telemetry remains within the expected prototype operating envelope.
69.0,steady,121.47012528047044,756.8300909924367,0.209511165576451,510.0127989957108,0,normal,0.4883380555270015,False,2.164893588108978,False,0.9823356029455004,False,1.9912180813428464,False,0,NORMAL,0,9.304968612925757,35.14257051384685,17.83716544928755,32.85015802053307,31.16697131120236,NORMAL,Temperature,0,Telemetry remains within the expected prototype operating envelope.
69.1,steady,120.0108126268572,753.6386894078992,0.2066637344081045,513.2896096498549,0,normal,0.3444686719116218,False,1.4596812328380302,False,0.7000913693464503,False,2.551097048946281,False,0,NORMAL,0,6.6574134115719215,25.318385345161808,13.065765099480075,39.96361613430622,33.41430373646955,NORMAL,Thrust,0,Telemetry remains within the expected prototype operating envelope.
69.2,steady,121.42331071187922,753.494228057647,0.2061271185742721,506.924059051141,0,normal,0.4616217191967646,False,1.4277592304330182,False,0.6469007158055272,False,1.4634730530562152,False,0,NORMAL,0,8.819063816995198,24.840062731800096,12.136010689450893,25.37499972656787,22.721136806690346,NORMAL,Thrust,0,Telemetry remains within the expected prototype operating envelope.
69.3,steady,120.8729462659738,756.6761400277178,0.2061602383619163,510.8203846098915,0,normal,0.1475374056274889,False,2.1308746407750987,False,0.6501836289043638,False,2.129202923203347,False,0,NORMAL,0,2.9076385987380937,34.699789632401334,12.193681722764715,34.67795328036129,29.94678129405909,NORMAL,Temperature,0,Telemetry remains within the expected prototype operating envelope.
69.4,steady,121.51428157673053,755.2005787567182,0.2069627111119838,498.2193098645089,0,normal,0.5135373577417256,False,1.8048160073803223,False,0.7297266601265903,False,0.023828626000174,False,0,NORMAL,0,9.76090901091624,30.299535326286332,13.579505377258938,0.4754387150187833,24.429794449665643,NORMAL,Temperature,0,Telemetry remains within the expected prototype operating envelope.
69.5,steady,119.79383328153509,754.0879468588611,0.2045786024085579,511.773595592381,0,normal,0.4682953639176638,False,1.558954826813444,False,0.4934080648623461,False,2.2920694532268446,False,0,NORMAL,0,8.940684468318693,26.78654462851593,9.396886933535898,36.771427510384434,31.06728794156594,NORMAL,Thrust,0,Telemetry remains within the expected prototype operating envelope.
69.6,steady,119.6583851524927,757.1391869594714,0.2157166093897044,499.9878696403609,0,normal,0.5455934760159716,False,2.2331953323875555,False,1.5974341355048496,False,0.2783491700213065,False,0,NORMAL,0,10.337601378431371,36.022521722693256,27.34782272890922,5.414862769720596,30.337884872229132,NORMAL,Temperature,0,Telemetry remains within the expected prototype operating envelope.
69.7,steady,119.89835619298547,755.5314085951323,0.2188618395090892,503.07602357589246,0,normal,0.4086457860072505,False,1.877920342062718,False,1.9091969181865849,False,0.8059940722494157,False,0,NORMAL,0,7.8478487634750955,31.311202796034255,31.739531811777088,14.887716123418105,28.136996883441753,NORMAL,Vibration,0,Telemetry remains within the expected prototype operating envelope.
69.8,steady,119.11173880460652,753.0772080852299,0.2159118009511547,505.9381935026183,0,normal,0.8575559296561638,False,1.3356092364090375,False,1.6167819930681735,False,1.295027132995306,False,0,NORMAL,0,15.760915495874183,23.442021803348602,27.62841229359818,22.818116531902454,25.80279627675212,NORMAL,Vibration,0,Telemetry remains within the expected prototype operating envelope.
69.9,steady,120.6500669764114,758.1195161031446,0.1887159901948521,505.8703384898964,0,normal,0.0203437084477062,False,2.449821227323532,False,1.0789322525811167,False,1.2834333613437825,False,0,NORMAL,0,0.40604755747685184,38.735170125195985,19.40926153953094,22.63894305603219,32.28193503072304,NORMAL,Temperature,0,Telemetry remains within the expected prototype operating envelope.
70.0,steady,120.2872322172647,755.6582172725006,0.2060379419580388,507.5394240952416,1,temperature,0.1867203690258679,False,1.905941587169856,False,0.6380613148803967,False,1.5686149065089203,False,0,NORMAL,0,3.665538332907392,31.695075257405524,11.980540297751274,26.92785763780029,27.100337425826734,NORMAL,Temperature,0,Telemetry remains within the expected prototype operating envelope.
70.1,steady,119.65584974178924,757.592553019825,0.2042272461580052,503.7953189110909,1,temperature,0.5470403949373093,False,2.333376816526345,False,0.4585807872937458,False,0.9288935535372774,False,0,NORMAL,0,10.363544468715114,37.29163682703762,8.763591946529814,16.95426540313023,30.659704819048073,NORMAL,Temperature,0,Telemetry remains within the expected prototype operating envelope.
70.2,steady,120.37100428613526,755.3996675560684,0.1923930039282674,502.120232105202,1,temperature,0.1389129698683855,False,1.84880918009104,False,0.7144577976204931,False,0.6426866375712506,False,0,NORMAL,0,2.7400207126065834,30.910114173260027,13.315193478437982,12.061926329121208,25.256458998293777,NORMAL,Temperature,0,Telemetry remains within the expected prototype operating envelope.
70.3,steady,121.80869268574234,757.528339414309,0.1985399190263601,511.8725691607373,1,temperature,0.6815531366843854,False,2.3191873681642923,False,0.1051607722363516,False,2.308980170726277,False,0,NORMAL,0,12.742845418807747,37.113424657181504,2.081252116889676,36.98491439070055,31.904439228231183,NORMAL,Temperature,0,Telemetry remains within the expected prototype operating envelope.
70.4,steady,119.70107740538204,757.3230084538342,0.198557887489219,512.7368720485849,1,temperature,0.5212296802743807,False,2.273814848783441,False,0.1033796949323803,False,2.4566557796091995,False,0,NORMAL,0,9.899631912013163,36.54016308714504,2.0463657318261275,38.81885645291785,32.871445697988044,NORMAL,Thrust,0,Telemetry remains within the expected prototype operating envelope.
70.5,steady,121.10653053042157,757.9533202963273,0.2242382820788324,505.5560607251537,1,temperature,0.2808402632257225,False,2.413096505204683,False,2.4421228513769835,False,1.2297355652131654,False,0,NORMAL,0,5.461975111141337,38.28352673728621,38.64076953218385,21.80364204935995,34.233117621042,NORMAL,Vibration,0,Telemetry remains within the expected prototype operating envelope.
70.6,steady,119.10292023493622,754.4562416537485,0.201272824350802,505.0525734761837,1,temperature,0.8625885483548539,False,1.640337890917627,False,0.1657313839536048,False,1.1437092576514725,False,0,NORMAL,0,15.845661477665507,27.968565947420544,3.260295849570549,20.44661271481898,24.087667264902468,NORMAL,Temperature,0,Telemetry remains within the expected prototype operating envelope.
70.7,steady,117.62924615366288,754.0748235187693,0.2102450472782218,505.4780096690791,1,temperature,1.7035911161717163,False,1.5560549280291749,False,1.0550797243034715,False,1.2163996879508785,False,0,NORMAL,0,28.874070368321348,26.74406999044665,19.02388447504766,21.594800257917957,27.188867934935566,NORMAL,Pressure,0,Telemetry remains within the expected prototype operating envelope.
70.8,steady,120.95709140137332,753.7217733510471,0.1809310998142764,503.1155997820823,1,temperature,0.1955577079721911,False,1.4780405090621276,False,1.8505893319668676,False,0.8127561002705376,False,0,NORMAL,0,3.8356560078582125,25.59210259103819,30.934707892915657,15.002744652974842,26.70201610556403,NORMAL,Vibration,0,Telemetry remains within the expected prototype operating envelope.
70.9,steady,122.34039609550231,756.1639201770373,0.2051358627558887,511.8450867938503,1,temperature,0.9849878910900132,False,2.0176880806552253,False,0.5486450522901586,False,2.3042845075269,False,0,NORMAL,0,17.88073779402417,33.20470994774222,10.392307012555824,36.92570706958802,32.61201250482436,NORMAL,Thrust,0,Telemetry remains within the expected prototype operating envelope.
71.0,steady,121.7734899399032,757.2512799483186,0.1957722997431961,512.3137404964334,1,temperature,0.6614634845549656,False,2.257964813313199,False,0.3794938596009135,False,2.3843591224070435,False,0,NORMAL,0,12.391546968780954,36.338675764551034,7.3089968866923645,37.92779144300361,32.87517790596729,NORMAL,Thrust,0,Telemetry remains within the expected prototype operating envelope.
71.1,steady,120.27784747763812,760.9712653658763,0.1924372184047538,501.21564718258537,1,temperature,0.1920760919937505,False,3.079979720681753,False,0.7100751522492479,False,0.4881284021285924,False,0,NORMAL,0,3.768671225716125,45.989728477710216,13.239178415386643,9.301165628885633,36.21946358843527,NORMAL,Temperature,1,Telemetry remains within the expected prototype operating envelope.
71.2,steady,120.37389085857144,747.4140047637239,0.1978334754955774,500.8094574099064,1,temperature,0.1372656484817455,False,0.0841963863034768,False,0.1751851560189297,False,0.418726433390795,False,0,NORMAL,0,2.7079717446125917,1.6698289120100518,3.443034061131578,8.033452268706498,6.608994085974536,NORMAL,Thrust,0,Telemetry remains within the expected prototype operating envelope.
71.3,steady,121.07922467463251,752.9293158650316,0.211955070982425,513.893477266629,1,temperature,0.2652572417647036,False,1.3029291056985686,False,1.2245813913479164,False,2.654274441091612,False,0,NORMAL,0,5.166877885217824,22.939998023382756,21.722992963659216,41.18980067505246,34.73759152417392,NORMAL,Thrust,0,Telemetry remains within the expected prototype operating envelope.
71.4,steady,121.2944286979945,754.9993947949966,0.214709094357645,500.77184630574607,1,temperature,0.388070785513516,False,1.7603598611604956,False,1.497566819580136,False,0.4123001645610518,False,0,NORMAL,0,7.467861364145056,29.67704928423761,25.88211827078889,7.915175925617368,25.497524958673477,NORMAL,Temperature,0,Telemetry remains within the expected prototype operating envelope.
71.5,steady,120.888715670019,758.9229883908611,0.2040660582510916,506.2113770694125,1,temperature,0.1565367559339669,False,2.627366600228256,False,0.4426034538438614,False,1.3417035355971887,False,0,NORMAL,0,3.0822350605982263,40.87245643920797,8.471582739310035,23.535278403315207,33.21373254169794,NORMAL,Temperature,0,Telemetry remains within the expected prototype operating envelope.
71.6,steady,120.15887816336912,753.4609550823205,0.2232150515296134,510.11219793990136,1,temperature,0.2599700042658477,False,1.4204068140494086,False,2.340697775550776,False,2.008201478959644,False,0,NORMAL,0,5.06654379767647,24.72946000116474,37.383386712386624,33.07785758363752,33.07171057135203,NORMAL,Vibration,0,Telemetry remains within the expected prototype operating envelope.
71.7,steady,120.2443451994298,758.5351427009925,0.1907868738204339,509.03069257584303,1,temperature,0.2111953140516999,False,2.5416633237245856,False,0.8736612812323776,False,1.8234144495593407,False,0,NORMAL,0,4.135942213399602,39.850235858365025,16.03181897654847,30.55831774533968,33.82808085238189,NORMAL,Temperature,0,Telemetry remains within the expected prototype operating envelope.
71.8,steady,119.4570836595776,759.7464988957341,0.2150852289017784,499.4888517150552,1,temperature,0.6604730647922631,False,2.809339870388196,False,1.5348501812709154,False,0.1930864953280305,False,0,NORMAL,0,12.374191421257596,42.98569439279497,26.432735591488456,3.788115752059673,35.42901585660679,NORMAL,Temperature,0,Telemetry remains within the expected prototype operating envelope.
71.9,steady,119.97834205434354,753.1681124740923,0.2288512359108165,502.4772496691097,1,temperature,0.3629991157929959,False,1.3556966169770828,False,2.899369942512892,False,0.7036869962108812,False,0,NORMAL,0,7.002709080651637,23.748974651338052,44.003107535755206,13.12825924031512,36.291786817696135,NORMAL,Vibration,0,Telemetry remains within the expected prototype operating envelope.
72.0,steady,120.97456960252612,759.1828726726837,0.1990344995714025,501.25943596007176,1,temperature,0.2055322418512302,False,2.6847939097119755,False,0.0561367577350421,False,0.4956101940657272,False,0,NORMAL,0,4.027303686095706,41.54767854624141,1.1164560049399697,9.436782099700135,31.917210334542425,NORMAL,Temperature,0,Telemetry remains within the expected prototype operating envelope.
72.1,steady,120.10773009233252,759.3354022848473,0.1968917975760949,499.70417306029,1,temperature,0.2891594021301963,False,2.718498777054146,False,0.2685265388190011,False,0.2298765040276675,False,0,NORMAL,0,5.619139319957178,41.940379015558904,5.228865146888106,4.493444875082342,32.273406341393354,NORMAL,Temperature,0,Telemetry remains within the expected prototype operating envelope.
72.2,steady,120.8370210218677,749.7969006388521,0.2056803209420926,501.98807804503497,1,temperature,0.1270354351262717,False,0.6107511203132606,False,0.6026130586813678,False,0.6201066698586414,False,0,NORMAL,0,2.508704317931676,11.498459209414868,11.354295721411134,11.663900491677126,10.821254296878177,NORMAL,Thrust,0,Telemetry remains within the expected prototype operating envelope.
72.3,steady,121.02070768665672,753.3573495747044,0.2159244797730176,518.1053145494005,1,temperature,0.2318625191636063,False,1.3975128340504497,False,1.6180387484199497,False,3.37391294281874,False,0,NORMAL,0,4.53137283484536,24.38402131058931,27.646600683700072,49.07328709295628,41.140723778604546,NORMAL,Thrust,1,Telemetry remains within the expected prototype operating envelope.
72.4,steady,119.75461801415295,756.1879154634926,0.198278726964665,511.0625837403322,1,temperature,0.49067489884,False,2.0229903818631025,False,0.1310507583033704,False,2.1705852957045098,False,0,NORMAL,0,9.347346724577488,33.27550615225242,2.58696470147608,35.21635841277097,29.927923367520368,NORMAL,Thrust,0,Telemetry remains within the expected prototype operating envelope.
72.5,steady,120.9061854749822,755.4794741933456,0.2049085705903043,509.0019754553996,1,temperature,0.1665064982399555,False,1.866444261465067,False,0.5261153055515605,False,1.8185078151994687,False,0,NORMAL,0,3.2752915525510184,31.153366096082113,9.987628240465895,30.490139309313726,26.80400016731449,NORMAL,Temperature,0,Telemetry remains within the expected prototype operating envelope.
72.6,steady,119.46820156137764,757.4869719604758,0.2296513126391842,499.0989718633064,1,temperature,0.6541282534928167,False,2.310046293693865,False,2.978675474294969,False,0.1264712551064359,False,0,NORMAL,0,12.262926996931656,36.99834932433503,44.88427359528598,2.4977031690541662,37.631062481926485,NORMAL,Vibration,0,Telemetry remains within the expected prototype operating envelope.
72.7,steady,119.82890618142174,758.1970636436098,0.2048060262361535,505.5598081513378,1,temperature,0.4482798128264919,False,2.466957110166314,False,0.5159508622565151,False,1.2303758539953251,False,0,NORMAL,0,8.57543340948439,38.944776131062284,9.804456990448696,21.81365505838484,32.23870762426125,NORMAL,Temperature,0,Telemetry remains within the expected prototype operating envelope.
72.8,steady,120.01356252592224,757.963853518905,0.2104381795060488,509.9501778306972,1,temperature,0.3428993478634339,False,2.415424058947401,False,1.0742234557594843,False,1.9805185698609769,False,0,NORMAL,0,6.628111860278906,38.3122497330019,19.33332870729203,32.706310064086054,33.38871235835889,NORMAL,Temperature,0,Telemetry remains within the expected prototype operating envelope.
72.9,steady,119.80202557435948,757.6221690820698,0.215364178720594,506.1243891062178,1,temperature,0.4636201515425731,False,2.3399211552616266,False,1.5625003589817688,False,1.3268406899317606,False,0,NORMAL,0,8.8555003213591,37.37366009055359,26.83844235806908,23.30764356960503,32.72571311357368,NORMAL,Temperature,0,Telemetry remains within the expected prototype operating envelope.
73.0,steady,119.70109161756868,758.271524403561,0.2117634240193152,502.3223982657451,1,temperature,0.521221569603499,False,2.4834108990454267,False,1.2055848829069686,False,0.6772289389721843,False,0,NORMAL,0,9.899485757008241,39.14536385993419,21.425029330229584,12.667349339873525,32.71899398407371,NORMAL,Temperature,0,Telemetry remains within the expected prototype operating envelope.
73.1,steady,121.87087094684752,753.9815999475454,0.2231172459760317,505.2238267566809,1,temperature,0.7170372901456822,False,1.5354550716688495,False,2.3310030535784687,False,1.1729697551300913,False,0,NORMAL,0,13.359902506879862,26.441635079524715,37.26185880119509,20.910807470710235,32.792951058378925,NORMAL,Vibration,0,Telemetry remains within the expected prototype operating envelope.
73.2,steady,121.2461254469789,758.4723907481368,0.2051530169551844,506.3581756953709,1,temperature,0.3605048815906281,False,2.527796860573839,False,0.5503454178291207,False,1.3667856876718758,False,0,NORMAL,0,6.956306102876775,39.68319143629715,10.422774998227258,23.917897864081393,32.87983934372288,NORMAL,Temperature,0,Telemetry remains within the expected prototype operating envelope.
73.3,steady,119.67077236026412,756.1846347279055,0.1957737041066939,508.9127736335871,1,temperature,0.538524291807447,False,2.022265429139642,False,0.3793546557095124,False,1.80326670755672,False,0,NORMAL,0,10.210743719060012,33.26583103016147,7.3064162611029655,30.277934596333644,28.71562116018754,NORMAL,Temperature,0,Telemetry remains within the expected prototype operating envelope.
73.4,steady,120.37436623805924,756.998314479087,0.1962540134466618,502.64969072435406,1,temperature,0.1369943569017388,False,2.2020663719439293,False,0.3317452374181378,False,0.733150438006199,False,0,NORMAL,0,2.702692699784348,35.62296876833811,6.419583281119046,13.638662036588112,28.263521543179866,NORMAL,Temperature,0,Telemetry remains within the expected prototype operating envelope.
73.5,steady,120.33996365903168,760.3784157914467,0.2141471403325911,508.1850033573844,1,temperature,0.1566273664452724,False,2.948976199617371,False,1.441864583514729,False,1.6789191898331903,False,0,NORMAL,0,3.083991398331065,44.55591995469034,25.051795425491385,28.522240310335057,37.81756834082291,NORMAL,Temperature,0,Telemetry remains within the expected prototype operating envelope.
73.6,steady,119.48736029146431,754.664274341745,0.2055013667132531,513.6506343795347,1,temperature,0.6431946682423522,False,1.686307418095324,False,0.5848746846235157,False,2.6127820757197395,False,0,NORMAL,0,12.070860922925242,28.627781116025876,11.039251081650715,40.69973523436944,34.54312038340012,NORMAL,Thrust,0,Telemetry remains within the expected prototype operating envelope.
73.7,steady,119.4327010318828,759.1314603039604,0.2071470302368026,491.93596106999416,1,temperature,0.6743878460604088,False,2.673433184125717,False,0.7479968155917827,False,1.0974075438775743,False,0,NORMAL,0,12.617711203601967,41.41471539086954,13.89471231299555,19.70649951928195,34.58750836640574,NORMAL,Temperature,0,Telemetry remains within the expected prototype operating envelope.
73.8,steady,119.9736474344377,765.1919007592101,0.2101604967886168,504.6019506917051,1,temperature,0.3656782613692899,False,4.012624562651443,False,1.0466988761887686,False,1.0667154224924644,False,0,NORMAL,0,7.052526388792413,55.180412114194645,18.88804095343367,19.212108106918503,44.6464130360187,NORMAL,Temperature,1,Telemetry remains within the expected prototype operating envelope.
73.9,steady,119.12633523938798,757.3835204066331,0.2112715802586264,504.0840196402161,1,temperature,0.8492259744183149,False,2.2871863332629085,False,1.1568321450605634,False,0.9782212331713098,False,0,NORMAL,0,15.62045696639569,36.70964680611286,20.655132985189283,17.769527967935772,31.802312337466297,NORMAL,Temperature,0,Telemetry remains within the expected prototype operating envelope.
74.0,steady,118.85236792188309,751.5814323708514,0.2041598924186451,503.17720597467405,1,temperature,1.0055748038151315,False,1.0050837645897908,False,0.4519045224705442,False,0.8232821926044416,False,0,NORMAL,0,18.21815908788119,18.210127075122628,8.641686893263445,15.181494225089665,17.113806794241505,NORMAL,Pressure,0,Telemetry remains within the expected prototype operating envelope.
74.1,steady,120.9958612124916,756.7697210585789,0.207193219542027,505.0367590442517,1,temperature,0.2176830280267311,False,2.151553485926382,False,0.7525752107426319,False,1.1410071888541466,False,0,NORMAL,0,4.260249266579597,34.96929852269493,13.973521032065017,20.40360935095983,29.170628379827896,NORMAL,Temperature,0,Telemetry remains within the expected prototype operating envelope.
74.2,steady,117.54884417944815,760.9494805413906,0.2035430017776681,506.5786987692635,1,temperature,1.7494752554338395,False,3.0751658710367624,False,0.3907568367556023,False,1.404464468649829,False,0,NORMAL,0,29.52379501511532,45.93770397263557,7.517557227569471,24.489079192010465,39.262969430354566,NORMAL,Temperature,1,Telemetry remains within the expected prototype operating envelope.
74.3,steady,121.69183147865976,761.115746797398,0.2085839049874412,513.7557954215301,1,temperature,0.6148622879522788,False,3.111906160497396,False,0.890423300656679,False,2.630749990817316,False,0,NORMAL,0,11.571198235184244,46.3335009033605,16.312842916748505,40.91245322009613,40.190650173780895,NORMAL,Temperature,1,Telemetry remains within the expected prototype operating envelope.
74.4,steady,119.88758154578134,758.6170196910367,0.1984116294581077,506.7625799941735,1,temperature,0.4147947073197325,False,2.559755896364553,False,0.1178771431438094,False,1.4358825886544353,False,0,NORMAL,0,7.961106373333915,40.067495338414595,2.32996992740786,24.96207380985851,32.63442844675829,NORMAL,Temperature,0,Telemetry remains within the expected prototype operating envelope.
74.5,steady,119.85782973446662,758.8105217690185,0.2149042485712047,516.721515557609,1,temperature,0.4317735970422595,False,2.602514556642371,False,1.5169109751306171,False,3.137475738271968,False,0,NORMAL,0,8.273119954103048,40.57783679779822,26.16831385926144,46.60724629587295,40.93703032168304,NORMAL,Thrust,1,Telemetry remains within the expected prototype operating envelope.
74.6,steady,117.933745637606,759.8991591225841,0.2167247265637889,510.26750087630194,1,temperature,1.5298180606845773,False,2.8430735999992525,False,1.6973611371969572,False,2.0347366855599303,False,0,NORMAL,0,26.35865845208918,43.36906073481585,28.785392524450693,33.43207540299695,39.73509335013616,NORMAL,Temperature,0,Telemetry remains within the expected prototype operating envelope.
74.7,steady,121.48133042278552,759.1522835972332,0.2156127137986979,507.1711475106285,1,temperature,0.4947326536131611,False,2.678034561703712,False,1.5871357543590876,False,1.5056908209426876,False,0,NORMAL,0,9.42088612736065,41.46860519333354,27.198028555594323,26.002447243474457,36.06246549864606,NORMAL,Temperature,0,Telemetry remains within the expected prototype operating envelope.
74.8,steady,120.16753662456568,760.7569316489818,0.2090983241527146,505.8175176442868,1,temperature,0.2550287569492374,False,3.0326178386680605,False,0.941413766963742,False,1.2744083417044998,False,0,NORMAL,0,4.972679487495412,45.47569212686307,17.161955326653445,22.49917994584991,37.44378173506141,NORMAL,Temperature,1,Telemetry remains within the expected prototype operating envelope.
74.9,steady,119.6064494805666,760.3738729586748,0.2064221908066099,500.588075661385,1,temperature,0.5752323452925527,False,2.947972357977949,False,0.6761489859650845,False,0.3809009384536273,False,0,NORMAL,0,10.867527607628292,44.54478742195596,12.648484270868387,7.335077926775757,35.55125108165386,NORMAL,Temperature,0,Telemetry remains within the expected prototype operating envelope.
75.0,steady,121.41303503512368,763.2304104327138,0.2129173400440438,504.4342529010031,1,temperature,0.4557575524537365,False,3.5791889149123493,False,1.3199638177369604,False,1.0380624193630748,False,0,NORMAL,0,8.712061038334618,51.12175534008632,23.202090291906195,18.74781589706239,42.13521669570269,NORMAL,Temperature,1,Telemetry remains within the expected prototype operating envelope.
75.1,steady,119.5363586999988,764.11768529696,0.204777814539324,507.3030678801175,1,temperature,0.6152320488816062,False,3.775252362339134,False,0.513154450937189,False,1.5282308600450292,False,0,NORMAL,0,11.577737496568897,53.00131072664334,9.753998113901686,26.335278024462138,43.259330353956074,NORMAL,Temperature,1,Telemetry remains within the expected prototype operating envelope.
75.2,steady,120.16523955696792,763.0335819535401,0.1879700907660471,501.6339162209416,1,temperature,0.2563396572172945,False,3.5356952110629067,False,1.1528675999796258,False,0.5595942456246794,False,0,NORMAL,0,4.997590489755288,50.6947215250066,20.592194775905703,10.58831870818725,40.55294122240409,NORMAL,Temperature,1,Telemetry remains within the expected prototype operating envelope.
75.3,steady,120.35653751246907,760.0121964675742,0.2069227636933617,505.6866783313106,1,temperature,0.1471689295516657,False,2.8680517577717626,False,0.7257669758053005,False,1.252053012940411,False,0,NORMAL,0,2.900483092613737,43.65126256688819,13.51103869467315,22.151892890395064,35.567104927377216,NORMAL,Temperature,0,Telemetry remains within the expected prototype operating envelope.
75.4,steady,121.50786178406624,764.5481697164419,0.2155952657469566,515.1814703606618,1,temperature,0.5098736832670725,False,3.870377630447401,False,1.5854062614581643,False,2.8743421593332656,False,0,NORMAL,0,9.694763449440668,53.8870113443635,27.17284210130879,43.7221092293357,46.793270909725535,WARNING,Temperature,1,Elevated telemetry deviation primarily associated with Temperature.
75.5,steady,121.29012282642157,765.0371994380239,0.2123911177317761,508.4861467732277,1,temperature,0.3856134924827517,False,3.9784398070864255,False,1.2678033950795915,False,1.7303728386882684,False,0,NORMAL,0,7.422374471719905,54.87293287036593,22.396734540134755,29.254026853206483,45.637687380087726,WARNING,Temperature,1,Elevated telemetry deviation primarily associated with Temperature.
75.6,steady,121.37342979098644,759.3917587482562,0.2146941562061133,502.14545445868686,1,temperature,0.4331554639446817,False,2.730952012174371,False,1.4960861140314576,False,0.6469961527432009,False,0,NORMAL,0,8.298467319192792,42.08480510591478,25.86016566866881,12.13768776745965,35.08847183170276,NORMAL,Temperature,0,Telemetry remains within the expected prototype operating envelope.
75.7,steady,118.1549782684462,759.1917792767717,0.2047383427073693,507.7181451309521,1,temperature,1.4035640856803293,False,2.686762025312593,False,0.5092419079115124,False,1.5991513517063474,False,0,NORMAL,0,24.475480218197422,41.57068220370776,9.683352203935346,27.37277034379595,36.04239336725324,NORMAL,Temperature,0,Telemetry remains within the expected prototype operating envelope.
75.8,steady,120.64641427595284,758.4689954624315,0.2157991758393109,510.7321729401582,1,temperature,0.0182591698756089,False,2.527046595411137,False,1.605618320797628,False,2.1141309938813397,False,0,NORMAL,0,0.36451741387695247,39.67414003718105,27.466645231983634,34.48075035256088,34.711970664782896,NORMAL,Temperature,0,Telemetry remains within the expected prototype operating envelope.
75.9,steady,118.85842736076005,765.3093021993712,0.2099813523064432,510.5028065195841,1,temperature,1.0021167775664448,False,4.038567065948242,False,1.028941643762337,False,2.074941230325272,False,0,NORMAL,0,18.161578774007413,55.41235633378585,18.59946404214724,33.965195765270096,47.05515867204173,WARNING,Temperature,1,Elevated telemetry deviation primarily associated with Temperature.
76.0,steady,120.46821735347976,764.7808125580018,0.2086343233187529,508.5807633982389,1,temperature,0.0834350047599581,False,3.921785327626063,False,0.8954208870561692,False,1.746539124726921,False,0,NORMAL,0,1.6548544164210366,54.35869488413455,16.396447887092137,29.482397391508908,44.24873620036366,NORMAL,Temperature,1,Telemetry remains within the expected prototype operating envelope.
76.1,steady,119.24997753285108,761.9868826907865,0.2010527677339796,505.3868167109845,1,temperature,0.778665266582985,False,3.304403337322177,False,0.1439188422304263,False,1.2008183728797306,False,0,NORMAL,0,14.421239045414291,48.36036392928275,2.8373461930332855,21.350087937897776,39.04402730077625,NORMAL,Temperature,1,Telemetry remains within the expected prototype operating envelope.
76.2,steady,120.6806497933463,763.24901134646,0.194298158410763,503.1487507698631,1,temperature,0.0377968399780567,False,3.5832992074736656,False,0.5256142979856886,False,0.8184203093972613,False,0,NORMAL,0,0.7530867832987065,51.16191960622321,9.978608412718525,15.098978579671208,39.99209966496235,NORMAL,Temperature,1,Telemetry remains within the expected prototype operating envelope.
76.3,steady,119.07317692277346,764.4177280800395,0.1881084339675913,501.89700867322966,1,temperature,0.8795625877453342,False,3.84155360088046,False,1.1391546887326232,False,0.6045464708577735,False,0,NORMAL,0,16.130864909720653,53.62041120397074,20.374113422506102,11.38856683177355,43.73573846477844,NORMAL,Temperature,1,Telemetry remains within the expected prototype operating envelope.
76.4,steady,120.95333276253936,759.0730250919709,0.204319027292103,497.0029354269145,1,temperature,0.1934127120392211,False,2.660520602494648,False,0.467678354300898,False,0.2316595128652009,False,0,NORMAL,0,3.794392732183227,41.26322240453246,8.92944688028714,4.5274966096331415,31.941118442776748,NORMAL,Temperature,0,Telemetry remains within the expected prototype operating envelope.
76.5,steady,120.80007314349032,769.8090046996845,0.2042237324298849,508.08852766997575,1,temperature,0.1059498633668031,False,5.032878096449378,False,0.4582324981019251,False,1.6624352626349927,False,0,NORMAL,0,2.096704260634541,63.45316580552402,8.757236394210254,28.286204607182675,50.22147249200137,WARNING,Temperature,1,Elevated telemetry deviation primarily associated with Temperature.
76.6,steady,121.58209883808053,760.4590572672965,0.1987432690487176,517.7019348259923,1,temperature,0.5522395997519649,False,2.96679575745431,False,0.0850042283835364,False,3.304991101757122,False,0,NORMAL,0,10.456703683170687,44.75316606029212,1.6857146786452781,48.366433960804066,40.648608683027454,NORMAL,Thrust,1,Telemetry remains within the expected prototype operating envelope.
76.7,steady,120.5880203233404,761.4807438786643,0.2034169088174174,515.0802163313379,1,temperature,0.015065338383096,False,3.192560520197524,False,0.3782581989223784,False,2.85704180011602,False,0,NORMAL,0,0.3008532943836184,47.19224357305799,7.286087130380237,43.52704641300138,39.27675348343473,NORMAL,Temperature,1,Telemetry remains within the expected prototype operating envelope.
76.8,steady,118.22592245072892,765.3547425712869,0.2171457065395236,504.6557623989482,1,temperature,1.3630773591852292,False,4.048608143780095,False,1.7390896860492124,False,1.0759097416876044,False,0,NORMAL,0,23.861449448407225,55.50180808460219,29.377255775089463,19.360529534730787,47.28501650373902,WARNING,Temperature,1,Elevated telemetry deviation primarily associated with Temperature.
76.9,steady,119.87020477055268,767.8095410091056,0.2184549176685437,515.0247409433978,1,temperature,0.4247113590227061,False,4.591051375129316,False,1.8688618455441883,False,2.847563222863468,False,0,NORMAL,0,8.14346900113364,60.07670808027973,31.18664655480845,43.419888223724556,51.54719753992713,WARNING,Temperature,1,Elevated telemetry deviation primarily associated with Temperature.
77.0,steady,120.82643962809505,764.2616934740101,0.2116810980174888,513.969817647371,1,temperature,0.120996800500769,False,3.807074225876421,False,1.1974245313771166,False,2.667318030748586,False,0,NORMAL,0,2.390890325928685,53.29947807144091,21.296684748605454,41.34301995674324,44.99854214292444,NORMAL,Temperature,1,Telemetry remains within the expected prototype operating envelope.
77.1,steady,120.2486360515148,765.6641138871386,0.201743827286165,505.40619434217086,1,temperature,0.2087465924059459,False,4.116970732606919,False,0.2124183290120985,False,1.204129253271771,False,0,NORMAL,0,4.0889818363786805,56.10607009927475,4.159387981197726,21.402150788944564,43.972647251285714,NORMAL,Temperature,1,Telemetry remains within the expected prototype operating envelope.
77.2,steady,120.39949019171785,760.06374118927,0.2295170667029844,504.9294523381532,1,temperature,0.1226565125919961,False,2.8794417297405026,False,2.9653686938545136,False,1.1226726635585322,False,0,NORMAL,0,2.4232855528642405,43.779478581728604,44.737395660718995,20.11120115450149,38.796301262576016,NORMAL,Vibration,0,Telemetry remains within the expected prototype operating envelope.
77.3,steady,121.1465635996092,770.2321766892993,0.2132695733778668,504.0953006677887,1,temperature,0.3036865047469788,False,5.126387517804204,False,1.3548780339111983,False,0.980148720212056,False,0,NORMAL,0,5.892957438579371,64.13030880769539,23.736490069777883,17.801221492496744,51.446286283250075,WARNING,Temperature,1,Elevated telemetry deviation primarily associated with Temperature.
77.4,steady,121.49872718642594,765.4523112638431,0.2160554163653764,513.3554659564563,1,temperature,0.504660712387632,False,4.070168152965899,False,1.6310174987304764,False,2.562349319779672,False,0,NORMAL,0,9.600562637685051,55.6932712784081,27.83416847959195,40.098573350056746,47.85795170871768,WARNING,Temperature,1,Elevated telemetry deviation primarily associated with Temperature.
77.5,steady,121.22274686974814,766.7945982010069,0.2026307094569815,510.6451321044954,1,temperature,0.3471630960948935,False,4.366776808232934,False,0.3003282252643498,False,2.0992591143760087,False,0,NORMAL,0,6.7077007653353675,58.24518289750973,5.829728656923372,34.285581366275764,47.05283583091019,WARNING,Temperature,1,Elevated telemetry deviation primarily associated with Temperature.
77.6,steady,119.5387846425578,769.0815992828234,0.1936676748257235,505.9961686952472,1,temperature,0.6138476017047022,False,4.872141418951056,False,0.5881093490459018,False,1.3049328292413327,False,0,NORMAL,0,11.55325091634799,62.259193779791545,11.096784103545243,22.970873224466025,49.9079848839777,WARNING,Temperature,1,Elevated telemetry deviation primarily associated with Temperature.
77.7,steady,119.65228117361144,769.5951665757966,0.2016171136272069,506.9633424775648,1,temperature,0.549076920543001,False,4.9856257269186015,False,0.1998581660284489,False,1.4701850564496,False,0,NORMAL,0,10.400046421872844,63.106143723802596,3.918330594471564,25.475109169055987,50.022711037526946,WARNING,Temperature,1,Elevated telemetry deviation primarily associated with Temperature.
77.8,steady,120.81110727790558,767.938515115284,0.2073441185221016,507.9951528014532,1,temperature,0.1122468699402288,False,4.619551120704328,False,0.7675326809900235,False,1.646481144284453,False,0,NORMAL,0,2.2199261907835277,60.303621500893236,14.230484188487447,28.057013070937252,48.36832040880198,WARNING,Temperature,1,Elevated telemetry deviation primarily associated with Temperature.
77.9,steady,119.78655839283446,767.9360374093496,0.1983730386242429,502.2367093366864,1,temperature,0.4724470282208847,False,4.619003615543561,False,0.1217023595174998,False,0.6625880475078656,False,0,NORMAL,0,9.016262628415184,60.299274468476895,2.404663151640818,12.411248997208734,46.55603021351237,WARNING,Temperature,1,Elevated telemetry deviation primarily associated with Temperature.
78.0,steady,119.90311993490089,771.7655851759837,0.2092010279691748,504.4922086372172,1,temperature,0.4059271935897086,False,5.4652288017486885,False,0.9515940165468578,False,1.0479647912676564,False,0,NORMAL,0,7.7977303116231305,66.48059832583965,17.330446134549614,18.908574524355327,52.88265697522795,WARNING,Temperature,1,Elevated telemetry deviation primarily associated with Temperature.
78.1,steady,120.25574582008156,764.6695703193874,0.2055352553970502,499.89922084139886,1,temperature,0.2046891595602346,False,3.897203839204496,False,0.5882338125604171,False,0.26320255238584,False,0,NORMAL,0,4.011119745558411,54.13375616168782,11.098997117341625,5.127899355134435,41.694471588322784,NORMAL,Temperature,1,Telemetry remains within the expected prototype operating envelope.
78.2,steady,118.69783386674943,768.6813548552333,0.2345694558714643,503.093225702668,1,temperature,1.0937649530713751,False,4.783698360944053,False,3.4661736736390947,False,0.808933243900208,False,0,NORMAL,0,19.647982933342522,61.58567204611941,50.00437751675597,14.937733343439152,52.82106634094761,WARNING,Temperature,2,Elevated telemetry deviation primarily associated with Temperature.
78.3,steady,118.82623452859558,770.5316187087247,0.2080624386373367,511.6399237376955,1,temperature,1.0204887194087155,False,5.192556004029577,False,0.8387343004205796,False,2.269230153707258,False,0,NORMAL,0,18.461733137500026,64.60187030808811,15.443214542939177,36.4819476008326,53.80273268932626,WARNING,Temperature,1,Elevated telemetry deviation primarily associated with Temperature.
78.4,steady,119.26342788065924,767.7720601234587,0.2098602886049705,510.20190997234977,1,temperature,0.7709893651143792,False,4.58276912579637,False,1.0169415181689003,False,2.023529761674208,False,0,NORMAL,0,14.289759321317385,60.01052234716462,18.403866085057665,33.28270373300002,50.03068903072922,WARNING,Temperature,1,Elevated telemetry deviation primarily associated with Temperature.
78.5,steady,120.48418797467356,771.9069392023247,0.2074869025166155,506.78665527210114,1,temperature,0.0743208229986747,False,5.496464170661814,False,0.7816857743289531,False,1.4399961134117611,False,0,NORMAL,0,1.4754238233627648,66.68934379819038,14.472921695128893,25.02378249578149,52.768452252414306,WARNING,Temperature,1,Elevated telemetry deviation primarily associated with Temperature.
78.6,steady,118.96155424784888,769.4233451747776,0.2105666318073886,500.2393234416981,1,temperature,0.9432638887528414,False,4.9476579025352265,False,1.0869559571624048,False,0.3213128043450033,False,0,NORMAL,0,17.192601750625403,62.824921444129785,19.5384850821255,6.224125154771098,50.091960613953894,WARNING,Temperature,1,Elevated telemetry deviation primarily associated with Temperature.
78.7,steady,121.21106002875808,772.090507224993,0.1954558632288415,498.4464112606545,1,temperature,0.3404936001682173,False,5.537027676754416,False,0.4108598088360025,False,0.0149741333397631,False,0,NORMAL,0,6.583175209583403,66.95848997192903,7.888645123712468,0.2990346647977482,50.674336166630845,WARNING,Temperature,1,Elevated telemetry deviation primarily associated with Temperature.
78.8,steady,121.8463150514032,769.0689155312625,0.2012333550216568,502.8278626977479,1,temperature,0.7030236277042057,False,4.869338657194199,False,0.1618190890124337,False,0.76359306989689,False,0,NORMAL,0,13.116732880321603,62.238032151576036,3.1845713767552075,14.162877850528421,48.56616464620278,WARNING,Temperature,1,Elevated telemetry deviation primarily associated with Temperature.
78.9,steady,122.00067061269104,775.4453763282429,0.2124759616743849,507.3727180690376,1,temperature,0.7911119133363469,False,6.278361877185817,False,1.2762133309626238,False,1.5401313571996782,False,0,NORMAL,0,14.634007831187956,71.51157653482723,22.527152526064153,26.510398902095332,58.31104912962798,WARNING,Temperature,1,Elevated telemetry deviation primarily associated with Temperature.
79.0,steady,120.23768459631104,772.243857423408,0.2191616014143529,509.6821262843392,1,temperature,0.2149964152566871,False,5.570913871186832,False,1.9389100400185963,False,1.9347190291247292,False,0,NORMAL,0,4.2087923159433105,67.1816630756286,32.14397521544645,32.08707430372652,55.53496267884878,WARNING,Temperature,1,Elevated telemetry deviation primarily associated with Temperature.
79.1,steady,119.8903501545883,772.3097054367279,0.2066203265604461,508.0482836009065,1,temperature,0.4132147059167615,False,5.585464478916111,True,0.6957886789668802,False,1.6555591229306217,False,1,WARNING,1,7.93201746131218,67.2770295936286,12.990922682491524,28.18751394648936,53.91397405820174,WARNING,Temperature,1,Elevated telemetry deviation primarily associated with Temperature.
79.2,steady,122.75540115716932,775.589155653283,0.2053504780036544,502.71014157375737,1,temperature,1.2218247378216665,False,6.310133170695872,True,0.5699182324104293,False,0.7434791273101942,False,1,WARNING,1,21.67982454722175,71.69202543089428,10.772745244181381,13.816877785244097,56.92144541824116,WARNING,Temperature,1,Elevated telemetry deviation primarily associated with Temperature.
79.3,steady,120.76463576681417,777.8606131277351,0.2129727804231447,502.1819666239071,1,temperature,0.0857263111173194,False,6.812063069840255,True,1.3254592016056617,False,0.6532346558262592,False,1,WARNING,1,1.699911863049386,74.3957700048848,23.286450722950903,12.24724526691643,58.124821065732746,WARNING,Temperature,1,Elevated telemetry deviation primarily associated with Temperature.
79.4,steady,122.34279875221029,776.062603994441,0.2077169874858368,508.1903744725676,1,temperature,0.9863590493988034,False,6.414752288949382,True,0.804492350488699,False,1.6798369036534415,False,1,WARNING,1,17.90325440823589,72.27818278698103,14.862149290422998,28.53535833202081,58.668976483082986,WARNING,Temperature,1,Elevated telemetry deviation primarily associated with Temperature.
79.5,steady,121.20117792686904,776.271332444783,0.2403284190517435,513.1474673904901,1,temperature,0.3348540403973514,False,6.460875560552327,True,4.037015970798801,False,2.526810488071803,False,1,WARNING,1,6.477749812075051,72.53273110275205,55.39852225253603,39.6712912942629,62.37830098218111,WARNING,Temperature,2,Elevated telemetry deviation primarily associated with Temperature.
79.6,steady,120.514305665541,778.1462325690388,0.207589322186923,511.4858998144768,1,temperature,0.0571331315829803,False,6.87517714482502,True,0.7918378586612298,False,2.24291348050893,False,1,WARNING,1,1.136159037161788,74.71693618817632,14.646401140063514,36.14674947927762,59.647555033724046,WARNING,Temperature,1,Elevated telemetry deviation primarily associated with Temperature.
79.7,steady,118.44677415664668,774.6001424317104,0.2133945911912781,509.23348671426334,1,temperature,1.2370407720294805,False,6.091588332353198,True,1.3672701006009045,False,1.858064047854316,False,1,WARNING,1,21.91780674280429,70.42727394458917,23.92526853781912,31.037879443135463,58.667198072463414,WARNING,Temperature,1,Elevated telemetry deviation primarily associated with Temperature.
79.8,steady,119.77323548405452,773.1572509214922,0.2090000600954193,508.4214668424135,1,temperature,0.4800502022449799,False,5.77274882144629,True,0.9316735969993354,False,1.7193215645345097,False,1,WARNING,1,9.154510527212057,68.48005810047388,17.00042671919808,29.097487291869317,55.33862999619894,WARNING,Temperature,1,Elevated telemetry deviation primarily associated with Temperature.
79.9,steady,122.08751211338787,779.8961860636691,0.2053508402610021,499.4020945677884,1,temperature,0.8406709888518789,False,7.261868945550466,True,0.5699541402309928,False,0.1782630870903545,False,1,WARNING,1,15.475960230346885,76.59858719371607,10.773386033131072,3.502454907053487,59.094740657787106,WARNING,Temperature,1,Elevated telemetry deviation primarily associated with Temperature.
80.0,steady,119.77493099230789,778.6847681216858,0.2171610704886385,500.16196617322686,1,temperature,0.4790826024120504,False,6.994178754437354,True,1.740612597679597,False,0.3080954682888205,False,1,WARNING,1,9.136928409934308,75.3115768568961,29.398762939282097,5.975903766407975,59.437052504578006,WARNING,Temperature,1,Elevated telemetry deviation primarily associated with Temperature.
80.1,steady,120.37916709016037,774.3149338280485,0.2104286804660055,497.6999982902154,1,temperature,0.134254586286198,False,6.028565041236708,True,1.0732818880381112,False,0.1125586927534227,False,1,WARNING,1,2.649363629474255,70.05216071933476,19.318136650125894,2.226024012175465,53.78040190603976,WARNING,Temperature,1,Elevated telemetry deviation primarily associated with Temperature.
80.2,steady,120.66299706130732,780.6928836444738,0.1974475838387204,516.3047828848433,1,temperature,0.0277227040735023,False,7.437917293749601,True,0.2134356662165529,False,3.0662723996537977,False,1,WARNING,1,0.5529198217260278,77.40820635602711,4.17888644154043,45.841458105500564,61.51371281983711,WARNING,Temperature,2,Elevated telemetry deviation primarily associated with Temperature.
80.3,steady,122.21474934859825,777.6015145189776,0.1939624904498458,509.6508317242084,1,temperature,0.9132832732732628,False,6.7548093725886975,True,0.5588865145105404,False,1.9293720109821124,False,1,WARNING,1,16.694586810140056,74.10089760683576,10.575661926685044,32.01440912728675,59.836819548151155,WARNING,Temperature,1,Elevated telemetry deviation primarily associated with Temperature.
80.4,steady,120.725453866978,779.1106608304287,0.2052133045685627,505.4956487217113,1,temperature,0.0633658185274749,False,7.088289380213976,True,0.5563212712308234,False,1.2194135131667885,False,1,WARNING,1,1.259319733178077,75.77191954287966,10.529771119125941,21.642045931075614,58.80701513141947,WARNING,Temperature,1,Elevated telemetry deviation primarily associated with Temperature.
80.5,steady,121.4457140454466,779.2538817445766,0.2151748032787228,509.0248286416558,1,temperature,0.474406948507133,False,7.119937280208639,True,1.543729009195478,False,1.82241253221795,False,1,WARNING,1,9.051919813953136,75.92478880686183,26.563257885004344,30.544401385948817,61.783494914989895,WARNING,Temperature,1,Elevated telemetry deviation primarily associated with Temperature.
80.6,steady,120.4462404783056,780.6227773304448,0.2071684143557444,500.94361369142047,1,temperature,0.0959768609878223,False,7.422425718175008,True,0.7501164609510867,False,0.4416485025364856,False,1,WARNING,1,1.9012314200666625,77.3381013126305,13.931207111537425,8.454100033504874,59.16192184251203,WARNING,Temperature,1,Elevated telemetry deviation primarily associated with Temperature.
80.7,steady,121.3351706592111,778.2059153421135,0.2062833803857848,509.13341149888606,1,temperature,0.4113215805410343,False,6.8883654032920845,True,0.6623897628179666,False,1.8409651019029347,False,1,WARNING,1,7.897151614379549,74.78353623178282,12.407775426667357,30.801639814086034,59.624682570763966,WARNING,Temperature,1,Elevated telemetry deviation primarily associated with Temperature.
80.8,steady,120.08134863859831,779.803873602605,0.2057067993387818,503.2213373361228,1,temperature,0.30421488191039,False,7.241470419585166,True,0.6052376611172597,False,0.8308225187614073,False,1,WARNING,1,5.902901715578357,76.50292131676633,11.400815457037993,15.309309663394455,59.27454431926612,WARNING,Temperature,1,Elevated telemetry deviation primarily associated with Temperature.
80.9,steady,119.30952336072644,782.6347269447343,0.1931277897466289,513.5943283148066,1,temperature,0.7446834012693907,False,7.867011486714442,True,0.6416240580490725,False,2.6031615682455214,False,1,WARNING,1,13.837632903620001,79.2661446451815,12.04323610394601,40.585525666124,64.27459120976924,WARNING,Temperature,1,Elevated telemetry deviation primarily associated with Temperature.
81.0,steady,119.76464349928112,785.6217070422521,0.2329823583435384,502.8590735345937,1,temperature,0.4849535125148002,False,8.527052291332641,True,3.308856745175282,False,0.7689257829998455,False,1,WARNING,1,9.243555582822049,81.83022084931183,48.40633792431015,14.254377996653355,66.64141163294872,WARNING,Temperature,2,Elevated telemetry deviation primarily associated with Temperature.
81.1,steady,120.55263226910732,782.3581235203774,0.2107708142661402,511.9490165780155,1,temperature,0.0352607430918143,False,7.805889704575876,True,1.1071950141149831,False,2.3220420487470688,False,1,WARNING,1,0.7027340569233598,79.01113109458763,19.86351983521857,37.149318626734384,63.32082177766005,WARNING,Temperature,1,Elevated telemetry deviation primarily associated with Temperature.
81.2,steady,121.09016931986184,786.3862820866935,0.2006728261846094,504.8552624474089,1,temperature,0.2715031782703913,False,8.696002438654855,True,0.1062581210138725,False,1.1099965086565056,False,1,WARNING,1,5.285268255821696,82.43392125562279,2.1027399624945042,19.908407641101622,63.18345331372087,WARNING,Temperature,1,Elevated telemetry deviation primarily associated with Temperature.
81.3,steady,119.22124530544208,781.3366512662269,0.1892428347373081,515.8768731088194,1,temperature,0.7950622958427948,False,7.580172308907614,True,1.0267101529692464,False,2.9931593306015087,False,1,WARNING,1,14.70142685900796,78.04190807496751,18.563127024869907,45.04370022485903,64.40787943980303,WARNING,Temperature,2,Elevated telemetry deviation primarily associated with Temperature.
81.4,steady,121.13078326456603,781.9636281109885,0.2124459433406179,505.0309993312148,1,temperature,0.2946809162922769,False,7.718717022157391,True,1.273237841439936,False,1.1400230788370709,False,1,WARNING,1,5.7233068448997,78.6419913541248,22.481034875976412,20.387941488048167,62.250293404447916,WARNING,Temperature,1,Elevated telemetry deviation primarily associated with Temperature.
81.5,steady,120.88756303406464,781.1504168407229,0.1978387961240011,515.8660235658014,1,temperature,0.155878964764475,False,7.539019600806396,True,0.1746577625182868,False,2.991305567419856,False,1,WARNING,1,3.0694838918671974,77.86043530030511,3.432848820722467,45.02332125428933,61.93056575607693,WARNING,Temperature,2,Elevated telemetry deviation primarily associated with Temperature.
81.6,steady,122.04940144479248,788.959313530383,0.1912277992497599,511.89716157666913,1,temperature,0.8189218310447134,False,9.264571926550698,True,0.8299556909944521,False,2.313182054172109,False,1,WARNING,1,15.107494092619289,84.32204162642347,15.294625942208228,37.03784855427854,68.08850295103409,WARNING,Temperature,1,Elevated telemetry deviation primarily associated with Temperature.
81.7,steady,122.95068007623097,782.9553620158966,0.2029910095288124,500.5047944469067,1,temperature,1.333267338637068,False,7.937863057012704,True,0.3360420359334418,False,0.3666714313797606,False,1,WARNING,1,23.406155212702384,79.55787802879082,6.499967975612297,7.070987083938773,61.90943219505541,WARNING,Temperature,1,Elevated telemetry deviation primarily associated with Temperature.
81.8,steady,120.38392013095115,788.4493277942095,0.2048741158853882,510.2924880057285,1,temperature,0.1315421008317904,False,9.15187904455676,True,0.5227000722384513,False,2.0390060101268,False,1,WARNING,1,2.596536864560217,83.96467057467262,9.926124587799745,33.48889115822453,65.94995540224721,WARNING,Temperature,1,Elevated telemetry deviation primarily associated with Temperature.
81.9,steady,121.46458016506271,788.7670700075442,0.2120133529060721,509.9615182616844,1,temperature,0.4851735455746312,False,9.22209137249458,True,1.2303584359540571,False,1.9824562066253224,False,1,WARNING,1,9.247549378577592,84.18827250079437,21.813382687313865,32.73238315726702,67.67076605136221,WARNING,Temperature,1,Elevated telemetry deviation primarily associated with Temperature.
82.0,steady,121.2870639646488,788.9419223467813,0.1990119476102012,496.2697721192566,1,temperature,0.3838678482876153,False,9.26072895122345,True,0.0583721624310997,False,0.3569284890439496,False,1,WARNING,1,7.39004730995545,84.30998699300876,1.1606550716455,6.889730140864003,63.52965325305965,WARNING,Temperature,1,Elevated telemetry deviation primarily associated with Temperature.
82.1,steady,120.30036395762518,787.6727752821412,0.2198496031484366,513.6338438718751,1,temperature,0.1792262918052629,False,8.980282204885887,True,2.0071064285072557,False,2.609913233700409,False,1,WARNING,1,3.5210424947129115,83.40479588291689,33.06319935408044,40.66570085311342,68.27040695006805,WARNING,Temperature,1,Elevated telemetry deviation primarily associated with Temperature.
82.2,steady,120.13455556883864,788.8157796287119,0.2062315317554101,505.14380312424095,1,temperature,0.2738505255534547,False,9.232854864884384,True,0.6572504017314015,False,1.159296841604341,False,1,WARNING,1,5.3297234934622235,84.22227377214283,12.317695525192695,20.694235550701258,65.468821681774,WARNING,Temperature,1,Elevated telemetry deviation primarily associated with Temperature.
82.3,steady,121.84275722495828,793.9197090597826,0.2192027954766684,497.3707859767782,1,temperature,0.7009932322361401,False,10.360683500635243,True,1.9429932946645108,False,0.1688082199991996,False,1,WARNING,1,13.081444237454365,87.4083551626011,32.199367280068394,3.3198079785402457,68.71621613832383,WARNING,Temperature,1,Elevated telemetry deviation primarily associated with Temperature.
82.4,steady,119.1986792427878,792.9397001129272,0.201637140235243,507.86341828737017,1,temperature,0.8079403920778628,False,10.14412836042758,True,0.2018432516380933,False,1.6239728606125672,False,1,WARNING,1,14.920840821024939,86.85101572885341,3.956469091010051,27.73242038506506,68.13097550102565,WARNING,Temperature,1,Elevated telemetry deviation primarily associated with Temperature.
82.5,steady,120.091208656658,793.8668105695733,0.1931288824873475,515.1109074649644,1,temperature,0.2985879250328223,False,10.34899438289729,True,0.6415157429578865,False,2.8622857162353936,False,1,WARNING,1,5.796946043091,87.37888368266027,12.041330674327034,43.58624325157437,69.81657221324879,WARNING,Temperature,1,Elevated telemetry deviation primarily associated with Temperature.
82.6,steady,119.44910739528802,789.1226799499102,0.2063803666301802,509.0595179747069,1,temperature,0.6650249930879198,False,9.300671431559758,True,0.6720032728909501,False,1.828339584472541,False,1,WARNING,1,12.453928399549518,84.43482729318616,12.576027372307507,30.62668599826548,67.1406412836105,WARNING,Temperature,1,Elevated telemetry deviation primarily associated with Temperature.
82.7,steady,119.32416398275112,791.3420805044188,0.2091266734157931,507.44636552670784,1,temperature,0.7363282290683935,False,9.791098176948964,True,0.9442238141809112,False,1.5527148314736283,False,1,WARNING,1,13.693532255711782,85.88905763594182,17.208498010096584,26.695117265684686,68.38293041551275,WARNING,Temperature,1,Elevated telemetry deviation primarily associated with Temperature.
82.8,steady,121.45548910886784,796.6151712856112,0.2036603470439164,501.3800072543653,1,temperature,0.4799854231117241,False,10.956306838679025,True,0.4023883820961552,False,0.5162111194461134,False,1,WARNING,1,9.153333541174014,88.82243305634046,7.732449922508067,9.809151675972661,67.84235120377087,WARNING,Temperature,1,Elevated telemetry deviation primarily associated with Temperature.
82.9,steady,121.64281937958928,795.9733173581959,0.2285522596738072,500.5867749223799,1,temperature,0.586891855618453,False,10.814474697564131,True,2.869734698010032,False,0.380678692956965,False,1,WARNING,1,11.075133651517321,88.50082554264756,43.670225686849776,7.3309589629084515,70.70103668906418,WARNING,Temperature,1,Elevated telemetry deviation primarily associated with Temperature.
83.0,steady,120.09816766776812,793.1488452224385,0.1973504385278981,509.3034237873173,1,temperature,0.2946165270911381,False,10.190343702296946,True,0.2230649433367809,False,1.870013562303413,False,1,WARNING,1,5.722092756890651,86.97199272887947,4.363246470462878,31.20249542788136,67.75453016988166,WARNING,Temperature,1,Elevated telemetry deviation primarily associated with Temperature.
83.1,steady,119.70223729248605,791.0562124460004,0.2071525673908425,505.0764258884,1,temperature,0.5205677509880852,False,9.727929164390098,True,0.7485456716328664,False,1.147784703362578,False,1,WARNING,1,9.887703107959423,85.7096518746647,13.904163675705561,20.511429397746273,67.08740667343871,WARNING,Temperature,1,Elevated telemetry deviation primarily associated with Temperature.
83.2,steady,119.85436750562286,792.288356135281,0.2092301558920482,493.3539090340784,1,temperature,0.4337494364663029,False,10.000199178091853,True,0.9544812463977916,False,0.8551356136264702,False,1,WARNING,1,8.309360310286829,86.46701078207036,17.37816955511182,15.720128583638449,67.39259056606764,WARNING,Temperature,1,Elevated telemetry deviation primarily associated with Temperature.
83.3,steady,121.46958639859854,795.7859557684385,0.2099863734394975,512.7610195447363,1,temperature,0.4880305241374084,False,10.77307291702974,True,1.029439350560825,False,2.46078164364054,False,1,WARNING,1,9.299390127565243,88.40521297645746,18.6075663589121,38.86932064512627,71.0417688191527,WARNING,Temperature,1,Elevated telemetry deviation primarily associated with Temperature.
83.4,steady,120.7693245554098,796.7024425285914,0.1898481345094928,504.8045870303376,1,temperature,0.0884021288567938,False,10.975591393498984,True,0.966711382078092,False,1.1013380589664443,False,1,WARNING,1,1.752504412912137,88.86546090620394,17.580017830592375,19.769593679813358,68.95971256161572,WARNING,Temperature,1,Elevated telemetry deviation primarily associated with Temperature.
83.5,steady,120.89587245457324,794.5134187023109,0.1953909450193076,507.4549205813929,1,temperature,0.1606210200625913,False,10.49187707319692,True,0.4172946580784382,False,1.5541765562085663,False,1,WARNING,1,3.161370285435672,87.73444691405658,8.007113411233025,26.71654444552509,68.01909456155867,WARNING,Temperature,1,Elevated telemetry deviation primarily associated with Temperature.
83.6,steady,121.04945169533984,790.7626920538587,0.1978961811293887,502.8994119846418,1,temperature,0.2482662718108444,False,9.663069195633684,True,0.1689696226096737,False,0.7758180487275295,False,1,WARNING,1,4.8440683654790035,85.52307001509855,3.322928815243542,14.372492892392252,65.04546951753272,WARNING,Temperature,1,Elevated telemetry deviation primarily associated with Temperature.
83.7,steady,122.04277041604564,800.0184900313413,0.2107224652691518,498.1139375376299,1,temperature,0.8151376074675843,False,11.708347083329702,True,1.1024025451162704,False,0.0418326414327907,False,1,WARNING,1,15.04321932820426,90.38330385785717,19.786672692976104,0.8331626292771954,69.7782038770847,WARNING,Temperature,1,Elevated telemetry deviation primarily associated with Temperature.
83.8,steady,120.41238635644584,790.2161708817706,0.2025215043949905,505.08245632950826,1,temperature,0.1152968746713385,False,9.542302982806998,True,0.2895035565701863,False,1.148815070233976,False,1,WARNING,1,2.2795539399881215,85.16914824004485,5.625635414839236,20.527808188032694,65.30013411203333,WARNING,Temperature,1,Elevated telemetry deviation primarily associated with Temperature.
83.9,steady,122.11214762768924,798.7012422589423,0.2016848490149584,500.9066513049043,1,temperature,0.8547300885199925,False,11.417271397790886,True,0.206572260759158,False,0.4353330742169829,False,1,WARNING,1,15.71329278566741,89.80685020008785,4.047264293845043,8.338396663416924,68.69121047507112,WARNING,Temperature,1,Elevated telemetry deviation primarily associated with Temperature.
84.0,steady,119.84108405235294,799.5577489970937,0.2066485768025514,510.8766377656752,1,temperature,0.4413300938527895,False,11.606535931920227,True,0.6985889109867555,False,2.138814390605277,False,1,WARNING,1,8.44827004597375,90.18547923634057,13.039638160618905,34.80340081277947,71.43728047599623,WARNING,Temperature,1,Elevated telemetry deviation primarily associated with Temperature.
84.1,steady,120.1790393883137,800.7012656170685,0.2115407531715911,500.9029997450343,1,temperature,0.2484643110028783,False,11.8592217903127,True,1.1835132123221328,False,0.4347091652439207,False,1,WARNING,1,4.847837211604212,90.66915267561795,21.077406459204063,8.326958250417526,69.8655677663755,WARNING,Temperature,1,Elevated telemetry deviation primarily associated with Temperature.
84.2,steady,120.3068655265732,800.2010513419513,0.2231199031740214,507.74281624547183,1,temperature,0.1755159488945681,False,11.748688133625704,True,2.3312664414413464,False,1.603366681667344,False,1,WARNING,1,3.449421921108553,90.46058121821584,37.26516360713601,27.433974088203893,72.67767761487342,WARNING,Temperature,1,Elevated telemetry deviation primarily associated with Temperature.
84.3,steady,119.78113593996068,795.5814551284204,0.2012672114603524,496.5552966578889,1,temperature,0.4755415365987351,False,10.72788387573193,True,0.1651750207372324,False,0.308143496321607,False,1,WARNING,1,9.072555194345544,88.29994654213334,3.2495307680617036,5.976806920545618,66.72236370208172,WARNING,Temperature,1,Elevated telemetry deviation primarily associated with Temperature.
84.4,steady,120.76269588868206,801.8495194117811,0.1987236671015247,504.7568393142512,1,temperature,0.084619253246733,False,12.112954434597077,True,0.0869472205878839,False,1.093179839035711,False,1,WARNING,1,1.6781446761344854,91.13084702018774,1.7239120344392234,19.63857936454132,69.22505533396102,WARNING,Temperature,1,Elevated telemetry deviation primarily associated with Temperature.
84.5,steady,119.4924871762142,802.8699857816447,0.1992896436286993,490.466456700993,1,temperature,0.6402688359336041,False,12.338449557383568,True,0.0308462644266812,False,1.348488450235288,False,1,WARNING,1,12.019392682451379,91.52195166185906,0.6150262117772809,23.638969355749605,70.67136082249417,WARNING,Temperature,1,Elevated telemetry deviation primarily associated with Temperature.
84.6,steady,119.7365797001799,807.635036351243,0.2205471595705927,505.62346896494057,1,temperature,0.5009690802761794,False,13.391395244774577,True,2.076249900683924,False,1.2412530008184546,False,1,WARNING,1,9.533793698917547,93.13187504248536,33.98247706180766,21.983559055006108,74.41599295270944,WARNING,Temperature,1,Elevated telemetry deviation primarily associated with Temperature.
84.7,steady,121.08904254040272,802.9804096309414,0.2240883071351236,511.0057258690916,1,temperature,0.270860142995135,False,12.362850204177096,True,2.427256973839114,False,2.160870506047666,False,1,WARNING,1,5.27308648978837,91.56322484331395,38.458066301195494,35.0903641613977,74.42476105527743,WARNING,Temperature,1,Elevated telemetry deviation primarily associated with Temperature.
84.8,steady,120.76857957334332,805.0818218185815,0.2091498029419724,503.1100953262794,1,temperature,0.0879769793350319,False,12.82720475153987,True,0.9465164685082774,False,0.8118156037458902,False,1,WARNING,1,1.7441500825805867,92.31147286180364,17.246451767008363,14.986755224570114,71.05272997956911,WARNING,Temperature,1,Elevated telemetry deviation primarily associated with Temperature.
84.9,steady,119.56406188032663,802.7240308015347,0.2033007326177069,509.5842910704554,1,temperature,0.5994222805695585,False,12.306197503682275,True,0.3667425342719912,False,1.918002811947137,False,1,WARNING,1,11.297707912833832,91.46708801149201,7.072308578860631,31.85964489660614,71.85207277995167,WARNING,Temperature,1,Elevated telemetry deviation primarily associated with Temperature.
85.0,steady,119.71417589574506,804.0400088221471,0.2035612845310666,493.1119886740461,1,temperature,0.5137545783031859,False,12.596992608847762,True,0.3925690672946232,False,0.8964703551520021,False,1,WARNING,1,9.764829282961319,91.9491983991479,7.551071055147496,16.41399389775804,70.76389956500994,WARNING,Temperature,1,Elevated telemetry deviation primarily associated with Temperature.
85.1,steady,120.16503800019304,801.3857274378253,0.2271683107250866,505.2027044645624,1,temperature,0.2564546824914657,False,12.010469109060535,True,2.73255434586874,False,1.1693607803210664,False,1,WARNING,1,4.999776000256462,90.94717952208269,42.10336202595708,20.853700682792788,73.01976828457404,WARNING,Temperature,1,Elevated telemetry deviation primarily associated with Temperature.
85.2,steady,120.79885365645444,808.5331624460766,0.2157594622249593,516.9920748364268,1,temperature,0.1052539213388952,False,13.589856517005757,True,1.6016818117185934,False,3.1837037525481278,False,1,WARNING,1,2.0830763085949444,93.3991470034232,27.409517104479818,47.09861947109469,75.58360204238943,CRITICAL,Temperature,2,"Critical multi-sensor deviation. Temperature is the strongest contributor, with 2 sensors elevated."
85.3,steady,121.26500517511693,804.1183594466091,0.2169474258188497,506.30869721047264,1,temperature,0.3712792448270701,False,12.614305951261803,True,1.7194356235854078,False,1.3583317469449727,False,1,WARNING,1,7.1565875458565635,91.97702744692317,29.099104688082534,23.789150335988786,73.08698146697452,WARNING,Temperature,1,Elevated telemetry deviation primarily associated with Temperature.
85.4,steady,119.9077152274226,810.1519002617135,0.2009885685164862,505.5735197506409,1,temperature,0.403304732585786,False,13.947553245948402,True,0.1375552612102728,False,1.232718630820808,False,1,WARNING,1,7.74935825600288,93.85487222089085,2.713606983360728,21.85028110844831,72.04537731834056,WARNING,Temperature,1,Elevated telemetry deviation primarily associated with Temperature.
85.5,steady,122.28896918705756,809.462758775256,0.2143884060616896,502.7581786597018,1,temperature,0.955639365112309,False,13.795271849230964,True,1.4657794235151158,False,0.7516867892485581,False,1,WARNING,1,17.397304516583755,93.66483527285203,25.40941436789167,13.958234119388136,74.04474940156643,WARNING,Temperature,1,Elevated telemetry deviation primarily associated with Temperature.
85.6,steady,118.81002706807658,809.520246953932,0.2121137391772893,510.3578713978218,1,temperature,1.0297380616394554,False,13.807975162433769,True,1.2403089648723795,False,2.050177478340046,False,1,WARNING,1,18.612428777993863,93.68091035986258,21.968827599420127,33.63733061545581,75.58379775227476,CRITICAL,Temperature,1,Critical telemetry deviation primarily associated with Temperature.
85.7,steady,120.75560568083992,807.799802952352,0.2070268854422338,514.5404370356732,1,temperature,0.0805729833982177,False,13.427804151569964,True,0.7360877742632527,False,2.7648145991307507,False,1,WARNING,1,1.59854512062102,93.18170557905093,13.689381594931183,42.47571156601361,73.77582621418708,WARNING,Temperature,1,Elevated telemetry deviation primarily associated with Temperature.
85.8,steady,118.10344271397,813.9274173969256,0.2114423291556181,508.0747830259244,1,temperature,1.4329746142355324,False,14.781839142210687,True,1.173757186868434,False,1.66008683975257,False,1,WARNING,1,24.918419442548988,94.79925254009977,20.92326195805012,28.25251383216616,76.39769083119054,CRITICAL,Temperature,1,Critical telemetry deviation primarily associated with Temperature.
85.9,steady,121.99309871924676,813.0737912056494,0.1973885540894064,510.1836146470706,1,temperature,0.7867907531077758,False,14.593211130058425,True,0.2192868371034521,False,2.020403805093132,False,1,WARNING,1,14.560199916152694,94.59930332046955,4.290953998109471,33.24097961731417,74.32504788285922,WARNING,Temperature,1,Elevated telemetry deviation primarily associated with Temperature.
86.0,steady,120.37164652535918,813.4184534019793,0.193047938115954,506.5423536284279,1,temperature,0.138546454067277,False,14.669372037048094,True,0.6495391439524685,False,1.3982545035111082,False,1,WARNING,1,2.7328909874492213,94.68094434797837,12.182363023145026,24.395236891169738,73.2668644105384,WARNING,Temperature,1,Elevated telemetry deviation primarily associated with Temperature.
86.1,steady,118.53219938043416,813.2149314567464,0.19881610827787,502.3979538370363,1,temperature,1.1882899434205343,False,14.624399260496755,True,0.0777842286038759,False,0.6901384353441241,False,1,WARNING,1,21.1527688562682,94.63288599998432,1.54364630629803,12.892542608975555,72.90578722999835,WARNING,Temperature,1,Elevated telemetry deviation primarily associated with Temperature.
86.2,steady,118.20518616542648,813.5079409578112,0.2255906937143357,501.4314962375757,1,temperature,1.3749112303294249,False,14.689146336315682,True,2.576177149094997,False,0.5250085758161743,False,1,WARNING,1,24.041439126189,94.70193892496582,40.264005828101254,9.967702161593072,76.34158032980208,CRITICAL,Temperature,1,Critical telemetry deviation primarily associated with Temperature.
86.3,steady,119.10424930256714,814.6145611591324,0.2068609390179951,493.9653240540811,1,temperature,0.8618300704087398,False,14.933679096575384,True,0.7196387651182999,False,0.7506686650270977,False,1,WARNING,1,15.832894667387787,94.9548147801838,13.40496919092885,13.940712094308804,73.80730129624028,WARNING,Temperature,1,Elevated telemetry deviation primarily associated with Temperature.
86.4,steady,120.03878300556777,814.4337707129127,0.1922740092559691,502.4097384091001,1,temperature,0.3285064176945507,False,14.893729358815396,True,0.7262528360602467,False,0.692151958472895,False,1,WARNING,1,6.358945623913204,94.91434254467742,13.51944259611233,12.927614122800223,72.86985283169686,WARNING,Temperature,1,Elevated telemetry deviation primarily associated with Temperature.
86.5,steady,120.2190342400256,817.9357503598031,0.2067162590573765,499.3264155197159,1,temperature,0.2256398795925792,False,15.6675709608438,True,0.7052977390538671,False,0.1653324933587745,False,1,WARNING,1,4.412485499448559,95.6435565856441,13.156240339974811,3.252577830083647,72.3589870529944,WARNING,Temperature,1,Elevated telemetry deviation primarily associated with Temperature.
86.6,steady,120.1462927652174,816.6096911054983,0.2113398561752918,515.4410119809934,1,temperature,0.2671522926002231,False,15.374548179101758,True,1.1635998183187324,False,2.9186876860598656,False,1,WARNING,1,5.2028137922103035,95.38061975418522,20.762456362782643,44.219036862032446,76.48433393270132,CRITICAL,Temperature,1,Critical telemetry deviation primarily associated with Temperature.
86.7,steady,120.34919871325992,818.7936746235165,0.208936950931546,502.6036047776992,1,temperature,0.1513570665746467,False,15.857148729304132,True,0.9254180647186928,False,0.7252761495722586,False,1,WARNING,1,2.981782254991805,95.80564136559346,16.896520431850526,13.502548067722275,73.57748494814957,WARNING,Temperature,1,Elevated telemetry deviation primarily associated with Temperature.
86.8,steady,119.21677777137856,814.9566627475346,0.2126680429654348,499.4536213439178,1,temperature,0.797611847108557,False,15.009274179333966,True,1.2952528910347902,False,0.1870670007942987,False,1,WARNING,1,14.744910388740829,95.0305192881059,22.821601339368613,3.672216618375823,73.69339670529557,WARNING,Temperature,1,Elevated telemetry deviation primarily associated with Temperature.
86.9,steady,120.16778554769496,814.9941313199519,0.2028119420653628,508.7946521654001,1,temperature,0.2548867004432764,False,15.017553707780362,True,0.3182924377883839,False,1.783084361781967,False,1,WARNING,1,4.969979599317364,95.0387414700318,6.167460538462944,29.99593487120318,73.6902421474345,WARNING,Temperature,1,Elevated telemetry deviation primarily associated with Temperature.
87.0,steady,118.80954879323724,823.6459305310236,0.2161858210081756,509.9572070223803,1,temperature,1.0300110055509464,False,16.92936440829909,True,1.6439435209198003,False,1.9817195842002229,False,1,WARNING,1,18.616871505138445,96.61519159246943,28.02049096287491,32.72247226021617,78.19768933816628,CRITICAL,Temperature,1,Critical telemetry deviation primarily associated with Temperature.
87.1,steady,120.58610069116774,824.2640945850565,0.2100661287934947,500.497067266632,1,temperature,0.0161608422037743,False,17.06596173613162,True,1.0373448932881089,False,0.3653511580495831,False,1,WARNING,1,0.32269506074926735,96.70641104247304,18.736154948230567,7.0464455044515155,73.60519150124911,WARNING,Temperature,1,Elevated telemetry deviation primarily associated with Temperature.
87.2,steady,121.45849283598592,820.2504172720675,0.1968488788804066,504.7667746223578,1,temperature,0.4816996028285496,False,16.17904896247618,True,0.2727807432774871,False,1.0948773951757076,False,1,WARNING,1,9.184473705482187,96.06716557564478,5.30946600965626,19.66585833812409,73.8385169416985,WARNING,Temperature,1,Elevated telemetry deviation primarily associated with Temperature.
87.3,steady,119.35798634531976,822.6649282598776,0.2055754100658963,517.0969210633066,1,temperature,0.717026339911679,False,16.712589770624867,True,0.5922140400229385,False,3.2016178780372897,False,1,WARNING,1,13.359712760803767,96.46521586696966,11.169738199669965,47.28781673222784,77.42710762500151,CRITICAL,Temperature,2,"Critical multi-sensor deviation. Temperature is the strongest contributor, with 2 sensors elevated."
87.4,steady,120.14420148945916,821.4565134123449,0.2370946258130757,515.3038283478484,1,temperature,0.2683457507094726,False,16.445563181147122,True,3.716474598486856,False,2.8952483607512205,False,1,WARNING,1,5.225438386075121,96.27130782160663,52.44555494666474,43.95692935151565,79.89253275330725,CRITICAL,Temperature,2,"Critical multi-sensor deviation. Temperature is the strongest contributor, with 2 sensors elevated."
87.5,steady,119.40016570960992,820.0166076319708,0.1944839261467896,504.64718486151816,1,temperature,0.6929552416086814,False,16.12738343477309,True,0.5072005526895356,False,1.0744441755295997,False,1,WARNING,1,12.941601755000798,96.02631649700822,9.646471003562562,19.336889574524818,74.48784262068878,WARNING,Temperature,1,Elevated telemetry deviation primarily associated with Temperature.
87.6,steady,119.79715561819772,821.8129327491275,0.2085246293757452,506.48410908233154,1,temperature,0.4663993587561877,False,16.524322094213538,True,0.8845477592984776,False,1.388302785276877,False,1,WARNING,1,8.90614813417605,96.32958121046786,16.214443642652586,24.244607578923528,75.36252108634837,CRITICAL,Temperature,1,Critical telemetry deviation primarily associated with Temperature.
87.7,steady,119.80395995302844,829.3126009914737,0.2156940292059974,515.2414060803293,1,temperature,0.4625162321289111,False,18.18154340116545,True,1.595195933326072,False,2.88458283308338,False,1,WARNING,1,8.835374863223699,97.36505711626894,27.315293396437912,43.837255974803725,78.80567299376406,CRITICAL,Temperature,1,Critical telemetry deviation primarily associated with Temperature.
87.8,steady,120.48718768160458,828.0296180925236,0.2065690399085498,511.7183848215737,1,temperature,0.0726089375392337,False,17.89803931433269,True,0.690705022540257,False,2.2826360887078727,False,1,WARNING,1,1.441685490205269,97.21133685048213,12.902412843739219,36.65202327297165,76.15552156783573,CRITICAL,Temperature,1,Critical telemetry deviation primarily associated with Temperature.
87.9,steady,120.50067901817717,826.6376647557838,0.2075832218144796,501.6386407320264,1,temperature,0.0649096444288998,False,17.59045574484851,True,0.7912331750558476,False,0.5604014800571057,False,1,WARNING,1,1.2898027108389054,97.03440099595507,14.636078131482488,10.602752780547853,73.88412617651792,WARNING,Temperature,1,Elevated telemetry deviation primarily associated with Temperature.
88.0,steady,120.21193803492076,827.2005654933376,0.1989005130300203,505.1457548425817,1,temperature,0.2296895719843734,False,17.71484139309704,True,0.0694178263365958,False,1.1596303140459965,False,1,WARNING,1,4.489874161235175,97.10726648690864,1.3787633048629844,20.69952463170468,73.94132321765288,WARNING,Temperature,1,Elevated telemetry deviation primarily associated with Temperature.
88.1,steady,120.64979049765176,827.4591858900786,0.2082118159412126,510.08791319490257,1,temperature,0.0201859263778775,False,17.771989418588557,True,0.8535409384591839,False,2.004052164460424,False,1,WARNING,1,0.40290467989638756,97.14014105904683,15.69324449311722,33.02229833037509,75.93871818759355,CRITICAL,Temperature,1,Critical telemetry deviation primarily associated with Temperature.
88.2,steady,121.00335973066478,827.3542605230709,0.2037600408725704,503.8065105638108,1,temperature,0.2219623141447417,False,17.748803785807752,True,0.4122702744403161,False,0.9308057699061636,False,1,WARNING,1,4.342153769550872,97.12684873593126,7.914625438670065,16.986019613263615,74.18979583962921,WARNING,Temperature,1,Elevated telemetry deviation primarily associated with Temperature.
88.3,steady,122.21182508712346,827.2336214226746,0.2053588039303186,511.4620237157558,1,temperature,0.911614443346404,False,17.72214584826066,True,0.5707435183089824,False,2.2388339876992323,False,1,WARNING,1,16.66677765620327,97.1114893700209,10.787471627823585,36.09463044497129,77.18025038667776,CRITICAL,Temperature,1,Critical telemetry deviation primarily associated with Temperature.
88.4,steady,120.84549827766256,832.7004837945458,0.2212432529622893,512.9756118409148,1,temperature,0.1318732713765747,False,18.930172725194144,True,2.1452483537586864,False,2.497447086328876,False,1,WARNING,1,2.602988082502611,97.73146184163217,34.887241361889885,39.315957713160934,78.79749448448965,CRITICAL,Temperature,1,Critical telemetry deviation primarily associated with Temperature.
88.5,steady,118.99024493906322,831.530873589015,0.2081806067025885,500.6223977870692,1,temperature,0.926890563544564,False,18.6717208989534,True,0.850447403579539,False,0.3867652493101957,False,1,WARNING,1,16.920990783635215,97.61111672881559,15.641067175796518,7.443697398197157,75.48870218129403,CRITICAL,Temperature,1,Critical telemetry deviation primarily associated with Temperature.
88.6,steady,118.545851272298,833.4158938638587,0.2236187946161706,504.6073388794045,1,temperature,1.1804990239364117,False,19.088258759370834,True,2.3807177624438824,False,1.0676360533389786,False,1,WARNING,1,21.029814602598872,97.80206466831343,37.88256952706204,19.226981902609296,78.9662172207048,CRITICAL,Temperature,1,Critical telemetry deviation primarily associated with Temperature.
88.7,steady,120.50319525323005,832.0180126581081,0.2075812316823863,513.4751682753435,1,temperature,0.0634736687490706,False,18.779365293166933,True,0.7910359083708148,False,2.5828017712002493,False,1,WARNING,1,1.2614495510573254,97.66199704405344,14.632710173466656,40.34309909772291,76.94648296693602,CRITICAL,Temperature,1,Critical telemetry deviation primarily associated with Temperature.
88.8,steady,123.18003505674842,828.9220358431695,0.213637610510402,504.7386482146619,1,temperature,1.4641566105648882,False,18.09523919881849,True,1.391358760666995,False,1.0900716905545855,False,1,WARNING,1,25.385201125082048,97.31918099632202,24.290894755216954,19.588608789055794,77.83355764335603,CRITICAL,Temperature,1,Critical telemetry deviation primarily associated with Temperature.
88.9,steady,119.4402457558151,830.7580949954574,0.2018176245538648,508.3337384481127,1,temperature,0.6700821910440365,False,18.50095799192656,True,0.2197332918793932,False,1.7043322081099828,False,1,WARNING,1,12.542431197260584,97.52812100636409,4.299499568720377,28.88461175769853,75.92806171301547,CRITICAL,Temperature,1,Critical telemetry deviation primarily associated with Temperature.
89.0,steady,121.2820606718516,834.4822118154267,0.2002851589837929,514.508560857106,1,temperature,0.3810125479580148,False,19.323885826091708,True,0.0678316146237343,False,2.759368205111981,False,1,WARNING,1,7.33714636089532,97.90324057742049,1.3474715094276335,42.41301743842833,76.67468301536334,CRITICAL,Temperature,1,Critical telemetry deviation primarily associated with Temperature.
89.1,steady,120.19304454619596,835.0978096897652,0.2166308493280722,507.0009361450166,1,temperature,0.2404717881707678,False,19.459916098485323,True,1.688055799550236,False,1.4766083460268364,False,1,WARNING,1,4.695614412876104,97.95951613941925,28.652733925847162,25.570786690358858,77.40056746786638,CRITICAL,Temperature,1,Critical telemetry deviation primarily associated with Temperature.
89.2,steady,119.37934548137336,833.9114702634176,0.195658618656914,500.8849987751282,1,temperature,0.7048370176621421,False,19.197767572565294,True,0.3907622026004144,False,0.4316335025002891,False,1,WARNING,1,13.148237815724428,97.84967999311614,7.517656476803369,8.270549831047912,74.69607785573602,WARNING,Temperature,1,Elevated telemetry deviation primarily associated with Temperature.
89.3,steady,119.44612930275368,835.0795374242682,0.2102438629506177,507.6958953361846,1,temperature,0.6667245435518999,False,19.4558784281872,True,1.0549623308996678,False,1.59534973072832,False,1,WARNING,1,12.483681135956992,97.95786771371336,19.02198324036285,27.317529105864857,77.39095686855475,CRITICAL,Temperature,1,Critical telemetry deviation primarily associated with Temperature.
89.4,steady,119.65016306183846,847.3180215578282,0.2296386104520439,498.1951647412141,1,temperature,0.5502856935428394,False,22.160248277030483,True,2.9774164029206367,False,0.027954084602989,False,1,WARNING,1,10.421705004670745,98.81099059155636,44.870392921005035,0.5575217388593123,77.75994728191964,CRITICAL,Temperature,1,Critical telemetry deviation primarily associated with Temperature.
89.5,steady,120.0591183334746,841.0665605012177,0.2013126238043078,503.9917973877384,1,temperature,0.3169013666155027,False,20.77884657660621,True,0.1696764016162917,False,0.9624640518883496,False,1,WARNING,1,6.141351358513958,98.4326271549224,3.336593714281344,17.509975109646682,74.95550554271894,WARNING,Temperature,1,Elevated telemetry deviation primarily associated with Temperature.
89.6,steady,119.52832152564277,838.9405254056059,0.2037365836567682,503.7529928590784,1,temperature,0.6198187375920269,False,20.309051040867505,True,0.4099451387284991,False,0.9216616842580742,False,1,WARNING,1,11.658813382533184,98.2782176955831,7.871793281798456,16.834063316147418,75.66209417378445,CRITICAL,Temperature,1,Critical telemetry deviation primarily associated with Temperature.
89.7,steady,121.15499098474778,838.8879331842675,0.20049102478701,509.5925513582304,1,temperature,0.3084958805998883,False,20.297429600163,True,0.0882375287329788,False,1.919414172529034,False,1,WARNING,1,5.983433146052109,98.27421112298086,1.749270049687146,31.87887630447922,75.9432439094675,CRITICAL,Temperature,1,Critical telemetry deviation primarily associated with Temperature.
89.8,steady,121.13515674118428,841.2013457734403,0.231873259063123,513.3555951319142,1,temperature,0.2971767904566984,False,20.80863043074115,True,3.1989201539537,False,2.5623713908205863,False,1,WARNING,1,5.770355653682701,98.44193588325507,47.25936847310258,40.09883776684083,80.7496768795929,CRITICAL,Temperature,2,"Critical multi-sensor deviation. Temperature is the strongest contributor, with 2 sensors elevated."
89.9,steady,121.013069337268,846.0549153831844,0.1833108026478801,512.8625647545086,1,temperature,0.2275034335751295,False,21.881136401955413,True,1.6147074571280815,False,2.478131754224593,False,1,WARNING,1,4.448105359748888,98.74272974613395,27.598378571477745,39.0810778409453,79.04642484283883,CRITICAL,Temperature,1,Critical telemetry deviation primarily associated with Temperature.
90.0,steady,119.88351812356932,843.6285485937481,0.2123873679804611,499.8681076762541,1,temperature,0.4171136383220926,False,21.34497578631244,True,1.267431710700402,False,0.2578865275621033,False,1,WARNING,1,8.003782844960394,98.6004160292272,22.39096554140364,5.026977225765206,75.81720781261637,CRITICAL,Temperature,1,Critical telemetry deviation primarily associated with Temperature.
90.1,steady,118.83834541057156,842.9485226955371,0.2264577089653539,511.8024272354043,1,temperature,1.013577229975767,False,21.194708684971737,True,2.6621177884202374,False,2.296995655023027,False,1,WARNING,1,18.348945028116315,98.55771530649135,41.28198211899574,36.833692173991665,81.12696922913395,CRITICAL,Temperature,1,Critical telemetry deviation primarily associated with Temperature.
90.2,steady,120.73607790134542,842.733788266761,0.2007286574076395,507.2295791460096,1,temperature,0.0694287874682453,False,21.14725825660552,True,0.1117922462739325,False,1.5156745054290597,False,1,WARNING,1,1.3789795046977749,98.54396274791999,2.211035159453145,26.15005347292747,75.27842848858536,CRITICAL,Temperature,1,Critical telemetry deviation primarily associated with Temperature.
90.3,steady,119.68554061266228,845.4410565986265,0.1976720599928643,499.6587288930138,1,temperature,0.5300962829642129,False,21.74549042077922,True,0.1911850493124761,False,0.222111870625367,False,1,WARNING,1,10.059267161155693,98.70815413096402,3.751520453311763,4.345014976924732,74.38589639833279,WARNING,Temperature,1,Elevated telemetry deviation primarily associated with Temperature.
90.4,steady,120.52942618499796,847.3219934272147,0.2079480761046918,503.06160035115465,1,temperature,0.0485040894822751,False,22.16112595139728,True,0.827398410816775,False,0.8035297064291003,False,1,WARNING,1,0.9653916744891133,98.8111992858552,15.251291786591015,14.845756223158235,75.59122294568907,CRITICAL,Temperature,1,Critical telemetry deviation primarily associated with Temperature.
90.5,steady,121.35137395491849,847.2704938155013,0.1940588819885452,511.73709756094735,1,temperature,0.4205685459794384,False,22.149745947499326,True,0.5493319530981045,False,2.2858333650559293,False,1,WARNING,1,8.067328574988263,98.80849049306512,10.404616486339968,36.692518521678984,77.69815230214866,CRITICAL,Temperature,1,Critical telemetry deviation primarily associated with Temperature.
90.6,steady,121.43744370510758,851.128572103014,0.203234495938664,500.8628400304996,1,temperature,0.4696871956457482,False,23.002275597524815,True,0.3601769951571453,False,0.4278474384351111,False,1,WARNING,1,8.96602878955093,98.99527380009951,6.950204349820755,8.201064811893922,75.11927799830913,CRITICAL,Temperature,1,Critical telemetry deviation primarily associated with Temperature.
90.7,steady,119.63199898538898,850.9884213816538,0.2012854719696776,507.5876992892562,1,temperature,0.5606516456418511,False,22.971306126060547,True,0.1669850463901496,False,1.5768632518173575,False,1,WARNING,1,10.607225491580142,98.9890313195491,3.284548595610992,27.0483031154223,76.58666735339614,CRITICAL,Temperature,1,Critical telemetry deviation primarily associated with Temperature.
90.8,steady,122.03003543647311,854.9903774942467,0.2136326446225802,502.1774693145287,1,temperature,0.8078699553742958,False,23.85562883540757,True,1.3908665299089746,False,0.652466241292272,False,1,WARNING,1,14.919642273479816,99.15291614010742,24.283441118279303,12.233758132145079,77.62599928667083,CRITICAL,Temperature,1,Critical telemetry deviation primarily associated with Temperature.
90.9,steady,120.09222178203106,851.1362039657595,0.2198327869159769,514.0597927004798,1,temperature,0.2980097503528886,False,23.003962030196885,True,2.005439563054853,False,2.682691253421952,False,1,WARNING,1,5.786052249137496,98.995612623574,33.04088070597059,41.5230923486972,80.03989152396879,CRITICAL,Temperature,1,Critical telemetry deviation primarily associated with Temperature.
91.0,steady,121.55603021761404,851.2973082440454,0.2142618622179526,507.62129908129896,1,temperature,0.5373626489862859,False,23.039561663939228,True,1.4532360930250694,False,1.5826041440647634,False,1,WARNING,1,10.189880686619436,99.00273839054941,25.222056583684882,27.13201661342437,78.48711552785645,CRITICAL,Temperature,1,Critical telemetry deviation primarily associated with Temperature.
91.1,steady,121.02776519132956,850.122166593671,0.2182779958484826,510.1446153956088,1,temperature,0.235890125828923,False,22.77988753986384,True,1.851324928738192,False,2.0137403561025327,False,1,WARNING,1,4.608243885872831,98.94957727539126,30.94486798670103,33.15195124149024,78.98700626308167,CRITICAL,Temperature,1,Critical telemetry deviation primarily associated with Temperature.
91.2,steady,118.83080393154872,858.5039480737512,0.2069952645729538,500.10845626471536,1,temperature,1.0178810331734671,False,24.63203171613189,True,0.7329534375618497,False,0.2989527147104028,False,1,WARNING,1,18.419196803094138,99.27474804273449,13.635259325164306,5.803818652718262,76.52772572485216,CRITICAL,Temperature,1,Critical telemetry deviation primarily associated with Temperature.
91.3,steady,119.46742581444424,854.9639178542175,0.1924528005054504,503.7593591386988,1,temperature,0.654570960039166,False,23.849781979544925,True,0.7085306169088098,False,0.9227494328153004,False,1,WARNING,1,12.270695008346822,99.15192500527164,13.212373244425834,16.852154073784163,76.82887664496155,CRITICAL,Temperature,1,Critical telemetry deviation primarily associated with Temperature.
91.4,steady,119.7538950202563,858.7207169041299,0.2300373575757344,516.4137325598632,1,temperature,0.4910875000598577,False,24.67993169154123,True,3.016941177944859,False,3.0848876441732527,False,1,WARNING,1,9.354827094997198,99.28166277846705,45.30447203605908,46.04271812262054,82.03165280881618,CRITICAL,Temperature,3,"Critical multi-sensor deviation. Temperature is the strongest contributor, with 3 sensors elevated."
91.5,steady,121.26923004795246,858.4464445659933,0.2081764372536293,506.6200736152886,1,temperature,0.3736903131552281,False,24.61932501562175,True,0.8500341177592873,False,1.4115338139743752,False,1,WARNING,1,7.201347115400447,99.27290258687914,15.634094017460187,24.595766308424405,77.36399630893581,CRITICAL,Temperature,1,Critical telemetry deviation primarily associated with Temperature.
91.6,steady,121.76516360584212,856.8314300917541,0.2068087094898665,513.2524957519756,1,temperature,0.6567117769590637,False,24.26245104316619,True,0.7144616485292236,False,2.5447557332519737,False,1,WARNING,1,12.30824944415535,99.2191092491838,13.315260241467918,39.88742589723683,78.9062999347733,CRITICAL,Temperature,1,Critical telemetry deviation primarily associated with Temperature.
91.7,steady,120.52642592521418,862.76807897993,0.2141235640356209,510.6839337911359,1,temperature,0.0502162904460678,False,25.574287875337813,True,1.4395276441908118,False,2.105888807254383,False,1,WARNING,1,0.9992992988558047,99.39931667036713,25.016757356639697,34.37265690775316,78.59100848118001,CRITICAL,Temperature,1,Critical telemetry deviation primarily associated with Temperature.
91.8,steady,119.26581779894964,857.6930517502379,0.2226461038044963,506.0861575050053,1,temperature,0.7696254764196917,False,24.452845834619524,True,2.284302307095307,False,1.32030840238881,False,1,WARNING,1,14.266376286620586,99.24828572518452,36.67313006864907,23.207382785728804,79.68346352216095,CRITICAL,Temperature,1,Critical telemetry deviation primarily associated with Temperature.
91.9,steady,118.50873801208462,857.792147554852,0.20066647204161,503.8889260515145,1,temperature,1.2016789765026763,False,24.474743293750947,True,0.1056282830599363,False,0.944887358084514,False,1,WARNING,1,21.363624052794407,99.25157065329847,2.0904073037615545,17.219484440365683,76.75696598903826,CRITICAL,Temperature,1,Critical telemetry deviation primarily associated with Temperature.
92.0,steady,120.51638608937571,863.2681642178713,0.1961293669295284,514.8136655056328,1,temperature,0.0559458664954184,False,25.684793018342543,True,0.3441005003267532,False,2.811498673929937,False,1,WARNING,1,1.1126807324154608,99.41244676110891,6.650539940905375,43.01030561630793,77.75936303666035,CRITICAL,Temperature,1,Critical telemetry deviation primarily associated with Temperature.
92.1,steady,119.4221580761216,862.6938243814905,0.1958839493726406,511.50825766342143,1,temperature,0.6804045447186926,False,25.557879642507142,True,0.3684268794946035,False,2.246733563725861,False,1,WARNING,1,12.722798542987611,99.39734220199938,7.103607769319165,36.19551579389959,78.2074580582676,CRITICAL,Temperature,1,Critical telemetry deviation primarily associated with Temperature.
92.2,steady,120.21778522189145,864.3342351590952,0.2162488980055283,513.6185985327047,1,temperature,0.2263526745527506,False,25.92036550254163,True,1.6501958647774673,False,2.607308400630578,False,1,WARNING,1,4.42611138789728,99.43948703999736,28.11044283838924,40.63478161094767,79.73911357775604,CRITICAL,Temperature,1,Critical telemetry deviation primarily associated with Temperature.
92.3,steady,121.24605850820129,866.916163358152,0.2050245036089837,510.9606846996346,1,temperature,0.3604666806854419,False,26.490900929740505,True,0.5376068655126023,False,2.1531747292339145,False,1,WARNING,1,6.955595229495426,99.4999314049952,10.194267202565953,34.99038122240247,77.94347073094954,CRITICAL,Temperature,1,Critical telemetry deviation primarily associated with Temperature.
92.4,steady,119.8166749461893,867.3505648308851,0.1995344093054533,503.0767299300317,1,temperature,0.4552599859657067,False,26.586891759350785,True,0.0065845011873257,False,0.8061147605857245,False,1,WARNING,1,8.702976222474401,99.50944023673604,0.13160335048559846,14.889770510612044,75.46409280690538,CRITICAL,Temperature,1,Critical telemetry deviation primarily associated with Temperature.
92.5,steady,121.06698963394258,866.9354448196881,0.2097029321652637,507.53340710224586,1,temperature,0.2582748969108916,False,26.49516160472696,True,1.0013439689741606,False,1.5675868373947437,False,1,WARNING,1,5.034353861477037,99.50035734943918,18.148928709404245,26.912831450523466,77.76492352208432,CRITICAL,Temperature,1,Critical telemetry deviation primarily associated with Temperature.
92.6,steady,120.19594881317286,868.4665016640329,0.1904441025142038,500.3438759852638,1,temperature,0.2388143687886703,False,26.833483240112923,True,0.9076375984484474,False,0.339176750825358,False,1,WARNING,1,4.664017309026002,99.53304690346127,16.600470630401453,6.558568792563779,75.84013955535193,CRITICAL,Temperature,1,Critical telemetry deviation primarily associated with Temperature.
92.7,steady,120.49779519977598,868.3304006517407,0.2210956436181308,501.28390280378994,1,temperature,0.0665553941311817,False,26.80340864345345,True,2.130616960144256,False,0.499790622124373,False,1,WARNING,1,1.3222878198699384,99.53022975428483,34.696424225801735,9.5124690583409,77.38752279038616,CRITICAL,Temperature,1,Critical telemetry deviation primarily associated with Temperature.
92.8,steady,120.91092279114444,870.2098170540543,0.2139206701677722,504.6141734289145,1,temperature,0.1692100098967318,False,27.218708201500927,True,1.4194163154712618,False,1.0688038109324371,False,1,WARNING,1,3.3275766912861715,99.56767231764935,24.714547451558555,19.245844360891628,77.56885557834333,CRITICAL,Temperature,1,Critical telemetry deviation primarily associated with Temperature.
92.9,steady,120.84001340548215,872.3839410275023,0.2099284915680761,502.02091946898713,1,temperature,0.1287431412843899,False,27.699130062351912,True,1.023701960094563,False,0.625717986616816,False,1,WARNING,1,2.5419959295788663,99.60727899355551,18.514116718898887,11.762981251030013,76.33203897395413,CRITICAL,Temperature,1,Critical telemetry deviation primarily associated with Temperature.
93.0,steady,118.91121801587532,876.4430932259286,0.194205546869321,506.25590177723046,1,temperature,0.9719899828613916,False,28.596091540382357,True,0.534794176968295,False,1.349311069286828,False,1,WARNING,1,17.66698435284758,99.67177243718504,10.143733879278106,23.651531530053514,78.01087902661466,CRITICAL,Temperature,1,Critical telemetry deviation primarily associated with Temperature.
93.1,steady,120.03352000728488,875.5341558865197,0.2044839312443455,511.85954535715774,1,temperature,0.3315099278509482,False,28.39524127916048,True,0.4840240311114693,False,2.3067549113286407,False,1,WARNING,1,6.415179104014257,99.65831911757441,9.226682729106617,36.9568631667496,78.1003987866998,CRITICAL,Temperature,1,Critical telemetry deviation primarily associated with Temperature.
93.2,steady,122.3585781539956,872.7981910751239,0.2124768785865254,497.971199111455,1,temperature,0.9953641052579608,False,27.79066797884909,True,1.276304217501778,False,0.0662210639322946,False,1,WARNING,1,18.050978497919402,99.6144033522129,22.528560761062224,1.315689411439891,77.1314549809189,CRITICAL,Temperature,1,Critical telemetry deviation primarily associated with Temperature.
93.3,steady,120.76775525966066,877.0915225629209,0.1916478715674787,497.7034086816111,1,temperature,0.087506556510467,False,28.739376666949525,True,0.7883171113902377,False,0.1119759900539697,False,1,WARNING,1,1.7349052888015692,99.68104496664468,14.586278284758746,2.214628716232525,75.13665423825732,CRITICAL,Temperature,1,Critical telemetry deviation primarily associated with Temperature.
93.4,steady,119.80974994512336,872.5931383265779,0.2041944136409554,509.3435462610151,1,temperature,0.459211974911292,False,27.74535693668582,True,0.4553263491479309,False,1.8768689261076088,False,1,WARNING,1,8.775108677799249,99.61089311378635,8.704187966637955,31.296757177788635,77.7309383808622,CRITICAL,Temperature,1,Critical telemetry deviation primarily associated with Temperature.
93.5,steady,121.50761798021772,877.8715804056626,0.2054783386770283,513.287681101104,1,temperature,0.5097345482539417,False,28.91174808870752,True,0.5825920902248146,False,2.5507675352826595,False,1,WARNING,1,9.692250490422127,99.69185333730175,10.998629548670792,39.9596594421696,78.82966404087051,CRITICAL,Temperature,1,Critical telemetry deviation primarily associated with Temperature.
93.6,steady,120.89217963953269,878.7682312737436,0.2072906386376048,499.6693745344029,1,temperature,0.1585135887309002,False,29.10988337622471,True,0.7622316260670587,False,0.2239307949818482,False,1,WARNING,1,3.1205455300274743,99.70382550530834,14.139502184143005,4.379806484644433,75.42505855256121,CRITICAL,Temperature,1,Critical telemetry deviation primarily associated with Temperature.
93.7,steady,119.59538820102873,877.8719716670804,0.2245729491761862,506.9894532568576,1,temperature,0.5815448431595511,False,28.91183454676636,True,2.4752958598954984,False,1.4746463688953666,False,1,WARNING,1,10.979986311529489,99.69185866560815,39.04651611535457,25.54157527663574,80.134952564944,CRITICAL,Temperature,1,Critical telemetry deviation primarily associated with Temperature.
93.8,steady,118.3989009866352,884.6673311339554,0.2059315618093132,510.7254872972727,1,temperature,1.264361235502926,False,30.41342290147732,True,0.6275166583910744,False,2.112988678614585,False,1,WARNING,1,22.343291581649705,99.77179579029945,11.794717429404633,34.465779914702324,79.58453092634956,CRITICAL,Temperature,1,Critical telemetry deviation primarily associated with Temperature.
93.9,steady,119.00255175976534,883.8886928721386,0.203308154585285,515.3145915334638,1,temperature,0.9198672549693035,False,30.241365168229223,True,0.367478217569332,False,2.897087368825396,False,1,WARNING,1,16.80421088113675,99.7638062527073,7.085980643092826,43.97753829316715,79.51423347039386,CRITICAL,Temperature,1,Critical telemetry deviation primarily associated with Temperature.
94.0,steady,120.13561632860174,883.9874221269529,0.2050448195487789,509.151587991653,1,temperature,0.2732451666780115,False,30.26318162989268,True,0.5396206303828773,False,1.8440707546485813,False,1,WARNING,1,5.3182609011532485,99.76483458997436,10.230429445822974,30.844607683837467,77.6359790878023,CRITICAL,Temperature,1,Critical telemetry deviation primarily associated with Temperature.
94.1,steady,120.2419642696838,884.344723288036,0.2153350578525654,509.0983323474183,1,temperature,0.2125540731257852,False,30.34213540198118,True,1.5596138284240375,False,1.834971444904984,False,1,WARNING,1,4.16198990566472,99.76851886392384,26.79619354963789,30.71863982952616,78.97600469956635,CRITICAL,Temperature,1,Critical telemetry deviation primarily associated with Temperature.
94.2,steady,120.790266409857,887.1676438585168,0.2083643434848854,508.5123108382115,1,temperature,0.1003533150714047,False,30.965923543811066,True,0.8686598358517663,False,1.7348432555776014,False,1,WARNING,1,1.9870588038958137,99.79566909639217,15.9477844999513,29.317251383635433,77.73386424374397,CRITICAL,Temperature,1,Critical telemetry deviation primarily associated with Temperature.
94.3,steady,119.22153459164248,884.4108699533724,0.2085770711095423,494.2035248117736,1,temperature,0.7948972047684106,False,30.356752003627687,True,0.8897459102243738,False,0.7099694582753863,False,1,WARNING,1,14.698610405894442,99.76919456930194,16.301504372800725,13.237344376800275,77.45055867096605,CRITICAL,Temperature,1,Critical telemetry deviation primarily associated with Temperature.
94.4,steady,122.2375796707298,886.3586614581964,0.2215079824997312,500.61471479560873,1,temperature,0.9263121782263396,False,30.787160586912485,True,2.171488982939445,False,0.3854525261226212,False,1,WARNING,1,16.91137989192939,99.78823157397208,35.228066184709704,7.419394047063188,78.80521929662837,CRITICAL,Temperature,1,Critical telemetry deviation primarily associated with Temperature.
94.5,steady,121.31366626313851,886.5707383823737,0.2000326059451969,512.013660541195,1,temperature,0.3990493606884809,False,30.834023779536807,True,0.0427979493277848,False,2.333087177436746,False,1,WARNING,1,7.670812679002692,99.79020713033032,0.8523060874917054,37.288004163178556,77.603751014965,CRITICAL,Temperature,1,Critical telemetry deviation primarily associated with Temperature.
94.6,steady,119.18497753070534,887.5827323566016,0.2030537641497815,506.4877343938553,1,temperature,0.8157597431754162,False,31.05764673490005,True,0.3422624250677303,False,1.3889222094326783,False,1,WARNING,1,15.05378959995195,99.79938330086702,6.616216965875232,24.25399194162099,77.62039505379114,CRITICAL,Temperature,1,Critical telemetry deviation primarily associated with Temperature.
94.7,steady,119.99060810330742,892.316117541579,0.216307437011512,495.1275102412206,1,temperature,0.3559990750060416,False,32.10359523943033,True,1.6559983920038297,False,0.5520964338865193,False,1,WARNING,1,6.872420933795742,99.83725144261034,28.193822670201286,10.454139737761503,77.613006481329,CRITICAL,Temperature,1,Critical telemetry deviation primarily associated with Temperature.
94.8,steady,120.42664921744988,892.3480308452675,0.1955003590046642,497.0569117623901,1,temperature,0.1071572847299522,False,32.11064720561587,True,0.4064492803972191,False,0.2224370651345521,False,1,WARNING,1,2.120343512425593,99.83748082028066,7.807357326725983,4.35123606979716,74.87954908449001,WARNING,Temperature,1,Elevated telemetry deviation primarily associated with Temperature.
94.9,steady,119.78058031920138,889.7841824779181,0.1989257935479445,504.0621092087858,1,temperature,0.4758586206075005,False,31.54410692611729,True,0.066911960528204,False,0.9744775961340424,False,1,WARNING,1,9.078321339249529,99.81798227367086,1.3293246002187065,17.70793670514157,76.07587540823562,CRITICAL,Temperature,1,Critical telemetry deviation primarily associated with Temperature.
95.0,steady,119.2632868487849,893.2634645134492,0.1791051715218676,507.7327221705397,1,temperature,0.7710698497818964,False,32.31293297759786,True,2.0315797408753338,False,1.6016419984773784,False,1,WARNING,1,14.291138982257968,99.84392465530753,33.39003188034192,27.40893908969747,80.20527905411532,CRITICAL,Temperature,1,Critical telemetry deviation primarily associated with Temperature.
95.1,steady,120.49529061556926,892.0544992274051,0.218372270349251,504.2744357603548,1,temperature,0.0679847208567653,False,32.04578475628258,True,1.860669644253392,False,1.0107559115554423,False,1,WARNING,1,1.350492326580044,99.83535880773405,31.073807571501334,18.302859302002084,78.06720355071117,CRITICAL,Temperature,1,Critical telemetry deviation primarily associated with Temperature.
95.2,steady,120.4105483845325,898.6142459860282,0.1980874862147057,503.6236829164856,1,temperature,0.1163457762692766,False,33.49530915460424,True,0.150007001918739,False,0.8995676651641888,False,1,WARNING,1,2.3000516163131146,99.87679327519704,2.955582544669355,16.465756218423223,75.55975669865583,CRITICAL,Temperature,1,Critical telemetry deviation primarily associated with Temperature.
95.3,steady,119.77415439549527,901.6884375863784,0.1986057536154594,514.9042574086099,1,temperature,0.4795257939710701,False,34.174621313105696,True,0.0986350892448874,False,2.8269772921552154,False,1,WARNING,1,9.144982002271684,99.89244512285879,1.9533713425815113,43.186457161804704,78.42059919744094,CRITICAL,Temperature,1,Critical telemetry deviation primarily associated with Temperature.
95.4,steady,117.82261920643109,893.9254567504331,0.2123502095429097,504.36822378619627,1,temperature,1.5932361632067236,False,32.45921513365004,True,1.2637484768982936,False,1.0267806223562603,False,1,WARNING,1,27.28679874927985,99.84842471408648,22.33377403520762,18.564274778085522,79.60438738836392,CRITICAL,Temperature,1,Critical telemetry deviation primarily associated with Temperature.
95.5,steady,118.99212363516028,900.5490913184808,0.1936235525160761,503.5720240579956,1,temperature,0.9258184212969278,False,33.922856988319325,True,0.592482858618139,False,0.8907411837431769,False,1,WARNING,1,16.903174370396023,99.88689076114142,11.174513916526351,16.318163293979694,77.55121894967073,CRITICAL,Temperature,1,Critical telemetry deviation primarily associated with Temperature.
95.6,steady,119.63947710664296,899.0518244184094,0.2030036516418954,511.5622603817303,1,temperature,0.5563839997240981,False,33.59200200529732,True,0.3372951526225642,False,2.255960519252363,False,1,WARNING,1,10.53089357861503,99.8791530264375,6.523398329505559,36.31315144625484,78.33052665050552,CRITICAL,Temperature,1,Critical telemetry deviation primarily associated with Temperature.
95.7,steady,119.57464549376826,903.731927440238,0.204977325044584,509.5357946856095,1,temperature,0.5933823792139636,False,34.62617661087667,True,0.5329304126103078,False,1.9097166737640652,False,1,WARNING,1,11.190492550005505,99.90173281535384,10.110233454748752,31.746627194796663,78.31917135628416,CRITICAL,Temperature,1,Critical telemetry deviation primarily associated with Temperature.
95.8,steady,120.79219908796452,902.7129853178736,0.2082947396412594,496.37931711929673,1,temperature,0.1014562640014593,False,34.40101830504676,True,0.8617605352758124,False,0.3382115267284628,False,1,WARNING,1,2.008677073148213,99.89720653263582,15.831724145077086,6.540528667133472,75.80752118278781,CRITICAL,Temperature,1,Critical telemetry deviation primarily associated with Temperature.
95.9,steady,121.67152081372576,903.7517198738352,0.2090646451477318,507.8697537319086,1,temperature,0.6032713116430505,False,34.630550196695914,True,0.9380754228957906,False,1.625055340658521,False,1,WARNING,1,11.365965212722918,99.90181873376426,17.10662847969643,27.748064334158194,78.59689889347668,CRITICAL,Temperature,1,Critical telemetry deviation primarily associated with Temperature.
96.0,steady,121.37632951161967,905.6406196115428,0.2005428612853262,500.20577137872624,1,temperature,0.4348102888001188,False,35.04794531216912,True,0.0933756872606908,False,0.315580067131794,False,1,WARNING,1,8.32881229246657,99.90968203374008,1.85018375493462,6.1165450041976825,75.10925034189822,CRITICAL,Temperature,1,Critical telemetry deviation primarily associated with Temperature.
96.1,steady,120.82016728487436,904.7647530376632,0.2174100810409872,504.73401412815537,1,temperature,0.1174172730992501,False,34.854402784503115,True,1.7652951232089302,False,1.089279906151118,False,1,WARNING,1,2.320986410072823,99.9061174147827,29.74642747660914,19.575874083683907,78.19954929080926,CRITICAL,Temperature,1,Critical telemetry deviation primarily associated with Temperature.
96.2,steady,122.54642667459235,908.9311144471792,0.1935352898951551,508.9080273658516,1,temperature,1.1025662947990622,False,35.775054562314565,True,0.6012316621271494,False,1.8024557557623655,False,1,WARNING,1,19.789299631340274,99.9219058966662,11.329801363837477,30.26662543243073,79.06365666120706,CRITICAL,Temperature,1,Critical telemetry deviation primarily associated with Temperature.
96.3,steady,121.08460276652124,910.851273077334,0.223963182164561,508.2239776174556,1,temperature,0.268326434027669,False,36.19935703700972,True,2.4148542854745503,False,1.685578368771154,False,1,WARNING,1,5.225072239357898,99.92825959929769,38.30521972371783,28.617373583695503,80.01001218982454,CRITICAL,Temperature,1,Critical telemetry deviation primarily associated with Temperature.
96.4,steady,120.0991080511915,911.9676476017692,0.2125974280676081,506.81089839155857,1,temperature,0.2940798650952219,False,36.44604523556042,True,1.288253372331992,False,1.4441383157316123,False,1,WARNING,1,5.711973139844595,99.93171320444091,22.713483350661633,25.085870106701858,78.38187956553088,CRITICAL,Temperature,1,Critical telemetry deviation primarily associated with Temperature.
96.5,steady,120.3648871511802,911.0759179084896,0.2005075984667561,501.7975032608904,1,temperature,0.1424039223593489,False,36.24899739291048,True,0.089880351776377,False,0.5875448819923883,False,1,WARNING,1,2.8079030058558385,99.92896831917034,1.781546459592398,11.086746949726656,75.06928132171592,CRITICAL,Temperature,1,Critical telemetry deviation primarily associated with Temperature.
96.6,steady,119.42178909132558,909.7352591777984,0.201855455378356,514.0075276246143,1,temperature,0.6806151185252667,False,35.9527485266863,True,0.2234831742939849,False,2.673761193126817,False,1,WARNING,1,12.726474124096555,99.92463252924078,4.371245786096578,41.41855856494535,78.8145908568897,CRITICAL,Temperature,1,Critical telemetry deviation primarily associated with Temperature.
96.7,steady,121.40083374641098,911.5113975468834,0.1999271671287832,503.6139928671935,1,temperature,0.4487944693212765,False,36.345226467606736,True,0.0323465999638045,False,0.8979120141771988,False,1,WARNING,1,8.584843374581851,99.93032231062682,0.6448438995060091,16.438090927636516,75.94454329673816,CRITICAL,Temperature,1,Critical telemetry deviation primarily associated with Temperature.
96.8,steady,119.51482583915652,916.3733387895164,0.1943563041871545,511.2743167480836,1,temperature,0.6275205131295202,False,37.41958234043653,True,0.5198507486233461,False,2.206762197667863,False,1,WARNING,1,11.794785431037191,99.94379481587386,9.874780035401475,35.683401049807614,78.72693324687852,CRITICAL,Temperature,1,Critical telemetry deviation primarily associated with Temperature.
96.9,steady,120.7806353517742,914.735415552932,0.2179495612520369,508.8142278555701,1,temperature,0.0948570220434157,False,37.05764615884749,True,1.8187697007166288,False,1.7864290827192686,False,1,WARNING,1,1.8792579951979915,99.93957540444667,30.493779939133013,30.042748024230693,79.16681813215357,CRITICAL,Temperature,1,Critical telemetry deviation primarily associated with Temperature.
97.0,steady,118.58300429370595,918.16345122424,0.2211556921376707,501.8079625038073,1,temperature,1.1592963802831753,False,37.81514816719042,True,2.136569113988992,False,0.5893319581296155,False,1,WARNING,1,20.694228233615387,99.948070042911,34.77411735840275,11.118520221824657,79.53805241535811,CRITICAL,Temperature,1,Critical telemetry deviation primarily associated with Temperature.
97.1,steady,121.67476941073826,917.7962603410232,0.198400386331716,503.73049342209646,1,temperature,0.6051252347485955,False,37.73400903733538,True,0.1189915889035376,False,0.9178174091751732,False,1,WARNING,1,11.398823257723546,99.94722045778914,2.3517370916587343,16.770096180944172,76.38163253402307,CRITICAL,Temperature,1,Critical telemetry deviation primarily associated with Temperature.
97.2,steady,120.3860928994625,923.445536011347,0.2043522233523414,504.5065206927267,1,temperature,0.1303021360929573,False,38.98234425793135,True,0.4709688277229259,False,1.050410162608486,False,1,WARNING,1,2.572378497186034,99.95888156284951,8.989360210716635,18.94822455722861,76.3892969383005,CRITICAL,Temperature,1,Critical telemetry deviation primarily associated with Temperature.
97.3,steady,122.63021296763024,918.9795417437348,0.2061108195520403,507.87518213202645,1,temperature,1.1503818114646165,False,37.99548182377429,True,0.6452851174762799,False,1.625982842236888,False,1,WARNING,1,20.552706758787465,99.94990961366206,12.107615519312787,27.761465848001265,78.99996480110964,CRITICAL,Temperature,1,Critical telemetry deviation primarily associated with Temperature.
97.4,steady,120.39820462144654,918.842845938922,0.1940606007773603,503.8386735096653,1,temperature,0.1233901672806528,False,37.96527579425586,True,0.5491615826121647,False,0.9363011612548624,False,1,WARNING,1,2.4376020253154107,99.94960609142736,10.401563552521843,17.077208354229988,76.33051721148357,CRITICAL,Temperature,1,Critical telemetry deviation primarily associated with Temperature.
97.5,steady,119.56995563524964,922.8629628214672,0.2140373158988048,506.021365822802,1,temperature,0.5960588075416212,False,38.8536115364389,True,1.4309785211968575,False,1.3092380342870118,False,1,WARNING,1,11.238018285249197,99.95780915907969,24.888439494613944,23.037169915336897,78.89570167815128,CRITICAL,Temperature,1,Critical telemetry deviation primarily associated with Temperature.
97.6,steady,119.01465262945054,921.519418131068,0.1974631191268185,498.8902409363872,1,temperature,0.9129614793928776,False,38.556724952149786,True,0.2118957710535978,False,0.0908072915134725,False,1,WARNING,1,16.689225203175184,99.95522811056372,4.149371002850078,1.7997532893773815,75.69783631238847,CRITICAL,Temperature,1,Critical telemetry deviation primarily associated with Temperature.
97.7,steady,120.3535542371546,922.9789325719096,0.2061076789007945,500.8266059845263,1,temperature,0.148871437746566,False,38.87923767551392,True,0.6449738085625739,False,0.4216564550696257,False,1,WARNING,1,2.933540008978386,99.95802484356292,12.102143012403388,8.087329276800526,75.7423068982186,CRITICAL,Temperature,1,Critical telemetry deviation primarily associated with Temperature.
97.8,steady,120.96155402748508,922.506595701507,0.2245213953740166,511.5236192102383,1,temperature,0.1981044583472494,False,38.77486416186029,True,2.470185722890528,False,2.249358252144074,False,1,WARNING,1,3.884624851483276,99.9571394152762,38.984188139614226,36.229000382614615,80.63944898896601,CRITICAL,Temperature,1,Critical telemetry deviation primarily associated with Temperature.
97.9,steady,119.75896017912328,928.0530485548484,0.205236687133745,508.0769405962071,1,temperature,0.4881968937394609,False,40.00047835565377,True,0.5586390073934449,False,1.6604554842517294,False,1,WARNING,1,9.302408042230127,99.96645694646512,10.571235185097994,28.257803500383915,77.93676358669282,CRITICAL,Temperature,1,Critical telemetry deviation primarily associated with Temperature.
98.0,steady,119.39256359722684,930.1312728113978,0.2112246981381703,511.7157097426525,1,temperature,0.6972936473092693,False,40.459709005235226,True,1.1521850763957504,False,2.2821790221932856,False,1,WARNING,1,13.017107922870718,99.969400500154,20.581354496086025,36.64623216049756,79.87384364456582,CRITICAL,Temperature,1,Critical telemetry deviation primarily associated with Temperature.
98.1,steady,121.52365454479798,927.8921711454074,0.2176224331966497,506.5226140911247,1,temperature,0.5188863628663745,False,39.964928853713474,True,1.7863439801907397,False,1.3948817874976511,False,1,WARNING,1,9.857395263197134,99.96621760887078,30.04155730629099,24.34422100784931,79.34636317455923,CRITICAL,Temperature,1,Critical telemetry deviation primarily associated with Temperature.
98.2,steady,120.67510065942014,930.9365202549956,0.1953122864457458,497.1121024988967,1,temperature,0.0346300367205595,False,40.63764663897798,True,0.4250914852880786,False,0.2130071236951445,False,1,WARNING,1,0.6902077832442122,99.97047031179326,8.150452151698119,4.170673405260228,74.86671352221525,WARNING,Temperature,1,Elevated telemetry deviation primarily associated with Temperature.
98.3,steady,120.6059376240191,931.9137164710756,0.205967625868725,503.2102512496458,1,temperature,0.004840217326399,False,40.85358024270951,True,0.6310914147968844,False,0.8289283395406277,False,1,WARNING,1,0.09675750623614476,99.97171845656557,11.857757371254873,15.277219716201307,76.11191913866519,CRITICAL,Temperature,1,Critical telemetry deviation primarily associated with Temperature.
98.4,steady,119.74493409610764,934.4609722304943,0.1916592504064866,504.54325163332027,1,temperature,0.4962013582153309,False,41.416454010235526,True,0.7871892134692158,False,1.0566860458587457,False,1,WARNING,1,9.44748901227246,99.97472957693817,14.567008519577785,19.049895032658036,77.49949741238638,CRITICAL,Temperature,1,Critical telemetry deviation primarily associated with Temperature.
98.5,steady,119.28407576573484,931.2111643617304,0.1982626995310042,494.7454902751192,1,temperature,0.7592059425861318,False,40.69833546557698,True,0.1326394361195158,False,0.6173687266124489,False,1,WARNING,1,14.087529122344433,99.9708265697571,2.617911370423509,11.615515399913878,76.20656823580552,CRITICAL,Temperature,1,Critical telemetry deviation primarily associated with Temperature.
98.6,steady,121.0321899188559,939.6822720064474,0.1946214340231354,510.6369894152521,1,temperature,0.2384152480787001,False,42.570218278078094,True,0.4935704408875404,False,2.0978678467904714,False,1,WARNING,1,4.656406892263087,99.97993690998402,9.399829240433622,34.26729355396021,77.96351231869569,CRITICAL,Temperature,1,Critical telemetry deviation primarily associated with Temperature.
98.7,steady,120.69877110804516,939.4072221791032,0.2132847016793866,506.7077779591792,1,temperature,0.0481383886200673,False,42.50943979833488,True,1.3563775875845487,False,1.4265190611230651,False,1,WARNING,1,0.958148001259973,99.97969154086712,23.759358885596484,24.821418210151712,78.06967845737772,CRITICAL,Temperature,1,Critical telemetry deviation primarily associated with Temperature.
98.8,steady,119.54230936421789,943.788712429756,0.2127250646590712,508.86035638580296,1,temperature,0.6118360986154914,False,43.47762915884349,True,1.3009050186078253,False,1.7943106470236256,False,1,WARNING,1,11.51766157621874,99.98326671862071,22.908796477301497,30.152935672312086,79.3883561559931,CRITICAL,Temperature,1,Critical telemetry deviation primarily associated with Temperature.
98.9,steady,120.21002018808618,943.8484620590576,0.1946747921239386,504.03793488168304,1,temperature,0.2307840569407577,False,43.490832190705895,True,0.4882814574575226,False,0.9703471477409766,False,1,WARNING,1,4.510778752358235,99.98331084634255,9.303941974377627,17.63992799424241,76.48997351226322,CRITICAL,Temperature,1,Critical telemetry deviation primarily associated with Temperature.
99.0,steady,118.88145224006983,942.5228117637234,0.2005215759076049,514.5139406873504,1,temperature,0.9889768418986662,False,43.19789977769723,True,0.0912658293689176,False,2.7602874079958406,False,1,WARNING,1,17.946225607260715,99.98230387817871,1.8087585825504626,42.4236032894327,79.17757551459064,CRITICAL,Temperature,1,Critical telemetry deviation primarily associated with Temperature.
99.1,steady,121.76933952265334,938.1654247088344,0.2013368959486211,503.293974957132,1,temperature,0.6590949068558667,False,42.23503656339863,True,0.1720823150043523,False,0.8432334513883347,False,1,WARNING,1,12.350035651658775,99.97854584887503,3.3830952821733096,15.519267069251718,76.46876238881518,CRITICAL,Temperature,1,Critical telemetry deviation primarily associated with Temperature.
99.2,steady,120.58821170395277,946.7482280176604,0.2063197289889603,507.5531413553607,1,temperature,0.0149561204844618,False,44.13160105893879,True,0.6659927238867754,False,1.5709586505467767,False,1,WARNING,1,0.2986754843383621,99.9853182495993,12.470870965873615,26.962102090748985,77.21569145641358,CRITICAL,Temperature,1,Critical telemetry deviation primarily associated with Temperature.
99.3,steady,121.39327188180796,945.1838448356428,0.2288276493594742,505.38247348482366,1,temperature,0.444479032394322,False,43.78591521555198,True,2.897031986750921,False,1.2000762851500326,False,1,WARNING,1,8.505910047785514,99.98426728311905,43.976917761701216,21.33841404467729,80.19775578353965,CRITICAL,Temperature,1,Critical telemetry deviation primarily associated with Temperature.
99.4,steady,122.37339173158432,947.462692848708,0.1956497259216467,498.8255799456469,1,temperature,1.003817980472966,False,44.28947822134371,True,0.3916436719324989,False,0.0797592534786467,False,1,WARNING,1,18.189418789598243,99.98577458973527,7.533959109649057,1.5825293758143677,76.12877564649767,CRITICAL,Temperature,1,Critical telemetry deviation primarily associated with Temperature.
99.5,steady,121.82073744790868,949.4757262484068,0.215647776610363,496.3430294078986,1,temperature,0.6884268925842536,False,44.73430347677968,True,1.59061126467739,False,0.3444116794191845,False,1,WARNING,1,12.862719877373063,99.98698549155208,27.248615772507613,6.656349440176057,77.83257424539963,CRITICAL,Temperature,1,Critical telemetry deviation primarily associated with Temperature.
99.6,steady,119.80531308707948,947.8979226024596,0.1976065463952733,505.2550795857276,1,temperature,0.4617440198562048,False,44.38565207837701,True,0.1976789148527358,False,1.178309643060203,False,1,WARNING,1,8.821294087443443,99.98604559750812,3.876444248844557,20.99522786805804,76.68784317104252,CRITICAL,Temperature,1,Critical telemetry deviation primarily associated with Temperature.
99.7,steady,119.37595425941905,953.766248285016,0.204579039851185,503.5558533778936,1,temperature,0.7067723345737031,False,45.68239135310301,True,0.4934514252288406,False,0.8879782460465787,False,1,WARNING,1,13.181848447413225,99.98923341674465,9.397672646966637,16.271908975145443,77.14155977593265,CRITICAL,Temperature,1,Critical telemetry deviation primarily associated with Temperature.
99.8,steady,119.94093455131834,952.4171063460057,0.2038296518878829,508.4934213842632,1,temperature,0.3843469880936563,False,45.38426793014865,True,0.4191702858911064,False,1.7316157856101824,False,1,WARNING,1,7.3989215077044035,99.98857193835067,8.04161582279086,29.271611365366525,77.65388481542153,CRITICAL,Temperature,1,Critical telemetry deviation primarily associated with Temperature.
99.9,steady,118.618238974979,951.473470624038,0.1953160603119292,509.60974006373823,1,temperature,1.1391885031050475,False,45.17575027657888,True,0.4247174105850704,False,1.922351051009327,False,1,WARNING,1,20.37465192056187,99.98808527047811,8.14358017617155,31.9188772479851,79.02945995464047,CRITICAL,Temperature,1,Critical telemetry deviation primarily associated with Temperature.
100.0,shutdown,119.81299068201253,956.2024268863748,0.2082807002575585,508.1530071974425,1,temperature,1.6878238686481888,False,3.3359603916083684,False,1.9538255621609075,False,1.8022903336646665,False,0,NORMAL,0,28.64942432193198,48.685256545173814,32.34609520107967,30.264318306045844,43.89061251210822,NORMAL,Temperature,1,Telemetry remains within the expected prototype operating envelope.
100.1,shutdown,119.79060433190814,957.6611065203612,0.2068485489648905,507.5536959783346,1,temperature,1.6868603243334093,False,3.3472233884037297,False,1.895804844089264,False,1.7970965482264905,False,0,NORMAL,0,28.63567310867403,48.80071801035697,31.556456896361773,30.19184223642658,43.89912710376622,NORMAL,Temperature,1,Telemetry remains within the expected prototype operating envelope.
100.2,shutdown,122.09356036809592,949.8824074400784,0.1973521205888428,504.34686441010166,1,temperature,1.7859832356391512,False,3.28716121932149,False,1.5110762219701812,False,1.769305319611474,False,0,NORMAL,0,30.036509698795623,48.18198119671324,26.08210563586406,29.80275101150601,43.05233068786551,NORMAL,Temperature,1,Telemetry remains within the expected prototype operating envelope.
100.3,shutdown,117.18592491539884,951.304375282238,0.2114274351807909,498.8716498460488,1,temperature,1.5747507561412482,False,3.298140750999452,False,2.0813091742358147,False,1.7218556995025802,False,0,NORMAL,0,27.017474574518253,48.29564387053495,34.04924341873723,29.13341349427124,43.51054885967812,NORMAL,Temperature,1,Telemetry remains within the expected prototype operating envelope.
100.4,shutdown,119.7316183172564,943.9630474027418,0.2284832466458615,496.0945940241442,1,temperature,1.68432147191646,False,3.241455684276132,False,2.7722909396151088,False,1.6977890182375768,False,0,NORMAL,0,28.599427208391248,47.706135577432086,42.5616615241749,28.791486539766396,43.92912532468526,NORMAL,Temperature,1,Telemetry remains within the expected prototype operating envelope.
100.5,shutdown,118.1625294379948,946.844595861541,0.203156873059849,506.0636597317797,1,temperature,1.616785376843045,False,3.263705169564715,False,1.7462440483864123,False,1.7841835102038897,False,0,NORMAL,0,27.628461271413585,47.938320907318236,29.478235653483242,30.01132215139364,42.97733833832261,NORMAL,Temperature,1,Telemetry remains within the expected prototype operating envelope.
100.6,shutdown,118.95226455742169,943.3201354961816,0.2075636003463569,496.7729560188798,1,temperature,1.6507768395405102,False,3.236491527257295,False,1.9247737071019928,False,1.7036678780648875,False,0,NORMAL,0,28.11879555679543,47.65419080467507,31.951856686922152,28.87516231214178,42.92772449208556,NORMAL,Temperature,1,Telemetry remains within the expected prototype operating envelope.
100.7,shutdown,117.51113242330337,936.9438360308196,0.2002811294153848,487.2988632196055,1,temperature,1.5887482074409884,False,3.187257796442548,False,1.6297391008323423,False,1.6215629488529053,False,0,NORMAL,0,27.22150272293633,47.136208875767636,27.815714791110256,27.69758029159316,42.00224885387211,NORMAL,Temperature,1,Telemetry remains within the expected prototype operating envelope.
100.8,shutdown,117.39068397808326,937.4786580907268,0.2014206844316508,486.2260080301279,1,temperature,1.583563913705086,False,3.191387352382368,False,1.6759058715250692,False,1.6122653093582286,False,0,NORMAL,0,27.146002566693284,47.17985164728786,28.47915027886192,27.563006842220894,42.074104562555206,NORMAL,Temperature,1,Telemetry remains within the expected prototype operating envelope.
100.9,shutdown,116.50136737956896,939.117702519273,0.194710046222872,477.8862842742722,1,temperature,1.5452863048701473,False,3.204043011456542,False,1.4040379134499053,False,1.5399911145483085,False,0,NORMAL,0,26.5861268676142,47.313377348385174,24.48263700203508,26.508337597885976,41.6816121728434,NORMAL,Temperature,1,Telemetry remains within the expected prototype operating envelope.
101.0,shutdown,115.8157254128998,928.2419957486352,0.2167034365875147,498.7936547736789,1,temperature,1.5157751779612092,False,3.1200677178752967,False,2.295055718844829,False,1.721179774109881,False,0,NORMAL,0,26.151540390181438,46.421029888971674,36.80917969787626,29.123832741635812,42.29290791571479,NORMAL,Temperature,1,Telemetry remains within the expected prototype operating envelope.
101.1,shutdown,115.03914595108276,932.178315013096,0.2023793207267676,489.3875324967133,1,temperature,1.482349955809346,False,3.1504614727671663,False,1.7147430855100525,False,1.6396638949569282,False,0,NORMAL,0,25.656206336193566,46.74573520472245,29.032532423514713,27.958855513836987,41.70664421241802,NORMAL,Temperature,1,Telemetry remains within the expected prototype operating envelope.
101.2,shutdown,115.29116510559196,926.9649815757024,0.1900926044496569,481.88885550749626,1,temperature,1.4931972633164037,False,3.1102074262785275,False,1.216971582743425,False,1.574678428123593,False,0,NORMAL,0,25.817317508982672,46.315264782019106,21.603767650155902,27.016418830604792,40.670789375841636,NORMAL,Temperature,1,Telemetry remains within the expected prototype operating envelope.
101.3,shutdown,113.97224376043404,928.6708882901416,0.2057782313967077,482.5635528539102,1,temperature,1.436428779046182,False,3.123379353417462,False,1.8524430888134145,False,1.5805255291643463,False,0,NORMAL,0,24.97027036102294,46.456504943975986,30.960309198383328,27.10171742061924,41.526998381934526,NORMAL,Temperature,1,Telemetry remains within the expected prototype operating envelope.
101.4,shutdown,115.53350101767656,920.2098235550516,0.2037425963087719,484.2378544324173,1,temperature,1.5036277885814544,False,3.0580483905546743,False,1.7699734432260124,False,1.5950354580298691,False,0,NORMAL,0,25.971909074586886,45.75230473752191,29.81213047277307,27.31296053903719,41.01331225148216,NORMAL,Temperature,1,Telemetry remains within the expected prototype operating envelope.
101.5,shutdown,114.51089793889275,919.647785845738,0.1913634884995587,476.7122039218737,1,temperature,1.45961331644804,False,3.053708692672164,False,1.268458884077165,False,1.529816231710952,False,0,NORMAL,0,25.317370917139005,45.70520057704408,22.406907490631422,26.358631514469966,40.18984004376605,NORMAL,Temperature,1,Telemetry remains within the expected prototype operating envelope.
101.6,shutdown,114.98726323418089,918.527442212961,0.1980152091643771,471.6111683592586,1,temperature,1.48011684068906,False,3.04505811138504,False,1.5379399168148304,False,1.4856093432362691,False,0,NORMAL,0,25.622995270386284,45.611182954612204,26.47818222657622,25.704653588908823,40.44625764904024,NORMAL,Temperature,1,Telemetry remains within the expected prototype operating envelope.
101.7,shutdown,113.50326399324184,917.166821638041,0.1893619805167619,469.45897845566464,1,temperature,1.4162431397473392,False,3.034552264303905,False,1.1873718292509543,False,1.4669579110169373,False,0,NORMAL,0,24.666753493221595,45.4967826905726,21.138289374898143,25.426993110761607,39.78668038244941,NORMAL,Temperature,1,Telemetry remains within the expected prototype operating envelope.
101.8,shutdown,113.45581214584016,915.2953939198763,0.1899499881126809,474.0449269206166,1,temperature,1.414200736337382,False,3.0201022892022187,False,1.211193769796946,False,1.5067009219903489,False,0,NORMAL,0,24.63597503153634,45.339040837159814,21.513123534522805,26.017394734688715,39.7521107812208,NORMAL,Temperature,1,Telemetry remains within the expected prototype operating envelope.
101.9,shutdown,109.16810238730388,914.8251399097392,0.1967191660128068,456.8068033287501,1,temperature,1.229650850268475,False,3.01647128669435,False,1.485433345273875,False,1.3573109015161982,False,0,NORMAL,0,21.80231715810842,45.29933160451204,25.702038376965152,23.77358884795495,39.645077191842624,NORMAL,Temperature,1,Telemetry remains within the expected prototype operating envelope.
102.0,shutdown,112.84143837306615,907.4867641684052,0.1926036950331704,471.1066754351355,1,temperature,1.3877571064850032,False,2.959809014505132,False,1.3187033477771155,False,1.4812372775724998,False,0,NORMAL,0,24.23633950555765,44.67591301264525,23.18272755976133,25.639660350975213,39.341124495751615,NORMAL,Temperature,0,Telemetry remains within the expected prototype operating envelope.
102.1,shutdown,110.5945561569348,908.3670497455786,0.1946236721680013,472.6850964664378,1,temperature,1.2910477020828617,False,2.966606020100947,False,1.400538643008288,False,1.4949162809121868,False,0,NORMAL,0,22.756664085979274,44.75106954290293,24.429767368444878,25.84281739255754,39.39397306200181,NORMAL,Temperature,0,Telemetry remains within the expected prototype operating envelope.
102.2,shutdown,110.77325172182562,907.3043949484168,0.2033560889089845,454.5867514156212,1,temperature,1.2987390450138898,False,2.95840087532745,False,1.754314876292143,False,1.3380713596374936,False,0,NORMAL,0,22.87539374064832,44.66033001557411,29.591977634321264,23.479711558193237,39.582363143137655,NORMAL,Temperature,0,Telemetry remains within the expected prototype operating envelope.
102.3,shutdown,110.60353901276628,903.8773712820736,0.2079685182110223,457.97080657108745,1,temperature,1.2914343385656533,False,2.931939577265608,False,1.9411781368491847,False,1.3673984535213828,False,0,NORMAL,0,22.76263687338992,44.36668176915132,32.17474904206693,23.92722139554507,39.62108094446177,NORMAL,Temperature,0,Telemetry remains within the expected prototype operating envelope.
102.4,shutdown,111.21788521345162,902.8123519070564,0.2009648790322748,453.8538143042662,1,temperature,1.3178767816712358,False,2.9237161747251643,False,1.657439836052337,False,1.331719537788203,False,0,NORMAL,0,23.17002759930552,44.27510745045041,28.214520603958213,23.382441138829456,39.19500331214034,NORMAL,Temperature,0,Telemetry remains within the expected prototype operating envelope.
102.5,shutdown,111.31251702327404,898.0741604508332,0.2001769229558332,453.7261201901681,1,temperature,1.3219498861266976,False,2.8871308725492444,False,1.6255173865191677,False,1.3306129076948587,False,0,NORMAL,0,23.232589414344716,43.865869660961806,27.754740767231233,23.365481802864664,38.85694992359789,NORMAL,Temperature,0,Telemetry remains within the expected prototype operating envelope.
102.6,shutdown,109.47318015168813,895.1885376818718,0.1870410257903935,455.6018564708693,1,temperature,1.2427818852101895,False,2.8648499280277835,False,1.093343034580245,False,1.3468685215895329,False,0,NORMAL,0,22.00741103190065,43.61516719828937,19.64120224689684,23.614225463440054,37.876684198684195,NORMAL,Temperature,0,Telemetry remains within the expected prototype operating envelope.
102.7,shutdown,110.12644960638052,895.9340019337783,0.1939451785108144,445.88316011525177,1,temperature,1.270899647424798,False,2.8706059290609462,False,1.3730508423837442,False,1.2626437949358271,False,0,NORMAL,0,22.444775522434313,43.68004008145894,24.013171389415277,22.316612843728322,38.231803538689036,NORMAL,Temperature,0,Telemetry remains within the expected prototype operating envelope.
102.8,shutdown,108.75175965933356,889.798846762179,0.1882889976807492,451.1945389205344,1,temperature,1.2117307933290873,False,2.823234161178009,False,1.1439020960302213,False,1.308673572146702,False,0,NORMAL,0,21.521552941760945,43.14390913108216,20.449680844898886,23.02848090412556,37.50610801961682,NORMAL,Temperature,0,Telemetry remains within the expected prototype operating envelope.
102.9,shutdown,109.81948290554796,888.6123835308399,0.2032298118142758,450.861741270311,1,temperature,1.2576873096370516,False,2.8140730463855395,False,1.7491990147567669,False,1.3057894619640784,False,0,NORMAL,0,22.239567349271628,43.039640603636464,29.51990122863758,22.98406922814098,38.28179450321129,NORMAL,Temperature,0,Telemetry remains within the expected prototype operating envelope.
103.0,shutdown,108.30185894068296,883.6469302311798,0.1897056974335189,448.3338323703343,1,temperature,1.1923663467958334,False,2.7757329727336213,False,1.2012968261599477,False,1.2838819521175606,False,0,NORMAL,0,21.21702528303099,42.601188849838714,21.357613639505345,22.645883435967452,37.125172483125134,NORMAL,Temperature,0,Telemetry remains within the expected prototype operating envelope.
103.1,shutdown,107.65200193500274,886.4708306172861,0.174424233797048,449.3080695229221,1,temperature,1.1643954618448178,False,2.797537336253948,False,0.5821991806018417,False,1.2923249422954732,False,0,NORMAL,0,20.77506432733508,42.850952768483985,10.991635374884956,22.776393224944158,36.37509829788381,NORMAL,Temperature,0,Telemetry remains within the expected prototype operating envelope.
103.2,shutdown,108.50392198947144,877.8184113959943,0.2024271923593391,438.9125974003146,1,temperature,1.2010634636093975,False,2.730728855700056,False,1.7166825080496124,False,1.2022351024727944,False,0,NORMAL,0,21.353943116277264,42.08222021809141,29.060054266759995,21.37236991257746,37.3169445492087,NORMAL,Temperature,0,Telemetry remains within the expected prototype operating envelope.
103.3,shutdown,108.74766020221234,881.7901233296953,0.1960075978840804,442.1179494770376,1,temperature,1.211554346137633,False,2.7613958902833287,False,1.4566055992131288,False,1.2300135094331923,False,0,NORMAL,0,21.51878343257939,42.43636635780311,25.272432556177616,21.80798877368805,37.29925060559374,NORMAL,Temperature,0,Telemetry remains within the expected prototype operating envelope.
103.4,shutdown,106.43440204773296,878.0761858105626,0.182896943888248,430.9064952764715,1,temperature,1.1119880151826953,False,2.732719225852325,False,0.9254539233242288,False,1.1328521586839826,False,0,NORMAL,0,19.940301874697663,42.105271193822325,16.897116424691873,20.2736812295517,36.04985871422632,NORMAL,Temperature,0,Telemetry remains within the expected prototype operating envelope.
103.5,shutdown,106.46948017574816,874.0220142537447,0.1794182784949555,434.9387139125298,1,temperature,1.1134978339188697,False,2.701415490482072,False,0.7845228184311108,False,1.1677964042909244,False,0,NORMAL,0,19.96447335150755,41.74166991971067,14.521436748508588,20.82893389383247,35.62453041524837,NORMAL,Temperature,0,Telemetry remains within the expected prototype operating envelope.
103.6,shutdown,106.85096092678192,875.2893272822097,0.1927275486192383,431.723087567234,1,temperature,1.1299173756102352,False,2.711200876008648,False,1.323721025753037,False,1.1399289578718943,False,0,NORMAL,0,20.226871603113715,41.855574467357535,23.25977775920487,20.38644284118544,36.457381737482784,NORMAL,Temperature,0,Telemetry remains within the expected prototype operating envelope.
103.7,shutdown,104.33331676905844,870.361678171978,0.1813671853929397,422.40460095463567,1,temperature,1.0215539441664685,False,2.6731527022739314,False,0.8634788465090997,False,1.0591725519658015,False,0,NORMAL,0,18.479102603309073,41.411428876866744,15.860644634129905,19.090141610566036,35.21604407088966,NORMAL,Temperature,0,Telemetry remains within the expected prototype operating envelope.
103.8,shutdown,106.77493966826592,867.5924326648243,0.1803497702588932,429.5039037222545,1,temperature,1.1266452990500126,False,2.651770348982685,False,0.8222603265408885,False,1.120696938895431,False,0,NORMAL,0,20.174649760878218,41.16034006724988,15.164157823079394,20.079627262743728,35.20486384868315,NORMAL,Temperature,0,Telemetry remains within the expected prototype operating envelope.
103.9,shutdown,106.34764143048965,864.4548549488875,0.1842319683345913,428.1036982928076,1,temperature,1.1082536994455714,False,2.62754396853805,False,0.979539743318662,False,1.1085623978789263,False,0,NORMAL,0,19.880485902181643,40.87455387249865,17.791209451443702,19.885432303182082,35.181232150938406,NORMAL,Temperature,0,Telemetry remains within the expected prototype operating envelope.
104.0,shutdown,104.31407541039808,867.223253902473,0.1916891134852075,429.8139511317662,1,temperature,1.0207257653137574,False,2.6489197852808286,False,1.28165092292539,False,1.1233838896304151,False,0,NORMAL,0,18.465598708320318,41.12678526338137,22.61135987579541,20.122564145634836,35.68596237059694,NORMAL,Temperature,0,Telemetry remains within the expected prototype operating envelope.
104.1,shutdown,103.81971217652736,860.045817880011,0.1876948168968543,420.0760603761027,1,temperature,0.9994475810089872,False,2.5935001872852217,False,1.1198300612372143,False,1.0389928193604463,False,0,NORMAL,0,18.117878544154088,40.47060950277675,20.06576982439562,18.762933896815248,34.829900456517294,NORMAL,Temperature,0,Telemetry remains within the expected prototype operating envelope.
104.2,shutdown,105.00796874182466,855.8252830479498,0.1695289544566869,415.9785941371905,1,temperature,1.0505920441596617,False,2.56091190046702,False,0.3838768218237335,False,1.0034831212160351,False,0,NORMAL,0,18.95117286813257,40.08135018097937,7.390213517557386,18.183939600037924,33.455961782223476,NORMAL,Temperature,0,Telemetry remains within the expected prototype operating envelope.
104.3,shutdown,104.0721478518181,857.6666720482036,0.2005204614330506,411.4707278875456,1,temperature,1.0103128162366948,False,2.5751299356857573,False,1.6394351543104886,False,0.9644167908384682,False,0,NORMAL,0,18.295619057075285,40.25149325099092,27.955559690856692,17.542185116383724,35.26739561073343,NORMAL,Temperature,0,Telemetry remains within the expected prototype operating envelope.
104.4,shutdown,104.04598764613216,855.9859888778465,0.2008166486891459,415.3244244855076,1,temperature,1.0091868391415175,False,2.562152768718656,False,1.6514345829813966,False,0.997813918466811,False,0,NORMAL,0,18.277217532880098,40.096218565980635,28.12825081301762,18.09112062211137,35.214412727111515,NORMAL,Temperature,0,Telemetry remains within the expected prototype operating envelope.
104.5,shutdown,103.84167881315253,853.1209024638957,0.1832368687228766,415.57129605745087,1,temperature,1.0003930601843023,False,2.540030392874843,False,0.939225291682102,False,0.9999533711160824,False,0,NORMAL,0,18.133360648440654,39.83058856917887,17.12568958793573,18.12616115861665,34.04626506683131,NORMAL,Temperature,0,Telemetry remains within the expected prototype operating envelope.
104.6,shutdown,102.90510473836191,852.1745751536937,0.2011348320680115,415.2939080616704,1,temperature,0.9600814139835332,False,2.5327234550018294,False,1.6643251401555987,False,0.9975494552752376,False,0,NORMAL,0,17.47065697028719,39.7425934571216,28.313305543081114,18.086788130802233,34.8988533559921,NORMAL,Temperature,0,Telemetry remains within the expected prototype operating envelope.
104.7,shutdown,102.2421482604881,845.5823582200759,0.1789845944658662,410.4146268953814,1,temperature,0.9315467067970972,False,2.481822546764181,False,0.7669529856119197,False,0.955264347534452,False,0,NORMAL,0,16.998320325942274,39.126029069023375,14.22053957363424,17.391108791679155,33.108818698889614,NORMAL,Temperature,0,Telemetry remains within the expected prototype operating envelope.
104.8,shutdown,100.05163210812486,849.468346604094,0.1757076600015413,409.4280954182138,1,temperature,0.8372633879353424,False,2.5118276785945315,False,0.634194602005919,False,0.9467148115720808,False,0,NORMAL,0,15.418335757378909,39.49024145650712,11.912444774954512,17.24973442035821,33.02484813253452,NORMAL,Temperature,0,Telemetry remains within the expected prototype operating envelope.
104.9,shutdown,99.62977235711568,839.1774611145408,0.1811292301404775,394.58347594057005,1,temperature,0.8191058695000509,False,2.432368003152628,False,0.8538385698934524,False,0.8180675144415204,False,0,NORMAL,0,15.11061873224493,38.52094268484548,15.698262811866815,15.09298783790448,32.42560880099996,NORMAL,Temperature,0,Telemetry remains within the expected prototype operating envelope.
105.0,shutdown,100.93351174326294,840.6104640756674,0.1821553896358868,396.148743202457,1,temperature,0.8752208979713716,False,2.443432741003807,False,0.8954113500071839,False,0.8316325238263668,False,0,NORMAL,0,16.058006528215152,38.656842190650984,16.396288420705673,15.323028529754845,32.68993691998922,NORMAL,Temperature,0,Telemetry remains within the expected prototype operating envelope.
105.1,shutdown,100.74521130945683,837.6049913488301,0.1814994217599991,412.29653210611343,1,temperature,0.8671161461195331,False,2.420226391300817,False,0.8688361359318391,False,0.9715734229662074,False,0,NORMAL,0,15.921830385239645,38.371470304545994,15.950748130166758,17.660124740633975,32.6330708845062,NORMAL,Temperature,0,Telemetry remains within the expected prototype operating envelope.
105.2,shutdown,99.8332876723777,833.4354694531413,0.170760302920223,402.32633549040577,1,temperature,0.8278654941854922,False,2.3880319939464134,False,0.4337624186992468,False,0.8851691302591609,False,0,NORMAL,0,15.259208359240661,37.9733713496788,8.309598379826411,16.224855378013224,31.48730680563264,NORMAL,Temperature,0,Telemetry remains within the expected prototype operating envelope.
105.3,shutdown,100.21939022877515,841.0500711814693,0.1797777858889004,397.526061635217,1,temperature,0.8444839657721487,False,2.446827107599804,False,0.7990875346419861,False,0.8435687202327159,False,0,NORMAL,0,15.540393301612854,38.69847229142203,14.770068650565015,15.524931630874928,32.550720253440865,NORMAL,Temperature,0,Telemetry remains within the expected prototype operating envelope.
105.4,shutdown,99.3880374722955,836.2192819445337,0.1745232207157785,386.8532547638369,1,temperature,0.8087012134097852,False,2.409526824229163,False,0.5862094357570383,False,0.7510754260214815,False,0,NORMAL,0,14.933785843956082,38.23944938085192,11.06299600424503,13.94771292184348,31.696737210757195,NORMAL,Temperature,0,Telemetry remains within the expected prototype operating envelope.
105.5,shutdown,99.38558134181478,830.3485837557199,0.209341944047594,389.69199504140187,1,temperature,0.8085954976253894,False,2.3641970250419044,False,1.996819711635314,False,0.7756766806723253,False,0,NORMAL,0,14.931987256631219,37.67698492178572,32.92534561315256,14.370071859336386,33.23167429361498,NORMAL,Temperature,0,Telemetry remains within the expected prototype operating envelope.
105.6,shutdown,97.1061843971656,827.9746760875981,0.1910078490903629,395.3381814337256,1,temperature,0.7104866073015201,False,2.34586721921232,False,1.254050871458836,False,0.824607986696149,False,0,NORMAL,0,13.246317757306835,37.44809186859032,22.182992577490246,15.203981618357364,32.04838079898637,NORMAL,Temperature,0,Telemetry remains within the expected prototype operating envelope.
105.7,shutdown,98.05228061563012,825.461269636354,0.1671297867719105,394.7377168455033,1,temperature,0.7512081017963935,False,2.326460292464161,False,0.286679387057127,False,0.8194042058640604,False,0,NORMAL,0,13.949996302322631,37.204832021569835,5.572314516876265,15.115683699007143,30.46938813625078,NORMAL,Temperature,0,Telemetry remains within the expected prototype operating envelope.
105.8,shutdown,95.80163378325172,824.2130177956583,0.1869528345471977,387.8248538362892,1,temperature,0.6543366622895894,False,2.3168220853116157,False,1.0897701444225862,False,0.7594955539172347,False,0,NORMAL,0,12.266583956280265,37.08366871194932,19.583759094018927,14.09250522323936,31.36920489899725,NORMAL,Temperature,0,Telemetry remains within the expected prototype operating envelope.
105.9,shutdown,96.49105005652213,822.7778238887977,0.1866017636858779,387.011009099315,1,temperature,0.6840102413915337,False,2.305740430370346,False,1.075547217297438,False,0.7524425657383634,False,0,NORMAL,0,12.785714877520892,36.944070656644,19.354682567795788,13.971238805258569,31.281020281200284,NORMAL,Temperature,0,Telemetry remains within the expected prototype operating envelope.
106.0,shutdown,96.20351451620456,820.969391288772,0.1863538044257138,382.04084954591394,1,temperature,0.6716342518319038,False,2.29177686352253,False,1.0655016485081006,False,0.7093698824799193,False,0,NORMAL,0,12.569574876806744,36.76772739625817,19.192494078028744,13.226939595314802,31.05273720287855,NORMAL,Temperature,0,Telemetry remains within the expected prototype operating envelope.
106.1,shutdown,95.99360928835362,816.5210898366581,0.1879363142770357,378.9119211126932,1,temperature,0.662599595088164,False,2.2574299076642084,False,1.1296138400057565,False,0.682253782504772,False,0,NORMAL,0,12.411451284602226,36.33186483984616,20.222028659164792,12.755071834280274,30.76624859996568,NORMAL,Temperature,0,Telemetry remains within the expected prototype operating envelope.
106.2,shutdown,95.66668104786586,818.6640153363674,0.156379104225641,377.4709278991005,1,temperature,0.6485280807057817,False,2.2739762160334864,False,0.1488628103966208,False,0.6697657640418286,False,0,NORMAL,0,12.164603390562734,36.54221112197048,2.9333725235702324,12.536896234857942,29.367932015489934,NORMAL,Temperature,0,Telemetry remains within the expected prototype operating envelope.
106.3,shutdown,93.93631486617058,810.4549924267988,0.1870176959019329,377.9794933018525,1,temperature,0.5740503525774746,False,2.210591359914773,False,1.092397871252917,False,0.6741731228546758,False,0,NORMAL,0,10.84645433027146,35.73263793230995,19.626010373329017,12.613958521988833,30.12288250731765,NORMAL,Temperature,0,Telemetry remains within the expected prototype operating envelope.
106.4,shutdown,94.96042905904989,815.6059359750292,0.1798085097775293,372.4739246400581,1,temperature,0.6181298654785407,False,2.250363671342926,False,0.8003322509574539,False,0.6264604463139777,False,0,NORMAL,0,11.6289689491637,36.241822410889135,14.79128342704098,11.776082764315143,30.070523352826225,NORMAL,Temperature,0,Telemetry remains within the expected prototype operating envelope.
106.5,shutdown,94.83962693409408,803.3869284270802,0.1954206643050761,373.7856076352061,1,temperature,0.6129303488011139,False,2.156016263146825,False,1.4328271702939688,False,0.6378278291069174,False,0,NORMAL,0,11.537023820476433,35.02731613351252,24.916205345068388,11.976429943455136,30.07024082050298,NORMAL,Temperature,0,Telemetry remains within the expected prototype operating envelope.
106.6,shutdown,95.19304463620026,806.163119378615,0.2050747082209711,370.2206561671632,1,temperature,0.6281420119806418,False,2.177452244744098,False,1.8239412677800804,False,0.6069330411700471,False,0,NORMAL,0,11.805748637564562,35.305270536368994,30.565633988597995,11.430852222410392,30.745332569822267,NORMAL,Temperature,0,Telemetry remains within the expected prototype operating envelope.
106.7,shutdown,93.11623702069517,800.2120303696558,0.1581583480173205,366.39421104875146,1,temperature,0.5387528904186117,False,2.1315017187511875,False,0.0767803405163306,False,0.5737720818848694,False,0,NORMAL,0,10.21484876507518,34.70797878361807,1.5238764895728396,10.84149242841721,27.572903400186533,NORMAL,Temperature,0,Telemetry remains within the expected prototype operating envelope.
106.8,shutdown,93.79006486514436,805.0595672304688,0.1921362180627074,364.8227126636989,1,temperature,0.5677555186108724,False,2.1689313166263062,False,1.2997644621669986,False,0.5601530719812121,False,0,NORMAL,0,10.734142293038328,35.19492471031786,22.891209097696063,10.598311270583682,29.825827456724756,NORMAL,Temperature,0,Telemetry remains within the expected prototype operating envelope.
106.9,shutdown,91.8582811146971,798.2456973657855,0.1806701469102692,371.0087309017353,1,temperature,0.4846084561621982,False,2.1163189453681923,False,0.8352397397225747,False,0.6137626998684239,False,0,NORMAL,0,9.237292149163634,34.50941466842695,15.384096122213153,11.551749045314851,28.615842833175392,NORMAL,Temperature,0,Telemetry remains within the expected prototype operating envelope.
107.0,shutdown,92.9751887079634,796.2451397045257,0.1893771355481623,357.8537772389114,1,temperature,0.532681945436145,False,2.100871910938756,False,1.187985804749738,False,0.4997584820338899,False,0,NORMAL,0,10.105766412502405,34.30677474573014,21.147972611982134,9.511887400985042,28.868238687204567,NORMAL,Temperature,0,Telemetry remains within the expected prototype operating envelope.
107.1,shutdown,90.79744816541071,792.6899220541771,0.1825117828479554,357.8978798850612,1,temperature,0.4389485092548358,False,2.073420780430229,False,0.9098499014269568,False,0.5001406869285333,False,0,NORMAL,0,8.404652020801818,33.94511218958422,16.637363473431044,9.518804136529136,28.05859195751004,NORMAL,Temperature,0,Telemetry remains within the expected prototype operating envelope.
107.2,shutdown,92.0823473436525,792.465046068505,0.1921119313707132,363.2113208026063,1,temperature,0.4942526250435648,False,2.07168443103111,False,1.2987805358763185,False,0.546188334935581,False,0,NORMAL,0,9.412189597415532,33.92216933318161,22.87603373127858,10.348268039417674,28.74829287793122,NORMAL,Temperature,0,Telemetry remains within the expected prototype operating envelope.
107.3,shutdown,91.18849651226894,788.9852474280692,0.1850809091738331,354.3203738503892,1,temperature,0.4557798555735653,False,2.044815638170389,False,1.0139328673868553,False,0.4691370978825533,False,0,NORMAL,0,8.71246823859475,33.566127238872475,18.35475245554059,8.956012721791861,27.90705176256208,NORMAL,Temperature,0,Telemetry remains within the expected prototype operating envelope.
107.4,shutdown,90.18263618076904,786.2054729923885,0.1587827894256742,356.6296248764681,1,temperature,0.4124860180627656,False,2.023351987186699,False,0.0514823576203654,False,0.4891496622563607,False,0,NORMAL,0,7.918598719404935,33.28033156419878,1.024364432785585,9.319689157722754,26.142226605714015,NORMAL,Temperature,0,Telemetry remains within the expected prototype operating envelope.
107.5,shutdown,90.72218907401322,787.4071510846694,0.1694277824598443,359.87475552229023,1,temperature,0.4357092375864571,False,2.0326305814626937,False,0.3797780426405554,False,0.517272800545577,False,0,NORMAL,0,8.34529235153565,33.40402970094717,7.314264979183127,9.828300426716085,26.865659458224087,NORMAL,Temperature,0,Telemetry remains within the expected prototype operating envelope.
107.6,shutdown,90.77829662259884,786.2301025976009,0.1744429123131091,354.0336211956205,1,temperature,0.438124196219902,False,2.023542161340169,False,0.5829559029676465,False,0.4666520254940989,False,0,NORMAL,0,8.389550128111612,33.282869187232365,11.005105279612525,8.910751295147445,27.02283911208513,NORMAL,Temperature,0,Telemetry remains within the expected prototype operating envelope.
107.7,shutdown,89.87538107063105,780.9720436290656,0.1869791003886996,340.1953457603224,1,temperature,0.3992612666772119,False,1.9829427727337816,False,1.0908342519596177,False,0.3467259651204781,False,0,NORMAL,0,7.674725617630196,32.73892886728029,19.60087157861151,6.699544218058639,27.117784913370496,NORMAL,Temperature,0,Telemetry remains within the expected prototype operating envelope.
107.8,shutdown,88.42554070897343,775.3018245130828,0.1731683997151636,344.2376568031953,1,temperature,0.3368578185358531,False,1.9391609454947305,False,0.5313215983360497,False,0.381757674125198,False,0,NORMAL,0,6.5152218710822885,32.14738021965374,10.081305613140334,7.350954435388468,25.804097579960604,NORMAL,Temperature,0,Telemetry remains within the expected prototype operating envelope.
107.9,shutdown,90.0500024123547,776.4688345130673,0.1655364432600463,338.11114910632506,1,temperature,0.4067772485265292,False,1.9481718548018412,False,0.2221282916760417,False,0.3286637799207077,False,0,NORMAL,0,7.813404378110544,32.269552858548344,4.345329127480135,6.361892690492521,25.419350025336684,NORMAL,Temperature,0,Telemetry remains within the expected prototype operating envelope.
108.0,shutdown,87.667200294563,773.1061974242873,0.1742291973265469,346.84943538691977,1,temperature,0.3042176341571727,False,1.9222077089589384,False,0.5742976717832091,False,0.4043920202602171,False,0,NORMAL,0,5.902953511251308,31.91692544246204,10.850864098029223,7.769416672142304,25.684515513440253,NORMAL,Temperature,0,Telemetry remains within the expected prototype operating envelope.
108.1,shutdown,88.84362760871257,771.8753645775759,0.1620309857125585,337.4524888085305,1,temperature,0.3548529474179209,False,1.9127040002040203,False,0.0801117567497592,False,0.3229556600752586,False,0,NORMAL,0,6.851071269428754,31.78739403623706,1.5894676273017883,6.254932140020553,24.729056817440554,NORMAL,Temperature,0,Telemetry remains within the expected prototype operating envelope.
108.2,shutdown,87.2218225266857,770.8181447104538,0.1524068791499354,339.06960846069126,1,temperature,0.2850478626595236,False,1.9045408205050984,False,0.3097894893128385,False,0.3369700356340596,False,0,NORMAL,0,5.5414972747064635,31.675936724345156,6.007754129741594,6.517319965643608,24.941828329087574,NORMAL,Temperature,0,Telemetry remains within the expected prototype operating envelope.
108.3,shutdown,85.9721290340493,771.029412990819,0.181828796747093,339.12204324385687,1,temperature,0.2312590558896753,False,1.906172099854774,False,0.8821800985172618,False,0.3374244489748692,False,0,NORMAL,0,4.51984977742379,31.698224215136605,16.17475909227486,6.525815534976209,25.759227494072295,NORMAL,Temperature,0,Telemetry remains within the expected prototype operating envelope.
108.4,shutdown,87.0127374095796,764.3720591409019,0.1823790429910597,333.09479430159416,1,temperature,0.276048504793984,False,1.8547682457594847,False,0.904472214130059,False,0.285190756711967,False,0,NORMAL,0,5.3713310080381715,30.99240735780343,16.547655601693545,5.54419674778085,25.25992897016238,NORMAL,Temperature,0,Telemetry remains within the expected prototype operating envelope.
108.5,shutdown,84.90420315467743,756.966367207138,0.1710182585561349,327.79251223516366,1,temperature,0.1852938179265078,False,1.7975862007277932,False,0.4442129704690622,False,0.2392398141837723,False,0,NORMAL,0,3.6380492051898305,30.198678249506084,8.501041299503287,4.672129014877003,23.742506916973124,NORMAL,Temperature,0,Telemetry remains within the expected prototype operating envelope.
108.6,shutdown,84.99710502473994,760.263766637969,0.1807136943643776,329.1810061558055,1,temperature,0.1892924630077169,False,1.823046622850081,False,0.837003976902331,False,0.251272860247486,False,0,NORMAL,0,3.7150818465772284,30.553209056336918,15.413947360161028,4.901270110291001,24.63564286928854,NORMAL,Temperature,0,Telemetry remains within the expected prototype operating envelope.
108.7,shutdown,85.87517462507734,758.6450023266423,0.1787066002076434,333.83735985986107,1,temperature,0.2270859830518899,False,1.8105475539482323,False,0.7556906095176781,False,0.2916260211629791,False,0,NORMAL,0,4.440127389029891,30.379387841517826,14.027105694012054,5.665688162643756,24.5164291421169,NORMAL,Temperature,0,Telemetry remains within the expected prototype operating envelope.
108.8,shutdown,83.07461310701274,755.1979283513682,0.1702416138812435,325.56175491295,1,temperature,0.106545335901318,False,1.7839314401475723,False,0.4127487795316856,False,0.2199074964716751,False,0,NORMAL,0,2.108363311086592,30.007793652458115,7.923437681106704,4.302833803967898,23.385028363351967,NORMAL,Temperature,0,Telemetry remains within the expected prototype operating envelope.
108.9,shutdown,84.73666370424337,752.9642899526929,0.1473876057695861,330.9971497292748,1,temperature,0.1780826520055643,False,1.766684704442128,False,0.5131352162738688,False,0.2670120283871428,False,0,NORMAL,0,3.4989725356734835,29.76594937294613,9.75365094294146,5.200154424363923,23.567005729058423,NORMAL,Temperature,0,Telemetry remains within the expected prototype operating envelope.
109.0,shutdown,84.90362998863523,748.7912243388549,0.1758486573147522,324.44313891142883,1,temperature,0.1852691479432897,False,1.734462944749053,False,0.6399068234734062,False,0.2102132819894906,False,0,NORMAL,0,3.6375737544751097,29.311874896226307,12.013022436622379,4.117112048605587,23.347182206940918,NORMAL,Temperature,0,Telemetry remains within the expected prototype operating envelope.
109.1,shutdown,82.95293016723842,745.1734604689225,0.1851593434433163,333.68283583530945,1,temperature,0.1013079075452657,False,1.706528872095917,False,1.017110473454132,False,0.2902868761528803,False,0,NORMAL,0,2.005769500931287,28.915848218034878,18.406623258089393,5.640419314333977,23.605059117219255,NORMAL,Temperature,0,Telemetry remains within the expected prototype operating envelope.
109.2,shutdown,83.32207640699392,747.3163372567036,0.1714967744723499,321.7997578607706,1,temperature,0.1171965521425386,False,1.7230748043426545,False,0.4635990766784021,False,0.1873050607336031,False,0,NORMAL,0,2.3166743538313606,29.150690147702207,8.855116148959329,3.6768028664477925,22.797885903738745,NORMAL,Temperature,0,Telemetry remains within the expected prototype operating envelope.
109.3,shutdown,84.30028349603998,740.8135968330287,0.1683476284728354,317.55491898856843,1,temperature,0.1593001498676039,False,1.6728647768311544,False,0.3360177847159526,False,0.1505181933783323,False,0,NORMAL,0,3.135784654112006,28.435636711997358,6.499514476590129,2.965503692980964,22.07385232217032,NORMAL,Temperature,0,Telemetry remains within the expected prototype operating envelope.
109.4,shutdown,82.5237954326467,737.4918565502066,0.1767279565717727,316.4152140925692,1,temperature,0.0828372621804662,False,1.6472164101242,False,0.6755298575434666,False,0.1406412171030173,False,0,NORMAL,0,1.6430966974257832,28.06759173724466,12.637667239957217,2.7736327613276712,22.19210861735512,NORMAL,Temperature,0,Telemetry remains within the expected prototype operating envelope.
109.5,shutdown,82.70973039330704,738.623155830767,0.1763856586430441,311.8193063757775,1,temperature,0.0908402002846087,False,1.655951583958584,False,0.6616623480694697,False,0.1008118966871472,False,0,NORMAL,0,1.8003996171393033,28.19315044569527,12.395031324463378,1.996047778259158,22.20920284168817,NORMAL,Temperature,0,Telemetry remains within the expected prototype operating envelope.
109.6,shutdown,81.11320458074633,740.187413873623,0.1823217243077796,319.1371667587946,1,temperature,0.0221231757174582,False,1.6680297901070151,False,0.9021500634048816,False,0.1642303602234983,False,0,NORMAL,0,0.4414860866598702,28.366400692585213,16.508888815745905,3.2312497715888067,22.68611266975612,NORMAL,Temperature,0,Telemetry remains within the expected prototype operating envelope.
109.7,shutdown,81.7511429797036,731.6015286993796,0.1656658297515812,311.14558768481305,1,temperature,0.0495810647716689,False,1.6017350431662,False,0.2273701241458786,False,0.0949732769266713,False,0,NORMAL,0,0.9867209424894607,27.410289919663413,4.445557732079086,1.8815393717571127,20.85504789480526,NORMAL,Temperature,0,Telemetry remains within the expected prototype operating envelope.
109.8,shutdown,80.11102956479583,736.1512087022023,0.1687804421284506,306.9114751817721,1,temperature,0.0210120399175447,False,1.636864779742883,False,0.3535523561111461,False,0.0582793670502163,False,0,NORMAL,0,0.41935902233453115,27.91851393010282,6.826838380468447,1.158820687691542,21.3253431063691,NORMAL,Temperature,0,Telemetry remains within the expected prototype operating envelope.
109.9,shutdown,79.99120862288942,732.4002399387598,0.1712788300283963,305.9345606941283,1,temperature,0.0261693249071533,False,1.607902183585494,False,0.454769497567137,False,0.0498131743968894,False,0,NORMAL,0,0.5220192174384408,27.49976891238036,8.694019756979976,0.9913172228233291,21.17422324013917,NORMAL,Temperature,0,Telemetry remains within the expected prototype operating envelope.
110.0,shutdown,79.61914409114286,727.4820218780902,0.158239066937056,311.84867479210965,1,temperature,0.042183577459441,False,1.5699268304198175,False,0.0735101764568508,False,0.1010664109498958,False,0,NORMAL,0,0.840122628199369,26.94702814082327,1.459448806996133,2.0010363320214997,20.24973643348865,NORMAL,Temperature,0,Telemetry remains within the expected prototype operating envelope.
110.1,shutdown,80.74622802466617,728.2886155894499,0.1655183199696557,303.3359308342783,1,temperature,0.0063279177759148,False,1.5761548342765497,False,0.221394063157262,False,0.0272927784907537,False,0,NORMAL,0,0.1264783042056461,27.037966330822695,4.331281618635396,0.5443684853078112,20.378186404694763,NORMAL,Temperature,0,Telemetry remains within the expected prototype operating envelope.
110.2,shutdown,77.53653553050599,721.5251013195762,0.1868836258546597,306.92188857115724,1,temperature,0.1318223809783785,False,1.5239312769085829,False,1.0869662939785645,False,0.0583696121656523,False,0,NORMAL,0,2.6019967629138385,26.271905261449536,19.538651425131082,1.1606046583193974,21.41438975437591,NORMAL,Temperature,0,Telemetry remains within the expected prototype operating envelope.
110.3,shutdown,77.95850233020334,720.0327347750134,0.1588010800585931,293.22073151699044,1,temperature,0.1136602549963267,False,1.5124081712058042,False,0.0507413495569202,False,0.0603681449883389,False,0,NORMAL,0,2.2475624635512226,26.101793989938237,1.0096949969874314,1.200103518969542,19.640092153286417,NORMAL,Temperature,0,Telemetry remains within the expected prototype operating envelope.
110.4,shutdown,78.45078306928882,720.6542942821472,0.1618154393030509,296.08590886744594,1,temperature,0.0924717045980005,False,1.517207458570805,False,0.0713793291623793,False,0.0355377798522763,False,0,NORMAL,0,1.8324370042611116,26.172691703924688,1.4174448838562004,0.7082357030820496,19.648695420874404,NORMAL,Temperature,0,Telemetry remains within the expected prototype operating envelope.
110.5,shutdown,78.85048457636378,718.5809648915596,0.1690605710645841,293.9781976154887,1,temperature,0.0752679124230757,False,1.501198527111263,False,0.36490121437097,False,0.0538037486165366,False,0,NORMAL,0,1.494084372814164,25.935933618116145,7.038080355222586,1.0703059969762063,19.96796723179929,NORMAL,Temperature,0,Telemetry remains within the expected prototype operating envelope.
110.6,shutdown,76.26431020298773,714.5402074585618,0.165888323846855,291.04346520253955,1,temperature,0.1865809939605275,False,1.4699983670772785,False,0.2363840231945174,False,0.0792368958451297,False,0,NORMAL,0,3.662852971102437,25.472326516088827,4.617666167909984,1.5722470153063717,19.647957844118405,NORMAL,Temperature,0,Telemetry remains within the expected prototype operating envelope.
110.7,shutdown,76.39010710419366,715.6811737544076,0.1805501552457224,289.91276388382823,1,temperature,0.1811664941243023,False,1.4788081834580062,False,0.8303785196997606,False,0.0890358447998833,False,0,NORMAL,0,3.558472971391524,25.603525921614324,15.301788812066375,1.764955824694081,20.687306907903864,NORMAL,Temperature,0,Telemetry remains within the expected prototype operating envelope.
110.8,shutdown,77.26631385402078,709.988194677964,0.159074178434786,274.7179876109113,1,temperature,0.1434531541456644,False,1.4348506182736516,False,0.0396773202382076,False,0.2207176909366773,False,0,NORMAL,0,2.828296273563513,24.946584828043704,0.7904061372649429,4.3183392105681895,19.09259745255444,NORMAL,Temperature,0,Telemetry remains within the expected prototype operating envelope.
110.9,shutdown,75.39036539486042,703.2414069909075,0.1615840701504467,278.702223963055,1,temperature,0.2241969763504984,False,1.3827562129444737,False,0.0620058750849722,False,0.1861892721648426,False,0,NORMAL,0,4.384896811944305,24.160524397474703,1.2324597324080533,3.6553052033987288,18.629744646065813,NORMAL,Temperature,0,Telemetry remains within the expected prototype operating envelope.
111.0,shutdown,75.66642588732175,707.0869340457167,0.1490957712308064,275.9771848725071,1,temperature,0.2123148912045915,False,1.412448928113483,False,0.4439323414431314,False,0.2098051630337243,False,0,NORMAL,0,4.157405252133417,24.609565741660187,8.495905702654127,4.109285404368435,19.616281915900537,NORMAL,Temperature,0,Telemetry remains within the expected prototype operating envelope.
111.1,shutdown,75.23593527913897,703.6870889152167,0.1680263266525967,290.67023433787153,1,temperature,0.2308438955374285,False,1.38619748542699,False,0.3230008901857337,False,0.0824714106818053,False,0,NORMAL,0,4.511921533719299,24.212703299328943,6.255780156140123,1.6358996300278372,18.942183798745234,NORMAL,Temperature,0,Telemetry remains within the expected prototype operating envelope.
111.2,shutdown,74.50520469793226,703.4238321000037,0.1486743556210687,276.54847651553376,1,temperature,0.2622957085339317,False,1.384164783662314,False,0.4610051440225502,False,0.2048542024611518,False,0,NORMAL,0,5.110690958411245,24.181886441256506,8.807819143368379,4.014288149916457,19.40326109745008,NORMAL,Temperature,0,Telemetry remains within the expected prototype operating envelope.
111.3,shutdown,75.0932319465794,698.6976983402128,0.1779370488441783,282.2475295462533,1,temperature,0.236986075220438,False,1.3476725833527063,False,0.7245137897711569,False,0.1554647405278256,False,0,NORMAL,0,4.629150501943579,23.626508251912583,13.489358626187652,3.061453365419331,19.277796553971204,NORMAL,Temperature,0,Telemetry remains within the expected prototype operating envelope.
111.4,shutdown,74.54000985446868,693.5069648979999,0.1648442813086656,270.6147905740799,1,temperature,0.2607976389268136,False,1.3075930396591744,False,0.1940867477088794,False,0.2562770536524044,False,0,NORMAL,0,5.082256540967167,23.01184506123395,3.8073610602359587,4.996400984406879,18.186262358900912,NORMAL,Temperature,0,Telemetry remains within the expected prototype operating envelope.
111.5,shutdown,75.49727697107821,693.4908316243246,0.1551206183423404,275.90591301455885,1,temperature,0.2195953311082666,False,1.3074684687763918,False,0.1998478250427341,False,0.2104228233179994,False,0,NORMAL,0,4.2968589493230125,23.009926940854943,3.9181318784319186,4.121130249951599,18.049231713179843,NORMAL,Temperature,0,Telemetry remains within the expected prototype operating envelope.
111.6,shutdown,74.062593232427,691.3043951986962,0.1569089149923227,270.816579420924,1,temperature,0.281346413952871,False,1.2905861966987209,False,0.1273985968862629,False,0.2545282995144706,False,0,NORMAL,0,5.471544724774613,22.749534113849624,2.515785082887001,4.963167585661865,17.9109499308799,NORMAL,Temperature,0,Telemetry remains within the expected prototype operating envelope.
111.7,shutdown,73.92336568321683,688.0202651933282,0.1530470044334982,269.0760046052455,1,temperature,0.2873389903611125,False,1.2652282326439783,False,0.2838561058789289,False,0.2696125693287147,False,0,NORMAL,0,5.584770657913496,22.356756043087465,5.518980279113306,5.2494477802485395,17.919012469538597,NORMAL,Temperature,0,Telemetry remains within the expected prototype operating envelope.
111.8,shutdown,72.88225168227848,688.1558498206538,0.1698146444345028,267.4322878581496,1,temperature,0.3321502021917162,False,1.2662751309398672,False,0.3954509744594315,False,0.2838574421650029,False,0,NORMAL,0,6.427162328643766,22.373011257229635,7.604341547752302,5.519005529844123,18.210765375252873,NORMAL,Temperature,0,Telemetry remains within the expected prototype operating envelope.
111.9,shutdown,73.33336853347696,684.2710874793911,0.1570421546583516,259.69202397502244,1,temperature,0.3127334113684344,False,1.2362794658322318,False,0.1220006608314615,False,0.3509365632661699,False,0,NORMAL,0,6.063079010064265,21.90591694612538,2.4104855414001203,6.778081289833981,17.490132758881074,NORMAL,Temperature,0,Telemetry remains within the expected prototype operating envelope.
112.0,shutdown,71.32566016601864,684.460441406672,0.1496611801285003,259.34917840002646,1,temperature,0.3991483907723834,False,1.2377415364791806,False,0.421025941528369,False,0.3539077513537346,False,0,NORMAL,0,7.672641334326857,21.928749421000248,8.075738109276266,6.8334608047831535,18.14836371972148,NORMAL,Temperature,0,Telemetry remains within the expected prototype operating envelope.
112.1,shutdown,69.81134842948677,682.3078422440113,0.1659807011637691,269.10536324359106,1,temperature,0.4643267900083352,False,1.2211205342345084,False,0.2401265036770801,False,0.2693581398045171,False,0,NORMAL,0,8.868380653046993,21.66879310070142,4.6890327603197335,5.244626189990342,17.625913377061043,NORMAL,Temperature,0,Telemetry remains within the expected prototype operating envelope.
112.2,shutdown,73.39936369311908,679.6990091792305,0.1379993059055115,265.95582064809247,1,temperature,0.3098928741401842,False,1.2009767838429577,False,0.8934832300446466,False,0.2966528874212325,False,0,NORMAL,0,6.009697584071382,21.352579700090825,16.364042606677852,5.760481697051367,18.20927194399954,NORMAL,Temperature,0,Telemetry remains within the expected prototype operating envelope.
112.3,shutdown,71.48316269944662,675.6476249435725,0.172830082516267,262.9338890029425,1,temperature,0.3923692298131253,False,1.1696945703946946,False,0.5176153600939996,False,0.3228417256630839,False,0,NORMAL,0,7.54737602908202,20.85898415624903,9.834478050430528,6.252795957842006,17.451532693502184,NORMAL,Temperature,0,Telemetry remains within the expected prototype operating envelope.
112.4,shutdown,71.36621851523462,676.5276853572861,0.1692085694122252,266.0366745047816,1,temperature,0.39740269455028,False,1.1764898374214188,False,0.3708970686131262,False,0.2959521870670533,False,0,NORMAL,0,7.640400602158037,20.966467968669498,7.149490765865707,5.7472740388413985,17.259772099994457,NORMAL,Temperature,0,Telemetry remains within the expected prototype operating envelope.
112.5,shutdown,69.28039986549149,674.026173387173,0.1468525787143201,258.65761976111764,1,temperature,0.4871796654387909,False,1.1571747522947782,False,0.5348107571843969,False,0.3599009766995842,False,0,NORMAL,0,9.283954133641547,20.660569624011394,10.144031846046154,6.945067515821613,17.544812278565466,NORMAL,Temperature,0,Telemetry remains within the expected prototype operating envelope.
112.6,shutdown,70.76397629873209,670.4389485560978,0.1616445763474348,247.28774070755296,1,temperature,0.4233241628166791,False,1.129476482684866,False,0.064457161492355,False,0.4584352780432685,False,0,NORMAL,0,8.117980859331686,20.21983701137915,1.280869370639337,8.76093675962415,16.5011111574817,NORMAL,Temperature,0,Telemetry remains within the expected prototype operating envelope.
112.7,shutdown,68.9672123200192,668.165853370125,0.1604636056724137,250.82918487442612,1,temperature,0.5006597583298831,False,1.1119250867520951,False,0.0166125190044593,False,0.4277442104350241,False,0,NORMAL,0,9.528196889196305,19.93929426212546,0.3316990392934982,8.199169548231644,16.285397747530656,NORMAL,Temperature,0,Telemetry remains within the expected prototype operating envelope.
112.8,shutdown,69.8993054030358,664.253847882646,0.1470037009739642,248.37617375262448,1,temperature,0.460540981182278,False,1.0817190673888848,False,0.528688343954698,False,0.4490026368383581,False,0,NORMAL,0,8.799353146078914,19.454167316622094,10.033937381782977,8.58864922859145,16.746868124698462,NORMAL,Temperature,0,Telemetry remains within the expected prototype operating envelope.
112.9,shutdown,68.12122522072002,662.7576561022499,0.1537141837130244,240.1528053753221,1,temperature,0.5370723962143854,False,1.0701664256468493,False,0.2568266844212856,False,0.520268465958607,False,0,NORMAL,0,10.184667008077353,19.267848722553495,5.006843790662286,9.882309094239938,16.403997673518916,NORMAL,Temperature,0,Telemetry remains within the expected prototype operating envelope.
113.0,shutdown,68.25200758259963,661.9857775229677,0.1690451842527463,239.6749404892857,1,temperature,0.5314433141766721,False,1.0642064699702865,False,0.3642778487557359,False,0.524409766183565,False,0,NORMAL,0,10.083494492393097,19.171559337250223,7.026489779874446,9.956919074465997,16.507379054061225,NORMAL,Temperature,0,Telemetry remains within the expected prototype operating envelope.
113.1,shutdown,68.76824049846584,656.3286501292637,0.1574881016898681,242.5157160433322,1,temperature,0.5092238237789237,False,1.0205257286877647,False,0.1039340172282547,False,0.4997908733023405,False,0,NORMAL,0,9.683025543697877,18.462336669760692,2.057224706565175,9.512473604035609,15.475586631199644,NORMAL,Temperature,0,Telemetry remains within the expected prototype operating envelope.
113.2,shutdown,67.73416336846974,653.9932065749003,0.1616216136946291,231.97035754247773,1,temperature,0.553732157428912,False,1.002492918291518,False,0.0635268759761273,False,0.591179667097346,False,0,NORMAL,0,10.48342940087208,18.167735095059957,1.2625002663613438,11.151359575144436,15.402217441314782,NORMAL,Temperature,0,Telemetry remains within the expected prototype operating envelope.
113.3,shutdown,65.84279073711745,656.109057979972,0.1471190261883091,236.77777659812605,1,temperature,0.6351398606753813,False,1.0188301777140396,False,0.5240161757401288,False,0.5495173349227476,False,0,NORMAL,0,11.929096305954157,18.43468172809841,9.949830776251044,10.407938295894347,16.42067849505629,NORMAL,Temperature,0,Telemetry remains within the expected prototype operating envelope.
113.4,shutdown,66.68270172069313,651.109572999324,0.1569281046762994,235.6450154706188,1,temperature,0.598988748530181,False,0.98022733305677,False,0.1266211655844199,False,0.5593341347112394,False,0,NORMAL,0,11.290016522275026,17.802513858299164,2.5006264484154217,10.583667196378798,15.262106110114193,NORMAL,Temperature,0,Telemetry remains within the expected prototype operating envelope.
113.5,shutdown,64.63568711417017,645.8823634066292,0.1511124976424376,229.9116925252064,1,temperature,0.6870955313326077,False,0.939866143718498,False,0.3622287426991002,False,0.6090205885549861,False,0,NORMAL,0,12.839514548376773,17.136310941368095,6.988379454618265,11.467822962622032,15.376404553750461,NORMAL,Temperature,0,Telemetry remains within the expected prototype operating envelope.
113.6,shutdown,64.9029652311083,647.3869608655162,0.1429715370644479,228.22701966496584,1,temperature,0.675591453676362,False,0.95148368876603,False,0.6920433237046877,False,0.6236203976201868,False,0,NORMAL,0,12.638743469699786,17.32862196474002,12.92572228455695,11.725956485374278,16.04277064496348,NORMAL,Temperature,0,Telemetry remains within the expected prototype operating envelope.
113.7,shutdown,65.81573215286201,643.547192680893,0.1540615156681468,227.0691148652053,1,temperature,0.6363045054211192,False,0.9218354399314622,False,0.2427552315317747,False,0.6336550989507285,False,0,NORMAL,0,11.949608180004711,16.836953376596988,4.739128909139801,11.902939561120906,14.919024822138503,NORMAL,Temperature,0,Telemetry remains within the expected prototype operating envelope.
113.8,shutdown,64.92542508384655,641.6720656340606,0.1606952291612621,224.00555610217208,1,temperature,0.6746247456906554,False,0.907356900965608,False,0.02599627700129,False,0.6602046885214424,False,0,NORMAL,0,12.621851271904315,16.595788491383413,0.5185762666084615,12.369487957482118,14.47151161829482,NORMAL,Temperature,0,Telemetry remains within the expected prototype operating envelope.
113.9,shutdown,63.84700979623442,638.5958158738313,0.16085393217329,219.4458075609384,1,temperature,0.7210414645619737,False,0.8836040560064257,False,0.0324258091080808,False,0.6997206442054638,False,0,NORMAL,0,13.429259143927341,16.198628409138582,0.6464178544176469,13.059319119216317,14.320800612026318,NORMAL,Temperature,0,Telemetry remains within the expected prototype operating envelope.
114.0,shutdown,64.28725014296633,635.64367341918,0.1551960378490966,226.64390697245747,1,temperature,0.7020928158875713,False,0.860809488761169,False,0.1967923560004567,False,0.6373400601046989,False,0,NORMAL,0,13.10055698035587,15.815713033315081,3.8593988998659623,11.96784249080498,14.195270719534719,NORMAL,Temperature,0,Telemetry remains within the expected prototype operating envelope.
114.1,shutdown,62.3582307014682,633.3391282744009,0.1348908889232655,220.0743151540732,1,temperature,0.7851208980576471,False,0.8430152562404342,False,1.0194144681054105,False,0.6942738354674832,False,0,NORMAL,0,14.531660734457885,15.51558033160616,18.444212737546916,12.96455766177258,17.366139282626555,NORMAL,Vibration,0,Telemetry remains within the expected prototype operating envelope.
114.2,shutdown,63.75962166902121,634.1447709990472,0.1525398481041615,217.9882232108389,1,temperature,0.724802789331885,False,0.8492359171823437,False,0.3044025206001536,False,0.7123524457321048,False,0,NORMAL,0,13.494358789152837,15.62062475940591,5.906432900565783,13.278685388518841,14.379665004407638,NORMAL,Temperature,0,Telemetry remains within the expected prototype operating envelope.
114.3,shutdown,61.97993776276898,635.7599565743426,0.1527392780494463,218.1018919046484,1,temperature,0.8014032312073252,False,0.8617073533596975,False,0.2963230190211993,False,0.7113673635446511,False,0,NORMAL,0,14.80953284300811,15.83082889427876,5.754264164132361,13.261598180884448,14.634958388482765,NORMAL,Temperature,0,Telemetry remains within the expected prototype operating envelope.
114.4,shutdown,62.2427897246049,626.6970946712219,0.1424239389812908,210.65344742404807,1,temperature,0.7900896623461793,False,0.7917296953507909,False,0.7142281544289905,False,0.7759175025158369,False,0,NORMAL,0,14.61655295291786,14.644554694529699,13.311212071883515,14.374196071446477,14.50178068313734,NORMAL,Temperature,0,Telemetry remains within the expected prototype operating envelope.
114.5,shutdown,61.22553752354326,627.6608985048822,0.1445444412408027,210.85821401799475,1,temperature,0.8338738241438652,False,0.799171575827457,False,0.6283202867342149,False,0.774142942454291,False,0,NORMAL,0,15.360977328262193,14.77150120341928,11.808893143191268,14.343801051608828,14.909587876937561,NORMAL,Pressure,0,Telemetry remains within the expected prototype operating envelope.
114.6,shutdown,62.43190801445403,623.2600123077253,0.1518444876643425,204.65431288236152,1,temperature,0.781949708662113,False,0.7651907304242279,False,0.332573644868562,False,0.8279075481396309,False,0,NORMAL,0,14.477436282448286,14.190301185344845,6.4350865396668455,15.259921093316397,14.325688906973589,NORMAL,Thrust,0,Telemetry remains within the expected prototype operating envelope.
114.7,shutdown,62.77809418816142,626.5971897151076,0.1639474021055599,208.3935008781099,1,temperature,0.7670493020314788,False,0.7909582927930674,False,0.1577514976175466,False,0.7955027815613755,False,0,NORMAL,0,14.222191951819063,14.631384996877127,3.1057782103881437,14.708941088668803,13.644287629313121,NORMAL,Thrust,0,Telemetry remains within the expected prototype operating envelope.
114.8,shutdown,63.16257403306423,619.8812094378662,0.1391193792346653,217.2349527360451,1,temperature,0.7505006745430296,False,0.7391017626970362,False,0.8481057205712348,False,0.7188804817478759,False,0,NORMAL,0,13.93782061744825,13.741393758067533,15.601549546824177,13.391835480681834,15.09985965320012,NORMAL,Vibration,0,Telemetry remains within the expected prototype operating envelope.
114.9,shutdown,60.47974634583783,616.651321301373,0.1490147807687274,205.0868213965313,1,temperature,0.8659738693026398,False,0.7141626198701193,False,0.4472135064924071,False,0.8241593179194024,False,0,NORMAL,0,15.902620082183262,13.31007584214211,8.55593401143584,15.196372211784103,14.971140741329334,NORMAL,Pressure,0,Telemetry remains within the expected prototype operating envelope.
115.0,shutdown,59.89478495206372,618.1456537949941,0.1417900571149193,207.1119527620688,1,temperature,0.8911515433186565,False,0.7257009053816984,False,0.7399085984210166,False,0.8066090077276807,False,0,NORMAL,0,16.325030940752583,13.509895814660034,13.755311940072035,14.898183192346082,15.729007026674369,NORMAL,Pressure,0,Telemetry remains within the expected prototype operating envelope.
115.1,shutdown,58.809129120224846,610.3612224612166,0.119331023147537,203.34315986987733,1,temperature,0.9378799067945244,False,0.6655944754821844,False,1.64979101423436,False,0.8392703379662555,False,0,NORMAL,0,17.10338701855696,12.463899021022096,28.10462169747109,15.452279179381279,24.66637045854396,NORMAL,Vibration,0,Telemetry remains within the expected prototype operating envelope.
115.2,shutdown,61.43950112956807,607.7994996414262,0.1495220460382612,201.6179818952708,1,temperature,0.8246644883122694,False,0.6458144804526702,False,0.4266626782790506,False,0.854221174788752,False,0,NORMAL,0,15.204939835359099,12.116920421587164,8.179310290450758,15.704713416526461,14.688578567585504,NORMAL,Thrust,0,Telemetry remains within the expected prototype operating envelope.
115.3,shutdown,60.86434196763088,605.2919254157534,0.1333342368368806,201.40310419532383,1,temperature,0.8494202585916534,False,0.6264525864426053,False,1.0824790844641463,False,0.8560833603000371,False,0,NORMAL,0,15.623735624649138,11.77594407847784,19.466409627798075,15.736102263247142,18.130858022558815,NORMAL,Vibration,0,Telemetry remains within the expected prototype operating envelope.
115.4,shutdown,58.33161088552686,601.6966956131312,0.129835024539407,189.15211170715577,1,temperature,0.958433055391836,False,0.5986925075314725,False,1.2242426056954254,False,0.9622536176881225,False,0,NORMAL,0,17.44344489467775,11.284760459750276,21.7176889585884,17.506503292105368,20.062332613530618,NORMAL,Vibration,0,Telemetry remains within the expected prototype operating envelope.
115.5,shutdown,57.20004084506814,603.1108765382824,0.1531762060948325,200.0169575491057,1,temperature,1.0071376398450838,False,0.6096119135867355,False,0.278621761431492,False,0.8680960642788161,False,0,NORMAL,0,18.243717414840333,11.478292601993335,5.4200192483461755,15.938306715682327,16.32794571797166,NORMAL,Pressure,0,Telemetry remains within the expected prototype operating envelope.
115.6,shutdown,58.21616236864973,604.8974174404343,0.1295439501652349,177.90111751488098,1,temperature,0.9634021442146232,False,0.6234064466609583,False,1.236034896278258,False,1.0597576321930149,False,0,NORMAL,0,17.52545030975339,11.722179141301226,21.902096965688944,19.099608808314272,20.383179859890376,NORMAL,Vibration,0,Telemetry remains within the expected prototype operating envelope.
115.7,shutdown,56.74432429060929,602.6973851278772,0.1328749009962567,191.21368955129057,1,temperature,1.0267524092537774,False,0.6064191957878479,False,1.1010881486359847,False,0.9443874529223896,False,0,NORMAL,0,18.56381526589681,11.421749585165431,19.76558349812433,17.211207545196004,18.706835414539288,NORMAL,Vibration,0,Telemetry remains within the expected prototype operating envelope.
115.8,shutdown,57.34212361093608,595.2089442500662,0.1597419879622572,177.61151143598474,1,temperature,1.00102217034506,False,0.5485982160168853,False,0.0126223655575597,False,1.0622674330901476,False,0,NORMAL,0,18.14366062737356,10.391467630545248,0.25212893089714417,19.140207392903676,16.63478795628786,NORMAL,Thrust,0,Telemetry remains within the expected prototype operating envelope.
115.9,shutdown,57.57559728215216,597.2528306479874,0.1586183073899325,181.52116627037475,1,temperature,0.9909730901018752,False,0.5643798074050904,False,0.058146015204922,False,1.0283853569672008,False,0,NORMAL,0,17.97897900837343,10.673854792778293,1.1561845218074684,18.59040712967842,16.318714361396765,NORMAL,Thrust,0,Telemetry remains within the expected prototype operating envelope.
116.0,shutdown,56.2405784510947,595.8326812610387,0.1421342121895563,181.83066748476944,1,temperature,1.048434435912653,False,0.5534143166822062,False,0.7259658504301673,False,1.0257031396998286,False,0,NORMAL,0,18.9161909973921,10.477738817275718,13.514478718206291,18.546723770754735,17.67284822487239,NORMAL,Pressure,0,Telemetry remains within the expected prototype operating envelope.
116.1,shutdown,57.7397510549166,591.875114829221,0.1425639820031482,185.94518924704656,1,temperature,0.9839076491631208,False,0.5228565046716421,False,0.7085545941489498,False,0.9900456339955572,False,0,NORMAL,0,17.86299414334158,9.928942638815597,13.21278942898152,17.963763417884802,16.836189064164678,NORMAL,Thrust,0,Telemetry remains within the expected prototype operating envelope.
116.2,shutdown,55.35022879625405,587.5604596229,0.1563744901842244,186.4413628674457,1,temperature,1.08675650914422,False,0.4895414801593172,False,0.1490497389687447,False,0.98574566556134,False,0,NORMAL,0,19.53527544017215,9.326794913149627,2.9370013609514856,17.893182427078614,17.046001273480186,NORMAL,Pressure,0,Telemetry remains within the expected prototype operating envelope.
116.3,shutdown,55.36781000346923,587.6447737529397,0.1489673108611877,177.7152833757942,1,temperature,1.0859997858650718,False,0.4901925002697756,False,0.4491366539533972,False,1.061368118722771,False,0,NORMAL,0,19.523096612550226,9.338600160585852,8.591099332858153,19.12566241024477,17.640627918328562,NORMAL,Pressure,0,Telemetry remains within the expected prototype operating envelope.
116.4,shutdown,53.78070133972445,585.6424941800162,0.1420430885326718,177.72273890122923,1,temperature,1.154311481284741,False,0.4747321703331568,False,0.7296575414078033,False,1.0613035072184245,False,0,NORMAL,0,20.61512255433596,9.057835281709426,13.578310714228547,19.12461732096936,18.857719674052163,NORMAL,Pressure,0,Telemetry remains within the expected prototype operating envelope.
116.5,shutdown,53.675703051045545,582.8488865866157,0.1424753803322841,169.43927658846388,1,temperature,1.158830775571054,False,0.4531617084998198,False,0.7121441119549257,False,1.133090125866683,False,0,NORMAL,0,20.68684286154775,8.66465488461785,13.275071917431557,20.27747558875066,18.950551819586472,NORMAL,Pressure,0,Telemetry remains within the expected prototype operating envelope.
116.6,shutdown,53.21894491017501,573.4060484795799,0.1409307441828931,172.57996413045095,1,temperature,1.1784903765248926,False,0.3802501158096474,False,0.7747219268868439,False,1.1058721184252156,False,0,NORMAL,0,20.99808357768438,7.323015455822279,14.353719198501036,19.842314589268796,19.11900344735654,NORMAL,Pressure,0,Telemetry remains within the expected prototype operating envelope.
116.7,shutdown,52.67410421012667,575.8228818782441,0.1170840928675753,170.79766388881455,1,temperature,1.2019411917111216,False,0.3989113668409565,False,1.740820857916189,False,1.121317991531426,False,0,NORMAL,0,21.36774787540263,7.6682644718797155,29.40170356410694,20.089553597884947,25.982243398731008,NORMAL,Vibration,0,Telemetry remains within the expected prototype operating envelope.
116.8,shutdown,52.522233822228095,572.994707455832,0.1214521009599395,163.6063961762496,1,temperature,1.2084779361183482,False,0.3770740019294443,False,1.5638598291762786,False,1.1836393703688577,False,0,NORMAL,0,21.470480493944066,7.264126222514111,26.85833184542965,21.07939777813058,24.166745129280883,NORMAL,Vibration,0,Telemetry remains within the expected prototype operating envelope.
116.9,shutdown,54.36702590509901,571.3753476645571,0.1313259911952106,169.7184826665983,1,temperature,1.129075134182689,False,0.3645703351100055,False,1.1638391019360947,False,1.1306704540557273,False,0,NORMAL,0,20.21343282456772,7.031928317412673,20.76624832126105,20.238885783034043,19.469979742868787,NORMAL,Vibration,0,Telemetry remains within the expected prototype operating envelope.
117.0,shutdown,52.87346790028061,570.020831305591,0.1446660648228794,163.92915335357577,1,temperature,1.19336025961073,False,0.3541116209037827,False,0.6233929528675615,False,1.1808422735113036,False,0,NORMAL,0,21.232684408232274,6.83725949142403,11.721940900444515,21.03523571303072,19.123617910249987,NORMAL,Pressure,0,Telemetry remains within the expected prototype operating envelope.
117.1,shutdown,51.96698164830123,568.0639850354911,0.1433220339569275,165.21520072433924,1,temperature,1.2323768777931452,False,0.3390020980478845,False,0.6778436497682413,False,1.1696970556443351,False,0,NORMAL,0,21.844939345285574,6.555304774458836,12.678085544535723,20.859023493275487,19.61872897572174,NORMAL,Pressure,0,Telemetry remains within the expected prototype operating envelope.
117.2,shutdown,49.85844735117728,566.6711088781929,0.1354161525801617,160.540319145899,1,temperature,1.3231315664779142,False,0.3282471938657283,False,0.998134471567279,False,1.2102107838929792,False,0,NORMAL,0,23.250730178742362,6.35409069953301,18.09637168283328,21.497691719004408,21.167876990692427,NORMAL,Pressure,0,Telemetry remains within the expected prototype operating envelope.
117.3,shutdown,50.85210766798406,560.3922331198837,0.1194535693528908,159.57152906029668,1,temperature,1.2803628371130595,False,0.2797657069808765,False,1.6448263021484346,False,1.2186065683849507,False,0,NORMAL,0,22.59142066568842,5.4416556427744345,28.033198272949278,21.629398802119315,25.019950298476033,NORMAL,Vibration,0,Telemetry remains within the expected prototype operating envelope.
117.4,shutdown,49.98575069467182,559.6753760485019,0.1443137915606417,151.18176355728377,1,temperature,1.3176522269560786,False,0.2742305924090492,False,0.6376645928382203,False,1.2913144378690629,False,0,NORMAL,0,23.16657701530802,5.336919426827203,11.97355616871828,22.76078468845384,20.591585823639605,NORMAL,Pressure,0,Telemetry remains within the expected prototype operating envelope.
117.5,shutdown,50.12564504075719,556.5307640668938,0.1420870983757263,155.74942091402588,1,temperature,1.3116309505438075,False,0.2499498978368511,False,0.7278745714734708,False,1.251729942352128,False,0,NORMAL,0,23.07399422434099,4.8761043721166075,13.547487764181687,22.146862641132124,20.566985533476643,NORMAL,Pressure,0,Telemetry remains within the expected prototype operating envelope.
117.6,shutdown,49.75731733602094,555.0902108512564,0.1459377236945511,149.69484959134502,1,temperature,1.3274843640846303,False,0.2388268617203248,False,0.5718742611941995,False,1.304200417403384,False,0,NORMAL,0,23.317515911645636,4.664255513911608,10.807644633035219,22.959588989152003,20.559423284247305,NORMAL,Pressure,0,Telemetry remains within the expected prototype operating envelope.
117.7,shutdown,48.46523006846349,550.8692168287074,0.1344805393980534,147.66390457224324,1,temperature,1.383097866734636,False,0.2062350293251006,False,1.036038950612988,False,1.3218011102147895,False,0,NORMAL,0,24.16570638928468,4.0407924198627825,18.714926991462278,23.230305152057618,21.845985611393434,NORMAL,Pressure,0,Telemetry remains within the expected prototype operating envelope.
117.8,shutdown,49.689723431220045,555.0685159003028,0.1265317664821065,145.23397840138105,1,temperature,1.3303937138616582,False,0.2386593471013691,False,1.3580674365228125,False,1.3428594764854118,False,0,NORMAL,0,23.36212216646423,4.661061434224312,23.785121565135537,23.552954099670497,22.054439203068874,NORMAL,Vibration,0,Telemetry remains within the expected prototype operating envelope.
117.9,shutdown,46.68496601279648,550.2072326211115,0.1315564849100981,138.54057443549337,1,temperature,1.4597232791688195,False,0.2011236081226557,False,1.1545011144502475,False,1.4008662398188363,False,0,NORMAL,0,25.319013360095965,3.9426446753251243,20.618133298362583,24.434718519681464,22.959878296240575,NORMAL,Pressure,0,Telemetry remains within the expected prototype operating envelope.
118.0,shutdown,49.22486357456333,545.0854580814963,0.1450834001749461,139.75784171819546,1,temperature,1.3504020256213822,False,0.161576521235179,False,0.606485453689536,False,1.3903170879162952,False,0,NORMAL,0,23.668188281870705,3.1798744021576453,11.422923379189642,24.27512028970825,21.25161249419141,NORMAL,Thrust,0,Telemetry remains within the expected prototype operating envelope.
118.1,shutdown,47.45391522573301,546.2952271949309,0.1483259189013996,142.01135761340657,1,temperature,1.4266264751331246,False,0.1709175892327521,False,0.4751213542171224,False,1.3707875385468236,False,0,NORMAL,0,24.8230332393921,3.3605862208072823,9.064913651203376,23.978767347172692,21.492360395730216,NORMAL,Pressure,0,Telemetry remains within the expected prototype operating envelope.
118.2,shutdown,45.67780155066363,539.2976579724038,0.1203406238961656,148.65125055394685,1,temperature,1.5030732485479783,False,0.1168868083180572,False,1.6088890783139072,False,1.313244515546251,False,0,NORMAL,0,25.96369831127162,2.310622805015572,27.51407751939885,23.09881524123263,24.786781601839635,NORMAL,Vibration,0,Telemetry remains within the expected prototype operating envelope.
118.3,shutdown,45.94612592047765,540.3469323065474,0.1324076845506411,131.5133738816687,1,temperature,1.491524138494505,False,0.1249886376625975,False,1.120016479607915,False,1.461765770386488,False,0,NORMAL,0,25.792489977772327,2.4687871609090584,20.068750010629632,25.349514181773547,23.212078352021912,NORMAL,Pressure,0,Telemetry remains within the expected prototype operating envelope.
118.4,shutdown,45.77955696462835,535.162311558522,0.1275622722819803,134.72123926683344,1,temperature,1.4986935327762436,False,0.0849562923075092,False,1.3163185746590038,False,1.433965582447576,False,0,NORMAL,0,25.898818308185344,1.6847721139158556,23.146080467691633,24.933298659945624,23.45474173592259,NORMAL,Pressure,0,Telemetry remains within the expected prototype operating envelope.
118.5,shutdown,44.37918616935514,536.8010415808925,0.1285054980502905,141.61200613541683,1,temperature,1.5589677316553487,False,0.0976095237370738,False,1.2781056870533354,False,1.3742484213485582,False,0,NORMAL,0,26.786733589885458,1.933258631860102,22.556468221097237,24.031369255499502,24.0008119320305,NORMAL,Pressure,0,Telemetry remains within the expected prototype operating envelope.
118.6,shutdown,46.27338530026575,525.7822088671318,0.1415935701373132,137.02023637091747,1,temperature,1.4774383713469887,False,0.012529102613655,False,0.7478688716063971,False,1.4140418812037137,False,0,NORMAL,0,25.58314129118854,0.25026835752410825,13.892508954071136,24.633580601047743,22.26049801960781,NORMAL,Pressure,0,Telemetry remains within the expected prototype operating envelope.
118.7,shutdown,46.931273953313095,526.6052532268768,0.1338560589666624,128.12134033238146,1,temperature,1.449121791446916,False,0.0188841279189138,False,1.061338514448522,False,1.4911620070868747,False,0,NORMAL,0,25.16049945857879,0.3769702348598303,19.125183563613234,25.7871152091252,22.925979626721876,NORMAL,Thrust,0,Telemetry remains within the expected prototype operating envelope.
118.8,shutdown,47.27170186125118,530.1059516926248,0.1218377122027852,123.78216379065022,1,temperature,1.4344692297851638,False,0.0459142959438797,False,1.548237568231538,False,1.528766428992519,False,0,NORMAL,0,24.940859707983343,0.9140825498884952,26.62944681629743,26.343168109409266,24.20655168415645,NORMAL,Vibration,0,Telemetry remains within the expected prototype operating envelope.
118.9,shutdown,43.3783707136131,525.1466573854754,0.1281210130356412,121.6246336745673,1,temperature,1.6020444296444043,False,0.0076217781166225,False,1.2936823211365829,False,1.5474641408691934,False,0,NORMAL,0,27.41478143565167,0.15231943834137507,22.79735471752089,26.618096579777184,24.55558124816156,NORMAL,Pressure,0,Telemetry remains within the expected prototype operating envelope.
119.0,shutdown,44.63092179442332,525.4483019689259,0.146987357808395,123.97971413564812,1,temperature,1.5481326277089291,False,0.0099508858230603,False,0.5293504543104567,False,1.5270544068036398,False,0,NORMAL,0,26.62790689129839,0.19881980751693673,10.0458500853584,26.317943365011654,22.837309992397675,NORMAL,Pressure,0,Telemetry remains within the expected prototype operating envelope.
119.1,shutdown,43.67553056392726,518.2271742611929,0.1369201546854456,124.11924651921552,1,temperature,1.5892541943887295,False,0.0458060715897384,False,0.937202862891166,False,1.525845183216928,False,0,NORMAL,0,27.228867344229503,0.9119378247933185,17.092161329260037,26.300121593887816,23.957908981814114,NORMAL,Pressure,0,Telemetry remains within the expected prototype operating envelope.
119.2,shutdown,42.55553977395656,517.4647222132922,0.1138494331871081,118.5850679073913,1,temperature,1.6374603893803137,False,0.0516932415837784,False,1.871866564008086,False,1.573805800955979,False,0,NORMAL,0,27.927099904260476,1.0285388196157874,31.227987082631504,27.003680227888406,27.927080881720144,NORMAL,Vibration,0,Telemetry remains within the expected prototype operating envelope.
119.3,shutdown,43.43797052928132,517.8316925261445,0.1332987912914698,122.0886840694146,1,temperature,1.5994791582499497,False,0.0488597301249585,False,1.0839150891709846,False,1.543442560584203,False,0,NORMAL,0,27.377531723938088,0.9724355703271348,19.48953562970096,26.559050593929147,24.3052690533756,NORMAL,Pressure,0,Telemetry remains within the expected prototype operating envelope.
119.4,shutdown,42.5723259796584,518.3537443005639,0.1236796233509508,111.7775479697828,1,temperature,1.63673788423788,False,0.0448287782111171,False,1.473616256930241,False,1.6328015227024784,False,0,NORMAL,0,27.916684543573577,0.8925683104723303,25.526233593482473,27.859913001112837,25.33794240507893,NORMAL,Pressure,0,Telemetry remains within the expected prototype operating envelope.
119.5,shutdown,42.38617278471239,513.6560183529308,0.141070654237641,116.17321317149288,1,temperature,1.6447502154947369,False,0.0811016314551722,False,0.7690537535007803,False,1.5947075555150745,False,0,NORMAL,0,28.032103121992513,1.6089485182224306,14.256572550609558,27.308193530121027,24.451376079877868,NORMAL,Pressure,0,Telemetry remains within the expected prototype operating envelope.
119.6,shutdown,40.56846125294766,510.1773861963335,0.1282384991571953,108.58293159945912,1,temperature,1.722987427196267,False,0.1079614174692711,False,1.2889226081293608,False,1.66048689126515,False,0,NORMAL,0,29.14945201478011,2.1360838939150417,22.72382723911528,28.25825414059424,26.145560322342483,NORMAL,Pressure,0,Telemetry remains within the expected prototype operating envelope.
119.7,shutdown,40.07214305086364,506.158197073795,0.1298117937697948,108.50138860923988,1,temperature,1.74434975645985,False,0.1389950407216862,False,1.225183753422735,False,1.6611935638280575,False,0,NORMAL,0,29.45151282995028,2.741617141402941,21.73242261571513,28.26839300877415,26.335453579103902,NORMAL,Pressure,0,Telemetry remains within the expected prototype operating envelope.
119.8,shutdown,41.29529405733506,508.2366143271892,0.1185065075746307,103.3345232420586,1,temperature,1.6917033807484425,False,0.1229468240201001,False,1.6831945979522196,False,1.7059709503502536,False,0,NORMAL,0,28.70476393442666,2.428950915454864,28.58333350559976,28.907915896671412,26.544829704899776,NORMAL,Thrust,0,Telemetry remains within the expected prototype operating envelope.
119.9,shutdown,40.54873392609826,505.85634300582257,0.1069676538800015,96.79732716324592,1,temperature,1.723836522897125,False,0.141325765934425,False,2.150667958143662,False,1.7626239758871018,False,0,NORMAL,0,29.161482772364277,2.7869430893649794,34.957780204168344,29.70888592118054,31.176377681578764,NORMAL,Vibration,0,Telemetry remains within the expected prototype operating envelope.
