time_s,phase,pressure_kpa,temperature_k,vibration_g,thrust_n,anomaly,scenario,pressure_kpa_z,pressure_kpa_alert,temperature_k_z,temperature_k_alert,vibration_g_z,vibration_g_alert,thrust_n_z,thrust_n_alert,active_sensors,status,ai_anomaly,pressure_risk,temperature_risk,vibration_risk,thrust_risk,overall_risk,risk_level,primary_risk_sensor,elevated_sensor_count,risk_explanation
0.0,startup,42.15724257857692,302.5715570392859,0.1538585122852102,96.09916309672772,0,normal,1.341510385127591,False,1.5722025093845713,False,0.4932197188229805,False,1.7590412509152336,False,0,NORMAL,0,23.532324506884105,26.980269597835527,9.393473921753525,29.658501125907776,27.114925532673386,NORMAL,Thrust,0,Telemetry remains within the expected prototype operating envelope.
0.1,startup,38.95287436204296,300.9599222553624,0.1543279173150535,108.0460327432864,0,normal,1.8816732026966136,False,1.6278983207288438,False,0.4564834896790958,False,1.5531294168939214,False,0,NORMAL,0,31.362739349267887,27.78913481942261,8.725313938857681,26.701195240820795,28.66138912000641,NORMAL,Pressure,0,Telemetry remains within the expected prototype operating envelope.
0.2,startup,40.20247723555246,303.9706886944643,0.1654199461713934,105.39326377585397,0,normal,1.6710266841366006,False,1.5238505046438278,False,0.4115926659452081,False,1.5988515633204692,False,0,NORMAL,0,28.409323489009385,26.270714214791578,7.9021450265902455,27.368415653258804,26.336737626425474,NORMAL,Pressure,0,Telemetry remains within the expected prototype operating envelope.
0.3,startup,41.97808778434076,309.3440035168395,0.1569478483769152,99.71141385557492,0,normal,1.3717106467380618,False,1.3381563687107314,False,0.2514443833408829,False,1.69678183060647,False,0,NORMAL,0,23.992801216168857,23.48101253089463,4.9045323800009815,28.777141028155395,25.806246794382744,NORMAL,Thrust,0,Telemetry remains within the expected prototype operating envelope.
0.4,startup,41.580232928657615,305.05415768623425,0.1569787849261391,111.97291281904052,0,normal,1.438777346101901,False,1.486407353648984,False,0.2490232500147454,False,1.4854471618512213,False,0,NORMAL,0,25.00550455563417,25.716510334713462,4.858473468260449,25.702243685388183,23.827970771413426,NORMAL,Temperature,0,Telemetry remains within the expected prototype operating envelope.
0.5,startup,40.32325374094567,302.49778620934865,0.1367133263099982,107.96774364919662,0,normal,1.650667295626655,False,1.5747519245919626,False,1.8350235782962487,False,1.5544787788125507,False,0,NORMAL,0,28.117220709850532,27.01749162981305,30.71936220021161,26.720973895009102,29.81790216818992,NORMAL,Vibration,0,Telemetry remains within the expected prototype operating envelope.
0.6,startup,42.57308099058253,302.836233498293,0.1396300244144728,120.92305266071764,0,normal,1.271412183827447,False,1.5630556665172055,False,1.6067591092400002,False,1.3311858562482246,False,0,NORMAL,0,22.45272509013514,26.846567339726946,27.48319238679272,23.374262827015336,26.627790470236405,NORMAL,Vibration,0,Telemetry remains within the expected prototype operating envelope.
0.7,startup,40.86123640475181,304.7595099294041,0.1556463685436137,104.8824993686395,0,normal,1.5599791437515431,False,1.4965899620421057,False,0.353299835120489,False,1.6076549100509354,False,0,NORMAL,0,26.80154184875957,25.86763633386203,6.822132625824306,27.49618334604006,25.48392491344356,NORMAL,Thrust,0,Telemetry remains within the expected prototype operating envelope.
0.8,startup,41.31302578537875,310.77371815573184,0.17505420613753,118.50491462875284,0,normal,1.4838206599892805,False,1.2887474594477797,False,1.165581991253243,False,1.3728639905050912,False,0,NORMAL,0,25.678070666058506,22.72112022774727,20.79386263998302,24.01033168001935,24.846042139146242,NORMAL,Pressure,0,Telemetry remains within the expected prototype operating envelope.
0.9,startup,41.78360715167913,310.21317237552626,0.1406778711661891,124.1659366009641,0,normal,1.4044943967325434,False,1.3081191262395289,False,1.5247533020342805,False,1.2752927060415715,False,0,NORMAL,0,24.489531170074542,23.01994512212504,26.284025534374322,22.512886525923058,25.511425578186792,NORMAL,Vibration,0,Telemetry remains within the expected prototype operating envelope.
1.0,startup,40.20564629671168,311.80421050648965,0.1422559889637239,129.28059851473043,0,normal,1.6704924730568689,False,1.2531351059964608,False,1.4012478145757534,False,1.1871382818099534,False,0,NORMAL,0,28.401674173862233,22.16873884666607,24.44048506042448,21.134605698725608,26.87381979373231,NORMAL,Pressure,0,Telemetry remains within the expected prototype operating envelope.
1.1,startup,41.744618098364015,308.0710846671675,0.1620231578826044,124.04933042192786,0,normal,1.411066811470766,False,1.3821466379796197,False,0.1457557340915524,False,1.2773024870883152,False,0,NORMAL,0,24.58872318633063,24.151277864705676,2.873035094563303,22.54402669341735,22.471413069528893,NORMAL,Pressure,0,Telemetry remains within the expected prototype operating envelope.
1.2,startup,43.1247670654138,311.3069823248316,0.162108980510342,119.00353360179254,0,normal,1.178414037404441,False,1.2703186064253005,False,0.1524723210854139,False,1.3642699779935374,False,0,NORMAL,0,20.996877381113677,22.43576244571841,3.0034198427537073,23.879608136166908,21.674366221511853,NORMAL,Thrust,0,Telemetry remains within the expected prototype operating envelope.
1.3,startup,42.29634483251257,315.12930314909744,0.1499406856318695,125.97589256490194,0,normal,1.3180618110753384,False,1.13822462232344,False,0.7998337696591825,False,1.2440969733468898,False,0,NORMAL,0,23.172870707501446,20.35930057237394,14.78278801323527,22.027921760141368,22.092368052035493,NORMAL,Pressure,0,Telemetry remains within the expected prototype operating envelope.
1.4,startup,43.59033516268433,312.8400377022215,0.1431011117505083,129.40151110237477,0,normal,1.0999328647681952,False,1.2173383878725823,False,1.3351074403228531,False,1.185054277094519,False,0,NORMAL,0,19.747042650807412,21.609518667229565,23.43433811902572,21.10172767668459,22.747924649819605,NORMAL,Vibration,0,Telemetry remains within the expected prototype operating envelope.
1.5,startup,42.24497370533246,314.7871277905068,0.1508274432268692,129.29687811539583,0,normal,1.3267214815389643,False,1.150049717195323,False,0.730435002850348,False,1.1868576926238887,False,0,NORMAL,0,23.305815073297943,20.547429785384885,13.591747575781154,21.13017981918224,22.024107369837708,NORMAL,Pressure,0,Telemetry remains within the expected prototype operating envelope.
1.6,startup,43.313710374487215,316.8169656514589,0.1637959463184885,135.4043492317659,0,normal,1.1465637183108677,False,1.0799014009075465,False,0.2844963910163576,False,1.0815915755564605,False,0,NORMAL,0,20.49201615621754,19.42488090159512,5.531078463007322,19.452113503277168,18.9985682911499,NORMAL,Pressure,0,Telemetry remains within the expected prototype operating envelope.
1.7,startup,43.55382179847709,319.9685765810293,0.1552142806710771,129.8007857301253,0,normal,1.106087950687267,False,0.9709861990796386,False,0.3871155765093211,False,1.1781725270369234,False,0,NORMAL,0,19.845774637501854,17.650453784429565,7.450182169065722,20.99306127431574,19.415193616520106,NORMAL,Thrust,0,Telemetry remains within the expected prototype operating envelope.
1.8,startup,44.15318607183179,319.4110761741731,0.1568520311892422,136.380727896818,0,normal,1.0050526536277802,False,0.990252622089588,False,0.2589431571896686,False,1.064763073399155,False,0,NORMAL,0,18.20961816121346,17.96715945244076,5.0470453671677795,19.180556713888453,17.752745087314658,NORMAL,Thrust,0,Telemetry remains within the expected prototype operating envelope.
1.9,startup,43.18393942751282,318.4965308997863,0.1497172691491016,133.9203319726968,0,normal,1.1684393067637178,False,1.0218580091016751,False,0.8173186251329758,False,1.1071695490821214,False,0,NORMAL,0,20.83911309422981,18.484059981848024,15.080269694754389,19.863111698559077,20.043747027321118,NORMAL,Pressure,0,Telemetry remains within the expected prototype operating envelope.
2.0,startup,44.01768480159805,320.5220453568057,0.1517727170435428,142.0092487107224,0,normal,1.0278942070847072,False,0.951859103519228,False,0.6564566827956425,False,0.9677519668996356,False,0,NORMAL,0,18.582409874505345,17.33482894271432,12.30377539927665,17.597169042288897,17.83765745357218,NORMAL,Pressure,0,Telemetry remains within the expected prototype operating envelope.
2.1,startup,45.47104046621924,325.44765191648673,0.1598877318416625,145.17451215262392,0,normal,0.7829009236408836,False,0.7816371298806073,False,0.0213653987732748,False,0.9131966549422228,False,0,NORMAL,0,14.493704803639318,14.472089607572702,0.42639631393242006,16.69314364246819,14.88301012477043,NORMAL,Thrust,0,Telemetry remains within the expected prototype operating envelope.
2.2,startup,45.13830879895434,327.1353693161012,0.1529794781952489,147.9591341309161,0,normal,0.8389897569893352,False,0.7233120112935432,False,0.5620140343949377,False,0.8652019387052909,False,0,NORMAL,0,15.447534549836405,13.468562801712814,10.631579715556871,15.88963561175496,15.179028007041065,NORMAL,Thrust,0,Telemetry remains within the expected prototype operating envelope.
2.3,startup,44.79284092476498,324.1035636140604,0.1672401122008723,143.44934670788788,0,normal,0.8972255425457009,False,0.8280869144526023,False,0.554041153046363,False,0.9429309695556009,False,0,NORMAL,0,16.426617564030277,15.26296094189431,10.4889612755387,17.187087932551705,16.36609958113492,NORMAL,Thrust,0,Telemetry remains within the expected prototype operating envelope.
2.4,startup,43.92466686035942,325.5219436722411,0.1565367336974076,143.7856562609117,0,normal,1.0435743130615025,False,0.779069712216131,False,0.2836187362144511,False,0.9371344622770628,False,0,NORMAL,0,18.83733722510028,14.428161156680375,5.514494787052049,17.091027132086268,17.132983472645595,NORMAL,Pressure,0,Telemetry remains within the expected prototype operating envelope.
2.5,startup,46.3150327817692,325.20164059356546,0.1475919602923937,142.28858122508177,0,normal,0.6406284891491979,False,0.7901389321292667,False,0.9836479744107484,False,0.9629374948215804,False,0,NORMAL,0,12.025720956516562,14.617394313555533,17.858728251236798,17.5177856037278,17.03489091174463,NORMAL,Vibration,0,Telemetry remains within the expected prototype operating envelope.
2.6,startup,47.11094805786416,323.61949533094094,0.1534511374806906,155.01081449055798,0,normal,0.5064604382169263,False,0.8448156274608521,False,0.5251013843672808,False,0.7436617797562746,False,0,NORMAL,0,9.633095622763378,15.545995518963684,9.969373299506469,13.820026039356792,14.389640004378048,NORMAL,Temperature,0,Telemetry remains within the expected prototype operating envelope.
2.7,startup,44.760829776301065,333.490591277907,0.1599747488720346,154.6060682064711,0,normal,0.9026216864902916,False,0.5036845578738492,False,0.0145553363241409,False,0.7506378372621542,False,0,NORMAL,0,16.516763711434013,9.582912151015964,0.29068342170764927,13.940181489573323,14.264818730133566,NORMAL,Pressure,0,Telemetry remains within the expected prototype operating envelope.
2.8,startup,46.709146405005136,328.4367789136892,0.1657819499306816,153.89352024005427,0,normal,0.5741924522196683,False,0.6783371422029005,False,0.4399235363165757,False,0.7629190509134061,False,0,NORMAL,0,10.848988031655471,12.68670366006399,8.422511867963633,14.151305900611277,13.232930913173089,NORMAL,Thrust,0,Telemetry remains within the expected prototype operating envelope.
2.9,startup,46.40257316522263,331.8224325262792,0.1664674674810331,155.27465987574124,0,normal,0.6258717393058778,False,0.5613337573387388,False,0.4935730036439165,False,0.7391142381183029,False,0,NORMAL,0,11.765694545093663,10.619419831192944,9.399875677654778,13.741608980289188,12.915623252683147,NORMAL,Thrust,0,Telemetry remains within the expected prototype operating envelope.
3.0,startup,45.98142838453341,327.53535659559776,0.1409770812652157,161.92080266877207,0,normal,0.6968644392608287,False,0.709489018465904,False,1.5013367426427575,False,0.6245637749285828,False,0,NORMAL,0,13.009640850911342,13.229007129504577,25.93798095067863,11.742610060178826,22.45262102967753,NORMAL,Vibration,0,Telemetry remains within the expected prototype operating envelope.
3.1,startup,46.60838536043184,331.9136345659457,0.1523298470953048,165.5229981704558,0,normal,0.5911778190876438,False,0.5581819442566761,False,0.6128549828920314,False,0.5624776633195328,False,0,NORMAL,0,11.15132673650846,10.5630598930885,11.535690391902975,10.639866088288574,11.338568776843427,NORMAL,Vibration,0,Telemetry remains within the expected prototype operating envelope.
3.2,startup,47.36189431285321,331.7379750255224,0.1621796372894162,167.91225344057818,0,normal,0.4641582347891622,False,0.5642524887260745,False,0.1580020096520341,False,0.5212973416812448,False,0,NORMAL,0,8.865308459249333,10.671580186456552,3.1106327225018715,9.900851167296254,9.78450971805336,NORMAL,Temperature,0,Telemetry remains within the expected prototype operating envelope.
3.3,startup,45.35949782176067,334.70357980780415,0.1517430272068139,162.69446339823602,0,normal,0.801703753103165,False,0.46176539541978,False,0.6587802468309102,False,0.6112292442584439,False,0,NORMAL,0,14.81465300927386,8.821683885855213,12.344519490095184,11.506921745961806,13.78470504250679,NORMAL,Pressure,0,Telemetry remains within the expected prototype operating envelope.
3.4,startup,47.66286962626332,333.9097428394792,0.1509921973391553,171.7083729020569,0,normal,0.4134225944618535,False,0.4891992746503464,False,0.7175411384122945,False,0.4558688283047519,False,0,NORMAL,0,7.9358453575219645,9.320588926720418,13.368632759588417,8.71409264434675,12.131787766448006,NORMAL,Vibration,0,Telemetry remains within the expected prototype operating envelope.
3.5,startup,48.78777735342927,336.47327972632485,0.1565944720770343,163.6124683808293,0,normal,0.2237960327340699,False,0.400607077306324,False,0.2791000578673701,False,0.5954068493383707,False,0,NORMAL,0,4.3772292514709825,7.699572740647853,5.429066269163285,11.22644371022854,9.811265709155734,NORMAL,Thrust,0,Telemetry remains within the expected prototype operating envelope.
3.6,startup,45.64385139188128,335.0250257378288,0.1634840433063771,176.11691207161596,0,normal,0.7537700528406219,False,0.4506566801856422,False,0.2600864682521785,False,0.3798848749668012,False,0,NORMAL,0,13.99407618767322,8.61888389469283,5.06875503767249,7.316245324562976,12.158471060890225,NORMAL,Pressure,0,Telemetry remains within the expected prototype operating envelope.
3.7,startup,47.47598625166261,335.7301847096824,0.151640453831097,183.3844428835628,0,normal,0.4449256688152492,False,0.4262873866857415,False,0.6668077684696443,False,0.2546243973214767,False,0,NORMAL,0,8.514082601338524,8.172418125208857,12.485137831521364,4.964994134345046,11.102294951075093,NORMAL,Vibration,0,Telemetry remains within the expected prototype operating envelope.
3.8,startup,46.91241521013025,343.3102363683395,0.1468324405033906,184.7486476899226,0,normal,0.5399272732262771,False,0.164331556883766,False,1.0430889501869287,False,0.2311114669917187,False,0,NORMAL,0,10.235934716279171,3.233208286637501,18.829458174024083,4.517031373797876,15.460515661305283,NORMAL,Vibration,0,Telemetry remains within the expected prototype operating envelope.
3.9,startup,48.81426675328433,340.18240044416507,0.1617021259359794,173.03366700019492,0,normal,0.2193306942041246,False,0.2724251282601251,False,0.1206313694087532,False,0.433026548574695,False,0,NORMAL,0,4.291793498680818,5.30273109497762,2.3837561845203803,8.29610294130968,7.166475487306536,NORMAL,Thrust,0,Telemetry remains within the expected prototype operating envelope.
4.0,startup,48.56262128092055,339.5550881592904,0.1535687448438858,185.36101839414368,0,normal,0.2617507652431312,False,0.294104150716607,False,0.5158972839238135,False,0.2205568716426844,False,0,NORMAL,0,5.100348536351951,5.712431107396688,9.803490479907994,4.315261669648418,8.55377784385439,NORMAL,Vibration,0,Telemetry remains within the expected prototype operating envelope.
4.1,startup,48.27433556349539,340.7845000131188,0.1673738085860563,175.02254010911028,0,normal,0.3103473106044879,False,0.2516174214909295,False,0.5645044006248318,False,0.398747066031718,False,0,NORMAL,0,6.0182397200214455,4.907823351813246,10.67608065145318,7.665230386256583,9.500347658029707,NORMAL,Vibration,0,Telemetry remains within the expected prototype operating envelope.
4.2,startup,49.01811127720556,336.6839757732278,0.1565820469451959,183.7193257667953,0,normal,0.1849684658499779,False,0.3933257208871461,False,0.2800724643422458,False,0.248852479596685,False,0,NORMAL,0,3.631778689021592,7.565060359457265,5.447456758461211,4.855223941116316,6.798497211602156,NORMAL,Temperature,0,Telemetry remains within the expected prototype operating envelope.
4.3,startup,49.75333947072985,342.28772955864355,0.1519058316741687,182.76416758926075,0,normal,0.0610304831546448,False,0.1996679413668662,False,0.6460389640619741,False,0.2653152332664921,False,0,NORMAL,0,1.213190440606926,3.9146751043261707,12.12086599519494,5.167977781873489,9.840024962551844,NORMAL,Vibration,0,Telemetry remains within the expected prototype operating envelope.
4.4,startup,47.32595881842116,345.75549850690646,0.1678701978952776,188.69084603286305,0,normal,0.4702159087552801,False,0.0798267670173136,False,0.6033524534763656,False,0.1631651919518407,False,0,NORMAL,0,8.975654451418935,1.583858269184213,11.367403586667002,3.210632575102168,9.588347858541129,NORMAL,Vibration,0,Telemetry remains within the expected prototype operating envelope.
4.5,startup,49.69824880816866,345.2828756241829,0.1767466040917444,187.8392284155721,0,normal,0.0703171585614386,False,0.0961599432280395,False,1.2980311877806343,False,0.1778433587561256,False,0,NORMAL,0,1.3965003609073157,1.9048233827666294,22.864474325647343,3.4943540162690967,17.457171619159933,NORMAL,Vibration,0,Telemetry remains within the expected prototype operating envelope.
4.6,startup,50.19399623189723,350.8792686319801,0.1534615399571742,191.8046876312756,0,normal,0.0132513663733963,False,0.0972434582621314,False,0.5242872734492687,False,0.1094961679020406,False,0,NORMAL,0,0.2646764400973223,1.9260785993761131,9.95471312280739,2.1661186216173522,7.722827373415894,NORMAL,Vibration,0,Telemetry remains within the expected prototype operating envelope.
4.7,startup,48.31902731343167,349.67961463385325,0.1651542870809725,194.26228758475816,0,normal,0.3028135879058582,False,0.055785118305349,False,0.3908018507655819,False,0.0671378825366311,False,0,NORMAL,0,5.876526479871069,1.1095014897913646,7.518389824941996,1.333782874927547,6.272795944796345,NORMAL,Vibration,0,Telemetry remains within the expected prototype operating envelope.
4.8,startup,49.09007616719044,341.84433136749425,0.1516164579051982,199.46162313702231,0,normal,0.1728372889335114,False,0.2149911537044174,False,0.6686857198683166,False,0.022475945263634,False,0,NORMAL,0,3.3976828296593875,4.208691513801033,12.518001391081057,0.44851008122603897,9.936828413082345,NORMAL,Vibration,0,Telemetry remains within the expected prototype operating envelope.
4.9,startup,50.367836344289806,347.4730402198166,0.1572759598915113,191.2408889611901,0,normal,0.0425557279732812,False,0.0204709624812015,False,0.2257659627475342,False,0.1192135936052266,False,0,NORMAL,0,0.8475028334045009,0.40858227165346817,4.414895864138302,2.3560726701016277,3.5720495051284624,NORMAL,Vibration,0,Telemetry remains within the expected prototype operating envelope.
5.0,startup,49.47484512875364,348.2380233480226,0.1715695530258484,202.0852716610921,0,normal,0.107976488817382,False,0.0059657689762741,False,0.8928686476394765,False,0.0676961824806806,False,0,NORMAL,0,2.136378881699885,0.11924422702795923,16.353761737275953,1.3447993285676474,12.375936244504372,NORMAL,Vibration,0,Telemetry remains within the expected prototype operating envelope.
5.1,startup,53.03306006540888,350.12181408643045,0.1522607993761987,205.73171441150487,0,normal,0.4918345428183168,False,0.071066903938768,False,0.6182587443979338,False,0.1305449233311756,False,0,NORMAL,0,9.36836924731692,1.4112847560350028,11.631246752404989,2.5771092189593836,9.746761261850919,NORMAL,Vibration,0,Telemetry remains within the expected prototype operating envelope.
5.2,startup,49.73868794299662,351.964572377068,0.1528303158986516,206.85971602554005,0,normal,0.0635003024660571,False,0.1347500157282668,False,0.5736876636895708,False,0.1499867426525985,False,0,NORMAL,0,1.2619755045781722,2.659009225887532,10.839987095648551,2.95518933413661,8.59615571369351,NORMAL,Vibration,0,Telemetry remains within the expected prototype operating envelope.
5.3,startup,49.93705026726858,356.6474206205683,0.1754439007737627,203.8989077847401,0,normal,0.0300622127279867,False,0.2965826064154096,False,1.1960799845482155,False,0.0989553450492815,False,0,NORMAL,0,0.5994403982961916,5.759157038114637,21.275517844154525,1.9596511418509155,16.418541160661867,NORMAL,Vibration,0,Telemetry remains within the expected prototype operating envelope.
5.4,startup,51.64108372753884,352.81234610792023,0.1529183568023739,206.94110690963004,0,normal,0.2571880197459507,False,0.1640478729395799,False,0.5667974716218444,False,0.1513895658783807,False,0,NORMAL,0,5.013708419203988,3.2277178938574513,10.717036477033282,2.9824128578476383,8.88590032926659,NORMAL,Vibration,0,Telemetry remains within the expected prototype operating envelope.
5.5,startup,50.77078295956377,353.281947942254,0.1586826398316433,210.7227389276556,0,normal,0.1104807491719109,False,0.180276646004595,False,0.1156774180422385,False,0.2165683790287912,False,0,NORMAL,0,2.1853818063707897,3.541307781698033,2.286991030560881,4.238903643936709,3.827388491533422,NORMAL,Thrust,0,Telemetry remains within the expected prototype operating envelope.
5.6,startup,52.02879543161728,357.586957065914,0.1558416362444097,206.6086122791363,0,normal,0.3225448802337344,False,0.3290516528352513,False,0.3380179387947591,False,0.145658811195967,False,0,NORMAL,0,6.247230106817048,6.369156345870264,6.536910071894209,2.8711523109792636,6.176130819842804,NORMAL,Vibration,0,Telemetry remains within the expected prototype operating envelope.
5.7,startup,50.72306777933981,358.3922314350407,0.1518776315192985,205.50066770848352,0,normal,0.1024373645016975,False,0.3568807924087157,False,0.6482459437177966,False,0.1265626876685134,False,0,NORMAL,0,2.0279030540130916,6.888841927311928,12.159646927876333,2.4994861297135906,9.966659831524675,NORMAL,Vibration,0,Telemetry remains within the expected prototype operating envelope.
5.8,startup,52.60967224011725,357.31522780587466,0.1542260440324135,207.305548668908,0,normal,0.4204637311076312,False,0.3196610751716025,False,0.4644562211514279,False,0.157670949476509,False,0,NORMAL,0,8.065401372554327,6.1931415677548,8.870739676446536,3.104217267926579,8.061412029599945,NORMAL,Vibration,0,Telemetry remains within the expected prototype operating envelope.
5.9,startup,51.64769932697397,360.76614996451286,0.1566690247553582,213.2800211822408,0,normal,0.2583032164366271,False,0.4389200483760482,False,0.2732654713161534,False,0.2606447517297753,False,0,NORMAL,0,5.034891736365754,8.404130642498664,5.318645396062749,5.079354155044302,7.548424336496636,NORMAL,Temperature,0,Telemetry remains within the expected prototype operating envelope.
6.0,startup,53.25817298819673,359.6326506929745,0.1631519915576414,211.0875864755056,0,normal,0.529782001545707,False,0.3997479219015996,False,0.2340996799698825,False,0.2228567566489161,False,0,NORMAL,0,10.053613643258375,7.683711295754614,4.574079014258392,4.359264327769452,8.868532342709017,NORMAL,Pressure,0,Telemetry remains within the expected prototype operating envelope.
6.1,startup,53.05285450512942,362.96367687020177,0.1466700094912774,219.11098307830343,0,normal,0.4951713067633822,False,0.5148634601118321,False,1.0558010058780558,False,0.3611450579729675,False,0,NORMAL,0,9.428832341521264,9.78483909188964,19.03556494855828,6.9682182153469,16.32964449382804,NORMAL,Vibration,0,Telemetry remains within the expected prototype operating envelope.
6.2,startup,51.875808432208586,369.8448591632194,0.1695608118260708,227.1002178820057,0,normal,0.296755743946077,False,0.7526673562801924,False,0.7356620300827248,False,0.4988445591415515,False,0,NORMAL,0,5.762420306982563,13.975106408686223,13.68203203333157,9.495346057762122,12.83887333623776,NORMAL,Temperature,0,Telemetry remains within the expected prototype operating envelope.
6.3,startup,51.30525486671496,363.18401954494885,0.1609678643210168,227.68470830510816,0,normal,0.2005770900944768,False,0.5224781903014659,False,0.0631671301614036,False,0.508918620259611,False,0,NORMAL,0,3.932144686207417,9.922127345919185,1.255395930331804,9.677512363743846,8.618261053390167,NORMAL,Temperature,0,Telemetry remains within the expected prototype operating envelope.
6.4,startup,52.74891880709332,365.1991175839309,0.1764714916667694,235.1061512065136,0,normal,0.4439366321202263,False,0.5921171192566542,False,1.2765005427264366,False,0.6368318698490574,False,0,NORMAL,0,8.495984225524733,11.168016283572491,22.531602620885096,11.958894619164717,19.38406025662568,NORMAL,Vibration,0,Telemetry remains within the expected prototype operating envelope.
6.5,startup,53.8863898794237,365.792091605302,0.1477176770215344,229.64678870867985,0,normal,0.6356810066159367,False,0.612609460049857,False,0.9738092247695808,False,0.5427363136260989,False,0,NORMAL,0,11.938627632564003,11.531346283500865,17.69693563815239,10.286350730058002,16.005168439673138,NORMAL,Vibration,0,Telemetry remains within the expected prototype operating envelope.
6.6,startup,54.84930118964761,371.9802907209669,0.1633189807807709,230.41484240136884,0,normal,0.7979997076053722,False,0.8264648408997335,False,0.2471684669990548,False,0.5559742034807009,False,0,NORMAL,0,14.751523548521694,15.23546654034037,4.8231735437956225,10.523560457368264,13.869754109098512,NORMAL,Temperature,0,Telemetry remains within the expected prototype operating envelope.
6.7,startup,54.76539012839372,368.7023198826632,0.1611234472233337,229.97831140050783,0,normal,0.7838547553997431,False,0.7131828199211779,False,0.0753432441504066,False,0.5484503163325439,False,0,NORMAL,0,14.51001497186235,13.293086420920353,1.4955684857893559,10.388816976612015,12.904164831539134,NORMAL,Pressure,0,Telemetry remains within the expected prototype operating envelope.
6.8,startup,52.931729092995056,372.66546856740905,0.168347316601224,231.44053526478925,0,normal,0.4747531027754285,False,0.8501436150571234,False,0.6406923646322648,False,0.5736526669525362,False,0,NORMAL,0,9.058216009235077,15.635941564976886,12.026844829252026,10.839363031559412,14.324893992799524,NORMAL,Temperature,0,Telemetry remains within the expected prototype operating envelope.
6.9,startup,53.57448267876117,372.20367569260856,0.1586919091726257,232.80335691720933,0,normal,0.5831025696371245,False,0.8341847085532547,False,0.1149519877364395,False,0.5971417577516986,False,0,NORMAL,0,11.007715758287162,15.366239755174771,2.272813206487978,11.257241164780885,13.479656705777547,NORMAL,Temperature,0,Telemetry remains within the expected prototype operating envelope.
7.0,startup,53.41978168115831,370.6074937153427,0.1540149767970733,240.38655449734932,0,normal,0.5570245033541282,False,0.7790229242807029,False,0.4809746089599528,False,0.7278429512582665,False,0,NORMAL,0,10.542353902049173,14.427360406999778,9.171304610806585,13.546941033044547,13.550480760428613,NORMAL,Temperature,0,Telemetry remains within the expected prototype operating envelope.
7.1,startup,55.0940791533371,370.4941963828297,0.1578908136903517,237.5319416203806,0,normal,0.8392621174192912,False,0.775107529229419,False,0.177646729658512,False,0.6786418977348603,False,0,NORMAL,0,15.452140173565066,14.360324025116078,3.490558778027275,12.692025339895851,14.068457840520168,NORMAL,Pressure,0,Telemetry remains within the expected prototype operating envelope.
7.2,startup,54.88689968186633,374.9290218815422,0.1544678892867619,235.42690164614964,0,normal,0.8043377143888681,False,0.9283688057822506,False,0.4455291067912142,False,0.6423602059942186,False,0,NORMAL,0,14.859516172669363,16.945549333205566,8.525123150461333,12.05618498889387,15.598414760541255,NORMAL,Temperature,0,Telemetry remains within the expected prototype operating envelope.
7.3,startup,53.54712756643341,377.6308655054759,0.149646275782093,247.5163072732037,0,normal,0.5784912972890721,False,1.0217406877132142,False,0.8228746554954857,False,0.8507287375460241,False,0,NORMAL,0,10.925604368406239,18.48214724675471,15.174580605611954,15.645813648896834,17.283358473986663,NORMAL,Temperature,0,Telemetry remains within the expected prototype operating envelope.
7.4,startup,54.49095227519052,374.28127731583504,0.1699459271536346,245.93729729234985,0,normal,0.7375925551728981,False,0.905983672692062,False,0.7658016409107742,False,0.8235135045423537,False,0,NORMAL,0,13.715353400722519,16.572878741220464,14.200784953838031,15.185418040914744,15.99388425625418,NORMAL,Temperature,0,Telemetry remains within the expected prototype operating envelope.
7.5,startup,54.1607654232493,380.7986725010958,0.1730932821704387,241.04491572889324,0,normal,0.681932703303023,False,1.1312156026027944,False,1.0121176105821432,False,0.7391902223549075,False,0,NORMAL,0,12.749469148013182,20.247581640077616,18.32510565597526,13.742919825927281,18.85412223967487,NORMAL,Temperature,0,Telemetry remains within the expected prototype operating envelope.
7.6,startup,54.167915337746784,381.1583150495223,0.1563434919940972,250.44833705561288,0,normal,0.6831379698951736,False,1.1436443387707818,False,0.2987420754239499,False,0.9012641202665422,False,0,NORMAL,0,12.770498643293205,20.44557980474192,5.799850285844332,16.49409382961976,18.146753847388432,NORMAL,Temperature,0,Telemetry remains within the expected prototype operating envelope.
7.7,startup,54.89376630167521,379.5481933251452,0.1842547036292097,253.760253326096,0,normal,0.8054952257772282,False,1.0880008166175146,False,1.8856245187159584,False,0.9583470862279768,False,0,NORMAL,0,14.879224107293588,19.555297520327684,31.416959423887814,17.442025418871975,27.709205441685423,NORMAL,Vibration,0,Telemetry remains within the expected prototype operating envelope.
7.8,startup,55.68782096044273,378.1476023911842,0.1648753311342075,251.5978353001205,0,normal,0.9393496310139704,False,1.039598381272651,False,0.3689704068527862,False,0.9210764475734722,False,0,NORMAL,0,17.127750469587898,18.772772115656423,7.113705566597083,16.8243283950239,17.438175573027387,NORMAL,Temperature,0,Telemetry remains within the expected prototype operating envelope.
7.9,startup,56.80617435399304,376.05711081965865,0.1668021682515255,258.2166842304391,0,normal,1.1278713236774438,False,0.967353958810492,False,0.5197671077069846,False,1.0351564838233434,False,0,NORMAL,0,20.19422093036387,17.59060938255469,9.873272391594412,18.70057944989185,18.932628293246935,NORMAL,Pressure,0,Telemetry remains within the expected prototype operating envelope.
8.0,startup,58.05990256063959,383.49743348497327,0.1719448937746867,257.57796287996706,0,normal,1.339213252820805,False,1.2244809528674487,False,0.922243287619291,False,1.024147718465118,False,0,NORMAL,0,23.497185161969735,21.72142054313766,16.843736671193742,18.521380997993674,22.324246150531124,NORMAL,Pressure,0,Telemetry remains within the expected prototype operating envelope.
8.1,startup,55.2838344554822,378.0084659687517,0.1665212556783807,271.2935828076535,0,normal,0.8712493148101793,False,1.034790023937466,False,0.4977825357481142,False,1.2605450792467925,False,0,NORMAL,0,15.991303518509381,18.69462063625257,9.476120404084687,22.283998930793647,20.298628110359395,NORMAL,Thrust,0,Telemetry remains within the expected prototype operating envelope.
8.2,startup,56.12231653779573,382.6351869068839,0.1807981546399905,267.1727043597761,0,normal,1.0125928850424175,False,1.1946829345914984,False,1.6151106391407666,False,1.1895191398932352,False,0,NORMAL,0,18.33286888526843,21.253518363982682,27.604216542387938,21.17215022150083,25.6744817287019,NORMAL,Vibration,0,Telemetry remains within the expected prototype operating envelope.
8.3,startup,57.48435563990194,380.9710354111478,0.1608198749865065,261.7739537806237,0,normal,1.2421928652309226,False,1.1371722202042316,False,0.0515852983577753,False,1.0964682683206042,False,0,NORMAL,0,21.998222652069956,20.342535999958113,1.0264021367914156,19.691414557955746,19.816470066688304,NORMAL,Pressure,0,Telemetry remains within the expected prototype operating envelope.
8.4,startup,56.76689498080325,382.59643182508336,0.1791592111117824,265.85470379395616,0,normal,1.1212499694944051,False,1.193343613955007,False,1.4868448533518108,False,1.166802568793183,False,0,NORMAL,0,20.088466456221298,21.232422181072273,25.72300985128635,20.813195726591292,24.407452147163607,NORMAL,Vibration,0,Telemetry remains within the expected prototype operating envelope.
8.5,startup,56.62076886321236,385.68755991279977,0.1579993234657477,264.2932138250967,0,normal,1.0966173773375354,False,1.3001686145890274,False,0.1691546179002959,False,1.139889304247239,False,0,NORMAL,0,19.69380946909056,22.897441586725698,3.326505709648331,20.38581144545911,20.684899249827527,NORMAL,Temperature,0,Telemetry remains within the expected prototype operating envelope.
8.6,startup,57.232730372528415,390.411717805904,0.1570607232046205,278.6241734879684,0,normal,1.19977620016268,False,1.4634288081512072,False,0.2426106570884333,False,1.3868924334993753,False,0,NORMAL,0,21.33369287079806,25.37433936843646,4.736374411834965,24.22323621447976,23.114239340219257,NORMAL,Temperature,0,Telemetry remains within the expected prototype operating envelope.
8.7,startup,57.10331422552554,382.114073535225,0.1692719398479684,275.7166119665406,0,normal,1.1779604206142185,False,1.1766739958875096,False,0.7130545450620389,False,1.3367787766905852,False,0,NORMAL,0,20.989709627397257,20.96937885386848,13.290861928960684,23.459927237029333,22.136066998203944,NORMAL,Thrust,0,Telemetry remains within the expected prototype operating envelope.
8.8,startup,57.51950690392091,388.0561422293728,0.1825121401347958,276.59970210602546,0,normal,1.2481183408724636,False,1.3820234586102498,False,1.7492493037977723,False,1.3519993922666365,False,0,NORMAL,0,22.090607425219577,24.149409242136166,29.52061010038817,23.69257036495278,27.89055131436327,NORMAL,Vibration,0,Telemetry remains within the expected prototype operating envelope.
8.9,startup,58.47956901309421,389.4437675195772,0.1868505940596638,273.4282920153507,0,normal,1.4099567498469627,False,1.4299778197041544,False,2.088782174946046,False,1.297338138940528,False,0,NORMAL,0,24.571979094823494,24.873405140030613,34.14773980420044,22.853781847303566,31.51013513778662,NORMAL,Vibration,0,Telemetry remains within the expected prototype operating envelope.
9.0,startup,58.636524902124734,390.2494241794406,0.1509847055366237,284.0158496185786,0,normal,1.4364149249141471,False,1.4578201707030394,False,0.7181274563190163,False,1.4798213724890696,False,0,NORMAL,0,24.970062466378728,25.29058274620356,13.37879086836804,25.61859993257768,24.462168107359197,NORMAL,Thrust,0,Telemetry remains within the expected prototype operating envelope.
9.1,startup,58.28963307209466,390.80346046142233,0.1712283773484533,280.11720065254354,0,normal,1.377939102025291,False,1.4769668784726586,False,0.8661678092030204,False,1.4126256984295626,False,0,NORMAL,0,24.087423756533354,25.576123556590304,15.905881986418214,24.612231052723764,24.51537559260694,NORMAL,Temperature,0,Telemetry remains within the expected prototype operating envelope.
9.2,startup,62.01122666744624,391.2504015925727,0.1680538697736367,282.7546075830806,0,normal,2.0052909999561623,False,1.492412529789482,False,0.6177268461260145,False,1.458083070460389,False,0,NORMAL,0,33.03889114556362,25.80567386767747,11.621845614940163,25.29451086046618,29.854359874873,NORMAL,Pressure,0,Telemetry remains within the expected prototype operating envelope.
9.3,startup,58.01117095613191,392.28314853635896,0.1842308088571981,289.8307509621992,0,normal,1.330998528726456,False,1.528102798776767,False,1.8837544837479632,False,1.5800448649804946,False,0,NORMAL,0,23.37139195134661,26.33339128075589,31.391304089731907,27.09470916506286,29.87104235092925,NORMAL,Vibration,0,Telemetry remains within the expected prototype operating envelope.
9.4,startup,58.65016095996208,391.876793350304,0.1705544781461525,282.5362331317422,0,normal,1.4387135656833163,False,1.514059740134048,False,0.813427608434681,False,1.454319249048691,False,0,NORMAL,0,25.00454791347049,26.126199555148865,15.014159156643514,25.238254065150656,24.978056271257945,NORMAL,Temperature,0,Telemetry remains within the expected prototype operating envelope.
9.5,startup,59.79948573870272,400.14757919171694,0.1757024686318981,289.16694815496834,0,normal,1.6324561285957515,False,1.7998863631923931,False,1.2163158309533464,False,1.5686038048945352,False,0,NORMAL,0,27.85492947680519,30.230781740669364,21.593485281962742,26.92769539387082,28.978111172099545,NORMAL,Temperature,0,Telemetry remains within the expected prototype operating envelope.
9.6,startup,58.81919164946824,396.0035699662868,0.166437118673582,288.3479634169625,0,normal,1.4672071991640656,False,1.656675284397857,False,0.491197867729544,False,1.5544880863483952,False,0,NORMAL,0,25.430711051419618,28.203543023278876,9.356827932214717,26.721110304314553,26.182119792363697,NORMAL,Temperature,0,Telemetry remains within the expected prototype operating envelope.
9.7,startup,59.82743872791588,394.99741748596296,0.1760716972179929,297.0101586748689,0,normal,1.637168185510731,False,1.6219040823322963,False,1.245212125374775,False,1.7037864854248426,False,0,NORMAL,0,27.92288778512192,27.702513078518077,22.04530996525359,28.876849477975753,28.092863687535306,NORMAL,Thrust,0,Telemetry remains within the expected prototype operating envelope.
9.8,startup,60.11214834835699,398.49022691294965,0.1668909678314527,297.7978961922154,0,normal,1.685161905449953,False,1.7426106200959934,False,0.5267166747305335,False,1.717363638413277,False,0,NORMAL,0,28.61142768693947,29.4269698739525,9.998453722662203,29.06971747876147,27.624355184771744,NORMAL,Temperature,0,Telemetry remains within the expected prototype operating envelope.
9.9,startup,60.69974108507951,400.1497386439259,0.1800034005972902,302.0162498055189,0,normal,1.784212865515474,False,1.799960990796635,False,1.5529121862707298,False,1.790069623726841,False,0,NORMAL,0,30.01173305807654,30.23182307481982,26.69801062263424,30.093665934026326,29.891267858969115,NORMAL,Temperature,0,Telemetry remains within the expected prototype operating envelope.
10.0,ramp,60.85476641023424,400.9297363897143,0.1763239708030021,294.1476467794855,0,normal,1.6888250698880474,False,1.6959107849782962,False,0.612194128494538,False,1.7971155162007593,False,0,NORMAL,0,28.663710148552212,28.7647322753411,11.523997213566018,30.192107059792306,28.300017424874518,NORMAL,Thrust,0,Telemetry remains within the expected prototype operating envelope.
10.1,ramp,60.09604103535687,403.9795461505869,0.161548846862799,302.54014267989976,0,normal,1.7323119442099548,False,1.6656433618400095,False,1.7144035774794617,False,1.652150195717193,False,0,NORMAL,0,29.28145831504596,28.33220284291198,29.027713454878125,28.138536544752434,29.076190131068866,NORMAL,Pressure,0,Telemetry remains within the expected prototype operating envelope.
10.2,ramp,60.3614763008889,403.4785144748777,0.1542026305663248,301.0577862851114,0,normal,1.717098336737476,False,1.6706157827198072,False,2.262423956126084,False,1.677755244845755,False,0,NORMAL,0,29.06595379434759,28.40343990517389,36.39542544258243,28.505599137448446,34.36443813713941,NORMAL,Vibration,0,Telemetry remains within the expected prototype operating envelope.
10.3,ramp,60.95516079179076,406.75530736346064,0.1792298241697932,296.6722824543017,0,normal,1.6830708958509928,False,1.6380956963302575,False,0.3954203774786967,False,1.7535069611240857,False,0,NORMAL,0,28.58156660540133,27.936257005357845,7.603776140385998,29.580599973283096,27.426332458521486,NORMAL,Thrust,0,Telemetry remains within the expected prototype operating envelope.
10.4,ramp,61.24944958478044,409.0001127191226,0.1586339085649445,308.0362125514213,0,normal,1.6662035283174417,False,1.6158174301791668,False,1.9318550552542797,False,1.5572154421254911,False,0,NORMAL,0,28.340231572656826,27.614449557303733,32.04816299176034,26.761070925270836,30.873148511256,NORMAL,Vibration,0,Telemetry remains within the expected prototype operating envelope.
10.5,ramp,60.431146761075794,409.6372897344034,0.1648746993425921,295.0444656999732,0,normal,1.7131051256937746,False,1.609493853350566,False,1.4662983132533318,False,1.781624577180127,False,0,NORMAL,0,29.009280243078273,27.52284452446667,25.417154824130794,29.97549371611179,29.277488579904073,NORMAL,Thrust,0,Telemetry remains within the expected prototype operating envelope.
10.6,ramp,61.87334924731838,412.8242251945406,0.1819443137581296,312.2081930971753,0,normal,1.6304442837836035,False,1.5778655448167298,False,0.1929221726890541,False,1.4851519577886585,False,0,NORMAL,0,27.82589469867932,27.062925444803454,3.7849537419568757,25.697856955990737,25.469349252766715,NORMAL,Pressure,0,Telemetry remains within the expected prototype operating envelope.
10.7,ramp,61.57377683915207,415.2128342232169,0.1644170872450007,313.57035721665926,0,normal,1.647614485408065,False,1.5541601186257556,False,1.5004357174454297,False,1.4616230147334153,False,0,NORMAL,0,28.07331841204451,26.716303524555208,25.924633399001028,25.34738279557591,27.52805030430689,NORMAL,Pressure,0,Telemetry remains within the expected prototype operating envelope.
10.8,ramp,63.91593010490087,419.4939919525027,0.1880751018209052,308.51111059899023,0,normal,1.5133723365584562,False,1.5116723496584978,False,0.2644284769476849,False,1.5490124297582817,False,0,NORMAL,0,26.116042634060797,26.09091801122203,5.1511577114017655,26.640816339065687,24.666437406270845,NORMAL,Thrust,0,Telemetry remains within the expected prototype operating envelope.
10.9,ramp,62.64070879117497,416.9546931639136,0.1652625597168756,314.4667242117392,0,normal,1.586462536041476,False,1.536873275924396,False,1.437364317765223,False,1.4461398819139832,False,0,NORMAL,0,27.188225571507363,26.462496278073054,24.984307691166684,25.115853222777574,26.750548863288195,NORMAL,Pressure,0,Telemetry remains within the expected prototype operating envelope.
11.0,ramp,64.70170267409917,419.0465278635885,0.1591122904530598,309.6366262239063,0,normal,1.46833523341972,False,1.5161131462918196,False,1.8961682454895763,False,1.5295711651796278,False,0,NORMAL,0,25.44753249630243,26.156531909604485,31.56143121147351,26.3550220190667,30.097975580646906,NORMAL,Vibration,0,Telemetry remains within the expected prototype operating envelope.
11.1,ramp,62.24658786547627,418.6244599106147,0.1700810396151909,312.1767820198548,0,normal,1.6090518519270336,False,1.5203019024200424,False,1.077910542950118,False,1.4856945278351064,False,0,NORMAL,0,27.51643724008921,26.218368460063544,19.392791790127216,25.70591934198243,26.533616928880946,NORMAL,Pressure,0,Telemetry remains within the expected prototype operating envelope.
11.2,ramp,64.61116323348689,422.5887617582991,0.1699091916498253,307.71562877953244,0,normal,1.4735245646394888,False,1.480958726655064,False,1.0907302290645204,False,1.5627529520373402,False,0,NORMAL,0,25.524867846911125,25.63551760741377,19.59919889119145,26.84213828499078,25.98754061541338,NORMAL,Thrust,0,Telemetry remains within the expected prototype operating envelope.
11.3,ramp,63.35459019195757,426.7493815814094,0.1781613921568127,312.7089095922577,0,normal,1.5455459253882502,False,1.439667219781667,False,0.4751243356364165,False,1.4765029780283645,False,0,NORMAL,0,26.589938718205598,25.01885049350372,9.064967874311403,25.569218182385,24.82972050281914,NORMAL,Pressure,0,Telemetry remains within the expected prototype operating envelope.
11.4,ramp,63.2511907253874,425.8370941446393,0.1689160401112473,312.1091435016195,0,normal,1.5514723379698987,False,1.4487210926581715,False,1.1648183392235152,False,1.4868628619742423,False,0,NORMAL,0,26.676898834032325,25.154501598805034,20.781764530619583,25.723277376058775,25.944422946828638,NORMAL,Pressure,0,Telemetry remains within the expected prototype operating envelope.
11.5,ramp,64.34351404091142,431.7973233902935,0.1643046536490593,314.88478388469804,0,normal,1.4888650648854056,False,1.3895696062625764,False,1.5088231511029415,False,1.4389186505674485,False,0,NORMAL,0,25.753014835672438,24.263798851809927,26.048789679234762,25.007623937105784,25.7756206805871,NORMAL,Vibration,0,Telemetry remains within the expected prototype operating envelope.
11.6,ramp,65.56400096612363,431.8555322963679,0.1827822543682536,315.1917542370742,0,normal,1.418912005075309,False,1.388991919872699,False,0.1304126423524744,False,1.4336162880713328,False,0,NORMAL,0,24.70695362132339,24.25504799176952,2.5745317457963823,24.92805440144451,22.89388678996814,NORMAL,Thrust,0,Telemetry remains within the expected prototype operating envelope.
11.7,ramp,65.04988511035214,431.8323604608571,0.1732930946665919,316.3353103174383,0,normal,1.4483789141139691,False,1.3892218856100034,False,0.8382944529164745,False,1.4138634069680207,False,0,NORMAL,0,25.149379318797006,24.25853166040359,15.435775797544938,24.63089036021434,24.17612205670204,NORMAL,Pressure,0,Telemetry remains within the expected prototype operating envelope.
11.8,ramp,66.24486284683891,439.56753909127394,0.1572546778666586,310.0743743525414,0,normal,1.3798879312567307,False,1.3124551548910106,False,2.0347442840778927,False,1.5220098510590534,False,0,NORMAL,0,24.117006120584705,23.086673728936656,33.43217656643424,26.243567203437113,31.08286433487912,NORMAL,Vibration,0,Telemetry remains within the expected prototype operating envelope.
11.9,ramp,65.90603456106652,432.330184420249,0.1878339787049674,321.558864545077,0,normal,1.3993081109000869,False,1.384281299275536,False,0.2464409339781013,False,1.3236358725541462,False,0,NORMAL,0,24.411166760138713,24.183653219469626,4.809323679381405,23.258470812994357,22.575237160388774,NORMAL,Pressure,0,Telemetry remains within the expected prototype operating envelope.
12.0,ramp,67.65951717835522,435.7855704003949,0.1945595060104208,318.23316226005574,0,normal,1.2988060310586065,False,1.3499887899823475,False,0.7481585355006329,False,1.3810814171575383,False,0,NORMAL,0,22.87642698819171,23.661879416170684,13.897497255812496,24.135117015650152,23.087781619307293,NORMAL,Thrust,0,Telemetry remains within the expected prototype operating envelope.
12.1,ramp,66.08107961904696,436.060480729344,0.1821602233095233,319.2514789074875,0,normal,1.3892752812503646,False,1.3472604797257075,False,0.1768155363836429,False,1.3634918227269457,False,0,NORMAL,0,24.259340508925465,23.620213233904973,3.4745138447191404,23.86776051749736,22.35048128999316,NORMAL,Pressure,0,Telemetry remains within the expected prototype operating envelope.
12.2,ramp,64.59147883368267,439.9532421659305,0.1745210587628918,310.39675242618245,0,normal,1.4746527897506188,False,1.30862729706324,False,0.746689561110918,False,1.5164413478012866,False,0,NORMAL,0,25.541670893927837,23.027768528134974,13.87219706517695,26.16137885806348,24.757660100455297,NORMAL,Thrust,0,Telemetry remains within the expected prototype operating envelope.
12.3,ramp,67.6926666510672,441.47734886124135,0.1599755356482471,326.97435417074206,0,normal,1.2969060458974453,False,1.2935015069740667,False,1.8317710184492468,False,1.230092998244107,False,0,NORMAL,0,22.847114690391713,22.79456280070923,30.674279654297077,21.8092318418061,28.524235811673464,NORMAL,Vibration,0,Telemetry remains within the expected prototype operating envelope.
12.4,ramp,66.00191780046461,444.9482222727559,0.1645728900379352,321.2223830413905,0,normal,1.3938124961238498,False,1.259055294769774,False,1.4888129851255076,False,1.3294479872811005,False,0,NORMAL,0,24.32803966328285,22.26083946230155,25.752241478612714,23.347625099852376,25.111722210202593,NORMAL,Vibration,0,Telemetry remains within the expected prototype operating envelope.
12.5,ramp,68.27739588310163,447.5212958690496,0.1560169709955105,322.0974775610871,0,normal,1.2633918819221903,False,1.2335191750077688,False,2.127075977129953,False,1.3143322983362935,False,0,NORMAL,0,22.328234760483824,21.862792567458257,34.65016007516025,23.115543778528046,31.44381802724682,NORMAL,Vibration,0,Telemetry remains within the expected prototype operating envelope.
12.6,ramp,68.09051179303376,447.7681475894984,0.1762429126912945,321.5983397521509,0,normal,1.274103273957628,False,1.2310693286038734,False,0.6182409824500504,False,1.3229540091237044,False,0,NORMAL,0,22.494451201481713,21.82449835540279,11.630932831609464,23.248004650891495,22.0410181390257,NORMAL,Thrust,0,Telemetry remains within the expected prototype operating envelope.
12.7,ramp,68.38109963282086,451.9096857677448,0.1835426965623219,331.81410105780657,0,normal,1.2574480291395158,False,1.1899671949257098,False,0.0736844162407296,False,1.146495047542931,False,0,NORMAL,0,22.235845949223844,21.179213747969726,1.4628826840326181,20.490924173857305,20.173075690565305,NORMAL,Pressure,0,Telemetry remains within the expected prototype operating envelope.
12.8,ramp,67.51469687261456,445.9705231788007,0.1589615961974096,333.738580830944,0,normal,1.307106507941987,False,1.2489096081453537,False,1.9074098860441748,False,1.113253109699001,False,0,NORMAL,0,23.004353260894916,22.10293588020259,31.71513072134189,19.96055592927536,29.08334535064727,NORMAL,Vibration,0,Telemetry remains within the expected prototype operating envelope.
12.9,ramp,69.15838101763865,447.5911574165,0.1759342214574605,328.5539175140754,0,normal,1.212897604158946,False,1.2328258435597208,False,0.6412690393467414,False,1.2028088733535471,False,0,NORMAL,0,21.539864705429036,21.851956819564013,12.036990622986455,21.38139224380582,20.924664816997826,NORMAL,Temperature,0,Telemetry remains within the expected prototype operating envelope.
13.0,ramp,68.99272777498717,454.6837416329042,0.1797900380788134,324.2388747895528,0,normal,1.2223921353592044,False,1.162436453907948,False,0.3536289809074147,False,1.2773435003445264,False,0,NORMAL,0,21.68871177789122,20.744017790134805,6.828266244432801,22.54466203514727,20.93702538451126,NORMAL,Thrust,0,Telemetry remains within the expected prototype operating envelope.
13.1,ramp,70.69196470570094,457.60403434393214,0.1702832631029104,332.9206022645985,0,normal,1.1249991848979966,False,1.1334544051564712,False,1.0628248732885166,False,1.1273822229480304,False,0,NORMAL,0,20.148365106617838,20.283283630087702,19.149221790161796,20.18641393557854,20.16377175002102,NORMAL,Temperature,0,Telemetry remains within the expected prototype operating envelope.
13.2,ramp,70.35665737898941,454.6523642732134,0.1902850107882998,333.02503383750127,0,normal,1.144217558315751,False,1.162747854256556,False,0.4292854727412071,False,1.125578354752669,False,0,NORMAL,0,20.454699711669967,20.748953704526553,8.2274630191719,20.157614102888832,19.57583383003977,NORMAL,Temperature,0,Telemetry remains within the expected prototype operating envelope.
13.3,ramp,70.85523946095742,458.6836741685533,0.1781880670004803,327.2486219891325,0,normal,1.1156409783625605,False,1.122739666215048,False,0.4731344190130706,False,1.2253555133929863,False,0,NORMAL,0,19.998771539232308,20.11227169967823,9.028770045308743,21.735111216888104,20.329378184824165,NORMAL,Thrust,0,Telemetry remains within the expected prototype operating envelope.
13.4,ramp,67.64201336248234,457.1215150876638,0.1758808598229241,328.29993908099715,0,normal,1.299809274480036,False,1.1382431020415082,False,0.6452497638426801,False,1.207195895448522,False,0,NORMAL,0,22.891900179254343,20.359594919364433,12.106994054084252,21.45034230469891,21.600507869037994,NORMAL,Pressure,0,Telemetry remains within the expected prototype operating envelope.
13.5,ramp,68.82841766857841,463.3826514365282,0.1573541191731616,331.7923030457242,0,normal,1.2318096837684325,False,1.0761053039306625,False,2.0273260622009985,False,1.1468715691218412,False,0,NORMAL,0,21.83607302572186,19.36368348019576,33.33334028880199,20.49691132497886,29.98179689819491,NORMAL,Vibration,0,Telemetry remains within the expected prototype operating envelope.
13.6,ramp,70.33085882134587,468.4598195948336,0.1665109372826775,337.37591561771643,0,normal,1.1456962206500805,False,1.0257176374725094,False,1.3442366015784486,False,1.0504246723274122,False,0,NORMAL,0,20.478220361470502,18.546959948628906,23.574006629380296,18.948459764583358,22.458523395702713,NORMAL,Vibration,0,Telemetry remains within the expected prototype operating envelope.
13.7,ramp,71.29067219557406,461.7515285355125,0.1731441654275552,330.2330531748282,0,normal,1.0906838473202791,False,1.0922931618321556,False,0.8494044249993299,False,1.1738048151943523,False,0,NORMAL,0,19.598453061853405,19.624327172924772,15.623468428351684,20.924015212992884,20.230507977606116,NORMAL,Thrust,0,Telemetry remains within the expected prototype operating envelope.
13.8,ramp,70.9656191808159,465.917803345449,0.1767493384659577,333.54501292595654,0,normal,1.1093144876926666,False,1.050945532809336,False,0.580462126834196,False,1.1165966482261338,False,0,NORMAL,0,19.897482066968298,18.956902633681583,10.960707539839976,20.014061030632913,19.119190581134635,NORMAL,Thrust,0,Telemetry remains within the expected prototype operating envelope.
13.9,ramp,73.11514076034852,473.37994704880725,0.1596794111988624,334.85748865129307,0,normal,0.9861131583625768,False,0.9768885001753964,False,1.853861605811372,False,1.0939259830976682,False,0,NORMAL,0,17.899216938190055,17.747606793889027,30.97989321521306,19.650570709155524,27.68619325982766,NORMAL,Vibration,0,Telemetry remains within the expected prototype operating envelope.
14.0,ramp,71.02184205351554,468.9123170253537,0.1610110258461768,336.7466222344121,0,normal,1.106092034509918,False,1.0212268881234026,False,1.7545244867038288,False,1.0612945873171116,False,0,NORMAL,0,19.84584010460334,18.47377004848059,29.594929223363266,19.124473040754243,26.85261758169125,NORMAL,Vibration,0,Telemetry remains within the expected prototype operating envelope.
14.1,ramp,73.20412715585924,472.281911970243,0.1701275567227481,339.93184933649405,0,normal,0.9810128410065644,False,0.9877858003184968,False,1.0744404133121872,False,1.0062754996529206,False,0,NORMAL,0,17.815426199761397,17.926677387656586,19.336828880070268,18.229619123969243,18.983437036298206,NORMAL,Vibration,0,Telemetry remains within the expected prototype operating envelope.
14.2,ramp,74.1969934031167,471.70562649869714,0.1544913727615985,342.1013654721235,0,normal,0.9241060191938266,False,0.99350506728377,False,2.2408840775274794,False,0.9688009979519104,False,0,NORMAL,0,16.874710460714525,18.020503564280553,36.12082742360737,17.614455854479203,31.23370633936444,NORMAL,Vibration,0,Telemetry remains within the expected prototype operating envelope.
14.3,ramp,72.51070976792646,474.4894964209472,0.1720469679591031,346.9976835271278,0,normal,1.0207565424829148,False,0.9658769279880964,False,0.931254257327276,False,0.8842258817462378,False,0,NORMAL,0,18.466100586387824,17.566261544481666,16.99346542451934,16.209049731077872,18.061017143717923,NORMAL,Pressure,0,Telemetry remains within the expected prototype operating envelope.
14.4,ramp,75.6575098417212,473.862170431929,0.1780866915272907,341.8085310681433,0,normal,0.8403955003240202,False,0.972102739643256,False,0.4806969277877579,False,0.9738591872826332,False,0,NORMAL,0,15.471303021390337,17.668841053089057,9.16626018701281,17.69775804762891,16.75390693300689,NORMAL,Thrust,0,Telemetry remains within the expected prototype operating envelope.
14.5,ramp,73.14771136069466,480.6608490822491,0.1931665801905432,338.1417062594706,0,normal,0.9842463516750184,False,0.9046301759015748,False,0.6442476643216358,False,1.0371970119123826,False,0,NORMAL,0,17.868557956932374,16.550292016079727,12.089376780884809,18.73375143084659,17.88561152121534,NORMAL,Thrust,0,Telemetry remains within the expected prototype operating envelope.
14.6,ramp,73.7188840419863,481.38289308820464,0.1764854575784497,344.4977717765002,0,normal,0.9515091908657451,False,0.8974643481397582,False,0.6001473767715209,False,0.927407375357986,False,0,NORMAL,0,17.329043622409955,16.430609026959154,11.31057051916814,16.92957758253374,16.68886092028518,NORMAL,Pressure,0,Telemetry remains within the expected prototype operating envelope.
14.7,ramp,72.91260021210475,483.6891628889207,0.1939067876708523,355.51248196461205,0,normal,0.9977219112239014,False,0.8745760864439357,False,0.699466401051555,False,0.7371480042006613,False,0,NORMAL,0,18.08961336621129,16.047180477148594,13.054898192236209,13.707681474964406,17.08694387021138,NORMAL,Pressure,0,Telemetry remains within the expected prototype operating envelope.
14.8,ramp,75.54108810101167,481.8990308666462,0.1931326463142346,344.18527968985893,0,normal,0.8470682936352907,False,0.8923420087931633,False,0.6417162311330283,False,0.9328051159140812,False,0,NORMAL,0,15.584036284843627,16.3449510015931,12.04485753823732,17.01920771142975,16.39937710933842,NORMAL,Thrust,0,Telemetry remains within the expected prototype operating envelope.
14.9,ramp,76.09411657673752,492.7799340294864,0.1774968120551156,345.68122472455894,0,normal,0.8153710806295794,False,0.7843559618004546,False,0.524701345660999,False,0.9069653473929692,False,0,NORMAL,0,15.047186261229573,14.518584167900151,9.962169864258819,16.589256792237872,15.693271659946927,NORMAL,Thrust,0,Telemetry remains within the expected prototype operating envelope.
15.0,ramp,75.91551896927993,487.9745021087983,0.1551120334201146,358.7206208738547,0,normal,0.8256075271316577,False,0.8320468188406932,False,2.194583413979865,False,0.6817331561444103,False,0,NORMAL,0,15.220931333936827,15.330044488504836,35.52655051324793,12.74598695942376,29.989315246933575,NORMAL,Vibration,0,Telemetry remains within the expected prototype operating envelope.
15.1,ramp,73.68445133344348,492.49372715092255,0.1793285030599717,350.72537353449246,0,normal,0.9534827255840308,False,0.7871963831308992,False,0.3880590310960687,False,0.8198367199291511,False,0,NORMAL,0,17.361667983976393,14.567131024619052,7.467643831612403,15.123026113573957,16.055537723040562,NORMAL,Pressure,0,Telemetry remains within the expected prototype operating envelope.
15.2,ramp,76.83035416516752,497.1978842164241,0.1700925147275657,339.700894498574,0,normal,0.7731731094805397,False,0.7405106146488154,False,1.077054511059024,False,1.0102648304185944,False,0,NORMAL,0,14.327184998952081,13.765695455309734,19.378990140519768,18.29483492300017,18.350930324143754,NORMAL,Vibration,0,Telemetry remains within the expected prototype operating envelope.
15.3,ramp,76.95036941262163,493.6126130983556,0.1786150034556695,359.63872037321454,0,normal,0.7662943518225493,False,0.7760921513689975,False,0.4412853870232107,False,0.665874633275912,False,0,NORMAL,0,14.209239379167427,14.37718690890295,8.447451444796316,12.468803667797667,13.676656113345048,NORMAL,Temperature,0,Telemetry remains within the expected prototype operating envelope.
15.4,ramp,74.83598374689596,495.8965944945095,0.1884896768233636,348.1549419499606,0,normal,0.8874818417339227,False,0.7534250879199036,False,0.2953553569435429,False,0.8642363172425503,False,0,NORMAL,0,16.26359596539585,13.988142177635199,5.736022794131257,15.87339028850373,15.109188109753081,NORMAL,Pressure,0,Telemetry remains within the expected prototype operating envelope.
15.5,ramp,78.53913665409172,494.3553666923752,0.1833421542818583,357.28104432485225,0,normal,0.6752330486893304,False,0.768720794110556,False,0.0886446695247315,False,0.7065992601333883,False,0,NORMAL,0,12.63248110325338,14.250862544627807,1.757270099964492,13.17884319480246,12.922263136489788,NORMAL,Temperature,0,Telemetry remains within the expected prototype operating envelope.
15.6,ramp,77.6491200222807,498.54810006579874,0.1987861810597037,359.6884609669341,0,normal,0.7262449730212783,False,0.7271105806646133,False,1.0634642612571632,False,0.6650154536951105,False,0,NORMAL,0,13.51930659600682,13.534276969964697,19.159560132095176,12.453761372117,17.587068279502937,NORMAL,Vibration,0,Telemetry remains within the expected prototype operating envelope.
15.7,ramp,76.99848370122118,503.22440375940135,0.1903726328683025,357.74599961998496,0,normal,0.763536647795905,False,0.6807012391924723,False,0.4358219921578673,False,0.6985679909889949,False,0,NORMAL,0,14.161909222908397,12.727977322006435,8.347359225686334,13.039274317742755,13.42943650262055,NORMAL,Pressure,0,Telemetry remains within the expected prototype operating envelope.
15.8,ramp,78.5480243426168,504.5965739049543,0.1622512649879502,353.3679816519961,0,normal,0.6747236446194259,False,0.6670833227748616,False,1.6620038887991315,False,0.7741904024078662,False,0,NORMAL,0,12.623579575872956,12.489960718031634,28.28001724927953,14.34461409559522,24.309101230424886,NORMAL,Vibration,0,Telemetry remains within the expected prototype operating envelope.
15.9,ramp,77.78183262358482,501.9861693526569,0.1847806750337641,355.8795886421852,0,normal,0.7186384576667886,False,0.6929899285442298,False,0.0186675379212717,False,0.730806894500099,False,0,NORMAL,0,13.387643126931115,12.942205710715637,0.3726546710333234,13.5981742382852,12.365122557744842,NORMAL,Thrust,0,Telemetry remains within the expected prototype operating envelope.
16.0,ramp,76.7684865005758,507.6990723716745,0.1808393405461894,357.3154783926336,0,normal,0.7767190978496842,False,0.6362929977248036,False,0.2753520676939818,False,0.7060044733463927,False,0,NORMAL,0,14.387922420096588,11.949405528337609,5.358149506888865,13.16851456510152,13.277748874849934,NORMAL,Pressure,0,Telemetry remains within the expected prototype operating envelope.
16.1,ramp,79.35275973735646,503.9874937173476,0.1860971887804429,369.117952959125,0,normal,0.6285996739019704,False,0.6731280564497137,False,0.1168781449646101,False,0.5021378848686895,False,0,NORMAL,0,11.813820898228023,12.595691769816163,2.3104535413484006,9.554938690863224,11.36125382915289,NORMAL,Temperature,0,Telemetry remains within the expected prototype operating envelope.
16.2,ramp,78.94786561054984,507.7918181469154,0.1758512659770197,366.4618303563129,0,normal,0.6518064633268844,False,0.6353725548632461,False,0.6474574351095772,False,0.5480176408947003,False,0,NORMAL,0,12.222176121508488,11.933194928062784,12.145793260622174,10.381062129513596,12.029109292454883,NORMAL,Pressure,0,Telemetry remains within the expected prototype operating envelope.
16.3,ramp,81.03338088934947,510.3152078030342,0.1901054951017648,368.3364700103119,0,normal,0.5322736997887788,False,0.6103295166238143,False,0.4158937823066186,False,0.5156366017547513,False,0,NORMAL,0,10.098426326933607,11.490996379559837,7.981335679061208,9.798787832970724,10.913982940834863,NORMAL,Temperature,0,Telemetry remains within the expected prototype operating envelope.
16.4,ramp,79.17677894071075,514.1747077177054,0.193020282515131,371.1911984203967,0,normal,0.638686136066279,False,0.5720264334222863,False,0.6333340042497173,False,0.4663262864716597,False,0,NORMAL,0,11.991538895159671,10.810359111617085,11.897281879601385,8.90481683727552,11.609849995173482,NORMAL,Pressure,0,Telemetry remains within the expected prototype operating envelope.
16.5,ramp,80.76160522876856,514.5690910355252,0.1879196104767764,368.3003799517821,0,normal,0.5478507114279978,False,0.5681124296990777,False,0.2528289783967603,False,0.5162599928130409,False,0,NORMAL,0,10.378070071266576,10.740514060502937,4.930862477041098,9.810033257748795,10.119038627650857,NORMAL,Temperature,0,Telemetry remains within the expected prototype operating envelope.
16.6,ramp,79.81970009091151,518.2073313950373,0.179123369149181,363.5263026398459,0,normal,0.6018366616932945,False,0.5320052069296681,False,0.4033618154040574,False,0.5987236193373022,False,0,NORMAL,0,11.340529801095379,10.093598611203236,7.7504114353146525,11.285312476294184,10.912456449053897,NORMAL,Pressure,0,Telemetry remains within the expected prototype operating envelope.
16.7,ramp,79.53919485659772,518.2632063911624,0.1791934467866762,351.2675808508114,0,normal,0.6179140149427659,False,0.5314506831123907,False,0.398134093828093,False,0.810471060617381,False,0,NORMAL,0,11.625153879935956,10.083627010085273,7.653909962920014,14.963891355743108,13.605105324492902,NORMAL,Thrust,0,Telemetry remains within the expected prototype operating envelope.
16.8,ramp,80.28914941681714,522.2214605317997,0.1817276932487209,361.5091956636534,0,normal,0.5749298459835105,False,0.4921675269953781,False,0.2090818457503771,False,0.6335655260505306,False,0,NORMAL,0,10.862134942239798,9.37440482613584,4.095412518706921,11.901361325143755,10.906299802413244,NORMAL,Thrust,0,Telemetry remains within the expected prototype operating envelope.
16.9,ramp,79.15108795188337,518.5146708732017,0.1769857182085738,370.5322644155142,0,normal,0.6401586330188453,False,0.5289550579820036,False,0.562828434764028,False,0.477708190058958,False,0,NORMAL,0,12.017453517207555,10.038736295964412,10.64613486504572,9.11194831118931,11.470093672758024,NORMAL,Pressure,0,Telemetry remains within the expected prototype operating envelope.
17.0,ramp,80.7547668776093,523.0529376656418,0.1920412929477847,382.45063559928985,0,normal,0.5482426562966928,False,0.4839156450050049,False,0.5603023629617089,False,0.2718396952989113,False,0,NORMAL,0,10.385095167029569,9.224714994493223,10.600980603886445,5.291642665326279,9.997100317715546,NORMAL,Vibration,0,Telemetry remains within the expected prototype operating envelope.
17.1,ramp,80.84883722376915,526.1492984153457,0.1947170857721509,373.6639326556386,0,normal,0.5428509487614952,False,0.4531862328946389,False,0.7599138279131132,False,0.4236142357139306,False,0,NORMAL,0,10.28840757374545,8.665102872332087,14.099691496875266,8.1233112014109,12.767744373100747,NORMAL,Vibration,0,Telemetry remains within the expected prototype operating envelope.
17.2,ramp,83.41571495291404,525.6715238069372,0.1902776514297405,374.4704891965157,0,normal,0.3957285604730208,False,0.4579278421657993,False,0.428736471962917,False,0.4096824174772844,False,0,NORMAL,0,7.609470953866381,8.75167669492023,8.217385827097768,7.866952347069689,8.527569861206631,NORMAL,Temperature,0,Telemetry remains within the expected prototype operating envelope.
17.3,ramp,83.48021528992588,534.810796860035,0.1747134587216949,375.6299068306446,0,normal,0.3920316786469612,False,0.3672263668726947,False,0.732336716868439,False,0.3896555564695244,False,0,NORMAL,0,7.541134320187515,7.081300433121918,13.624606083619318,7.497185165910125,11.98361372960096,NORMAL,Vibration,0,Telemetry remains within the expected prototype operating envelope.
17.4,ramp,84.87406632060649,532.1784175454732,0.1760276057027685,378.0180681020744,0,normal,0.3121421341533881,False,0.3933510581883657,False,0.6343026681689834,False,0.3484043520379352,False,0,NORMAL,0,6.051969801008406,7.565528768652219,11.914348611201797,6.730857815006896,10.567313284419733,NORMAL,Vibration,0,Telemetry remains within the expected prototype operating envelope.
17.5,ramp,82.98954337602103,533.1734917543339,0.1728404743595707,371.0416343216732,0,normal,0.4201548817976646,False,0.383475579225715,False,0.8720594745312014,False,0.468909738136285,False,0,NORMAL,0,8.059722409692128,7.382781421087969,16.004914508193014,8.951872680095319,13.938132394493946,NORMAL,Vibration,0,Telemetry remains within the expected prototype operating envelope.
17.6,ramp,83.34389883475212,535.8015522473921,0.182476115701723,364.9542869166957,0,normal,0.3998447514008639,False,0.3573937494680289,False,0.1532502802846693,False,0.5740577510669571,False,0,NORMAL,0,7.6854990664455,6.898393842498162,3.018510545094122,10.846586250487855,9.5395676619631,NORMAL,Thrust,0,Telemetry remains within the expected prototype operating envelope.
17.7,ramp,82.87990086718447,535.9576127901597,0.1856747615864398,381.3017910490296,0,normal,0.4264391187033891,False,0.355844947787433,False,0.0853654993433107,False,0.2916839252384288,False,0,NORMAL,0,8.175204719781792,6.869550190602558,1.6928180412618454,5.666780624539969,7.274264005774454,NORMAL,Pressure,0,Telemetry remains within the expected prototype operating envelope.
17.8,ramp,84.24040033875708,538.4939843000775,0.1868892386429244,388.6425553707647,0,normal,0.3484611420937866,False,0.3306730729015015,False,0.175964271485611,False,0.1648853822159492,False,0,NORMAL,0,6.73191716094964,6.399514409031093,3.458078694066269,3.243926073161363,6.111171834122998,NORMAL,Pressure,0,Telemetry remains within the expected prototype operating envelope.
17.9,ramp,83.45798525563482,544.2077280746255,0.1751720454069432,385.4932879694969,0,normal,0.3933058085751227,False,0.2739677981178977,False,0.6981266094131632,False,0.2192833305176811,False,0,NORMAL,0,7.564692240052262,5.3319439126431885,13.031597406475603,4.29088687569017,11.114711352259498,NORMAL,Vibration,0,Telemetry remains within the expected prototype operating envelope.
18.0,ramp,84.79869865976747,544.7131553224749,0.1930377203408284,379.6019594524202,0,normal,0.3164618842281399,False,0.2689517539788361,False,0.6346348485831518,False,0.3210454685855527,False,0,NORMAL,0,6.133101151341281,5.2369244288412276,11.920200482444066,6.219111091784479,10.33019731459961,NORMAL,Vibration,0,Telemetry remains within the expected prototype operating envelope.
18.1,ramp,83.31638293083742,545.3825397557961,0.184482491014531,382.57014851541527,0,normal,0.4014218446351397,False,0.2623085390001688,False,0.0035766912889301,False,0.2697753239374441,False,0,NORMAL,0,7.714612189762726,5.110934452914018,0.07150824643710196,5.252531947862693,6.602586771581219,NORMAL,Pressure,0,Telemetry remains within the expected prototype operating envelope.
18.2,ramp,86.47472860336359,545.1307468551848,0.1889471008335229,381.3384167321226,0,normal,0.2203990584280959,False,0.2648074234761095,False,0.3294787300015714,False,0.2910512822260866,False,0,NORMAL,0,4.312241558758734,5.158345966903955,6.377153523401802,5.654844018980965,6.026625983665149,NORMAL,Vibration,0,Telemetry remains within the expected prototype operating envelope.
18.3,ramp,85.49036336952305,548.5907883811235,0.1810626840922564,378.436802844085,0,normal,0.2768186387245859,False,0.2304687108504191,False,0.2586908628309196,False,0.3411714600838058,False,0,NORMAL,0,5.385905235358335,4.504756131921262,5.042254027325921,6.595839055326069,6.171061400330958,NORMAL,Thrust,0,Telemetry remains within the expected prototype operating envelope.
18.4,ramp,84.90967681510642,547.3724062854468,0.1927424563603018,384.9039654686404,0,normal,0.3101010938110772,False,0.2425603786347757,False,0.6126084513361018,False,0.2294628201735082,False,0,NORMAL,0,6.01361162853995,4.735416465461684,11.531328435589483,4.485542644219997,9.837379660841636,NORMAL,Vibration,0,Telemetry remains within the expected prototype operating envelope.
18.5,ramp,84.43478791402629,550.6976210358258,0.1776851452967184,389.7974537310605,0,normal,0.3373196825678831,False,0.2095597360482693,False,0.5106518744489362,False,0.1449365835614316,False,0,NORMAL,0,6.52385692356614,4.104578455044871,9.708817303505723,2.857121470075241,8.34023898559552,NORMAL,Vibration,0,Telemetry remains within the expected prototype operating envelope.
18.6,ramp,86.32559691415946,551.3581150227144,0.1820971360418632,386.98442560122726,0,normal,0.2289466452632953,False,0.2030047530988636,False,0.1815217833706075,False,0.1935266012640837,False,0,NORMAL,0,4.475681701941725,3.9787774400813936,3.5653256554102564,3.7965840636340675,4.293125381605522,NORMAL,Pressure,0,Telemetry remains within the expected prototype operating envelope.
18.7,ramp,86.49244804269618,553.7708668426473,0.179272485973498,386.0494656646776,0,normal,0.2193834563976039,False,0.179059725052037,False,0.3922378496471534,False,0.2096763579573848,False,0,NORMAL,0,4.292803448333893,3.5178284038358876,7.5449467089493405,4.106815130387442,6.6071748088238955,NORMAL,Vibration,0,Telemetry remains within the expected prototype operating envelope.
18.8,ramp,87.56499541339637,555.5642602168008,0.1752590397934262,387.27614070144966,0,normal,0.1579096553909223,False,0.1612614358586236,False,0.691636915304453,False,0.1884877458990726,False,0,NORMAL,0,3.108843076788881,3.173772888763471,12.918644453330252,3.699584175298065,10.400942796655473,NORMAL,Vibration,0,Telemetry remains within the expected prototype operating envelope.
18.9,ramp,86.7129475345173,555.8043129589673,0.1632280733395739,382.3371076782349,0,normal,0.2067453741528667,False,0.1588790649921267,False,1.5891349640195926,False,0.2738006866005283,False,0,NORMAL,0,4.050586377077748,3.1276266993862656,27.22713201773741,5.328779835268271,21.174371742857915,NORMAL,Vibration,0,Telemetry remains within the expected prototype operating envelope.
19.0,ramp,89.8864123075976,561.2432053971546,0.1957078595219513,395.8402917199223,0,normal,0.0248560261470113,False,0.1049015150012238,False,0.8338245574106014,False,0.0405573909969908,False,0,NORMAL,0,0.4958869238731789,2.076174756487903,15.360143346522715,0.8078668930596722,11.62384946823482,NORMAL,Vibration,0,Telemetry remains within the expected prototype operating envelope.
19.1,ramp,87.2469702413886,563.4005814160258,0.1897296015734524,392.1296033921089,0,normal,0.176137490051837,False,0.0834909294396885,False,0.3878525015434249,False,0.1046528792807022,False,0,NORMAL,0,3.4614232067706308,1.6559543944233979,7.463821619448064,2.071305163244297,6.133578186231301,NORMAL,Vibration,0,Telemetry remains within the expected prototype operating envelope.
19.2,ramp,89.81731169384551,560.899242628537,0.1878513829405939,389.5550912866906,0,normal,0.0288165760446462,False,0.1083151268255195,False,0.2477392725258869,False,0.1491229602767936,False,0,NORMAL,0,0.5746739167436066,2.1430067255982843,4.83403841532446,2.9384227664884466,4.060012379574443,NORMAL,Vibration,0,Telemetry remains within the expected prototype operating envelope.
19.3,ramp,87.84465007992515,567.10566517036,0.1875263542627613,391.9394440689513,0,normal,0.1418810530276006,False,0.046720328468453,False,0.2234924586684835,False,0.1079375406676826,False,0,NORMAL,0,2.797738721044507,0.9300545568965868,4.371423356565107,2.135616557337683,3.7369730860536596,NORMAL,Vibration,0,Telemetry remains within the expected prototype operating envelope.
19.4,ramp,88.5396219412411,567.2650555230107,0.2036775298916725,397.7309423716384,0,normal,0.102048255824537,False,0.0451384805414994,False,1.428353985546223,False,0.0078997905762434,False,0,NORMAL,0,2.020278398726727,0.8987068808679055,24.849002551488887,0.15787106384992367,18.595364311774453,NORMAL,Vibration,0,Telemetry remains within the expected prototype operating envelope.
19.5,ramp,86.78743490577274,569.6795361090441,0.1835413974305053,393.1598263601628,0,normal,0.2024760784898895,False,0.021176295590087,False,0.0737813301731964,False,0.0868576245071972,False,0,NORMAL,0,3.9686241068518813,0.42263030563275406,1.46479258942952,1.7221509881996,3.2426979935886764,NORMAL,Pressure,0,Telemetry remains within the expected prototype operating envelope.
19.6,ramp,88.75214271416881,569.1834929829017,0.1914715330670765,389.9259546867672,0,normal,0.0898674794209588,False,0.0260992082866133,False,0.5177988464625816,False,0.1427169599300932,False,0,NORMAL,0,1.7812935986983858,0.5206241956909219,9.837786818557536,2.8139877709655647,7.703009515654735,NORMAL,Vibration,0,Telemetry remains within the expected prototype operating envelope.
19.7,ramp,90.28883130360138,572.3388437779142,0.1632549560842265,393.4009898873889,0,normal,0.0017911005712807,False,0.005215642523966,False,1.587129538190973,False,0.0826919569360576,False,0,NORMAL,0,0.03581559610915663,0.10425846353794288,27.197938045679347,1.6402383011172583,20.214256640255403,NORMAL,Vibration,0,Telemetry remains within the expected prototype operating envelope.
19.8,ramp,89.05279477115444,569.1579801407001,0.179415041250163,395.8946641506186,0,normal,0.0726353969710078,False,0.0263524070271651,False,0.381603368773848,False,0.039618204736444,False,0,NORMAL,0,1.4422070482249638,0.5256616786743162,7.348095142562661,0.7892331653466811,5.660466583211484,NORMAL,Vibration,0,Telemetry remains within the expected prototype operating envelope.
19.9,ramp,91.22626708815729,575.0845292627064,0.1767242805526044,396.6062138417804,0,normal,0.0519386855907149,False,0.0324648255513949,False,0.582331422075416,False,0.0273274594988847,False,0,NORMAL,0,1.0333970907723589,0.6471931360739314,10.993989463213694,0.5450583272284093,8.302811477601635,NORMAL,Vibration,0,Telemetry remains within the expected prototype operating envelope.
20.0,ramp,90.2740007787145,580.615604470339,0.1940188001092918,397.3530299868177,0,normal,0.0026411224543478,False,0.0873572309292328,False,0.7078224167812047,False,0.0144275494968682,False,0,NORMAL,0,0.05280850048742236,1.7319705465020263,13.200079772153961,0.28813508170034696,9.916438818223904,NORMAL,Vibration,0,Telemetry remains within the expected prototype operating envelope.
20.1,ramp,90.42699812375896,582.0181194734566,0.1798252846932213,409.5478052095978,0,normal,0.0061280271429088,False,0.1012763007682026,False,0.3509996187712786,False,0.1962153294955558,False,0,NORMAL,0,0.12248546809865424,2.0051500426140123,6.779256913455301,3.848303124616259,5.522596604264566,NORMAL,Vibration,0,Telemetry remains within the expected prototype operating envelope.
20.2,ramp,90.89010154813086,580.3221984757561,0.1952606147991263,404.3604149855783,0,normal,0.0326711230779306,False,0.0844453629487163,False,0.800460548993384,False,0.1066124634088186,False,0,NORMAL,0,0.6512922991707137,1.6747251733282287,14.793469821185944,2.109677546579647,11.29830730729401,NORMAL,Vibration,0,Telemetry remains within the expected prototype operating envelope.
20.3,ramp,91.21182876368864,583.1052338947572,0.1784311419755641,396.92917666607343,0,normal,0.0511111429483086,False,0.1120652203301313,False,0.4550012693059381,False,0.0217488557219552,False,0,NORMAL,0,1.0170159183815808,2.2163737837980313,8.698252088046521,0.43403245916310285,6.735860354051797,NORMAL,Vibration,0,Telemetry remains within the expected prototype operating envelope.
20.4,ramp,92.32056426973224,579.278021672152,0.1749228284342157,400.5260234629114,0,normal,0.1146590921853395,False,0.0740825719473441,False,0.7167179459934436,False,0.0403802242110081,False,0,NORMAL,0,2.2670882671620207,1.470728994737669,13.354368728467014,0.8043521205064796,10.246286758204961,NORMAL,Vibration,0,Telemetry remains within the expected prototype operating envelope.
20.5,ramp,91.24518439327052,584.0060587614381,0.1838664601981216,403.88074007521146,0,normal,0.0530229441343301,False,0.1210053344851597,False,0.0495319732520678,False,0.0983269393008089,False,0,NORMAL,0,1.0548558409523179,2.3910569247101776,0.985748795251129,1.94732854374704,2.1123486352194236,NORMAL,Temperature,0,Telemetry remains within the expected prototype operating envelope.
20.6,ramp,90.87031201862514,585.7929690745232,0.1880070509940644,402.1156798075529,0,normal,0.0315368723845967,False,0.1387392834186958,False,0.259351953416733,False,0.0678386876042781,False,0,NORMAL,0,0.6287524745679063,2.7366421058252377,5.054808331736904,1.3476110628118487,4.140309138436404,NORMAL,Vibration,0,Telemetry remains within the expected prototype operating envelope.
20.7,ramp,94.18900763211305,591.9990813251641,0.1867414481295108,407.4380787204684,0,normal,0.2217502273547524,False,0.200331002333029,False,0.1649392471938309,False,0.1597735867460339,False,0,NORMAL,0,4.338096130385461,3.9274163451574307,3.2449684203031515,3.144956038246993,4.102113216483691,NORMAL,Pressure,0,Telemetry remains within the expected prototype operating envelope.
20.8,ramp,92.91211654160014,590.374637012687,0.1985952641623006,398.4260242810477,0,normal,0.1485643234499664,False,0.1842094251772593,False,1.049222051909871,False,0.0041065032552352,False,0,NORMAL,0,2.9275777263533254,3.6171480986218585,18.928962572473175,0.08209634759810402,14.53995683729913,NORMAL,Vibration,0,Telemetry remains within the expected prototype operating envelope.
20.9,ramp,92.47417525342932,592.12702250291,0.1847055975592164,410.9257962350772,0,normal,0.1234634129101855,False,0.2016007371910284,False,0.013066833508414,False,0.2200176539771487,False,0,NORMAL,0,2.4390312186988394,3.9518105892770494,0.26099548317269905,4.304942132964795,3.756930586037038,NORMAL,Thrust,0,Telemetry remains within the expected prototype operating envelope.
21.0,ramp,92.97589753390574,591.8842022361817,0.1798537417436235,406.82856483245376,0,normal,0.152219975532208,False,0.1991909004025486,False,0.3488767513103687,False,0.14924532707648,False,0,NORMAL,0,2.998524388084356,3.905507339784209,6.739669453720909,2.9407981603371103,5.831928837337167,NORMAL,Vibration,0,Telemetry remains within the expected prototype operating envelope.
21.1,ramp,94.16092028312862,596.8342333651962,0.1947474792860158,413.3821032955305,0,normal,0.2201403813475343,False,0.2483168126649268,False,0.7621811536090133,False,0.2624459547412973,False,0,NORMAL,0,4.3072909847000185,4.845030213028901,14.138635461693694,5.113542267331805,11.675506706191912,NORMAL,Vibration,0,Telemetry remains within the expected prototype operating envelope.
21.2,ramp,93.36046718687513,599.684171346276,0.1967781829199926,412.7076772818365,0,normal,0.1742618535561272,False,0.2766006354455775,False,0.9136696109996788,False,0.2507964544760924,False,0,NORMAL,0,3.4252021578678016,5.381779908845696,16.701023366254386,4.8922085618461235,13.515683912611578,NORMAL,Vibration,0,Telemetry remains within the expected prototype operating envelope.
21.3,ramp,95.22977221974472,605.0746597156308,0.1953295298346664,413.21442821980855,0,normal,0.2814023759709039,False,0.3300978058233766,False,0.8056015416278178,False,0.2595496684186626,False,0,NORMAL,0,5.472602719477592,6.38874473392762,14.881034025589601,5.058562675258182,12.455254730130378,NORMAL,Vibration,0,Telemetry remains within the expected prototype operating envelope.
21.4,ramp,93.6143330299238,603.9587780585637,0.1952426338051196,412.21469113253534,0,normal,0.18881235150549,False,0.3190233897335547,False,0.7991191848480464,False,0.2422810025800869,False,0,NORMAL,0,3.705835903336674,6.1811769512825965,14.770608157835408,4.73009338804915,12.1723203126371,NORMAL,Vibration,0,Telemetry remains within the expected prototype operating envelope.
21.5,ramp,94.91520018403207,607.578076096425,0.1961396357626827,414.7403187112051,0,normal,0.2633724602264446,False,0.3549426220020544,False,0.8660346325549726,False,0.2859066910175304,False,0,NORMAL,0,5.131123203109256,6.852741872736923,15.90364208203654,5.557720609519645,13.263824782971458,NORMAL,Vibration,0,Telemetry remains within the expected prototype operating envelope.
21.6,ramp,93.78733369958692,606.5048163762507,0.1711746392830637,418.3695447509777,0,normal,0.1987280056121713,False,0.3442912015414875,False,0.9963291029422708,False,0.3485950643221839,False,0,NORMAL,0,3.8966105999578393,6.65410024409514,18.066793094961554,6.734415261392801,14.836708441760651,NORMAL,Vibration,0,Telemetry remains within the expected prototype operating envelope.
21.7,ramp,95.85633656293842,602.9370586081175,0.2014905274028997,420.392126363896,0,normal,0.3173143485360195,False,0.3088834736863239,False,1.2652057901175615,False,0.3835315355698375,False,0,NORMAL,0,6.1491034233579045,5.990720897844848,22.356407540194624,7.383817919478986,18.196169256953187,NORMAL,Vibration,0,Telemetry remains within the expected prototype operating envelope.
21.8,ramp,95.81640319429884,607.5234316498846,0.1844424786715655,421.7979928983168,0,normal,0.3150255396457665,False,0.3544003106071557,False,0.0065615720026968,False,0.4078153594927509,False,0,NORMAL,0,6.106132235536032,6.8426383609246795,0.1311453692544151,7.832542374476159,6.920992648176241,NORMAL,Thrust,0,Telemetry remains within the expected prototype operating envelope.
21.9,ramp,96.54052878640742,610.9719061446846,0.1931527994201007,417.8836741975669,0,normal,0.3565293032735377,False,0.3886242278018587,False,0.6432196326477565,False,0.3402025215882344,False,0,NORMAL,0,6.882296185153624,7.478103037027484,12.071299941564206,6.5777367239409745,10.734670602189285,NORMAL,Vibration,0,Telemetry remains within the expected prototype operating envelope.
22.0,ramp,95.5937490862458,612.4162500332044,0.1861464049701291,422.94537261897295,0,normal,0.3022639640681416,False,0.4029584227381751,False,0.120549623426294,False,0.4276342871270263,False,0,NORMAL,0,5.866179410234807,7.7429685735875715,2.382160224323149,8.197151315854601,7.444638563655502,NORMAL,Thrust,0,Telemetry remains within the expected prototype operating envelope.
22.1,ramp,95.38335567054908,613.5865263172826,0.1880304310975032,421.29583900722434,0,normal,0.2902051186287906,False,0.4145726709228761,False,0.2610960857186201,False,0.3991415512933693,False,0,NORMAL,0,5.63887638058117,7.957019085719619,5.087921951087305,7.672515040034067,7.478241495742191,NORMAL,Temperature,0,Telemetry remains within the expected prototype operating envelope.
22.2,ramp,96.61956382846628,616.5987272749371,0.1844120702897753,432.7886832171338,0,normal,0.3610592518621109,False,0.4444668505968229,False,0.0088300068309349,False,0.5976598304711987,False,0,NORMAL,0,6.966621662571337,8.505687135018736,0.1764442903325114,11.266435728908508,9.678262245263252,NORMAL,Thrust,0,Telemetry remains within the expected prototype operating envelope.
22.3,ramp,96.13041026543075,615.1881033987285,0.1879863215160472,423.7422038747592,0,normal,0.3330230740510322,False,0.430467305347167,False,0.2578055551167553,False,0.4413981184993684,False,0,NORMAL,0,6.443496322213882,8.249152411054993,5.025439173732038,8.449515592315715,7.95685044119542,NORMAL,Thrust,0,Telemetry remains within the expected prototype operating envelope.
22.4,ramp,98.03006135171468,620.5787171004451,0.1841012725108144,423.9618894310006,0,normal,0.4419029016936173,False,0.4839657195689853,False,0.0320152098844343,False,0.4451927926277854,False,0,NORMAL,0,8.458757754969891,9.225624096504292,0.6382586186655437,8.518970084190835,8.345296586231715,NORMAL,Temperature,0,Telemetry remains within the expected prototype operating envelope.
22.5,ramp,98.85044632264658,616.780598072051,0.1857922859137645,417.7686256303882,0,normal,0.4889238387912637,False,0.4462718026444447,False,0.0941326964637637,False,0.3382152638510682,False,0,NORMAL,0,9.315593516832166,8.538709743707884,1.8650426929064379,6.540598521007968,8.352880927455672,NORMAL,Pressure,0,Telemetry remains within the expected prototype operating envelope.
22.6,ramp,97.59248439293157,619.294027385134,0.1699061219397869,417.9939548087941,0,normal,0.4168228729469325,False,0.4712159908109517,False,1.0909592263591383,False,0.3421074214344037,False,0,NORMAL,0,7.998432826483004,8.993858993677117,19.60288112005657,6.613321955868945,16.522616031444265,NORMAL,Vibration,0,Telemetry remains within the expected prototype operating envelope.
22.7,ramp,96.471125446425,623.5670039369667,0.1946516624263424,428.1961566700831,0,normal,0.3525514024107602,False,0.5136225667926927,False,0.755033311835808,False,0.5183321679233233,False,0,NORMAL,0,6.8081841091446105,9.76244683527322,14.015802994278303,9.84740339432333,12.648232712920102,NORMAL,Vibration,0,Telemetry remains within the expected prototype operating envelope.
22.8,ramp,98.25096964174976,627.3071489207169,0.1910048731659349,430.5128327531708,0,normal,0.4545644144932594,False,0.5507411281777548,False,0.4829864851868096,False,0.5583485938860512,False,0,NORMAL,0,8.690274617955707,10.429864044689674,9.207844477538652,10.566040769996278,10.271153592638358,NORMAL,Thrust,0,Telemetry remains within the expected prototype operating envelope.
22.9,ramp,100.64305092181216,631.1384510843311,0.1772273476998578,427.007014595678,0,normal,0.591668222324484,False,0.5887643666251148,False,0.5448031167007428,False,0.4977918705002269,False,0,NORMAL,0,11.160040644560077,11.108429974555722,10.32342715579273,9.476289407522188,10.934992797426737,NORMAL,Pressure,0,Telemetry remains within the expected prototype operating envelope.
23.0,ramp,98.73488957492027,631.4361864010077,0.1815419665484351,427.6358986212975,0,normal,0.4823006231564443,False,0.5917192003752975,False,0.2229368715905856,False,0.5086547145698227,False,0,NORMAL,0,9.195389444889212,11.160946417535067,4.360796765884222,9.672744914248632,10.263729456371543,NORMAL,Temperature,0,Telemetry remains within the expected prototype operating envelope.
23.1,ramp,100.1981009317792,630.9394438441894,0.203864660762947,427.4978957623466,0,normal,0.5661656031465965,False,0.5867893462739349,False,1.4423137611359411,False,0.5062709625951004,False,0,NORMAL,0,10.705752746059538,11.0733105068763,25.058528134317616,9.62967109279742,21.228928754310903,NORMAL,Vibration,0,Telemetry remains within the expected prototype operating envelope.
23.2,ramp,100.32106299220268,639.3186661829715,0.1979705491712027,435.193329940626,0,normal,0.5732132594462995,False,0.669947801385292,False,1.002618939211975,False,0.6391957915317932,False,0,NORMAL,0,10.831527116619522,12.5400804871044,18.16979758453745,12.000509236616264,16.495285942126134,NORMAL,Vibration,0,Telemetry remains within the expected prototype operating envelope.
23.3,ramp,100.42848568213154,630.459105854442,0.1957359790615837,431.0039365379994,0,normal,0.5793702658822741,False,0.5820222970725051,False,0.8359222469060912,False,0.5668315313105249,False,0,NORMAL,0,10.94126171137837,10.988486496451733,15.395645526387348,10.717644664950232,14.210935452078948,NORMAL,Vibration,0,Telemetry remains within the expected prototype operating envelope.
23.4,ramp,101.47922460981678,637.0273583974038,0.2060741117482608,437.7386903139408,0,normal,0.6395941007589833,False,0.6472080281785899,False,1.6071365919248954,False,0.6831623286194722,False,0,NORMAL,0,12.007519159232682,12.14141086170758,27.488666947982487,12.7709236021329,23.503379066155986,NORMAL,Vibration,0,Telemetry remains within the expected prototype operating envelope.
23.5,ramp,99.85433616529266,635.985342891288,0.1891405340162766,437.2915661041147,0,normal,0.5464624856662885,False,0.6368666866808708,False,0.3439086517160161,False,0.6754390595059051,False,0,NORMAL,0,10.353183522223352,11.959507679501968,6.646958079343213,12.636080759878043,11.853078872503554,NORMAL,Thrust,0,Telemetry remains within the expected prototype operating envelope.
23.6,ramp,100.8490584154984,642.2695524046779,0.1851917054411336,434.7565779976189,0,normal,0.6034756855831799,False,0.6992334712822157,False,0.0493299946733308,False,0.6316516847319651,False,0,NORMAL,0,11.369588036065148,13.050847677386535,0.9817489629170173,11.867633507625408,11.744160081400732,NORMAL,Temperature,0,Telemetry remains within the expected prototype operating envelope.
23.7,ramp,101.64136564480884,640.1093208969086,0.1910682008246431,436.6776055968788,0,normal,0.648887327326321,False,0.6777945468085765,False,0.4877106651052159,False,0.6648339924612715,False,0,NORMAL,0,12.170914077729844,12.67722798743619,9.293587660111447,12.450584064765657,12.317025648462298,NORMAL,Temperature,0,Telemetry remains within the expected prototype operating envelope.
23.8,ramp,100.06507201844994,640.3387205540171,0.1803564713807819,434.8800000029602,0,normal,0.5585409581476544,False,0.6800711925779489,False,0.3113736238507746,False,0.6337835786013613,False,0,NORMAL,0,10.569481483314725,12.716979540623319,6.037528685398586,11.905203267946153,11.8735910869174,NORMAL,Temperature,0,Telemetry remains within the expected prototype operating envelope.
23.9,ramp,101.4400106404591,644.6569274326614,0.1891270626667313,438.6999503382396,0,normal,0.6373465247405906,False,0.7229266508007576,False,0.3429037025311905,False,0.6997663721774364,False,0,NORMAL,0,11.96795630990042,13.461893385247127,6.628193180953623,13.060114239784104,12.698069448050594,NORMAL,Temperature,0,Telemetry remains within the expected prototype operating envelope.
24.0,ramp,102.1768817789224,643.8059134189554,0.2043328881825319,441.02456041759393,0,normal,0.6795808082518978,False,0.7144808776971646,False,1.4772430577177489,False,0.7399198437014792,False,0,NORMAL,0,12.70841867578605,13.315593615910615,25.580234309061378,13.755505908995048,22.346130645493293,NORMAL,Vibration,0,Telemetry remains within the expected prototype operating envelope.
24.1,ramp,103.06249266774404,649.3439337748857,0.1909430506651977,433.2563083699827,0,normal,0.7303402143499529,False,0.7694422092568853,False,0.4783745885456588,False,0.6057372166210778,False,0,NORMAL,0,13.590109458519917,14.263233797434427,9.124061036002152,11.409667056898531,13.504970711357192,NORMAL,Temperature,0,Telemetry remains within the expected prototype operating envelope.
24.2,ramp,101.94633513254846,647.2620035506687,0.1904240181573881,446.6646570647784,0,normal,0.6663668663327665,False,0.7487803752470371,False,0.4396552832624423,False,0.8373424016293334,False,0,NORMAL,0,12.477420393315143,13.90820498164398,8.417598547987248,15.419672368764969,14.41729046522197,NORMAL,Thrust,0,Telemetry remains within the expected prototype operating envelope.
24.3,ramp,103.56276875262782,657.2282943916928,0.1965293542103725,449.1126055570036,0,normal,0.7590138872623858,False,0.8476894763570688,False,0.8951072384583727,False,0.8796263231127113,False,0,NORMAL,0,14.084229069483921,15.59452318102269,16.391203295219757,16.131933988934144,16.096947476175636,NORMAL,Vibration,0,Telemetry remains within the expected prototype operating envelope.
24.4,ramp,102.1257614369439,653.1322335158756,0.2001419614556325,435.0600900124206,0,normal,0.6766508101781273,False,0.8070386759959766,False,1.1646041210098876,False,0.6368943106466431,False,0,NORMAL,0,12.657250852060532,14.905495988185269,20.778370460135143,11.959994083667624,18.782288045192093,NORMAL,Vibration,0,Telemetry remains within the expected prototype operating envelope.
24.5,ramp,102.86751496557804,659.5340069101505,0.2017103988122134,447.0144815619559,0,normal,0.7191649312891517,False,0.8705722073807374,False,1.2816079770560942,False,0.8433849926473208,False,0,NORMAL,0,13.396762471066149,15.97992616565268,22.61069516845603,15.521827493776208,20.604007848154637,NORMAL,Vibration,0,Telemetry remains within the expected prototype operating envelope.
24.6,ramp,104.31506314398128,657.0131371829791,0.2026254212177398,444.95091261192425,0,normal,0.8021321652758914,False,0.8455541778342107,False,1.3498677321340102,False,0.8077405386337645,False,0,NORMAL,0,14.821951584507298,15.558469304997292,23.66003112807099,14.91744008046384,21.412835791824595,NORMAL,Vibration,0,Telemetry remains within the expected prototype operating envelope.
24.7,ramp,104.32333687138276,660.9995213162055,0.1728018993788523,451.0217892388792,0,normal,0.8026063797355572,False,0.88511650624567,False,0.8749371294608193,False,0.912604048403162,False,0,NORMAL,0,14.83002973386467,16.2239736565051,16.053242374132694,16.683269419761647,16.42579520146818,NORMAL,Thrust,0,Telemetry remains within the expected prototype operating envelope.
24.8,ramp,105.60651526831376,657.1773900280322,0.1769802436294672,446.8797238567306,0,normal,0.8761526449951625,False,0.8471842829072124,False,0.5632368328827126,False,0.8410572948852462,False,0,NORMAL,0,16.07364761133432,15.585994531363955,10.653432957072617,15.482490407384475,15.504982929243402,NORMAL,Pressure,0,Telemetry remains within the expected prototype operating envelope.
24.9,ramp,104.17691622855148,661.0574690051212,0.2064787816550227,455.5224837564853,0,normal,0.7942141784150646,False,0.8856916002213012,False,1.6373245617015264,False,0.9903454772802612,False,0,NORMAL,0,14.686956990539613,16.233608919986775,27.925141978721857,17.968682873305063,24.872601477892623,NORMAL,Vibration,0,Telemetry remains within the expected prototype operating envelope.
25.0,ramp,106.12471407015512,662.9019123906729,0.1869526714996912,444.9718773986575,0,normal,0.9058535709370168,False,0.9039965283257791,False,0.1806962990738352,False,0.8081026677385886,False,0,NORMAL,0,16.57070790999886,16.539715804901846,3.5494032792121044,14.923602031570926,15.284510181246585,NORMAL,Pressure,0,Telemetry remains within the expected prototype operating envelope.
25.1,ramp,106.84045007364357,666.7790178861593,0.1892996707874166,451.8094845763154,0,normal,0.9468764794385242,False,0.9424743357251786,False,0.3557800954711652,False,0.9262100731650228,False,0,NORMAL,0,17.252409988879403,17.179524551738247,6.8683422376916825,16.909683120874387,16.307437983950187,NORMAL,Pressure,0,Telemetry remains within the expected prototype operating envelope.
25.2,ramp,106.3333310434518,668.4226338246922,0.1848845357833962,450.3580016930782,0,normal,0.9178105983405566,False,0.9587861790823112,False,0.0264154458296214,False,0.901138308598,False,0,NORMAL,0,16.76998280784494,17.44927522387494,0.5269158194009305,16.49199259970626,15.825368459966079,NORMAL,Temperature,0,Telemetry remains within the expected prototype operating envelope.
25.3,ramp,105.1398094231868,665.2173800378425,0.1758629240629767,449.5891670358729,0,normal,0.8494030738006897,False,0.9269760728006596,False,0.6465877535724945,False,0.8878580682734092,False,0,NORMAL,0,15.623445626457656,16.922411576341133,12.130510895270351,16.269896499853843,16.332365676939997,NORMAL,Temperature,0,Telemetry remains within the expected prototype operating envelope.
25.4,ramp,106.85519951054614,675.5543734175035,0.1878877074392861,452.1556403594056,0,normal,0.9477218537071848,False,1.0295641609541817,False,0.250449043750157,False,0.932189293724479,False,0,NORMAL,0,17.266399342899895,18.609598057886068,4.885600038888482,17.008986799375812,17.151164858542842,NORMAL,Temperature,0,Telemetry remains within the expected prototype operating envelope.
25.5,ramp,107.3092043908022,672.4418284019096,0.190152113130362,459.2064615224583,0,normal,0.9737434602369764,False,0.9986741302930584,False,0.4193714405530633,False,1.0539795884952872,False,0,NORMAL,0,17.695853106521252,18.105211207330917,8.045315319909907,19.006065569938656,17.85353157578394,NORMAL,Thrust,0,Telemetry remains within the expected prototype operating envelope.
25.6,ramp,107.56068630060004,676.6764106670859,0.2181659361084975,449.3495807073315,0,normal,0.9881573213884894,False,1.0406996673866593,False,2.509174579508488,False,0.8837196439819214,False,0,NORMAL,0,17.932775554820978,18.790661029132583,39.45812525949769,16.20056567292324,33.731217576356265,NORMAL,Vibration,0,Telemetry remains within the expected prototype operating envelope.
25.7,ramp,105.67411081419117,673.6891034800507,0.1890799614454465,457.9466371203906,0,normal,0.88002693087728,False,1.0110525425613488,False,0.3393899985941587,False,1.0322183805821863,False,0,NORMAL,0,16.138653359436027,18.307705939239362,6.562553942924443,18.652792192672894,17.344714150736245,NORMAL,Thrust,0,Telemetry remains within the expected prototype operating envelope.
25.8,ramp,107.18492917854132,682.2798757917695,0.1914211076707358,462.6967844345277,0,normal,0.966620539723358,False,1.0963104966735684,False,0.5140371623954652,False,1.1142686592965367,False,0,NORMAL,0,17.578520371937667,19.688880434415413,9.769928943613415,19.976811083470547,18.848664527181597,NORMAL,Thrust,0,Telemetry remains within the expected prototype operating envelope.
25.9,ramp,108.67827167126192,678.2448148106786,0.1855663458430314,461.13870542823867,0,normal,1.0522125067918124,False,1.056265081490515,False,0.0772777934609706,False,1.0873556378109672,False,0,NORMAL,0,18.97743593122082,19.04307932378585,1.5336734497354954,19.544916607159802,17.875367509445294,NORMAL,Thrust,0,Telemetry remains within the expected prototype operating envelope.
26.0,ramp,107.3650192396204,681.7345148042444,0.2008895653268001,452.83065880389415,0,normal,0.9769425272462294,False,1.0908981355537677,False,1.2203746210905322,False,0.9438490271695406,False,0,NORMAL,0,17.748495560262057,19.601898809107198,21.657106573647745,17.20229194158457,20.74547615027367,NORMAL,Vibration,0,Telemetry remains within the expected prototype operating envelope.
26.1,ramp,108.16765657916096,683.5673501409287,0.2074876973222663,462.6154470303812,0,normal,1.0229462464658643,False,1.1090878611523751,False,1.7125886600715554,False,1.1128637014628586,False,0,NORMAL,0,18.50179978960678,19.893851313384847,29.001947011098363,19.954322082779907,26.49455857444005,NORMAL,Vibration,0,Telemetry remains within the expected prototype operating envelope.
26.2,ramp,108.97701962979416,680.9813167544986,0.1939708952865738,469.6948323406626,0,normal,1.0693354545101714,False,1.0834231237116954,False,0.7042487649820447,False,1.2351473906667985,False,0,NORMAL,0,19.25443039005699,19.481613566452904,13.138019058239847,21.888233269877333,20.681552550325137,NORMAL,Thrust,0,Telemetry remains within the expected prototype operating envelope.
26.3,ramp,110.35935638630784,687.4309967002306,0.1868881377120916,454.4241318888292,0,normal,1.148565050344869,False,1.1474320971658758,False,0.1758821431480413,False,0.9713734179086704,False,0,NORMAL,0,20.52383416295821,20.50582356757128,3.456492915542042,17.656830996460105,18.778003099644355,NORMAL,Pressure,0,Telemetry remains within the expected prototype operating envelope.
26.4,ramp,110.8343628275651,685.4313730366268,0.1963701884662028,469.9344655198768,0,normal,1.17579037599895,False,1.1275871034485263,False,0.8832336333442261,False,1.2392866242196652,False,0,NORMAL,0,20.955411013948734,20.18968431806618,16.192419793728106,21.952871080231073,21.20727499517293,NORMAL,Thrust,0,Telemetry remains within the expected prototype operating envelope.
26.5,ramp,110.01640091837446,695.4344092892125,0.1827506994179293,460.68034596087296,0,normal,1.128908318375887,False,1.2268608794095583,False,0.132766610045095,False,1.079438299766147,False,0,NORMAL,0,20.210770848046934,21.758671130853724,2.620388231422588,19.41741767005277,19.743770424587822,NORMAL,Temperature,0,Telemetry remains within the expected prototype operating envelope.
26.6,ramp,109.1201743651772,690.1534949014282,0.1928058226945085,468.6080075256121,0,normal,1.0775404680662222,False,1.1744511611435895,False,0.6173355164079634,False,1.2163744404630925,False,0,NORMAL,0,19.386825428686006,20.93423664081061,11.61492834460287,21.59440435005382,20.4702723693984,NORMAL,Thrust,0,Telemetry remains within the expected prototype operating envelope.
26.7,ramp,110.27357561244096,694.8470399206,0.2158472542552485,469.1905532084767,0,normal,1.1436484654303505,False,1.221031611811839,False,2.3362032353638256,False,1.2264368727376929,False,0,NORMAL,0,20.445645463516694,21.66740000817612,37.32707482961807,21.752035880427435,33.116912305153846,NORMAL,Vibration,0,Telemetry remains within the expected prototype operating envelope.
26.8,ramp,110.46829153216856,695.6623640783854,0.1804442184473325,466.7908639392535,0,normal,1.154808744248015,False,1.2291231857831606,False,0.3048277805628131,False,1.1849865428117952,False,0,NORMAL,0,20.62301719363784,21.79406429462787,5.914435405612695,21.10065884586817,20.24145716873594,NORMAL,Temperature,0,Telemetry remains within the expected prototype operating envelope.
26.9,ramp,112.2772554295963,699.4494822885824,0.2070033925557169,468.4934535677011,0,normal,1.258490772377128,False,1.2667079265802226,False,1.6764600095072986,False,1.2143957262142828,False,0,NORMAL,0,22.252061867414174,22.379730290888954,28.48707632351193,21.563369755739657,26.801295456068793,NORMAL,Vibration,0,Telemetry remains within the expected prototype operating envelope.
27.0,ramp,109.70944477649655,698.8260792776935,0.185309604222763,471.149534806795,0,normal,1.11131491290116,False,1.260521047989192,False,0.058125125709905,False,1.2602747677562185,False,0,NORMAL,0,19.929523476124047,22.283625407247754,1.1557715614666342,22.27979731160198,20.228619318399577,NORMAL,Temperature,0,Telemetry remains within the expected prototype operating envelope.
27.1,ramp,112.57582635260312,703.3427572296034,0.1918013403770383,462.88938843327,0,normal,1.2756035731808075,False,1.3053462054477727,False,0.5424021414911302,False,1.1175955480713913,False,0,NORMAL,0,22.517704015620243,22.97724136286108,10.280354569342776,20.03003902295022,21.568174045802454,NORMAL,Temperature,0,Telemetry remains within the expected prototype operating envelope.
27.2,ramp,111.5215951294699,704.8917523337475,0.1974274277295082,478.0092764774806,0,normal,1.215179574953472,False,1.3207189971732636,False,0.962102623585471,False,1.3787645068666463,False,0,NORMAL,0,21.575665282675793,23.21368865643203,17.504012048187256,24.099954443806126,23.22438592619534,NORMAL,Thrust,0,Telemetry remains within the expected prototype operating envelope.
27.3,ramp,111.3054145267598,705.9481434892268,0.2067780721422255,460.6803511283791,0,normal,1.2027890328519804,False,1.3312030078524373,False,1.6596513323141644,False,1.0794383890255508,False,0,NORMAL,0,21.38108027666479,23.374525677427805,28.24626424721344,19.417419108603408,26.446759575305812,NORMAL,Vibration,0,Telemetry remains within the expected prototype operating envelope.
27.4,ramp,113.04338567811494,710.1742774914985,0.2050461564263791,464.1968369629135,0,normal,1.3024020621991232,False,1.3731447013071991,False,1.5304521543866507,False,1.1401793774070932,False,0,NORMAL,0,22.931874800639306,24.014597784413272,26.367996962105178,20.390430099331713,25.338376744436193,NORMAL,Vibration,0,Telemetry remains within the expected prototype operating envelope.
27.5,ramp,114.1593684328273,706.5542007470402,0.2004717570961379,466.8702298309606,0,normal,1.366365392550947,False,1.337217740870742,False,1.189206545508675,False,1.1863574463026412,False,0,NORMAL,0,23.9115022080153,23.46664661212643,21.167221838806416,21.122288556950753,23.3883966166011,NORMAL,Pressure,0,Telemetry remains within the expected prototype operating envelope.
27.6,ramp,113.80168831174886,710.119797928756,0.2121656708224769,476.560207487067,0,normal,1.345864706811661,False,1.3726040262791794,False,2.0615607983020463,False,1.353734437970486,False,0,NORMAL,0,23.598888490083713,24.006380658247384,33.78824426026799,23.71904514678349,31.159707642770165,NORMAL,Vibration,0,Telemetry remains within the expected prototype operating envelope.
27.7,ramp,114.01459186096986,712.3887574651409,0.2035604570990059,484.2804547768237,0,normal,1.3580674223056008,False,1.3951220073193351,False,1.4196204724590609,False,1.4870878689226217,False,0,NORMAL,0,23.785121348422923,24.34785572408329,24.71762139904481,25.726619856588716,25.34780951049489,NORMAL,Thrust,0,Telemetry remains within the expected prototype operating envelope.
27.8,ramp,114.80284322090806,711.8888611125186,0.2129982269694899,478.42294040708975,0,normal,1.4032465990653678,False,1.3901608537994596,False,2.123668653082965,False,1.3859098096275713,False,0,NORMAL,0,24.470684461113734,24.27275409079954,34.605611281458124,24.208342739654565,31.90491918308755,NORMAL,Vibration,0,Telemetry remains within the expected prototype operating envelope.
27.9,ramp,116.20207016900606,715.6341919608171,0.1712215003317344,483.6307829555329,0,normal,1.4834442680171918,False,1.4273308815935528,False,0.9928333156417236,False,1.4758659529514837,False,0,NORMAL,0,25.67247561995781,24.83362352160058,18.009488852113066,25.559734723375783,24.918699890714212,NORMAL,Pressure,0,Telemetry remains within the expected prototype operating envelope.
28.0,ramp,114.116494665387,715.4079158703961,0.1956800992989423,471.83411808511215,0,normal,1.3639080526515337,False,1.4250852352379284,False,0.8317536725753697,False,1.2720997165576875,False,0,NORMAL,0,23.874097956970207,24.79985651941281,15.325080206731522,22.46338761496316,23.685368688700123,NORMAL,Temperature,0,Telemetry remains within the expected prototype operating envelope.
28.1,ramp,114.74572695382662,725.9018928734298,0.1915432836734799,492.6979631577676,0,normal,1.3999729403601893,False,1.5292312860602582,False,0.5231513698436556,False,1.632485235164577,False,0,NORMAL,0,24.421216828604276,26.350015770864267,9.934254245757712,27.855349454674894,25.85505032178003,NORMAL,Thrust,0,Telemetry remains within the expected prototype operating envelope.
28.2,ramp,114.63803286916249,722.9454634881664,0.2037342605774275,481.97600672113725,0,normal,1.3938003787455748,False,1.4998906037887745,False,1.4325860378890394,False,1.447282660210654,False,0,NORMAL,0,24.327856273907,25.916557059965562,24.912584230557,25.13296646257952,25.621133941340908,NORMAL,Temperature,0,Telemetry remains within the expected prototype operating envelope.
28.3,ramp,115.9590773662496,724.6219413063392,0.182172163704014,486.89009405852806,0,normal,1.4695169659597034,False,1.5165285804113129,False,0.1759247949126727,False,1.532164708912511,False,0,NORMAL,0,25.46515062958531,26.162667073954594,3.45731646221763,26.393212407586276,24.284943390098665,NORMAL,Thrust,0,Telemetry remains within the expected prototype operating envelope.
28.4,ramp,115.4904610468223,721.3619393692521,0.1807656329089248,486.9905688764191,0,normal,1.4426578945975213,False,1.4841751335414928,False,0.2808505836173791,False,1.5339002312587755,False,0,NORMAL,0,25.063685930444368,25.68333951094933,5.462170244828613,26.41875721891139,24.402138071491606,NORMAL,Thrust,0,Telemetry remains within the expected prototype operating envelope.
28.5,ramp,114.45403968079064,724.2966687522771,0.2143088771032188,487.904068967596,0,normal,1.3832546807582016,False,1.5133004570852693,False,2.2214418404725187,False,1.5496793075968038,False,0,NORMAL,0,24.16808472812987,26.11498047843962,35.871953066543774,26.650600009366997,33.18726109297047,NORMAL,Vibration,0,Telemetry remains within the expected prototype operating envelope.
28.6,ramp,117.36419096016516,724.7553789898581,0.1960156592967494,483.3761937035499,0,normal,1.5500520321244344,False,1.5178528645950262,False,0.8567861123559907,False,1.4714683800550157,False,0,NORMAL,0,26.656067629665547,26.182220806802682,15.747944756469446,25.494234624854982,25.558484893339465,NORMAL,Pressure,0,Telemetry remains within the expected prototype operating envelope.
28.7,ramp,114.9438627615594,732.5177892841924,0.2145372245592848,485.9348252580048,0,normal,1.4113292324453692,False,1.5948898522674608,False,2.238476332010203,False,1.5156641530041108,False,0,NORMAL,0,24.59268098262034,27.310843777856498,36.09005905767879,26.1499005675634,33.44609327124163,NORMAL,Vibration,0,Telemetry remains within the expected prototype operating envelope.
28.8,ramp,119.05210616465436,731.4170782330501,0.2221815938591089,485.82689346355386,0,normal,1.6467960699464488,False,1.5839659947976164,False,2.8087386261132026,False,1.513799824756756,False,0,NORMAL,0,28.061544266793693,27.151860974111287,42.978838075603264,26.122359267991836,38.81377247528588,NORMAL,Vibration,0,Telemetry remains within the expected prototype operating envelope.
28.9,ramp,114.9348763252938,729.674388509343,0.2003007675305003,488.3175126086756,0,normal,1.4108141685798077,False,1.566670907103,False,1.1764508951543136,False,1.5568208052683177,False,0,NORMAL,0,24.58491266546432,26.89944167382826,20.965852417289476,26.755290140984222,26.16511806652542,NORMAL,Temperature,0,Telemetry remains within the expected prototype operating envelope.
29.0,ramp,117.14841975312773,731.1158004369247,0.1934029666278618,488.9571316790112,0,normal,1.5376849548216096,False,1.5809760041908287,False,0.6618818558099047,False,1.5678690779894304,False,0,NORMAL,0,26.47443307714702,27.108284895921532,12.398877233787042,26.916956967266625,25.74900849758469,NORMAL,Temperature,0,Telemetry remains within the expected prototype operating envelope.
29.1,ramp,118.39411731525848,737.7915882708995,0.2030683972766383,495.8441539938007,0,normal,1.6090829798794142,False,1.647228954700939,False,1.3829133024972815,False,1.6868300413175936,False,0,NORMAL,0,27.51688849166255,28.067772209341356,24.162907077906603,28.635240881957134,28.096402331098055,NORMAL,Thrust,0,Telemetry remains within the expected prototype operating envelope.
29.2,ramp,117.70252353812928,736.4256012966209,0.2022741264717719,486.0432221460012,0,normal,1.5694437999288402,False,1.6336724023276368,False,1.3236614958985895,False,1.5175365149086355,False,0,NORMAL,0,26.93997043734726,27.872476973295225,23.258864086913754,26.177550212790578,27.238885432297245,NORMAL,Temperature,0,Telemetry remains within the expected prototype operating envelope.
29.3,ramp,119.142308266168,738.5400029898877,0.1878136552699529,492.20239091060125,0,normal,1.651966066340374,False,1.654656495025965,False,0.2449248260794815,False,1.6239251130643462,False,0,NORMAL,0,28.13589013472788,28.17454878549004,4.780455435616416,27.731730261821397,26.085436364613404,NORMAL,Temperature,0,Telemetry remains within the expected prototype operating envelope.
29.4,ramp,119.0182631283494,739.2417677700643,0.1904879147322021,491.5528240034215,0,normal,1.6448563327039674,False,1.6616210643632578,False,0.4444219037525853,False,1.6127050092963855,False,0,NORMAL,0,28.03363051225839,28.274525806668883,8.504864655196155,27.56937667041783,26.461901568232136,NORMAL,Temperature,0,Telemetry remains within the expected prototype operating envelope.
29.5,ramp,117.17406911006334,743.5705807759465,0.1966735328434417,493.7706048937668,0,normal,1.5391550656132478,False,1.704581781656677,False,0.905862820093678,False,1.651013198105315,False,0,NORMAL,0,26.496048045230435,28.888161373042422,16.57086223997466,28.122193424147014,27.534065587187094,NORMAL,Temperature,0,Telemetry remains within the expected prototype operating envelope.
29.6,ramp,119.6011490369024,741.3325028757931,0.2011421449530545,493.9279485776687,0,normal,1.6782648453075582,False,1.6823702812249226,False,1.239216808256296,False,1.6537310281565372,False,0,NORMAL,0,28.51288548206886,28.571558544436858,21.951781285523843,28.161253139963893,27.951292418433383,NORMAL,Temperature,0,Telemetry remains within the expected prototype operating envelope.
29.7,ramp,121.31351864917872,744.791086103131,0.2074175506045158,490.017425246818,0,normal,1.776410504576894,False,1.716694521164028,False,1.7073557851777286,False,1.5861837484626315,False,0,NORMAL,0,29.90243305642033,29.06022470849219,28.92760332896619,27.184165654662117,29.505593827170532,NORMAL,Pressure,0,Telemetry remains within the expected prototype operating envelope.
29.8,ramp,119.88585060661312,751.6726628353097,0.2073862052911564,489.77361074692703,0,normal,1.6945827144486303,False,1.7849897956705432,False,1.7050174561927427,False,1.581972290091411,False,0,NORMAL,0,28.745808670316542,30.022607412210935,28.89435742655274,27.122807646597803,29.558433169058937,NORMAL,Temperature,0,Telemetry remains within the expected prototype operating envelope.
29.9,ramp,119.54943457756067,751.4637459986506,0.2194215899032282,489.0718172289496,0,normal,1.6753007949825214,False,1.7829164288733743,False,2.60284509508637,False,1.569850065254594,False,0,NORMAL,0,28.470494637446052,29.993583634464326,40.5817649298297,26.94590654752239,37.402425307449775,NORMAL,Vibration,0,Telemetry remains within the expected prototype operating envelope.
30.0,steady,120.548033095102,751.3058850693016,0.188083661444645,495.2600336245641,0,normal,0.0378854191972456,False,0.9441953566702048,False,1.1416102008556273,False,0.529453363266669,False,0,NORMAL,0,0.7548450105403504,17.20802680074479,20.41320828788796,10.04770148384072,17.505666275640884,NORMAL,Vibration,0,Telemetry remains within the expected prototype operating envelope.
30.1,steady,119.92444314892262,755.8332748813036,0.1952440375441213,493.4107251473602,0,normal,0.3937583714775004,False,1.9446245248516063,False,0.4318564807503455,False,0.8454279587739619,False,0,NORMAL,0,7.5730584196566975,32.2214833599899,8.274640474290251,15.556337651961815,26.511197175759566,NORMAL,Temperature,0,Telemetry remains within the expected prototype operating envelope.
30.2,steady,121.69310786816716,747.7560748640931,0.197582967151886,498.342968665924,0,normal,0.6155907033236931,False,0.1597845110690571,False,0.2000161462326115,False,0.0027001662328061,False,0,NORMAL,0,11.584079876539155,3.145167653173142,3.9213663468622317,0.05398874548527832,9.166304649180685,NORMAL,Pressure,0,Telemetry remains within the expected prototype operating envelope.
30.3,steady,120.28212588501331,753.4193062244611,0.2031291817804439,496.0381818429459,0,normal,0.189634472347704,False,1.411203556995305,False,0.3497380022134732,False,0.396498222694513,False,0,NORMAL,0,3.7216676895943546,24.59078558904887,6.755732179058893,7.623691759282735,19.71954988936794,NORMAL,Temperature,0,Telemetry remains within the expected prototype operating envelope.
30.4,steady,122.01704935909952,745.5046025770964,0.1913204552360168,497.211783193438,0,normal,0.8004590057241351,False,0.3377292089318917,False,0.8207714065347778,False,0.1959755859469409,False,0,NORMAL,0,14.793443521858318,6.5315127990327015,15.138891304753145,3.843692664281484,13.367189123458036,NORMAL,Vibration,0,Telemetry remains within the expected prototype operating envelope.
30.5,steady,119.59409876966576,750.5794673758734,0.2044593368199588,494.3913129650452,0,normal,0.5822807013123514,False,0.7836769390022477,False,0.4815861725465272,False,0.6778837967957146,False,0,NORMAL,0,10.993086568079802,14.506974613568191,9.182413435960656,12.678786684780574,13.573643862778383,NORMAL,Temperature,0,Telemetry remains within the expected prototype operating envelope.
30.6,steady,119.23272884947852,745.307192788035,0.2088739287247831,496.3244316151492,0,normal,0.7885088182828603,False,0.3813513663476413,False,0.919171151836216,False,0.3475893158783037,False,0,NORMAL,0,14.589553101813324,7.343425323919739,16.79262750493995,6.715653031103985,14.891318037366455,NORMAL,Vibration,0,Telemetry remains within the expected prototype operating envelope.
30.7,steady,119.6142582787388,754.8651381853548,0.2002869331608013,497.2045620435064,0,normal,0.570775987270218,False,1.7306928269787276,False,0.0680074753207614,False,0.1972093984540781,False,0,NORMAL,0,10.788050953567662,29.258554284933247,1.3509412688926137,3.867417507886406,22.978744636543606,NORMAL,Temperature,0,Telemetry remains within the expected prototype operating envelope.
30.8,steady,119.10915820153662,754.8121378855307,0.20508844073745,498.069626787357,0,normal,0.8590286391486371,False,1.7189812121038917,False,0.5439444676373189,False,0.0494036181339209,False,0,NORMAL,0,15.785723782032267,29.092660759091537,10.308025692328615,0.9832069654432618,23.82507099831287,NORMAL,Temperature,0,Telemetry remains within the expected prototype operating envelope.
30.9,steady,123.64060448633415,757.7828577777544,0.202907428697591,492.9433596470376,0,normal,1.7269963238106167,False,2.375428956629587,False,0.3277573026925138,False,0.9252824701974892,False,0,NORMAL,0,29.206235752113475,37.816829359002355,6.3449149891556145,16.894266725987162,32.47888568064916,NORMAL,Temperature,0,Telemetry remains within the expected prototype operating envelope.
31.0,steady,119.89200531751612,757.1380767415196,0.1914194094060765,501.1190440294654,0,normal,0.4122701305251338,False,2.2329500046229613,False,0.8109628309314739,False,0.4716226960183988,False,0,NORMAL,0,7.914622788173331,36.019382555335376,14.972254591228717,9.001261226911739,29.354506762612296,NORMAL,Temperature,0,Telemetry remains within the expected prototype operating envelope.
31.1,steady,119.34512324025192,753.7087527682644,0.1967333418858873,502.8815102116965,0,normal,0.7243671112054247,False,1.4751633168291984,False,0.2842330483702145,False,0.7727593348704372,False,0,NORMAL,0,13.48682073760299,25.549273104454684,5.526102792822685,14.32009485845942,21.759228023562777,NORMAL,Temperature,0,Telemetry remains within the expected prototype operating envelope.
31.2,steady,122.10266920242675,750.6200630789775,0.1996881397191884,493.4989180081295,0,normal,0.8493209006365201,False,0.7926474776955482,False,0.0086536275821652,False,0.8303592431693332,False,0,NORMAL,0,15.622058917371739,14.660220800824186,0.17292286746917185,15.301462273907894,14.158046471504267,NORMAL,Pressure,0,Telemetry remains within the expected prototype operating envelope.
31.3,steady,120.50878652434864,759.0744205468773,0.2099884938829053,513.3204344297038,0,normal,0.0602828184600901,False,2.6608289598151385,False,1.0296495340171203,False,2.556363799985612,False,0,NORMAL,0,1.1984174541513681,41.26684467590665,18.610987755603283,40.0268221768375,35.66996784480797,NORMAL,Temperature,0,Telemetry remains within the expected prototype operating envelope.
31.4,steady,118.71724110453655,752.9419110714427,0.214706217930455,503.1124995093649,0,normal,1.082689548393634,False,1.305712301402091,False,1.4972817011910533,False,0.8122263847417767,False,0,NORMAL,0,19.469799439631363,22.982880700470197,25.877891676073883,14.993739302744014,24.11150681235348,NORMAL,Vibration,0,Telemetry remains within the expected prototype operating envelope.
31.5,steady,118.88317411681366,754.3317881763676,0.1916057981552633,498.4157496500298,0,normal,0.9879941939838888,False,1.6128370805117218,False,0.7924875293155741,False,0.0097352615484072,False,0,NORMAL,0,17.930098028478124,27.571289845240333,14.657490765271897,0.19451580329512552,23.202260413106195,NORMAL,Temperature,0,Telemetry remains within the expected prototype operating envelope.
31.6,steady,118.91117028126386,747.6354949837357,0.2079741774892557,504.0342348158404,0,normal,0.972017224251682,False,0.1331396595288765,False,0.829985642903018,False,0.9697149509915514,False,0,NORMAL,0,17.66743292478821,2.627653443171085,15.295133358212187,17.629513781912276,16.140558083069664,NORMAL,Pressure,0,Telemetry remains within the expected prototype operating envelope.
31.7,steady,120.2458635188509,754.6522604564007,0.2170634272166016,500.9154305067468,0,normal,0.2103288330922169,False,1.6836526784283736,False,1.7309339614447612,False,0.4368330969472414,False,0,NORMAL,0,4.119327897688185,28.589876122009315,29.26196584281595,8.365891436631589,25.17477066150556,NORMAL,Vibration,0,Telemetry remains within the expected prototype operating envelope.
31.8,steady,120.41864770142476,758.6580556133111,0.1995639444346503,498.7546765242111,0,normal,0.111723623793022,False,2.5688237114393084,False,0.003656908065101,False,0.0676446278310479,False,0,NORMAL,0,2.2096930459686526,40.17608821248858,0.0731114218681328,1.3437820964623426,29.9471913810865,NORMAL,Temperature,0,Telemetry remains within the expected prototype operating envelope.
31.9,steady,121.28272176620904,752.1500494713898,0.1853761304728917,504.0780369107264,0,normal,0.3813898240865981,False,1.1307325725182156,False,1.4099871901094068,False,0.9771990183521738,False,0,NORMAL,0,7.3441379936512785,20.239876704434877,24.572438303176035,17.752714807909054,22.089137080366907,NORMAL,Vibration,0,Telemetry remains within the expected prototype operating envelope.
32.0,steady,120.82060088606922,748.3178941596133,0.1927852233246511,496.8903509369706,0,normal,0.1176647224660516,False,0.2839311902428964,False,0.675580066644722,False,0.2508958053004199,False,0,NORMAL,0,2.325820412467272,5.520399077914872,12.63854451239479,4.894098350566722,10.435704388974182,NORMAL,Vibration,0,Telemetry remains within the expected prototype operating envelope.
32.1,steady,120.24308473664632,750.06491220765,0.2081341266234989,488.1514430253382,0,normal,0.2119146402928362,False,0.6699743376568719,False,0.8458401862230299,False,1.74403387641798,False,0,NORMAL,0,4.149732727857469,12.54054465790797,15.56329936408093,29.447055717344238,24.539391557152936,NORMAL,Thrust,0,Telemetry remains within the expected prototype operating envelope.
32.2,steady,122.05110804171308,750.6415933979638,0.2038161292720745,506.867507228939,0,normal,0.8198957590052375,False,0.7974050885946602,False,0.4178298916517197,False,1.453810555227573,False,0,NORMAL,0,15.12402831928087,14.741384872722252,8.016960420459707,25.23064751057389,21.92231023013874,NORMAL,Thrust,0,Telemetry remains within the expected prototype operating envelope.
32.3,steady,122.55651026466832,753.1054016527164,0.1917284817202006,502.8610740388823,0,normal,1.1083208407020284,False,1.341839242757021,False,0.7803268389551337,False,0.7692675910546932,False,0,NORMAL,0,19.881561759926836,23.537353737190358,14.449673381550854,14.260239505153727,21.61055241275814,NORMAL,Temperature,0,Telemetry remains within the expected prototype operating envelope.
32.4,steady,118.54121991521924,754.2434241873511,0.2047231187022064,496.8055179048094,0,normal,1.183142066414529,False,1.5933110587420571,False,0.5077328678626181,False,0.2653904574113136,False,0,NORMAL,0,21.071547882246033,27.287887919949128,9.65608980241549,5.169404502695696,23.26580853235624,NORMAL,Temperature,0,Telemetry remains within the expected prototype operating envelope.
32.5,steady,119.76734984131124,751.6391056402362,0.1919871184286077,498.65971160437135,0,normal,0.4834090457798233,False,1.017827977770621,False,0.7546901456589334,False,0.0514188318085702,False,0,NORMAL,0,9.215517190731182,18.4183311380257,14.00990141812687,1.0231069232777057,15.705265198355832,NORMAL,Temperature,0,Telemetry remains within the expected prototype operating envelope.
32.6,steady,121.8246202248342,750.5728753431662,0.2012928766479043,498.4634160780592,0,normal,0.6906427321692198,False,0.782220280293424,False,0.1677190159253472,False,0.0178795925248381,False,0,NORMAL,0,12.901327768776182,14.482064153145902,3.2987447926106306,0.3569532522575858,12.129262071638989,NORMAL,Temperature,0,Telemetry remains within the expected prototype operating envelope.
32.7,steady,119.21045293678372,753.8934560961214,0.2052026227920249,498.531373897473,0,normal,0.8012213305098511,False,1.515977694278763,False,0.5552624678202589,False,0.0294909298249801,False,0,NORMAL,0,14.80643354555321,26.154531433226968,10.510822836249478,0.5880825814059465,21.555684091285645,NORMAL,Temperature,0,Telemetry remains within the expected prototype operating envelope.
32.8,steady,120.19801072283126,753.0351777208939,0.1937709407451954,486.94321025289526,0,normal,0.2376376694496837,False,1.32632167687096,False,0.5778733824588062,False,1.950473670674778,False,0,NORMAL,0,4.641578311171346,23.29968228948115,10.914595610161204,32.300726286111,27.22167305445306,NORMAL,Thrust,0,Telemetry remains within the expected prototype operating envelope.
32.9,steady,121.02687632252857,755.8540546031791,0.2193068463017595,503.99775109666433,0,normal,0.2353828624159393,False,1.9492162743439476,False,1.9533070629865172,False,0.9634813082265018,False,0,NORMAL,0,4.598565645384012,32.28369918154531,32.3390791385472,17.526756102662453,28.61086019601784,NORMAL,Vibration,0,Telemetry remains within the expected prototype operating envelope.
33.0,steady,120.8651906499493,750.9714956146256,0.1908273849648663,502.8242621920033,0,normal,0.1431113978185115,False,0.8703044442722392,False,0.8696457190514044,False,0.7629778840799776,False,0,NORMAL,0,2.821654237656579,15.975426549941417,15.964355999572078,14.15231604477225,14.663980630256873,NORMAL,Temperature,0,Telemetry remains within the expected prototype operating envelope.
33.1,steady,119.91704558899376,755.0018822701728,0.1942156794899472,506.3618084768732,0,normal,0.3979800423169414,False,1.760909525056184,False,0.5337898072139777,False,1.3674063881552738,False,0,NORMAL,0,7.651064708144828,29.684779656728498,10.125682283105576,23.927342117378746,25.541632793842318,NORMAL,Temperature,0,Telemetry remains within the expected prototype operating envelope.
33.2,steady,122.69403564554425,749.548976772197,0.1882465591716727,496.6769276657404,0,normal,1.1868044076768314,False,0.5559667350516733,False,1.125463385919039,False,0.2873615072804255,False,0,NORMAL,0,21.12933929986499,10.52342680758077,20.15577820458564,5.585195844976298,18.756022808650417,NORMAL,Pressure,0,Telemetry remains within the expected prototype operating envelope.
33.3,steady,121.24100424806568,750.0265129858426,0.1997614185557123,499.3364680856929,0,normal,0.357582294099238,False,0.6614891611806343,False,0.0159172023030015,False,0.1670500842894086,False,0,NORMAL,0,6.901904537905057,12.391996865516553,0.31783786867271013,3.2858066213860893,10.058333228265296,NORMAL,Temperature,0,Telemetry remains within the expected prototype operating envelope.
33.4,steady,119.56520368510678,752.1197327007626,0.1865493749161652,496.7621553374183,0,normal,0.5987706705804491,False,1.1240333964189686,False,1.2936923758932777,False,0.2727994266884573,False,0,NORMAL,0,11.286147299632908,20.13293965909153,22.797509968127695,5.309819837427487,20.02694294615747,NORMAL,Vibration,0,Telemetry remains within the expected prototype operating envelope.
33.5,steady,118.70062810345328,759.0406898038945,0.1996854171620782,498.53966699299394,0,normal,1.0921703262316371,False,2.653375389315205,False,0.0083837611658877,False,0.0309078959693756,False,0,NORMAL,0,19.62235254986171,41.179225041441946,0.16753472695201221,0.6162512540781817,32.15521558951647,NORMAL,Temperature,0,Telemetry remains within the expected prototype operating envelope.
33.6,steady,120.08175781082927,752.6200459520534,0.2076454832259658,495.4670014372115,0,normal,0.3039813737681968,False,1.2345889241298955,False,0.7974046760786163,False,0.4940906470457537,False,0,NORMAL,0,5.898507125240659,21.87950822105019,14.741377838612635,9.409254903449183,18.765437051413482,NORMAL,Temperature,0,Telemetry remains within the expected prototype operating envelope.
33.7,steady,118.37169865411184,751.672094252107,0.2009918789562318,499.6699229558708,0,normal,1.27988517786811,False,1.025117557617681,False,0.137883399968906,False,0.224024498792555,False,0,NORMAL,0,22.5840253277374,18.537183696297554,2.7199914611062526,4.381598463155434,18.899111371005265,NORMAL,Pressure,0,Telemetry remains within the expected prototype operating envelope.
33.8,steady,119.77507985498993,753.5697880390347,0.1895686692784094,501.0828297225547,0,normal,0.4789976488260182,False,1.44445591714799,False,0.994412648693967,False,0.4654350852878322,False,0,NORMAL,0,9.135384568064953,25.090628522324465,18.035382827221934,8.888578563146476,21.65953130657721,NORMAL,Temperature,0,Telemetry remains within the expected prototype operating envelope.
33.9,steady,120.45543413668122,749.6811392383559,0.1955995478731639,498.341278982349,0,normal,0.0907301850777401,False,0.5851710208707622,False,0.3966174409194246,False,0.0029888671665425,False,0,NORMAL,0,1.7982389034981394,11.04452338430908,7.625894320922544,0.05975948023650979,8.975176607585452,NORMAL,Temperature,0,Telemetry remains within the expected prototype operating envelope.
34.0,steady,121.4740068215485,755.0352931869427,0.2023226256476463,496.9353639952173,0,normal,0.4905531898333016,False,1.7682924227213344,False,0.2697902162628597,False,0.2432048315946426,False,0,NORMAL,0,9.345140048843415,29.78852905597784,5.252814149467744,4.74769438275654,23.66178442962708,NORMAL,Temperature,0,Telemetry remains within the expected prototype operating envelope.
34.1,steady,121.20891449791456,756.8380311794504,0.2020020618160307,493.7307457185778,0,normal,0.3392691795370475,False,2.166648152001011,False,0.2380151574028901,False,0.7907489412974517,False,0,NORMAL,0,6.560296110819341,35.165325821830464,4.6487773704969815,14.627810512599382,28.19515514306759,NORMAL,Temperature,0,Telemetry remains within the expected prototype operating envelope.
34.2,steady,121.26251351461474,753.4593061357028,0.1949299166934739,502.5264675093276,0,normal,0.3698572934559389,False,1.420042442002461,False,0.462992895823004,False,0.712096402941172,False,0,NORMAL,0,7.130180027485922,24.723974505144174,8.844065422367375,13.274244401326229,20.793174059522038,NORMAL,Temperature,0,Telemetry remains within the expected prototype operating envelope.
34.3,steady,120.16277537436784,754.142752713654,0.2063333318114106,497.91140152803246,0,normal,0.2577459273828425,False,1.571065419892172,False,0.6673410684016287,False,0.0764381355929526,False,0,NORMAL,0,5.024306543410139,26.963661715806676,12.49447166774752,1.5171364560681244,21.55134304878968,NORMAL,Temperature,0,Telemetry remains within the expected prototype operating envelope.
34.4,steady,119.48532506261688,754.3939931795531,0.1926315433758397,489.0133257618129,0,normal,0.6443561412631078,False,1.626582682763307,False,0.6908131932094627,False,1.5967717768876346,False,0,NORMAL,0,12.091284015301584,27.77013164825175,12.904297104214757,27.338197732268366,25.059677740116825,NORMAL,Temperature,0,Telemetry remains within the expected prototype operating envelope.
34.5,steady,120.01621867149528,750.8411498928303,0.201274908490008,509.8005113628936,0,normal,0.341383527455238,False,0.8415016092068892,False,0.1659379688500042,False,1.9549464156161855,False,0,NORMAL,0,6.599800566293224,15.490000541681837,3.2642927593517834,32.36125952390919,26.084912112274125,NORMAL,Thrust,0,Telemetry remains within the expected prototype operating envelope.
34.6,steady,121.73378624009408,753.3708163377366,0.1849812433606687,502.7925520115119,0,normal,0.6388052089459848,False,1.4004886199001167,False,1.449129351502633,False,0.7575598526494464,False,0,NORMAL,0,11.993634754384018,24.429011313078565,25.160612616652024,14.059240535294581,22.97311688252212,NORMAL,Vibration,0,Telemetry remains within the expected prototype operating envelope.
34.7,steady,120.3545981487497,755.1202846365347,0.2191293049089418,499.6911541757104,0,normal,0.1482756938550144,False,1.7870732056334884,False,1.9357087326370472,False,0.2276520850950223,False,0,NORMAL,0,2.9219739698295166,30.05175965756096,32.10051570560104,4.45094610439396,26.948789809411906,NORMAL,Vibration,0,Telemetry remains within the expected prototype operating envelope.
34.8,steady,120.91244908223196,754.889249369622,0.191456326356439,490.47183024746937,0,normal,0.1700810401605789,False,1.7360207384292436,False,0.807303533920993,False,1.3475703210019845,False,0,NORMAL,0,3.3444161457524046,29.33389496868546,14.910003459552835,23.624946209379015,25.298192048190398,NORMAL,Temperature,0,Telemetry remains within the expected prototype operating envelope.
34.9,steady,120.71807100587506,747.2164620664568,0.203971638157302,506.52734093709887,0,normal,0.0591525360762814,False,0.040544859813885,False,0.4332443067978342,False,1.3956894208714914,False,0,NORMAL,0,1.1760801918562769,0.8076182937916232,8.300096709877147,24.356440447347616,18.862706909527308,NORMAL,Thrust,0,Telemetry remains within the expected prototype operating envelope.
35.0,steady,119.36091709072312,749.2316591272495,0.2010706135659357,498.8759862073341,0,normal,0.7153538097089935,False,0.4858482251008577,False,0.1456877640640356,False,0.0883717150252104,False,0,NORMAL,0,13.330726213551102,9.25979431649595,2.871714741093423,1.7519067945376943,11.046209469555057,NORMAL,Pressure,0,Telemetry remains within the expected prototype operating envelope.
35.1,steady,118.38318262185852,755.1594195711873,0.2129862487853335,498.9344338958983,0,normal,1.2733314585034166,False,1.795720954501392,False,1.3267942180956391,False,0.0983581423736233,False,0,NORMAL,0,22.48248628196452,30.172634061527205,23.306930759368505,1.9479404507671272,26.429336400935078,NORMAL,Temperature,0,Telemetry remains within the expected prototype operating envelope.
35.2,steady,120.86437439078922,750.5326885229466,0.199520686755385,503.6837591495983,0,normal,0.1426455715830158,False,0.7733400935205667,False,0.0079447133919629,False,0.909832347174452,False,0,NORMAL,0,2.812600171305324,14.330046149729025,0.1587680977320316,16.637070799163066,13.78371347602482,NORMAL,Thrust,0,Telemetry remains within the expected prototype operating envelope.
35.3,steady,119.75574439159564,753.4688104291207,0.1940772322443874,491.85516805391774,0,normal,0.4900320929891887,False,1.422142630577563,False,0.5475130315543291,False,1.1112119150191386,False,0,NORMAL,0,9.335691564209615,24.755586635280615,10.372017162479064,19.927874041236393,21.725358635712897,NORMAL,Temperature,0,Telemetry remains within the expected prototype operating envelope.
35.4,steady,121.63502636791712,751.2902005033301,0.2025602839645943,491.7190675256135,0,normal,0.5824445067028413,False,0.9407294971043848,False,0.293347480884775,False,1.1344661800102744,False,0,NORMAL,0,10.996002482757483,17.15061783544517,5.698161115877154,20.299413071906468,17.932235516013,NORMAL,Thrust,0,Telemetry remains within the expected prototype operating envelope.
35.5,steady,121.0266562183781,746.1918720598572,0.2046817602425512,497.8936396083728,0,normal,0.2352572524468923,False,0.1858614737675486,False,0.5036333177565468,False,0.0794729539853849,False,0,NORMAL,0,4.596168941035872,3.6489886690375783,9.581985549830552,1.5768938400772425,7.926143844888218,NORMAL,Vibration,0,Telemetry remains within the expected prototype operating envelope.
35.6,steady,120.39833091484644,750.5473947734357,0.1934310227387895,503.99704409500833,0,normal,0.1233180936281639,False,0.7765897721554553,False,0.611566873725976,False,0.9633605092548698,False,0,NORMAL,0,2.4361956795058703,14.385708023185384,11.512897118391585,17.524763541982637,15.403808184056942,NORMAL,Thrust,0,Telemetry remains within the expected prototype operating envelope.
35.7,steady,119.60236251129965,752.2712867014856,0.197935992681227,498.2985508328042,0,normal,0.5775647142279716,False,1.1575226803493914,False,0.1650234057311409,False,0.0102894392104295,False,0,NORMAL,0,10.909095873570319,20.666090314661812,3.2465969589845933,0.2055771842645937,16.497852733534792,NORMAL,Temperature,0,Telemetry remains within the expected prototype operating envelope.
35.8,steady,120.47140925955244,751.8891192478668,0.2089804860731606,499.01524243195854,0,normal,0.0816134342801136,False,1.073074138561303,False,0.9297333727817074,False,0.1121651652743043,False,0,NORMAL,0,1.6190193664042507,19.31478425750083,16.96821291297518,2.2183283600756054,16.065139945859176,NORMAL,Temperature,0,Telemetry remains within the expected prototype operating envelope.
35.9,steady,120.52739954532532,752.8787987619768,0.2062624236044841,510.66383781902977,0,normal,0.0496606607963701,False,1.2917662093086602,False,0.6603124761946149,False,2.102455190453377,False,0,NORMAL,0,0.9882971426246279,22.76776326747576,12.371377034918506,34.32757360007525,28.47773630649465,NORMAL,Thrust,0,Telemetry remains within the expected prototype operating envelope.
36.0,steady,119.66961023192565,751.4462230921721,0.212525846854313,490.8009115068175,0,normal,0.5391875001309241,False,0.9752062166390988,False,1.2811580701132224,False,1.2913431857818105,False,0,NORMAL,0,10.222652725652193,17.7199277683709,22.603731258040018,22.76122878042167,21.209208503866506,NORMAL,Thrust,0,Telemetry remains within the expected prototype operating envelope.
36.1,steady,120.8789975384866,750.0812031335197,0.1974326082621632,510.9810529487696,0,normal,0.1509907714608843,False,0.6735741861553486,False,0.2149200814238749,False,2.1566548675455905,False,0,NORMAL,0,2.9746745348214865,12.603490153562324,4.20732988277358,35.03561397194098,27.56999607928275,NORMAL,Thrust,0,Telemetry remains within the expected prototype operating envelope.
36.2,steady,121.5058199555898,754.427262855745,0.2028533224820031,494.2834168997861,0,normal,0.5087084439420784,False,1.6339343701285107,False,0.3223941643236865,False,0.6963190205549279,False,0,NORMAL,0,9.673715554376106,27.87625589201682,6.244404057417407,13.00015109950936,23.089087407601404,NORMAL,Temperature,0,Telemetry remains within the expected prototype operating envelope.
36.3,steady,120.979451742864,756.2240661756016,0.2061940579323418,498.518215238274,0,normal,0.2083184023820952,False,2.030978699270302,False,0.6535359061574565,False,0.0272426288686717,False,0,NORMAL,0,4.080767856438261,33.382024326634316,12.252532216930657,0.5433709478383286,26.09595165524844,NORMAL,Temperature,0,Telemetry remains within the expected prototype operating envelope.
36.4,steady,119.95195945320684,750.490601883696,0.1971181793344843,506.0066645381791,0,normal,0.3780552503777093,False,0.7640400987674135,False,0.2460870338336965,False,1.3067261588917385,False,0,NORMAL,0,7.28232382326749,14.17055184182644,4.802585842112883,22.99849599389505,19.2587436773782,NORMAL,Thrust,0,Telemetry remains within the expected prototype operating envelope.
36.5,steady,120.8178875778972,752.6085310840778,0.2192994952258863,500.3810845309394,0,normal,0.1161162802637058,False,1.2320444536360962,False,1.9525784066456624,False,0.3455342381316581,False,0,NORMAL,0,2.295567163817802,21.83974304651851,32.32921810823167,6.677303833472359,26.538902083654115,NORMAL,Vibration,0,Telemetry remains within the expected prototype operating envelope.
36.6,steady,122.55609121610564,751.3660769944498,0.1997580451556773,502.6293101489333,0,normal,1.108081696293011,False,0.9574961238026676,False,0.015582822768884,False,0.7296681936136827,False,0,NORMAL,0,19.877729692972956,17.427973476282745,0.3111713107724845,13.578494830357767,17.400119115091194,NORMAL,Pressure,0,Telemetry remains within the expected prototype operating envelope.
36.7,steady,120.51732253067463,753.4073211829786,0.2067723122832868,498.25613407928046,0,normal,0.0554114542077844,False,1.40855519103195,False,0.7108538697739615,False,0.0175368058356369,False,0,NORMAL,0,1.1021108478563524,24.55083276966038,13.252689797649609,0.3501217560663461,19.392919877762107,NORMAL,Temperature,0,Telemetry remains within the expected prototype operating envelope.
36.8,steady,121.23154343859356,754.3408956022728,0.2051956305170438,498.6309425974623,0,normal,0.3521831592696418,False,1.614849572234537,False,0.5545693766877692,False,0.0465033320781108,False,0,NORMAL,0,6.801320406994559,27.600436415059914,10.49841714541272,0.9257548994857423,21.950052445647323,NORMAL,Temperature,0,Telemetry remains within the expected prototype operating envelope.
36.9,steady,121.61779486665635,750.4779521485556,0.2136818198746492,495.30935452571225,0,normal,0.5726107605633132,False,0.7612448537079649,False,1.3957408993007798,False,0.5210263474483487,False,0,NORMAL,0,10.820781688159686,14.122555558755312,24.357219245664787,9.895967765015556,21.011888382221706,NORMAL,Vibration,0,Telemetry remains within the expected prototype operating envelope.
37.0,steady,119.06814567312942,748.9048729857199,0.2125138464896113,493.4577518474184,0,normal,0.8824338426067242,False,0.4136374366953591,False,1.279968565068889,False,0.837392932323749,False,0,NORMAL,0,16.179013016218757,7.939801126256574,22.585316417256042,15.420527144983541,20.116363220378982,NORMAL,Vibration,0,Telemetry remains within the expected prototype operating envelope.
37.1,steady,122.01852152495265,753.0553635989261,0.194196050811494,488.7583260722285,0,normal,0.8012991475699257,False,1.330782203136052,False,0.53573544908521,False,1.640341265030976,False,0,NORMAL,0,14.80775943781123,23.36807653385057,10.160648126703109,27.96861455584878,24.856295593545404,NORMAL,Thrust,0,Telemetry remains within the expected prototype operating envelope.
37.2,steady,121.58460248416318,748.3956180392154,0.198916131367307,510.42475736018224,0,normal,0.5536683911049356,False,0.3011060392059855,False,0.0678696991380956,False,2.0616056771302858,False,0,NORMAL,0,10.48228776506389,5.844376907520122,1.3482229332934859,33.78883855880349,26.465821102631857,NORMAL,Thrust,0,Telemetry remains within the expected prototype operating envelope.
37.3,steady,120.31087183704938,753.1087076918072,0.2012485436395497,500.13367329532,0,normal,0.1732296106595763,False,1.3425697868618929,False,0.1633246213899206,False,0.3032613204100055,False,0,NORMAL,0,3.4052623698564988,23.54852478816999,3.2137187407914714,5.884954530213871,18.461131399850778,NORMAL,Temperature,0,Telemetry remains within the expected prototype operating envelope.
37.4,steady,120.64461047139932,747.1066809073467,0.2014531699844136,504.9147759054432,0,normal,0.0172297670513173,False,0.0162862299518562,False,0.1836076774027636,False,1.1201650343845992,False,0,NORMAL,0,0.3440022926822883,0.32519469196706785,3.6055477672622627,20.071124809149143,15.17649471253976,NORMAL,Thrust,0,Telemetry remains within the expected prototype operating envelope.
37.5,steady,119.94406113364536,749.0816713875497,0.1997346938206297,503.4810782178893,0,normal,0.3825626968457238,False,0.4527050419652959,False,0.0132681822124089,False,0.8752020914852453,False,0,NORMAL,0,7.365870151950082,8.656312544550214,0.2650118661622458,16.057690796834244,13.267676486898226,NORMAL,Thrust,0,Telemetry remains within the expected prototype operating envelope.
37.6,steady,121.81236534112352,749.4299822249662,0.2212561850311337,492.73051139140347,0,normal,0.6836490632162616,False,0.5296721987189347,False,2.1465302115610494,False,0.9616499244688907,False,0,NORMAL,0,12.779414670702282,10.051638348073178,34.9039322817986,17.496542537874838,29.27031466903337,NORMAL,Vibration,0,Telemetry remains within the expected prototype operating envelope.
37.7,steady,121.97476478171036,753.7036765620153,0.2005293849703072,491.1483591595063,0,normal,0.7763278639640778,False,1.474041614257478,False,0.0920398824670373,False,1.2319779512243527,False,0,NORMAL,0,14.381223288854006,25.532568916446643,1.8239584528949138,21.83870347048712,22.15910953195005,NORMAL,Temperature,0,Telemetry remains within the expected prototype operating envelope.
37.8,steady,119.3900187697004,755.5933701212308,0.1937369397057617,497.0851989270617,0,normal,0.6987459402630368,False,1.891612142545548,False,0.581243647356943,False,0.2176038934245113,False,0,NORMAL,0,13.042369182270608,31.499040156835314,10.974623659116055,4.25873398917036,25.704668213339783,NORMAL,Temperature,0,Telemetry remains within the expected prototype operating envelope.
37.9,steady,119.2806601492732,753.3352855393265,0.1898987855551155,501.60506028967967,0,normal,0.7611551810584762,False,1.392637286444346,False,0.9616907284757552,False,0.5546638939170698,False,0,NORMAL,0,14.121015373349222,24.310251488830314,17.497215829456458,10.50010901774744,21.614165242310754,NORMAL,Temperature,0,Telemetry remains within the expected prototype operating envelope.
38.0,steady,120.5614544021193,749.698780495103,0.2084176785862573,494.6316332701239,0,normal,0.0302260908501992,False,0.5890692555150348,False,0.873946539522774,False,0.6368224421729006,False,0,NORMAL,0,0.6026982603175579,11.113850219718447,16.036609363850683,11.958728614402215,13.898586151603222,NORMAL,Vibration,0,Telemetry remains within the expected prototype operating envelope.
38.1,steady,117.92675098233669,758.1014403320784,0.2078569046237676,499.5463681347392,0,normal,1.533809800186028,False,2.445826976913699,False,0.8183612741001458,False,0.2029138051947784,False,0,NORMAL,0,26.417426400732946,38.686209157195925,15.097976142348312,3.9770308384085573,32.51166717431236,NORMAL,Temperature,0,Telemetry remains within the expected prototype operating envelope.
38.2,steady,119.30100174421187,747.9935775496135,0.1974154069144351,496.98327796131485,0,normal,0.7495465534831504,False,0.2122661006786318,False,0.216625120428981,False,0.2350182060297636,False,0,NORMAL,0,13.921396302858046,4.156470005448886,4.239990361508694,4.591607643201556,11.403485724246732,NORMAL,Pressure,0,Telemetry remains within the expected prototype operating envelope.
38.3,steady,118.88984281588554,754.4432019175231,0.2011942548009902,499.0189109969081,0,normal,0.984188472546077,False,1.6374564662983606,False,0.1579433809924214,False,0.1127919797513503,False,0,NORMAL,0,17.867607212164728,27.927043354659563,3.1094966170942095,2.2305857852211286,22.626867315328433,NORMAL,Temperature,0,Telemetry remains within the expected prototype operating envelope.
38.4,steady,118.97447042939214,749.7618508418617,0.1916229062567354,492.68929933368617,0,normal,0.9358928275512456,False,0.6030060749992766,False,0.7907917331038853,False,0.968691455629196,False,0,NORMAL,0,17.07043604357209,11.361263289229562,14.628541155514284,17.612650893934557,16.75710107700438,NORMAL,Thrust,0,Telemetry remains within the expected prototype operating envelope.
38.5,steady,121.3042233578832,752.7388687937297,0.2123175270320519,499.559266914008,0,normal,0.3936604435131804,False,1.2608455182371796,False,1.260508907727422,False,0.2051177028204188,False,0,NORMAL,0,7.5712481654818475,22.28866857387759,22.283436707592386,4.019346470539764,19.401870815800947,NORMAL,Temperature,0,Telemetry remains within the expected prototype operating envelope.
38.6,steady,120.6270990303216,754.630003003536,0.1880523325617843,496.7945655384552,0,normal,0.0072362636711077,False,1.6787343908543273,False,1.1447155951600896,False,0.2672617890854398,False,0,NORMAL,0,0.14462059690220075,28.519598458113784,20.462622615141147,5.204889761218723,23.29176549801935,NORMAL,Temperature,0,Telemetry remains within the expected prototype operating envelope.
38.7,steady,118.36243382980588,752.2006931926512,0.1924550784656109,509.3935472200191,0,normal,1.285172467052806,False,1.1419234480643934,False,0.7083048200127101,False,1.885412137254384,False,0,NORMAL,0,22.665846188179362,20.41819419977572,13.20845388058023,31.414046208737602,28.09345232744082,NORMAL,Thrust,0,Telemetry remains within the expected prototype operating envelope.
38.8,steady,122.84584029647074,751.0550150652654,0.2176911881741442,491.49084465608,0,normal,1.2734369289772065,False,0.8887599557258795,False,1.793159139111798,False,1.1734605553539694,False,0,NORMAL,0,22.484121426498294,16.284998163760946,30.136847930428733,20.918570488374854,27.448598230571672,NORMAL,Vibration,0,Telemetry remains within the expected prototype operating envelope.
38.9,steady,118.746655737965,753.7427282752686,0.2129574566548819,501.7339335620075,0,normal,1.0659030807756795,False,1.482670973475129,False,1.3239402727980885,False,0.5766833031164798,False,0,NORMAL,0,19.198981565664496,25.66097931719229,23.263142698821603,10.893389346654281,23.593579687404095,NORMAL,Temperature,0,Telemetry remains within the expected prototype operating envelope.
39.0,steady,119.22649091757408,753.9470460124651,0.2144922689475219,501.7547669819776,0,normal,0.7920687076886407,False,1.527819598258061,False,1.476074562845261,False,0.5802429209569987,False,0,NORMAL,0,14.650341808149436,26.32921867822856,25.562840453753143,10.956803867028043,23.895172561474993,NORMAL,Temperature,0,Telemetry remains within the expected prototype operating envelope.
39.1,steady,118.83405842127242,753.3443741672838,0.1994231981398831,498.9670868890305,0,normal,1.0160237471905302,False,1.3946456243354566,False,0.0176080196986598,False,0.1039372636636823,False,0,NORMAL,0,18.388887397668398,24.340647501855905,0.3515410365149796,2.057288299523652,19.771027746818095,NORMAL,Temperature,0,Telemetry remains within the expected prototype operating envelope.
39.2,steady,121.27150821661908,756.1232830135774,0.1896087567558046,496.2972348611917,0,normal,0.3749904281011953,False,2.0087083803586725,False,0.990439081409846,False,0.3522361789824062,False,0,NORMAL,0,7.225473761639356,33.08464182526091,17.97021855293809,6.802308675199187,27.199748432735376,NORMAL,Temperature,0,Telemetry remains within the expected prototype operating envelope.
39.3,steady,121.16937821657535,752.228228685201,0.2074607910655801,496.4276232359807,0,normal,0.3167064470097337,False,1.148008037872409,False,0.7790975444298175,False,0.3299578979434859,False,0,NORMAL,0,6.137692309034137,20.514979826642875,14.428637486095486,6.386125306828305,17.48813744357044,NORMAL,Temperature,0,Telemetry remains within the expected prototype operating envelope.
39.4,steady,120.51512988960104,753.067415891241,0.1871086621619602,493.1973883218293,0,normal,0.0566627599046301,False,1.3334454296917473,False,1.2382544774092186,False,0.8818788905600224,False,0,NORMAL,0,1.1268580495161662,23.408883299837324,21.936758198166505,16.169709174253054,20.696967408049403,NORMAL,Temperature,0,Telemetry remains within the expected prototype operating envelope.
39.5,steady,119.5315828760614,749.7689694414562,0.2047148311573365,500.7593806386956,0,normal,0.6179575363186375,False,0.604579090570424,False,0.5069113864599307,False,0.4101702688986671,False,0,NORMAL,0,11.62592311556725,11.389144925785322,9.641245414595357,7.875941356183236,11.10342232118019,NORMAL,Pressure,0,Telemetry remains within the expected prototype operating envelope.
39.6,steady,120.22964389716373,754.9732558914441,0.2075998431972229,498.773643657386,0,normal,0.2195851155099291,False,1.7545838792759765,False,0.7928807265351918,False,0.0708853701445923,False,0,NORMAL,0,4.296663416153546,29.59576552604538,14.664201788862119,1.4077052543471136,23.60912699065271,NORMAL,Temperature,0,Telemetry remains within the expected prototype operating envelope.
39.7,steady,119.3086791164001,755.5917389913636,0.1914199393821232,501.1905180532462,0,normal,0.7451651981981303,False,1.8912517075125648,False,0.8109102984296197,False,0.4838348153223488,False,0,NORMAL,0,13.845935056386406,31.49410194970307,14.971361242497071,9.223247515135657,26.555447771632686,NORMAL,Temperature,0,Telemetry remains within the expected prototype operating envelope.
39.8,steady,122.29448037653056,751.445255962246,0.2128897574192036,497.3241033218918,0,normal,0.9587845140685228,False,0.974992507409806,False,1.3172297615479236,False,0.1767844625659577,False,0,NORMAL,0,17.44924773425136,17.716410891047975,23.16008484836005,3.4739139597833257,20.46152517686027,NORMAL,Vibration,0,Telemetry remains within the expected prototype operating envelope.
39.9,steady,122.200579879088,748.0613869240559,0.1897229706035684,503.517897545892,0,normal,0.9051969803852,False,0.2272501155051137,False,0.9791179298094674,False,0.8814930766918324,False,0,NORMAL,0,16.559751413635194,4.443264232808108,17.784273803207206,16.163240346924933,16.367949329285036,NORMAL,Vibration,0,Telemetry remains within the expected prototype operating envelope.
40.0,steady,118.61039564331244,753.3015894204135,0.2036353879840153,492.4317998706946,0,normal,1.143664568848233,False,1.3851913669156823,False,0.399914379981038,False,1.012688057421196,False,0,NORMAL,0,20.445901682507184,24.197451564448624,7.686784603020369,18.334423361501294,21.911492622895885,NORMAL,Temperature,0,Telemetry remains within the expected prototype operating envelope.
40.1,steady,122.62333881062024,754.0150431388172,0.1933902575809293,500.6793914050954,0,normal,1.1464588384202687,False,1.5428451011151,False,0.615607614329544,False,0.3965032327912152,False,0,NORMAL,0,20.490348380996537,26.550274471473333,11.584378916461946,7.623784322083815,23.054447189421534,NORMAL,Temperature,0,Telemetry remains within the expected prototype operating envelope.
40.2,steady,120.38756407074555,751.900776818098,0.1935843307150133,490.9998657076253,0,normal,0.1294625618326291,False,1.075650142345768,False,0.5963706179797724,False,1.257349682859154,False,0,NORMAL,0,2.556017578952141,19.356342635348334,11.243553495135705,22.234316371121785,19.298950773277983,NORMAL,Thrust,0,Telemetry remains within the expected prototype operating envelope.
40.3,steady,121.2465364615224,750.6544122566552,0.1980245356932898,504.889812244506,0,normal,0.3607394411115479,False,0.8002377053275211,False,0.1562468091770172,False,1.1158997196660183,False,0,NORMAL,0,6.960670857349527,14.789672189450654,3.0766146993122523,20.00291135654325,16.924505928235487,NORMAL,Thrust,0,Telemetry remains within the expected prototype operating envelope.
40.4,steady,121.10549481798388,751.3510859453153,0.2111637002069258,497.8225452001876,0,normal,0.2802491984640627,False,0.9541835124662004,False,1.1461388145768103,False,0.0916202118096188,False,0,NORMAL,0,5.450798831534098,17.373249544145132,20.4852592212724,1.8157177862833884,17.263858214860125,NORMAL,Vibration,0,Telemetry remains within the expected prototype operating envelope.
40.5,steady,122.64576474666327,750.4526509497332,0.2012308555755996,503.47041422102177,0,normal,1.1592569666071966,False,0.7556539816287019,False,0.16157133790095,False,0.8733800308943537,False,0,NORMAL,0,20.69360308475311,14.026475890579704,3.1797740318914025,16.027095627846155,18.16945001065818,NORMAL,Pressure,0,Telemetry remains within the expected prototype operating envelope.
40.6,steady,120.28675060380878,746.2353354007558,0.1963889962695259,499.2876417167162,0,normal,0.1869952182332123,False,0.176257265650479,False,0.3183654149972003,False,0.1587075647056439,False,0,NORMAL,0,3.6708336774497585,3.46373577223712,6.168830055833774,3.1243039144460694,5.447163585539041,NORMAL,Vibration,0,Telemetry remains within the expected prototype operating envelope.
40.7,steady,120.1983092827668,750.5629562851404,0.2072566169841279,497.0501620404984,0,normal,0.2374672860008394,False,0.7800284400981049,False,0.7588593178553249,False,0.2235903290009158,False,0,NORMAL,0,4.638328756451893,14.444567605260305,14.081573038476037,4.3732951783626905,12.673523344042405,NORMAL,Temperature,0,Telemetry remains within the expected prototype operating envelope.
40.8,steady,119.10128874077114,751.0971165830209,0.2000446252082833,504.5693345024209,0,normal,0.8635196163566923,False,0.8980632382211718,False,0.0439893276255157,False,1.0611425895426825,False,0,NORMAL,0,15.861330701071786,16.440618203380254,0.8759277553051947,19.122014423363275,17.005549844959173,NORMAL,Thrust,0,Telemetry remains within the expected prototype operating envelope.
40.9,steady,121.34425223405476,749.0192244854071,0.1989072761710976,490.2859278067791,0,normal,0.4165042921462638,False,0.4389059866684875,False,0.0687474475083708,False,1.3793337878464869,False,0,NORMAL,0,7.9925706531408185,8.403873043270703,1.3655397005815972,24.108595642330634,19.334262833455742,NORMAL,Thrust,0,Telemetry remains within the expected prototype operating envelope.
41.0,steady,118.96304162905476,752.0696083352948,0.2093011628702521,498.9372629315252,0,normal,0.9424150637450868,False,1.1129572842808786,False,0.9615196290516512,False,0.0988415140765651,False,0,NORMAL,0,17.178542759204586,19.955820248781574,17.4943925453788,1.9574191107883943,17.92257344482144,NORMAL,Temperature,0,Telemetry remains within the expected prototype operating envelope.
41.1,steady,119.9256301651779,753.7866134250692,0.1884887015665712,502.5461589300855,0,normal,0.3930809600122231,False,1.4923683898085034,False,1.1014616486936768,False,0.7154608977161874,False,0,NORMAL,0,7.560535357363851,25.805018877557508,19.771576786110668,13.332582441636,22.589362198395833,NORMAL,Temperature,0,Telemetry remains within the expected prototype operating envelope.
41.2,steady,117.84960749063382,757.1916166982297,0.1904792980941525,501.367068958411,0,normal,1.5778343748439565,False,2.244780868891365,False,0.9041489278181868,False,0.5140004699622052,False,0,NORMAL,0,27.062470754060573,36.17059279016892,16.542259627123435,9.769266789011755,31.346036935141708,NORMAL,Temperature,0,Telemetry remains within the expected prototype operating envelope.
41.3,steady,119.4522240834617,753.130671657196,0.1928449271482258,499.1795340355161,0,normal,0.6632463482773375,False,1.3474232217407671,False,0.6696620798940325,False,0.140236184046594,False,0,NORMAL,0,12.422780186529437,23.62269923352872,12.535082508577045,2.7657564637783683,19.84755736112986,NORMAL,Temperature,0,Telemetry remains within the expected prototype operating envelope.
41.4,steady,120.62945629489698,752.8161389634881,0.2183064790183745,500.3199362210832,0,normal,0.0085815174053699,False,1.2779201097494317,False,1.854148249121132,False,0.3350863800750167,False,0,NORMAL,0,0.1714831474511458,22.553593815388652,30.983849932165086,6.482095496999407,25.40621691520768,NORMAL,Vibration,0,Telemetry remains within the expected prototype operating envelope.
41.5,steady,121.51956406072726,756.3825037573114,0.2190314067733289,488.726721676429,0,normal,0.5165519880878525,False,2.065989066095443,False,1.9260048337108853,False,1.6457412219889926,False,0,NORMAL,0,9.815300112782454,33.846858977367525,31.96860980030084,28.046365839138097,31.072207624127923,NORMAL,Temperature,0,Telemetry remains within the expected prototype operating envelope.
41.6,steady,121.32961524090425,751.0375744847729,0.2038897060590419,504.7727001350792,0,normal,0.4081511908865423,False,0.8849060650384861,False,0.4251229999379345,False,1.0958898338836935,False,0,NORMAL,0,7.8387327117341865,16.22044759667943,8.151031071141645,19.68212337025197,17.33395948127191,NORMAL,Thrust,0,Telemetry remains within the expected prototype operating envelope.
41.7,steady,119.91146250061212,753.8228732783668,0.2024657745533071,499.6562276060577,0,normal,0.4011662228469346,False,1.5003808244296202,False,0.2839794804733231,False,0.2216844983703103,False,0,NORMAL,0,7.709894037986064,25.92382015048288,5.521311561848286,4.336838570161428,20.656021225855753,NORMAL,Temperature,0,Telemetry remains within the expected prototype operating envelope.
41.8,steady,121.68056581906728,754.2585150116059,0.198138668778888,508.6671689991126,0,normal,0.6084331536098729,False,1.5966457176478082,False,0.1449336629169556,False,1.7613024674153828,False,0,NORMAL,0,11.457420972673017,27.336365770863235,2.8570647260963478,29.690305405309438,25.541049740008564,NORMAL,Thrust,0,Telemetry remains within the expected prototype operating envelope.
41.9,steady,119.59334500738916,754.7188770037117,0.1913688192863851,506.3113828180325,0,normal,0.5827108615616233,False,1.6983731111237863,False,0.8159774454087998,False,1.3587906123927185,False,0,NORMAL,0,11.000743685910063,28.799804531138918,15.05748811537817,23.796144120194118,25.602113734844657,NORMAL,Temperature,0,Telemetry remains within the expected prototype operating envelope.
42.0,steady,119.55529725901278,755.1942027814052,0.1997661775153929,506.4572413748083,0,normal,0.6044241117916481,False,1.8034070914390072,False,0.0163889218454133,False,1.3837121433577395,False,0,NORMAL,0,11.386398322797886,30.27989213969725,0.32724182984394945,24.175022463767203,25.471678431962516,NORMAL,Temperature,0,Telemetry remains within the expected prototype operating envelope.
42.1,steady,120.76391487835838,751.5130533471267,0.2134155892336884,502.4419269691799,0,normal,0.0853149114393773,False,0.9899738728714804,False,1.369351477124789,False,0.6976517262923561,False,0,NORMAL,0,1.691823405374815,17.96258600692515,23.956929979449026,13.023337048924333,20.527538675200784,NORMAL,Vibration,0,Telemetry remains within the expected prototype operating envelope.
42.2,steady,120.81598099414512,752.0132547999617,0.2043344496269455,503.2391439342121,0,normal,0.1150282229709652,False,1.1005046961852187,False,0.469207053265185,False,0.8338649709525814,False,0,NORMAL,0,2.2743032461295387,19.756220358451515,8.957286516274232,15.360827463037962,16.897049021584145,NORMAL,Temperature,0,Telemetry remains within the expected prototype operating envelope.
42.3,steady,119.10388748601142,749.0646940302508,0.1837506577081289,507.4180656515322,0,normal,0.8620365534135708,False,0.4489535109185575,False,1.571107964450379,False,1.5478794880348434,False,0,NORMAL,0,15.836370410982493,8.5877510908419,26.964283172911774,26.624192119716273,24.352886281907242,NORMAL,Vibration,0,Telemetry remains within the expected prototype operating envelope.
42.4,steady,119.4946829208839,755.9553813569557,0.1922705454119262,493.1979254833491,0,normal,0.6390157590633797,False,1.9716067121468928,False,0.7265961806222024,False,0.8817871106346994,False,0,NORMAL,0,11.997340626463082,32.58626075167559,13.525380918040852,16.16817037256363,27.68032034710416,NORMAL,Temperature,0,Telemetry remains within the expected prototype operating envelope.
42.5,steady,120.52788916623018,752.9580135532747,0.2107367124973727,501.5967841505169,0,normal,0.0493812418641414,False,1.3092705089286576,False,1.10381476468274,False,0.553249824952073,False,0,NORMAL,0,0.9827638391569748,23.037669781779,19.80932525984862,10.474793634504675,19.726133703244162,NORMAL,Temperature,0,Telemetry remains within the expected prototype operating envelope.
42.6,steady,119.89335696998438,754.9428488813254,0.20920637736141,507.52411603585216,0,normal,0.4114987637683681,False,1.7478647627202837,False,0.9521242611857555,False,1.5659993570031434,False,0,NORMAL,0,7.900415372535607,29.501091075937303,17.339212687247084,26.88962287701292,26.318364125473376,NORMAL,Temperature,0,Telemetry remains within the expected prototype operating envelope.
42.7,steady,119.31938552237212,751.0904589372449,0.1942892143163801,502.9132657486653,0,normal,0.7390552210810903,False,0.8965920808209149,False,0.5265008581569763,False,0.7781851159515981,False,0,NORMAL,0,13.740590831345845,16.416028785489033,9.994568873754838,14.41302051158605,15.44478699825825,NORMAL,Temperature,0,Telemetry remains within the expected prototype operating envelope.
42.8,steady,119.81167843391816,749.6871267719991,0.1945435597668345,500.0192135273185,0,normal,0.4581114167559676,False,0.5864941018403613,False,0.5012895246817618,False,0.2837046161922136,False,0,NORMAL,0,8.755026808131138,11.068059329825953,9.539591391072443,5.516117655732122,10.246133143053514,NORMAL,Temperature,0,Telemetry remains within the expected prototype operating envelope.
42.9,steady,119.17824818291837,750.1336524893178,0.2167890500169335,499.5249555360178,0,normal,0.8196000758788906,False,0.6851640574877539,False,1.7037370327539971,False,0.1992552283250087,False,0,NORMAL,0,15.119008892334696,12.805838404745561,28.876146028546557,3.906743643645838,24.08142190336662,NORMAL,Vibration,0,Telemetry remains within the expected prototype operating envelope.
43.0,steady,120.25237510935504,750.705102445162,0.1915667420606377,498.6388405208867,0,normal,0.2066127710374189,False,0.8114388488624497,False,0.7963588634561546,False,0.0478527787443235,False,0,NORMAL,0,4.0480417051004025,14.980349152195993,14.7235430648485,0.9524903734655199,12.773864074793305,NORMAL,Temperature,0,Telemetry remains within the expected prototype operating envelope.
43.1,steady,119.83492223179556,751.42524982406,0.2102366889463042,500.7259906265979,0,normal,0.4448465477125916,False,0.9705716987286156,False,1.0542512263181745,False,0.404465219851087,False,0,NORMAL,0,8.512634896551708,17.64362671828875,19.010465653617793,7.770766910451643,16.98883341550618,NORMAL,Vibration,0,Telemetry remains within the expected prototype operating envelope.
43.2,steady,119.80650501138952,753.1683173234123,0.2183598203463793,498.12373956442025,0,normal,0.4610638074414511,False,1.3557418830671268,False,1.859435569990986,False,0.0401578578645501,False,0,NORMAL,0,8.808889066113046,23.749664965369142,31.056793463904143,0.7999404676461985,25.82325344830304,NORMAL,Vibration,0,Telemetry remains within the expected prototype operating envelope.
43.3,steady,123.23746087543344,753.8353682662656,0.2028932157156147,507.9008204330183,0,normal,1.4969286200524652,False,1.503141874586351,False,0.3263484776962654,False,1.630363426593283,False,0,NORMAL,0,25.872657267578646,25.964714467914252,6.3185225461390715,27.824727530168225,25.609377303141862,NORMAL,Thrust,0,Telemetry remains within the expected prototype operating envelope.
43.4,steady,121.2260950367046,755.51182401233,0.1952430004276445,491.91527137840586,0,normal,0.3490738421978843,False,1.873592685577244,False,0.4319592822327497,False,1.100942604150844,False,0,NORMAL,0,6.7433455335317305,31.251724755954967,8.2765263554897,19.763247928763505,26.09166999157297,NORMAL,Temperature,0,Telemetry remains within the expected prototype operating envelope.
43.5,steady,121.77345026276268,751.144460708068,0.2040576301814797,507.52595713116415,0,normal,0.6614408414363239,False,0.9085249933617487,False,0.4417680432903887,False,1.566313928289474,False,0,NORMAL,0,12.391150222163393,16.615270980613918,8.45628870052102,26.894222417398204,23.112476149369776,NORMAL,Thrust,0,Telemetry remains within the expected prototype operating envelope.
43.6,steady,119.48950374276107,755.3216067581561,0.1965577349448266,498.84091261873897,0,normal,0.6419714343757376,False,1.8315598814077432,False,0.3016396312036573,False,0.082379008504936,False,0,NORMAL,0,12.049346711185027,30.671352146988205,5.854424508782219,1.6340818018307557,24.329684347811124,NORMAL,Temperature,0,Telemetry remains within the expected prototype operating envelope.
43.7,steady,120.07473175581808,754.7860325399414,0.1836030583255632,499.45493267074414,0,normal,0.3079910326073698,False,1.7132126456102987,False,1.5857383706477446,False,0.1872910553361116,False,0,NORMAL,0,5.973939851785182,29.010806809917035,27.17767925433855,3.6765330571372212,24.617933336599148,NORMAL,Temperature,0,Telemetry remains within the expected prototype operating envelope.
43.8,steady,121.99067061666724,757.098195816619,0.1986342630397514,500.2042829374749,0,normal,0.7854050732412139,False,2.2241374123387905,False,0.0958091664625929,False,0.3153257506518068,False,0,NORMAL,0,14.536518192619663,35.90651610082291,1.8979412396079254,6.111769660793154,28.453850669996214,NORMAL,Temperature,0,Telemetry remains within the expected prototype operating envelope.
43.9,steady,120.32468353384962,751.2544606714008,0.1991673363514154,491.4036118254734,0,normal,0.1653474930173371,False,0.9328319729651636,False,0.0429696562488719,False,1.188365239296999,False,0,NORMAL,0,3.2528680653081787,17.01965343410814,0.8557108980793426,21.153956221602964,17.449763048213057,NORMAL,Thrust,0,Telemetry remains within the expected prototype operating envelope.
44.0,steady,119.42019268829088,751.3878852755754,0.1920679667801598,506.8131344113023,0,normal,0.6815261605721555,False,0.9623151567227146,False,0.746676262382231,False,1.4445203641798765,False,0,NORMAL,0,12.74237464577881,17.50751859988676,13.87196798681558,25.09159405343233,22.365713472248444,NORMAL,Thrust,0,Telemetry remains within the expected prototype operating envelope.
44.1,steady,119.54996175910355,751.6350273969833,0.19568330949308,499.41559180838425,0,normal,0.6074689974833102,False,1.0169267976923684,False,0.3883147874677646,False,0.1805692383843662,False,0,NORMAL,0,11.440345552382636,18.403625857909166,7.47237685849681,3.5469522322052582,15.53789560147792,NORMAL,Temperature,0,Telemetry remains within the expected prototype operating envelope.
44.2,steady,120.8451812531729,755.9223142002284,0.1967807312739324,499.87154309265577,0,normal,0.1316923504977633,False,1.9642997760374368,False,0.2795356981205557,False,0.2584735060577376,False,0,NORMAL,0,2.599463788143208,32.48767115331466,5.437305691318583,5.038125995750353,25.103710829650623,NORMAL,Temperature,0,Telemetry remains within the expected prototype operating envelope.
44.3,steady,120.81669435835494,748.7856857215439,0.1913174649396964,495.7672229684788,0,normal,0.1154353286803396,False,0.3873003151951854,False,0.8210678119062458,False,0.4427945122612531,False,0,NORMAL,0,2.2822598600270694,7.453601612239602,15.143921813333893,8.475080127398705,12.762099727304467,NORMAL,Vibration,0,Telemetry remains within the expected prototype operating envelope.
44.4,steady,121.90302687663107,757.3957301987308,0.198944175793857,500.1428276441727,0,normal,0.7353881723808794,False,2.289884362957539,False,0.0650898680516317,False,0.3048254411132398,False,0,NORMAL,0,13.677304135788571,36.74378944395947,1.2933606285876476,5.914391383915607,28.925987127895645,NORMAL,Temperature,0,Telemetry remains within the expected prototype operating envelope.
44.5,steady,120.97759512081213,755.0419349452444,0.2092892964305704,500.569660096935,0,normal,0.2072588574440835,False,1.7697600694248372,False,0.9603433989777712,False,0.3777544376941005,False,0,NORMAL,0,4.060439555264339,29.80913515835788,17.474981146890876,7.276745524869144,24.50530172415357,NORMAL,Temperature,0,Telemetry remains within the expected prototype operating envelope.
44.6,steady,120.14374810029324,747.3975122851763,0.2026351863287434,496.6943387115609,0,normal,0.2686044927594346,False,0.080552000182594,False,0.3007719835730323,False,0.2843866395240152,False,0,NORMAL,0,5.230342692050261,1.5981321639654267,5.838086054119307,5.5290048192251255,5.38686793649656,NORMAL,Vibration,0,Telemetry remains within the expected prototype operating envelope.
44.7,steady,119.4495339953334,752.9079395994778,0.1911928636227979,501.07779245815885,0,normal,0.6647815391667657,False,1.2982055363893474,False,0.8334185944587436,False,0.4645744135288654,False,0,NORMAL,0,12.449665608888495,22.86716397307017,15.353270938321806,8.87289380777261,20.073668586200256,NORMAL,Temperature,0,Telemetry remains within the expected prototype operating envelope.
44.8,steady,120.16489933892528,750.8351446679426,0.1929867370915491,497.5518697446385,0,normal,0.2565338142911767,False,0.8401746189567287,False,0.6556055368544855,False,0.1378680761519689,False,0,NORMAL,0,5.00127949609861,15.467568776075623,12.288845671450233,2.7196933204408857,13.158191090054874,NORMAL,Temperature,0,Telemetry remains within the expected prototype operating envelope.
44.9,steady,121.22865006458927,753.3674823000123,0.1988557202433797,494.1442357386362,0,normal,0.3505319563353011,False,1.399751888863964,False,0.0738577952028086,False,0.7200996453877686,False,0,NORMAL,0,6.770537337720761,24.417875394121324,1.4662994774175653,13.412950811292855,19.902539520477205,NORMAL,Temperature,0,Telemetry remains within the expected prototype operating envelope.
45.0,steady,121.32620168288533,749.2281575638334,0.1833906718328145,503.85490426836793,0,normal,0.4062031271350084,False,0.4850744754744401,False,1.6067906312042168,False,0.9390743640379912,False,0,NORMAL,0,7.802818511053311,9.24575118988784,27.483649559794554,17.12318794529366,23.25922034439403,NORMAL,Vibration,0,Telemetry remains within the expected prototype operating envelope.
45.1,steady,121.43755259199772,759.0530069213485,0.1804835587219955,506.60434974311096,0,normal,0.4697493356775003,False,2.6560971349745364,False,1.894950682646419,False,1.4088472183023235,False,0,NORMAL,0,8.96716015329292,41.21123536603971,31.544763530481823,24.55523928384854,36.08666284212133,NORMAL,Temperature,0,Telemetry remains within the expected prototype operating envelope.
45.2,steady,121.0660536356894,751.1482630902384,0.2084376797623738,501.1387335251455,0,normal,0.2577407374624746,False,0.9093652156951066,False,0.8759291042593116,False,0.4749868618727986,False,0,NORMAL,0,5.02420796010179,16.629282145648183,16.069895335742245,9.062467603717195,14.902795536127144,NORMAL,Temperature,0,Telemetry remains within the expected prototype operating envelope.
45.3,steady,119.13030981507023,751.6650560426066,0.1892605864530339,503.2739295903788,0,normal,0.8469577467299604,False,1.0235623060558936,False,1.0249505601630031,False,0.8398084810658069,False,0,NORMAL,0,15.582169879501329,18.511840720574845,18.534462834265387,15.461378444210316,18.00526288164579,NORMAL,Vibration,0,Telemetry remains within the expected prototype operating envelope.
45.4,steady,119.4903085543324,750.8990051378888,0.2102110975389489,502.1759586937022,0,normal,0.6415121410986849,False,0.8542860340283046,False,1.0517145444007976,False,0.6522081351891013,False,0,NORMAL,0,12.04126731135572,15.705806875071493,18.969366291443812,12.229227414669808,17.4878340300358,NORMAL,Vibration,0,Telemetry remains within the expected prototype operating envelope.
45.5,steady,120.7375404002571,751.6828982510821,0.2042770506964249,512.9356710895518,0,normal,0.0702634125429348,False,1.027504945529157,False,0.4635175330638602,False,2.490622771774676,False,0,NORMAL,0,1.3954404461074765,18.576071080207367,8.853629680182918,39.23307576618246,31.456593233128118,NORMAL,Thrust,0,Telemetry remains within the expected prototype operating envelope.
45.6,steady,121.08801425829829,754.2626207509721,0.2058563318852053,500.00694797978906,0,normal,0.2702733186075355,False,1.5975529736141498,False,0.6200596871709827,False,0.2816089131404661,False,0,NORMAL,0,5.261968224752267,27.349549477865466,11.663070434302858,5.476507323048541,22.130428013359854,NORMAL,Temperature,0,Telemetry remains within the expected prototype operating envelope.
45.7,steady,120.45061868228258,753.1555583659508,0.1873168274813048,507.5326143918375,0,normal,0.0934782889942864,False,1.3529225028657004,False,1.2176206297245236,False,1.5674513941446206,False,0,NORMAL,0,1.8521978025298313,23.706657103967643,21.61394355726467,26.910851590977604,23.974372913925173,NORMAL,Thrust,0,Telemetry remains within the expected prototype operating envelope.
45.8,steady,118.74798661044426,755.7968038493924,0.1944884163749573,488.2557174665243,0,normal,1.0651435728310696,False,1.9365654255399165,False,0.5067554704617484,False,1.726217446773242,False,0,NORMAL,0,19.186706830325505,32.11214851025916,9.638427695579699,29.195206965656528,28.759489406827782,NORMAL,Temperature,0,Telemetry remains within the expected prototype operating envelope.
45.9,steady,119.18835535937536,756.7995000407533,0.2121967078498395,495.17854560874673,0,normal,0.8138320696000743,False,2.1581338255046267,False,1.248533019471831,False,0.543376482721303,False,0,NORMAL,0,15.021033573042198,35.05482704942153,22.097068628841686,10.29783637590288,30.001829574504722,NORMAL,Temperature,0,Telemetry remains within the expected prototype operating envelope.
46.0,steady,120.53728400451988,752.2933838265102,0.2081879277321546,491.7373762955763,0,normal,0.0440197557484123,False,1.1624055398612865,False,0.8511730816580861,False,1.1313379262578345,False,0,NORMAL,0,0.8765309853601355,20.743527763993484,15.653309773012625,20.24953273767339,18.516546906849232,NORMAL,Temperature,0,Telemetry remains within the expected prototype operating envelope.
46.1,steady,119.878704328093,750.4411974510678,0.1928655180722587,495.1862293029179,0,normal,0.4198607955178241,False,0.7531230720718833,False,0.6676210579239938,False,0.5420636394679076,False,0,NORMAL,0,8.054314575815912,13.98294663188706,12.499371656768087,10.274280307429883,13.009870213267922,NORMAL,Temperature,0,Telemetry remains within the expected prototype operating envelope.
46.2,steady,119.39216158062234,753.6700243834847,0.2032457186636285,501.2965765249256,0,normal,0.6975230718482384,False,1.466605404350039,False,0.3612894186782872,False,0.5019560661045329,False,0,NORMAL,0,13.021099033286754,25.421735429007175,6.970904203298723,9.551649709209464,21.33359951164985,NORMAL,Temperature,0,Telemetry remains within the expected prototype operating envelope.
46.3,steady,121.1255278817978,750.5239221611091,0.2070121527948386,505.414375747303,0,normal,0.291681752190041,False,0.7714029676168462,False,0.7346274387794064,False,1.20552713589069,False,0,NORMAL,0,5.666739626401007,14.296849022087898,13.664169421549332,21.424121830966993,18.742718681466506,NORMAL,Thrust,0,Telemetry remains within the expected prototype operating envelope.
46.4,steady,120.24530245442214,748.659195835822,0.2006205319842165,498.6105885742718,0,normal,0.2106490237173265,False,0.3593495143119184,False,0.1010745939542381,False,0.0430256244247641,False,0,NORMAL,0,4.125467719562015,6.934803690770308,2.001196717079301,0.856820676870329,5.725472669375371,NORMAL,Temperature,0,Telemetry remains within the expected prototype operating envelope.
46.5,steady,120.49346186535314,750.7617365038809,0.2017223199060842,497.8375595988925,0,normal,0.0690283597774714,False,0.8239534249443957,False,0.2102864657119032,False,0.0890548374461553,False,0,NORMAL,0,1.3710810709270937,15.192880045640011,4.118515451666127,1.7653289726744847,11.839555014495431,NORMAL,Temperature,0,Telemetry remains within the expected prototype operating envelope.
46.6,steady,119.64405684117985,755.1820197884786,0.1991077870377879,494.81454948365183,0,normal,0.5537704174168652,False,1.800714983627285,False,0.0488723276015581,False,0.6055692049257577,False,0,NORMAL,0,10.484114378833898,30.242343222630108,0.9726850694979472,11.406690164478196,24.304283467810585,NORMAL,Temperature,0,Telemetry remains within the expected prototype operating envelope.
46.7,steady,119.26915593449236,751.7063405987647,0.1775906813998112,499.9816036829571,0,normal,0.7677204550863979,False,1.0326850624102215,False,2.181699648441481,False,0.2772785626128959,False,0,NORMAL,0,14.233705186670665,18.66038449107763,35.36020412717691,5.394607891566872,29.428411581108048,NORMAL,Vibration,0,Telemetry remains within the expected prototype operating envelope.
46.8,steady,121.50776559171544,755.1017341284816,0.2011158651716176,503.5669779103284,0,normal,0.5098187878088083,False,1.7829740513499788,False,0.150173212178392,False,0.889878994180068,False,0,NORMAL,0,9.693771974529108,29.99439041843326,2.9588084466158904,16.30373212852949,24.654540281691045,NORMAL,Temperature,0,Telemetry remains within the expected prototype operating envelope.
46.9,steady,120.91967973538203,751.5268382090671,0.19005064604704,499.5342280053388,0,normal,0.1742074599324129,False,0.9930199498688632,False,0.9466379508586245,False,0.2008395312031762,False,0,NORMAL,0,3.424151541510312,18.012549242131527,17.248462361690862,3.9371869847674046,15.437612643769253,NORMAL,Temperature,0,Telemetry remains within the expected prototype operating envelope.
47.0,steady,118.0995951666984,753.5419104250904,0.2214546700020785,491.9388966424924,0,normal,1.4351703488123448,False,1.4382957278805837,False,2.166204519803512,False,1.096905969184034,False,0,NORMAL,0,24.951384048369086,24.998280464613476,35.15957301682533,19.698444477688824,32.024394636592426,NORMAL,Vibration,0,Telemetry remains within the expected prototype operating envelope.
47.1,steady,120.5509377511385,749.4241619230883,0.1902899653516977,497.4799517731568,0,normal,0.036227777784963,False,0.5283860713899137,False,0.9229160451355104,False,0.1501560487799821,False,0,NORMAL,0,0.7219369800945619,10.02849836287979,16.85492471872759,2.958475334717592,13.630036664359643,NORMAL,Vibration,0,Telemetry remains within the expected prototype operating envelope.
47.2,steady,121.70303498300558,751.9318907720024,0.2304560737404692,491.9466988595544,0,normal,0.6212559512752005,False,1.082525474118792,False,3.058445332399884,False,1.095572874997421,False,0,NORMAL,0,11.684202765800345,19.46715680942086,45.7566112026292,19.677031715924297,38.19298499991427,NORMAL,Vibration,1,Telemetry remains within the expected prototype operating envelope.
47.3,steady,116.81350476232802,749.4189331300106,0.1872785035214545,495.7449781006414,0,normal,2.169121869209275,False,0.5272306513075935,False,1.2214193929033037,False,0.4465952914193433,False,0,NORMAL,0,35.19739441815383,10.007704984498012,21.673474952822637,8.544626892439833,29.477836480992494,NORMAL,Pressure,0,Telemetry remains within the expected prototype operating envelope.
47.4,steady,120.40646747554057,754.7079289563615,0.1816060012341476,491.6707361553531,0,normal,0.1186746867012774,False,1.695953892466107,False,1.7836914781665685,False,1.1427241236452066,False,0,NORMAL,0,2.3455479056116335,28.765346427380667,30.004434478153353,20.430937021178153,26.638180671128016,NORMAL,Vibration,0,Telemetry remains within the expected prototype operating envelope.
47.5,steady,120.1694008152792,753.4950446511226,0.1970334215372137,495.6333437597412,0,normal,0.2539648926953345,False,1.4279396752291356,False,0.2544884307833817,False,0.4656692404902933,False,0,NORMAL,0,4.952458102403345,24.842775126767346,4.9624097830575975,8.892845305904306,19.967221560235377,NORMAL,Temperature,0,Telemetry remains within the expected prototype operating envelope.
47.6,steady,119.75796997058715,757.4105001195343,0.1996188384909292,492.75124761799566,0,normal,0.4887619901418041,False,2.293148110988325,False,0.0017843229700209,False,0.9581069131808432,False,0,NORMAL,0,9.312658039578858,36.785066437250755,0.03568009254089066,17.43805968356239,29.47279630634462,NORMAL,Temperature,0,Telemetry remains within the expected prototype operating envelope.
47.7,steady,121.49622687713598,752.8873865128184,0.2013552561172261,505.8558045170619,0,normal,0.5032338252896564,False,1.2936638670734513,False,0.1739022191250482,False,1.2809500729989205,False,0,NORMAL,0,9.574760998090193,22.797069776497068,3.4182555835523654,22.600511550960277,19.927272671769337,NORMAL,Temperature,0,Telemetry remains within the expected prototype operating envelope.
47.8,steady,119.66420701214824,749.929578585869,0.2005657312816524,500.9355578375595,0,normal,0.542271032483852,False,0.6400693132857825,False,0.0956426163641075,False,0.4402720717265009,False,0,NORMAL,0,10.27800192776851,12.015881787655747,1.894673403672753,8.428895244950962,10.664350243830434,NORMAL,Temperature,0,Telemetry remains within the expected prototype operating envelope.
47.9,steady,119.0238206047032,748.0679972560403,0.205762334416824,495.6708067604296,0,normal,0.907729460436209,False,0.2287108178530698,False,0.6107424317730463,False,0.4592682767598317,False,0,NORMAL,0,16.602002865635246,4.471176145169631,11.498305419442012,8.776135898018655,14.409218641386147,NORMAL,Pressure,0,Telemetry remains within the expected prototype operating envelope.
48.0,steady,120.03370406014535,754.7779675535173,0.2133747909581051,491.808784040858,0,normal,0.3314048917848048,False,1.7114305044661364,False,1.3653074538127683,False,1.119137131360938,False,0,NORMAL,0,6.413213127076944,28.985499747714293,23.895401110809132,20.05469129350368,25.783595297935896,NORMAL,Temperature,0,Telemetry remains within the expected prototype operating envelope.
48.1,steady,122.00641691978764,751.6751756182667,0.1914289494355756,498.4039410283533,0,normal,0.7943912402140577,False,1.0257984551573471,False,0.810017200236545,False,0.0077176292800631,False,0,NORMAL,0,14.689978073222033,18.548276507212734,14.956172101271214,0.15423352326433548,16.28688749762318,NORMAL,Temperature,0,Telemetry remains within the expected prototype operating envelope.
48.2,steady,122.44103702600732,756.872138262897,0.1892145855461924,506.2568400423317,0,normal,1.04242208366878,False,2.174184883437561,False,1.0295102808125045,False,1.349471382149445,False,0,NORMAL,0,18.818631468722668,35.26298050903674,18.608720987882855,23.653979419117867,31.351064664540388,NORMAL,Temperature,0,Telemetry remains within the expected prototype operating envelope.
48.3,steady,121.0336112640709,757.2690187849505,0.202499787056142,491.8699062771209,0,normal,0.2392263873874207,False,2.2618846104398167,False,0.2873508816513865,False,1.1086937282631066,False,0,NORMAL,0,4.671873024951212,36.38856410194274,5.584995201426157,19.887536570937346,29.47420144494781,NORMAL,Temperature,0,Telemetry remains within the expected prototype operating envelope.
48.4,steady,120.88952442791204,754.5473206583259,0.2078203146375908,494.2139753797968,0,normal,0.1569983013146125,False,1.6604638567769427,False,0.8147343865670326,False,0.7081838643387026,False,0,NORMAL,0,3.0911810370365167,28.25792363295314,15.036367782017223,13.206354269192532,23.58193519952449,NORMAL,Temperature,0,Telemetry remains within the expected prototype operating envelope.
48.5,steady,121.60995990732202,750.4175610948948,0.1931226977295335,499.961108733872,0,normal,0.5681394727781468,False,0.7479000846272807,False,0.6421287910443909,False,0.2737767762279115,False,0,NORMAL,0,10.740996829464567,13.893046487376582,12.052114591991836,5.328327109355735,12.706747655886291,NORMAL,Temperature,0,Telemetry remains within the expected prototype operating envelope.
48.6,steady,118.70849217260243,756.170373736644,0.1974650294996229,491.81770524118457,0,normal,1.0876824259340283,False,2.019114140600856,False,0.2117064103013289,False,1.1176128466353858,False,0,NORMAL,0,19.55017478846535,33.223758048779764,4.145740864667468,20.030315695569133,28.328566803986497,NORMAL,Temperature,0,Telemetry remains within the expected prototype operating envelope.
48.7,steady,120.74848074913731,754.7553096013307,0.2063999936011147,503.97491126769165,0,normal,0.0765068971899065,False,1.7064237175094148,False,0.6739487455088163,False,0.9595788734461188,False,0,NORMAL,0,1.5184908145492892,28.914353237397037,12.61003694438777,17.462361685342753,24.0885383389548,NORMAL,Temperature,0,Telemetry remains within the expected prototype operating envelope.
48.8,steady,121.25437057539342,746.3592617868809,0.1984639955845004,503.1194809823549,0,normal,0.3652102464041338,False,0.1488729279779991,False,0.1126864866058881,False,0.8134192458199853,False,0,NORMAL,0,7.043825819874416,2.9335689392720354,2.2285229628527414,15.01401701575633,12.140855349795224,NORMAL,Thrust,0,Telemetry remains within the expected prototype operating envelope.
48.9,steady,119.57665491999744,750.2195069226568,0.2241085388210419,498.0150244730722,0,normal,0.5922356313407039,False,0.7041355361756166,False,2.42926238726224,False,0.0587330211959727,False,0,NORMAL,0,11.170121791323673,13.136051980281739,38.48274475579919,1.1677882230227254,30.609995931931866,NORMAL,Vibration,0,Telemetry remains within the expected prototype operating envelope.
49.0,steady,119.92038570407524,750.3679647262832,0.1927174771740802,496.7539786343045,0,normal,0.3960738912920786,False,0.7369406453354709,False,0.6822952282120066,False,0.2741965059160798,False,0,NORMAL,0,7.615851792927552,13.704102705307154,12.755795016833083,5.336274078141356,12.356218822855451,NORMAL,Temperature,0,Telemetry remains within the expected prototype operating envelope.
49.1,steady,120.77635100384848,749.5391001247501,0.2025872940946002,500.14263086240805,0,normal,0.0924120122188303,False,0.5537842664328957,False,0.2960247900073516,False,0.3047918187948125,False,0,NORMAL,0,1.8312650261868013,10.484362319877516,5.748642633912149,5.913758706529936,8.912913017989695,NORMAL,Temperature,0,Telemetry remains within the expected prototype operating envelope.
49.2,steady,121.0556986533411,756.570194296182,0.1940991123201343,494.34131816509,0,normal,0.251831312267796,False,2.1074635353757416,False,0.5453442257623133,False,0.6864259556015798,False,0,NORMAL,0,4.911891132713975,34.39332269782175,10.333131591902745,12.827841657653172,27.821451123092157,NORMAL,Temperature,0,Telemetry remains within the expected prototype operating envelope.
49.3,steady,119.89675592081888,749.5264997350657,0.1943952990735505,497.1877384236981,0,normal,0.4095590361067245,False,0.5509999253679179,False,0.5159854815898635,False,0.2000838980464603,False,0,NORMAL,0,7.864678818680049,10.434500024612337,9.805081490200717,3.9226682383820766,9.584781266037096,NORMAL,Temperature,0,Telemetry remains within the expected prototype operating envelope.
49.4,steady,120.01466209315838,751.9593346883751,0.1943012290831992,497.1795367606238,0,normal,0.3422718421748754,False,1.0885898280994453,False,0.5253099255400895,False,0.2014852419565335,False,0,NORMAL,0,6.616392846727692,19.564773532852918,9.973128239696127,3.949591942021069,16.226192870467955,NORMAL,Temperature,0,Telemetry remains within the expected prototype operating envelope.
49.5,steady,119.66123009919004,754.878703567171,0.2148700115460437,503.4446447017707,0,normal,0.5439699097823203,False,1.7336904048790134,False,1.5135173187589752,False,0.8689770264620774,False,0,NORMAL,0,10.30848208241062,29.30095217342795,26.118184974744917,15.95311644553169,26.192683284388245,NORMAL,Temperature,0,Telemetry remains within the expected prototype operating envelope.
49.6,steady,119.3913395011797,751.586799339585,0.2188769683444632,492.3344968311861,0,normal,0.6979922196272467,False,1.006269717708202,False,1.910696524776853,False,1.0293133467816928,False,0,NORMAL,0,13.029259842060059,18.229524565550204,31.76000151156395,18.605515182220287,27.786127328888586,NORMAL,Vibration,0,Telemetry remains within the expected prototype operating envelope.
49.7,steady,119.50565262985222,754.0372938481871,0.2102446168678133,493.7124916755591,0,normal,0.6327555190769455,False,1.5477618985614767,False,1.0550370609874156,False,0.7938678443524639,False,0,NORMAL,0,11.887088066693085,26.622466454903048,19.02319353017794,14.681047423317883,23.623310299757527,NORMAL,Temperature,0,Telemetry remains within the expected prototype operating envelope.
49.8,steady,119.1469819786407,752.9020142784726,0.2149895706642712,497.4503484075449,0,normal,0.83744320579313,False,1.2968962027091098,False,1.525368306438335,False,0.1552141078275609,False,0,NORMAL,0,15.42137756141596,22.846962804166072,26.293092106553818,3.056594049689454,23.007087189919694,NORMAL,Vibration,0,Telemetry remains within the expected prototype operating envelope.
49.9,steady,120.96296474287172,749.8931743140189,0.2141950634145271,498.9204661602247,0,normal,0.1989095313804932,False,0.6320249661194152,False,1.4466148347879082,False,0.0959716018456265,False,0,NORMAL,0,3.9000995849432174,11.874212896434722,25.12296617308526,1.9011282369377547,20.074788615503003,NORMAL,Vibration,0,Telemetry remains within the expected prototype operating envelope.
50.0,steady,119.36209147798957,752.765867658176,0.1992119647474412,503.3342137226229,0,normal,0.7146836054085701,False,1.2668115279296277,False,0.038545982176225,False,0.8501086849182931,False,0,NORMAL,0,13.319108210923714,22.381338587163334,0.7679556795248454,15.635352193263518,19.106948615357766,NORMAL,Temperature,0,Telemetry remains within the expected prototype operating envelope.
50.1,steady,119.30402979622092,749.5735217075311,0.1957918721914835,505.53045124686975,0,normal,0.747818491934502,False,0.5613904936099233,False,0.3775537913991093,False,1.2253599055318964,False,0,NORMAL,0,13.891641336270787,10.620434049605654,7.273024534715367,21.735179966910568,18.81089146864833,NORMAL,Thrust,0,Telemetry remains within the expected prototype operating envelope.
50.2,steady,121.378379263599,750.7445211348219,0.2079497884562765,502.384618059806,0,normal,0.4359800499433107,False,0.8201492998164868,False,0.8275681432289416,False,0.6878598718334529,False,0,NORMAL,0,8.350256462579175,15.128332114704268,15.254168658295509,12.852837587837762,14.428949174941042,NORMAL,Vibration,0,Telemetry remains within the expected prototype operating envelope.
50.3,steady,119.82425227092948,753.4647502712068,0.20262166397635,496.78626079459247,0,normal,0.4509357261821801,False,1.4212454468639415,False,0.2994316154439786,False,0.2686807454765221,False,0,NORMAL,0,8.623983659306289,24.74208381142312,5.812840344731319,5.231787969803037,19.968290358635606,NORMAL,Temperature,0,Telemetry remains within the expected prototype operating envelope.
50.4,steady,120.96847734584608,752.5618838498151,0.2095986976633307,494.5776774436658,0,normal,0.2020554869996546,False,1.2217366922748738,False,0.991011994161318,False,0.646041385713436,False,0,NORMAL,0,3.960545771189483,21.678445386544364,17.979617196025856,12.120908557711296,18.96819723100755,NORMAL,Temperature,0,Telemetry remains within the expected prototype operating envelope.
50.5,steady,121.37671238251248,750.6743598121827,0.2056393226906356,505.46510811367887,0,normal,0.4350287871832312,False,0.8046455688454309,False,0.5985492132792316,False,1.214195315992792,False,0,NORMAL,0,8.33281820619579,14.864758186765991,11.282217946535233,21.56022579224379,18.917648526485785,NORMAL,Thrust,0,Telemetry remains within the expected prototype operating envelope.
50.6,steady,119.92319007167518,756.4578440394702,0.2025799198467128,485.71799980307446,0,normal,0.3944734829096428,False,2.0826372052971625,False,0.2952938368006575,False,2.15981428694599,False,0,NORMAL,0,7.586276586900331,34.06675802329223,5.734862960326637,35.07665095358238,30.015471115687436,NORMAL,Thrust,0,Telemetry remains within the expected prototype operating envelope.
50.7,steady,119.59674884222208,756.8849039215916,0.1952539233874267,494.0513530712486,0,normal,0.5807683466790656,False,2.1770057444279747,False,0.4308765721582692,False,0.735969665786856,False,0,NORMAL,0,10.966160492522924,35.299493034975804,8.256662219061006,13.687342767723665,28.91301559273407,NORMAL,Temperature,0,Telemetry remains within the expected prototype operating envelope.
50.8,steady,121.35736050680468,753.4205232509755,0.2115929682963721,498.2635950467178,0,normal,0.4239849767714552,False,1.4114724865273305,False,1.1886889012167143,False,0.0162620178826444,False,0,NORMAL,0,8.130123441003501,24.594841432922653,21.159059948791224,0.3247120241414714,20.729911405499877,NORMAL,Temperature,0,Telemetry remains within the expected prototype operating envelope.
50.9,steady,121.10366181702548,746.7900551472922,0.2009170516021351,499.4839233448987,0,normal,0.2792031337117449,False,0.053679392384535,False,0.1304663324576548,False,0.1922444293417939,False,0,NORMAL,0,5.431015844837328,1.0678454615821842,2.575577896907144,3.771911036514619,4.654215945130375,NORMAL,Pressure,0,Telemetry remains within the expected prototype operating envelope.
51.0,steady,119.62340423503151,750.9366328808412,0.2087331355714857,492.40316949329866,0,normal,0.5655565341868972,False,0.8626007348041501,False,0.9052153954723158,False,1.0175798707819272,False,0,NORMAL,0,10.694874812675415,15.845866585931445,16.560058724958616,18.41428284114667,17.351853606157647,NORMAL,Thrust,0,Telemetry remains within the expected prototype operating envelope.
51.1,steady,120.14093536805557,752.9936726344254,0.2154471379512099,501.42286130733777,0,normal,0.2702096747087699,False,1.3171501893571316,False,1.5707234776739585,False,0.5235332034687308,False,0,NORMAL,0,5.260762317536704,23.158861974551627,26.958666703503443,9.941132009177522,23.238582870194552,NORMAL,Vibration,0,Telemetry remains within the expected prototype operating envelope.
51.2,steady,119.8807003642407,749.5975189127372,0.183244117121052,497.1917738796841,0,normal,0.418721689152988,False,0.5666932188091955,False,1.6213174871161544,False,0.1993943962199203,False,0,NORMAL,0,8.033365006430559,10.715174857611665,27.694030708962625,3.9094182256645293,22.40691898070928,NORMAL,Vibration,0,Telemetry remains within the expected prototype operating envelope.
51.3,steady,120.47876199765274,753.4100079083078,0.2397318431767689,503.0481358871486,0,normal,0.0774173425516836,False,1.4091488837550752,False,3.977881933604964,False,0.8012291553742157,False,0,NORMAL,0,1.5364215886524701,24.559790962118587,54.86789755065446,14.806566871069338,44.0440676430187,NORMAL,Vibration,1,Telemetry remains within the expected prototype operating envelope.
51.4,steady,120.13987617218145,753.7070629695397,0.2161887677147397,498.4717397752786,0,normal,0.2708141410974211,False,1.4747899175853263,False,1.6442356055696656,False,0.0193017873043702,False,0,NORMAL,0,5.272214962221977,25.543712927814987,28.02469566199982,0.38529158598376023,23.39831975487668,NORMAL,Vibration,0,Telemetry remains within the expected prototype operating envelope.
51.5,steady,119.451685915833,752.6885486220499,0.1936497003339431,497.8876667373476,0,normal,0.6635534720595956,False,1.2497261382882934,False,0.589891023951089,False,0.0804934843779386,False,0,NORMAL,0,12.428159430716113,22.115655901726285,11.128457785740265,1.5969805443314389,18.51123603159207,NORMAL,Temperature,0,Telemetry remains within the expected prototype operating envelope.
51.6,steady,120.68885512073912,749.8527714456827,0.2099770590196872,495.83171728535046,0,normal,0.0424794909758765,False,0.6230970386291543,False,1.028516082841484,False,0.4317749522812662,False,0,NORMAL,0,0.8459910041449636,11.716716198914378,18.592535569894686,8.273144816468836,15.535132034506045,NORMAL,Vibration,0,Telemetry remains within the expected prototype operating envelope.
51.7,steady,119.6726046094709,752.8137580329038,0.192024781378383,499.6284374353161,0,normal,0.537478656067933,False,1.2773939892908746,False,0.7509569033903998,False,0.2169362435132056,False,0,NORMAL,0,10.191964384415764,22.54544415887898,13.945673068971686,4.245948806034628,19.11082886487268,NORMAL,Temperature,0,Telemetry remains within the expected prototype operating envelope.
51.8,steady,121.52273020128727,753.2917528734712,0.2017633480100899,497.0851017173903,0,normal,0.5183588545957702,False,1.383017759410272,False,0.2143532701705482,False,0.2176205027609125,False,0,NORMAL,0,9.847884567602405,24.164491403080536,4.196469994552798,4.259052028421051,19.42286048644732,NORMAL,Temperature,0,Telemetry remains within the expected prototype operating envelope.
51.9,steady,119.2534118424123,752.8255536330319,0.2027336829287006,494.149734987846,0,normal,0.776705360253374,False,1.2800004939026512,False,0.3105352037260151,False,0.7191600384665479,False,0,NORMAL,0,14.387687198941235,22.585810767790203,6.021771358925088,13.396677724169049,19.61507236592337,NORMAL,Temperature,0,Telemetry remains within the expected prototype operating envelope.
52.0,steady,119.81660220043044,749.4402110468385,0.1950900010983381,496.350639295986,0,normal,0.4553015008235533,False,0.5319324882416114,False,0.447124944153326,False,0.3431114467430695,False,0,NORMAL,0,8.703734255920214,10.0922910265833,8.554314297015509,6.63207259084444,9.533450232185947,NORMAL,Temperature,0,Telemetry remains within the expected prototype operating envelope.
52.1,steady,120.36734543338906,752.4881944162867,0.1861724542998707,505.0134944767359,0,normal,0.1410010194540565,False,1.2054533454128065,False,1.3310536549494092,False,1.1370321828445626,False,0,NORMAL,0,2.7806289647027027,21.422962192089933,23.372236795835665,20.340304964528123,21.13461554754437,NORMAL,Vibration,0,Telemetry remains within the expected prototype operating envelope.
52.2,steady,119.78081786066164,750.9048367633324,0.1893219197007609,493.6251716254091,0,normal,0.4757230594406287,False,0.8555746635552242,False,1.0188710609669258,False,0.8087874307091599,False,0,NORMAL,0,9.07585621606154,15.727528873032181,18.435348656478524,14.935252667160004,17.07320043782511,NORMAL,Vibration,0,Telemetry remains within the expected prototype operating envelope.
52.3,steady,121.4715798481059,750.5722686599979,0.2049182809384104,491.2421872584687,0,normal,0.4891681543473802,False,0.7820862199269496,False,0.5270778186369196,False,1.215946393492199,False,0,NORMAL,0,9.32002453081493,14.479771209242799,10.004954189899639,21.58769180718575,18.87883832667076,NORMAL,Thrust,0,Telemetry remains within the expected prototype operating envelope.
52.4,steady,121.74897212881274,760.2595379082919,0.2100924118314488,498.0522080859408,0,normal,0.647471556253892,False,2.922707442850621,False,1.0399501312957822,False,0.0523797939326548,False,0,NORMAL,0,12.1460413806582,44.26386402126396,18.778486250516803,1.0421277044753818,35.44168205755158,NORMAL,Temperature,0,Telemetry remains within the expected prototype operating envelope.
52.5,steady,120.39251509277103,753.1667133675941,0.2124728795078341,490.2768877382079,0,normal,0.1266370916084742,False,1.355387452754805,False,1.2759078191927091,False,1.3808783825127402,False,0,NORMAL,0,2.500937003394521,23.74425968777979,22.522418608088447,24.132036313187765,22.06454311966147,NORMAL,Thrust,0,Telemetry remains within the expected prototype operating envelope.
52.6,steady,119.10140385353472,750.7830175533097,0.2103385779361475,505.8053209768599,0,normal,0.8634539233171049,False,0.8286559540974299,False,1.0643507083250383,False,1.272324407572223,False,0,NORMAL,0,15.860225228823,15.272604140069568,19.173891015877974,22.466871892694073,20.971156054529303,NORMAL,Thrust,0,Telemetry remains within the expected prototype operating envelope.
52.7,steady,119.2844897371614,748.4158230409715,0.2108739258280365,494.8685966664584,0,normal,0.7589696956186657,False,0.3055707912903821,False,1.1174156804075144,False,0.5963346521531233,False,0,NORMAL,0,14.083469714300422,5.928415683597921,20.02716216919298,11.24291505304571,17.504827139237428,NORMAL,Vibration,0,Telemetry remains within the expected prototype operating envelope.
52.8,steady,118.97995330405288,754.8670086176845,0.1825503458192572,496.4010814541842,0,normal,0.9327638374120432,False,1.731106141302757,False,1.6900857690486035,False,0.3344928518846934,False,0,NORMAL,0,17.018522644041177,29.264401733809798,28.681694601305065,6.470993735567109,26.147477239514643,NORMAL,Temperature,0,Telemetry remains within the expected prototype operating envelope.
52.9,steady,120.08305568987532,751.3262872660696,0.187682880995282,500.9708048904662,0,normal,0.3032406946558247,False,0.9487036834521412,False,1.1813365240164546,False,0.4462944165231122,False,0,NORMAL,0,5.884566290654581,17.282643809924103,21.043041002175144,8.539123401676573,18.293546920551506,NORMAL,Vibration,0,Telemetry remains within the expected prototype operating envelope.
53.0,steady,118.62610614931928,752.5217774409713,0.1880606390141647,502.4301111644057,0,normal,1.1346988307238042,False,1.212874274214029,False,1.1438922395994375,False,0.6956328667131365,False,0,NORMAL,0,20.303121465313268,21.539498610448014,20.449524028301415,12.988211224157297,20.58770518801046,NORMAL,Temperature,0,Telemetry remains within the expected prototype operating envelope.
53.1,steady,120.8117493804696,755.6904467909983,0.1988588648701277,508.48700130792815,0,normal,0.1126133077516911,False,1.913063428168856,False,0.0735460922277516,False,1.7305188452954163,False,0,NORMAL,0,2.2270919914485376,31.79229736362319,1.4601566364261243,29.256092698945324,26.32936167176885,NORMAL,Temperature,0,Telemetry remains within the expected prototype operating envelope.
53.2,steady,121.01516217597822,752.9598190898499,0.2023619307732564,498.42373220030817,0,normal,0.2286977836364359,False,1.3096694830680882,False,0.2736862349542537,False,0.0110991676389359,False,0,NORMAL,0,4.470927116168055,23.043810732661164,5.326612755065241,0.22173715194281352,17.87149715486552,NORMAL,Temperature,0,Telemetry remains within the expected prototype operating envelope.
53.3,steady,121.0145006397112,750.3967584301548,0.2053142318879954,503.5496550319098,0,normal,0.2283202553170229,False,0.7433032653901475,False,0.5663254301510308,False,0.8869191907893429,False,0,NORMAL,0,4.46371385778237,13.813846466065394,10.708607026850547,16.254172561831936,14.523741907537156,NORMAL,Thrust,0,Telemetry remains within the expected prototype operating envelope.
53.4,steady,119.51350972195668,754.0519270953992,0.2004783790918272,496.1357750619556,0,normal,0.6282716004687592,False,1.550995445471291,False,0.0869840569774979,False,0.3798233529899906,False,0,NORMAL,0,11.808034399882516,26.66990505312532,1.7246360590253862,7.315104899985703,21.493235320583114,NORMAL,Temperature,0,Telemetry remains within the expected prototype operating envelope.
53.5,steady,120.5826570639978,752.414139392125,0.2126023381907942,504.96884276394815,0,normal,0.0181260659458,False,1.189089213032308,False,1.2887400755650475,False,1.1294029489656638,False,0,NORMAL,0,0.3618650037163662,21.16537188808446,22.72100610402582,20.21866369633073,20.409508303180555,NORMAL,Vibration,0,Telemetry remains within the expected prototype operating envelope.
53.6,steady,121.61393918110126,752.4467024671068,0.192862442958704,503.4190721835848,0,normal,0.5704103815963929,False,1.1962847608800111,False,0.667925870583955,False,0.8646076818181174,False,0,NORMAL,0,10.7815274361182,21.278741960267478,12.504705754031109,15.879638385010564,19.120085958523752,NORMAL,Temperature,0,Telemetry remains within the expected prototype operating envelope.
53.7,steady,122.00511005785044,750.9023576635349,0.2060915767091582,495.6290724647773,0,normal,0.7936454347073113,False,0.8550268503888694,False,0.6433777205558904,False,0.4663990379876487,False,0,NORMAL,0,14.677252187315325,15.718295253362658,12.074079990466203,8.906142290167507,14.712271765300502,NORMAL,Temperature,0,Telemetry remains within the expected prototype operating envelope.
53.8,steady,119.62627425905178,748.851962647994,0.2070986596093916,501.1717192820566,0,normal,0.5639186567203572,False,0.4019457009806782,False,0.7432022025334997,False,0.480622839496849,False,0,NORMAL,0,10.665615850239362,7.7242805404721615,13.812104404683756,9.16491423373298,12.597472928093165,NORMAL,Vibration,0,Telemetry remains within the expected prototype operating envelope.
53.9,steady,120.93461730910012,754.4119756356802,0.2122445288602317,494.5590100540512,0,normal,0.1827320977838225,False,1.6305563131269474,False,1.2532731531678185,False,0.6492309135587617,False,0,NORMAL,0,3.5886660856289665,27.82751180408759,22.17088769409078,12.17694924331364,23.84223397003002,NORMAL,Temperature,0,Telemetry remains within the expected prototype operating envelope.
54.0,steady,120.52024825792138,751.6835294867383,0.2036950990206817,489.2053604962624,0,normal,0.0537417877879744,False,1.0276444313231126,False,0.4058330817107456,False,1.5639605405314467,False,0,NORMAL,0,1.0690800362181063,18.578342544797987,7.7959948295212245,26.85980506989638,22.210405262470598,NORMAL,Thrust,0,Telemetry remains within the expected prototype operating envelope.
54.1,steady,118.64768473670762,750.7012108970303,0.1900375017820349,502.0992621170216,0,normal,1.122384271056874,False,0.8105789232934093,False,0.9479408420553728,False,0.6391036855571558,False,0,NORMAL,0,20.106593155500818,14.965725780403927,17.270022802459284,11.998888165912414,18.69914316769972,NORMAL,Pressure,0,Telemetry remains within the expected prototype operating envelope.
54.2,steady,121.72377246540698,745.6249065907804,0.2011651677716907,494.3192922032775,0,normal,0.6330905055849064,False,0.3111453163720649,False,0.1550602046109944,False,0.6901893322692151,False,0,NORMAL,0,11.892991196278956,6.0332381204586945,3.053610023364428,12.893429304809278,11.344640054555773,NORMAL,Thrust,0,Telemetry remains within the expected prototype operating envelope.
54.3,steady,119.63765621307007,755.4727924349667,0.1944385028042105,494.6529187199503,0,normal,0.557423154982358,False,1.8649677758398835,False,0.5117030237786597,False,0.6331855900835972,False,0,NORMAL,0,10.549486104973871,31.1330328809996,9.727797211598322,11.89466670250009,25.77565737640603,NORMAL,Temperature,0,Telemetry remains within the expected prototype operating envelope.
54.4,steady,122.11977563453034,752.9398779666458,0.2033432050881981,491.6567291895738,0,normal,0.8590832717795831,False,1.3052630409175043,False,0.3709525078144966,False,1.1451173670661674,False,0,NORMAL,0,15.786643946499767,22.975960239898306,7.150520271773953,20.469013535111756,20.742811230346227,NORMAL,Temperature,0,Telemetry remains within the expected prototype operating envelope.
54.5,steady,120.33525093836148,751.7357503986722,0.1957255720369867,495.8267726760682,0,normal,0.1593168418424485,False,1.0391838228173451,False,0.3841256223537846,False,0.4326197928998933,False,0,NORMAL,0,3.1361080245814077,18.766037149632474,7.39482167569816,8.288642421746918,15.486664958531268,NORMAL,Temperature,0,Telemetry remains within the expected prototype operating envelope.
54.6,steady,120.76881753862294,751.9073416201368,0.2085941400381612,501.260017237175,0,normal,0.0881127823689305,False,1.0771007838225557,False,0.8914378235285326,False,0.4957095116213681,False,0,NORMAL,0,1.7468187348427255,19.379736248452296,16.329821701142023,9.438580985320556,16.700137357597782,NORMAL,Temperature,0,Telemetry remains within the expected prototype operating envelope.
54.7,steady,121.1199288406916,753.465805904903,0.2076397461506704,494.5639030203144,0,normal,0.2884864676916173,False,1.4214787130028306,False,0.7968360033613099,False,0.6483948967152233,False,0,NORMAL,0,5.606436038829942,24.745594754230105,14.731680436690642,12.16226370567547,21.09365939709936,NORMAL,Temperature,0,Telemetry remains within the expected prototype operating envelope.
54.8,steady,119.65372154897273,748.8238298690777,0.1846078790389439,495.1233332526135,0,normal,0.5482549210297754,False,0.3957291272420408,False,1.486138122077986,False,0.552810118110556,False,0,NORMAL,0,10.38531498733757,7.609481426683717,25.71251033489744,10.46692031916927,21.45337658614104,NORMAL,Vibration,0,Telemetry remains within the expected prototype operating envelope.
54.9,steady,119.86201026118935,762.1283186138523,0.1959440417948076,497.79833103256857,0,normal,0.4293878363416241,False,3.3356568031687943,False,0.3624703739157569,False,0.0957574673909826,False,0,NORMAL,0,8.229341833400571,48.68214073800395,6.992874248216263,1.8969268772915715,37.4010038031824,NORMAL,Temperature,1,Telemetry remains within the expected prototype operating envelope.
55.0,steady,120.99926118661745,754.2670402344808,0.1997699566900869,495.970664795253,0,normal,0.2196233396646156,False,1.5985295584442447,False,0.0167635227407746,False,0.4080342493215381,False,0,NORMAL,0,4.29739504918526,27.36373795777083,0.3347090510084194,7.83657718996138,21.271766356744557,NORMAL,Temperature,0,Telemetry remains within the expected prototype operating envelope.
55.1,steady,122.64234711849129,753.4620714453843,0.1815936297018056,503.417319286845,0,normal,1.157306580083467,False,1.4206534997154543,False,1.7849177742411266,False,0.8643081802232522,False,0,NORMAL,0,20.662661424767983,24.733173542214892,30.021599430583112,15.874599397600731,27.50209258695611,NORMAL,Vibration,0,Telemetry remains within the expected prototype operating envelope.
55.2,steady,119.49590926426582,760.2577951473863,0.1936565672432675,504.50807230511566,0,normal,0.6383159042268712,False,2.922322340415109,False,0.5892103593643551,False,1.0506752725687885,False,0,NORMAL,0,11.98502194699682,44.25957103159972,11.116358619900835,18.95252196989293,36.321150107773974,NORMAL,Temperature,0,Telemetry remains within the expected prototype operating envelope.
55.3,steady,120.77274860296284,748.8629948634705,0.2111208514399335,501.68945712502097,0,normal,0.0903561788200972,False,0.4043835184893574,False,1.14189154161905,False,0.5690840170267534,False,0,NORMAL,0,1.7908930141283808,7.769259847351828,20.41768636364798,10.757857052507969,16.83586956066435,NORMAL,Vibration,0,Telemetry remains within the expected prototype operating envelope.
55.4,steady,120.66599913954708,752.9845581649898,0.188792456608813,493.86495134143314,0,normal,0.0294359428014601,False,1.3151361412069966,False,1.0713527175095132,False,0.7678184416435273,False,0,NORMAL,0,0.5869893023060846,23.12790338938322,19.28700082928797,14.235385958990598,20.04139915759628,NORMAL,Temperature,0,Telemetry remains within the expected prototype operating envelope.
55.5,steady,121.34374199570264,748.1648736865227,0.192702014233513,503.1945422299118,0,normal,0.416213107161887,False,0.2501178560778326,False,0.6838279521134983,False,0.8262442815711466,False,0,NORMAL,0,7.987212260738607,4.879299686885363,12.78253517374479,15.231727336151767,13.477690533531694,NORMAL,Thrust,0,Telemetry remains within the expected prototype operating envelope.
55.6,steady,121.84892467728896,749.6496853024241,0.1786636598440641,495.1226659562273,0,normal,0.7045129000601907,False,0.5782205623799151,False,2.07534344147395,False,0.552924133002239,False,0,NORMAL,0,13.142607596264188,10.920781128143563,33.97050753851458,10.468961916768293,28.07482999075741,NORMAL,Vibration,0,Telemetry remains within the expected prototype operating envelope.
55.7,steady,120.07404322406336,750.7831523149288,0.1853754278708548,501.1997503143696,0,normal,0.3083839668260686,False,0.8286857327248618,False,1.4100568337150672,False,0.4854122481898518,False,0,NORMAL,0,5.981328772741723,15.27310875167781,24.573488905331796,9.25188184461987,20.792251012473148,NORMAL,Vibration,0,Telemetry remains within the expected prototype operating envelope.
55.8,steady,117.8499338180308,750.7527293527388,0.1962884947065357,499.9600137220506,0,normal,1.577648144942579,False,0.821963091198252,False,0.3283273719136695,False,0.2735896814724344,False,0,NORMAL,0,27.05975407369253,15.15911443104998,6.355592356734063,5.324784528378301,22.30502411951245,NORMAL,Pressure,0,Telemetry remains within the expected prototype operating envelope.
55.9,steady,119.43031834334046,754.1089302748566,0.2023098132376906,495.42057784903176,0,normal,0.6757476088518427,False,1.563591587128255,False,0.2685202193376642,False,0.5020226252299793,False,0,NORMAL,0,12.641471809563864,26.854407805999024,5.228745365928811,9.55285373381425,22.204644461488634,NORMAL,Temperature,0,Telemetry remains within the expected prototype operating envelope.
56.0,steady,118.79259200348004,755.1419770319061,0.1821225766698651,499.82177613859744,0,normal,1.0396879781658244,False,1.791866630975327,False,1.7324872771411075,False,0.2499702772173084,False,0,NORMAL,0,18.77422764406721,30.1187858574938,29.283938129406483,4.876492084538397,26.844387132477735,NORMAL,Temperature,0,Telemetry remains within the expected prototype operating envelope.
56.1,steady,119.49231770437116,752.1760911723277,0.1918824946431134,496.17077772521367,0,normal,0.640365550842944,False,1.1364870752867278,False,0.765060707195707,False,0.3738427648398897,False,0,NORMAL,0,12.021094473284544,20.331619870741967,14.188069705514883,7.204176534458573,17.918236967082276,NORMAL,Temperature,0,Telemetry remains within the expected prototype operating envelope.
56.2,steady,120.66162303769336,755.9119979139039,0.1982078212617778,506.38615452184087,0,normal,0.0269385704565325,False,1.9620201592659856,False,0.1380791023039813,False,1.371566176425154,False,0,NORMAL,0,0.5373226389950081,32.45688368806202,2.723798971557334,23.9906050276823,26.32147780079127,NORMAL,Temperature,0,Telemetry remains within the expected prototype operating envelope.
56.3,steady,119.18630931157615,756.1135375627953,0.2009507939326759,499.0519523738832,0,normal,0.8149997168260649,False,2.0065549026100418,False,0.1338109535073929,False,0.1184374606721349,False,0,NORMAL,0,15.040876346899235,33.055815471041086,2.640725659604959,2.3409145601178016,26.130634109472226,NORMAL,Temperature,0,Telemetry remains within the expected prototype operating envelope.
56.4,steady,120.84442004349,751.7302397683243,0.1937691210206734,498.3752232053893,0,normal,0.1312579401311195,False,1.0379661244162763,False,0.5780537579350551,False,0.0028108748868671,False,0,NORMAL,0,2.5910010599894284,18.746251047044638,10.917809316642202,0.05620169866283886,15.012298703783685,NORMAL,Temperature,0,Telemetry remains within the expected prototype operating envelope.
56.5,steady,121.21778128252488,751.2545176671414,0.205189689736036,506.6735058260928,0,normal,0.3443293137419689,False,0.9328445674630322,False,0.5539805121697556,False,1.420663292049037,False,0,NORMAL,0,6.654811764912494,17.019862453004485,10.487875663384605,24.73332094964502,21.230047314977092,NORMAL,Thrust,0,Telemetry remains within the expected prototype operating envelope.
56.6,steady,120.64219363794923,751.1248702134591,0.2094918638772298,502.2334923063419,0,normal,0.0158505182992796,False,0.9041960305289276,False,0.9804223720430612,False,0.6620383826605084,False,0,NORMAL,0,0.31650841867331136,16.543045840580916,17.805720138638335,12.401619576432987,15.692071312868404,NORMAL,Vibration,0,Telemetry remains within the expected prototype operating envelope.
56.7,steady,121.29901724084417,754.6348553434868,0.2012681939187984,495.2715137074393,0,normal,0.3906893945859968,False,1.6798066251045982,False,0.1652724043840157,False,0.5274918654486472,False,0,NORMAL,0,7.516309775838215,28.53492556158178,3.2514151324153806,10.012406313700362,22.862769083587533,NORMAL,Temperature,0,Telemetry remains within the expected prototype operating envelope.
56.8,steady,121.80092800968278,755.8329948624098,0.1851082108939074,500.7069035609837,0,normal,0.6771219584562128,False,1.944562648344248,False,1.4365440238889986,False,0.4012039857675299,False,0,NORMAL,0,12.665480741477475,32.220644575223076,24.9719996989729,7.7105910641425135,27.730681630878898,NORMAL,Temperature,0,Telemetry remains within the expected prototype operating envelope.
56.9,steady,120.59892123429348,751.835757603032,0.1975566243227315,500.713906907373,0,normal,0.008844360339454,False,1.0612826763343577,False,0.2026273108880375,False,0.4024005841554319,False,0,NORMAL,0,0.17673085357264862,19.12428037912339,3.9715286739799516,7.732675093056384,15.143738558906787,NORMAL,Temperature,0,Telemetry remains within the expected prototype operating envelope.
57.0,steady,120.15625319536554,753.1015121834964,0.2009878070421974,500.6091022847714,0,normal,0.2614680321266259,False,1.3409797765705438,False,0.1374797820452505,False,0.3844935672125891,False,0,NORMAL,0,5.094982129784576,23.524209195695544,2.7121383531330645,7.401636144812818,18.679870486751877,NORMAL,Temperature,0,Telemetry remains within the expected prototype operating envelope.
57.1,steady,117.8964210077108,752.9512172986002,0.1875124504195104,502.65997918964894,0,normal,1.5511186385963165,False,1.3077687227575894,False,1.1982300130585208,False,0.7349083349174028,False,0,NORMAL,0,26.671711783578544,23.01455011723058,21.30936254314506,13.669019565585428,24.74476901016077,NORMAL,Pressure,0,Telemetry remains within the expected prototype operating envelope.
57.2,steady,120.61706435314832,751.3818845740483,0.1819041951197354,502.905921439222,0,normal,0.0015096315906615,False,0.9609891660113866,False,1.7541337822203922,False,0.7769302602938062,False,0,NORMAL,0,0.030188074296844114,17.48563884596176,29.58942749304918,14.391537954859157,24.61409720269657,NORMAL,Vibration,0,Telemetry remains within the expected prototype operating envelope.
57.3,steady,120.73252278116168,750.5689478451898,0.1915786493988183,499.1721554547315,0,normal,0.0673999364207694,False,0.7813524107931761,False,0.7951785794245867,False,0.1389754727550148,False,0,NORMAL,0,1.3389539125034822,14.467219183184376,14.703410600661526,2.74123651089927,12.466663658564247,NORMAL,Vibration,0,Telemetry remains within the expected prototype operating envelope.
57.4,steady,119.44981887953342,754.9834093613946,0.1933657545534518,509.49695227285065,0,normal,0.6646189602446023,False,1.7568275180874235,False,0.6180364134127725,False,1.9030800223825888,False,0,NORMAL,0,12.44681879480548,29.62735077351787,11.627317242647061,31.65597227541315,28.045159649077107,NORMAL,Thrust,0,Telemetry remains within the expected prototype operating envelope.
57.5,steady,120.89573758767898,750.4936746138039,0.2016555540189984,492.8854721601029,0,normal,0.1605440536520228,False,0.7647190879761251,False,0.2036684702215917,False,0.9351731809656476,False,0,NORMAL,0,3.159879609615801,14.182206504287343,3.9915227800442987,17.05849918905177,14.447333930146083,NORMAL,Thrust,0,Telemetry remains within the expected prototype operating envelope.
57.6,steady,119.64510134674627,751.8871073438219,0.1758866822701933,495.1019965243971,0,normal,0.5531743345552432,False,1.072629562862343,False,2.3506041451467485,False,0.556455731674075,False,0,NORMAL,0,10.473441965629949,19.307609801309777,37.507324557249234,10.532177128101116,31.189059389287383,NORMAL,Vibration,0,Telemetry remains within the expected prototype operating envelope.
57.7,steady,120.37081449518476,747.1912223921869,0.2074060401231811,492.5318021672477,0,normal,0.139021280572053,False,0.0349675829759074,False,0.7736704991870668,False,0.9956015704490808,False,0,NORMAL,0,2.742127549146267,0.6969118866435919,14.335707130325147,18.05487041350984,14.870757254498569,NORMAL,Thrust,0,Telemetry remains within the expected prototype operating envelope.
57.8,steady,120.44638538498036,753.6455987309856,0.1985023167726974,496.0374009350884,0,normal,0.095894165032782,False,1.4612080040318338,False,0.1088879981600563,False,0.396631649349638,False,0,NORMAL,0,1.8996089323781828,25.34118621140642,2.1542179765917657,7.626156818756391,19.71112340708829,NORMAL,Temperature,0,Telemetry remains within the expected prototype operating envelope.
57.9,steady,119.81849746495338,753.2283285675124,0.2153236923883546,504.945488635586,0,normal,0.4542199032364462,False,1.3690027246358043,False,1.5584872562451093,False,1.125412640505168,False,0,NORMAL,0,8.683982955553216,23.951625752477,26.779697816996606,20.154967854857453,24.369202589287667,NORMAL,Vibration,0,Telemetry remains within the expected prototype operating envelope.
58.0,steady,122.19769070971506,750.5487206580839,0.1997255979478399,491.68923569231856,0,normal,0.9035481769676924,False,0.7768827563540226,False,0.0123665773999694,False,1.1395632752622624,False,0,NORMAL,0,16.532231562996824,14.390724603150229,0.2470259355368043,20.380619969586956,17.758080661467716,NORMAL,Thrust,0,Telemetry remains within the expected prototype operating envelope.
58.1,steady,119.5786443466686,750.871324062534,0.1941012364038908,495.43150618780936,0,normal,0.5911002968999419,False,0.8481692744070756,False,0.5451336814658906,False,0.5001553989303189,False,0,NORMAL,0,11.149949177124185,15.602622309059422,10.32935574286068,9.519070368040472,14.219291790633541,NORMAL,Temperature,0,Telemetry remains within the expected prototype operating envelope.
58.2,steady,119.42592979659968,751.3242497428424,0.2118965650397209,504.0909930248298,0,normal,0.6782520832976409,False,0.948253446615478,False,1.2187821414334412,False,0.9794127122618904,False,0,NORMAL,0,12.68521829274939,17.27519499439839,21.632150706875862,17.789120811003723,20.131795379909203,NORMAL,Vibration,0,Telemetry remains within the expected prototype operating envelope.
58.3,steady,120.21651938226198,753.9181160378218,0.1908771751656947,499.73998688318494,0,normal,0.2270750692751354,False,1.5214268660945711,False,0.8647103944578635,False,0.2359956876805303,False,0,NORMAL,0,4.439918804978982,26.234966923792634,15.881366412141062,4.610257810694096,21.529798121230804,NORMAL,Temperature,0,Telemetry remains within the expected prototype operating envelope.
58.4,steady,121.75520218348396,748.574148787424,0.1845383623994399,491.9205251922233,0,normal,0.6510269502468493,False,0.3405564455861959,False,1.4930287787713947,False,1.1000449325528945,False,0,NORMAL,0,12.208490262335525,6.584349366084396,25.814817739764262,19.748841384878457,22.410825171739752,NORMAL,Vibration,0,Telemetry remains within the expected prototype operating envelope.
58.5,steady,120.18490207960878,750.6244467086245,0.1866892471276311,502.08638637608607,0,normal,0.2451185654977268,False,0.7936161398040652,False,1.279827905501206,False,0.6369037242829175,False,0,NORMAL,0,4.784144919970002,14.676752281522475,22.583138563437565,11.960159838830242,19.404407181563442,NORMAL,Vibration,0,Telemetry remains within the expected prototype operating envelope.
58.6,steady,120.6338654973445,752.9361014969702,0.2044111156344187,496.79252170274646,0,normal,0.0110977797373938,False,1.3044285445359045,False,0.4768063725263194,False,0.2676110007877093,False,0,NORMAL,0,0.2217094554579968,22.96310391057692,9.095553945057,5.211510242383744,18.206556827804118,NORMAL,Temperature,0,Telemetry remains within the expected prototype operating envelope.
58.7,steady,121.06449153058058,751.8378507795085,0.2040532758762389,501.8644996147165,0,normal,0.2568492687012271,False,1.0617452110150845,False,0.4413364340703968,False,0.5989919423728642,False,0,NORMAL,0,5.007272860099732,19.131761598116416,8.448386137478192,11.29007318740326,16.27492574479671,NORMAL,Temperature,0,Telemetry remains within the expected prototype operating envelope.
58.8,steady,119.92848551463835,750.8439308885884,0.1939594396011217,499.8856750524786,0,normal,0.3914514570856499,False,0.8421161331132572,False,0.5591889219820646,False,0.2608881060791941,False,0,NORMAL,0,7.5304043721444724,15.500386586420333,10.581070280724614,5.083973913022765,13.461136857000534,NORMAL,Temperature,0,Telemetry remains within the expected prototype operating envelope.
58.9,steady,120.2478649306658,754.6267803458514,0.2107907106192974,502.7780022963135,0,normal,0.2091866589188493,False,1.678022271756887,False,1.1091671885473984,False,0.755073874549404,False,0,NORMAL,0,4.097422910372284,28.509417221299536,19.895122225723128,14.01650054192024,24.351486697534774,NORMAL,Temperature,0,Telemetry remains within the expected prototype operating envelope.
59.0,steady,120.25657311472123,755.5513606698202,0.1986345124023347,496.43351767341824,0,normal,0.2042170355504885,False,1.8823292041912896,False,0.0957844490429076,False,0.3289507687879007,False,0,NORMAL,0,4.002055586617093,31.371743987664814,1.8974562724575317,6.367267155118473,24.2100043546447,NORMAL,Temperature,0,Telemetry remains within the expected prototype operating envelope.
59.1,steady,120.00969964444312,746.4210861947695,0.2059782634112097,505.2836146476387,0,normal,0.345103833430763,False,0.1352114268646363,False,0.632145833621595,False,1.1831851707270462,False,0,NORMAL,0,6.669270182279141,2.6679916548555616,11.876343179439386,21.072228310646402,17.396958818051953,NORMAL,Thrust,0,Telemetry remains within the expected prototype operating envelope.
59.2,steady,121.2409483809402,753.1175583991386,0.208644864288526,494.839894310866,0,normal,0.3575504116113907,False,1.3445255508099976,False,0.8964657333611729,False,0.6012387637765864,False,0,NORMAL,0,6.901310896232948,23.578423148175066,16.41391663431503,11.329927304681286,20.42053811986167,NORMAL,Temperature,0,Telemetry remains within the expected prototype operating envelope.
59.3,steady,118.36349307270676,752.0110959507488,0.1822040584984941,502.8722611083506,0,normal,1.2845679738267246,False,1.1000276496281471,False,1.7244106020912235,False,0.7711790243248744,False,0,NORMAL,0,22.65649602855514,19.748563989451995,29.169615689237748,14.293010406972861,26.47367273299859,NORMAL,Vibration,0,Telemetry remains within the expected prototype operating envelope.
59.4,steady,121.495342898563,750.0159832245997,0.1956891297332269,497.4393989585008,0,normal,0.5027293526527121,False,0.6591623722981229,False,0.3877378712501256,False,0.1570849410473148,False,0,NORMAL,0,9.565637126070426,12.35121831240159,7.46170010527546,3.092860253322083,10.869540785304618,NORMAL,Temperature,0,Telemetry remains within the expected prototype operating envelope.
59.5,steady,120.00615179667612,750.6578526283082,0.2024505282048642,504.2889076224183,0,normal,0.3471285342246376,False,0.8009979332500096,False,0.2824682257047129,False,1.0132285875952345,False,0,NORMAL,0,6.707055891838165,14.802627058657558,5.492750972146143,18.343251425979844,15.890860894891297,NORMAL,Thrust,0,Telemetry remains within the expected prototype operating envelope.
59.6,steady,119.5241364722267,751.6912046143691,0.1941967909656634,498.1696103812765,0,normal,0.6222070816051896,False,1.0293404243500506,False,0.5356620832217576,False,0.0323203267114637,False,0,NORMAL,0,11.7010011346792,18.605955973972055,10.159329888707324,0.6443218215168245,15.691049654733433,NORMAL,Temperature,0,Telemetry remains within the expected prototype operating envelope.
59.7,steady,120.4372664448074,750.2675747774633,0.2102538244794662,490.5120070088008,0,normal,0.1010982004424269,False,0.7147572157740584,False,1.0559497416250168,False,1.3407056815613578,False,0,NORMAL,0,2.0016593975055175,13.32038432395526,19.037973373881144,23.52001675426726,20.352513852114523,NORMAL,Thrust,0,Telemetry remains within the expected prototype operating envelope.
59.8,steady,119.23820341773964,758.13745173256,0.2065800457039658,504.6075772757123,0,normal,0.7853845684749833,False,2.453784510266213,False,0.6917959434822154,False,1.0676767859576055,False,0,NORMAL,0,14.536167710157855,38.783712854842925,12.921414087142969,19.227639919237316,32.68794513064375,NORMAL,Temperature,0,Telemetry remains within the expected prototype operating envelope.
59.9,steady,119.09068634820164,753.8616776828429,0.2047305457423862,500.7813394045231,0,normal,0.8695702346645365,False,1.508955535179922,False,0.5084690539684508,False,0.4139221643967561,False,0,NORMAL,0,15.963087314183023,26.050747645858262,9.669390809476608,7.945043394756346,22.150459521681867,NORMAL,Temperature,0,Telemetry remains within the expected prototype operating envelope.
60.0,steady,120.5296705841338,748.9463571597487,0.196204440638866,492.1807750427921,0,normal,0.0483646147480557,False,0.4228043031326885,False,0.336659013490837,False,1.055578396938107,False,0,NORMAL,0,0.9626290708230067,8.108427211197666,6.511504748079644,19.031960186901586,15.399544727973698,NORMAL,Thrust,0,Telemetry remains within the expected prototype operating envelope.
60.1,steady,119.7794830120088,759.7963432378688,0.2078782573463279,500.84019128442327,0,normal,0.4764848365248264,False,2.8203541050379504,False,0.8204778073745155,False,0.4239776522591213,False,0,NORMAL,0,9.089707946668636,43.11114995043863,15.133908128398566,8.129988860496141,34.62541352031028,NORMAL,Temperature,0,Telemetry remains within the expected prototype operating envelope.
60.2,steady,119.88254372294438,750.8388206042162,0.2078728819803136,503.0768502288257,0,normal,0.4176697133987128,False,0.8409869002095387,False,0.8199449881520924,False,0.8061353149514473,False,0,NORMAL,0,8.014013636741668,15.481300482472182,15.12486398950179,14.890120387249638,14.74499643200388,NORMAL,Temperature,0,Telemetry remains within the expected prototype operating envelope.
60.3,steady,119.04549230277352,749.7016191648922,0.2076420897591531,493.18241889499865,0,normal,0.8953617639708253,False,0.5896965238029138,False,0.7970683074771769,False,0.8844365809865223,False,0,NORMAL,0,16.395459301257997,11.125000612872782,14.735641980979153,16.212580594595206,15.773058263666897,NORMAL,Pressure,0,Telemetry remains within the expected prototype operating envelope.
60.4,steady,121.78846264411352,749.2462207948338,0.2110522769089719,497.1510462364529,0,normal,0.6700081708245125,False,0.4890659548731161,False,1.135094268992822,False,0.2063531598629679,False,0,NORMAL,0,12.541136461988579,9.318171022708388,20.309424255212328,4.043059535642069,17.244657502498757,NORMAL,Vibration,0,Telemetry remains within the expected prototype operating envelope.
60.5,steady,121.34230005931192,749.8135030680629,0.2046121046266195,499.8079345866343,0,normal,0.41539021679377,False,0.6144198025197585,False,0.49672888538499,False,0.2476052965574247,False,0,NORMAL,0,7.97206772718887,11.563372197579358,9.457042290267603,4.831488390786831,10.475789356436065,NORMAL,Temperature,0,Telemetry remains within the expected prototype operating envelope.
60.6,steady,120.69029118223436,753.2419061827104,0.2000778541538123,505.2642440073655,0,normal,0.0432990286337533,False,1.3720030057784558,False,0.0472830607167283,False,1.179875484809051,False,0,NORMAL,0,0.8622417611581557,23.997245364578788,0.9412039001024608,21.019965788401496,19.69501695822229,NORMAL,Temperature,0,Telemetry remains within the expected prototype operating envelope.
60.7,steady,119.40837562606062,756.8181105448837,0.1997605435245078,505.0195047068146,0,normal,0.6882699717078693,False,2.162246237278235,False,0.0158304671030664,False,1.1380590964403356,False,0,NORMAL,0,12.859985102786453,35.10822134725382,0.31610866322197007,20.356664009311476,28.826429548940183,NORMAL,Temperature,0,Telemetry remains within the expected prototype operating envelope.
60.8,steady,120.14880019951516,750.091517269335,0.2126576751947058,501.5609832024596,0,normal,0.2657213393726047,False,0.6758533277231562,False,1.2942252126360765,False,0.5471328411061556,False,0,NORMAL,0,5.175679841739466,12.64331887903677,22.805736794429286,10.36520176277459,19.285348428202294,NORMAL,Vibration,0,Telemetry remains within the expected prototype operating envelope.
60.9,steady,121.32272730226585,753.2837915666597,0.2119165096299629,489.0741788214328,0,normal,0.4042203528841165,False,1.381258528621282,False,1.2207590972418465,False,1.586374365565621,False,0,NORMAL,0,7.76625002133432,24.137804276149822,21.663130536867236,27.18694159042664,24.73749809594539,NORMAL,Thrust,0,Telemetry remains within the expected prototype operating envelope.
61.0,steady,122.78175057089766,758.0916230428445,0.1919610247458288,496.7667330130416,0,normal,1.2368619328755792,False,2.4436576248344952,False,0.757276614325701,False,0.2720172807018552,False,0,NORMAL,0,21.915013862181574,38.65960114546903,14.054372054071408,5.295006369951327,32.122090169826286,NORMAL,Temperature,0,Telemetry remains within the expected prototype operating envelope.
61.1,steady,121.75272576583048,754.47639203571,0.2036846790163884,502.5725141047682,0,normal,0.6496136977291918,False,1.6447905735231312,False,0.4048002257953668,False,0.7199639677894284,False,0,NORMAL,0,12.183672440682713,28.03268401613327,7.7769461717046795,13.410601194837701,23.59408619503048,NORMAL,Temperature,0,Telemetry remains within the expected prototype operating envelope.
61.2,steady,119.04437453866424,750.6802373498051,0.1889674879443925,497.8027833299685,0,normal,0.8959996543280385,False,0.8059443437065942,False,1.0540031900773392,False,0.0949967436462049,False,0,NORMAL,0,16.406124726972504,14.886869617237874,19.00644788603416,1.8819998743557886,16.92006731007473,NORMAL,Vibration,0,Telemetry remains within the expected prototype operating envelope.
61.3,steady,118.02726959697348,751.8456416853872,0.1944717299731041,505.9568957023096,0,normal,1.4764454113451144,False,1.0634667878642932,False,0.5084094667918225,False,1.2982226085232749,False,0,NORMAL,0,25.56836123080364,19.15960098249121,9.668314293869019,22.867427337041924,23.38000888639037,NORMAL,Pressure,0,Telemetry remains within the expected prototype operating envelope.
61.4,steady,119.85624669661652,753.9705980925826,0.2135078466881534,495.9092630275689,0,normal,0.4326770117889802,False,1.5330239630022728,False,1.3784962581536473,False,0.4185254134223789,False,0,NORMAL,0,8.28969194014113,26.40586070739942,24.095882316665417,8.029754771875874,23.010663561716786,NORMAL,Temperature,0,Telemetry remains within the expected prototype operating envelope.
61.5,steady,122.25696184772951,756.395182693137,0.1904416699556663,498.1823930060069,0,normal,0.9373732811077548,False,2.068790763706692,False,0.907878719507924,False,0.03013627536011,False,0,NORMAL,0,17.09498708230528,33.883916813348804,16.60449241000338,0.6009127608071929,27.990672971992378,NORMAL,Temperature,0,Telemetry remains within the expected prototype operating envelope.
61.6,steady,120.86948883974466,753.53672997029,0.2126376238720777,496.4975429081472,0,normal,0.1455643069799061,False,1.4371509892338357,False,1.2922376772565651,False,0.3180113566264824,False,0,NORMAL,0,2.8693164765083545,24.98110702539359,22.775045428972675,6.162185478349125,21.206639327312914,NORMAL,Temperature,0,Telemetry remains within the expected prototype operating envelope.
61.7,steady,120.83689633699332,753.3083378082396,0.2064971614989728,496.8771682337903,0,normal,0.1269642794339425,False,1.3866825758240688,False,0.6835802615104188,False,0.2531482144341211,False,0,NORMAL,0,2.507316895931333,24.220055680636232,12.778214477433714,4.936932182219811,19.6317566255829,NORMAL,Temperature,0,Telemetry remains within the expected prototype operating envelope.
61.8,steady,119.1077957202265,752.0359614208276,0.1918318714078699,494.628546402124,0,normal,0.8598061857547464,False,1.1055222375872888,False,0.7700786041662977,False,0.6373498673589525,False,0,NORMAL,0,15.798818868733711,19.836705265384037,14.274145591310837,11.968015161385882,18.30815585009589,NORMAL,Temperature,0,Telemetry remains within the expected prototype operating envelope.
61.9,steady,121.07873070135132,748.0463269766449,0.1988223569921986,509.35072250548376,0,normal,0.2649753389999085,False,0.2239222795362882,False,0.0771648409936454,False,1.8780950660248807,False,0,NORMAL,0,5.16153099062514,4.379643634795293,1.531449021703668,31.31360306985621,24.062636833142314,NORMAL,Thrust,0,Telemetry remains within the expected prototype operating envelope.
62.0,steady,119.65341751277354,749.3316609036295,0.1967745085868043,497.8521613715296,0,normal,0.5484284296959524,False,0.5079458791829831,False,0.2801525058520025,False,0.0865599647628964,False,0,NORMAL,0,10.388424718274013,9.659938575551308,5.448970372008466,1.7163001421637403,9.133669025077893,NORMAL,Pressure,0,Telemetry remains within the expected prototype operating envelope.
62.1,steady,119.66323004400208,753.9406426611852,0.1987968597072683,507.9528272104658,0,normal,0.54282857280436,False,1.526404632977723,False,0.0796921932696241,False,1.6392493537764312,False,0,NORMAL,0,10.288006096297774,26.308367408436307,1.5812093877322075,27.95288246201689,23.95578931882826,NORMAL,Thrust,0,Telemetry remains within the expected prototype operating envelope.
62.2,steady,121.94968020226892,756.0603876999917,0.195230402908299,499.520952594982,0,normal,0.762012489899394,False,1.994810238412452,False,0.433207978683238,False,0.1985712820336211,False,0,NORMAL,0,14.135739073591203,32.89838325111639,8.299430450537715,3.8935982193274543,26.566324825250774,NORMAL,Temperature,0,Telemetry remains within the expected prototype operating envelope.
62.3,steady,119.36293860067828,749.4324914684478,0.1848495346045577,506.7917946478848,0,normal,0.7142001658438012,False,0.5302266728139966,False,1.462184640543535,False,1.440874232019021,False,0,NORMAL,0,13.310726811220164,10.061612602302239,25.355767691972673,25.036948941916005,22.935691403930708,NORMAL,Vibration,0,Telemetry remains within the expected prototype operating envelope.
62.4,steady,120.57884102463484,757.7204608305326,0.2035466401499392,506.46860873353,0,normal,0.020303819455834,False,2.361640940002278,False,0.3911174809757756,False,1.3856543810202795,False,0,NORMAL,0,0.40525301383560475,37.64511619126808,7.524227638692738,24.20447076926253,30.574993940466914,NORMAL,Temperature,0,Telemetry remains within the expected prototype operating envelope.
62.5,steady,121.26605950717529,754.7107668562419,0.2089422214558327,494.4705273052605,0,normal,0.3718809355127377,False,1.6965809906252356,False,0.9259404917766324,False,0.6643491597049103,False,0,NORMAL,0,7.167759476938251,28.77428009116485,16.905203079504684,12.442094288230997,24.41609904114305,NORMAL,Temperature,0,Telemetry remains within the expected prototype operating envelope.
62.6,steady,119.73106870629378,751.2975204213184,0.2120988418200463,503.5778315429285,0,normal,0.5041141176140449,False,0.9423469985275612,False,1.2388323029518231,False,0.8917334561115853,False,0,NORMAL,0,9.590679725500594,17.177415299429942,21.945779063918113,16.334768681078728,19.95651263391542,NORMAL,Vibration,0,Telemetry remains within the expected prototype operating envelope.
62.7,steady,121.03902265329737,749.0199074991802,0.1978548268735282,494.8034145244881,0,normal,0.2423145819161476,False,0.4390569140083664,False,0.1730687560254893,False,0.607471734580012,False,0,NORMAL,0,4.730733205942794,8.406637873498601,3.4021547776344585,11.440394031636991,9.884499110826418,NORMAL,Thrust,0,Telemetry remains within the expected prototype operating envelope.
62.8,steady,119.96980200937074,751.0083234555639,0.1838139208540639,495.5567817638258,0,normal,0.367872784837371,False,0.8784423886078709,False,1.5648371690970162,False,0.4787506955254032,False,0,NORMAL,0,7.093312519953199,16.112072778148722,26.87262730266339,9.130896593895866,22.64798730126406,NORMAL,Vibration,0,Telemetry remains within the expected prototype operating envelope.
62.9,steady,120.72905491816464,757.9814605584531,0.2033131086620911,509.7941556276428,0,normal,0.065420881674262,False,2.4193147325277,False,0.367969277591035,False,1.953860468679925,False,0,NORMAL,0,1.2998950607418513,38.36023244211331,7.095105467074248,32.346567511893895,31.85555862953319,NORMAL,Temperature,0,Telemetry remains within the expected prototype operating envelope.
63.0,steady,123.29219447407968,752.2307054736567,0.192731442035555,494.4963343160764,0,normal,1.5281642220029108,False,1.1485553402955326,False,0.6809109975173049,False,0.6599397494284033,False,0,NORMAL,0,26.33429624335063,20.52367981931007,12.731638451866989,12.364844484782832,23.413307720617578,NORMAL,Pressure,0,Telemetry remains within the expected prototype operating envelope.
63.1,steady,121.5297392011818,755.4559229964412,0.1945140540229925,499.3735348454919,0,normal,0.5223587803487081,False,1.861240091886774,False,0.5042142050568422,False,0.1733833459267366,False,0,NORMAL,0,9.919976081327409,31.08167087960202,9.592489474921473,3.4082323277567106,24.92829333855698,NORMAL,Temperature,0,Telemetry remains within the expected prototype operating envelope.
63.2,steady,121.00272202359184,753.8157872981442,0.1895974885278124,502.1935215534901,0,normal,0.2215983847707555,False,1.4988150168463836,False,0.991556015300656,False,0.6552089420235622,False,0,NORMAL,0,4.335190976138337,25.90061870894408,17.98854087497045,12.281888237441441,22.129698055594407,NORMAL,Temperature,0,Telemetry remains within the expected prototype operating envelope.
63.3,steady,121.29900973777946,750.3273053769366,0.2148416302248856,494.46295514332354,0,normal,0.3906851127052428,False,0.7279560425655115,False,1.510704093867764,False,0.6656429464552723,False,0,NORMAL,0,7.516230574977656,13.548896428821422,26.076604045984098,12.464747608907857,22.16535951252513,NORMAL,Vibration,0,Telemetry remains within the expected prototype operating envelope.
63.4,steady,119.90974105462736,749.9961036818489,0.1990301058423826,499.4112822325514,0,normal,0.4021486249342994,False,0.6547695377413797,False,0.0565722747349452,False,0.1798329001815309,False,0,NORMAL,0,7.72802545524155,12.274179155919374,1.125068722720124,3.5327467734584728,10.1359682107398,NORMAL,Temperature,0,Telemetry remains within the expected prototype operating envelope.
63.5,steady,120.89633734842874,755.4484002557142,0.2152375842020224,502.60032777665657,0,normal,0.1608863276575424,False,1.8595777721925328,False,1.5499520054801017,False,0.7247162380746954,False,0,NORMAL,0,3.166508553901881,31.05875421117198,26.65460034550141,13.492861341792118,26.695803626843933,NORMAL,Temperature,0,Telemetry remains within the expected prototype operating envelope.
63.6,steady,120.4303386027113,748.937530596345,0.1955173974565835,508.8046014995026,0,normal,0.1050518107191435,False,0.4208538743314367,False,0.4047603880169089,False,1.7847843144168856,False,0,NORMAL,0,2.079118218571996,8.072574624828665,7.776211376459996,30.019731544646323,23.708243633414472,NORMAL,Thrust,0,Telemetry remains within the expected prototype operating envelope.
63.7,steady,119.6998368574564,753.8912872343277,0.1958870176225495,499.2652143532099,0,normal,0.5219376414200743,False,1.5154984352155267,False,0.3681227471757398,False,0.1548756041649555,False,0,NORMAL,0,9.9123885208373,26.147452871968014,7.097957038427283,3.0500306879238326,21.039029414705396,NORMAL,Temperature,0,Telemetry remains within the expected prototype operating envelope.
63.8,steady,121.00325353474624,749.9373923055905,0.2014085634117252,494.5796308457062,0,normal,0.2219017098080533,False,0.6417959313694928,False,0.1791861665118687,False,0.6457076255932611,False,0,NORMAL,0,4.3409943064600665,12.046259536193826,3.5202682423109533,12.115042254695553,10.676751845272394,NORMAL,Thrust,0,Telemetry remains within the expected prototype operating envelope.
63.9,steady,120.72751682750334,751.1375663022178,0.2072412868715817,498.8540795292847,0,normal,0.0645431175796598,False,0.9070015184686632,False,0.7573397601871047,False,0.0846287192941626,False,0,NORMAL,0,1.2825664580940033,16.58986020131652,14.055457469359546,1.678330819827445,13.72395293885802,NORMAL,Temperature,0,Telemetry remains within the expected prototype operating envelope.
64.0,steady,119.95463938056912,756.6474110351841,0.2022512853155532,502.0532171363226,0,normal,0.376525858077281,False,2.124526320154017,False,0.262718790768837,False,0.6312363966051702,False,0,NORMAL,0,7.253959145404998,34.61682764220739,5.118719814907379,11.860313138545253,27.650297194777995,NORMAL,Temperature,0,Telemetry remains within the expected prototype operating envelope.
64.1,steady,119.7731745680144,752.4409689194846,0.2043269075040061,493.07311435917967,0,normal,0.480084966068826,False,1.1950178038657984,False,0.4684594598791158,False,0.9031124573577454,False,0,NORMAL,0,9.155142152334939,21.25879214280989,8.943672912465528,16.524957537356556,18.707939308011035,NORMAL,Temperature,0,Telemetry remains within the expected prototype operating envelope.
64.2,steady,120.95296725315372,755.3728767378138,0.2029272541686007,500.3962075055312,0,normal,0.1932041215945665,False,1.84288914290974,False,0.329722451115791,False,0.3481181638738563,False,0,NORMAL,0,3.7903791343843474,30.828262787908457,6.381716985071639,6.725519157308868,24.214385142799415,NORMAL,Temperature,0,Telemetry remains within the expected prototype operating envelope.
64.3,steady,119.99879667989651,749.9916321169982,0.2021406391613264,504.80937779491205,0,normal,0.3513259834278545,False,0.6537814443608976,False,0.2517512775423249,False,1.1021566135327852,False,0,NORMAL,0,6.7853415060341815,12.256841182247424,4.910369050394314,19.782727197824457,16.68560958552968,NORMAL,Thrust,0,Telemetry remains within the expected prototype operating envelope.
64.4,steady,118.69801672631571,754.8020347346065,0.2091879046968863,504.284954555146,0,normal,1.0936605979994192,False,1.7167486924193185,False,0.9502932061987256,False,1.0125531627822375,False,0,NORMAL,0,19.646305887737203,29.060993283664228,17.308935854362694,18.332220082085172,26.270135456318563,NORMAL,Temperature,0,Telemetry remains within the expected prototype operating envelope.
64.5,steady,119.9766075308144,748.9567626154549,0.189079237355059,497.07772707843134,0,normal,0.36398898102879,False,0.4251036238956329,False,1.0429263194160456,False,0.2188805405484348,False,0,NORMAL,0,7.021118215396083,8.150675136550522,18.826817965528374,4.283176430978974,15.587088105583165,NORMAL,Vibration,0,Telemetry remains within the expected prototype operating envelope.
64.6,steady,121.41625674485051,754.0702790014998,0.1930372773380918,485.9581329593364,0,normal,0.4575961314091888,False,1.5550507141619017,False,0.6505958659237426,False,2.11878490874702,False,0,NORMAL,0,8.74562288403843,26.729355588700365,12.200920827323781,34.54170618182059,29.646149497848157,NORMAL,Thrust,0,Telemetry remains within the expected prototype operating envelope.
64.7,steady,120.88768239171866,753.5596452928513,0.2074359224976412,505.1418740459448,0,normal,0.1559470802961182,False,1.4422146479954083,False,0.776632512095885,False,1.1589672374621227,False,0,NORMAL,0,3.070804377600045,25.057042582667343,14.386439850005361,20.68900747669081,21.817365928843085,NORMAL,Temperature,0,Telemetry remains within the expected prototype operating envelope.
64.8,steady,119.31284793994972,753.7253741245721,0.2019990703041712,499.5230763611332,0,normal,0.742786116313908,False,1.478836181405803,False,0.2377186315442583,False,0.1989341507268846,False,0,NORMAL,0,13.804931787114594,25.603942510167453,4.643122382181241,3.9005727671255763,20.838412458185374,NORMAL,Temperature,0,Telemetry remains within the expected prototype operating envelope.
64.9,steady,120.57342267714704,753.0587011637549,0.2155660064446105,500.8309848245924,0,normal,0.0233959849546194,False,1.3315197135657044,False,1.582506008957553,False,0.4224046278248691,False,0,NORMAL,0,0.46682666038078136,23.379379068816462,27.130586417916803,8.101081559085921,22.80419512093842,NORMAL,Vibration,0,Telemetry remains within the expected prototype operating envelope.
65.0,steady,120.31383672786468,748.1886050961668,0.210367904530325,499.5985355758328,0,normal,0.1715375942085475,False,0.2553618477365854,False,1.0672576309540087,False,0.211827183520449,False,0,NORMAL,0,3.372568861342462,4.979009821637293,19.22086840763395,4.148056162193193,15.269108499582671,NORMAL,Vibration,0,Telemetry remains within the expected prototype operating envelope.
65.1,steady,121.73763400712484,753.6861397696476,0.194230047564381,507.6721115511987,0,normal,0.6410010689358928,False,1.470166463380381,False,0.5323656090799034,False,1.5912860107307192,False,0,NORMAL,0,12.032276199902547,25.47483203924997,10.100078869726604,27.258432851965498,24.26872310035148,NORMAL,Thrust,0,Telemetry remains within the expected prototype operating envelope.
65.2,steady,120.06232933840928,750.8195197304213,0.2023198531776075,496.5998291395117,0,normal,0.3150688967161824,False,0.836721935645515,False,0.2695154023569168,False,0.3005346343923205,False,0,NORMAL,0,6.106946424613202,15.409175874267579,5.247606437509744,5.833616097400229,12.868231991230617,NORMAL,Temperature,0,Telemetry remains within the expected prototype operating envelope.
65.3,steady,120.31276663917424,749.4622000210402,0.1870368798159551,492.4051039591469,0,normal,0.1721482769557628,False,0.5367914493832922,False,1.245369716386503,False,1.0172493461174603,False,0,NORMAL,0,3.384369881680671,10.17962019965266,22.04776691822832,18.408889444525734,19.057855060706054,NORMAL,Vibration,0,Telemetry remains within the expected prototype operating envelope.
65.4,steady,118.20688442329788,750.1514433770216,0.1865128542943739,499.27630077698177,0,normal,1.3739420613328273,False,0.6890953564758608,False,1.2973123878614794,False,0.1567698410162547,False,0,NORMAL,0,24.026714362711676,12.874368723747365,22.853384526608032,3.0867529723348386,21.115971136985255,NORMAL,Pressure,0,Telemetry remains within the expected prototype operating envelope.
65.5,steady,119.88760074408482,751.9847393607,0.2018795013666225,505.8870087952904,0,normal,0.4147837511505721,False,1.0942035649892086,False,0.2258666705501386,False,1.2862816654903182,False,0,NORMAL,0,7.960904694375371,19.655031294649948,4.416821077909683,22.683000069918013,19.531578794921348,NORMAL,Thrust,0,Telemetry remains within the expected prototype operating envelope.
65.6,steady,121.72977075889028,750.6993822740606,0.2139452475887774,502.5167451658646,0,normal,0.6365136371213022,False,0.8101748476930177,False,1.421852488620087,False,0.7104352341416136,False,0,NORMAL,0,11.953290928614846,14.958853447631636,24.75122019631657,13.245426390569548,21.76781233687987,NORMAL,Vibration,0,Telemetry remains within the expected prototype operating envelope.
65.7,steady,119.31060783663378,752.5136944604917,0.1973266753808454,503.0058612881345,0,normal,0.7440645079642881,False,1.2110881568763598,False,0.2254204036907846,False,0.7940060774029799,False,0,NORMAL,0,13.826967181109652,21.51146567136345,4.408289576169766,14.683406170528347,18.745088938813723,NORMAL,Temperature,0,Telemetry remains within the expected prototype operating envelope.
65.8,steady,119.45753511218612,752.2921516972054,0.2040126425557104,504.368024731161,0,normal,0.6602154279050882,False,1.1621332730261713,False,0.4373087615005934,False,1.0267466116246615,False,0,NORMAL,0,12.369676176817556,20.739211864715312,8.374608441452324,18.563720838482922,18.73461922769341,NORMAL,Temperature,0,Telemetry remains within the expected prototype operating envelope.
65.9,steady,122.16619529442606,754.1808992251318,0.1957405848225642,508.4868734610064,0,normal,0.8855742399424708,False,1.579494754305933,False,0.3826375188987785,False,1.7304970012494438,False,0,NORMAL,0,16.23164272750881,27.08668752804807,7.367256356733831,29.255783631637534,26.01112925690812,NORMAL,Thrust,0,Telemetry remains within the expected prototype operating envelope.
66.0,steady,120.5799550936584,751.2002036877501,0.1916761697075905,501.8980108849189,0,normal,0.0196680378257956,False,0.9208426653783048,False,0.7855121316046263,False,0.6047177096948976,False,0,NORMAL,0,0.392588106524705,16.82043930588617,14.538348089127783,11.391601523561867,14.708296038522306,NORMAL,Temperature,0,Telemetry remains within the expected prototype operating envelope.
66.1,steady,120.4415337447816,750.5765164878844,0.1866239702158132,498.76172141123385,0,normal,0.0986629196150433,False,0.7830248735652569,False,1.2862983101777326,False,0.06884832389087,False,0,NORMAL,0,1.9539170758563373,14.495824477130482,22.683257452948734,1.3675296580165197,18.287913602512482,NORMAL,Vibration,0,Telemetry remains within the expected prototype operating envelope.
66.2,steady,120.08079000850012,749.6035349730025,0.2136223134306421,497.78750497837615,0,normal,0.3045336833014261,False,0.5680226033810767,False,1.3898424772880922,False,0.097607217249677,False,0,NORMAL,0,5.9089011814776216,10.73891047590485,24.267931982002942,1.9332133939090612,19.52343952871518,NORMAL,Vibration,0,Telemetry remains within the expected prototype operating envelope.
66.3,steady,120.245407207283,755.2400904681833,0.1997771492026733,497.0034870757936,0,normal,0.2105892429109188,False,1.8135470136059637,False,0.0174764619068443,False,0.2315652576159667,False,0,NORMAL,0,4.124321421338628,30.421140160329298,0.34891909577764446,4.525696835748971,23.222997886618565,NORMAL,Temperature,0,Telemetry remains within the expected prototype operating envelope.
66.4,steady,120.45031693783676,752.2294207064572,0.194250803177653,501.1981681791032,0,normal,0.0936504897929464,False,1.1482714419271327,False,0.53030826271594,False,0.4851419230618367,False,0,NORMAL,0,1.8555779703077646,20.519167051669395,10.063080203169816,9.246975412656388,16.9848786393929,NORMAL,Temperature,0,Telemetry remains within the expected prototype operating envelope.
66.5,steady,119.9455797084688,750.9535107735184,0.21375760489959,505.373229893931,0,normal,0.3816960701321509,False,0.8663302868932783,False,1.4032528934520274,False,1.1984969164674444,False,0,NORMAL,0,7.349812918124532,15.908614625630513,24.470779543197118,21.313562990910206,21.947249084891084,NORMAL,Vibration,0,Telemetry remains within the expected prototype operating envelope.
66.6,steady,121.26971185342562,754.3498199161509,0.2108568619572246,495.06008365154497,0,normal,0.3739652719437842,False,1.6168216012137897,False,1.1157242684453672,False,0.5636170047711578,False,0,NORMAL,0,7.206450136122477,27.628985592204312,20.000104189921252,10.660226109436554,23.689720162355208,NORMAL,Temperature,0,Telemetry remains within the expected prototype operating envelope.
66.7,steady,120.37210867239324,756.6634986893214,0.2093325811460185,506.3579619476528,0,normal,0.1382827140400283,False,2.128081251166126,False,0.9646338841961706,False,1.3667491665346003,False,0,NORMAL,0,2.7277602061348993,34.66329765389822,17.54576524744127,23.917342141072574,29.4308829342817,NORMAL,Temperature,0,Telemetry remains within the expected prototype operating envelope.
66.8,steady,119.77735634131592,752.4249095219292,0.2194138755863419,499.0874395469098,0,normal,0.4776984939653255,False,1.1914691167845002,False,1.9639160633849904,False,0.124500832619547,False,0,NORMAL,0,9.111772059206558,21.2028867246554,32.48248988755055,2.4592714532400306,26.823555187814954,NORMAL,Vibration,0,Telemetry remains within the expected prototype operating envelope.
66.9,steady,120.99725220512352,755.6345988316491,0.2157508532218575,496.9596503621074,0,normal,0.2184768455947521,False,1.900722558520692,False,1.6008284666019397,False,0.2390552399775364,False,0,NORMAL,0,4.2754480392604215,31.62374096248727,27.397127100396055,4.668609936700441,26.502362654015588,NORMAL,Temperature,0,Telemetry remains within the expected prototype operating envelope.
67.0,steady,121.07164109084304,751.0471451813072,0.1952988416974771,494.9933686657024,0,normal,0.2609294100404144,False,0.887020926883901,False,0.4264241611094347,False,0.5750159903518397,False,0,NORMAL,0,5.084757991356348,16.255876539180104,8.174930023770365,10.863670674026215,14.099502832946207,NORMAL,Temperature,0,Telemetry remains within the expected prototype operating envelope.
67.1,steady,120.91798276834756,754.4963941025294,0.2053942686690585,493.6851204984442,0,normal,0.1732390275960973,False,1.649210482543779,False,0.5742588686067186,False,0.7985445095622162,False,0,NORMAL,0,3.4054442949876806,28.096273703750786,10.850172241413725,14.760811749847235,23.25993933156296,NORMAL,Temperature,0,Telemetry remains within the expected prototype operating envelope.
67.2,steady,119.92571867920498,751.8405345606368,0.193415336272453,501.73490233932233,0,normal,0.3930304464522716,False,1.062338253150461,False,0.6131217540399388,False,0.5768488293247688,False,0,NORMAL,0,7.5596014633586,19.141352683870572,11.540410211075292,10.896339193705295,16.741428305316727,NORMAL,Temperature,0,Telemetry remains within the expected prototype operating envelope.
67.3,steady,120.5380779228766,750.851851607221,0.19587971512042,498.6489556724436,0,normal,0.0435666790572204,False,0.8438663950262019,False,0.3688465887701614,False,0.0495810631063402,False,0,NORMAL,0,0.8675484717174053,15.529960700876998,7.1114053375404325,0.9867209095115292,12.237842554789106,NORMAL,Temperature,0,Telemetry remains within the expected prototype operating envelope.
67.4,steady,119.4176821274087,752.4459254505907,0.1956407369992148,495.6063334714611,0,normal,0.6829588980922147,False,1.196113061508166,False,0.3925346755679423,False,0.4702842438924013,False,0,NORMAL,0,12.767374518533437,21.27603863574058,7.550435157301294,8.976898475144745,18.254365457069383,NORMAL,Temperature,0,Telemetry remains within the expected prototype operating envelope.
67.5,steady,121.917866172653,756.4492065274584,0.2024882560082487,511.7093108911261,0,normal,0.7438567247003017,False,2.080728551676441,False,0.2862078964191488,False,2.281085708369395,False,0,NORMAL,0,13.82338604389478,34.041584474634504,5.563409743096859,36.6323775357726,31.691361705524578,NORMAL,Thrust,0,Telemetry remains within the expected prototype operating envelope.
67.6,steady,123.51702198184807,754.6172186195573,0.2159623976035084,500.0205472471512,0,normal,1.6564697366019796,False,1.675909392088905,False,1.6217972550787192,False,0.2839324968242728,False,0,NORMAL,0,28.200591441913513,28.4792006375876,27.700968393623015,5.520423766969051,26.37783403544009,NORMAL,Temperature,0,Telemetry remains within the expected prototype operating envelope.
67.7,steady,120.93778606310268,753.8615930844501,0.1981452827022071,498.7823245046881,0,normal,0.1845404557422044,False,1.5089368412517872,False,0.1442780749122182,False,0.0723685879250538,False,0,NORMAL,0,3.6235290213746607,26.050471164939594,2.8443267424055563,1.436947685759904,19.90389278597771,NORMAL,Temperature,0,Telemetry remains within the expected prototype operating envelope.
67.8,steady,120.9345854522292,756.720102516931,0.2165979582356644,491.8444221305793,0,normal,0.1827139175697671,False,2.140589147000769,False,1.6847955552738971,False,1.1130479736443348,False,0,NORMAL,0,3.5883155292540603,34.82653832246658,28.60619685210304,19.957272066757092,30.247853152029098,NORMAL,Temperature,0,Telemetry remains within the expected prototype operating envelope.
67.9,steady,119.72565369220428,754.1337202551576,0.2122744824744804,501.39516137773785,0,normal,0.5072043807949684,False,1.5690694939137713,False,1.256242227536017,False,0.5188003672984512,False,0,NORMAL,0,9.646540180103125,26.934500870915368,22.217090059396703,9.855844876966858,23.51464846499092,NORMAL,Temperature,0,Telemetry remains within the expected prototype operating envelope.
68.0,steady,120.43121928183866,751.3395855632905,0.1946117688786174,499.1814022587451,0,normal,0.1045492210238054,False,0.9516422429708432,False,0.4945284732844012,False,0.1405553904344822,False,0,NORMAL,0,2.069274918637809,17.331243502095262,9.417187157185614,2.771963823965007,14.029404349026745,NORMAL,Temperature,0,Telemetry remains within the expected prototype operating envelope.
68.1,steady,119.17242732047794,749.7166320191662,0.1954192805148268,499.6535242645071,0,normal,0.8229219503160664,False,0.5930139534780778,False,0.4144859755348985,False,0.2212226028761282,False,0,NORMAL,0,15.175382962415407,11.183948367276752,7.955423131495277,4.328000885314298,13.245240018388916,NORMAL,Pressure,0,Telemetry remains within the expected prototype operating envelope.
68.2,steady,119.4027730014542,754.3312870274738,0.1928209828351507,503.0363320631189,0,normal,0.6914673012533858,False,1.612726340329896,False,0.6720354978603953,False,0.7992123428363408,False,0,NORMAL,0,12.915690358927613,27.569685673769385,12.576590817461152,14.7721961027799,23.85578494633218,NORMAL,Temperature,0,Telemetry remains within the expected prototype operating envelope.
68.3,steady,119.51159226084997,756.2978235905862,0.2067576373414556,494.6654805367688,0,normal,0.629365865296327,False,2.0472770681725385,False,0.7093992542045675,False,0.6310392661809106,False,0,NORMAL,0,11.827333361194093,33.598823655732666,13.227449328705044,11.85683806726846,28.00889926235501,NORMAL,Temperature,0,Telemetry remains within the expected prototype operating envelope.
68.4,steady,121.18501353870693,753.4100455291052,0.2076797161677676,497.1147320105517,0,normal,0.3256292788817135,False,1.4091571969210868,False,0.8007979276978645,False,0.2125578428467629,False,0,NORMAL,0,6.305046455457408,24.559916391410653,14.799219000971686,4.162062162148894,20.32374200529093,NORMAL,Temperature,0,Telemetry remains within the expected prototype operating envelope.
68.5,steady,118.16427263289572,757.3050882524486,0.2023154709736961,499.1605042460173,0,normal,1.398259938401363,False,2.26985497501285,False,0.2690810277535196,False,0.1369847362142862,False,0,NORMAL,0,24.39531907184311,36.489884591387934,5.23937447326438,2.7025054862075293,29.740794801388667,NORMAL,Temperature,0,Telemetry remains within the expected prototype operating envelope.
68.6,steady,121.1446858052862,749.8486655659216,0.1898448495935331,516.9123726397108,0,normal,0.3026148771275903,False,0.6221897516393744,False,0.9670369908576104,False,3.170085759834197,False,0,NORMAL,0,5.872785735803654,11.700695090422453,17.585384989791486,46.95434095899015,37.70522721615677,NORMAL,Thrust,1,Telemetry remains within the expected prototype operating envelope.
68.7,steady,120.76944722036768,755.6360203861625,0.1872816902018879,499.5527642452907,0,normal,0.0884721318146212,False,1.9010366831396048,False,1.2211035214656911,False,0.2040066506930991,False,0,NORMAL,0,1.753879926341162,31.6280365608131,21.66852657410516,3.9980161988660723,25.724963949789498,NORMAL,Temperature,0,Telemetry remains within the expected prototype operating envelope.
68.8,steady,122.11479499530964,750.426008051852,0.1857669169095183,502.1984541698466,0,normal,0.8562408994889864,False,0.7497666307991919,False,1.3712514975551149,False,0.6560517335195528,False,0,NORMAL,0,15.738757194642783,13.925185009090658,23.985821167041443,12.296672607119907,21.361096906642732,NORMAL,Vibration,0,Telemetry remains within the expected prototype operating envelope.
68.9,steady,117.52522199833216,750.0734209968824,0.1988275562347505,501.6798286578415,0,normal,1.7629560618268123,False,0.671854547068371,False,0.0766494795528944,False,0.5674388880177781,False,0,NORMAL,0,29.71355430428282,12.573426893183425,1.5212991197656733,10.728489253753937,24.085777635245098,NORMAL,Pressure,0,Telemetry remains within the expected prototype operating envelope.
69.0,steady,120.35360888177031,749.8758407508435,0.2063379423467881,497.2082468706752,0,normal,0.1488402529257712,False,0.628194723328481,False,0.6677980757697337,False,0.1965798053988754,False,0,NORMAL,0,2.932934607058457,11.806678400235837,12.50246943647757,3.8553118644763518,10.847627135682139,NORMAL,Vibration,0,Telemetry remains within the expected prototype operating envelope.
69.1,steady,120.7398307119816,756.0011545233032,0.1921872333387561,499.40650357727657,0,normal,0.0715704573406121,False,1.9817213284347572,False,0.7348542739179574,False,0.1790164146215786,False,0,NORMAL,0,1.4212131926657157,32.72249572976954,13.668086132722124,3.516992663339591,25.760891149718688,NORMAL,Temperature,0,Telemetry remains within the expected prototype operating envelope.
69.2,steady,119.97928271132255,752.6935373124223,0.1809369605253098,492.02286409520144,0,normal,0.362462297683187,False,1.2508285022478505,False,1.8500084041775129,False,1.0825592107970126,False,0,NORMAL,0,6.992724018659279,22.132825387744013,30.92668303724554,19.467700189711056,27.06033807962859,NORMAL,Vibration,0,Telemetry remains within the expected prototype operating envelope.
69.3,steady,121.23634953215613,751.0824781269928,0.214489715710375,502.3393910151914,0,normal,0.3549259211046006,False,0.8948285403056386,False,1.475821479831443,False,0.6801323362144668,False,0,NORMAL,0,6.8524307436560905,16.3865428418962,25.559072602260425,12.718046894352552,21.99605533615874,NORMAL,Vibration,0,Telemetry remains within the expected prototype operating envelope.
69.4,steady,121.30148381865584,748.4792258568448,0.2134321723027184,503.7077992025261,0,normal,0.392097031661045,False,0.3195810773444519,False,1.370995230856619,False,0.9139398533549852,False,0,NORMAL,0,7.542342805399871,6.1916406867788325,23.981925086669055,16.705525426916566,20.350126781839265,NORMAL,Vibration,0,Telemetry remains within the expected prototype operating envelope.
69.5,steady,120.21388376987424,752.4192880617907,0.1785285205070181,492.7359479975444,0,normal,0.228579171718153,False,1.1902269280347202,False,2.0887387779574595,False,0.960721020801666,False,0,NORMAL,0,4.468660911970979,21.18330811519811,34.147168243763225,17.48121356116561,28.957690056254663,NORMAL,Vibration,0,Telemetry remains within the expected prototype operating envelope.
69.6,steady,120.0968858592029,752.8952747549665,0.1857336662063318,499.5617951829444,0,normal,0.2953480350334314,False,1.295406952572691,False,1.3745473873177287,False,0.2055496852421564,False,0,NORMAL,0,5.7358847555566195,22.823979347290546,24.035911526763122,4.027638503363685,20.577891229031252,NORMAL,Vibration,0,Telemetry remains within the expected prototype operating envelope.
69.7,steady,121.84105446640616,753.7501657888905,0.1820761593264791,500.46866509365617,0,normal,0.700021494772004,False,1.484314460313031,False,1.7370882759836146,False,0.3604983359119122,False,0,NORMAL,0,13.06455019245728,25.685410342172467,29.348981102315143,6.9561842959716795,25.644161235635043,NORMAL,Vibration,0,Telemetry remains within the expected prototype operating envelope.
69.8,steady,119.04350472670458,753.1728675704024,0.1976784413253701,501.1126266162337,0,normal,0.8964960423020741,False,1.3567473630457372,False,0.1905525162691976,False,0.4705262107239842,False,0,NORMAL,0,16.41442331391152,23.764997060753913,3.7393436143669856,8.981303282857523,20.076003975780413,NORMAL,Temperature,0,Telemetry remains within the expected prototype operating envelope.
69.9,steady,121.0920588009202,754.2638755091821,0.2031319681976032,498.3428697300037,0,normal,0.2725814753254265,False,1.5978302408176297,False,0.350014198591584,False,0.0027170705177192,False,0,NORMAL,0,5.305692176698806,27.35357808361397,6.760882782610123,0.05432664808411314,21.233842727312197,NORMAL,Temperature,0,Telemetry remains within the expected prototype operating envelope.
70.0,steady,119.22913554608633,752.5006909165605,0.2094082791624138,498.1706427337039,1,thrust,0.7905594598854925,False,1.2082147297630172,False,0.9721372538508868,False,0.0321439379993123,False,0,NORMAL,0,14.624575162694676,21.466346491412438,17.669409370070433,0.6408167156673028,18.71322564665451,NORMAL,Temperature,0,Telemetry remains within the expected prototype operating envelope.
70.1,steady,120.6429804736968,758.1053582388565,0.1985397406774933,509.4809448035687,1,thrust,0.0162995530570719,False,2.446692727021784,False,0.1051784506054651,False,1.9003449710410727,False,0,NORMAL,0,0.32546028719689923,38.6968247223366,2.0815983250312753,31.618577163647988,31.516151363112407,NORMAL,Temperature,0,Telemetry remains within the expected prototype operating envelope.
70.2,steady,117.84681901909586,751.6519106114167,0.2066054875466841,510.6539475394993,1,thrust,1.5794257115943984,False,1.0206575257438937,False,0.6943178001926426,False,2.1007653279384906,False,0,NORMAL,0,27.085680694536617,18.46448592623211,12.965322956268288,34.30537437459568,30.420318939255054,NORMAL,Thrust,0,Telemetry remains within the expected prototype operating envelope.
70.3,steady,121.39548745229818,755.3357279887521,0.2091340426335186,486.1548094321468,1,thrust,0.4457434235477892,False,1.8346802866667185,False,0.944954268785846,False,2.0851805805842965,False,0,NORMAL,0,8.529043986213548,30.714605344305557,17.220592213424023,34.10028809026371,30.08958360166451,NORMAL,Thrust,0,Telemetry remains within the expected prototype operating envelope.
70.4,steady,120.2663556374594,752.2758402616288,0.1990640348684749,491.6680521946756,1,thrust,0.1986343040313092,False,1.1585288924441113,False,0.0532091479726054,False,1.1431827077050734,False,0,NORMAL,0,3.894809575179403,20.68205405620631,1.058540565465138,20.43823450731008,17.47477852314818,NORMAL,Temperature,0,Telemetry remains within the expected prototype operating envelope.
70.5,steady,120.0715943422892,752.5655370703618,0.1886106912305475,502.4429012995668,1,thrust,0.3097815050514587,False,1.2225439539740943,False,1.089369739467301,False,0.6978182013037914,False,0,NORMAL,0,6.0076040378900135,21.691089564053446,19.577319023889928,13.02623288890744,19.37565469917456,NORMAL,Temperature,0,Telemetry remains within the expected prototype operating envelope.
70.6,steady,122.23304886657549,754.3609878889567,0.1963310750601927,494.1658981357409,1,thrust,0.9237265197171252,False,1.6192894173746244,False,0.3241067047320016,False,0.7163983877299727,False,0,NORMAL,0,16.868401020498467,27.664696450482364,6.2765106080384765,13.348830886009267,23.595916102253536,NORMAL,Temperature,0,Telemetry remains within the expected prototype operating envelope.
70.7,steady,119.648783119263,751.775176781456,0.2178179709393764,504.09793698023606,1,thrust,0.5510732050178285,False,1.0478959737411055,False,1.805726152075736,False,0.9805991630502576,False,0,NORMAL,0,10.435812680689672,18.907458414409405,30.312221673248285,17.80862632916369,26.481054508643602,NORMAL,Vibration,0,Telemetry remains within the expected prototype operating envelope.
70.8,steady,120.88026969853212,750.5951026499393,0.1921506101587644,504.0966239132133,1,thrust,0.1517167731450755,False,0.7871319064067864,False,0.7384844517019283,False,0.9803748111768404,False,0,NORMAL,0,2.9887616220112156,14.566029331211094,13.730743423413028,17.804938288690074,15.868626245864522,NORMAL,Thrust,0,Telemetry remains within the expected prototype operating envelope.
70.9,steady,120.0621215243792,749.8500965630527,0.1939004308225767,495.6533862591264,1,thrust,0.3151874929072641,False,0.6225059628182261,False,0.5650380141958423,False,0.4622447600889611,False,0,NORMAL,0,6.109173469905804,11.706279159305543,10.68561303389931,8.83042499949852,10.875586886526907,NORMAL,Temperature,0,Telemetry remains within the expected prototype operating envelope.
71.0,steady,121.06993962013698,752.761613700442,0.1879526912005859,496.5482538471986,1,thrust,0.2599584075297162,False,1.2658715197628814,False,1.1545922868037175,False,0.3093468376173005,False,0,NORMAL,0,5.066323613772806,22.366744780252557,20.619580771487588,5.999432595992548,19.267941261295892,NORMAL,Temperature,0,Telemetry remains within the expected prototype operating envelope.
71.1,steady,118.58572596670685,753.8284579999917,0.1994393246030936,493.491904583305,1,thrust,1.1577431644048517,False,1.5016148949739383,False,0.0160095258350997,False,0.8315575635682146,False,0,NORMAL,0,20.669588609958,25.942100940729183,0.319678453538752,15.321759038710535,22.309514227730908,NORMAL,Temperature,0,Telemetry remains within the expected prototype operating envelope.
71.2,steady,121.40250091774874,756.2204474329758,0.206506097853921,492.5897872785348,1,thrust,0.4497458977231612,False,2.0301790562474284,False,0.6844660545303034,False,0.9856941794917364,False,0,NORMAL,0,8.602236714952793,33.3713693547506,12.793665198538761,17.892336951260702,28.04910579979439,NORMAL,Temperature,0,Telemetry remains within the expected prototype operating envelope.
71.3,steady,119.0961229045322,756.6618259351553,0.1834252474684695,499.7872790105776,1,thrust,0.8664676776662322,False,2.127711618302949,False,1.6033634109450825,False,0.2440760652961517,False,0,NORMAL,0,15.91092526997131,34.658467356885026,27.433926619525096,4.764290340578814,29.770169620834288,NORMAL,Temperature,0,Telemetry remains within the expected prototype operating envelope.
71.4,steady,120.1812780432711,751.0179727622422,0.2175650602070567,497.3087763953071,1,thrust,0.2471867459078809,False,0.880574621142408,False,1.7806570313166203,False,0.1794032357385602,False,0,NORMAL,0,4.823521488866255,16.147838864980756,29.961942020685584,3.524456707544421,24.240316233127366,NORMAL,Vibration,0,Telemetry remains within the expected prototype operating envelope.
71.5,steady,119.5965662095993,749.4181525877992,0.1962847386447695,504.8443961429283,1,thrust,0.5808725722379446,False,0.5270581728536321,False,0.3286996817999754,False,1.1081398815955037,False,0,NORMAL,0,10.968016393515988,10.004600584571566,6.36256504488334,19.878662075254706,17.0523417075103,NORMAL,Thrust,0,Telemetry remains within the expected prototype operating envelope.
71.6,steady,119.8685733907194,752.1563538165238,0.1975565421889441,489.9680942318577,1,thrust,0.4256423617771818,False,1.1321256601515453,False,0.2026354521868089,False,1.43363913306735,False,0,NORMAL,0,8.16057114554518,20.26209617720305,3.971685033147776,24.928397404320567,21.219198916827317,NORMAL,Thrust,0,Telemetry remains within the expected prototype operating envelope.
71.7,steady,120.2063653105212,750.8020721506698,0.1999542113521327,504.0799160029829,1,thrust,0.2328698379531641,False,0.832866498313535,False,0.0350272885006924,False,0.9775200818323816,False,0,NORMAL,0,4.550604365943389,15.343923795715265,0.6980976681615236,17.757995958273078,14.898376779335662,NORMAL,Thrust,0,Telemetry remains within the expected prototype operating envelope.
71.8,steady,121.29207303457656,749.0199896898629,0.2031030613769089,497.3932180996428,1,thrust,0.3867264455345625,False,0.4390750758984783,False,0.3471488849210206,False,0.164975446270057,False,0,NORMAL,0,7.442979088609924,8.40697057460994,6.707435606341461,3.2456689063201316,7.7222981138860884,NORMAL,Temperature,0,Telemetry remains within the expected prototype operating envelope.
71.9,steady,120.51962893334948,752.6598841903292,0.2070571304277585,495.1957322352978,1,thrust,0.0540952265583912,False,1.243392083838926,False,0.739085730053907,False,0.5404399594535276,False,0,NORMAL,0,1.076072993598609,22.016928645293355,13.741117166933947,10.245138404405285,18.43043862533591,NORMAL,Temperature,0,Telemetry remains within the expected prototype operating envelope.
72.0,steady,120.99762122837718,752.775017460941,0.185148247349253,500.0754166323625,1,thrust,0.2186874413484964,False,1.2688333837779702,False,1.4325755140332863,False,0.2933075318774143,False,0,NORMAL,0,4.279479791187246,22.412718990974057,24.912426188564197,5.697407659896037,21.207004877746115,NORMAL,Vibration,0,Telemetry remains within the expected prototype operating envelope.
72.1,steady,121.0620865731616,753.8295821980121,0.2024922075805715,494.2579642216649,1,thrust,0.2554767974129269,False,1.501863311950859,False,0.2865995857825831,False,0.7006678892120852,False,0,NORMAL,0,4.981194322939753,25.945780297207243,5.570807414918666,13.075788384291464,21.20244460487846,NORMAL,Temperature,0,Telemetry remains within the expected prototype operating envelope.
72.2,steady,122.28732788004886,751.9951209542618,0.1924262595446709,499.9975056700382,1,thrust,0.954702697075305,False,1.0964976128716897,False,0.711161420847977,False,0.2799955911658158,False,0,NORMAL,0,17.381828806142742,19.69188588045029,13.258025479232604,5.446003036418324,17.680278352489037,NORMAL,Temperature,0,Telemetry remains within the expected prototype operating envelope.
72.3,steady,120.48677487774292,753.4430172561691,0.176842621031536,496.5931916204694,1,thrust,0.0728445181958226,False,1.4164430456882076,False,2.255849193363498,False,0.3016687271737167,False,0,NORMAL,0,1.4463290672996232,24.669765345716797,36.31173343146388,5.8549723585573314,29.577371748217313,NORMAL,Vibration,0,Telemetry remains within the expected prototype operating envelope.
72.4,steady,120.26098258219318,754.2878126365363,0.1906156750531162,497.2160515416471,1,thrust,0.2017006219732027,False,1.6031196904568308,False,0.890630915270187,False,0.1952462919348911,False,0,NORMAL,0,3.953729320607291,27.430389365548702,16.316317779959455,3.8296663975469603,22.33863708817712,NORMAL,Temperature,0,Telemetry remains within the expected prototype operating envelope.
72.5,steady,121.21809109744083,751.7613016805257,0.1971923754943717,494.8349950901428,1,thrust,0.344506120230713,False,1.0448299563980887,False,0.2387325318122921,False,0.6020758492630766,False,0,NORMAL,0,6.658112513547376,18.857716937366774,4.662456894543377,11.344770948294602,15.890783522491715,NORMAL,Temperature,0,Telemetry remains within the expected prototype operating envelope.
72.6,steady,121.1517293123348,751.3823597533739,0.2071271884585984,497.3831643110798,1,thrust,0.3066344955693996,False,0.9610941676297944,False,0.7460300507601203,False,0.1666932460928976,False,0,NORMAL,0,5.948426424325659,17.487371656059526,13.86083588040613,3.2789041114126394,14.917151157756539,NORMAL,Temperature,0,Telemetry remains within the expected prototype operating envelope.
72.7,steady,121.74482573062498,755.3680122321923,0.2014122494069677,500.4192445558944,1,thrust,0.6451052721701809,False,1.841814220379399,False,0.1795515312356362,False,0.3520542960875578,False,0,NORMAL,0,12.10445405589754,30.81339033753412,3.527318042841543,6.798918400357989,24.687560792602408,NORMAL,Temperature,0,Telemetry remains within the expected prototype operating envelope.
72.8,steady,121.72842419160504,753.2870767886013,0.2052614912401988,497.7453729729528,1,thrust,0.6357451723983251,False,1.3819844727062431,False,0.5610976501497611,False,0.1048059315451331,False,0,NORMAL,0,11.939757730683853,24.14881781906042,10.615199052031532,2.0743027590646834,19.964813351462816,NORMAL,Temperature,0,Telemetry remains within the expected prototype operating envelope.
72.9,steady,120.40353252464097,757.8918963296304,0.1952116610749087,494.3485273537906,1,thrust,0.1203496169143729,False,2.399523490628804,False,0.4350657143364427,False,0.6851941868016836,False,0,NORMAL,0,2.37825530549578,38.115763416674895,8.333495205309127,12.806363823216028,30.168210524024566,NORMAL,Temperature,0,Telemetry remains within the expected prototype operating envelope.
73.0,steady,120.81072410149002,750.9094022568105,0.2057460064738079,512.1672333686405,1,thrust,0.112028197200101,False,0.8565835125901724,False,0.60912396674602,False,2.3593267759846146,False,0,NORMAL,0,2.215649729935709,15.744530797970778,11.469653402961288,37.61624962589954,30.317094568051843,NORMAL,Thrust,0,Telemetry remains within the expected prototype operating envelope.
73.1,steady,120.43709203587768,751.4223007877808,0.188766192335737,499.9683121443296,1,thrust,0.1011977328693124,False,0.9699200424687912,False,1.0739560954972864,False,0.275007557751752,False,0,NORMAL,0,2.0036101806230278,17.63289240955891,19.329015179488973,5.351628270539188,16.441610145186218,NORMAL,Vibration,0,Telemetry remains within the expected prototype operating envelope.
73.2,steady,119.4579780148721,751.9858175453692,0.1971811793707968,504.2979533848157,1,thrust,0.65996267032393,False,1.094441814275552,False,0.2398423185396455,False,1.0147741551140097,False,0,NORMAL,0,12.365246219110826,19.658859629730486,4.683615414303466,18.368488728840294,17.597427133623512,NORMAL,Temperature,0,Telemetry remains within the expected prototype operating envelope.
73.3,steady,119.9192421911037,751.421104171753,0.1887509970546505,504.52299500383526,1,thrust,0.3967264761190875,False,0.9696556230953544,False,1.0754622883465652,False,1.0532249789860395,False,0,NORMAL,0,7.627908704769871,17.628536402582483,19.353312731721484,18.99384088885334,18.144968164312594,NORMAL,Vibration,0,Telemetry remains within the expected prototype operating envelope.
73.4,steady,120.58512395663286,750.155427858736,0.2049741116144149,501.58295062150006,1,thrust,0.0167182492060106,False,0.689975817821731,False,0.532611889674483,False,0.5508862151003828,False,0,NORMAL,0,0.33380660691982866,12.889709523124292,10.104506881878095,10.432463098057653,11.332353724654027,NORMAL,Temperature,0,Telemetry remains within the expected prototype operating envelope.
73.5,steady,120.04874994949776,751.1008085561875,0.1934748749562579,497.4836349408718,1,thrust,0.3228184399083292,False,0.8988790631881823,False,0.6072201363408644,False,0.1495267392606254,False,0,NORMAL,0,6.252359361944904,16.45425105712729,11.435937631331438,2.946260735008377,13.940533955856292,NORMAL,Temperature,0,Telemetry remains within the expected prototype operating envelope.
73.6,steady,121.12649165047932,752.3294860832825,0.2055876827516655,501.1452386106292,1,thrust,0.292231759784154,False,1.1703831499660005,False,0.5934305381871913,False,0.4760983269311099,False,0,NORMAL,0,5.6771158576065295,20.869882383154636,11.19134794082436,9.082680135031229,17.66226335175448,NORMAL,Temperature,0,Telemetry remains within the expected prototype operating envelope.
73.7,steady,120.77968879536397,757.1466357487864,0.1928300311357339,498.6332525605125,1,thrust,0.0943168372212082,False,2.234841310844843,False,0.6711386085196199,False,0.0468980145496529,False,0,NORMAL,0,1.8686567554304756,36.04357936665947,12.560907586124891,0.9335751644140133,27.926414489683683,NORMAL,Temperature,0,Telemetry remains within the expected prototype operating envelope.
73.8,steady,119.15028936679496,752.924252851702,0.1911408340359749,495.9227381422522,1,thrust,0.8355557315097362,False,1.301810318400772,False,0.8385758923841776,False,0.4162230425827126,False,0,NORMAL,0,15.389443539375103,22.922753343865942,15.440535605633144,7.9873950977104595,20.30205083733902,NORMAL,Temperature,0,Telemetry remains within the expected prototype operating envelope.
73.9,steady,120.4574599854081,753.1560862052553,0.1932611766778471,498.2964558546015,1,thrust,0.0895740651439235,False,1.3530391408973794,False,0.628402424250749,False,0.0106473891675926,False,0,NORMAL,0,1.7755296754322858,23.70843682427838,11.810341890991104,0.21272121041556735,18.692349025878713,NORMAL,Temperature,0,Telemetry remains within the expected prototype operating envelope.
74.0,steady,120.36515766420516,752.8794673155751,0.1859494303122671,499.6757308414456,1,thrust,0.1422495448402566,False,1.2919139413458842,False,1.35316032960941,False,0.2250168396150189,False,0,NORMAL,0,2.804902104567042,22.770045168898978,23.710285937125143,4.400573788738882,20.109193971572722,NORMAL,Vibration,0,Telemetry remains within the expected prototype operating envelope.
74.1,steady,121.13691833227234,753.3157421851029,0.2020398015427803,488.4022306296138,1,thrust,0.2981821027216936,False,1.3883187403457558,False,0.2417560099899846,False,1.701184069154324,False,0,NORMAL,0,5.789299792578861,24.244849315038643,4.720089663864025,28.83982143374738,24.310364199893325,NORMAL,Thrust,0,Telemetry remains within the expected prototype operating envelope.
74.2,steady,121.11767031603353,750.8984484936184,0.2029674814215626,493.3806363298425,1,thrust,0.2871975632716677,False,0.8541630308879599,False,0.3337098732906425,False,0.850568962593306,False,0,NORMAL,0,5.582100045926963,15.7037331594708,6.456346346772268,15.64311806860128,14.00364009547351,NORMAL,Temperature,0,Telemetry remains within the expected prototype operating envelope.
74.3,steady,118.95406876059327,750.0719953755893,0.2177576417264419,496.0681539508734,1,thrust,0.9475357383316076,False,0.6715395238024997,False,1.7997461752258583,False,0.3913771599861358,False,0,NORMAL,0,17.26331968655129,12.567918438739312,30.228825552279183,7.529030317385987,25.5627823335401,NORMAL,Vibration,0,Telemetry remains within the expected prototype operating envelope.
74.4,steady,122.35300288750106,752.8120784936721,0.196212320381421,496.76969730808895,1,thrust,0.99218238855564,False,1.2770228571139848,False,0.3358779544355317,False,0.271510798446404,False,0,NORMAL,0,17.99881418838376,22.53969476991943,6.496899600204364,5.285412604297079,19.228873452193035,NORMAL,Temperature,0,Telemetry remains within the expected prototype operating envelope.
74.5,steady,118.84125138326532,749.8663300823017,0.2057728571138081,502.0740273417191,1,thrust,1.0119188371679486,False,0.6260931260255734,False,0.6117854668352057,False,0.6347920479816942,False,0,NORMAL,0,18.321858631912935,11.76960123929386,11.51676556801846,11.922969657214155,16.593187681681854,NORMAL,Pressure,0,Telemetry remains within the expected prototype operating envelope.
74.6,steady,120.99887385940028,750.2579382328366,0.1963157179481126,500.7012821743252,1,thrust,0.2194022981274374,False,0.7126278033034418,False,0.3256289386590342,False,0.4002435103263009,False,0,NORMAL,0,4.293164105482461,13.283461131128849,6.305040080027558,7.692861019116071,11.39702078961231,NORMAL,Temperature,0,Telemetry remains within the expected prototype operating envelope.
74.7,steady,119.6057369859392,752.0620738593645,0.209195934091987,496.5278944972793,1,thrust,0.5756389547449465,False,1.1112923714280925,False,0.9510890991747006,False,0.3128254554005675,False,0,NORMAL,0,10.874775734066622,19.92916249401232,17.322097454238307,6.064808260742316,17.69565446612572,NORMAL,Temperature,0,Telemetry remains within the expected prototype operating envelope.
74.8,steady,120.07537629548062,754.4640014688498,0.1984600146722125,492.5582559175695,1,thrust,0.3076232039822019,False,1.6420525975564138,False,0.1130810842173118,False,0.9910816576489044,False,0,NORMAL,0,5.967022502061525,27.993264267775352,2.2362387366469894,17.98075995324885,22.93613425178059,NORMAL,Temperature,0,Telemetry remains within the expected prototype operating envelope.
74.9,steady,120.3192211385153,756.373132935177,0.1941120211874617,487.68740663966094,1,thrust,0.1684647959277773,False,2.06391837101894,False,0.5440646677501797,False,1.8233195721644984,False,0,NORMAL,0,3.313167289451635,33.81945670690237,10.310181863498213,30.557000043656558,28.807629876043563,NORMAL,Temperature,0,Telemetry remains within the expected prototype operating envelope.
75.0,steady,121.95446248171228,752.411289865423,0.1907698564397669,492.8666868492068,1,thrust,0.7647416613919193,False,1.188459545664009,False,0.8753480849794235,False,0.938382856952664,False,0,NORMAL,0,14.182593943559784,21.155443344366777,16.060141767257498,17.11172517210401,19.74565479372611,NORMAL,Temperature,0,Telemetry remains within the expected prototype operating envelope.
75.1,steady,120.289261565509,756.8938150144828,0.2146969706381244,496.0891141801205,1,thrust,0.1855622519726252,False,2.178974851931188,False,1.4963650873091343,False,0.3877958753926127,False,0,NORMAL,0,3.6432224319903006,35.32496846900502,25.864302159788643,7.462773619995144,29.28706533942144,NORMAL,Temperature,0,Telemetry remains within the expected prototype operating envelope.
75.2,steady,121.83290803235626,753.1044069446656,0.1940561976200799,487.3106768190715,1,thrust,0.6953724532766136,False,1.3416194395173633,False,0.5495980341639484,False,1.8876879856247928,False,0,NORMAL,0,12.983679298354268,23.533992315833498,10.409384286504707,31.44525735124971,27.296994687857254,NORMAL,Thrust,0,Telemetry remains within the expected prototype operating envelope.
75.3,steady,120.88050603028688,752.2002150351461,0.182097890813363,488.0673474203905,1,thrust,0.1518516439520866,False,1.14181778834987,False,1.734934198677481,False,1.7584025310177112,False,0,NORMAL,0,2.9913783835204155,20.416512463830195,29.3185369935971,29.649514848958127,26.480079637189544,NORMAL,Thrust,0,Telemetry remains within the expected prototype operating envelope.
75.4,steady,120.37461034872624,748.282784421312,0.1770580820701198,494.1618469998864,1,thrust,0.136855046792139,False,0.2761728995406797,False,2.234492176420801,False,0.7170905686336767,False,0,NORMAL,0,2.699981762309678,5.3736852406145115,36.039113333120355,13.36082571263999,28.454364195788127,NORMAL,Vibration,0,Telemetry remains within the expected prototype operating envelope.
75.5,steady,121.04930692919145,753.1863807727937,0.200885677642276,493.3399748942144,1,thrust,0.2481836560519868,False,1.3597334107220087,False,0.127356470012571,False,0.8575164139426712,False,0,NORMAL,0,4.842496076589098,23.810511739176633,2.5149637383851786,15.760249739737775,19.583051993680073,NORMAL,Temperature,0,Telemetry remains within the expected prototype operating envelope.
75.6,steady,120.49457417352548,753.1232835486555,0.2022116070135807,490.24423757058537,1,thrust,0.0683935830374666,False,1.3457906520729277,False,0.2587857819378489,False,1.3864570210335423,False,0,NORMAL,0,1.3585588073341537,23.597756908833478,5.04405667110408,24.21663709763562,20.484802443392546,NORMAL,Thrust,0,Telemetry remains within the expected prototype operating envelope.
75.7,steady,122.43032852026565,754.7256211345639,0.215320880593644,491.29969358287167,1,thrust,1.0363109082462951,False,1.6998633793575266,False,1.5582085443830072,False,1.2061208085147157,False,0,NORMAL,0,18.719348090441745,28.82102284679233,26.77561622988597,21.43345094666752,27.11174068537143,NORMAL,Temperature,0,Telemetry remains within the expected prototype operating envelope.
75.8,steady,118.08396766223584,751.5354318781539,0.1993889929224432,496.1034287595114,1,thrust,1.4440887192638605,False,0.9949189154037676,False,0.0209985232124013,False,0.3853500728190212,False,0,NORMAL,0,25.08512700777087,18.043681598486906,0.41908982153824326,7.417496989841443,20.764804654094345,NORMAL,Pressure,0,Telemetry remains within the expected prototype operating envelope.
75.9,steady,120.82347532959572,752.5588621534426,0.2022563218977302,495.8342734734029,1,thrust,0.1193051220751356,False,1.2210689801241816,False,0.2632180289215666,False,0.4313381995729615,False,0,NORMAL,0,2.357860093594444,21.667985437401093,5.128193012970971,8.265132076030191,17.358367963560422,NORMAL,Temperature,0,Telemetry remains within the expected prototype operating envelope.
76.0,steady,118.53655365337696,752.1921919601762,0.1845449140076653,486.4306188078497,1,thrust,1.1858050284909738,False,1.1400449084893407,False,1.4923793675887929,False,2.0380555297887595,False,0,NORMAL,0,21.113573384969055,20.388289068000166,25.805181776618944,33.47624645616547,30.578098131511,NORMAL,Thrust,0,Telemetry remains within the expected prototype operating envelope.
76.1,steady,120.0392999139853,752.5121759171866,0.2109823755201122,489.9433596607073,1,thrust,0.3282114262089843,False,1.2107526003904676,False,1.128165475016856,False,1.4378653052882855,False,0,NORMAL,0,6.3534207981890685,21.506198027253788,20.198915787623896,24.99182369979387,22.63659175724132,NORMAL,Thrust,0,Telemetry remains within the expected prototype operating envelope.
76.2,steady,119.85878156037222,755.3348441132458,0.1978968351868175,499.8416002078528,1,thrust,0.4312304050021074,False,1.8344849743843197,False,0.1689047908624576,False,0.2533574364400616,False,0,NORMAL,0,8.263154350567415,30.71189883373101,3.3216752584284026,4.94090995614338,24.0960276018263,NORMAL,Temperature,0,Telemetry remains within the expected prototype operating envelope.
76.3,steady,122.36027205514227,755.5749832033632,0.1935828038473836,482.5706422612154,1,thrust,0.9963307879404404,False,1.8875491372132205,False,0.5965219647756986,False,2.697574773346501,False,0,NORMAL,0,18.06682070641764,31.443353581391797,11.246240055234535,41.69690197448467,36.06765146119879,NORMAL,Thrust,0,Telemetry remains within the expected prototype operating envelope.
76.4,steady,120.25529534571288,752.4285933624004,0.1915020661172057,493.3295927375019,1,thrust,0.2049462381813537,False,1.1922831446485436,False,0.802769698699229,False,0.8592903190580985,False,0,NORMAL,0,4.01605495647932,21.215714289590004,14.832811662686208,15.790131103535732,18.67750158930899,NORMAL,Temperature,0,Telemetry remains within the expected prototype operating envelope.
76.5,steady,119.73017561820848,751.4646226340902,0.2001364986181272,481.882104938227,1,thrust,0.5046237889060715,False,0.979272011540896,False,0.0530960412268076,False,2.8152189115769706,False,0,NORMAL,0,9.599895062828434,17.786807352458254,1.056302350849292,43.0526928865884,34.24012392089585,NORMAL,Thrust,0,Telemetry remains within the expected prototype operating envelope.
76.6,steady,122.44585174532264,750.5724047100714,0.1836572712261144,484.4758436302467,1,thrust,1.045169768084864,False,0.7821162832675264,False,1.580364657408475,False,2.372050265477589,False,0,NORMAL,0,18.863231369193066,14.480285412449788,27.099371927943384,37.77479561300767,33.14766452668195,NORMAL,Thrust,0,Telemetry remains within the expected prototype operating envelope.
76.7,steady,121.4148384479602,751.3193437818788,0.1952799049526049,483.36618248439953,1,thrust,0.456786731731306,False,0.947169363589776,False,0.4283012168580459,False,2.5616480183843167,False,0,NORMAL,0,8.730849435619648,17.257256938452258,8.209395709057421,40.09017096999175,32.55878252264273,NORMAL,Thrust,0,Telemetry remains within the expected prototype operating envelope.
76.8,steady,120.3361414608626,753.0996256077675,0.2135830710936027,483.11357416126486,1,thrust,0.1588086346888719,False,1.3405628949973714,False,1.385952682351009,False,2.604808915394282,False,0,NORMAL,0,3.126262139649938,23.517832660277204,24.208992615820492,40.605097694732216,34.39590469874293,NORMAL,Thrust,0,Telemetry remains within the expected prototype operating envelope.
76.9,steady,119.58264911914422,754.2416029924452,0.2078041424234315,483.08480563659975,1,thrust,0.5888148363776176,False,1.5929086245403477,False,0.8131313577592679,False,2.609724332728087,False,0,NORMAL,0,11.109327237135002,27.28203531626758,15.009123584915752,40.66345914940751,34.6618436597909,NORMAL,Thrust,0,Telemetry remains within the expected prototype operating envelope.
77.0,steady,120.61043687088282,753.2158192565882,0.2013185973585273,495.8584915341698,1,thrust,0.002272568065473,False,1.3662385094826834,False,0.170268514693962,False,0.4272002788046765,False,0,NORMAL,0,0.0454410337429656,23.90957131510376,3.3480401699071516,8.189182329930123,18.646791904077293,NORMAL,Temperature,0,Telemetry remains within the expected prototype operating envelope.
77.1,steady,120.2605278615799,753.8463497444799,0.2081304431846655,491.0038935896239,1,thrust,0.2019601238591793,False,1.5055684805494982,False,0.845475074896689,False,1.25666147513127,False,0,NORMAL,0,3.9587140289285117,26.000636643383746,15.5571333798044,22.223611845557446,22.827672209245918,NORMAL,Temperature,0,Telemetry remains within the expected prototype operating envelope.
77.2,steady,120.95693077021023,752.5677698499237,0.1920364659452869,480.41447663700126,1,thrust,0.1954660382995399,False,1.223037337113751,False,0.749798700984179,False,3.065979271220166,False,0,NORMAL,0,3.83389292090921,21.69881644203484,13.925737094368007,45.83828293071741,37.2583477264189,NORMAL,Thrust,1,Telemetry remains within the expected prototype operating envelope.
77.3,steady,122.94280042594453,755.2069633636279,0.2048472315175871,487.2010681716759,1,thrust,1.328770546430022,False,1.8062268306681493,False,0.5200352289684302,False,1.9064158227876271,False,0,NORMAL,0,23.337238906247183,30.31919955962683,9.878105240393564,31.7015534758169,28.93916826271338,NORMAL,Thrust,0,Telemetry remains within the expected prototype operating envelope.
77.4,steady,118.44841928398534,758.2193300465872,0.1985261412063333,494.8383009046612,1,thrust,1.236101923790387,False,2.471877375470176,False,0.1065264629323571,False,0.6015110146677946,False,0,NORMAL,0,21.903143900300172,39.004828158949735,2.1079938092250727,11.334755274501141,31.85882640332774,NORMAL,Temperature,0,Telemetry remains within the expected prototype operating envelope.
77.5,steady,120.4904377701062,752.4918160847521,0.1877681199043635,477.8918960515105,1,thrust,0.0707541632643618,False,1.2062536349661268,False,1.1728874381056251,False,3.4969897759360435,False,0,NORMAL,0,1.4051180229193383,21.43553806212706,20.909505382592563,50.31156395886241,40.93291754807944,NORMAL,Thrust,1,Telemetry remains within the expected prototype operating envelope.
77.6,steady,119.7580576341893,751.321758498082,0.1987070669539677,475.8560792551923,1,thrust,0.4887119619059516,False,0.9477029497448914,False,0.0885926671844306,False,3.844831359248425,False,0,NORMAL,0,9.311750649492867,17.26608654373515,1.7562483242765548,53.65080545743618,42.04670150764083,NORMAL,Thrust,1,Telemetry remains within the expected prototype operating envelope.
77.7,steady,123.15892723677612,748.81078569219,0.190454567004798,483.3426613123677,1,thrust,1.4521107104413125,False,0.3928467213580282,False,0.9066003329438076,False,2.56566686808421,False,0,NORMAL,0,25.205223930404486,7.556204676764889,16.583167344669715,40.13830534260303,33.919652335955654,NORMAL,Thrust,0,Telemetry remains within the expected prototype operating envelope.
77.8,steady,118.52240045376097,756.9337298833244,0.1967516723179818,487.6760963548938,1,thrust,1.193882036406854,False,2.187794944896768,False,0.282416091804041,False,1.8252520581171805,False,0,NORMAL,0,21.2409037708713,35.43895585963938,5.4917655607021,30.58383438200987,31.151424021422578,NORMAL,Temperature,0,Telemetry remains within the expected prototype operating envelope.
77.9,steady,121.2326481047562,757.9900988724103,0.2066146578475745,485.3343184533648,1,thrust,0.3528135748351727,False,2.421223563356385,False,0.6952267824976253,False,2.2253704452465817,False,0,NORMAL,0,6.813070445898717,38.38375992854591,12.981144114379962,35.922320027031255,33.18321972369223,NORMAL,Temperature,0,Telemetry remains within the expected prototype operating envelope.
78.0,steady,121.59835882217077,753.0687189655621,0.2099928381431774,488.7123040043173,1,thrust,0.5615189163568534,False,1.3337333734326755,False,1.0300801475556265,False,1.6482046390823648,False,0,NORMAL,0,10.622729693999988,23.413293959366822,18.6179968958875,28.081807470133647,25.317559807283317,NORMAL,Thrust,0,Telemetry remains within the expected prototype operating envelope.
78.1,steady,121.08724899051356,754.2540014331382,0.2124459763316681,481.40323526724296,1,thrust,0.2698365923461436,False,1.595648340408499,False,1.2732411115922693,False,2.8970390364804497,False,0,NORMAL,0,5.2536929460686,27.321869714126468,22.48108557572477,43.97699675116097,37.2504918246242,NORMAL,Thrust,0,Telemetry remains within the expected prototype operating envelope.
78.2,steady,119.75083150976934,756.1261259867639,0.1954090025870792,490.9757670715108,1,thrust,0.4928357972028972,False,2.0093365995795094,False,0.4155047484809688,False,1.26146719861838,False,0,NORMAL,0,9.38651649378982,33.09304879994245,7.974175725916033,22.298330295243794,27.876287960015652,NORMAL,Temperature,0,Telemetry remains within the expected prototype operating envelope.
78.3,steady,119.67618432710717,756.8913047198163,0.1934083759223296,478.287715059511,1,thrust,0.535435767642046,False,2.178420145553028,False,0.6138116807036628,False,3.429359765859975,False,0,NORMAL,0,10.155263328007836,35.31779294048165,11.552615494912343,49.634912192502036,41.59549402126791,NORMAL,Thrust,1,Telemetry remains within the expected prototype operating envelope.
78.4,steady,121.22259595576288,749.913160734169,0.1886265692654603,482.62096068693,1,thrust,0.3470769718624538,False,0.6364414176546149,False,1.0877958704147883,False,2.688977319537298,False,0,NORMAL,0,6.706093805962777,11.952019182155848,19.552000085487954,41.5965640957373,34.020850914546834,NORMAL,Thrust,0,Telemetry remains within the expected prototype operating envelope.
78.5,steady,118.88883543784536,750.205371908569,0.2056281688696538,479.616182167545,1,thrust,0.9847633673137356,False,0.7010120851423837,False,0.5974436196867668,False,3.2023766193054017,False,0,NORMAL,0,17.877050165857653,13.081771970313017,11.262598615239272,47.295815107098285,38.575037957233356,NORMAL,Thrust,1,Telemetry remains within the expected prototype operating envelope.
78.6,steady,119.03294479356832,754.3240692458595,0.2022736239315898,476.1967736079917,1,thrust,0.9025224296806856,False,1.6111314082484294,False,0.2649330481784631,False,3.7866199998974,False,0,NORMAL,0,16.51510643904659,27.54657770200285,5.160728827880934,53.10804216531295,43.47414223169971,NORMAL,Thrust,1,Telemetry remains within the expected prototype operating envelope.
78.7,steady,120.68852765298377,751.4988982696376,0.2220733742711933,479.97182307142975,1,thrust,0.0422926102899566,False,0.9868459883759908,False,2.227531976706421,False,3.141611478099353,False,0,NORMAL,0,0.8422849410436584,17.91124923999583,35.95001522442289,46.651391743545,39.1919619838424,NORMAL,Thrust,1,Telemetry remains within the expected prototype operating envelope.
78.8,steady,120.50879514425682,750.5256195771466,0.1978870702032387,484.8067397541091,1,thrust,0.0602778992143687,False,0.7717780500782515,False,0.1698727195474222,False,2.315513040789987,False,0,NORMAL,0,1.1983202482511057,14.30327793071159,3.340388991760368,37.067194499736985,28.985729820994294,NORMAL,Thrust,0,Telemetry remains within the expected prototype operating envelope.
78.9,steady,119.7523500997018,751.4185325271741,0.1894990009354311,483.6629110754045,1,thrust,0.4919691618668427,False,0.9690873600666,False,1.0013183426010288,False,2.510948690676692,False,0,NORMAL,0,9.370809363247822,17.619174139092387,18.148509199110375,39.4796030520974,33.06582536229876,NORMAL,Thrust,0,Telemetry remains within the expected prototype operating envelope.
79.0,steady,119.05027086657836,756.6260491734762,0.2118247911669807,476.460777436282,1,thrust,0.8926347129346359,False,2.119805933700313,False,1.2116677423465758,False,3.7415120560985744,False,0,NORMAL,0,16.349848094111163,34.55507172739626,21.52056330688261,52.683088207878406,45.191007327044446,WARNING,Thrust,1,Elevated telemetry deviation primarily associated with Thrust.
79.1,steady,121.31901174689064,752.0276630423896,0.1891867276507369,477.9889865745398,1,thrust,0.4020999440019055,False,1.1036885231993738,False,1.0322716224877382,False,3.480400797342187,False,0,NORMAL,0,7.727127073717222,19.807300556342298,18.653658404132013,50.14643409639321,41.02445267408174,NORMAL,Thrust,1,Telemetry remains within the expected prototype operating envelope.
79.2,steady,119.43719770621514,750.5700969790142,0.2127861973941095,490.7796604803207,1,thrust,0.6718216649025844,False,0.7816063378999376,False,1.3069646425033936,False,1.2949741562684662,False,0,NORMAL,0,12.572851936278639,14.471562891198142,23.002168625663757,22.817298758858673,21.326999300231375,NORMAL,Vibration,0,Telemetry remains within the expected prototype operating envelope.
79.3,steady,122.3783240395923,751.4416338512737,0.2019528770938793,479.7583051575895,1,thrust,1.0066327709023335,False,0.9741921200745752,False,0.2331398493137165,False,3.1780933508052187,False,0,NORMAL,0,18.235461756454406,17.70323808821762,4.555758711004776,47.03922655601056,38.23469470867951,NORMAL,Thrust,1,Telemetry remains within the expected prototype operating envelope.
79.4,steady,119.54205317218918,750.0425071913746,0.2002333633439579,473.7046737966764,1,thrust,0.6119823033677697,False,0.6650234426100148,False,0.0626975060870582,False,4.21242253070868,False,0,NORMAL,0,11.520248846065495,12.453901251895372,1.2461209261055317,56.936073269556985,44.19712775090409,NORMAL,Thrust,1,Telemetry remains within the expected prototype operating envelope.
79.5,steady,121.74281281851884,749.9655994006039,0.1946560048717892,487.2191619247296,1,thrust,0.6439565349618901,False,0.6480289269304773,False,0.4901436951274923,False,1.9033243070276449,False,0,NORMAL,0,12.084257959171795,12.15583427889191,9.337715207763086,31.659311273156774,26.286800215462968,NORMAL,Thrust,0,Telemetry remains within the expected prototype operating envelope.
79.6,steady,119.91343937066144,756.7926227536018,0.2066124982923859,482.69452645884166,1,thrust,0.4000380542723196,False,2.1566141333751623,False,0.695012722187443,False,2.6764078021693165,False,0,NORMAL,0,7.689067929079407,35.03508471571066,12.977418577975063,41.44955879419777,35.4429370927128,NORMAL,Thrust,0,Telemetry remains within the expected prototype operating envelope.
79.7,steady,120.45204654254978,752.9495062842234,0.1919038372198204,469.28638450520606,1,thrust,0.0926634316479723,False,1.307390635435568,False,0.7629451796027458,False,4.967335617906215,False,0,NORMAL,0,1.8362012075419099,23.008728452607443,14.151754522210759,62.97093805128482,49.85327667877907,WARNING,Thrust,1,Elevated telemetry deviation primarily associated with Thrust.
79.8,steady,119.29605285003258,749.8892283739071,0.1857250300385936,482.81792138389903,1,thrust,0.7523708093790287,False,0.631153021412285,False,1.375403425058551,False,2.655324428566008,False,0,NORMAL,0,13.970004174259042,11.858843393612684,24.04891603883209,41.20214937294085,34.75088947813046,NORMAL,Thrust,0,Telemetry remains within the expected prototype operating envelope.
79.9,steady,120.08119125145495,756.49043862405,0.1888641166648009,473.893726020498,1,thrust,0.3043047002721225,False,2.089839715903147,False,1.0642496002131896,False,4.180120888939265,False,0,NORMAL,0,5.904592029838518,34.16166662378526,19.172256564298905,56.65696556970945,46.96788218922895,WARNING,Thrust,1,Elevated telemetry deviation primarily associated with Thrust.
80.0,steady,121.41300878191778,751.8885612230808,0.2005855400133071,475.2108492366672,1,thrust,0.4557425701629722,False,1.0729508303648312,False,0.0976061055422154,False,3.955075970477861,False,0,NORMAL,0,8.71178749743583,19.312794403277366,1.9331915895909546,54.661571148269594,42.934213902250434,NORMAL,Thrust,1,Telemetry remains within the expected prototype operating envelope.
80.1,steady,119.94449018856066,749.9836751485825,0.2098065846616418,480.2785245768813,1,thrust,0.382317841968999,False,0.6520231722385743,False,1.011618253995017,False,3.0892081687969184,False,0,NORMAL,0,7.361333657183822,12.225980486400555,18.316948269338862,46.08932273707769,37.30749847972558,NORMAL,Thrust,1,Telemetry remains within the expected prototype operating envelope.
80.2,steady,120.63728262822964,757.33859209349,0.2214374241640581,481.9988496800297,1,thrust,0.0130478824673581,False,2.2772584063973147,False,2.1644950708135053,False,2.7952717945743504,False,0,NORMAL,0,0.2606174508623993,36.583853561266885,35.137400946355356,42.82505219135295,37.88188978749021,NORMAL,Thrust,0,Telemetry remains within the expected prototype operating envelope.
80.3,steady,119.4376657595596,754.075817074073,0.1987642073113627,475.94726491838486,1,thrust,0.6715545542370998,False,1.5562744765432834,False,0.0829287773739187,False,3.829251290591141,False,0,NORMAL,0,12.568181266781032,26.74728656594334,1.6448969111576672,53.50615548218543,43.04482158320143,NORMAL,Thrust,1,Telemetry remains within the expected prototype operating envelope.
80.4,steady,120.40513131607857,753.0850684129216,0.2044185974000507,478.7485564944728,1,thrust,0.119437211843596,False,1.3373461535778148,False,0.4775479831507475,False,3.350619962414521,False,0,NORMAL,0,2.3604395650525634,23.46861215790419,9.109036085782819,48.83548662971646,39.073254072680605,NORMAL,Thrust,1,Telemetry remains within the expected prototype operating envelope.
80.5,steady,120.55603686540638,755.0974888812291,0.1949191020080715,469.0595401275316,1,thrust,0.033317793652534,False,1.7820359679611233,False,0.4640648734802506,False,5.006094462827084,False,0,NORMAL,0,0.6641406454670595,29.981254966361824,8.863606752544118,63.256869117629535,50.10897868113442,WARNING,Thrust,1,Elevated telemetry deviation primarily associated with Thrust.
80.6,steady,119.92470682151006,752.2455833953593,0.1982187305662836,472.6041997082956,1,thrust,0.3936078976882717,False,1.1518429535674712,False,0.1369977457733756,False,4.400450574287504,False,0,NORMAL,0,7.5702768113757095,20.575920123842284,2.702758645379011,58.52544647372879,45.86180038767722,WARNING,Thrust,1,Elevated telemetry deviation primarily associated with Thrust.
80.7,steady,119.38567040564652,750.3988691219686,0.197802929414458,479.02060506316826,1,thrust,0.7012274830828426,False,0.7437696704807637,False,0.1782129571299222,False,3.304137486661279,False,0,NORMAL,0,13.085516291121724,13.821885623258945,3.501487418580007,48.35761817001162,38.32452121701763,NORMAL,Thrust,1,Telemetry remains within the expected prototype operating envelope.
80.8,steady,121.77608492642052,755.5365218911184,0.2009895775648547,476.7419936509955,1,thrust,0.662944402454148,False,1.8790502404506115,False,0.1376552805141975,False,3.693463187675857,False,0,NORMAL,0,12.417491311689833,31.32672331455274,2.715553067358234,52.2261915735875,42.58204595871085,NORMAL,Thrust,1,Telemetry remains within the expected prototype operating envelope.
80.9,steady,122.23672148796742,752.6541106368651,0.1957964457384369,473.1693925747159,1,thrust,0.925822426851871,False,1.2421162866291875,False,0.3771004504126639,False,4.303881186566539,False,0,NORMAL,0,16.903240940149487,21.997027989512986,7.2646167658569905,57.71662644261391,46.60543949978571,WARNING,Thrust,1,Elevated telemetry deviation primarily associated with Thrust.
81.0,steady,120.59387231798677,754.9067997226122,0.2167661872675189,471.1503293351464,1,thrust,0.0117256972867489,False,1.7398988858325637,False,1.7014708219819077,False,4.648860241327174,False,0,NORMAL,0,0.23423917661385962,29.388684432123124,28.843902393206644,60.535634017406295,49.76087736300721,WARNING,Thrust,1,Elevated telemetry deviation primarily associated with Thrust.
81.1,steady,121.0290665306471,749.422325701225,0.2060790124446437,479.75554831123793,1,thrust,0.236632779663686,False,0.5279803166421277,False,0.6421323204043236,False,3.1785643881803005,False,0,NORMAL,0,4.622411444384211,10.021196793828224,12.052176671918513,47.04421562174429,37.030990200672875,NORMAL,Thrust,1,Telemetry remains within the expected prototype operating envelope.
81.2,steady,121.110591761567,755.1395732773442,0.2217226167067089,473.2841985589071,1,thrust,0.2831579438209133,False,1.791335467042746,False,2.1927640423424584,False,4.284265327523118,False,0,NORMAL,0,5.505786745377927,30.111361787057444,35.503086011369525,57.55041567999135,48.666452086576555,WARNING,Thrust,1,Elevated telemetry deviation primarily associated with Thrust.
81.3,steady,120.12385143302008,751.4770946290413,0.1902882542524262,470.3552442833912,1,thrust,0.2799592071297014,False,0.9820279808858308,False,0.9230856534153749,False,4.784709225268514,False,0,NORMAL,0,5.445314982706851,17.832110273702227,16.85774508953103,61.5934375958366,48.93698763219925,WARNING,Thrust,1,Elevated telemetry deviation primarily associated with Thrust.
81.4,steady,120.82934629284568,751.4749524242321,0.2194489355988931,481.4701518320037,1,thrust,0.1226555882545432,False,0.9815546122861972,False,1.9673912962483848,False,2.885605608935155,False,0,NORMAL,0,2.4232675141002358,17.824330765671647,32.529401396819615,43.84874317955179,36.9564355666212,NORMAL,Thrust,0,Telemetry remains within the expected prototype operating envelope.
81.5,steady,118.8476120731612,751.80889747683,0.1888861591771332,467.4126460789704,1,thrust,1.008288891711553,False,1.0553473239946336,False,1.062064693315708,False,5.287484337611142,False,0,NORMAL,0,18.262539662426768,19.02821819577759,19.136928627207627,65.26758785835314,53.072268613008994,WARNING,Thrust,1,Elevated telemetry deviation primarily associated with Thrust.
81.6,steady,121.36870466934064,751.9971632667657,0.1945172415903329,461.9197442118188,1,thrust,0.4304589115062189,False,1.0969489080073676,False,0.5038982457068705,False,6.226006745867616,False,0,NORMAL,0,8.2489983825214,19.69913408558892,9.586776274757858,71.21170626967204,55.80293788888409,WARNING,Thrust,1,Elevated telemetry deviation primarily associated with Thrust.
81.7,steady,121.3470395477014,755.9256511260169,0.2026635674446766,470.6213852943741,1,thrust,0.4180949681063823,False,1.9650371452566808,False,0.3035851881218552,False,4.739236120413466,False,0,NORMAL,0,8.021836798801418,32.49762672184584,5.891050497668415,61.24255129757075,49.22730155856105,WARNING,Thrust,1,Elevated telemetry deviation primarily associated with Thrust.
81.8,steady,120.30911375089158,753.17878721901,0.1987442350584865,465.7601418747796,1,thrust,0.1742329227161128,False,1.3580554432814398,False,0.0849084751692346,False,5.569832768892207,False,0,NORMAL,0,3.4246433582459934,23.784938752229635,1.6838318788506612,67.17456631255263,52.06941637957362,WARNING,Thrust,1,Elevated telemetry deviation primarily associated with Thrust.
81.9,steady,120.10049394583618,753.093974716547,0.1919100848317148,469.5940786381119,1,thrust,0.2932889568681489,False,1.339314202784425,False,0.7623259012684503,False,4.9147627073381015,False,0,NORMAL,0,5.697057324939991,23.498729737652134,14.141121072025486,62.57953884525762,49.94438936015654,WARNING,Thrust,1,Elevated telemetry deviation primarily associated with Thrust.
82.0,steady,120.48589458233708,752.8925531229218,0.202877981173764,470.17559350044206,1,thrust,0.0733468889073338,False,1.2948055464213089,False,0.3248383932255029,False,4.815404527958494,False,0,NORMAL,0,1.4562306654216983,22.814695962281306,6.2902248843079605,61.828495551741966,48.27261622671066,WARNING,Thrust,1,Elevated telemetry deviation primarily associated with Thrust.
82.1,steady,119.19051884066376,749.6817762267219,0.1991778172459467,473.9294797333668,1,thrust,0.8125974049329798,False,0.5853117778560603,False,0.0419307647464887,False,4.174011975742321,False,0,NORMAL,0,15.000046876536866,11.047027570003587,0.8351087259197421,56.603977439306696,44.09762438907896,NORMAL,Thrust,1,Telemetry remains within the expected prototype operating envelope.
82.2,steady,119.7532994030311,755.2657636309154,0.203428498673592,458.6463892069447,1,thrust,0.4914274094212257,False,1.8192200795232365,False,0.379407013373063,False,6.785295277968386,False,0,NORMAL,0,9.360989114108676,30.500040482855727,7.307386899915058,74.2583286931947,58.89275385470804,WARNING,Thrust,1,Elevated telemetry deviation primarily associated with Thrust.
82.3,steady,120.41025219209546,754.3908267651119,0.2088033463640192,461.76608422118136,1,thrust,0.1165148086240495,False,1.625882991882445,False,0.9121748582854262,False,6.2522612372009005,False,0,NORMAL,0,2.3033544509515003,27.76002322494876,16.67611736932568,71.36247449061153,56.71953075328327,WARNING,Thrust,1,Elevated telemetry deviation primarily associated with Thrust.
82.4,steady,122.61205955994684,756.521588810317,0.1982551819361945,463.9819921723479,1,thrust,1.1400219478622289,False,2.0967230540361297,False,0.1333845982183069,False,5.873649108839338,True,1,WARNING,1,20.387923480199067,34.252241765695615,2.632423377326476,69.10975728736662,55.97979750396473,WARNING,Thrust,1,Elevated telemetry deviation primarily associated with Thrust.
82.5,steady,119.26497617297242,752.4224190345544,0.1816356133201963,455.9669004414781,1,thrust,0.7701057790978582,False,1.190918787275411,False,1.7807562568959057,False,7.243115262720077,True,1,WARNING,1,14.274611508890011,21.194213372010672,29.963331920269177,76.51064984718712,62.15191798240287,WARNING,Thrust,1,Elevated telemetry deviation primarily associated with Thrust.
82.6,steady,120.45193839941886,756.1321722274349,0.2071835815435612,459.6066676354497,1,thrust,0.0927251472280641,False,2.010672653194576,False,0.75161986912783,False,6.621221197434233,True,1,WARNING,1,1.8374128472214868,33.11092466632929,13.957082526609598,73.39960816013243,58.41143527161171,WARNING,Thrust,1,Elevated telemetry deviation primarily associated with Thrust.
82.7,steady,120.75142712926493,752.3618505449969,0.2065043258752515,459.1034334019355,1,thrust,0.078188349883262,False,1.1775348097205192,False,0.6842904117379213,False,6.707204274535839,True,1,WARNING,1,1.5516036462443372,20.982983813083955,12.790601711899551,73.85313413626308,57.55764047797646,WARNING,Thrust,1,Elevated telemetry deviation primarily associated with Thrust.
82.8,steady,121.33368611646864,755.5783738658365,0.1877576934030311,467.2150236775204,1,thrust,0.4104743753996069,False,1.888298380768248,False,1.173920938023164,False,5.321250288035899,True,1,WARNING,1,7.881544290817932,31.453625936819652,20.92585169707595,65.50135222364506,53.580086683350665,WARNING,Thrust,1,Elevated telemetry deviation primarily associated with Thrust.
82.9,steady,120.57147564122776,752.3737887584807,0.201053337937294,466.7074908147068,1,thrust,0.0245071276615094,False,1.180172827978538,False,0.1439753621559146,False,5.407967833005283,True,1,WARNING,1,0.48894331474382824,21.02466248348682,2.8384445120162693,66.0945211477856,50.87551374863849,WARNING,Thrust,1,Elevated telemetry deviation primarily associated with Thrust.
83.0,steady,120.37514837457748,753.6780860409132,0.2034034924842732,460.4135357900393,1,thrust,0.136548003920044,False,1.4683868098773358,False,0.3769283396765826,False,6.483358941398047,True,1,WARNING,1,2.6940065234351773,25.44830152277212,7.261424559902174,72.65596523658691,56.681600965017424,WARNING,Thrust,1,Elevated telemetry deviation primarily associated with Thrust.
83.1,steady,121.168688978446,745.4947288241002,0.2159524394070626,455.175376702788,1,thrust,0.3163131096741655,False,0.3399110379563428,False,1.6208101746691486,False,7.378355757342789,True,1,WARNING,1,6.13030810858628,6.572290353069876,27.686693993125356,77.1374766618898,60.42295212793712,WARNING,Thrust,1,Elevated telemetry deviation primarily associated with Thrust.
83.2,steady,118.64266389631976,749.8036602733587,0.2000710145350586,456.6942773861559,1,thrust,1.1252495855198508,False,0.6122448144300562,False,0.046605101237073,False,7.118834949992916,True,1,WARNING,1,20.152363986291487,11.524894106814443,0.9277714194834585,75.91948045517807,58.84355691804541,WARNING,Thrust,1,Elevated telemetry deviation primarily associated with Thrust.
83.3,steady,120.6516672000561,753.1807278594924,0.1993166502207727,458.77397711982337,1,thrust,0.0212569308564981,False,1.3584842716845995,False,0.0281693059924931,False,6.763495486500168,True,1,WARNING,1,0.424236182230453,23.791475108530424,0.5618020764060483,74.14585105916778,56.850597575763345,WARNING,Thrust,1,Elevated telemetry deviation primarily associated with Thrust.
83.4,steady,119.42893334152824,752.0983707577709,0.2171432996171886,459.20914546855,1,thrust,0.6765380075535048,False,1.1193129920037668,False,1.738851106111855,False,6.689142210850682,True,1,WARNING,1,12.655280331563489,20.057503090731,29.373885860712058,73.7585100572693,59.829484729499185,WARNING,Thrust,1,Elevated telemetry deviation primarily associated with Thrust.
83.5,steady,121.19473447623322,749.1768910411529,0.2135732906555787,459.5044617680789,1,thrust,0.3311768646912831,False,0.4737459778697361,False,1.3849832217842248,False,6.638684188600417,True,1,WARNING,1,6.408944965151497,9.039896217140086,24.19429591248393,73.49235059137547,57.66938305693226,WARNING,Thrust,1,Elevated telemetry deviation primarily associated with Thrust.
83.6,steady,120.94265744662997,751.2392901093777,0.200633705024843,459.5924659524604,1,thrust,0.1873204775308281,False,0.9294796941962054,False,0.1023803374598684,False,6.623647710421865,True,1,WARNING,1,3.677099865029576,16.964000128846777,2.026785635866668,73.41251426745055,56.125169264847294,WARNING,Thrust,1,Elevated telemetry deviation primarily associated with Thrust.
83.7,steady,119.72882329818243,751.5542667538334,0.2019920379367868,468.91650030207313,1,thrust,0.5053955366275421,False,0.9990809071454404,False,0.2370215663562183,False,5.030534382693243,True,1,WARNING,1,9.613847201048841,18.111873517202216,4.629827463494762,63.43603072625671,49.61518312651708,WARNING,Thrust,1,Elevated telemetry deviation primarily associated with Thrust.
83.8,steady,122.14508833471648,751.8513116015096,0.1940299822046178,454.3300783580535,1,thrust,0.8735288307572664,False,1.0647196840595508,False,0.5521965692673874,False,7.522784232014741,True,1,WARNING,1,16.02959462199276,19.17985537039111,10.455933061568434,77.78842966020152,61.36468789161945,WARNING,Thrust,1,Elevated telemetry deviation primarily associated with Thrust.
83.9,steady,121.7808778301147,751.7215578691524,0.1987195071957922,454.9458315248296,1,thrust,0.66567963703914,False,1.0360476624486985,False,0.0873595604605255,False,7.417576063554614,True,1,WARNING,1,12.465389950454908,18.715068619779252,1.7320163301812963,77.31611017307617,59.90047280643003,WARNING,Thrust,1,Elevated telemetry deviation primarily associated with Thrust.
84.0,steady,120.3492600722332,752.5139517194007,0.2004825712305749,455.91216507618736,1,thrust,0.1513220499758303,False,1.211145004050335,False,0.0873995918642186,False,7.252467399002845,True,1,WARNING,1,2.981102803010871,21.512358036563807,1.7328030880966683,76.55454390483382,58.75377422348619,WARNING,Thrust,1,Elevated telemetry deviation primarily associated with Thrust.
84.1,steady,118.64700452870736,752.9273693000094,0.2110792962580135,457.43990219665807,1,thrust,1.1227724550401164,False,1.3024989681343582,False,1.1377724919284151,False,6.991436789652001,True,1,WARNING,1,20.11279558291015,22.933368457914682,20.35209865057962,75.29803418651011,61.0796481980491,WARNING,Thrust,1,Elevated telemetry deviation primarily associated with Thrust.
84.2,steady,120.86810605646072,751.6425054841534,0.2188114953602715,453.04696013378936,1,thrust,0.1447751743573616,False,1.018579250173331,False,1.9042066849345212,False,7.742019025397032,True,1,WARNING,1,2.85398546851664,18.430588228437873,31.671370671805445,78.74129665048572,62.70535141199972,WARNING,Thrust,1,Elevated telemetry deviation primarily associated with Thrust.
84.3,steady,121.36088467065515,750.9617349561445,0.1755761818673588,454.5661732025416,1,thrust,0.4259961615275126,False,0.8681476060385862,False,2.3813816927146894,False,7.482444843584923,True,1,WARNING,1,8.167069469031796,15.939173248736271,37.89081730794193,77.60850459673674,62.66101489234297,WARNING,Thrust,1,Elevated telemetry deviation primarily associated with Thrust.
84.4,steady,117.35710812841548,751.1244913475113,0.1982186220196351,449.9043101660634,1,thrust,1.8588959973133576,False,0.9041123115295104,False,0.1370085051785394,False,8.2789751712287,True,1,WARNING,1,31.049353088338027,16.541648442342748,2.702968017241947,80.90598086462307,64.06888322310276,WARNING,Thrust,1,Elevated telemetry deviation primarily associated with Thrust.
84.5,steady,120.83643963963944,751.6100880705732,0.1982315335051818,456.0244912318698,1,thrust,0.1267036494532627,False,1.0114158895065122,False,0.1357286876422065,False,7.233275245803882,True,1,WARNING,1,2.5022348602566358,18.313642252640683,2.6780603400967995,76.46437720919688,58.44819771891969,WARNING,Thrust,1,Elevated telemetry deviation primarily associated with Thrust.
84.6,steady,118.8741014809078,751.2907247161065,0.2017601591319955,453.0378348534765,1,thrust,0.9931718042782276,False,0.9408453337726772,False,0.2140371808954834,False,7.743578179422054,True,1,WARNING,1,18.015039235501717,17.15253721249167,4.190413309439878,78.74792473559029,61.52041859627325,WARNING,Thrust,1,Elevated telemetry deviation primarily associated with Thrust.
84.7,steady,119.9840982211929,752.6123964389765,0.2018491106628587,452.16582691797583,1,thrust,0.3597141621098149,False,1.2328985912179324,False,0.2228542708167581,False,7.892570280034484,True,1,WARNING,1,6.941590647061425,21.85309382871956,4.359216778394359,79.37186068229822,61.43771361293528,WARNING,Thrust,1,Elevated telemetry deviation primarily associated with Thrust.
84.8,steady,122.8490344062098,752.3909779431489,0.1947855759251549,455.67160172002747,1,thrust,1.27525975705471,False,1.1839711670731063,False,0.4773003003299749,False,7.293570281563266,True,1,WARNING,1,22.512375899863834,21.084634723511442,9.104533548198624,76.74648903975512,61.21192078183212,WARNING,Thrust,1,Elevated telemetry deviation primarily associated with Thrust.
84.9,steady,121.93562613023552,757.345860807316,0.2101789559652175,449.9877703603831,1,thrust,0.7539920525322915,False,2.278864593102816,False,1.048528594220391,False,8.264715083489852,True,1,WARNING,1,13.997894760614004,36.60422192381723,18.91771792586289,80.8514466576991,65.71092743845382,WARNING,Thrust,1,Elevated telemetry deviation primarily associated with Thrust.
85.0,steady,118.95674108235758,754.5496183566544,0.1925587634126644,444.2832703225659,1,thrust,0.9460106864260506,False,1.6609715851862277,False,0.6980273184027722,False,9.23939135531766,True,1,WARNING,1,17.238080291213866,28.265208361143067,13.029870353214456,84.24288648703526,67.250780197176,WARNING,Thrust,1,Elevated telemetry deviation primarily associated with Thrust.
85.1,steady,119.39465595558512,750.4226811588794,0.2071876240662633,451.2025379878907,1,thrust,0.6960995713772367,False,0.7490314785575201,False,0.7520205737118566,False,8.05715873771598,True,1,WARNING,1,12.996332606653372,13.912528460026008,13.963977808599715,80.03983697480516,62.60575317050572,WARNING,Thrust,1,Elevated telemetry deviation primarily associated with Thrust.
85.2,steady,121.11712086777828,757.0549528053659,0.1991359859507219,448.35961762803146,1,thrust,0.2868840018136675,False,2.214581891039777,False,0.0460771834527326,False,8.54290279926064,True,1,WARNING,1,5.576178697384049,35.783909651180004,0.9173104689606082,81.88772969240861,64.09147304468476,WARNING,Thrust,1,Elevated telemetry deviation primarily associated with Thrust.
85.3,steady,121.72130813031298,747.4499213139495,0.1952296427384998,448.89039447462034,1,thrust,0.6316841483934793,False,0.0921329603468398,False,0.4332833285441101,False,8.45221376523905,True,1,WARNING,1,11.86820572563063,1.8257860394429892,8.300812365156474,81.55621545056026,62.07225425618333,WARNING,Thrust,1,Elevated telemetry deviation primarily associated with Thrust.
85.4,steady,119.60471216545804,749.376030711921,0.2087272248203098,439.56475908279606,1,thrust,0.5762238036387161,False,0.5177503917707206,False,0.9046295075835474,False,10.045600648554212,True,1,WARNING,1,10.88520008215167,9.836913057872332,16.550280861890133,86.58933807969336,67.12097130894135,WARNING,Thrust,1,Elevated telemetry deviation primarily associated with Thrust.
85.5,steady,121.14342251152988,753.1789710412612,0.2056579405916662,447.7660713669238,1,thrust,0.3018939352948768,False,1.3580960629650731,False,0.600394664458534,False,8.644316674814771,True,1,WARNING,1,5.8592127080188465,23.785557916049804,11.314956771476393,82.25139624699057,64.24438087926573,WARNING,Thrust,1,Elevated telemetry deviation primarily associated with Thrust.
85.6,steady,120.63882982516408,748.7149297067259,0.203980806458565,452.05033721529554,1,thrust,0.0139308433684939,False,0.3716651735379406,False,0.4341530908949362,False,7.912302959865617,True,1,WARNING,1,0.27822909079654456,7.16375345699618,8.316762278054101,79.45310994400934,59.97555875596849,WARNING,Thrust,1,Elevated telemetry deviation primarily associated with Thrust.
85.7,steady,120.36524458958614,752.3664788741398,0.2127321111047425,441.2433650331522,1,thrust,0.1421999378955835,False,1.178557543716673,False,1.3016034792695608,False,9.758792448236074,True,1,WARNING,1,2.8039377894146122,20.99914483793045,22.91956475976711,85.79758960482752,67.36395397993262,WARNING,Thrust,1,Elevated telemetry deviation primarily associated with Thrust.
85.8,steady,120.51665514397304,748.8792485321999,0.1961590448417546,451.3746933905717,1,thrust,0.0557923212779862,False,0.4079751341800912,False,0.341158754206876,False,8.027744102787814,True,1,WARNING,1,1.1096439507997213,7.8354875327647395,6.595601698669751,79.92206671584671,60.30233835638245,WARNING,Thrust,1,Elevated telemetry deviation primarily associated with Thrust.
85.9,steady,119.21370077244345,755.9181485157452,0.214573763147825,442.6776459760068,1,thrust,0.799367841896336,False,1.9633792738418137,False,1.4841524642052686,False,9.513729849784395,True,1,WARNING,1,14.774846630242532,32.47524095976072,25.683002568312773,85.08415283280948,69.13120810304964,WARNING,Thrust,1,Elevated telemetry deviation primarily associated with Thrust.
86.0,steady,120.98639255350356,755.5745222098061,0.2221210566470894,448.3288140622834,1,thrust,0.2122794136021332,False,1.8874472702611729,False,2.2322583686173405,False,8.548165925638635,True,1,WARNING,1,4.156725196625743,31.44195683584097,36.010531683454005,81.90678509507414,66.67206020776024,WARNING,Thrust,1,Elevated telemetry deviation primarily associated with Thrust.
86.1,steady,119.56256986478468,752.7831435318328,0.2106449364504412,442.6369067564788,1,thrust,0.60027375031986,False,1.2706290229167498,False,1.0947177019277603,False,9.520690591364454,True,1,WARNING,1,11.31281209042122,22.440577739938895,19.663292533149523,85.10490345700055,67.438826006345,WARNING,Thrust,1,Elevated telemetry deviation primarily associated with Thrust.
86.2,steady,121.14341238985276,748.3136666530547,0.205019405277624,438.7161643772989,1,thrust,0.3018881590132974,False,0.2829970270615773,False,0.537101506632202,False,10.190592342543797,True,1,WARNING,1,5.859103951216927,5.50274555592577,10.185189918929083,86.97264057016017,66.0276883702744,WARNING,Thrust,1,Elevated telemetry deviation primarily associated with Thrust.
86.3,steady,119.83295543688256,755.7923881836244,0.2012063508221264,437.7344601988581,1,thrust,0.445968966565731,False,1.935589684325961,False,0.1591423677328683,False,10.358327246976655,True,1,WARNING,1,8.533170020247704,32.09889902256901,3.1327279173470557,87.40241994237935,68.2887044415191,WARNING,Thrust,1,Elevated telemetry deviation primarily associated with Thrust.
86.4,steady,120.21171373402971,752.2315443303312,0.1999433158812933,438.369272859386,1,thrust,0.2298175769671117,False,1.148740704648928,False,0.0339473031964103,False,10.24986255538745,True,1,WARNING,1,4.492319284338109,20.526626180034814,0.6766464325018706,87.12615575797676,66.5039041624844,WARNING,Thrust,1,Elevated telemetry deviation primarily associated with Thrust.
86.5,steady,121.33408648537574,750.9067720293497,0.1946293213455889,435.87670026603945,1,thrust,0.4107028596236419,False,0.856002304348773,False,0.4927886304944431,False,10.675745866183748,True,1,WARNING,1,7.885753717412847,15.734736234097046,9.385661701806347,88.17730472360766,67.91880050332583,WARNING,Thrust,1,Elevated telemetry deviation primarily associated with Thrust.
86.6,steady,119.33272584039946,750.7304233845643,0.1941726092088356,444.5099155453609,1,thrust,0.7314421118739326,False,0.8170340830693071,False,0.5380590371846161,False,9.200666538187855,True,1,WARNING,1,13.60915032922103,15.075436910181194,10.202388357015902,84.1203744057855,65.44138648895338,WARNING,Thrust,1,Elevated telemetry deviation primarily associated with Thrust.
86.7,steady,118.8412113813412,751.9057701660731,0.2065978049961447,433.4641737755628,1,thrust,1.0119416656354707,False,1.0767535355079605,False,0.6935562872847332,False,11.087952424135382,True,1,WARNING,1,18.32223154842112,19.37413700387973,12.952066340784619,89.11288803466417,70.1524929787098,WARNING,Thrust,1,Elevated telemetry deviation primarily associated with Thrust.
86.8,steady,119.61981275676688,754.8537738119828,0.1977420903932902,437.0465169584958,1,thrust,0.5676061342180043,False,1.728181611671115,False,0.1842434673994297,False,10.475869879687734,True,1,WARNING,1,10.731475268005862,29.223015960969512,3.617804313679518,87.6951165744642,68.48772433364965,WARNING,Thrust,1,Elevated telemetry deviation primarily associated with Thrust.
86.9,steady,118.6834590639814,751.7265069155326,0.2117768855611123,428.4255717387158,1,thrust,1.1019684264128689,False,1.037141266171589,False,1.2069192233432962,False,11.948852733705234,True,1,WARNING,1,19.779707969499594,18.732845376350127,21.445995684609297,90.83492889806317,72.23713310248675,WARNING,Thrust,1,Elevated telemetry deviation primarily associated with Thrust.
87.0,steady,120.24791903099032,752.3857980007609,0.204695273159346,434.8121223907695,1,thrust,0.2091557847164607,False,1.1828265416554635,False,0.5049727506063498,False,10.8576406488395,True,1,WARNING,1,4.096830725429035,21.06656694891934,9.606204077530267,88.5996728059596,68.38459884768459,WARNING,Thrust,1,Elevated telemetry deviation primarily associated with Thrust.
87.1,steady,120.35860276357124,750.0333002760245,0.1864276904003655,441.52934709300666,1,thrust,0.1459903233033913,False,0.6629889664443464,False,1.3057540380976354,False,9.709929283004987,True,1,WARNING,1,2.8775919752920487,12.418271913422906,22.98352358579898,85.65811424896805,66.52230566263391,WARNING,Thrust,1,Elevated telemetry deviation primarily associated with Thrust.
87.2,steady,119.59056192730012,749.0391350893788,0.2046077133827294,431.41385045212,1,thrust,0.5842991214971613,False,0.4433056849044433,False,0.4962936147171388,False,11.438272606392673,True,1,WARNING,1,11.02900998686832,8.484436656152205,9.449159808436969,89.84957410496408,68.79828896691355,WARNING,Thrust,1,Elevated telemetry deviation primarily associated with Thrust.
87.3,steady,120.70125443293976,752.4080692621094,0.2021019088198016,431.3625106722726,1,thrust,0.0495555829913464,False,1.187747880526291,False,0.2479122328334608,False,11.447044569735016,True,1,WARNING,1,0.9862163342784447,21.144220361231014,4.837330345184066,89.86736632590163,68.63686228141314,WARNING,Thrust,1,Elevated telemetry deviation primarily associated with Thrust.
87.4,steady,118.98909288925698,756.9603924185722,0.2074792551503457,435.1284478608277,1,thrust,0.9275480202085646,False,2.1936866350465287,False,0.7809277489705659,False,10.803592979841945,True,1,WARNING,1,16.931914235099455,35.51498578992707,14.459954373361084,88.47577213602979,71.10523171018089,WARNING,Thrust,1,Elevated telemetry deviation primarily associated with Thrust.
87.5,steady,121.2148940693412,754.9078277499246,0.2014542246090368,432.976409638074,1,thrust,0.3426816266908304,False,1.740126051716617,False,0.1837122143347965,False,11.171292265998336,True,1,WARNING,1,6.624045964361591,29.391892455632252,3.607563102254774,89.29285010510196,69.32053333570946,WARNING,Thrust,1,Elevated telemetry deviation primarily associated with Thrust.
87.6,steady,120.98331556268688,755.6595237199032,0.2229474261536178,429.0855582102881,1,thrust,0.2105234234474166,False,1.9062302762694343,False,2.3141701038798206,False,11.83608682095137,True,1,WARNING,1,4.123059315886146,31.6990189209993,37.05028927209987,90.62587886560242,73.212917820418,WARNING,Thrust,1,Elevated telemetry deviation primarily associated with Thrust.
87.7,steady,120.73251770074717,755.3204836502242,0.1925465887093154,427.2663138563112,1,thrust,0.0673970371082938,False,1.831311705310533,False,0.699234104313607,False,12.146924631929194,True,1,WARNING,1,1.3388967026465415,30.66791091893606,13.050858685694422,91.19090016285656,71.19583467199345,WARNING,Thrust,1,Elevated telemetry deviation primarily associated with Thrust.
87.8,steady,120.5399027796179,750.2019207219539,0.2082387950857734,422.4897645062604,1,thrust,0.0425252620812144,False,0.7002494674094502,False,0.8562151762298339,False,12.963050371581303,True,1,WARNING,1,0.8468986777085186,13.06851388285134,15.738323698770651,92.51755124801238,70.82639596810056,WARNING,Thrust,1,Elevated telemetry deviation primarily associated with Thrust.
87.9,steady,120.931750130224,754.0008008455499,0.2021962079113568,426.0021607941807,1,thrust,0.1810958439962007,False,1.5396979443209893,False,0.2572593858466589,False,12.362919019771908,True,1,WARNING,1,3.5571102405160593,26.504028358078624,5.015064169778672,91.56334095885504,70.59713169938826,WARNING,Thrust,1,Elevated telemetry deviation primarily associated with Thrust.
88.0,steady,121.0780912257658,752.772098201412,0.1942591498772211,427.1646130997824,1,thrust,0.2646104003636735,False,1.2681883073645024,False,0.5294809177571345,False,12.16430131937918,True,1,WARNING,1,5.154608693698282,22.40270840023554,10.048197200425168,91.2214616213225,70.56631044648176,WARNING,Thrust,1,Elevated telemetry deviation primarily associated with Thrust.
88.1,steady,121.51865445165598,756.0394387328188,0.1954466646445843,422.0604635416735,1,thrust,0.5160328885295568,False,1.9901810903440695,False,0.4117715946564061,False,13.036401140427255,True,1,WARNING,1,9.805936659159098,32.83622981990073,7.905440757718695,92.62651868299649,72.73497316192804,WARNING,Thrust,1,Elevated telemetry deviation primarily associated with Thrust.
88.2,steady,119.91049923529656,756.4443465749705,0.1996095009643131,422.9377967431161,1,thrust,0.4017159431780248,False,2.079654635263948,False,0.0008587648484509,False,12.886499159839309,True,1,WARNING,1,7.72004022974021,34.027416188138474,0.01717382209932561,92.40211169544106,71.80096252138586,WARNING,Thrust,1,Elevated telemetry deviation primarily associated with Thrust.
88.3,steady,118.60456314416447,752.013822736012,0.1999008173884083,409.4733083375853,1,thrust,1.146993084170966,False,1.100630194499692,False,0.0297347502515711,False,15.18705438363999,True,1,WARNING,1,20.49884346584553,19.758234424993603,0.5929301944329168,95.20410996097263,73.78740680367862,WARNING,Thrust,1,Elevated telemetry deviation primarily associated with Thrust.
88.4,steady,121.00151576839797,752.6717667847474,0.1954352706065425,418.8314749319708,1,thrust,0.2209099939464984,False,1.2460178118065426,False,0.4129009991422644,False,13.588109188286928,True,1,WARNING,1,4.322019114072983,22.057870360463138,7.926240810129281,93.39683982830542,71.88195577328347,WARNING,Thrust,1,Elevated telemetry deviation primarily associated with Thrust.
88.5,steady,121.43435433022074,754.2675014730532,0.20951395842918,424.2376177422869,1,thrust,0.4679241380974081,False,1.5986314795379797,False,0.9826124372327748,False,12.664410514538844,True,1,WARNING,1,8.933923503517294,27.365218576134588,17.8417144213039,92.05702346812018,72.62937975157226,WARNING,Thrust,1,Elevated telemetry deviation primarily associated with Thrust.
88.6,steady,119.8252609124876,751.5862985690319,0.2238933214221576,417.6188356950411,1,thrust,0.4503601103447562,False,1.0061590611293103,False,2.4079295204732047,False,13.795301875233593,True,1,WARNING,1,8.613463557330892,18.227714857311483,38.2197161571297,93.66487331667236,74.77067234607591,WARNING,Thrust,1,Elevated telemetry deviation primarily associated with Thrust.
88.7,steady,120.90588541845626,756.6636309273505,0.2052484784492463,422.6319262226346,1,thrust,0.1663352607105696,False,2.128110472149285,False,0.5598077909776754,False,12.93876048626381,True,1,WARNING,1,3.2719789158055512,34.663679493318234,10.592137316450756,92.48111324777291,72.4510031462203,WARNING,Thrust,1,Elevated telemetry deviation primarily associated with Thrust.
88.8,steady,121.84453519965504,754.8579263919293,0.2073061998773832,422.0088867181437,1,thrust,0.7020078943683535,False,1.729099218122984,False,0.7637740936230535,False,13.04521360527738,True,1,WARNING,1,13.099081041277927,29.23600385259535,14.165985505411083,92.63950294628475,73.26547708282239,WARNING,Thrust,1,Elevated telemetry deviation primarily associated with Thrust.
88.9,steady,120.14003749904192,754.4417522809196,0.199894055482812,419.57689574691216,1,thrust,0.2707220744012334,False,1.637136136306544,False,0.0290644938871999,False,13.460745882820472,True,1,WARNING,1,5.270470691321972,27.92242578082392,0.5796036569930885,93.22647920948648,71.70962217829594,WARNING,Thrust,1,Elevated telemetry deviation primarily associated with Thrust.
89.0,steady,119.9669757614134,754.4122208617995,0.2079406312902893,421.572174870002,1,thrust,0.3694856799948673,False,1.630610501383924,False,0.8266604628871902,False,13.119830604696777,True,1,WARNING,1,7.123277435933684,27.828293980116502,15.238782836766141,92.74853102888045,72.79369763092076,WARNING,Thrust,1,Elevated telemetry deviation primarily associated with Thrust.
89.1,steady,121.39414341898392,755.9284581140969,0.2048235469345551,416.3848378541875,1,thrust,0.4449764049221007,False,1.96565741275442,False,0.5176875560693294,False,14.00614391344787,True,1,WARNING,1,8.515010924484667,32.5060001080941,9.835779958590907,93.92646138371194,73.72073448221491,WARNING,Thrust,1,Elevated telemetry deviation primarily associated with Thrust.
89.2,steady,121.96561481977317,756.865357605074,0.1973995016188634,419.29519333992846,1,thrust,0.7711061249225929,False,2.172686543743546,False,0.218201691623643,False,13.508877822514323,True,1,WARNING,1,14.29176080020078,35.24357799283081,4.270180096191279,93.29137091087048,73.51036894957399,WARNING,Thrust,1,Elevated telemetry deviation primarily associated with Thrust.
89.3,steady,120.22678012058584,753.8752267425451,0.2137651743858514,425.4813074041997,1,thrust,0.2212194276595815,False,1.5119495063399884,False,1.40400319915646,False,12.451912522611789,True,1,WARNING,1,4.3279401294320845,26.095014776855585,24.482112693835113,91.71217407974976,72.4419217988262,WARNING,Thrust,1,Elevated telemetry deviation primarily associated with Thrust.
89.4,steady,120.83452722748532,750.4056271537256,0.2015365934082804,417.6339665644557,1,thrust,0.1256122659833552,False,0.7452630104338026,False,0.1918768080476906,False,13.79271660057451,True,1,WARNING,1,2.4809510476157204,13.847620424242269,3.764835677493772,93.66159686119633,70.83360081070057,WARNING,Thrust,1,Elevated telemetry deviation primarily associated with Thrust.
89.5,steady,118.50415214241482,755.8880416178619,0.2001697655624248,424.8423286003284,1,thrust,1.2042960600335475,False,1.9567264738717056,False,0.0563935408474596,False,12.561089045393016,True,1,WARNING,1,21.404772875748034,32.38533541768104,1.1215341993781824,91.89117984794579,72.57451385598065,WARNING,Thrust,1,Elevated telemetry deviation primarily associated with Thrust.
89.6,steady,119.2023179125388,750.7182172984589,0.2080565788774137,411.6986931661685,1,thrust,0.8058638606093967,False,0.814336872297463,False,0.8381534669075767,False,14.806823027039703,True,1,WARNING,1,14.885499572542294,15.029612662254898,15.433391289433695,94.8251746976576,73.90156039789268,WARNING,Thrust,1,Elevated telemetry deviation primarily associated with Thrust.
89.7,steady,120.89010013924177,752.7416672160781,0.2122080975039418,421.2859908649009,1,thrust,0.1573268506952234,False,1.261463892942802,False,1.2496619894110512,False,13.168728274483705,True,1,WARNING,1,3.097548694314445,22.298278923924432,22.11465665667053,92.81910138090683,72.61125464247337,WARNING,Thrust,1,Elevated telemetry deviation primarily associated with Thrust.
89.8,steady,120.521645844545,748.520985196714,0.2100633722050244,399.80007980586674,1,thrust,0.0529442071328273,False,0.3288087478972407,False,1.0370716536014766,False,16.839831359594143,True,1,WARNING,1,1.0532976998911536,6.364607556524082,18.731713925374006,96.55403523184958,73.49669266189562,WARNING,Thrust,1,Elevated telemetry deviation primarily associated with Thrust.
89.9,steady,119.91301030969396,752.0131115844331,0.2050931749105992,405.2128815657859,1,thrust,0.4002829126029256,False,1.1004730494752777,False,0.5444137302790549,False,15.914994931418793,True,1,WARNING,1,7.693588438534782,19.755712466520425,10.31644311588542,95.85388728659409,73.99674447569545,WARNING,Thrust,1,Elevated telemetry deviation primarily associated with Thrust.
90.0,steady,119.10873900576524,747.5351766172132,0.1945663082319791,405.4838660736772,1,thrust,0.8592678675673366,False,0.1109720476949276,False,0.4990346420416934,False,15.868694262100954,True,1,WARNING,1,15.789752975268067,2.1949925696772787,9.4987866697811,95.8153154131267,73.0686041859695,WARNING,Thrust,1,Elevated telemetry deviation primarily associated with Thrust.
90.1,steady,121.75608387586978,752.7252524825753,0.1861266660643674,417.7875326003887,1,thrust,0.651530118192815,False,1.257836686347835,False,1.3355922951037862,False,13.766478162430886,True,1,WARNING,1,12.21732459253847,22.241890434101663,23.441762404493538,93.62824747440858,74.11716803760052,WARNING,Thrust,1,Elevated telemetry deviation primarily associated with Thrust.
90.2,steady,120.90665116273316,754.0059322322525,0.2152280531014332,410.7822694809464,1,thrust,0.1667722588985267,False,1.5408318402618448,False,1.5490072598402205,False,14.963404044658338,True,1,WARNING,1,3.2804325403660073,26.52069382509946,26.640740486832758,94.98471937460153,74.98989388834472,WARNING,Thrust,1,Elevated telemetry deviation primarily associated with Thrust.
90.3,steady,119.4609852134806,755.211680327976,0.187569735142364,399.33236704419545,1,thrust,0.6582465094822472,False,1.8072691506173977,False,1.1925518133961432,False,16.91974520442015,True,1,WARNING,1,12.335161989906707,30.3337239833403,21.219947550928953,96.60867349215359,76.83916963382867,CRITICAL,Thrust,1,Critical telemetry deviation primarily associated with Thrust.
90.4,steady,119.79119308213676,753.9137740152368,0.1972562233951201,396.8181617500983,1,thrust,0.4698020840953195,False,1.5204673980073498,False,0.2324037741538218,False,17.349324698927095,True,1,WARNING,1,8.96812051588145,26.220810526537043,4.541706849673988,96.88787663822812,74.93123983625134,WARNING,Thrust,1,Elevated telemetry deviation primarily associated with Thrust.
90.5,steady,118.9504710025405,755.1759994513012,0.1915289562492741,403.0931495049852,1,thrust,0.9495889221388134,False,1.7993846539749685,False,0.8001042840611523,False,16.277174356188446,True,1,WARNING,1,17.297287434327313,30.223780617443797,14.787398385144568,96.14359533783204,76.35789237488126,CRITICAL,Thrust,1,Critical telemetry deviation primarily associated with Thrust.
90.6,steady,118.89235685224853,759.294238756211,0.2015039496001036,403.2727691806117,1,thrust,0.9827537516239138,False,2.7094027644678587,False,0.1886410751797504,False,16.24648436852503,True,1,WARNING,1,17.84403641811131,41.834660674533154,3.7025372647157995,96.1198519416213,76.43424881321474,CRITICAL,Thrust,1,Critical telemetry deviation primarily associated with Thrust.
90.7,steady,118.5745537677179,749.8776045872946,0.1974945244868339,410.5195565243764,1,thrust,1.1641189622540915,False,0.6285844828824126,False,0.2087827961494138,False,15.008291428894116,True,1,WARNING,1,20.77068307373695,11.813552970226727,4.089676301443923,95.02954244023819,73.29325487989883,WARNING,Thrust,1,Elevated telemetry deviation primarily associated with Thrust.
90.8,steady,119.78218055774587,751.9845588719122,0.1965486146430065,397.28287092699264,1,thrust,0.4749453896956294,False,1.0941636819096974,False,0.3025436574804014,False,17.269924049436895,True,1,WARNING,1,9.061713325098065,19.654390411138877,5.871444984856733,96.83806122422219,74.44448066595956,WARNING,Thrust,1,Elevated telemetry deviation primarily associated with Thrust.
90.9,steady,119.787004857583,750.0766495410834,0.2078729857268603,396.71684533873497,1,thrust,0.4721922378267745,False,0.6725679669247407,False,0.819955271759609,False,17.366635716798584,True,1,WARNING,1,9.01162615382276,12.58590037392513,15.125038553839609,96.89863281207873,74.67596614354697,WARNING,Thrust,1,Elevated telemetry deviation primarily associated with Thrust.
91.0,steady,119.58358734556184,757.6538346676293,0.1854978347945758,398.6017585458047,1,thrust,0.5882794053508823,False,2.3469183825242936,False,1.397923564698097,False,17.044577663471138,True,1,WARNING,1,11.099807762604975,37.461240940544016,24.390232615448404,96.69229480861652,77.69380453673196,CRITICAL,Thrust,1,Critical telemetry deviation primarily associated with Thrust.
91.1,steady,121.58179812956534,751.9160577407016,0.1949841035052323,397.41499046533386,1,thrust,0.5520679901425897,False,1.079026807780847,False,0.4576217685676944,False,17.24734998015609,True,1,WARNING,1,10.453630332408714,19.41078557979461,8.746090783424965,96.82375338491309,74.78593745724088,WARNING,Thrust,1,Elevated telemetry deviation primarily associated with Thrust.
91.2,steady,121.1900998734115,754.7071126196482,0.2089321541745928,398.9231463410506,1,thrust,0.3285319699188151,False,1.69577350440745,False,0.9249425986196116,False,16.989665040804024,True,1,WARNING,1,6.359424170134764,28.76277640484739,16.88861747864777,96.65576764209712,75.83457521573925,CRITICAL,Thrust,1,Critical telemetry deviation primarily associated with Thrust.
91.3,steady,121.37198841456237,753.1412710254567,0.1950256844996592,397.6818478160717,1,thrust,0.4323328931407052,False,1.3497653918680703,False,0.4535001602792222,False,17.20175448081299,True,1,WARNING,1,8.283379877485286,23.658468581536663,8.670837197389336,96.79465640733744,74.93966909534736,WARNING,Thrust,1,Elevated telemetry deviation primarily associated with Thrust.
91.4,steady,120.82616132416642,749.6920450773141,0.2195507446889191,394.1850963110585,1,thrust,0.1208379768357668,False,0.5875809126296737,False,1.977482858392972,False,17.79921275021791,True,1,WARNING,1,2.387789749377245,11.087387667652205,32.665440813363624,97.1556697241579,75.68961051672585,CRITICAL,Thrust,1,Critical telemetry deviation primarily associated with Thrust.
91.5,steady,120.11191271826812,758.3135696823178,0.1917849610226497,398.9821565637832,1,thrust,0.2867724434418706,False,2.492701754262084,False,0.7747284745025841,False,16.979582498335546,True,1,WARNING,1,5.574071920328604,39.25833718827225,14.353831354214853,96.649017165233,76.45744619985572,CRITICAL,Thrust,1,Critical telemetry deviation primarily associated with Thrust.
91.6,steady,121.04106087917272,752.8395164731954,0.2014668822293393,385.0123241390536,1,thrust,0.2434777652934934,False,1.283085899213513,False,0.1849668681368557,False,19.366481279215357,True,1,WARNING,1,4.752893753666132,22.633566861702835,3.631747895262316,97.92102719050364,74.93085079767667,WARNING,Thrust,1,Elevated telemetry deviation primarily associated with Thrust.
91.7,steady,119.9286184376852,754.4437470571642,0.198513868145699,386.2841719388059,1,thrust,0.3913755999981553,False,1.6375769272306662,False,0.1077429982541422,False,19.149172161224826,True,1,WARNING,1,7.529001466661245,27.928779728853247,2.1318087285888354,97.82867896602531,75.4377398558027,CRITICAL,Thrust,1,Critical telemetry deviation primarily associated with Thrust.
91.8,steady,120.53671847475243,753.8584673800751,0.20482436284159,396.90136715545634,1,thrust,0.0443424946719231,False,1.50824614618075,False,0.5177684307392126,False,17.335108144671214,True,1,WARNING,1,0.8829289792066319,26.040255144325954,9.837238347102438,96.87901531232123,74.66481075901747,WARNING,Thrust,1,Elevated telemetry deviation primarily associated with Thrust.
91.9,steady,121.62463396799824,751.5596420301964,0.185500507714272,397.5037831513668,1,thrust,0.5765137278904664,False,1.0002686960224492,False,1.3976586184618132,False,17.232178777839597,True,1,WARNING,1,10.890367240678977,18.131324367919397,24.386226004636736,96.81410125287267,76.07359246515166,CRITICAL,Thrust,1,Critical telemetry deviation primarily associated with Thrust.
92.0,steady,120.42440629844069,748.7821412494188,0.203863627838634,379.9414347366948,1,thrust,0.1084372832520849,False,0.3865170839191076,False,0.422538063938611,False,20.23289823859422,True,1,WARNING,1,2.1453974685162747,7.439103429985138,8.103534053267413,98.25179326748528,74.00840059305017,WARNING,Thrust,1,Elevated telemetry deviation primarily associated with Thrust.
92.1,steady,120.03452597009938,754.8158642662971,0.1992117285454675,392.4341916403771,1,thrust,0.3309358407302775,False,1.7198046402082356,False,0.0385693950845978,False,18.09837397827159,True,1,WARNING,1,6.4044333190510505,29.104337216779854,0.7684203405891932,97.32086122481846,74.94838935499037,WARNING,Thrust,1,Elevated telemetry deviation primarily associated with Thrust.
92.2,steady,120.36566201508796,753.7416552196685,0.1993796668350344,388.4856760232038,1,thrust,0.1419617197418097,False,1.4824338575725768,False,0.0219229474521967,False,18.773021091162654,True,1,WARNING,1,2.799306905800658,25.65745384080148,0.437499121123508,97.65902860860847,74.55178133727475,WARNING,Thrust,1,Elevated telemetry deviation primarily associated with Thrust.
92.3,steady,119.59418115383282,748.1886673878286,0.2072397017279317,390.4823894464431,1,thrust,0.5822336859668801,False,0.2553756124880001,False,0.7571826369317276,False,18.43186074715885,True,1,WARNING,1,10.992249625988027,4.979271409339026,14.052756649662745,97.49372387350185,74.52874565414422,WARNING,Thrust,1,Elevated telemetry deviation primarily associated with Thrust.
92.4,steady,121.14560297045796,752.5008598884342,0.1955748779378955,381.8357620096503,1,thrust,0.3031382888333135,False,1.208252067919891,False,0.3990627843047785,False,19.909231689065635,True,1,WARNING,1,5.882638677234764,21.466932949597616,7.671060556986687,98.13488288350018,75.43878144266556,CRITICAL,Thrust,1,Critical telemetry deviation primarily associated with Thrust.
92.5,steady,118.70060159316972,752.6782978065951,0.2057772383820049,382.3597164077339,1,thrust,1.0921854552325687,False,1.2474609887861563,False,0.6122197486883171,False,19.819708345048383,True,1,WARNING,1,19.622595756194393,22.08036397152837,11.524450566871746,98.1011878300137,77.00702442541213,CRITICAL,Thrust,1,Critical telemetry deviation primarily associated with Thrust.
92.6,steady,122.22582352869496,752.065025316761,0.2024768528770931,386.6625197945156,1,thrust,0.9196031332858344,False,1.1119445626885394,False,0.285077590601954,False,19.08452728875353,True,1,WARNING,1,16.799816002683578,19.939606112961428,5.542058884423129,97.80042374986392,75.8274421030306,CRITICAL,Thrust,1,Critical telemetry deviation primarily associated with Thrust.
92.7,steady,119.82157750074062,752.4635086740437,0.2000123106311146,384.42093542279866,1,thrust,0.4524621753650336,False,1.1999984723836368,False,0.0407862289278375,False,19.46752651461533,True,1,WARNING,1,8.651875570626267,21.337189860029138,0.8124065736730635,97.96261956324255,74.94256072827012,WARNING,Thrust,1,Elevated telemetry deviation primarily associated with Thrust.
92.8,steady,118.17591516465284,749.861571790446,0.2128830125241596,387.4024523183135,1,thrust,1.39161572905545,False,0.6250416738288587,False,1.3165611913104525,False,18.958101717902725,True,1,WARNING,1,24.29478562458628,11.751045278972915,23.14980958533782,97.7440981140774,77.26589090191058,CRITICAL,Thrust,1,Critical telemetry deviation primarily associated with Thrust.
92.9,steady,119.70430244714778,753.7463020160243,0.1894183040127157,391.5573355105415,1,thrust,0.5193891997768444,False,1.4834606723170531,False,1.009317215886817,False,18.248194445953544,True,1,WARNING,1,9.866460213143869,25.672719477757354,18.27934845517669,97.39994838488582,76.5415831466351,CRITICAL,Thrust,1,Critical telemetry deviation primarily associated with Thrust.
93.0,steady,120.10390021251872,750.5296381577847,0.2218125429543683,386.04860018272063,1,thrust,0.2913450541673461,False,0.7726660463524821,False,2.2016777485395456,False,19.1894221742754,True,1,WARNING,1,5.660387048064919,14.318496253272484,35.61796488966993,97.84608794085773,77.02621407309572,CRITICAL,Thrust,1,Critical telemetry deviation primarily associated with Thrust.
93.1,steady,119.93116219726522,751.4763058154062,0.2088023052648866,385.0541495801333,1,thrust,0.3899239165045716,False,0.9818536746737476,False,0.9120716620325906,False,19.35933494479361,True,1,WARNING,1,7.502149844402972,17.82924574904947,16.674397609086622,97.91805365903473,75.89007147876029,CRITICAL,Thrust,1,Critical telemetry deviation primarily associated with Thrust.
93.2,steady,121.36774715825362,750.8054662209319,0.2049455093444452,379.6150672696414,1,thrust,0.4299124750226487,False,0.8336164948965599,False,0.5297767638050561,False,20.288661692696195,True,1,WARNING,1,8.238970615640028,15.3566211969678,10.05351942004018,98.27118215655112,75.41929407331315,CRITICAL,Thrust,1,Critical telemetry deviation primarily associated with Thrust.
93.3,steady,120.15199572911652,749.1081887368241,0.1999758174334072,383.1799504863669,1,thrust,0.263897701002068,False,0.4585646499907935,False,0.0371689353008641,False,19.67956237458853,True,1,WARNING,1,5.141088480169365,8.763297484143218,0.7406224804745398,98.0472127498408,73.59125764192646,WARNING,Thrust,1,Elevated telemetry deviation primarily associated with Thrust.
93.4,steady,118.954367686871,750.6813511941241,0.2059039365672414,376.4716097053951,1,thrust,0.9473651458170572,False,0.8061904727990276,False,0.624778377879425,False,20.82575582523316,True,1,WARNING,1,17.260496786726954,14.891059277624352,11.746398038150064,98.44726324725468,76.4459276288192,CRITICAL,Thrust,1,Critical telemetry deviation primarily associated with Thrust.
93.5,steady,121.17247726611136,751.7156960322619,0.2043577072971503,370.2445158608802,1,thrust,0.3184750257278444,False,1.034752357019321,False,0.4715124095369108,False,21.88972296914716,True,1,WARNING,1,6.170887013906179,18.694008129331596,8.999254018631209,98.74488702034837,75.78746722917046,CRITICAL,Thrust,1,Critical telemetry deviation primarily associated with Thrust.
93.6,steady,118.68044524334576,753.9704109446443,0.2095437797400338,376.123089423135,1,thrust,1.1036883663410555,False,1.532982608432865,False,0.9855683973699032,False,20.885304330293668,True,1,WARNING,1,19.807298040563857,26.40525201409393,17.890271390064328,98.46564619275068,78.22741094356681,CRITICAL,Thrust,1,Critical telemetry deviation primarily associated with Thrust.
93.7,steady,122.04208237483223,751.6780319880027,0.1975058495196699,375.56475175038366,1,thrust,0.8147449531930788,False,1.0264296346487514,False,0.2076602316257086,False,20.98070243314065,True,1,WARNING,1,15.036547337613326,18.558557989734638,4.068140778664775,98.4946435720559,75.93533366866734,CRITICAL,Thrust,1,Critical telemetry deviation primarily associated with Thrust.
93.8,steady,120.3691564213494,753.0844502093169,0.2041294464071702,369.6048375173871,1,thrust,0.1399675171727275,False,1.337209547510358,False,0.4488866405036661,False,21.9990190159298,True,1,WARNING,1,2.7605315993560975,23.466521198954528,8.58652852766445,98.77202510856452,75.89055688358914,CRITICAL,Thrust,1,Critical telemetry deviation primarily associated with Thrust.
93.9,steady,118.83679782072,753.609582799291,0.2102904284350926,363.1719963776613,1,thrust,1.0144604151085153,False,1.453249469405333,False,1.0595780138436104,False,23.098140337301142,True,1,WARNING,1,18.363366353973642,25.22225663505858,19.096702517165852,99.01435386817779,78.50778945957346,CRITICAL,Thrust,1,Critical telemetry deviation primarily associated with Thrust.
94.0,steady,120.46978854632596,753.5456939735101,0.1962400809317723,370.4934696513378,1,thrust,0.0825383497702417,False,1.4391317884707922,False,0.3331262618414162,False,21.847186489046884,True,1,WARNING,1,1.6372165018555207,25.010820612532193,6.445427080068866,98.73416385479324,75.71212395992495,CRITICAL,Thrust,1,Critical telemetry deviation primarily associated with Thrust.
94.1,steady,121.81405659657004,753.0253591941275,0.2061646810787181,371.1145169494605,1,thrust,0.6846142360393634,False,1.3241520513309628,False,0.6506240016911629,False,21.74107376029764,True,1,WARNING,1,12.796249633500123,23.26639287380071,12.201414884827965,98.70701249789808,77.01952673901111,CRITICAL,Thrust,1,Critical telemetry deviation primarily associated with Thrust.
94.2,steady,121.9438348815252,749.4334651418318,0.1899358713540186,367.6579178145231,1,thrust,0.7586766574940826,False,0.5304418279683116,False,0.9580146947913682,False,22.331671557774943,True,1,WARNING,1,14.078434202961066,10.065482660559233,17.43653692368621,98.8510644851645,76.54094976418938,CRITICAL,Thrust,1,Critical telemetry deviation primarily associated with Thrust.
94.3,steady,120.69711028712456,751.8860838469033,0.1908397943907444,369.2352999255515,1,thrust,0.047190584301146,False,1.0724033980712746,False,0.8684156668783073,False,22.06215855838274,True,1,WARNING,1,0.9393717626805187,19.30395976324537,15.943679811093226,98.78743436501412,76.02209633618709,CRITICAL,Thrust,1,Critical telemetry deviation primarily associated with Thrust.
94.4,steady,121.06531313774894,754.1410062965693,0.1941512508952571,374.0335769475474,1,thrust,0.2573181469607485,False,1.5706795095412132,False,0.5401761246541753,False,21.24232040815187,True,1,WARNING,1,5.016180447349516,26.958024402471715,10.240402188268527,98.57138405585076,76.39017385702279,CRITICAL,Thrust,1,Critical telemetry deviation primarily associated with Thrust.
94.5,steady,119.3044331087909,747.9018316994677,0.1852825563416335,368.0470707896453,1,thrust,0.7475883278084572,False,0.1919927802099293,False,1.4192624833123704,False,22.26518051238125,True,1,WARNING,1,13.887677434013279,3.767067771625565,24.71223115118686,98.8356836584097,76.59842712929941,CRITICAL,Thrust,1,Critical telemetry deviation primarily associated with Thrust.
94.6,steady,121.21981397770747,749.6497825713817,0.2029984228433712,365.4345906298656,1,thrust,0.3454893408401397,False,0.5782420561558782,False,0.3367768615226716,False,22.711551343387946,True,1,WARNING,1,6.676465842451007,10.921164057075183,6.513708209145108,98.93512234214361,75.07439481183965,CRITICAL,Thrust,1,Critical telemetry deviation primarily associated with Thrust.
94.7,steady,119.9845833709937,747.6647439700238,0.2046165732472937,361.4798991782204,1,thrust,0.3594372947661862,False,0.139602884529899,False,0.4971718258259949,False,23.38725366519804,True,1,WARNING,1,6.936437537469997,2.753440003906482,9.465062962517923,99.0697301252719,74.73998326147878,WARNING,Thrust,1,Elevated telemetry deviation primarily associated with Thrust.
94.8,steady,118.71976353863664,756.2978763185312,0.2189994579202023,361.9060635017423,1,thrust,1.0812500350152834,False,2.0472887196044534,False,1.92283798646087,False,23.31443882581112,True,1,WARNING,1,19.446611241605815,33.59897838930943,31.9255071475963,99.05608350852869,80.48883255565966,CRITICAL,Thrust,1,Critical telemetry deviation primarily associated with Thrust.
94.9,steady,119.49765111096475,753.6435821080315,0.2015086225872027,372.26659694687385,1,thrust,0.6373218597735134,False,1.4607623855831728,False,0.1891042729128749,False,21.544228282292192,True,1,WARNING,1,11.967522047337443,25.334532045933067,3.711457804800955,98.65509345209325,76.34681371200003,CRITICAL,Thrust,1,Critical telemetry deviation primarily associated with Thrust.
95.0,steady,121.76401727811115,753.3010445458384,0.1898290606102275,358.0246652730337,1,thrust,0.6560575857932207,False,1.3850709645556991,False,0.968602032900394,False,23.977618198228896,True,1,WARNING,1,12.296775259834526,24.195626181325792,17.611177420443227,99.17333310613759,77.87439631616678,CRITICAL,Thrust,1,Critical telemetry deviation primarily associated with Thrust.
95.1,steady,120.23114455569802,751.1199245140457,0.1927000346428712,356.3818884882889,1,thrust,0.2187287133401427,False,0.903103166394037,False,0.6840241739044746,False,24.25830459342314,True,1,WARNING,1,4.280269903228384,16.524802424494432,12.785957900013523,99.21846139574114,76.11283042428602,CRITICAL,Thrust,1,Critical telemetry deviation primarily associated with Thrust.
95.2,steady,120.24013324970608,755.2866291922991,0.1964139319961217,356.8753687948124,1,thrust,0.2135990073636619,False,1.8238307971962155,False,0.3158937257354892,False,24.173988081512515,True,1,WARNING,1,4.182016696531388,30.564099880659967,6.122434290154044,99.20517032321146,76.73981131426117,CRITICAL,Thrust,1,Critical telemetry deviation primarily associated with Thrust.
95.3,steady,121.02048969888824,750.9527225187427,0.2030804626683259,349.16160538747164,1,thrust,0.2317381169804006,False,0.8661561041738118,False,0.344908846511932,False,25.491968993036107,True,1,WARNING,1,4.528997504166443,15.905685121366265,6.665630457021843,99.38934529630009,75.67091955074484,CRITICAL,Thrust,1,Critical telemetry deviation primarily associated with Thrust.
95.4,steady,120.5198663620356,751.1828338725433,0.2109164276201232,350.15500232576164,1,thrust,0.0539597297499465,False,0.9170044118811606,False,1.121628560377169,False,25.32223625259631,True,1,WARNING,1,1.0733921819969905,16.756561943326965,20.09451698275646,99.3682598121494,76.60248283341723,CRITICAL,Thrust,1,Critical telemetry deviation primarily associated with Thrust.
95.5,steady,122.95178619041651,746.657585718875,0.2241335214352835,353.840664411392,1,thrust,1.33389858056645,False,0.0829515084566948,False,2.431738724140303,False,24.692500542713848,True,1,WARNING,1,23.4158244515991,1.6453440537392172,38.51320470182748,99.28346624549235,78.78431401167762,CRITICAL,Thrust,1,Critical telemetry deviation primarily associated with Thrust.
95.6,steady,119.26469703384087,750.8730905246325,0.193679920718176,362.4868954981922,1,thrust,0.7702650794000041,False,0.8485596141571863,False,0.5868955066997151,False,23.21519732154168,True,1,WARNING,1,14.277342681439764,15.609210782145356,11.075198585876267,99.03716120343019,76.62405969185764,CRITICAL,Thrust,1,Critical telemetry deviation primarily associated with Thrust.
95.7,steady,119.65483644357036,755.4749483229648,0.1803879935619041,347.1183628338247,1,thrust,0.5476186682576254,False,1.865444168049572,False,1.9044233314214316,False,25.841079348269027,True,1,WARNING,1,10.373910743401849,31.13959410575108,31.6743312391652,99.43052801163266,79.73395006630693,CRITICAL,Thrust,1,Critical telemetry deviation primarily associated with Thrust.
95.8,steady,119.1978608806,750.2300378470143,0.1936019025761398,348.31708957967226,1,thrust,0.8084074184781302,False,0.7064625820745978,False,0.5946288527944749,False,25.6362637627072,True,1,WARNING,1,14.928787292587787,13.176469852929419,11.212629531521523,99.40671629229018,76.7527683498049,CRITICAL,Thrust,1,Critical telemetry deviation primarily associated with Thrust.
95.9,steady,119.86980855794664,752.0522088163865,0.1921643538052307,357.89459713144674,1,thrust,0.4249374713112444,False,1.109112467079136,False,0.7371221483715227,False,23.999841763920035,True,1,WARNING,1,8.14762288529678,19.89424552962037,13.707235241921879,99.17699924982763,76.7960835167213,CRITICAL,Thrust,1,Critical telemetry deviation primarily associated with Thrust.
96.0,steady,119.5236631034224,749.1287436158143,0.1957155670469199,347.18123658369507,1,thrust,0.6224772257198251,False,0.4631067153627033,False,0.3851173410597416,False,25.830336679899624,True,1,WARNING,1,11.705771696778445,8.846140464052155,7.413187511786168,99.42930316655004,75.77605730668462,CRITICAL,Thrust,1,Critical telemetry deviation primarily associated with Thrust.
96.1,steady,121.12729206645608,750.2061298720585,0.202624441101244,349.7349892088249,1,thrust,0.2926885445646742,False,0.701179574317116,False,0.2997068907503767,False,25.39400009100822,True,1,WARNING,1,5.685732515590924,13.084683494004246,5.818025681837058,99.37726227264604,75.44221957407677,CRITICAL,Thrust,1,Critical telemetry deviation primarily associated with Thrust.
96.2,steady,121.63573993615792,756.6387462694737,0.206972897272711,349.2292576350575,1,thrust,0.582851728849481,False,2.122611644212236,False,0.7307363369046372,False,25.4804098660275,True,1,WARNING,1,11.003251067360754,34.59178533030003,13.596954968668495,99.38793193615294,78.4778990474666,CRITICAL,Thrust,1,Critical telemetry deviation primarily associated with Thrust.
96.3,steady,120.7577579559024,750.2618260945503,0.2149531590537883,341.8280135350726,1,thrust,0.0818012528488377,False,0.713486914275046,False,1.5217590999335044,False,26.744993433112757,True,1,WARNING,1,1.6227148519901924,13.298359677134119,26.239868208977136,99.52470922323643,77.00105554172075,CRITICAL,Thrust,1,Critical telemetry deviation primarily associated with Thrust.
96.4,steady,122.31309872782911,754.267593613591,0.1963124911509994,344.1560014592869,1,thrust,0.9694097136629086,False,1.5986518400735965,False,0.3259487865585417,False,26.347231214550018,True,1,WARNING,1,17.624485118985824,27.365514352143215,6.311033515551712,99.48535403273648,77.85928898547773,CRITICAL,Thrust,1,Critical telemetry deviation primarily associated with Thrust.
96.5,steady,119.82475929616578,753.2690643488955,0.2009883088779851,351.30815966713834,1,thrust,0.4506463748723504,False,1.3780042167927795,False,0.1375295252168739,False,25.12520669858232,True,1,WARNING,1,8.618695552292655,24.08841235604641,2.713106229678286,99.34286851669776,76.36463426814113,CRITICAL,Thrust,1,Critical telemetry deviation primarily associated with Thrust.
96.6,steady,122.33961435098506,754.8100838434012,0.1961186854104807,345.17615001897315,1,thrust,0.9845417618171012,False,1.7185273250421884,False,0.3451592782142778,False,26.17292766677654,True,1,WARNING,1,17.873410305780336,29.08622368215311,6.67030511696296,99.46709672675178,78.04960350765788,CRITICAL,Thrust,1,Critical telemetry deviation primarily associated with Thrust.
96.7,steady,119.97691459175276,755.8457410385411,0.1956320347866477,341.5211592312967,1,thrust,0.3638137461916481,False,1.947379204221695,False,0.3933972598312326,False,26.79742284968141,True,1,WARNING,1,7.017859530451465,32.258814691765366,7.566382889591717,99.52966702795344,77.50189693039891,CRITICAL,Thrust,1,Critical telemetry deviation primarily associated with Thrust.
96.8,steady,119.44141850436404,755.2102398550104,0.1999878437802587,340.9605509049337,1,thrust,0.6694129219338621,False,1.8069508455386307,False,0.038361015758446,False,26.89320891855208,True,1,WARNING,1,12.530723883893613,30.32928881627319,0.7642846924709623,99.53859153991344,77.22683728254198,CRITICAL,Thrust,1,Critical telemetry deviation primarily associated with Thrust.
96.9,steady,120.69499913909256,755.4466534678702,0.1966523796369881,338.0600688920424,1,thrust,0.0459857853985151,False,1.859191779913904,False,0.2922582214262077,False,27.388788018576115,True,1,WARNING,1,0.9154992594006095,31.053431848024804,5.677615043965134,99.58213105224257,76.73589443927557,CRITICAL,Thrust,1,Critical telemetry deviation primarily associated with Thrust.
97.0,steady,118.6127741077199,751.3813261835181,0.2107789010768268,349.2843658339266,1,thrust,1.1423072167039896,False,0.9608657769954626,False,1.1079965982620836,False,25.470994027046903,True,1,WARNING,1,20.424302165637865,17.483602547671694,19.876366031881197,99.38677822330958,78.35387262989501,CRITICAL,Thrust,1,Critical telemetry deviation primarily associated with Thrust.
97.1,steady,119.59555057769325,753.6877113349382,0.2053539899434352,340.4325856272946,1,thrust,0.5814521773567459,False,1.4705137362730714,False,0.5702663443377323,False,26.983417565243705,True,1,WARNING,1,10.978336474034355,25.48000797363291,10.778957242256016,99.54684150090141,77.54905950478307,CRITICAL,Thrust,1,Critical telemetry deviation primarily associated with Thrust.
97.2,steady,120.42175994947844,754.9045827913827,0.2051266326828388,332.0858833557284,1,thrust,0.1099475128889283,False,1.739409004740393,False,0.5477301452248037,False,28.40954300974801,True,1,WARNING,1,2.1749495894116344,29.381765863523068,10.375908970048208,99.65929504674689,77.16783473398684,CRITICAL,Thrust,1,Critical telemetry deviation primarily associated with Thrust.
97.3,steady,119.3091188777426,750.8826932457589,0.1833485674002007,336.7332026794513,1,thrust,0.7449142333321715,False,0.8506815525604753,False,1.610964123946134,False,27.61549763462117,True,1,WARNING,1,13.841610619187051,15.645017594927868,27.544153597412002,99.60065490691005,78.44567640235476,CRITICAL,Thrust,1,Critical telemetry deviation primarily associated with Thrust.
97.4,steady,119.17364870925188,756.2869497640236,0.1945515802818852,329.7342478310163,1,thrust,0.8222249229962262,False,2.0448742502764223,False,0.5004945119177219,False,28.8113456796979,True,1,WARNING,1,15.1635571230472,33.566906000146886,9.525206811613451,99.6856030595764,78.61550337573324,CRITICAL,Thrust,1,Critical telemetry deviation primarily associated with Thrust.
97.5,steady,121.25835748376156,754.4238206679872,0.1966531949855719,332.14663903907973,1,thrust,0.3674855121619151,False,1.6331737408966138,False,0.2921774021113412,False,28.39916223622734,True,1,WARNING,1,7.086116196977244,27.865283171804332,5.676090417537494,99.6585869557566,77.05311323617343,CRITICAL,Thrust,1,Critical telemetry deviation primarily associated with Thrust.
97.6,steady,121.62149997271096,755.1333797746404,0.1993693440958206,333.7386320929777,1,thrust,0.5747252061829775,False,1.7899668725511306,False,0.0229461622186966,False,28.127152797317287,True,1,WARNING,1,10.858486636596377,30.0922293276621,0.4578718007075322,99.6394989369626,77.10738189544443,CRITICAL,Thrust,1,Critical telemetry deviation primarily associated with Thrust.
97.7,steady,120.5819348585748,750.6076680313467,0.2133102162447051,327.09736695322334,1,thrust,0.0185382171961713,False,0.7899085116012321,False,1.3589066527342122,False,29.26188564046276,True,1,WARNING,1,0.37007786160242473,14.613459441871267,23.797912643963915,99.712693860077,76.93148859220757,CRITICAL,Thrust,1,Critical telemetry deviation primarily associated with Thrust.
97.8,steady,118.82607933106426,749.65258858436,0.2004191983523049,324.54584571501914,1,thrust,1.0205772881933688,False,0.5788621081828507,False,0.0811179195775919,False,29.697840972473585,True,1,WARNING,1,18.46317747374743,10.932210074707815,1.6092690387986774,99.73668335786793,76.26871142781232,CRITICAL,Thrust,1,Critical telemetry deviation primarily associated with Thrust.
97.9,steady,120.51541924961148,751.7268343268595,0.188941358872329,329.45380857700343,1,thrust,0.0564976267080182,False,1.0372136151088425,False,1.05659316661521,False,28.859261795880457,True,1,WARNING,1,1.1235925479943232,18.734021286296652,19.048391301788836,99.68860160482869,76.92461913296815,CRITICAL,Thrust,1,Critical telemetry deviation primarily associated with Thrust.
98.0,steady,120.18175560294604,753.6569882250117,0.1896292758224773,323.7898541471604,1,thrust,0.2469142101294418,False,1.4637247703160798,False,0.9884051821143752,False,29.82701040678141,True,1,WARNING,1,4.818333548345565,25.378756512119548,17.936843702351236,99.74339873459132,77.77247577100754,CRITICAL,Thrust,1,Critical telemetry deviation primarily associated with Thrust.
98.1,steady,118.42519744580105,751.2685636822415,0.197092393609063,319.7543218695971,1,thrust,1.249354260783074,False,0.9359483521571678,False,0.2486429770256643,False,30.516525268567836,True,1,WARNING,1,22.109862999188156,17.0713569647303,4.85123724255383,99.77645328424356,77.43797430269595,CRITICAL,Thrust,1,Critical telemetry deviation primarily associated with Thrust.
98.2,steady,121.18458440742378,752.0427488251182,0.2120810918675706,327.4818062399374,1,thrust,0.3253843804230662,False,1.107022068065905,False,1.237072884923176,False,29.196199980328736,True,1,WARNING,1,6.300457193126774,19.86074792975353,21.918308230228178,99.70889458020523,77.74226717129835,CRITICAL,Thrust,1,Critical telemetry deviation primarily associated with Thrust.
98.3,steady,119.79765449863989,751.0825812012299,0.2007870614234808,320.2238873876113,1,thrust,0.466114655551981,False,0.894851316889409,False,0.1175813929523411,False,30.43629486004073,True,1,WARNING,1,8.900961044197386,16.38692372681093,2.324192570525163,99.77283730178821,75.99852427745299,CRITICAL,Thrust,1,Critical telemetry deviation primarily associated with Thrust.
98.4,steady,120.23364797963112,751.4573410120404,0.2018891098262535,322.89198667437006,1,thrust,0.2173000487644277,False,0.9776629724714024,False,0.2268190842045105,False,29.98042089239333,True,1,WARNING,1,4.252915717901673,17.760346247191862,4.435026288912214,99.75115224432149,75.88070000241261,CRITICAL,Thrust,1,Critical telemetry deviation primarily associated with Thrust.
98.5,steady,121.19074492131526,754.7243107632414,0.2011434185923057,320.2712032156789,1,thrust,0.3289000885892324,False,1.699573823179116,False,0.1529043735815509,False,30.42821043290537,True,1,WARNING,1,6.366318085208089,28.81690066491163,3.011801003553083,99.77246970863398,76.92426063856394,CRITICAL,Thrust,1,Critical telemetry deviation primarily associated with Thrust.
98.6,steady,118.15054247944376,750.8883698034302,0.1987157693371963,321.830413251291,1,thrust,1.406095520540149,False,0.8519359163561913,False,0.0877300660047603,False,30.161802331506102,True,1,WARNING,1,24.513707620792268,15.666177307802553,1.7392978269485604,99.76001774126576,77.24094157529355,CRITICAL,Thrust,1,Critical telemetry deviation primarily associated with Thrust.
98.7,steady,119.91338505826889,755.1165044987275,0.1929003435015698,314.49630188615583,1,thrust,0.4000690494985904,False,1.786237898695249,False,0.664169077516204,False,31.414915536020207,True,1,WARNING,1,7.689640166951106,30.040073031301006,12.438940707581148,99.81321796332398,78.00200546471184,CRITICAL,Thrust,1,Critical telemetry deviation primarily associated with Thrust.
98.8,steady,119.9592628387584,755.8417542506297,0.2039006112897891,307.20161621476683,1,thrust,0.3738873233708664,False,1.9464982332694505,False,0.426203952667778,False,32.66129242921167,True,1,WARNING,1,7.205003499888618,32.2468780369062,8.17088580360098,99.85442855760503,77.80963320351835,CRITICAL,Thrust,1,Critical telemetry deviation primarily associated with Thrust.
98.9,steady,121.10385857400418,751.3844977009794,0.1870623476507043,319.0185509825887,1,thrust,0.2793154198178939,False,0.9615665955040108,False,1.2428452832833865,False,30.642239778220677,True,1,WARNING,1,5.433139577589319,17.4951675408753,22.008399941603983,99.78200382662135,77.52118968988924,CRITICAL,Thrust,1,Critical telemetry deviation primarily associated with Thrust.
99.0,steady,118.7398818458446,754.365665002487,0.2054906758042787,308.193315189184,1,thrust,1.0697688342280671,False,1.620322931384443,False,0.5838149759838501,False,32.491849804485135,True,1,WARNING,1,19.261428785192123,27.67964681521258,11.02039458863847,99.84941081439236,78.71056911715564,CRITICAL,Thrust,1,Critical telemetry deviation primarily associated with Thrust.
99.1,steady,119.62285904517609,751.025754515021,0.2114457516651179,314.610579268085,1,thrust,0.5658676654432521,False,0.8822941754071958,False,1.1740964342509508,False,31.395389994459237,True,1,WARNING,1,10.700431762939221,16.176671575013913,20.928627091317054,99.8124871331833,77.79471067328383,CRITICAL,Thrust,1,Critical telemetry deviation primarily associated with Thrust.
99.2,steady,121.69173638699095,750.8305305808824,0.2016465209753775,310.9622081031747,1,thrust,0.6148080206358725,False,0.8391550320708578,False,0.2027730931876564,False,32.01875414235738,True,1,WARNING,1,11.570238471222915,15.450329386768502,3.974328483439249,99.83446632697655,76.3399723460204,CRITICAL,Thrust,1,Critical telemetry deviation primarily associated with Thrust.
99.3,steady,121.38850241144628,753.8486793993616,0.1918842111034786,319.8231014519329,1,thrust,0.4417571708427955,False,1.506083270481936,False,0.7648905675113257,False,30.5047735240776,True,1,WARNING,1,8.45608963946387,26.008255076640296,14.185149652886198,99.77592725353082,77.84157710676564,CRITICAL,Thrust,1,Critical telemetry deviation primarily associated with Thrust.
99.4,steady,121.1107321195204,753.2442747087608,0.2151220787201057,309.49295132343514,1,thrust,0.2832380438923834,False,1.3725263851747151,False,1.5385028239924226,False,32.26979274537968,True,1,WARNING,1,5.507300531899495,24.00520060337775,26.486458952451486,99.84257220386796,78.53380600802888,CRITICAL,Thrust,1,Critical telemetry deviation primarily associated with Thrust.
99.5,steady,120.65428616002544,754.8643018946775,0.2017682282418784,311.3271569803624,1,thrust,0.0227515300268391,False,1.7305080296404431,False,0.2148370104962988,False,31.956398632029227,True,1,WARNING,1,0.4539969047713588,29.255939670441254,4.205738352360299,99.83238901337337,76.59400845352549,CRITICAL,Thrust,1,Critical telemetry deviation primarily associated with Thrust.
99.6,steady,120.97065871614863,751.3967960083078,0.2173648968863808,306.5883414224894,1,thrust,0.2033003606451353,False,0.9642841846406782,False,1.7608163610075926,False,32.76607714026089,True,1,WARNING,1,3.984454191868858,17.53999820392208,29.68346947440139,99.85744754504557,78.12556072811293,CRITICAL,Thrust,1,Critical telemetry deviation primarily associated with Thrust.
99.7,steady,121.68522120848716,755.3762074346275,0.1963389952513092,294.0580480195795,1,thrust,0.6110899109662378,False,1.8436251356961249,False,0.3233216363178862,False,34.90701492234391,True,1,WARNING,1,11.504455705215689,30.838444018480804,6.261793582445052,99.907100108258,77.93439699412767,CRITICAL,Thrust,1,Critical telemetry deviation primarily associated with Thrust.
99.8,steady,120.06844424962368,754.2736941769716,0.1981940109488781,303.66028752352213,1,thrust,0.3115792132789626,False,1.5999998975198877,False,0.1394480137717886,False,33.2663671988176,True,1,WARNING,1,6.0413921441191505,27.385094804314193,2.7504278275628735,99.87102068725204,76.82035779974805,CRITICAL,Thrust,1,Critical telemetry deviation primarily associated with Thrust.
99.9,steady,119.9422462976369,753.5569815447459,0.2103147930924457,304.05504951301623,1,thrust,0.3835983951474581,False,1.4416260326094998,False,1.061993097346935,False,33.19891779192327,True,1,WARNING,1,7.385056366961706,25.04821954777986,19.135770724930946,99.86926898304583,78.16587745596765,CRITICAL,Thrust,1,Critical telemetry deviation primarily associated with Thrust.
100.0,shutdown,118.51967362741478,753.4379748003877,0.1911431461961232,300.1324079386822,1,thrust,1.6321574339969618,False,1.770342197696502,False,1.2595321605303305,False,0.0004697763147078,False,0,NORMAL,0,27.850619479490256,29.81730670002749,22.26825333753657,0.00939508492840968,26.376487132691356,NORMAL,Temperature,0,Telemetry remains within the expected prototype operating envelope.
100.1,shutdown,119.91365916252856,746.1911106748594,0.186309130210885,307.1898051889964,1,thrust,1.6921568010657757,False,1.7143865200271102,False,1.0636917628927156,False,0.0606914466049436,False,0,NORMAL,0,28.71122898299603,29.027471333185918,19.163238314873034,1.2064917456854563,25.702344024535634,NORMAL,Temperature,0,Telemetry remains within the expected prototype operating envelope.
100.2,shutdown,119.94637714064342,747.3088342616007,0.1992004154805568,290.29847688175494,1,thrust,1.6935650351752511,False,1.7230168709844105,False,1.5859561577523975,False,0.0856931565803485,False,0,NORMAL,0,28.73130441156674,29.1498692352566,27.180851137736383,1.6992600421070314,26.539027425250133,NORMAL,Temperature,0,Telemetry remains within the expected prototype operating envelope.
100.3,shutdown,118.7486265849874,741.6865792228872,0.2036326378433326,294.40185436162864,1,thrust,1.6420119354941882,False,1.679605391857439,False,1.765518698007748,False,0.0501322300987252,False,0,NORMAL,0,27.992678676920423,28.532049273904157,29.749568792045356,0.9976348782070432,26.973513731673716,NORMAL,Vibration,0,Telemetry remains within the expected prototype operating envelope.
100.4,shutdown,119.15456862050613,743.8636833644596,0.2093797678401285,297.40600123554765,1,thrust,1.6594843299948678,False,1.696415605970518,False,1.998352066222626,False,0.0240975192666326,False,0,NORMAL,0,28.2438675991313,28.771924123982163,32.94589889436862,0.4807908679770545,29.328551411317274,NORMAL,Vibration,0,Telemetry remains within the expected prototype operating envelope.
100.5,shutdown,117.9635554177518,743.9429195405828,0.2092309466563054,290.5921102192125,1,thrust,1.6082212167588852,False,1.6970274173490822,False,1.992322876433884,False,0.0831484544228948,False,0,NORMAL,0,27.504394760557982,28.78063922023062,32.86499374458577,1.6492180879903007,29.30717994265016,NORMAL,Vibration,0,Telemetry remains within the expected prototype operating envelope.
100.6,shutdown,118.60588950766255,735.9736336740216,0.2047649755437326,286.37643402502863,1,thrust,1.6358683033825074,False,1.63549365826649,False,1.8113930737201136,False,0.1196825904966532,False,0,NORMAL,0,27.904146999141787,27.898744724908365,30.391159966955385,2.3652311802405124,27.50319122975503,NORMAL,Vibration,0,Telemetry remains within the expected prototype operating envelope.
100.7,shutdown,118.08152126170324,732.4092474832585,0.2030382524101405,283.1807774526024,1,thrust,1.6132986553653388,False,1.6079717341176731,False,1.741438372261657,False,0.1473769737187553,False,0,NORMAL,0,27.57797579088661,27.50077739129737,29.410422117875612,2.904523206184917,26.763722995915543,NORMAL,Vibration,0,Telemetry remains within the expected prototype operating envelope.
100.8,shutdown,117.07555705935532,736.4468425110639,0.1978220854123351,280.98780734277955,1,thrust,1.570000347087102,False,1.6391474760692235,False,1.5301158979227394,False,0.1663818177123447,False,0,NORMAL,0,26.94810225513199,27.951414448032008,26.363044948197935,3.2728795849421677,25.565270499397414,NORMAL,Temperature,0,Telemetry remains within the expected prototype operating envelope.
100.9,shutdown,117.01944895141976,731.2864846988404,0.1919880643370782,280.26467755225383,1,thrust,1.5675853643783413,False,1.5993024736795234,False,1.2937623130993672,False,0.1726486467924585,False,0,NORMAL,0,26.912809918800683,27.374965424673682,22.798589825866657,3.394038107316666,24.835762812745443,NORMAL,Temperature,0,Telemetry remains within the expected prototype operating envelope.
101.0,shutdown,117.88305076090084,730.674497059476,0.1972131817005075,274.96626664314545,1,thrust,1.6047561675632669,False,1.5945770941922373,False,1.5054473934305146,False,0.2185660408738906,False,0,NORMAL,0,27.45413718034644,27.306296811529997,25.998844547740763,4.277155659655718,25.285877159661567,NORMAL,Pressure,0,Telemetry remains within the expected prototype operating envelope.
101.1,shutdown,117.19187935159373,728.8614718021321,0.1887933535368021,274.97711336532115,1,thrust,1.575007044599016,False,1.580578065764337,False,1.1643350552305811,False,0.2184720403848426,False,0,NORMAL,0,27.021215394421596,27.10248338217751,20.774107179527867,4.2753560439030895,24.544265873418013,NORMAL,Temperature,0,Telemetry remains within the expected prototype operating envelope.
101.2,shutdown,115.47922308373774,724.1539445073022,0.2006578327209722,275.80674441501554,1,thrust,1.501291579488821,False,1.5442295327483182,False,1.6450004746844202,False,0.2112822439525722,False,0,NORMAL,0,25.93731197278388,26.570608880878034,28.035705157358702,4.137608889519284,25.6328164060804,NORMAL,Vibration,0,Telemetry remains within the expected prototype operating envelope.
101.3,shutdown,115.38618390812135,721.03711643969,0.1820572560369964,271.9222814023045,1,thrust,1.497287024556957,False,1.5201633678967026,False,0.8914356653824349,False,0.2449460012581403,False,0,NORMAL,0,25.877970591852694,26.216324171111893,16.329785586640465,4.780858692936107,23.44604287744508,NORMAL,Temperature,0,Telemetry remains within the expected prototype operating envelope.
101.4,shutdown,115.54593010920456,724.3831024611001,0.2041711190972559,260.8614996742343,1,thrust,1.5041627565607745,False,1.5459989447830935,False,1.7873341788027597,False,0.3408015855397242,False,0,NORMAL,0,25.979829182521975,26.596589653208248,30.055410485076763,6.588929235463626,27.34283318897357,NORMAL,Vibration,0,Telemetry remains within the expected prototype operating envelope.
101.5,shutdown,114.04875054410404,717.6433196829058,0.2084512765633352,269.18186817414465,1,thrust,1.439721753385615,False,1.4939586269068617,False,1.9607361167914423,False,0.2686951283647356,False,0,NORMAL,0,25.019668287506136,25.828612647688352,32.4395358145752,5.2320605775309055,28.831187545612682,NORMAL,Vibration,0,Telemetry remains within the expected prototype operating envelope.
101.6,shutdown,115.56442564202928,714.6332612462353,0.1873456068676133,265.7550560262809,1,thrust,1.504958833876593,False,1.470716869267851,False,1.1056825219666695,False,0.2983927653611417,False,0,NORMAL,0,25.991613400162407,25.483035405965616,19.839275008983968,5.7932690439149725,23.641428085270423,NORMAL,Pressure,0,Telemetry remains within the expected prototype operating envelope.
101.7,shutdown,115.46433766316164,712.1702680596262,0.192677751126385,270.0473649498435,1,thrust,1.500650887178448,False,1.451699201699569,False,1.321703580872522,False,0.2611945103100555,False,0,NORMAL,0,25.92782108578212,25.199067936245545,23.228807677883978,5.089790269199257,23.804563815555582,NORMAL,Pressure,0,Telemetry remains within the expected prototype operating envelope.
101.8,shutdown,112.93055646140571,711.1594903498666,0.1999075561944963,258.6418101371304,1,thrust,1.391592891548813,False,1.4438946188147488,False,1.6146045360421173,False,0.3600379869744299,False,0,NORMAL,0,24.294439840129446,25.08221874922323,27.5968882254384,6.947617377260807,25.2810792133395,NORMAL,Vibration,0,Telemetry remains within the expected prototype operating envelope.
101.9,shutdown,112.07649096482596,702.3591688307982,0.1949404321723112,264.9325784990293,1,thrust,1.3548325465242037,False,1.3759441307445586,False,1.4133715350361955,False,0.3055205675248073,False,0,NORMAL,0,23.735796261063978,24.057129031334156,24.623475605597655,5.927470753012543,22.860347913101705,NORMAL,Vibration,0,Telemetry remains within the expected prototype operating envelope.
102.0,shutdown,112.60203253960334,705.9147125257927,0.1875116026388585,264.2046151653259,1,thrust,1.377452696490406,False,1.403397778762561,False,1.112407505488878,False,0.3118292853354684,False,0,NORMAL,0,24.080038537867622,24.472968126399664,19.947018446395948,6.046091311063728,22.430214469060893,NORMAL,Temperature,0,Telemetry remains within the expected prototype operating envelope.
102.1,shutdown,113.45706155579892,706.3330451704254,0.1938406753551522,253.0757616538561,1,thrust,1.4142545129404005,False,1.406627877494397,False,1.3688171080266869,False,0.4082747972307847,False,0,NORMAL,0,24.636785591427934,24.521744323484906,23.948802531802315,7.841011027038702,23.09689068838162,NORMAL,Pressure,0,Telemetry remains within the expected prototype operating envelope.
102.2,shutdown,110.76516318244674,703.110953054383,0.1947328756220164,243.6206609242108,1,thrust,1.29839090134165,False,1.3817489305811743,False,1.4049628004630892,False,0.4902151362740281,False,0,NORMAL,0,22.87002346495911,24.14524450516652,24.496604715800885,9.339010602023235,22.99724535296618,NORMAL,Vibration,0,Telemetry remains within the expected prototype operating envelope.
102.3,shutdown,113.87654797161896,702.9353758148293,0.1831516423425315,251.03850080042065,1,thrust,1.432309879233074,False,1.3803932347584886,False,0.9357725169567048,False,0.42593022468981,False,0,NORMAL,0,24.908436908062402,24.124674521597413,17.06844055853547,8.165858426439343,22.68888240152109,NORMAL,Pressure,0,Telemetry remains within the expected prototype operating envelope.
102.4,shutdown,112.29849585507084,695.0591639959815,0.1900125522129645,248.12983688979892,1,thrust,1.364387992090421,False,1.3195781343016175,False,1.2137284280013865,False,0.4511374555606469,False,0,NORMAL,0,23.881404770824044,23.196166127095243,21.55290093253498,8.627670230333461,22.283000531354556,NORMAL,Pressure,0,Telemetry remains within the expected prototype operating envelope.
102.5,shutdown,109.19675599294604,693.1510641334023,0.2057373438835819,246.9120073518129,1,thrust,1.2308841472858858,False,1.3048450002146432,False,1.850786613772077,False,0.4616914801123449,False,0,NORMAL,0,21.82160297330027,22.969520133935717,30.937432904256625,8.82033598123877,27.507359437130802,NORMAL,Vibration,0,Telemetry remains within the expected prototype operating envelope.
102.6,shutdown,109.78052036764066,694.8129665326236,0.1758798781555168,247.27969849134465,1,thrust,1.256010299686126,False,1.3176771540066856,False,0.6411716728012934,False,0.4585049739610181,False,0,NORMAL,0,22.213481971103576,23.166960060477816,12.035277675438083,8.762208548809713,20.849092761695637,NORMAL,Temperature,0,Telemetry remains within the expected prototype operating envelope.
102.7,shutdown,110.41688175527143,690.8499636584216,0.1942454666256167,248.9050845364864,1,thrust,1.2834003116504622,False,1.287077365244184,False,1.3852164090654269,False,0.4444189597107957,False,0,NORMAL,0,22.638431702500796,22.695303314485983,24.197831215251675,8.504810782079897,22.556773278666444,NORMAL,Vibration,0,Telemetry remains within the expected prototype operating envelope.
102.8,shutdown,110.1569349076332,687.720363141033,0.2081670618833333,230.24498922974408,1,thrust,1.2722117835510267,False,1.2629125796553282,False,1.9492217328680148,False,0.6061321534390931,False,0,NORMAL,0,22.465125454492373,22.3207887529706,32.283773107716506,11.416664297388001,28.72700828611538,NORMAL,Vibration,0,Telemetry remains within the expected prototype operating envelope.
102.9,shutdown,109.2602539185612,686.3125113784109,0.1816453140897042,238.574120849204,1,thrust,1.2336171995673657,False,1.2520420433694253,False,0.8747466691094228,False,0.5339497528122574,False,0,NORMAL,0,21.864324425511573,22.151722098140304,16.050044607437098,10.12855723742514,20.540651096036186,NORMAL,Temperature,0,Telemetry remains within the expected prototype operating envelope.
103.0,shutdown,106.93265303094384,680.622684456272,0.1906279235651336,235.83787852279363,1,thrust,1.1334335344374031,False,1.2081088171166674,False,1.238658955883713,False,0.5576627338096528,False,0,NORMAL,0,20.282950880354754,21.464682932379176,21.943072922937656,10.553772092133851,20.75938929734245,NORMAL,Vibration,0,Telemetry remains within the expected prototype operating envelope.
103.1,shutdown,108.19671087012776,683.9484014749654,0.1940301885491726,231.19787161123048,1,thrust,1.1878406056579929,False,1.2337878896498575,False,1.3764948524503429,False,0.5978742292096324,False,0,NORMAL,0,21.145682730181626,21.86699177696414,24.065493248178527,11.270240520180973,22.498056335422753,NORMAL,Vibration,0,Telemetry remains within the expected prototype operating envelope.
103.2,shutdown,108.99913194395386,679.7609528635703,0.1686529523757396,230.71336364035,1,thrust,1.2223780921235994,False,1.2014550735934666,False,0.3483873661851953,False,0.60207310011945,False,0,NORMAL,0,21.688491828808132,21.360102591279585,6.730540963285836,11.344722203089619,19.445857227540813,NORMAL,Pressure,0,Telemetry remains within the expected prototype operating envelope.
103.3,shutdown,108.51178268393984,677.846278380879,0.1862925792295123,233.9064852830984,1,thrust,1.2014018004722598,False,1.186671174469723,False,1.0630212332992643,False,0.5744006852510644,False,0,NORMAL,0,21.359264708258664,21.127237633649575,19.152396899750578,10.852700791437853,20.22653706326409,NORMAL,Pressure,0,Telemetry remains within the expected prototype operating envelope.
103.4,shutdown,106.9079682034282,675.5036361713926,0.1770989797718253,227.1404756894218,1,thrust,1.1323710599784982,False,1.168582780635076,False,0.6905611133880826,False,0.6330366676618505,False,0,NORMAL,0,20.26600961472652,20.841384565420874,12.899905979678506,11.892042491499211,19.313092449514514,NORMAL,Temperature,0,Telemetry remains within the expected prototype operating envelope.
103.5,shutdown,106.75025647358169,671.2706596234332,0.1768939553700496,230.1353458522505,1,thrust,1.1255828948707831,False,1.135898426796381,False,0.682254963699753,False,0.6070823511982243,False,0,NORMAL,0,20.15768660162841,20.322239984268908,12.755092444932092,11.433497035310559,18.86795114556204,NORMAL,Temperature,0,Telemetry remains within the expected prototype operating envelope.
103.6,shutdown,106.15085985467084,672.4293956680153,0.1846866876652048,225.33819343258244,1,thrust,1.0997839056761771,False,1.144845449879944,False,0.9979617789082836,False,0.6486557100602046,False,0,NORMAL,0,19.744651733661,20.46468824908945,18.09354280290979,12.166845436940466,19.468148581385705,NORMAL,Temperature,0,Telemetry remains within the expected prototype operating envelope.
103.7,shutdown,104.38048873807422,666.99927356027,0.184410171111119,221.03703422624773,1,thrust,1.0235843011630388,False,1.1029174990996766,False,0.9867592690136294,False,0.6859306639420819,False,0,NORMAL,0,18.512199187945278,19.794933502058953,17.909825490824606,12.819206101354863,18.907371151029395,NORMAL,Temperature,0,Telemetry remains within the expected prototype operating envelope.
103.8,shutdown,104.17705830510629,667.652834097358,0.1793735968399497,226.7361503064581,1,thrust,1.014828329947301,False,1.107963878073708,False,0.7827126313919764,False,0.6365406556056235,False,0,NORMAL,0,18.36937319875157,19.875841698086216,14.490484708484153,11.953766705055092,18.57962540591403,NORMAL,Temperature,0,Telemetry remains within the expected prototype operating envelope.
103.9,shutdown,105.72976420949436,663.3433640591932,0.1966331410966661,219.44637291154288,1,thrust,1.0816592755780894,False,1.0746888901334763,False,1.481948219482983,False,0.6997157447314619,False,0,NORMAL,0,19.45320411462531,19.340837366138842,25.65023277570627,13.05923392645344,23.454208270214913,NORMAL,Vibration,0,Telemetry remains within the expected prototype operating envelope.
104.0,shutdown,103.30841696192908,663.7809305328898,0.1793747704943947,227.1314544358193,1,thrust,0.977440617171514,False,1.0780675002656646,False,0.7827601796321775,False,0.6331148481699086,False,0,NORMAL,0,17.7566888812944,19.395322128614357,14.491297870012222,11.893420145705003,18.166423173341606,NORMAL,Temperature,0,Telemetry remains within the expected prototype operating envelope.
104.1,shutdown,105.29542449975771,658.6227719256897,0.170616354607882,218.40119962093792,1,thrust,1.062964599757853,False,1.0382394787390368,False,0.4279306434601462,False,0.7087734857582279,False,0,NORMAL,0,19.151481157348783,18.750693138320408,8.202592425723477,13.21658874425442,17.63908135552083,NORMAL,Pressure,0,Telemetry remains within the expected prototype operating envelope.
104.2,shutdown,103.81348502847452,656.9503294633759,0.1806827851173121,227.64970834072776,1,thrust,0.9991795545966586,False,1.0253259412805138,False,0.8357517511640479,False,0.628623526301117,False,0,NORMAL,0,18.11348911225724,18.540578729559332,15.39276054076064,11.814241587613205,17.639219796605225,NORMAL,Temperature,0,Telemetry remains within the expected prototype operating envelope.
104.3,shutdown,102.579433011016,654.7283605841108,0.170475523541667,212.68579243505627,1,thrust,0.9460639819365304,False,1.0081693101851965,False,0.4222251571540406,False,0.7583046770138602,False,0,NORMAL,0,17.23896245426416,18.26058478099656,8.09778286777625,14.072041736115393,16.915450143573594,NORMAL,Temperature,0,Telemetry remains within the expected prototype operating envelope.
104.4,shutdown,102.93467925120116,651.9122666841396,0.1864211385209921,201.0289760705623,1,thrust,0.9613543483196694,False,0.9864252233879242,False,1.0682295534290065,False,0.8593256510238634,False,0,NORMAL,0,17.49166518286246,17.90434093487582,19.23656909230077,15.790726161474256,18.665808780002912,NORMAL,Vibration,0,Telemetry remains within the expected prototype operating envelope.
104.5,shutdown,104.5367936233174,648.7625818591156,0.1890351575489564,211.6344053679068,1,thrust,1.0303119134288206,False,0.9621053595438688,False,1.1741312565744075,False,0.7674162682291492,False,0,NORMAL,0,18.621769122661824,17.50405718929311,20.92917777918415,14.22848723201352,19.841271047245552,NORMAL,Vibration,0,Telemetry remains within the expected prototype operating envelope.
104.6,shutdown,102.21045068051748,651.0399312021101,0.1759530291003326,201.423733790584,1,thrust,0.930182392255846,False,0.9796896033726314,False,0.6441352356368396,False,0.8559045789122678,False,0,NORMAL,0,16.97566915604525,17.793673377276775,12.087400023510842,15.733089246065079,17.042497977983473,NORMAL,Temperature,0,Telemetry remains within the expected prototype operating envelope.
104.7,shutdown,101.65796695941243,648.4451997748486,0.1594129329107465,220.8993661195985,1,thrust,0.9064026092185562,False,0.9596547368610556,False,0.0259533665987865,False,0.6871237312246873,False,0,NORMAL,0,16.579868582065526,17.46361399326296,0.5177225053581314,12.840006130247183,15.498955076577632,NORMAL,Temperature,0,Telemetry remains within the expected prototype operating envelope.
104.8,shutdown,103.28983479911447,642.4970474422094,0.1983876368857111,215.02249615132783,1,thrust,0.9766408111623682,False,0.9137268860157306,False,1.553028074003398,False,0.7380542005536183,False,0,NORMAL,0,17.743532090145443,16.701977550834044,26.699709563215322,13.723319614666195,23.905808362740295,NORMAL,Vibration,0,Telemetry remains within the expected prototype operating envelope.
104.9,shutdown,100.74554245165824,637.8203559180622,0.1871842468312342,195.4699039130184,1,thrust,0.8671303990095335,False,0.8776164472174488,False,1.09914534588289,False,0.9075020026439784,False,0,NORMAL,0,15.922070056278637,16.098214331303907,19.734401511417133,16.59820887447768,18.808239275100405,NORMAL,Vibration,0,Telemetry remains within the expected prototype operating envelope.
105.0,shutdown,99.49657957951057,642.2984656158202,0.1791293939668771,200.62313356762093,1,thrust,0.8133730393141251,False,0.912193563398395,False,0.7728192450414085,False,0.8628427867202508,False,0,NORMAL,0,15.013231631063185,16.67642908527013,14.321121471862119,15.849940421170828,16.252492133745132,NORMAL,Temperature,0,Telemetry remains within the expected prototype operating envelope.
105.1,shutdown,100.1021449609056,633.6288641420327,0.1900991251319623,203.4629150708845,1,thrust,0.8394375419127991,False,0.8452524124141451,False,1.2172357550216015,False,0.8382325085392294,False,0,NORMAL,0,15.455106474626024,15.553372844409042,21.60790956299714,15.434728135414177,19.9996139549747,NORMAL,Vibration,0,Telemetry remains within the expected prototype operating envelope.
105.2,shutdown,100.75162993221107,636.7855670933441,0.1725396482705211,200.61768325434508,1,thrust,0.8673924139092677,False,0.8696264657677006,False,0.5058490030219189,False,0.8628900205393802,False,0,NORMAL,0,15.926475874915425,15.964032406530016,9.622044245897044,15.850735363154778,15.39590875466302,NORMAL,Temperature,0,Telemetry remains within the expected prototype operating envelope.
105.3,shutdown,98.14419307054465,630.7375712357317,0.1820017106376313,194.00931782344685,1,thrust,0.755164160867094,False,0.8229276866968701,False,0.8891853556747668,False,0.9201598180182868,False,0,NORMAL,0,14.018053154611865,15.175480279620546,16.29212033228008,16.8090787414652,16.376690276400428,NORMAL,Thrust,0,Telemetry remains within the expected prototype operating envelope.
105.4,shutdown,97.382013547922,627.8480752467427,0.1658696250959472,199.92426816764151,1,thrust,0.7223587351304227,False,0.8006168356327099,False,0.2356264810547527,False,0.8688993343401357,False,0,NORMAL,0,13.452063557640848,14.796133108012166,4.603213845659937,15.951810479240203,14.638958648179532,NORMAL,Thrust,0,Telemetry remains within the expected prototype operating envelope.
105.5,shutdown,97.2586645297655,627.6063708013173,0.1789149590943144,186.37530427684987,1,thrust,0.7170495960959594,False,0.79875054756587,False,0.7641318491291292,False,0.9863181463275332,False,0,NORMAL,0,13.36011574436381,14.764324179913357,14.172126803958939,17.90258280368162,16.904104406435856,NORMAL,Thrust,0,Telemetry remains within the expected prototype operating envelope.
105.6,shutdown,100.0944316564633,626.7058939875542,0.1633196768742476,191.6986885380101,1,thrust,0.8391055489524061,False,0.7917976380774481,False,0.1323204772645374,False,0.9401843267428002,False,0,NORMAL,0,15.449492626354754,14.645714542987175,2.611698996379508,17.14158393742644,15.503772443352625,NORMAL,Thrust,0,Telemetry remains within the expected prototype operating envelope.
105.7,shutdown,98.79218500183696,625.2860811830112,0.1783131108138245,178.4840352396152,1,thrust,0.7830547700333242,False,0.7808347462299222,False,0.7397491811924513,False,1.0547059170008883,False,0,NORMAL,0,14.496335730172639,14.458363266827789,13.752562118405576,19.01783035607949,17.76253523520665,NORMAL,Thrust,0,Telemetry remains within the expected prototype operating envelope.
105.8,shutdown,96.18066393750988,621.6633102096714,0.1626709610537765,175.8708185337145,1,thrust,0.670650726376078,False,0.7528620119074814,False,0.1060390655723072,False,1.077352726273221,False,0,NORMAL,0,12.552375175483332,13.978455389420896,2.098450883035452,19.38379847947116,16.800613505304703,NORMAL,Thrust,0,Telemetry remains within the expected prototype operating envelope.
105.9,shutdown,95.95552147080784,623.4039306882513,0.1994138427029193,184.40541887017665,1,thrust,0.6609602345006863,False,0.7663019766642456,False,1.594602730751287,False,1.0033896808055371,False,0,NORMAL,0,12.382728733261994,14.20937020726143,27.30666953385733,18.18241060049711,24.05643836605908,NORMAL,Vibration,0,Telemetry remains within the expected prototype operating envelope.
106.0,shutdown,97.87082608486682,618.0740208233574,0.1660378546071604,183.3207175968084,1,thrust,0.7433980085613313,False,0.7251478011145317,False,0.2424419600417863,False,1.0127899815153705,False,0,NORMAL,0,13.815479560492472,13.50032767631346,4.733160219154864,18.336088082518543,16.327149613253994,NORMAL,Thrust,0,Telemetry remains within the expected prototype operating envelope.
106.1,shutdown,95.6266687301364,615.4897970705982,0.1705882057418894,168.8685744186165,1,thrust,0.6468058865522189,False,0.7051940681853338,False,0.4267902489877508,False,1.1380359779128053,False,0,NORMAL,0,12.134344258348506,13.15443968770923,8.181652986656607,20.356295761129005,17.941431355445147,NORMAL,Thrust,0,Telemetry remains within the expected prototype operating envelope.
106.2,shutdown,96.68678531180734,610.5471579295339,0.1705359208459944,181.809713497416,1,thrust,0.692434999851604,False,0.6670301509622615,False,0.4246720319951325,False,1.0258847323530584,False,0,NORMAL,0,12.932543000920493,12.489030099601518,8.142746509426823,18.549681980344445,16.61726842637455,NORMAL,Thrust,0,Telemetry remains within the expected prototype operating envelope.
106.3,shutdown,95.563794860119,612.1898454500092,0.1621194705419875,179.95998814062295,1,thrust,0.644099694621825,False,0.6797139396762589,False,0.0836965409608974,False,1.041914928879393,False,0,NORMAL,0,12.086775120682724,12.710742895354532,1.6599984450362482,18.810396747129953,16.18770029135227,NORMAL,Thrust,0,Telemetry remains within the expected prototype operating envelope.
106.4,shutdown,94.5509540231049,604.1422628622125,0.1784985606782722,176.99009144110374,1,thrust,0.6005054049885874,False,0.6175756230884987,False,0.7472623080224376,False,1.0676528188755308,False,0,NORMAL,0,11.316920955463827,11.619172611927176,13.882062386758298,19.227252742752686,17.40168754376817,NORMAL,Thrust,0,Telemetry remains within the expected prototype operating envelope.
106.5,shutdown,95.0311689862514,608.3846248335499,0.1598488391435535,169.83606098709572,1,thrust,0.6211746250916585,False,0.6503324451998463,False,0.0082935056826609,False,1.1296514900360757,False,0,NORMAL,0,11.682766276770861,12.196295086074615,0.16573262520812593,20.222629385511006,17.018108645769058,NORMAL,Thrust,0,Telemetry remains within the expected prototype operating envelope.
106.6,shutdown,93.10399351537022,603.6551638432967,0.1686564498802467,166.90023819712894,1,thrust,0.5382259103663112,False,0.6138145541318559,False,0.3485290605187474,False,1.1550940867528403,False,0,NORMAL,0,10.20538526963789,11.55266632433939,6.733184076602039,20.62754698980216,17.705799026154782,NORMAL,Thrust,0,Telemetry remains within the expected prototype operating envelope.
106.7,shutdown,95.3039095299568,603.7974237236887,0.1652358097616907,166.44577916632136,1,thrust,0.632913814332953,False,0.6149129944882107,False,0.2099487324770361,False,1.159032545805834,False,0,NORMAL,0,11.889877593726371,11.572095014279803,4.1120387601411235,20.690043403837286,17.67163300504289,NORMAL,Thrust,0,Telemetry remains within the expected prototype operating envelope.
106.8,shutdown,92.3352838430775,600.3959915075195,0.1649454253824186,166.90518899243875,1,thrust,0.505139416543064,False,0.5886492973351513,False,0.1981843956444602,False,1.1550511818851064,False,0,NORMAL,0,9.609217140646598,11.106384213046061,3.886161479861805,20.6268658939603,17.364967844731737,NORMAL,Thrust,0,Telemetry remains within the expected prototype operating envelope.
106.9,shutdown,92.3767447838674,594.7582199841489,0.184228210404176,154.596611659347,1,thrust,0.5069239617501762,False,0.5451180097780796,False,0.979387498355246,False,1.2617204843761176,False,0,NORMAL,0,9.641472671822592,10.329074684351692,17.78870623847183,22.302266340806256,19.751856115876148,NORMAL,Thrust,0,Telemetry remains within the expected prototype operating envelope.
107.0,shutdown,92.46874587333416,592.5436478576281,0.1758935759734598,151.3705818304653,1,thrust,0.5108838357937734,False,0.5280184917050559,False,0.6417266122390024,False,1.2896780900643752,False,0,NORMAL,0,9.713006019176007,10.021883780500563,12.045040152378716,22.735502507553207,19.548176970125326,NORMAL,Thrust,0,Telemetry remains within the expected prototype operating envelope.
107.1,shutdown,92.01210940580552,593.6486349118809,0.1556945565984669,150.89827170236447,1,thrust,0.4912294718551828,False,0.5365504992555785,False,0.176595875392072,False,1.2937712513258728,False,0,NORMAL,0,9.357400870043653,10.175291648960183,3.470273174768701,22.798727834481436,18.826821276135156,NORMAL,Thrust,0,Telemetry remains within the expected prototype operating envelope.
107.2,shutdown,91.20826550466325,591.7936967916529,0.1649363123090384,156.56055246681342,1,thrust,0.4566307446261189,False,0.522227846346093,False,0.1978151978759944,False,1.244700467326474,False,0,NORMAL,0,8.728002029086124,9.917617142823554,3.8790642148955334,22.037332328166514,18.22344238836826,NORMAL,Thrust,0,Telemetry remains within the expected prototype operating envelope.
107.3,shutdown,92.1153140409343,586.0960182119564,0.1722911756672753,160.7372456109738,1,thrust,0.495671564423804,False,0.4782339945852735,False,0.4957826371740802,False,1.2085041684082574,False,0,NORMAL,0,9.43789367230059,9.121505678442999,9.43990544639931,21.47089249468772,18.2847223845822,NORMAL,Thrust,0,Telemetry remains within the expected prototype operating envelope.
107.4,shutdown,91.25610903619496,584.0894165680896,0.1837302083316916,145.35671459264182,1,thrust,0.4586900067475191,False,0.4627402923645357,False,0.959211949867709,False,1.341795813028792,False,0,NORMAL,0,8.765584882893362,8.83946004516809,17.456304461970884,23.53668958391659,20.426176639766314,NORMAL,Thrust,0,Telemetry remains within the expected prototype operating envelope.
107.5,shutdown,89.67424392995181,582.5257975072097,0.1727241525780139,143.17269403945085,1,thrust,0.3906040024296312,False,0.4506670200286984,False,0.5133238225209827,False,1.3607230978587437,False,0,NORMAL,0,7.514730286003268,8.6190728677772,9.75705508377912,23.825590998049773,19.836823456848172,NORMAL,Thrust,0,Telemetry remains within the expected prototype operating envelope.
107.6,shutdown,90.7800263953919,581.7804460719852,0.1693802985059492,142.41795648144995,1,thrust,0.4381986484076342,False,0.4449118900942317,False,0.3778543261198369,False,1.3672638479955836,False,0,NORMAL,0,8.390914237637915,8.513830489204565,7.2785979023497145,23.925173404705504,19.760857866024626,NORMAL,Thrust,0,Telemetry remains within the expected prototype operating envelope.
107.7,shutdown,89.42554323501562,575.3823381949934,0.1765082734510159,143.1881309053062,1,thrust,0.3798995267303712,False,0.3955097685893177,False,0.6666298394519538,False,1.3605893180019106,False,0,NORMAL,0,7.316516920257099,7.605428005833348,12.482023489416727,23.82355285047746,19.967717463584005,NORMAL,Thrust,0,Telemetry remains within the expected prototype operating envelope.
107.8,shutdown,90.13279133114052,579.1204153958497,0.1649450542960993,145.75382438076008,1,thrust,0.4103406160094316,False,0.4243728242960741,False,0.1981693618314663,False,1.3383543572890582,False,0,NORMAL,0,7.879079916162846,8.137249465460927,3.8858724879324513,23.48404244801413,19.06092396899659,NORMAL,Thrust,0,Telemetry remains within the expected prototype operating envelope.
107.9,shutdown,90.90364209617668,576.0736162789742,0.1438129309858771,136.69834173961806,1,thrust,0.4435192658889694,False,0.4008473784819726,False,0.6579559477742483,False,1.4168315030151637,False,0,NORMAL,0,8.488345769484074,7.7040086142890924,12.330067432867098,24.675617634695957,20.69397991454429,NORMAL,Thrust,0,Telemetry remains within the expected prototype operating envelope.
108.0,shutdown,88.69844302366019,572.8420493314989,0.1644555574658416,141.5589312174365,1,thrust,0.3486039706589333,False,0.3758952729439363,False,0.1783383860604383,False,1.3747083822626038,False,0,NORMAL,0,6.734581392185801,7.242261552879803,3.503908129263067,24.038357454231964,19.257854341499833,NORMAL,Thrust,0,Telemetry remains within the expected prototype operating envelope.
108.1,shutdown,88.4175017077627,569.0915790439522,0.1688895830360994,131.35449871984372,1,thrust,0.3365118070656049,False,0.3469365257005146,False,0.3579739796262001,False,1.4631426234732745,False,0,NORMAL,0,6.5087522861245635,6.703473214946298,6.909197287570922,25.37006790206413,20.47104957177845,NORMAL,Thrust,0,Telemetry remains within the expected prototype operating envelope.
108.2,shutdown,86.84502221985126,565.397964018581,0.1591000076229683,133.46031150038522,1,thrust,0.2688297747727251,False,0.3184167786465536,False,0.0386309028288058,False,1.444893107351447,False,0,NORMAL,0,5.234612575696174,6.16979395314512,0.7696410352047711,25.097178164647783,19.574398058281773,NORMAL,Thrust,0,Telemetry remains within the expected prototype operating envelope.
108.3,shutdown,88.70040976844697,568.929113459085,0.1687613326137227,132.78194213621458,1,thrust,0.3486886225003051,False,0.3456820697397395,False,0.3527781727045542,False,1.4507720310441805,False,0,NORMAL,0,6.736160396703495,6.6800630015319,6.812410640392463,25.18519600427942,20.34408753153601,NORMAL,Thrust,0,Telemetry remains within the expected prototype operating envelope.
108.4,shutdown,85.44701796919463,559.9290510961366,0.1570743564954891,129.21029039684828,1,thrust,0.2086574357591341,False,0.2761893098559808,False,0.1206960684161852,False,1.481724885258674,False,0,NORMAL,0,4.087271600176479,5.373995809637055,2.385019311164882,25.64691173201844,19.951147490449213,NORMAL,Thrust,0,Telemetry remains within the expected prototype operating envelope.
108.5,shutdown,86.43480629490723,559.5689735746012,0.1900512897324662,131.11578128302693,1,thrust,0.251173425235224,False,0.2734090201496987,False,1.215297800391936,False,1.4652114102866156,False,0,NORMAL,0,4.899378862810899,5.321363636644916,21.577519611024478,25.40094019868464,21.515541331196946,NORMAL,Thrust,0,Telemetry remains within the expected prototype operating envelope.
108.6,shutdown,85.77730141957893,554.9076578295732,0.1621462412176961,124.45840267666574,1,thrust,0.2228733637420198,False,0.2374173033428057,False,0.0847811008365395,False,1.5229059685723985,False,0,NORMAL,0,4.3595819901622646,4.637375465726445,1.6813272556868153,26.256784905170495,20.2987287798261,NORMAL,Thrust,0,Telemetry remains within the expected prototype operating envelope.
108.7,shutdown,84.56757803063532,554.246635254511,0.1767685669843114,123.18852475091256,1,thrust,0.1708049341660753,False,0.2323133072554399,False,0.6771751064139901,False,1.5339110578628274,False,0,NORMAL,0,3.358408812357183,4.539979670907557,12.666409066812012,26.418916545735136,21.28337073811138,NORMAL,Thrust,0,Telemetry remains within the expected prototype operating envelope.
108.8,shutdown,83.87525717867383,552.174221219404,0.1717890823316884,126.03791985391814,1,thrust,0.141006337351482,False,0.2163114435889924,False,0.4754413394223125,False,1.5092174657494843,False,0,NORMAL,0,2.780732365176297,4.233982633618016,9.07073304144237,26.05462145834796,20.62276002905233,NORMAL,Thrust,0,Telemetry remains within the expected prototype operating envelope.
108.9,shutdown,84.01674720644745,551.0650008308867,0.1588500399478442,114.82573731156714,1,thrust,0.1470962944558595,False,0.2077467489225711,False,0.0487578384952058,False,1.6063851284962605,False,0,NORMAL,0,2.8990725158253627,4.069800717331962,0.9704175337790666,27.477768206012364,20.959541994041054,NORMAL,Thrust,0,Telemetry remains within the expected prototype operating envelope.
109.0,shutdown,84.40015757397464,552.4002169931562,0.1631404050469458,104.86395733866452,1,thrust,0.1635988899274652,False,0.2180564392797733,False,0.1250576411358988,False,1.6927164804081984,False,0,NORMAL,0,3.219027681545672,4.267399059652421,2.470133150109477,28.719208306898402,22.051615116826984,NORMAL,Thrust,0,Telemetry remains within the expected prototype operating envelope.
109.1,shutdown,84.61386154531802,545.4314155234251,0.1587910472811831,113.40227192339228,1,thrust,0.1727970506670944,False,0.1642477846634118,False,0.051147807277248,False,1.6187212463080636,False,0,NORMAL,0,3.3969054045762115,3.2315869992559754,1.0177417446579407,27.656476218127846,21.065696698862173,NORMAL,Thrust,0,Telemetry remains within the expected prototype operating envelope.
109.2,shutdown,82.71818210880481,547.1105256309371,0.1592063298629315,119.06198738675454,1,thrust,0.091203975637895,False,0.1772128054392785,False,0.034323471944071,False,1.5696726938688357,False,0,NORMAL,0,1.807543876109985,3.482182857794891,0.6841186197230065,26.943314960397135,20.39340625173533,NORMAL,Thrust,0,Telemetry remains within the expected prototype operating envelope.
109.3,shutdown,82.64430921804077,543.1805426627785,0.1656897676933182,109.5162873728969,1,thrust,0.0880243682619662,False,0.14686797539923,False,0.2283399215240244,False,1.6523981896520974,False,0,NORMAL,0,1.7450813260260434,2.894638416154982,4.464089624319268,28.142100697780915,21.551382584182203,NORMAL,Thrust,0,Telemetry remains within the expected prototype operating envelope.
109.4,shutdown,82.07416684955398,542.7385235880638,0.1722894974296542,106.48336917889338,1,thrust,0.0634845287968959,False,0.1434549851126685,False,0.495714646765266,False,1.6786822401570136,False,0,NORMAL,0,1.2616640119004319,2.8283318571936555,9.438673994456448,28.518852903668733,22.216412629516363,NORMAL,Thrust,0,Telemetry remains within the expected prototype operating envelope.
109.5,shutdown,80.88394215561864,533.5092454587257,0.158447711725603,116.04279138614088,1,thrust,0.0122553542416782,False,0.0721923668020536,False,0.0650573541081366,False,1.5958378243102929,False,0,NORMAL,0,0.2448069426916888,1.433473846190847,1.2927187580816457,27.324623929078527,20.41187260805478,NORMAL,Thrust,0,Telemetry remains within the expected prototype operating envelope.
109.6,shutdown,82.21006519218743,535.6733611991941,0.1673265949586646,106.03395778754998,1,thrust,0.0693338108291104,False,0.0889022927390301,False,0.2946526733826081,False,1.6825769550658791,False,0,NORMAL,0,1.3771061482903746,1.762331891131541,5.722774313769952,28.574510961487544,21.849145415001352,NORMAL,Thrust,0,Telemetry remains within the expected prototype operating envelope.
109.7,shutdown,82.5187057740178,536.7163449981315,0.1499845004592269,98.00315718953834,1,thrust,0.0826181951323244,False,0.0969555505698415,False,0.4079272711211583,False,1.7521739421954323,False,0,NORMAL,0,1.6387872517265478,1.9204311895075432,7.83460527344364,29.561823391804467,22.798804326490096,NORMAL,Thrust,0,Telemetry remains within the expected prototype operating envelope.
109.8,shutdown,80.69474737645352,525.6465132164443,0.171066904174186,106.97430414325233,1,thrust,0.0041121083351096,False,0.0114813470659473,False,0.4461837494676312,False,1.6744276712657882,False,0,NORMAL,0,0.08220835710148755,0.2293635003404515,8.537099038092643,28.458002725263665,21.76203571324123,NORMAL,Thrust,0,Telemetry remains within the expected prototype operating envelope.
109.9,shutdown,81.64821848324304,529.3380398857314,0.1635702273861558,96.2049650023211,1,thrust,0.045151029819401,False,0.0399849691618747,False,0.142471025386482,False,1.767757538996629,False,0,NORMAL,0,0.8989556104893159,0.7965102944231472,2.809207373887457,29.781017659593513,22.35765943584521,NORMAL,Thrust,0,Telemetry remains within the expected prototype operating envelope.
110.0,shutdown,80.11298385296934,528.3079836689614,0.1612319220432145,104.0200279496957,1,thrust,0.0209279242287324,False,0.0320315299020023,False,0.0477393055166688,False,1.7000301899326085,False,0,NORMAL,0,0.4176837494012653,0.6385829352092531,0.9502424998365733,28.823397488403113,21.432825201336417,NORMAL,Thrust,0,Telemetry remains within the expected prototype operating envelope.
110.1,shutdown,79.12598059576762,524.5390071016004,0.1560782131270329,104.8531352767294,1,thrust,0.0634101231004208,False,0.002929888931003,False,0.1610528057497545,False,1.692810267185248,False,0,NORMAL,0,1.2601946620360627,0.05858061347472354,3.169732631211397,28.72054533350251,21.574146625296294,NORMAL,Thrust,0,Telemetry remains within the expected prototype operating envelope.
110.2,shutdown,78.82770777496127,523.1636327007369,0.1642393752133093,95.5963249327828,1,thrust,0.0762482623862418,False,0.0076898778144981,False,0.1695801985766973,False,1.7730321706562264,False,0,NORMAL,0,1.5133965336360355,0.15367934845638143,3.3347338336883414,29.85505445451665,22.455761010336847,NORMAL,Thrust,0,Telemetry remains within the expected prototype operating envelope.
110.3,shutdown,78.48210215948866,519.3782206778282,0.1584293787950781,91.82695099377533,1,thrust,0.0911236808618659,False,0.0369184229245916,False,0.0658000757736888,False,1.8056985363962164,False,0,NORMAL,0,1.8059669951940416,0.7356492153831828,1.3073800763920396,30.31183677711483,22.691766798232,NORMAL,Thrust,0,Telemetry remains within the expected prototype operating envelope.
110.4,shutdown,78.90738429862112,517.1348069231825,0.153138158414897,88.22531838778258,1,thrust,0.0728188573677425,False,0.0542406377142721,False,0.2801631863648213,False,1.836911212525508,False,0,NORMAL,0,1.4458232722404207,1.078949880279323,5.44917234248955,30.745512564335932,23.372535747011064,NORMAL,Thrust,0,Telemetry remains within the expected prototype operating envelope.
110.5,shutdown,79.47265605808983,515.8315695153343,0.1601137559663391,86.59909894503915,1,thrust,0.0484886567052024,False,0.0643034084599471,False,0.0024390645185249,False,1.851004449214072,False,0,NORMAL,0,0.9650859982108129,1.2778336508262766,0.048769394233483254,30.940441693679777,23.01909854037501,NORMAL,Thrust,0,Telemetry remains within the expected prototype operating envelope.
110.6,shutdown,77.47233319920173,512.5312407442657,0.1603339247579857,88.84626347190999,1,thrust,0.1345857520073924,False,0.0897864490852566,False,0.0113587585855563,False,1.831529942439076,False,0,NORMAL,0,2.655811254689122,1.7797018468500125,0.22691732421004085,30.670937020102194,23.027778714578417,NORMAL,Thrust,0,Telemetry remains within the expected prototype operating envelope.
110.7,shutdown,78.37011992862834,511.3089786099388,0.1607072745134951,85.78716233064148,1,thrust,0.0959435751902705,False,0.0992239802478701,False,0.026484270127129,False,1.8580409011110648,False,0,NORMAL,0,1.9005783587426883,1.964918418069106,0.5282850430052499,31.037560192696787,23.274656551347874,NORMAL,Thrust,0,Telemetry remains within the expected prototype operating envelope.
110.8,shutdown,77.10721386649219,506.7923734442506,0.1600061212430837,69.0891351941695,1,thrust,0.1503010720844919,False,0.134098333959136,False,0.0019215389768547,False,2.0027503065461474,False,0,NORMAL,0,2.9612899504152357,2.646321329243073,0.03842339585891086,33.00485696965655,24.835110049229463,NORMAL,Thrust,0,Telemetry remains within the expected prototype operating envelope.
110.9,shutdown,75.39206719413332,503.0965716068417,0.1476885145888603,78.93943929091046,1,thrust,0.2241237281878168,False,0.1626349661854126,False,0.5009445030037266,False,1.917385033298944,False,0,NORMAL,0,4.383496075557558,3.200367987551922,9.533349015304626,31.851225245176128,24.98803476267863,NORMAL,Thrust,0,Telemetry remains within the expected prototype operating envelope.
111.0,shutdown,74.38019836612953,504.8068426831076,0.161107103813326,74.06721090043311,1,thrust,0.2676761809985511,False,0.1494293402190441,False,0.0426825469439969,False,1.959609019867388,False,0,NORMAL,0,5.21274590107923,2.9443701283568546,0.8500176850381846,32.4243046596667,24.70104888652069,NORMAL,Thrust,0,Telemetry remains within the expected prototype operating envelope.
111.1,shutdown,75.32098948151166,502.1445127033928,0.1819930977268803,72.31497233041694,1,thrust,0.2271830266256951,False,0.1699861597776859,False,0.8888364209853816,False,1.9747943707819056,False,0,NORMAL,0,4.441982065341499,3.3425819845888993,16.286278411839394,32.629225452147196,26.170252486363417,NORMAL,Thrust,0,Telemetry remains within the expected prototype operating envelope.
111.2,shutdown,74.41397463386706,503.4639194066817,0.1377511567510203,67.07303595858332,1,thrust,0.266222396411014,False,0.1597985400120556,False,0.9035364920192448,False,2.02022234197257,False,0,NORMAL,0,5.185181844232522,3.1454394069763247,16.532036499454648,33.23855671331479,26.688918129252716,NORMAL,Thrust,0,Telemetry remains within the expected prototype operating envelope.
111.3,shutdown,76.02483472390081,496.4249589500995,0.1670891248058865,68.63254099638556,1,thrust,0.1968884016141825,False,0.2141489177221381,False,0.2850320496012339,False,2.006707269506286,False,0,NORMAL,0,3.8612456587359234,4.192554377352153,5.541198538672165,33.05785545548198,25.56973077370948,NORMAL,Thrust,0,Telemetry remains within the expected prototype operating envelope.
111.4,shutdown,75.81523884863121,494.7425375471576,0.1589824087238664,67.80513591804186,1,thrust,0.2059097433280214,False,0.2271395062161978,False,0.0433951847906759,False,2.013877775097307,False,0,NORMAL,0,4.034549379484298,4.44115031690745,0.8641482839933379,33.15378845457593,25.268155683533447,NORMAL,Thrust,0,Telemetry remains within the expected prototype operating envelope.
111.5,shutdown,74.13743091071296,491.7343199317455,0.1563228997714151,61.93563055334778,1,thrust,0.2781252805788504,False,0.250367050203731,False,0.151139820381324,False,2.064744420874143,False,0,NORMAL,0,5.410627352166952,4.8840402727056365,2.977566795715614,33.830389489416056,26.11123276024581,NORMAL,Thrust,0,Telemetry remains within the expected prototype operating envelope.
111.6,shutdown,73.74657153316674,488.4476158530634,0.1513395943699999,67.3709226812191,1,thrust,0.2949484933561404,False,0.2757448896161687,False,0.3530283772961266,False,2.017640778883271,False,0,NORMAL,0,5.728351966051671,5.365584693540615,6.817073716266265,33.20407803763764,26.055220960645386,NORMAL,Thrust,0,Telemetry remains within the expected prototype operating envelope.
111.7,shutdown,73.30010702880743,488.053268025224,0.1589027905062826,59.737425719807504,1,thrust,0.3141650397301771,False,0.278789792840789,False,0.046620756124827,False,2.083794630332201,False,0,NORMAL,0,6.089971711905862,5.423197676429703,0.9280816119214386,34.082018813882996,26.2240983377612,NORMAL,Thrust,0,Telemetry remains within the expected prototype operating envelope.
111.8,shutdown,72.11433155592385,489.4300835076989,0.1645811394853546,60.62677576129863,1,thrust,0.3652027126949332,False,0.268158898979235,False,0.1834260880276365,False,2.0760872937303376,False,0,NORMAL,0,7.043685758811968,5.221896561731921,3.6020468620205914,33.980330045238205,26.448910961837566,NORMAL,Thrust,0,Telemetry remains within the expected prototype operating envelope.
111.9,shutdown,72.82805710870858,484.9228198577831,0.1563321310668995,50.56661957903822,1,thrust,0.3344828233207389,False,0.3029611234444643,False,0.1507658330830004,False,2.16327119921934,False,0,NORMAL,0,6.470806143054797,5.879303750368514,2.9703094927709173,35.12152230459168,27.242659395928357,NORMAL,Thrust,0,Telemetry remains within the expected prototype operating envelope.
112.0,shutdown,73.40480906867597,481.96218337145393,0.1594339706853381,54.39146452500032,1,thrust,0.3096584964665029,False,0.3258212762023579,False,0.0251010636370238,False,2.130124107440898,False,0,NORMAL,0,6.0052916351208125,6.308644222388493,0.5007632520066974,34.68998689976973,26.705151510662827,NORMAL,Thrust,0,Telemetry remains within the expected prototype operating envelope.
112.1,shutdown,71.60149887352266,475.1358315744501,0.1582684656320437,59.92960409235326,1,thrust,0.3872758516057772,False,0.3785300250066103,False,0.0723191476861561,False,2.082129163040689,False,0,NORMAL,0,7.453148807713605,7.291127405349007,1.4359730847708807,34.06005830831808,26.535064815945013,NORMAL,Thrust,0,Telemetry remains within the expected prototype operating envelope.
112.2,shutdown,73.91168463895987,478.7731167675241,0.1483178863939309,58.1419090247233,1,thrust,0.2878417611894074,False,0.3504452211066253,False,0.4754467750393747,False,2.0976217890989446,False,0,NORMAL,0,5.594264025218676,6.768920067940709,9.07083189272363,34.264058666762786,27.145219665502317,NORMAL,Thrust,0,Telemetry remains within the expected prototype operating envelope.
112.3,shutdown,70.63360486378478,475.4371508181565,0.1603471452892757,51.79391906393715,1,thrust,0.428935557901961,False,0.3762034293668457,False,0.0118943617181741,False,2.15263510566775,False,0,NORMAL,0,8.22104027992837,7.247978155292634,0.23760450691738821,34.98336469931721,27.174560973183553,NORMAL,Thrust,0,Telemetry remains within the expected prototype operating envelope.
112.4,shutdown,68.76749801091515,473.6724736452202,0.152841417911928,47.90316061902985,1,thrust,0.509255781630692,False,0.3898291446236721,False,0.2921850287157976,False,2.1863534208107582,False,0,NORMAL,0,9.683602809149416,7.500396588739411,5.6762342916576,35.420339916205975,28.122771136037223,NORMAL,Thrust,0,Telemetry remains within the expected prototype operating envelope.
112.5,shutdown,70.1567209722183,468.4969197414598,0.1520064208706629,43.320941503872376,1,thrust,0.4494614033562801,False,0.4297914815714847,False,0.3260132479618564,False,2.2260641122779785,False,0,NORMAL,0,8.597036137240666,8.236750092047739,6.31224137221662,35.931209125218686,28.52454414498047,NORMAL,Thrust,0,Telemetry remains within the expected prototype operating envelope.
112.6,shutdown,69.39914351348548,466.80751897222746,0.1488422792927216,50.66680477016087,1,thrust,0.4820687489022717,False,0.44283596029499,False,0.4542020555078048,False,2.1624029685402144,False,0,NORMAL,0,9.191178296974712,8.475838829847348,8.683656998272893,35.11025542944529,28.19949736516171,NORMAL,Thrust,0,Telemetry remains within the expected prototype operating envelope.
112.7,shutdown,72.47023258287754,465.3518574148089,0.1588369673391171,51.359347133418254,1,thrust,0.3498841632419656,False,0.4540756534218017,False,0.0492874488438464,False,2.156401217985702,False,0,NORMAL,0,6.758457874836788,8.681348453844217,0.9809063966073617,35.03231825076099,27.27314707339896,NORMAL,Thrust,0,Telemetry remains within the expected prototype operating envelope.
112.8,shutdown,68.35353587715295,463.76062511239854,0.1275427461306746,46.984822449799,1,thrust,0.5270733739876744,False,0.4663621376539461,False,1.317109637255346,False,2.1943119759964467,False,0,NORMAL,0,10.004874190581592,8.905470008937211,23.158238758094253,35.52305030961743,29.879250612133998,NORMAL,Thrust,0,Telemetry remains within the expected prototype operating envelope.
112.9,shutdown,69.73293228591288,459.0490304264613,0.165622105205237,50.84222099008901,1,thrust,0.4677019462519949,False,0.5027420764782999,False,0.2255987124317429,False,2.160882766382079,False,0,NORMAL,0,8.929876585680486,9.56586725998968,4.411698482891968,35.09052332397097,27.883662155177777,NORMAL,Thrust,0,Telemetry remains within the expected prototype operating envelope.
113.0,shutdown,67.30311961075327,455.713115498628,0.1470567218716069,38.50295232196424,1,thrust,0.5722849702024247,False,0.5284998907826691,False,0.5265403093372788,False,2.2678180478901524,False,0,NORMAL,0,10.814970752903562,10.030546439904931,9.995279035051485,36.46400622518294,29.590774261010168,NORMAL,Thrust,0,Telemetry remains within the expected prototype operating envelope.
113.1,shutdown,67.61904974397153,451.7667666100281,0.1418227999841661,35.348670802884754,1,thrust,0.5586868319480602,False,0.5589710880559252,False,0.7385820871821887,False,2.29515386423961,False,0,NORMAL,0,10.572090559176617,10.577174500555541,13.732427995025088,36.81042006330363,30.199832938977686,NORMAL,Thrust,0,Telemetry remains within the expected prototype operating envelope.
113.2,shutdown,66.95288529234068,457.9910124729255,0.1545351025581904,41.98889900019921,1,thrust,0.5873596154560554,False,0.5109114184931349,False,0.2235688148659373,False,2.237607935817454,False,0,NORMAL,0,11.08345235860394,9.713504089604442,4.372883712310438,36.07895826383937,28.810592733626933,NORMAL,Thrust,0,Telemetry remains within the expected prototype operating envelope.
113.3,shutdown,65.6380229470589,449.9888546971289,0.1482942105191581,39.035074970066745,1,thrust,0.6439533938793612,False,0.5726989935609162,False,0.4764059553035866,False,2.26320653591954,False,0,NORMAL,0,12.084202729034189,10.822355384225569,9.088273712383167,36.405379794518645,29.648515383201257,NORMAL,Thrust,0,Telemetry remains within the expected prototype operating envelope.
113.4,shutdown,66.7284463682233,450.5865339761959,0.1484644326198841,32.1037976179488,1,thrust,0.5970198257333085,False,0.5680840941354756,False,0.4695097505755319,False,2.323274771306452,False,0,NORMAL,0,11.255077021652692,10.740008215501406,8.962798026340257,37.16481220728757,30.117863788430338,NORMAL,Thrust,0,Telemetry remains within the expected prototype operating envelope.
113.5,shutdown,65.66901237115525,447.7517192514839,0.1533187788159066,41.60138047675525,1,thrust,0.642619559499612,False,0.589972731239854,False,0.272845715495216,False,2.240966271186317,False,0,NORMAL,0,12.060746577926595,11.129910064426596,5.310696452460039,36.12187750755983,29.133753057621533,NORMAL,Thrust,0,Telemetry remains within the expected prototype operating envelope.
113.6,shutdown,66.89695083148018,450.587864138886,0.1531396852875152,28.00545305407718,1,thrust,0.5897671241169622,False,0.5680738234648176,False,0.2801013282034905,False,2.358792081241263,False,0,NORMAL,0,11.126255524586604,10.739824863317383,5.4480025871834314,37.609578016499334,30.12704604748841,NORMAL,Thrust,0,Telemetry remains within the expected prototype operating envelope.
113.7,shutdown,65.21950540059937,439.9906483577983,0.1328217567337842,26.96081780293565,1,thrust,0.6619670584850809,False,0.6498987866721009,False,1.103241181130406,False,2.3678451594794123,False,0,NORMAL,0,12.400369991069947,12.188679390737555,19.80012552176056,37.722440884334155,31.704352956258646,NORMAL,Thrust,0,Telemetry remains within the expected prototype operating envelope.
113.8,shutdown,65.40538578248032,441.9230610348481,0.1565169644199003,29.462272650181006,1,thrust,0.6539664695389008,False,0.6349779244883681,False,0.1432776829695322,False,2.346166907269789,False,0,NORMAL,0,12.260088060887387,11.926243886497211,2.8248860470962867,37.45184096820093,29.984214288565266,NORMAL,Thrust,0,Telemetry remains within the expected prototype operating envelope.
113.9,shutdown,66.22643290154501,442.3079710666368,0.148748014711072,15.72085251260276,1,thrust,0.6186272882944317,False,0.6320058939248843,False,0.4580209947106902,False,2.4652535946784644,False,0,NORMAL,0,11.637760065287972,11.873876745362644,8.753376681790947,38.92397088316236,31.52961720692088,NORMAL,Thrust,0,Telemetry remains within the expected prototype operating envelope.
114.0,shutdown,63.90237255273525,433.6201758177551,0.1548585418493999,21.472172436101488,1,thrust,0.7186585629711306,False,0.6990875256739351,False,0.2104653250149459,False,2.415411174385674,False,0,NORMAL,0,13.387991399789845,13.04830967096059,4.121945249420844,38.312090768871855,30.92901349505798,NORMAL,Thrust,0,Telemetry remains within the expected prototype operating envelope.
114.1,shutdown,62.92105151835243,436.9046614345533,0.1636521082066687,19.828826209502097,1,thrust,0.7608961898841509,False,0.6737268158138044,False,0.1457882615100512,False,2.4296528361958747,False,0,NORMAL,0,14.116566878322455,12.606157972732902,2.8736669503950374,38.48754843757954,30.97425125534182,NORMAL,Thrust,0,Telemetry remains within the expected prototype operating envelope.
114.2,shutdown,64.72998494423808,431.95713987474096,0.149901719678002,20.56322012582029,1,thrust,0.68303680189997,False,0.7119284319705091,False,0.4112809673359293,False,2.423288389299425,False,0,NORMAL,0,12.768733658682285,13.271330870517772,7.8964034929667415,38.4092000374471,31.296225979556834,NORMAL,Thrust,0,Telemetry remains within the expected prototype operating envelope.
114.3,shutdown,63.643147592288926,427.0454265956772,0.1378250670241688,10.513498770681764,1,thrust,0.7298160198911898,False,0.749853559347963,False,0.9005421665294012,False,2.5103818638880413,False,0,NORMAL,0,13.581049866468586,13.926681467832703,16.482035478876966,39.47274174673762,32.96025163437209,NORMAL,Thrust,0,Telemetry remains within the expected prototype operating envelope.
114.4,shutdown,63.22495862827007,426.0306014458364,0.1322225525232929,14.149999259723645,1,thrust,0.7478155417831053,False,0.7576893939919782,False,1.1275167299095377,False,2.478867013700487,False,0,NORMAL,0,13.89159052971689,14.061467082723322,20.188561003288562,39.09003542527002,33.041292755012904,NORMAL,Thrust,0,Telemetry remains within the expected prototype operating envelope.
114.5,shutdown,61.53274494408434,427.336243374924,0.151602319387846,5.096226153805986,1,thrust,0.8206511253948404,False,0.7476080570619386,False,0.3423846036467538,False,2.557329344153874,False,0,NORMAL,0,15.13684984202025,13.888017219710868,6.618498837578524,40.038402409098794,32.64711629289995,NORMAL,Thrust,0,Telemetry remains within the expected prototype operating envelope.
114.6,shutdown,61.09762896309177,419.5168314700078,0.1375668904365456,2.1735050506471225,1,thrust,0.8393792131715541,False,0.8079845846933019,False,0.9110016697116932,False,2.582658398277093,False,0,NORMAL,0,15.454120189429544,14.921592791814476,16.656564150049768,40.34138843634302,33.867098220791185,NORMAL,Thrust,0,Telemetry remains within the expected prototype operating envelope.
114.7,shutdown,60.99446171184773,420.748444958798,0.1466524328892832,4.287728126021875,1,thrust,0.8438196966779821,False,0.7984748483165353,False,0.5429192611861271,False,2.564335996373317,False,0,NORMAL,0,15.529171774930983,14.759624167967534,10.289633248651796,40.12236957465372,33.14086011556777,NORMAL,Thrust,0,Telemetry remains within the expected prototype operating envelope.
114.8,shutdown,61.041996539703625,416.70887299575577,0.1469013827432733,3.47271408900707,1,thrust,0.8417737216565511,False,0.8296658549051714,False,0.5328335604879643,False,2.5713991180076112,False,0,NORMAL,0,15.494599661127639,15.289715665020454,10.108492234951349,40.20689445701886,33.23070532364761,NORMAL,Thrust,0,Telemetry remains within the expected prototype operating envelope.
114.9,shutdown,61.27398763913079,413.7147632209161,0.1476315715698569,1.9373312008829653,1,thrust,0.8317884536744901,False,0.8527844671166968,False,0.5032514344492087,False,2.5847051417096774,False,0,NORMAL,0,15.32566922203853,15.680488399275806,9.57507946002163,40.365804612920165,33.32063914664552,NORMAL,Thrust,0,Telemetry remains within the expected prototype operating envelope.
115.0,shutdown,62.3459100770779,415.0910483135266,0.1503168144322187,7.346916220041407,1,thrust,0.7856511974378699,False,0.8421576685884868,False,0.3944642414559714,False,2.5378242841463843,False,0,NORMAL,0,14.540725015239374,15.501088529824747,7.586105779313779,39.80403465877955,32.64791850173299,NORMAL,Thrust,0,Telemetry remains within the expected prototype operating envelope.
115.1,shutdown,60.01944730858352,408.97219368788313,0.1268711671792026,-1.026483343847218,1,thrust,0.8857858761003922,False,0.8894035740184318,False,1.3443173025388206,False,2.610390322185338,False,0,NORMAL,0,16.235188335128115,16.295773571529683,23.57524014963812,40.67136212519322,34.904422247255894,NORMAL,Thrust,0,Telemetry remains within the expected prototype operating envelope.
115.2,shutdown,59.700396816612525,409.5474652409701,0.1390574018439929,2.848052952436888,1,thrust,0.8995183195863936,False,0.884961692807563,False,0.8506166094203594,False,2.576812592361958,False,0,NORMAL,0,16.464931805250092,16.221379685413307,15.643921932323945,40.27159711276631,33.92919829517655,NORMAL,Thrust,0,Telemetry remains within the expected prototype operating envelope.
115.3,shutdown,61.19917335053931,405.0760139905406,0.1449717116122391,-5.476252792192355,1,thrust,0.835008580318649,False,0.9194873966912672,False,0.6110102903054896,False,2.6489531707141176,False,0,NORMAL,0,15.380184079402692,16.797890119201508,11.503046479253365,41.1271783636256,34.15339210248642,NORMAL,Thrust,0,Telemetry remains within the expected prototype operating envelope.
115.4,shutdown,59.35463541154864,404.0114079069457,0.1278442603762984,-2.9713722616743894,1,thrust,0.9144004434952068,False,0.9277076080580932,False,1.304894396359021,False,2.627245230650621,False,0,NORMAL,0,16.713197996264828,16.93456552422221,22.97028113191766,40.87102116479046,35.09645701611838,NORMAL,Thrust,0,Telemetry remains within the expected prototype operating envelope.
115.5,shutdown,58.372706446180445,400.43612967547887,0.1270092919820799,-15.837255160352242,1,thrust,0.9566642367302048,False,0.9553136336207384,False,1.3387214550278248,False,2.738744286763572,False,0,NORMAL,0,17.41423421308046,17.391923081453854,23.489660008791603,42.17499303105351,36.20494137444298,NORMAL,Thrust,0,Telemetry remains within the expected prototype operating envelope.
115.6,shutdown,56.84209020942415,398.53504353271336,0.1306922790697378,-12.98139915806192,1,thrust,1.0225444077343688,False,0.9699926122222008,False,1.1895126692183215,False,2.713994702832368,False,0,NORMAL,0,18.49524969972398,17.63408787302082,21.172048207556806,41.888054483299065,35.90631143720945,NORMAL,Thrust,0,Telemetry remains within the expected prototype operating envelope.
115.7,shutdown,55.97259696686381,400.7950850540356,0.1187267121025369,-15.18468311884098,1,thrust,1.0599687876221937,False,0.9525420083891488,False,1.6742734561027834,False,2.7330889293157217,False,0,NORMAL,0,19.10302524753835,17.346118661293964,28.455796119080347,42.10955181191485,36.73497671372956,NORMAL,Thrust,0,Telemetry remains within the expected prototype operating envelope.
115.8,shutdown,58.1958300758953,394.5646087076743,0.1260521719385211,-19.95656154380705,1,thrust,0.9642772786156584,False,1.0006497857842915,False,1.377497241142287,False,2.774443257227734,False,0,NORMAL,0,17.539884309676324,18.137563992950444,24.080714900505605,42.586381312817835,36.63629549847724,NORMAL,Thrust,0,Telemetry remains within the expected prototype operating envelope.
115.9,shutdown,57.63446378556766,391.26504259202153,0.143505521424603,-16.52629088735472,1,thrust,0.988439381639688,False,1.0261269376693292,False,0.67041002548135,False,2.7447156479048096,False,0,NORMAL,0,17.937405004629813,18.553627424790164,12.548165329845363,42.24401060988268,35.44588762872419,NORMAL,Thrust,0,Telemetry remains within the expected prototype operating envelope.
116.0,shutdown,57.14987929543489,390.7622018334256,0.1443098839948427,-22.454947338017234,1,thrust,1.0092966731731734,False,1.0300095543321572,False,0.6378228999770891,False,2.796094912233009,False,0,NORMAL,0,18.27901270169826,18.61684788418997,11.976343167491411,42.834463758483835,35.86673485030255,NORMAL,Thrust,0,Telemetry remains within the expected prototype operating envelope.
116.1,shutdown,56.605965609641146,387.6114712172595,0.1258424099948374,-17.767457956402183,1,thrust,1.0327075881831536,False,1.0543374931105622,False,1.3859953227757993,False,2.7554719215136343,False,0,NORMAL,0,18.660750937794045,19.011862983032458,24.209638965214452,42.36812490616973,36.661189245828766,NORMAL,Thrust,0,Telemetry remains within the expected prototype operating envelope.
116.2,shutdown,56.83264440191706,385.3874155848475,0.1316699302409714,-30.08054207172563,1,thrust,1.0229509703977562,False,1.0715102367870517,False,1.1499051059189969,False,2.862180280940644,False,0,NORMAL,0,18.501876787959826,19.289543559898327,20.54513180463643,43.58505363881756,37.24842537197123,NORMAL,Thrust,0,Telemetry remains within the expected prototype operating envelope.
116.3,shutdown,55.45625227088787,381.97599128962577,0.1366297229399442,-13.88688285197594,1,thrust,1.0821930892146534,False,1.097851086422209,False,0.9489691186708894,False,2.721841857822987,False,0,NORMAL,0,19.46180305119921,19.713621920072676,17.287034913274645,41.97918564121665,35.90011465029511,NORMAL,Thrust,0,Telemetry remains within the expected prototype operating envelope.
116.4,shutdown,54.1904746563353,384.4560316661923,0.1470172990789631,-22.055921458500933,1,thrust,1.1366741823178386,False,1.0787017912906245,False,0.5281374441855959,False,2.792636851151536,False,0,NORMAL,0,20.334601117776273,19.4055468448048,10.024024379061236,42.794913700192915,35.91561393378598,NORMAL,Thrust,0,Telemetry remains within the expected prototype operating envelope.
116.5,shutdown,53.66274405905627,377.7042506142918,0.1220122899208029,-27.388137477677503,1,thrust,1.1593885513137865,False,1.1308347522086557,False,1.5411649044630154,False,2.8388472090267536,False,0,NORMAL,0,20.695690159084045,20.24150666072154,26.525588327362048,43.32117159975151,37.85235775519391,NORMAL,Thrust,0,Telemetry remains within the expected prototype operating envelope.
116.6,shutdown,52.84093914984311,376.052815864868,0.1476866325140874,-35.4595709010822,1,thrust,1.1947603490583083,False,1.1435860814636465,False,0.5010207514631922,False,2.908796330690268,False,0,NORMAL,0,21.25473757792198,20.444652874083623,9.534728593339647,44.10857777319508,37.01306152419908,NORMAL,Thrust,0,Telemetry remains within the expected prototype operating envelope.
116.7,shutdown,53.38605308197671,373.9028173500217,0.1258337071727128,-34.758324025446115,1,thrust,1.1712977735261032,False,1.1601870031592276,False,1.3863479000429524,False,2.9027191445887524,False,0,NORMAL,0,20.884355913308326,20.708353282476498,24.214983168461814,44.04060395774035,38.23811850070509,NORMAL,Thrust,0,Telemetry remains within the expected prototype operating envelope.
116.8,shutdown,52.68633313347748,371.6963954909983,0.1287066989883909,-22.601904699650788,1,thrust,1.2014148392903112,False,1.177223590048072,False,1.2699544372761369,False,2.7973684825926983,False,0,NORMAL,0,21.359469784439046,20.97806533003358,22.430112939504177,42.84902277072305,37.268323498131224,NORMAL,Thrust,0,Telemetry remains within the expected prototype operating envelope.
116.9,shutdown,52.21301562476832,369.7372825113188,0.1402889264934099,-39.07361209054312,1,thrust,1.2217871819221304,False,1.1923506149943104,False,0.800723874729606,False,2.940116542800984,False,0,NORMAL,0,21.679236268084225,21.216777403016696,14.797957117480898,44.45758975889866,37.83569489118867,NORMAL,Thrust,0,Telemetry remains within the expected prototype operating envelope.
117.0,shutdown,53.07058859160036,369.1740902352947,0.1286587654364236,-36.18868701274852,1,thrust,1.1848758697677704,False,1.196699227706957,False,1.271896368355001,False,2.915115038771771,False,0,NORMAL,0,21.098912420488602,21.285267159822453,22.460234164684568,44.17916547775309,38.25602074253002,NORMAL,Thrust,0,Telemetry remains within the expected prototype operating envelope.
117.1,shutdown,51.41079233762407,367.3810762252242,0.1438365360163523,-52.53697242227372,1,thrust,1.256316155332596,False,1.2105437420053256,False,0.656999637623718,False,3.05679349228968,False,0,NORMAL,0,22.218240114723265,21.50291914102723,12.313297899948704,45.73868796109352,38.635297372430145,NORMAL,Thrust,1,Telemetry remains within the expected prototype operating envelope.
117.2,shutdown,51.503849815493616,363.29291091105017,0.1423307901659797,-44.191215604179945,1,thrust,1.2523108126424822,False,1.2421099555587545,False,0.7180018906114334,False,2.9844670134079774,False,0,NORMAL,0,22.155906630683997,21.99692922098849,13.37661551036986,44.94807761284891,38.18303423365478,NORMAL,Thrust,0,Telemetry remains within the expected prototype operating envelope.
117.3,shutdown,50.82013726890727,362.9572604075154,0.1254357133032475,-47.20793451890552,1,thrust,1.2817388942250068,False,1.2447016353612226,False,1.4024718181043403,False,3.0106106767849035,False,0,NORMAL,0,22.61272145966681,22.03735054078536,24.458979819147984,45.235178158174186,39.40798592586847,NORMAL,Thrust,1,Telemetry remains within the expected prototype operating envelope.
117.4,shutdown,50.2557406860127,362.46749852852383,0.1316180055800631,-52.08764441974142,1,thrust,1.306031425887978,False,1.248483265230488,False,1.1520087287184528,False,3.0528995000497368,False,0,NORMAL,0,22.98779615332458,22.09629342473497,20.57855338795568,45.69641287574311,39.44658575538688,NORMAL,Thrust,1,Telemetry remains within the expected prototype operating envelope.
117.5,shutdown,49.11348900699561,358.56417888428393,0.1372847792255619,-45.89639933522557,1,thrust,1.3551957651497344,False,1.2786222180341285,False,0.9224308358348076,False,2.9992445749642296,False,0,NORMAL,0,23.741336175693373,22.564468204551357,16.84685577445443,45.110544043191894,38.794883995390194,NORMAL,Thrust,1,Telemetry remains within the expected prototype operating envelope.
117.6,shutdown,51.65942698926181,349.6451155504669,0.1416549356878961,-58.4625096536202,1,thrust,1.245614522242536,False,1.347489554909107,False,0.7453827702231768,False,3.108145724659615,False,0,NORMAL,0,22.051583457426293,23.623712496477232,13.849683917696233,46.29312383642852,39.34961456813102,NORMAL,Thrust,1,Telemetry remains within the expected prototype operating envelope.
117.7,shutdown,49.450554103691005,352.01352869374466,0.1306152727604071,-65.05475040213562,1,thrust,1.340687944262582,False,1.3292021743072886,False,1.1926324243631083,False,3.165275781486445,False,0,NORMAL,0,23.519745444123398,23.343856577573185,21.221217647931645,46.90328671165912,40.54859567094107,NORMAL,Thrust,1,Telemetry remains within the expected prototype operating envelope.
117.8,shutdown,49.9322358295343,350.9450472865132,0.1317910138627885,-64.35490580504671,1,thrust,1.3199555923469986,False,1.3374523084595449,False,1.144999647452067,False,3.159210747892118,False,0,NORMAL,0,23.20196395325116,23.47023697674089,20.467141041661797,46.83884096302968,40.4183376327541,NORMAL,Thrust,1,Telemetry remains within the expected prototype operating envelope.
117.9,shutdown,48.2362557447043,347.1855249625587,0.1324139733067326,-67.64565875093714,1,thrust,1.3929532878667064,False,1.3664809497733827,False,1.1197617033520308,False,3.187729260788376,False,0,NORMAL,0,24.315034951308157,23.913260702787376,20.064676989939535,47.14119331930527,40.742265179340706,NORMAL,Thrust,1,Telemetry remains within the expected prototype operating envelope.
118.0,shutdown,47.12202380451764,346.346705385221,0.1398156382979734,-61.16734608721959,1,thrust,1.44091161275248,False,1.3729577812799845,False,0.8198981903865099,False,3.1315865340981377,False,0,NORMAL,0,25.03750937458723,24.011757092625373,15.124069592440437,46.54432107960973,39.941603701431816,NORMAL,Thrust,1,Telemetry remains within the expected prototype operating envelope.
118.1,shutdown,49.767672160380414,344.7568219349032,0.1322323592933777,-67.28804555803868,1,thrust,1.3270386758819714,False,1.3852338505337871,False,1.1271194284196764,False,3.184630092719171,False,0,NORMAL,0,23.310680311293762,24.19809563501619,20.18221891059534,47.10841949802831,40.665421429775094,NORMAL,Thrust,1,Telemetry remains within the expected prototype operating envelope.
118.2,shutdown,46.934555091194994,342.4590851795656,0.1211482015862655,-65.38789819956793,1,thrust,1.4489805660243986,False,1.4029755129996075,False,1.5761716987199212,False,3.168162926134997,False,0,NORMAL,0,25.158385580708607,24.466589361102486,27.038212423224696,46.93393743982413,41.321807756310925,NORMAL,Thrust,1,Telemetry remains within the expected prototype operating envelope.
118.3,shutdown,47.28054097644777,341.4319290034292,0.1235282322827908,-72.64520356421961,1,thrust,1.4340887801292064,False,1.410906559989373,False,1.4797495603942292,False,3.231056604280107,False,0,NORMAL,0,24.935148245873606,24.58630619383354,25.617531628074786,47.597260781020076,41.67764110693322,NORMAL,Thrust,1,Telemetry remains within the expected prototype operating envelope.
118.4,shutdown,47.08271484620349,342.6555424409868,0.1238091081301259,-67.97805847369585,1,thrust,1.442603533191806,False,1.4014585949222875,False,1.468370442535107,False,3.190609922429064,False,0,NORMAL,0,25.062871197340986,24.443670285434305,25.44805747974015,47.171638215674164,41.347610593279796,NORMAL,Thrust,1,Telemetry remains within the expected prototype operating envelope.
118.5,shutdown,46.94223213866957,334.34271733918933,0.1130325534245024,-73.37552962568411,1,thrust,1.4486501336218889,False,1.4656449455783789,False,1.9049607982885173,False,3.2373857980983054,False,0,NORMAL,0,25.15343939838045,25.40740818330187,31.681675401059838,47.66355223364731,42.34809053330483,NORMAL,Thrust,1,Telemetry remains within the expected prototype operating envelope.
118.6,shutdown,45.61326350219242,333.8232371293554,0.1324789773449262,-73.78037663924678,1,thrust,1.5058510693808276,False,1.4696560415053326,False,1.1171281959894654,False,3.2408943066272475,False,0,NORMAL,0,26.00481880392146,25.467223795721416,20.022563848050968,47.700263926484766,41.43472270995573,NORMAL,Thrust,1,Telemetry remains within the expected prototype operating envelope.
118.7,shutdown,45.578126809911545,328.9160187812773,0.1306097320115596,-75.74065977029981,1,thrust,1.5073634088166683,False,1.5075464618833143,False,1.192856896615749,False,3.257882625310687,False,0,NORMAL,0,26.027196585587685,26.029904725716722,21.22475429869003,47.877659307597284,41.72193610522751,NORMAL,Thrust,1,Telemetry remains within the expected prototype operating envelope.
118.8,shutdown,44.585137843580746,329.02101227415073,0.1331257754927709,-73.94377528039655,1,thrust,1.550103242183232,False,1.5067357688797138,False,1.0909244749318612,False,3.242310361351344,False,0,NORMAL,0,26.656818815236537,26.017910345624095,19.602322335188703,47.71507368690984,41.514108850000326,NORMAL,Thrust,1,Telemetry remains within the expected prototype operating envelope.
118.9,shutdown,45.54421934315199,325.62815293771314,0.1355158841047681,-78.67653715475554,1,thrust,1.5088228404199626,False,1.5329332717055928,False,0.9940940502084,False,3.28332569515736,False,0,NORMAL,0,26.048785084158155,26.404525825709136,18.03015990024177,48.14221609401053,41.67218806521731,NORMAL,Thrust,1,Telemetry remains within the expected prototype operating envelope.
119.0,shutdown,44.72820056077103,325.9118334829867,0.1122106594735295,-80.99977797428348,1,thrust,1.5439455940108922,False,1.5307428708815332,False,1.938258172286868,False,3.303459498685687,False,0,NORMAL,0,26.566438872755594,26.372278045212695,32.135128008146005,48.35061511244113,43.102540076460336,NORMAL,Thrust,1,Telemetry remains within the expected prototype operating envelope.
119.1,shutdown,43.565876185240505,314.416484135449,0.139750311186432,-85.45014517341194,1,thrust,1.5939738942362551,False,1.619502650511178,False,0.822544786413468,False,3.3420275274767666,False,0,NORMAL,0,27.297526514803682,27.66778124143582,15.168984164359212,48.74748548651257,42.088021089355415,NORMAL,Thrust,1,Telemetry remains within the expected prototype operating envelope.
119.2,shutdown,45.379754338710605,323.8049526999016,0.1182835839734717,-81.17266834361874,1,thrust,1.5159016772678982,False,1.547010864864041,False,1.6922258975646134,False,3.304957811171796,False,0,NORMAL,0,26.153408722335215,26.611443827021862,28.712214137085688,48.36609017733241,42.799234840846395,NORMAL,Thrust,1,Telemetry remains within the expected prototype operating envelope.
119.3,shutdown,43.51970971904459,315.67745424491926,0.1172985206269017,-89.7732355432865,1,thrust,1.5959609727831874,False,1.609766240972644,False,1.7321337501823169,False,3.3794925424724758,False,0,NORMAL,0,27.326413879351506,27.526792792926734,29.27893794578045,49.13008552974871,43.59500073226981,NORMAL,Thrust,1,Telemetry remains within the expected prototype operating envelope.
119.4,shutdown,41.747352947969375,309.58387364620484,0.1345023804354942,-82.50303367259559,1,thrust,1.6722460430410788,False,1.656816996434306,False,1.0351541050786983,False,3.316487099883226,False,0,NORMAL,0,28.426780306086584,28.20557787886798,18.700540771770402,48.48501346527666,42.349326089354975,NORMAL,Thrust,1,Telemetry remains within the expected prototype operating envelope.
119.5,shutdown,40.87142610974355,312.1329288132273,0.1092342924877831,-85.18454644241015,1,thrust,1.7099473351766867,False,1.6371348129661554,False,2.058839671351837,False,3.339725780442014,False,0,NORMAL,0,28.964431317888007,27.922406704188376,33.75220033455504,48.723885990261294,43.86478177402296,NORMAL,Thrust,1,Telemetry remains within the expected prototype operating envelope.
119.6,shutdown,41.42082428270693,311.28279471486286,0.1329016063026625,-88.78522537608937,1,thrust,1.686300359066655,False,1.6436990080110532,False,1.1000062370656634,False,3.370930191801322,False,0,NORMAL,0,28.627680352246898,28.016970892980385,19.748220310938493,49.042897688507345,42.85351330643867,NORMAL,Thrust,1,Telemetry remains within the expected prototype operating envelope.
119.7,shutdown,40.706484319655175,310.3127221579456,0.125663503910431,-96.70032753903384,1,thrust,1.7170466936414732,False,1.651189291583443,False,1.3932433415694758,False,3.4395245064827167,False,0,NORMAL,0,29.065221139812326,28.124724822162516,24.319425364832625,49.737197797410836,43.81325336668615,NORMAL,Thrust,1,Telemetry remains within the expected prototype operating envelope.
119.8,shutdown,40.143007039695405,305.16313725952165,0.1239950073196098,-104.07774841099196,1,thrust,1.7412996570357333,False,1.6909511123815348,False,1.460839112208477,False,3.5034591365620757,False,0,NORMAL,0,29.408463720861032,28.694036497295063,25.33567780301861,50.375812867301995,44.45300256648801,NORMAL,Thrust,1,Telemetry remains within the expected prototype operating envelope.
119.9,shutdown,41.35179431301265,303.6326499259624,0.1227339646328466,-111.0998561062218,1,thrust,1.6892715193736365,False,1.7027685625821043,False,1.511927710584625,False,3.564314531104962,False,0,NORMAL,0,28.670079474171374,28.86236842805384,26.09469261315779,50.97613208768681,44.912272209765035,NORMAL,Thrust,1,Telemetry remains within the expected prototype operating envelope.
