time_s,phase,pressure_kpa,temperature_k,vibration_g,thrust_n,anomaly,scenario,pressure_kpa_z,pressure_kpa_alert,temperature_k_z,temperature_k_alert,vibration_g_z,vibration_g_alert,thrust_n_z,thrust_n_alert,active_sensors,status,ai_anomaly,pressure_risk,temperature_risk,vibration_risk,thrust_risk,overall_risk,risk_level,primary_risk_sensor,elevated_sensor_count,risk_explanation
0.0,startup,41.36981434066013,295.3334847045074,0.144566610426664,100.93985494268712,0,normal,1.4742477694992966,False,1.8223400189961545,False,1.220415667217466,False,1.6756088736128971,False,0,NORMAL,0,25.53563922340275,30.543394088799136,21.657749705477524,28.47490184407675,29.1467285831231,NORMAL,Temperature,0,Telemetry remains within the expected prototype operating envelope.
0.1,startup,40.73769951180971,298.90907510127846,0.1389098930425965,103.35309303269028,0,normal,1.5808038529160555,False,1.6987726883766576,False,1.6631174978575654,False,1.6340151929464497,False,0,NORMAL,0,27.105775172381453,28.805494299487556,28.295989075068896,27.877421731441977,28.530980819025153,NORMAL,Temperature,0,Telemetry remains within the expected prototype operating envelope.
0.2,startup,40.03579150852044,299.45112091462835,0.1480530889050978,104.3663961682648,0,normal,1.699125025487504,False,1.680040354189385,False,0.947559468101485,False,1.6165502742490403,False,0,NORMAL,0,28.81051101601727,28.53826617678982,17.263712350096363,27.62505824411071,27.672617591774966,NORMAL,Pressure,0,Telemetry remains within the expected prototype operating envelope.
0.3,startup,42.9224331684879,300.867432857875,0.1655290697702109,111.34859414608772,0,normal,1.2125216182028278,False,1.631094623070535,False,0.4201328162978847,False,1.4962076879777026,False,0,NORMAL,0,21.533964501795268,27.83528161943306,8.059316667161854,25.86196834119964,25.3808545264706,NORMAL,Temperature,0,Telemetry remains within the expected prototype operating envelope.
0.4,startup,42.308743861262144,302.4466813765952,0.1543774184519588,105.13530497621696,0,normal,1.3159716972519853,False,1.5765180350980204,False,0.452609468327337,False,1.603297645943501,False,0,NORMAL,0,23.140748505074715,27.04326611244483,8.654566518159923,27.43297215166193,25.380192811222628,NORMAL,Thrust,0,Telemetry remains within the expected prototype operating envelope.
0.5,startup,42.14070341210092,301.44626143128687,0.1604316486308309,115.31128380536312,0,normal,1.3442984051553213,False,1.6110911288874794,False,0.0212022145494173,False,1.427908232175594,False,0,NORMAL,0,23.57495130349313,27.54599402414207,0.42314649265391413,24.84230249075209,24.588705617908452,NORMAL,Temperature,0,Telemetry remains within the expected prototype operating envelope.
0.6,startup,40.11692322118088,301.7816444610476,0.1462391814614162,120.04709576626756,0,normal,1.6854485902143228,False,1.5995007672621548,False,1.0895181503915532,False,1.3462835258467027,False,0,NORMAL,0,28.61552077280227,27.37784558322054,19.579706109345707,23.605287870021506,27.2781950316681,NORMAL,Pressure,0,Telemetry remains within the expected prototype operating envelope.
0.7,startup,41.60831940376704,302.042292561709,0.1437753550963582,114.93190963362215,0,normal,1.4340427873666064,False,1.5904931387432797,False,1.2823403064466996,False,1.4344469853213606,False,0,NORMAL,0,24.93445775471659,27.24689698716044,22.622029230898388,24.94052577717467,26.438075144774917,NORMAL,Temperature,0,Telemetry remains within the expected prototype operating envelope.
0.8,startup,42.1329608975377,309.96006610955146,0.1605932255884903,118.30355314072033,0,normal,1.345603566796845,False,1.316866119652929,False,0.0338474308627762,False,1.376334582763037,False,0,NORMAL,0,23.594898108401463,23.154496202664554,0.6746624816667324,24.063059209237903,21.89611113617707,NORMAL,Thrust,0,Telemetry remains within the expected prototype operating envelope.
0.9,startup,40.9634775356822,305.9596131555152,0.164131437590336,116.30438100581252,0,normal,1.5427442775867108,False,1.4551160974036068,False,0.310752360711605,False,1.4107915755152556,False,0,NORMAL,0,26.548793364442936,25.250167870627582,6.02585287606,24.584571893107142,24.467536962258702,NORMAL,Pressure,0,Telemetry remains within the expected prototype operating envelope.
1.0,startup,43.75680461346517,309.1775441078981,0.149325327699993,124.40945606179037,0,normal,1.0718709812714824,False,1.3439089696904087,False,0.8479924568348793,False,1.271095494530767,False,0,NORMAL,0,19.295366520235046,23.568998546800668,15.599637668401423,22.447813256194127,22.39963295468817,NORMAL,Temperature,0,Telemetry remains within the expected prototype operating envelope.
1.1,startup,42.22404106085018,308.8127637099895,0.1394805537914752,124.59454614241751,0,normal,1.3302501135371152,False,1.3565152626462762,False,1.61845686854725,False,1.267905350242881,False,0,NORMAL,0,23.359921090031012,23.76145814368912,27.652650913230826,22.39831693472173,26.476803463246398,NORMAL,Vibration,0,Telemetry remains within the expected prototype operating envelope.
1.2,startup,43.6178462849945,305.49124531218814,0.1647237596923989,122.40587321191278,0,normal,1.095295293697284,False,1.4713022254903705,False,0.3571082348180985,False,1.3056285087376125,False,0,NORMAL,0,19.67257236134866,25.49175868911452,6.893077316206986,22.981589995727745,23.135555504634254,NORMAL,Temperature,0,Telemetry remains within the expected prototype operating envelope.
1.3,startup,42.3652613322108,312.8004366702614,0.1533772833556236,118.44181620045524,0,normal,1.306444503656699,False,1.218706943346248,False,0.5308813012603508,False,1.3739515317170576,False,0,NORMAL,0,22.994158296380828,21.630972075539944,10.073387076856777,24.026858261816642,22.50592824485781,NORMAL,Thrust,0,Telemetry remains within the expected prototype operating envelope.
1.4,startup,43.03033429464105,310.87826855438146,0.1493076157027432,130.36716915436224,0,normal,1.194332642285197,False,1.2851343460195737,False,0.8493786200589531,False,1.168410551465566,False,0,NORMAL,0,21.24800131339383,22.665256574362203,15.623032960954685,20.83865783393971,21.765224783067342,NORMAL,Temperature,0,Telemetry remains within the expected prototype operating envelope.
1.5,startup,42.06195020046775,312.51625684659103,0.1498037320086658,123.27649788551356,0,normal,1.3575738946789304,False,1.2285277948225732,False,0.8105519327895927,False,1.2906227433288484,False,0,NORMAL,0,23.777598147502708,21.78475111870415,14.965266755584416,22.750098760626802,22.74223883933834,NORMAL,Pressure,0,Telemetry remains within the expected prototype operating envelope.
1.6,startup,43.01100092445345,315.5121453892886,0.172226250227873,128.31484719389903,0,normal,1.1975916833840807,False,1.1249941377266777,False,0.9442625981895528,False,1.203783614986262,False,0,NORMAL,0,21.29931578804666,20.148284501600877,17.20914020487162,21.3967173159759,20.91254381380265,NORMAL,Thrust,0,Telemetry remains within the expected prototype operating envelope.
1.7,startup,44.02856400576095,313.3479901806569,0.1483076283558988,125.00192824432632,0,normal,1.0260602912621692,False,1.1997842709640845,False,0.9276388899306336,False,1.26088386275426,False,0,NORMAL,0,18.552541795933188,21.33381985072399,16.93342389615442,22.289264532287454,21.410063827558012,NORMAL,Thrust,0,Telemetry remains within the expected prototype operating envelope.
1.8,startup,41.88245250317127,316.4924099083549,0.151141339643874,141.25408402093854,0,normal,1.387831959722308,False,1.091117586869116,False,0.7058690737072748,False,0.9807677066592404,False,0,NORMAL,0,24.23747372811923,19.605427425482247,13.166163142905097,17.811396848617246,22.30114827347583,NORMAL,Pressure,0,Telemetry remains within the expected prototype operating envelope.
1.9,startup,43.26475464051301,316.4430146797692,0.1489211576275182,137.0626691019846,0,normal,1.1548162240819642,False,1.092824615880936,False,0.8796233160109959,False,1.0530093865837131,False,0,NORMAL,0,20.623135938879166,19.632869914258755,16.131883548957948,18.990347951059594,20.00063412867256,NORMAL,Pressure,0,Telemetry remains within the expected prototype operating envelope.
2.0,startup,43.9372656310925,318.4838887356893,0.1570321604675695,143.72934771554043,0,normal,1.0414505285781928,False,1.022294904354592,False,0.2448460128826242,False,0.9381049755739757,False,0,NORMAL,0,18.802855501678717,18.491182456112163,4.778954512445111,17.107118422474954,17.400115779203375,NORMAL,Pressure,0,Telemetry remains within the expected prototype operating envelope.
2.1,startup,44.10909603840765,314.42780604042827,0.1660488739911647,136.62092997531445,0,normal,1.012484944510648,False,1.1624673670275936,False,0.460813349647286,False,1.0606230390652924,False,0,NORMAL,0,18.33110582752583,20.74450779855217,8.804321046806008,19.113609947512554,19.34586522334361,NORMAL,Temperature,0,Telemetry remains within the expected prototype operating envelope.
2.2,startup,41.980697069628086,316.40756782746485,0.163852715304964,138.3590708613511,0,normal,1.3712707975080725,False,1.094049608800166,False,0.2889392034338687,False,1.0306650845366487,False,0,NORMAL,0,23.98611458049027,19.65255733552389,5.614982719934048,18.62751700765115,21.530576996133618,NORMAL,Pressure,0,Telemetry remains within the expected prototype operating envelope.
2.3,startup,44.232626147778575,319.7673710305331,0.1501828181229321,141.08043856454242,0,normal,0.9916613788579514,False,0.9779395774092962,False,0.7808841757917603,False,0.9837605956296404,False,0,NORMAL,0,17.990269060576082,17.76489570021432,14.459208919772292,17.86057840042926,17.65023319646125,NORMAL,Pressure,0,Telemetry remains within the expected prototype operating envelope.
2.4,startup,44.05597794960051,321.42731389624447,0.1511211892701222,155.03257967778592,0,normal,1.0214391016408737,False,0.9205743073039572,False,0.7074460673490521,False,0.7432866430256906,False,0,NORMAL,0,18.477230168656476,16.815974804732146,13.193546106125165,13.813559942058085,17.461476824014248,NORMAL,Pressure,0,Telemetry remains within the expected prototype operating envelope.
2.5,startup,43.8780010003085,319.2740881549425,0.1608233008759912,134.13676939703723,0,normal,1.0514408130221884,False,0.9949867336585376,False,0.0518534127858928,False,1.103439113552541,False,0,NORMAL,0,18.964930044595995,18.044793217844358,1.0317092444169007,19.803300290003268,17.93355930822742,NORMAL,Thrust,0,Telemetry remains within the expected prototype operating envelope.
2.6,startup,45.0399225419074,320.0934873061553,0.1434950201463866,146.52027066283446,0,normal,0.8555748040954476,False,0.9666694616581764,False,1.304279672888158,False,0.8900016581618686,False,0,NORMAL,0,15.727531241766535,17.579326811643202,22.960810154497945,16.305785406838847,21.274703791713986,NORMAL,Vibration,0,Telemetry remains within the expected prototype operating envelope.
2.7,startup,46.29382660844491,325.6256301063824,0.1612385524714724,156.5670720625861,0,normal,0.6442032301148584,False,0.7754864561754318,False,0.0843515259165796,False,0.7168386988701302,False,0,NORMAL,0,12.08859552965138,14.366814015364692,1.6728798456175253,13.356461245044837,12.968344790608914,NORMAL,Temperature,0,Telemetry remains within the expected prototype operating envelope.
2.8,startup,44.24521449408591,331.95701250925106,0.1607721980204489,155.46864854656533,0,normal,0.9895393516281163,False,0.5566828640860706,False,0.0478540389152389,False,0.7357707210154565,False,0,NORMAL,0,17.955456297302486,10.536241244272148,0.9525153368205475,13.683908409026957,15.444757205896053,NORMAL,Pressure,0,Telemetry remains within the expected prototype operating envelope.
2.9,startup,45.23049973227938,329.6834633195391,0.1584386116337352,152.83634115798543,0,normal,0.8234490603733159,False,0.6352534980878078,False,0.1347753723162123,False,0.7811401992240405,False,0,NORMAL,0,15.1843248728186,11.931097913129495,2.6595028717144698,14.463588897020118,13.740681190866823,NORMAL,Pressure,0,Telemetry remains within the expected prototype operating envelope.
3.0,startup,45.18925119755846,323.88046918985486,0.1634382723906137,167.4120687188976,0,normal,0.830402357631876,False,0.835796741198996,False,0.2565043787075238,False,0.5299183408582433,False,0,NORMAL,0,15.302192617145504,15.393521833867608,5.000720225895505,10.056066255515683,14.009133023601072,NORMAL,Temperature,0,Telemetry remains within the expected prototype operating envelope.
3.1,startup,45.62646643715674,330.2201031518262,0.1466997697401623,156.8284756698658,0,normal,0.75670064804465,False,0.6167079869353854,False,1.053471931298732,False,0.7123332428145135,False,0,NORMAL,0,14.044471127082225,11.603834800984947,18.997841721718,13.278352327427678,17.416990867122824,NORMAL,Vibration,0,Telemetry remains within the expected prototype operating envelope.
3.2,startup,47.55195446863377,332.93779891178895,0.1476992827931446,159.49212148206158,0,normal,0.4321196479862134,False,0.5227882776762433,False,0.9752487802623684,False,0.6664236271077407,False,0,NORMAL,0,8.279468169105098,9.92771357490685,17.720628192989054,12.478413957564827,15.753952916217395,NORMAL,Vibration,0,Telemetry remains within the expected prototype operating envelope.
3.3,startup,46.79632859145921,327.6596078642067,0.1718462373117631,170.02869171642567,0,normal,0.5594960839203355,False,0.7051950709259518,False,0.9145223085115552,False,0.4848191930225965,False,0,NORMAL,0,10.586563330351451,13.154457104421645,16.7152279210246,9.241117478168025,15.21341765913799,NORMAL,Vibration,0,Telemetry remains within the expected prototype operating envelope.
3.4,startup,47.678394835557576,333.61179283818376,0.1472541352048068,156.69476481224112,0,normal,0.4108054979769796,False,0.4994960039265514,False,1.0100865914666586,False,0.7146378337857554,False,0,NORMAL,0,7.887644588916665,9.507137046593407,18.291922262487315,13.318314702274858,16.177688598140577,NORMAL,Vibration,0,Telemetry remains within the expected prototype operating envelope.
3.5,startup,47.9924114636527,332.5038616871905,0.1492949698416184,172.40366113759873,0,normal,0.3578714731916325,False,0.5377845324341938,False,0.8503683010859269,False,0.4438850970019584,False,0,NORMAL,0,6.907288786752208,10.197458247488777,15.639732564850473,8.495041086609278,13.774284227151622,NORMAL,Vibration,0,Telemetry remains within the expected prototype operating envelope.
3.6,startup,46.49320260832142,335.74681500672165,0.1512060503813338,161.58921288571972,0,normal,0.6105942642996168,False,0.4257126672172022,False,0.7008047298501436,False,0.6302789339945987,False,0,NORMAL,0,11.495682766086968,8.16186249875761,13.078167304654064,11.843433431492533,12.40148402311187,NORMAL,Vibration,0,Telemetry remains within the expected prototype operating envelope.
3.7,startup,45.29520578838213,332.40057173491164,0.1572182887427065,172.30658678095676,0,normal,0.8125415106735354,False,0.5413540866243054,False,0.2302793795257733,False,0.4455582347697539,False,0,NORMAL,0,14.99909666933923,10.261546376001107,4.50114001525349,8.52565604455907,13.099563756771378,NORMAL,Pressure,0,Telemetry remains within the expected prototype operating envelope.
3.8,startup,49.06063204471501,337.4138406119283,0.1465645616568628,175.90916558364364,0,normal,0.1778007073306582,False,0.3681026276847774,False,1.0640534862766455,False,0.3834655167261417,False,0,NORMAL,0,3.4935307920845537,7.097583209312408,19.169086212734875,7.382595028755922,15.709900622030348,NORMAL,Vibration,0,Telemetry remains within the expected prototype operating envelope.
3.9,startup,47.38704049592046,338.00279986826985,0.1754009010815677,181.864102785594,0,normal,0.4599193233473915,False,0.3477490314743484,False,1.1927147744521076,False,0.2808284178867358,False,0,NORMAL,0,8.788013321811771,6.718632776528111,21.222515125194473,5.461751143885651,17.48633966352566,NORMAL,Vibration,0,Telemetry remains within the expected prototype operating envelope.
4.0,startup,48.71161887697952,337.82745612423065,0.1673215726366454,175.2659376467047,0,normal,0.2366341257499087,False,0.3538086624688039,False,0.5604163494001834,False,0.394551955944719,False,0,NORMAL,0,4.622437121672329,6.831614432791378,10.603018635820371,7.5877269725904695,9.485881865034765,NORMAL,Vibration,0,Telemetry remains within the expected prototype operating envelope.
4.1,startup,47.25974837938288,342.38550786944745,0.1557086785696233,176.21892608451145,0,normal,0.4813770534448514,False,0.1962888616855267,False,0.3484233739666429,False,0.3781265991077157,False,0,NORMAL,0,9.178615018105319,3.849717163186628,6.731212646126594,7.283646871516558,8.332379035425278,NORMAL,Pressure,0,Telemetry remains within the expected prototype operating envelope.
4.2,startup,50.28473710819303,341.0835754886804,0.1576280105743231,173.38120997611983,0,normal,0.0285476257594782,False,0.2412817974210479,False,0.198214032683315,False,0.4270364261668108,False,0,NORMAL,0,0.5693256789432777,4.711052649114489,3.8867311840867114,8.186173591699452,6.839425106190989,NORMAL,Thrust,0,Telemetry remains within the expected prototype operating envelope.
4.3,startup,48.34262920464342,341.6305816150537,0.1475547216393617,179.19238878662844,0,normal,0.2988349989312463,False,0.2223780418539965,False,0.9865623183223364,False,0.326877093881613,False,0,NORMAL,0,5.801600951236341,4.350106962367162,17.906591883815327,6.328426331649595,14.64812326077345,NORMAL,Vibration,0,Telemetry remains within the expected prototype operating envelope.
4.4,startup,48.16823306715956,345.75755929565696,0.1696533158346694,183.23231505343463,0,normal,0.3282330901088988,False,0.0797555490822,False,0.742901510362133,False,0.2572464164305909,False,0,NORMAL,0,6.353826547333885,1.5824564603216573,13.80692104373129,5.014817789628534,11.315825589514182,NORMAL,Vibration,0,Telemetry remains within the expected prototype operating envelope.
4.5,startup,48.624726061018606,344.80003996344857,0.1450955208342811,183.7884766914715,0,normal,0.2512817146423999,False,0.1128460585556568,False,1.179022472224874,False,0.247660619791933,False,0,NORMAL,0,4.9014385184839355,2.231643230106284,21.00649044635431,4.832541390938394,16.539278728895056,NORMAL,Vibration,0,Telemetry remains within the expected prototype operating envelope.
4.6,startup,49.07367609995351,343.9873274927377,0.1714208213816885,185.31770959899583,0,normal,0.1756018608954077,False,0.1409322483657673,False,0.8812287217472701,False,0.221303326044714,False,0,NORMAL,0,3.451080877525081,2.779291779116977,16.158807697356615,4.329545462228646,12.84111351220169,NORMAL,Vibration,0,Telemetry remains within the expected prototype operating envelope.
4.7,startup,49.19493845719128,342.37120406370167,0.1633294790908351,193.31401034844671,0,normal,0.1551605719659274,False,0.1967831809160801,False,0.2479900779738467,False,0.0834820388442037,False,0,NORMAL,0,3.055556054379016,3.8592224800786723,4.838811923926423,1.6557795268423714,4.318547624259493,NORMAL,Vibration,0,Telemetry remains within the expected prototype operating envelope.
4.8,startup,49.27434321705247,351.8168518320913,0.1532518126750834,193.9551471451797,0,normal,0.1417752504558399,False,0.1296450032981757,False,0.54070079482799,False,0.0724316417460931,False,0,NORMAL,0,2.7956818494375035,2.559573078677002,10.249820530864628,1.438190633334968,8.153669128139493,NORMAL,Vibration,0,Telemetry remains within the expected prototype operating envelope.
4.9,startup,50.85305224230198,348.3308345685472,0.1593097951864575,208.11801518601607,0,normal,0.1243489455090103,False,0.0091731930654869,False,0.0665954496812269,False,0.1716743223740134,False,0,NORMAL,0,2.456308372351157,0.18329566924064622,1.3230783347111919,3.3752111634932414,2.8359529410027777,NORMAL,Thrust,0,Telemetry remains within the expected prototype operating envelope.
5.0,startup,48.20524180077366,345.0094215509985,0.1569240139266359,195.6984711124429,0,normal,0.3219944993874873,False,0.1056101279866003,False,0.2533096974540927,False,0.0423843535432059,False,0,NORMAL,0,6.236909593039797,2.090051791948988,4.940002346897387,0.8441043346247623,5.2887096912955744,NORMAL,Pressure,0,Telemetry remains within the expected prototype operating envelope.
5.1,startup,51.32736958228551,353.49341048710426,0.1520241941955266,199.5765279463172,0,normal,0.2043049847261518,False,0.1875844915052278,False,0.6367757639891016,False,0.0244564021297217,False,0,NORMAL,0,4.003744159781498,3.68218584908937,11.957906689236097,0.48793375936898586,9.53416926303261,NORMAL,Vibration,0,Telemetry remains within the expected prototype operating envelope.
5.2,startup,52.80340814448946,349.1985728077668,0.1647444094703608,194.5415744015591,0,normal,0.4531219416809376,False,0.0391609953578476,False,0.3587243124626669,False,0.0623241980848196,False,0,NORMAL,0,8.663928458503733,0.7801607319419368,6.923166056631736,1.2387475281920302,7.172078740863502,NORMAL,Pressure,0,Telemetry remains within the expected prototype operating envelope.
5.3,startup,51.40383387535363,350.0943435906232,0.1716748310169091,199.5953486255536,0,normal,0.2171946294848218,False,0.0701175625822307,False,0.9011078358831678,False,0.0247807884077799,False,0,NORMAL,0,4.250896978890473,1.3925641099290953,16.491483655016225,0.4943896197054154,12.699531132570403,NORMAL,Vibration,0,Telemetry remains within the expected prototype operating envelope.
5.4,startup,49.32469792805277,353.94000864405234,0.1567855008093334,213.52201102930235,0,normal,0.1332869180502657,False,0.2030182901202751,False,0.2641499085578326,False,0.2648155993825186,False,0,NORMAL,0,2.6305211824966035,3.97903740799862,5.145873186337835,5.158501050074571,4.8329948049028895,NORMAL,Thrust,0,Telemetry remains within the expected prototype operating envelope.
5.5,startup,49.99961469378519,352.95881881925044,0.1678716410031407,207.4556328771117,0,normal,0.0195156791765597,False,0.1691097620094291,False,0.6034653929162258,False,0.1602577454727112,False,0,NORMAL,0,0.3895528501341894,3.3256384306161624,11.369405587214898,3.1543342271378227,8.986020102511203,NORMAL,Vibration,0,Telemetry remains within the expected prototype operating envelope.
5.6,startup,51.49992395069987,352.76380988104,0.1554216494700923,214.143077491816,0,normal,0.2333926074736284,False,0.1623705298078419,False,0.3708866329880775,False,0.2755200716107021,False,0,NORMAL,0,4.560583451214983,3.1952483833642464,7.149296975043484,5.361329493777244,6.420358135325761,NORMAL,Vibration,0,Telemetry remains within the expected prototype operating envelope.
5.7,startup,50.24715396079872,358.1176908264974,0.1604038106107319,210.19051740896828,0,normal,0.0222122056648487,False,0.3473930585298621,False,0.0190235760171233,False,0.2073952054477031,False,0,NORMAL,0,0.443258808728475,6.711991411525031,0.3797486445229814,4.063055753099798,5.377624196555445,NORMAL,Temperature,0,Telemetry remains within the expected prototype operating envelope.
5.8,startup,52.54984396832103,359.88278781408525,0.1546646417364159,216.7926472286453,0,normal,0.4103784332642117,False,0.408392305881491,False,0.4301310121488902,False,0.3211870772798434,False,0,NORMAL,0,7.8797766655890005,7.843176897276683,8.24298116632649,6.221767092018582,7.999361667468159,NORMAL,Vibration,0,Telemetry remains within the expected prototype operating envelope.
5.9,startup,50.67924331408325,355.5143056973017,0.1685276489266249,217.1716251752563,0,normal,0.0950498406493225,False,0.2574237624718725,False,0.6548053996591535,False,0.3277190012355702,False,0,NORMAL,0,1.8830418231750579,5.018186779089573,12.274808356897681,6.344197561166542,10.211645952512267,NORMAL,Vibration,0,Telemetry remains within the expected prototype operating envelope.
6.0,startup,51.44898860163048,359.1189768416067,0.181015252660317,215.9179433129534,0,normal,0.2248063964616667,False,0.3819960824627549,False,1.632101003781855,False,0.3061110035605974,False,0,NORMAL,0,4.39655005512064,7.355371991055282,27.849805193882716,5.938578859386068,22.087150159725176,NORMAL,Vibration,0,Telemetry remains within the expected prototype operating envelope.
6.1,startup,52.88642803238049,360.11856265587016,0.1620911456561778,230.1217788923408,0,normal,0.4671166681066015,False,0.416540349866872,False,0.1510765429244029,False,0.5509230690485055,False,0,NORMAL,0,8.919215691147265,7.993234166384589,2.976338921378463,10.433123279096312,9.434697436488184,NORMAL,Thrust,0,Telemetry remains within the expected prototype operating envelope.
6.2,startup,53.36424535386205,354.8998778082897,0.1455875935669431,234.9461940146218,0,normal,0.5476627018997899,False,0.2361900064544192,False,1.1405122400942913,False,0.6340749067514624,False,0,NORMAL,0,10.374700052554807,4.613964942205861,20.39572973399746,11.910336017246358,17.39551326737374,NORMAL,Vibration,0,Telemetry remains within the expected prototype operating envelope.
6.3,startup,52.95690749572448,359.2711264506073,0.1517014166834821,221.24576975266373,0,normal,0.4789974455104604,False,0.3872541570610043,False,0.662036738821258,False,0.3979394528535048,False,0,NORMAL,0,9.135380873226884,7.452747254481096,12.401590776897054,7.650315026355425,11.267036973942126,NORMAL,Vibration,0,Telemetry remains within the expected prototype operating envelope.
6.4,startup,54.6520600592505,361.3449981163111,0.1604155812512057,226.16134644519576,0,normal,0.7647506183820855,False,0.4589242191603556,False,0.0199447611730651,False,0.4826625177212331,False,0,NORMAL,0,14.182747676554508,8.76985842930048,0.3981006932635478,9.201961546049098,12.067144469962598,NORMAL,Pressure,0,Telemetry remains within the expected prototype operating envelope.
6.5,startup,54.9826945672834,362.3618418281957,0.1639791203759356,233.06706081097548,0,normal,0.8204859319840224,False,0.4940648950186039,False,0.2988318235741158,False,0.6016868606958485,False,0,NORMAL,0,15.13404602905789,9.408788323182193,5.801541128505727,11.33787350589024,13.484326705218283,NORMAL,Pressure,0,Telemetry remains within the expected prototype operating envelope.
6.6,startup,54.87995508944548,366.0490728127449,0.168342648382636,232.1904378977312,0,normal,0.8031670590972697,False,0.6214903659421451,False,0.6403270239630339,False,0.5865777118433513,False,0,NORMAL,0,14.839579807314928,11.68834317238131,12.02041656012719,11.06954643735727,13.987291897758015,NORMAL,Pressure,0,Telemetry remains within the expected prototype operating envelope.
6.7,startup,52.26545519609097,367.6062019037279,0.1728863089357606,244.2128143165394,0,normal,0.3624387989549734,False,0.6753025378778585,False,0.9959196244243804,False,0.7937909527113858,False,0,NORMAL,0,6.992286907092094,12.633695314414272,18.060082842568992,14.679735350373424,16.321061383934115,NORMAL,Vibration,0,Telemetry remains within the expected prototype operating envelope.
6.8,startup,52.77144890576247,362.9295478767464,0.1668191586823833,228.4442009953918,0,normal,0.4477345482006699,False,0.5136840105244814,False,0.52109680023596,False,0.5220089558377794,False,0,NORMAL,0,8.565462749410868,9.763555734862495,9.897237372119994,9.913673420785107,9.781131535263436,NORMAL,Thrust,0,Telemetry remains within the expected prototype operating envelope.
6.9,startup,53.96657645459709,369.5924161936151,0.1646972534138693,235.5457518229112,0,normal,0.649198119335185,False,0.7439432854481904,False,0.3550338200591834,False,0.6444086637571924,False,0,NORMAL,0,12.176373223672288,13.82487793341175,6.854440827036368,12.092207447454529,12.919111856980445,NORMAL,Temperature,0,Telemetry remains within the expected prototype operating envelope.
7.0,startup,54.87670789429473,367.6488447344774,0.1476709540008651,245.035395762162,0,normal,0.802619676910424,False,0.6767762136016033,False,0.9774658272439404,False,0.8079686627819767,False,0,NORMAL,0,14.830256237561091,12.659441440541475,17.757103552214993,14.921321869212056,16.806828080148588,NORMAL,Vibration,0,Telemetry remains within the expected prototype operating envelope.
7.1,startup,54.66235511378301,374.5417531795418,0.1494753607687705,231.15157666004683,0,normal,0.7664860636516432,False,0.9149853489461756,False,0.8362506798121436,False,0.5686722831349318,False,0,NORMAL,0,14.21252873683374,16.722940407311924,15.401202714669893,10.750507946958487,15.86503949775798,NORMAL,Temperature,0,Telemetry remains within the expected prototype operating envelope.
7.2,startup,55.90178377780178,366.4471384373072,0.1536897274871579,240.25636723528365,0,normal,0.9754175078838409,False,0.635246949101941,False,0.5064290298082575,False,0.7255990916790432,False,0,NORMAL,0,17.723404706681578,11.930982560654947,9.632527964847892,13.508134621178701,16.1397799215123,NORMAL,Pressure,0,Telemetry remains within the expected prototype operating envelope.
7.3,startup,54.82870228859506,366.1298132341824,0.1569042043145402,252.1011279563408,0,normal,0.7945273349941475,False,0.6242806403424608,False,0.2548600226592629,False,0.9297510139626374,False,0,NORMAL,0,14.69230009135516,11.737612174758183,4.969472559892885,16.968505868214155,15.261719250083484,NORMAL,Thrust,0,Telemetry remains within the expected prototype operating envelope.
7.4,startup,54.01618777040922,370.8982488396495,0.1641906385528773,246.9053463928221,0,normal,0.6575611370414874,False,0.7890710088171696,False,0.3153855026406166,False,0.8401984414001307,False,0,NORMAL,0,12.3231445534844,14.59915595089557,6.1128916557867115,15.46797152892786,14.298208316598881,NORMAL,Thrust,0,Telemetry remains within the expected prototype operating envelope.
7.5,startup,57.291220082720784,373.9394233128023,0.174830383485875,244.86267448517955,0,normal,1.209635855645869,False,0.8941696834122806,False,1.1480653484905217,False,0.8049917026267108,False,0,NORMAL,0,21.488664561118732,16.37552425541976,20.51589088854888,14.870651619405828,20.37707095562033,NORMAL,Pressure,0,Telemetry remains within the expected prototype operating envelope.
7.6,startup,56.20666605241911,369.3943143322445,0.1628559823910809,244.7173140792172,0,normal,1.026811747670142,False,0.7370971662108118,False,0.2109336295867261,False,0.8024863243417463,False,0,NORMAL,0,18.564781719009392,13.70680408490128,4.13092485516986,14.827984686448637,16.54977646008991,NORMAL,Pressure,0,Telemetry remains within the expected prototype operating envelope.
7.7,startup,56.77292258746469,378.21288262955954,0.1604973748346472,242.48007662972915,0,normal,1.122266047790477,False,1.0418543736831718,False,0.0263460300832214,False,0.7639261257295563,False,0,NORMAL,0,20.104704081263513,18.80941345070437,0.5255348101375512,14.168595370939197,17.758779327712688,NORMAL,Pressure,0,Telemetry remains within the expected prototype operating envelope.
7.8,startup,56.51524356610958,378.1263514924995,0.1576811431502385,246.68316185985088,0,normal,1.078828896752273,False,1.0388639803675297,False,0.1940558103385631,False,0.8363689508282258,False,0,NORMAL,0,19.407595617798577,18.76084056948829,3.8067658689360684,15.403203808145516,17.635547664701313,NORMAL,Pressure,0,Telemetry remains within the expected prototype operating envelope.
7.9,startup,56.95743161527423,374.0119077765093,0.174008694386072,261.9946230092325,0,normal,1.1533688766770789,False,0.8966746436280107,False,1.0837589241101255,False,1.1002716416660223,False,0,NORMAL,0,20.600155433320765,16.417408959552237,19.4870210061179,19.752480036185716,20.06259425723645,NORMAL,Pressure,0,Telemetry remains within the expected prototype operating envelope.
8.0,startup,57.4345038200936,378.6934676104603,0.1683098893342753,263.03109872795994,0,normal,1.2337893055807951,False,1.058462708709285,False,0.6377632595578763,False,1.1181359544505187,False,0,NORMAL,0,21.867013903149733,19.078654131681706,11.975293207670589,20.038681811290115,20.597527804254142,NORMAL,Pressure,0,Telemetry remains within the expected prototype operating envelope.
8.1,startup,57.11024748737028,377.99872835592646,0.152852355135696,259.72114899260885,0,normal,1.179129165901878,False,1.0344535058551638,False,0.5719628452263127,False,1.0610868829625055,False,0,NORMAL,0,21.008176049968665,18.689148306031957,10.809224822731633,19.121113331145988,19.74773490209398,NORMAL,Pressure,0,Telemetry remains within the expected prototype operating envelope.
8.2,startup,55.87857769966423,376.6181740814819,0.168461579372461,271.69577867775007,0,normal,0.971505641423916,False,0.9867435090326812,False,0.6496347130944846,False,1.267477178758838,False,0,NORMAL,0,17.65900850832057,17.90956674249956,12.184041538347511,22.391671284617544,20.69221154145761,NORMAL,Thrust,0,Telemetry remains within the expected prototype operating envelope.
8.3,startup,57.27011630559343,378.087279664373,0.1628572805259182,253.8353434129541,0,normal,1.2060783756859694,False,1.0375137134274528,False,0.2110352232549029,False,0.9596413112391472,False,0,NORMAL,0,21.432784183654018,18.73889869663936,4.132872773581909,17.463392372502984,19.33600517168321,NORMAL,Pressure,0,Telemetry remains within the expected prototype operating envelope.
8.4,startup,58.39809270324971,385.37541474572186,0.1634415638332452,261.69622281577625,0,normal,1.3962222255611307,False,1.2893813205252482,False,0.2567619711554897,False,1.0951285261115151,False,0,NORMAL,0,24.364500666541854,22.730916421591154,5.005614319232676,19.669893114432092,22.116881328909514,NORMAL,Pressure,0,Telemetry remains within the expected prototype operating envelope.
8.5,startup,56.66895362708165,381.92148170857706,0.155579108703733,264.5809246154797,0,normal,1.1047399200844126,False,1.170018295631824,False,0.3585636749452614,False,1.1448481811972824,False,0,NORMAL,0,19.82416165438915,20.8641079792003,6.920175682288832,20.464731696312775,19.51807317504691,NORMAL,Temperature,0,Telemetry remains within the expected prototype operating envelope.
8.6,startup,55.390812438042325,386.5438798334625,0.1647689554815133,260.4580513295711,0,normal,0.8892826757015287,False,1.3297618159937927,False,0.3606453142264698,False,1.0737878595519836,False,0,NORMAL,0,16.293749607041807,23.352436092095996,6.958919340414694,19.32630078194535,20.94808146924346,NORMAL,Temperature,0,Telemetry remains within the expected prototype operating envelope.
8.7,startup,57.748221860813615,384.9087607307063,0.1717156447326385,266.2842653472792,0,normal,1.2866729972624125,False,1.2732544199131386,False,0.9043019687064756,False,1.1742063331169414,False,0,NORMAL,0,22.689051152835948,22.4812919047675,16.54481407737395,20.930365043060096,21.979366439921648,NORMAL,Pressure,0,Telemetry remains within the expected prototype operating envelope.
8.8,startup,57.48002166595355,385.2832285639764,0.1772062106105077,277.2056933384798,0,normal,1.2414622839053575,False,1.2861954968893603,False,1.334000573100064,False,1.362444033395826,False,0,NORMAL,0,21.986824490983604,22.681667598893473,23.41738663848568,23.851804736069194,23.548220381582773,NORMAL,Thrust,0,Telemetry remains within the expected prototype operating envelope.
8.9,startup,58.10169508774521,387.3999121393471,0.170500747829868,278.172996261414,0,normal,1.3462582512945198,False,1.3593450778399314,False,0.8092226061754173,False,1.3791161094130722,False,0,NORMAL,0,23.60490170061783,23.80459413266741,14.94265596319857,24.105291586006928,23.233465826872443,NORMAL,Thrust,0,Telemetry remains within the expected prototype operating envelope.
9.0,startup,59.64524423685216,386.99756212868834,0.1737734673436127,276.64947625847987,0,normal,1.6064555198655237,False,1.3454404323758624,False,1.065349759352118,False,1.352857281179963,False,0,NORMAL,0,27.478789186665132,23.592405207322443,19.190039283968964,23.70566190138994,26.08331633452515,NORMAL,Pressure,0,Telemetry remains within the expected prototype operating envelope.
9.1,startup,58.19651997840989,381.3078866099521,0.1784050845926159,269.2233683562957,0,normal,1.3622429561273837,False,1.1488133196684809,False,1.4278259616692286,False,1.2248636273595777,False,0,NORMAL,0,23.848742340271688,20.527780363772465,24.84106582821176,21.727411357009217,24.104380278648343,NORMAL,Vibration,0,Telemetry remains within the expected prototype operating envelope.
9.2,startup,57.86043547510647,385.9800642759028,0.165913635177656,284.04932413447165,0,normal,1.3055889326262935,False,1.3102771503362534,False,0.4502293896844779,False,1.4803983268850267,False,0,NORMAL,0,22.98098037548153,23.05316291580819,8.611074304421695,25.627182372549782,23.681503539380216,NORMAL,Thrust,0,Telemetry remains within the expected prototype operating envelope.
9.3,startup,59.034589131469495,390.4904603681259,0.1801241129574569,275.8218799625509,0,normal,1.5035169185573392,False,1.4661500393718438,False,1.562359287689867,False,1.3385931370011517,False,0,NORMAL,0,25.970267557142222,25.414943053746843,26.836378129858062,23.48769645242619,26.343208238810405,NORMAL,Vibration,0,Telemetry remains within the expected prototype operating envelope.
9.4,startup,57.10526152643267,394.9659727786725,0.1661974095857126,286.36654819137743,0,normal,1.178288678627522,False,1.6208173978660043,False,0.4724379324498114,False,1.5203371451287848,False,0,NORMAL,0,20.994896609318204,27.686798459698814,9.016097114815324,26.218888511140925,25.33912855961439,NORMAL,Temperature,0,Telemetry remains within the expected prototype operating envelope.
9.5,startup,59.68103885210553,392.750969801334,0.1683900353961238,291.1734792021663,0,normal,1.612489445720017,False,1.5442700378912375,False,0.6440355913520827,False,1.6031876331418151,False,0,NORMAL,0,27.56625392226254,26.57120373206492,12.08564800842391,27.43137547368777,26.112832148909078,NORMAL,Pressure,0,Telemetry remains within the expected prototype operating envelope.
9.6,startup,60.05744701083905,392.8917861474324,0.1911910779846514,287.6707488742493,0,normal,1.6759408588654734,False,1.5491364510046313,False,2.428473916461729,False,1.5428158665417488,False,0,NORMAL,0,28.479650741973963,26.64263593597649,38.47304307897288,26.54984501594011,35.52018079395792,NORMAL,Vibration,0,Telemetry remains within the expected prototype operating envelope.
9.7,startup,59.30365290109756,392.3244018730252,0.1613052783158878,286.36024058776223,0,normal,1.5488732053779728,False,1.5295284555565802,False,0.0895735745833402,False,1.5202284296018636,False,0,NORMAL,0,26.638773633249336,26.35439294653017,1.775520038421119,26.217284263217856,24.401475313736185,NORMAL,Pressure,0,Telemetry remains within the expected prototype operating envelope.
9.8,startup,60.62352699131788,397.0389396895943,0.1720857735481346,295.3887008380893,0,normal,1.7713653970465473,False,1.6924561929238695,False,0.9332687162152484,False,1.6758396368496853,False,0,NORMAL,0,29.83166740782448,28.71549751072171,17.026901338806656,28.478202840533704,28.495157361150984,NORMAL,Pressure,0,Telemetry remains within the expected prototype operating envelope.
9.9,startup,60.49294127070216,399.3007310687293,0.1727389707792066,296.1635903133284,0,normal,1.7493524615736176,False,1.7706204936755126,False,0.9843887546281794,False,1.689195345728309,False,0,NORMAL,0,29.522064184809093,29.821212903586712,17.870897075601334,28.66899277388012,28.648565494395626,NORMAL,Temperature,0,Telemetry remains within the expected prototype operating envelope.
10.0,ramp,61.47926663887736,397.7165711550372,0.1894696754384867,297.8515882127168,0,normal,1.6530314034887983,False,1.7277994073503946,False,0.3684622721851603,False,1.7331365684250166,False,0,NORMAL,0,28.151200404785605,29.217605500360545,7.104265337644666,29.293120597704903,27.245070174551557,NORMAL,Thrust,0,Telemetry remains within the expected prototype operating envelope.
10.1,ramp,60.965940809042486,398.65367120036734,0.1652664180631219,302.75518311203643,0,normal,1.682453031639598,False,1.7184992851070977,False,1.4370764889992955,False,1.648435757779835,False,0,NORMAL,0,28.572740681284614,29.085825997501015,24.97998923204171,28.085131721099778,28.59410956616928,NORMAL,Temperature,0,Telemetry remains within the expected prototype operating envelope.
10.2,ramp,60.00881592379763,402.2008001190196,0.1920870651692845,296.3823605305739,0,normal,1.737311312347213,False,1.6832962854694464,False,0.5637169248457452,False,1.7585148425799866,False,0,NORMAL,0,29.352132581293066,28.584785927531275,10.66201145897142,29.651095065789224,27.870088983201683,NORMAL,Thrust,0,Telemetry remains within the expected prototype operating envelope.
10.3,ramp,61.34541772714883,402.50774495820167,0.1707246536105926,297.8149581650002,0,normal,1.660703047268214,False,1.680250053062813,False,1.0298975834580868,False,1.7337692868284071,False,0,NORMAL,0,28.26135555536238,28.541263202957268,18.615025355247628,29.302067540372267,28.209318670961686,NORMAL,Thrust,0,Telemetry remains within the expected prototype operating envelope.
10.4,ramp,62.51022820787821,404.5822019038016,0.1720546843932131,299.1004482172007,0,normal,1.5939411217263064,False,1.6596623865925388,False,0.930678619070506,False,1.7115647508230347,False,0,NORMAL,0,27.297049984734855,28.246422884191958,16.983908527025605,28.987406409707095,27.724358099304816,NORMAL,Thrust,0,Telemetry remains within the expected prototype operating envelope.
10.5,ramp,62.89117222832858,406.1777943823087,0.1764544281702287,298.6187638182016,0,normal,1.5721070493602871,False,1.643827145548053,False,0.6024621395495533,False,1.7198849852445248,False,0,NORMAL,0,26.978875491479947,28.018815614953585,11.351620014484032,29.105476430546616,27.270853590608418,NORMAL,Thrust,0,Telemetry remains within the expected prototype operating envelope.
10.6,ramp,63.170084709675145,407.04448762522,0.1712701968922987,311.3077912195596,0,normal,1.5561209858586025,False,1.6352257660617524,False,0.9892006009921364,False,1.5007047859700964,False,0,NORMAL,0,26.74503780959926,27.894881548569817,17.949897580731133,25.928619561666068,26.75203620036993,NORMAL,Temperature,0,Telemetry remains within the expected prototype operating envelope.
10.7,ramp,63.24700822524432,409.1022429164645,0.1672823115356294,309.2736098571022,0,normal,1.5517120608842705,False,1.6148038528938549,False,1.2866928548221974,False,1.5358416220948277,False,0,NORMAL,0,26.68041419526085,27.599774399970677,22.689358193584,26.447321663165603,26.98882934952929,NORMAL,Temperature,0,Telemetry remains within the expected prototype operating envelope.
10.8,ramp,62.76662635235491,410.25940142287743,0.1869301746132625,311.95056515899574,0,normal,1.5792454831534817,False,1.603319790313621,False,0.1790180538763804,False,1.4896020185413692,False,0,NORMAL,0,27.083052400349782,27.433293541174862,3.5170242953810216,25.763957346672505,25.163906965326753,NORMAL,Temperature,0,Telemetry remains within the expected prototype operating envelope.
10.9,ramp,63.39675636828655,413.0663733335616,0.1596327520897607,302.31585986033053,0,normal,1.5431291415671606,False,1.5754623784684785,False,1.8573423286223107,False,1.656024279327553,False,0,NORMAL,0,26.554446891607164,27.027861034295142,31.027924466945823,28.194194443190433,30.038538251668157,NORMAL,Vibration,0,Telemetry remains within the expected prototype operating envelope.
11.0,ramp,63.05481290154941,412.7506583460744,0.1852066101919012,310.68515616395683,0,normal,1.562727869981376,False,1.5785956490219313,False,0.050441874153821,False,1.5114596902859032,False,0,NORMAL,0,26.841771294153936,27.07357500022558,1.0037657871252104,26.087774452570823,24.685926321878238,NORMAL,Temperature,0,Telemetry remains within the expected prototype operating envelope.
11.1,ramp,64.24157597663732,417.4282004129397,0.1778705569962717,306.8616452220902,0,normal,1.4947077161746452,False,1.5321740174823812,False,0.4968203473479058,False,1.577503986957262,False,0,NORMAL,0,25.83972401337553,26.393349442243764,9.458698522447406,27.0576510595958,25.353047704532738,NORMAL,Thrust,0,Telemetry remains within the expected prototype operating envelope.
11.2,ramp,64.30456485714225,417.9039742621366,0.1972384878809268,311.3648206915538,0,normal,1.4910974645330175,False,1.52745226447453,False,0.9480079001003064,False,1.4997197040847134,False,0,NORMAL,0,25.786157225119442,26.323806126041948,17.271132337124605,25.914024848995542,25.448797028939403,NORMAL,Temperature,0,Telemetry remains within the expected prototype operating envelope.
11.3,ramp,64.30349311444955,416.7577550447618,0.1726353122736439,316.97787532216665,0,normal,1.4911588922133432,False,1.5388277615650745,False,0.8873643606761272,False,1.4027642485117895,False,0,NORMAL,0,25.787068976360693,26.491236259534155,16.261628454017007,24.463397788214003,25.357095073033214,NORMAL,Temperature,0,Telemetry remains within the expected prototype operating envelope.
11.4,ramp,65.18677877029477,419.41921171162846,0.1721679209950342,315.1954882315108,0,normal,1.440532758465948,False,1.5124144960120056,False,0.9222312819785604,False,1.4335517900118029,False,0,NORMAL,0,25.031829187213106,26.101887468245454,16.84353700210963,24.927085996235256,25.09535657406735,NORMAL,Temperature,0,Telemetry remains within the expected prototype operating envelope.
11.5,ramp,66.54871605497361,423.81004868696857,0.1901820032047475,310.2564345241228,0,normal,1.3624723725948136,False,1.468838230249832,False,0.4216012101679847,False,1.5188650879952676,False,0,NORMAL,0,23.852236330617714,25.455032050037207,8.08631372989943,26.197163310927053,24.342346376482208,NORMAL,Thrust,0,Telemetry remains within the expected prototype operating envelope.
11.6,ramp,65.42974687175176,428.4296401873077,0.1778412022610738,314.31110126074253,0,normal,1.4266068721806755,False,1.4229917212443677,False,0.4990101811955611,False,1.4488279893892235,False,0,NORMAL,0,24.822738500713392,24.768363416208807,9.498343921447283,25.156101729522717,23.722951536380332,NORMAL,Thrust,0,Telemetry remains within the expected prototype operating envelope.
11.7,ramp,66.107112568165,430.8728084752446,0.1842299686395504,310.2696729704917,0,normal,1.3877831846051094,False,1.3987448290880935,False,0.0224146075670059,False,1.5186364175683364,False,0,NORMAL,0,24.23673465929478,24.402650717463757,0.4472888219176352,26.19378792850774,23.613002589658624,NORMAL,Thrust,0,Telemetry remains within the expected prototype operating envelope.
11.8,ramp,65.08590961116721,424.67051402060304,0.166205634825633,319.1674087648459,0,normal,1.4463141447108003,False,1.460298658804074,False,1.3670118591204254,False,1.364943983718831,False,0,NORMAL,0,25.11846308146811,25.32760684940527,23.921339306094968,23.889868560578453,25.06045625939877,NORMAL,Temperature,0,Telemetry remains within the expected prototype operating envelope.
11.9,ramp,65.45664837106958,428.5180428524637,0.166175251006198,316.55878316901385,0,normal,1.4250649939746205,False,1.422114380989524,False,1.369278461621564,False,1.4100033141026282,False,0,NORMAL,0,24.799552089615606,24.755161509343694,23.95581950673601,24.572681541482545,24.701990139878205,NORMAL,Pressure,0,Telemetry remains within the expected prototype operating envelope.
12.0,ramp,64.88066408506904,431.5490610067232,0.1862495156672055,323.9599778260117,0,normal,1.4580779352654625,False,1.3920334526012057,False,0.128241578165149,False,1.2821609453789216,False,0,NORMAL,0,25.294434134977017,24.30111013050932,2.532219171117611,22.61925346202027,22.98174616636468,NORMAL,Pressure,0,Telemetry remains within the expected prototype operating envelope.
12.1,ramp,65.49994762271061,439.9090078769085,0.1777173516645768,308.140608929392,0,normal,1.4225832671513272,False,1.309066294262418,False,0.5082493116606511,False,1.5554121818594835,False,0,NORMAL,0,24.762217431199197,23.034526350270255,9.665420830934334,26.734652391462888,24.74474554228921,NORMAL,Thrust,0,Telemetry remains within the expected prototype operating envelope.
12.2,ramp,66.97075809267467,437.0709026287173,0.1682360533504196,319.315325928624,0,normal,1.33828273869067,False,1.3372326846911176,False,1.2155446705898183,False,1.3623889799027369,False,0,NORMAL,0,23.4829464470379,23.466875351921757,21.58139155008746,23.85096628662491,23.586568804427493,NORMAL,Thrust,0,Telemetry remains within the expected prototype operating envelope.
12.3,ramp,66.10109876244468,442.1191910945702,0.1699075995504808,319.84653466199,0,normal,1.3881278700765791,False,1.2871316308219785,False,1.0908489980811684,False,1.3532133013930494,False,0,NORMAL,0,24.241957378639967,22.69614230673951,19.60110869332591,23.711094173289215,23.654173769415504,NORMAL,Pressure,0,Telemetry remains within the expected prototype operating envelope.
12.4,ramp,68.17203269969264,439.4878090151908,0.1631903504769755,318.5786492485167,0,normal,1.2694308463047956,False,1.313246425212398,False,1.5919490517908348,False,1.375113748826277,False,0,NORMAL,0,22.421989535674946,23.09884461234487,27.268078341575052,24.0445156665972,26.19717588569059,NORMAL,Vibration,0,Telemetry remains within the expected prototype operating envelope.
12.5,ramp,68.87467968272772,440.2031502976426,0.1862311057305169,324.3169991994561,0,normal,1.229158144144475,False,1.3061471177204913,False,0.126868215325318,False,1.275994041226094,False,0,NORMAL,0,21.794611082987846,22.989578069306972,2.5054437683973974,22.523754651490645,21.051897157615535,NORMAL,Temperature,0,Telemetry remains within the expected prototype operating envelope.
12.6,ramp,68.8229356477304,441.69965311794175,0.1913610658476208,330.4430685412946,0,normal,1.2321238896188509,False,1.2912952785432583,False,0.5095581025216209,False,1.1701771762574336,False,0,NORMAL,0,21.840984784019323,22.76048871762858,9.689063550790976,20.866622571254577,21.370569133531752,NORMAL,Temperature,0,Telemetry remains within the expected prototype operating envelope.
12.7,ramp,68.22664317903191,444.814707804738,0.1749692452316106,324.23544152893254,0,normal,1.2663008085726717,False,1.260380340990829,False,0.7132552993931629,False,1.2774028037665393,False,0,NORMAL,0,22.373409911668517,22.281438328915648,13.29434330607322,22.545580703018143,21.6979200288084,NORMAL,Thrust,0,Telemetry remains within the expected prototype operating envelope.
12.8,ramp,69.63794827952005,445.98227214121226,0.1623130526608427,326.1350645212121,0,normal,1.1854108718881182,False,1.2487930071621351,False,1.6573945902803155,False,1.244590222248309,False,0,NORMAL,0,21.107354418662418,22.101119284167748,28.213871003132006,22.03561330913695,26.516587478356975,NORMAL,Vibration,0,Telemetry remains within the expected prototype operating envelope.
12.9,ramp,69.2834678086114,444.0049547992641,0.1715342265239453,326.1133817354558,0,normal,1.2057281674451124,False,1.2684166248169932,False,0.9695042548910364,False,1.2449647534990165,False,0,NORMAL,0,21.427281013642705,22.406251682523248,17.626042680729302,22.041453110267017,21.87040358626681,NORMAL,Temperature,0,Telemetry remains within the expected prototype operating envelope.
13.0,ramp,69.74158397073056,451.4580959359039,0.1821565808032124,333.36315477557207,0,normal,1.179470919926364,False,1.194448936934879,False,0.1770872637065485,False,1.119737921735929,False,0,NORMAL,0,21.01357502020186,21.249832979312256,3.479759424570139,20.064296790802395,19.570544555355546,NORMAL,Temperature,0,Telemetry remains within the expected prototype operating envelope.
13.1,ramp,68.54603823307308,452.1363983400146,0.1657711371812636,334.45902842340035,0,normal,1.2479944581670692,False,1.1877172167652046,False,1.3994249482507666,False,1.1008086691688728,False,0,NORMAL,0,22.08867707604043,21.143736756790677,24.412933059305008,19.76109859838816,23.516470468969132,NORMAL,Vibration,0,Telemetry remains within the expected prototype operating envelope.
13.2,ramp,67.51982431430069,449.1704069252424,0.1886381428521587,322.5925080874645,0,normal,1.3068126250436676,False,1.2171527961010618,False,0.306430774006271,False,1.305781533491486,False,0,NORMAL,0,22.999827587130074,21.6066088875666,5.944594279540427,22.983947104304903,21.384198494256974,NORMAL,Pressure,0,Telemetry remains within the expected prototype operating envelope.
13.3,ramp,71.20024943283326,453.4697664125796,0.1788176954977133,322.6079578680296,0,normal,1.095866491066423,False,1.1744843862558485,False,0.426164763678262,False,1.3055146662308297,False,0,NORMAL,0,19.681748400273136,20.934762032837682,8.170166062741691,22.979836381991593,21.216463525105894,NORMAL,Thrust,0,Telemetry remains within the expected prototype operating envelope.
13.4,ramp,69.87574027464531,455.1646906725557,0.1549179661017601,334.01103887983845,0,normal,1.171781657749288,False,1.1576633404246597,False,2.209060641575057,False,1.1085468853713414,False,0,NORMAL,0,20.892012105227444,20.668322106010805,35.71295987435479,19.885183747228695,31.71479072870251,NORMAL,Vibration,0,Telemetry remains within the expected prototype operating envelope.
13.5,ramp,71.14278026757263,459.3507462135689,0.1640919809813219,323.9620309012198,0,normal,1.0991603763770044,False,1.1161194002203476,False,1.5246883191292586,False,1.2821254821854866,False,0,NORMAL,0,19.7346427973756,20.006426040287494,26.28306747251512,22.618704626397403,24.840242439085195,NORMAL,Vibration,0,Telemetry remains within the expected prototype operating envelope.
13.6,ramp,71.84901993703322,461.6944133428849,0.1842933618462108,335.90606441137413,0,normal,1.058681756887124,False,1.0928599938113377,False,0.0176855378370099,False,1.075813716745063,False,0,NORMAL,0,19.082199188699455,19.63343855679397,0.35308593714482583,19.3589808397559,17.874159207625567,NORMAL,Temperature,0,Telemetry remains within the expected prototype operating envelope.
13.7,ramp,73.57741205429654,462.2802440780019,0.1758324964837536,336.2952054340496,0,normal,0.9596177565634842,False,1.0870459961729648,False,0.6488576205100027,False,1.0690920032363715,False,0,NORMAL,0,17.463003546982524,19.539934004117775,12.17039225167509,19.25049877198697,18.68804210296826,NORMAL,Temperature,0,Telemetry remains within the expected prototype operating envelope.
13.8,ramp,72.40578240436083,461.0079748858498,0.1724046450893134,337.5400949633489,0,normal,1.0267705275470689,False,1.099672459134266,False,0.9045719016191858,False,1.0475887684748744,False,0,NORMAL,0,18.56411036229805,19.742862877518064,16.54931941604231,18.902475850178547,19.286753114664975,NORMAL,Temperature,0,Telemetry remains within the expected prototype operating envelope.
13.9,ramp,71.33745410527047,467.0129290920469,0.1786407800154331,328.24768628907384,0,normal,1.0880025095202417,False,1.0400771059365637,False,0.4393624814794907,False,1.208098468749386,False,0,NORMAL,0,19.555324757334326,18.780548838833468,8.412235292865278,21.464520389749865,19.92054331523092,NORMAL,Thrust,0,Telemetry remains within the expected prototype operating envelope.
14.0,ramp,73.02042517389883,472.6093492539546,0.1544117843334218,330.2853446472008,0,normal,0.9915418482952542,False,0.9845361934267828,False,2.2468212945634414,False,1.172901573758074,False,0,NORMAL,0,17.988308503284355,17.873318843148013,36.19663530824613,20.90972898142528,31.662512218519062,NORMAL,Vibration,0,Telemetry remains within the expected prototype operating envelope.
14.1,ramp,72.17090005670678,468.8012424071442,0.1712811001908921,345.9782671393636,0,normal,1.0402329732106492,False,1.0223292330999327,False,0.9883872258364764,False,0.9018344722194414,False,0,NORMAL,0,18.783080690261023,18.49174207327917,17.936548992054103,16.503618837681312,18.48406412558128,NORMAL,Pressure,0,Telemetry remains within the expected prototype operating envelope.
14.2,ramp,73.02199409632392,469.317240667647,0.1886956715054918,336.96246772407494,0,normal,0.99145192441162,False,1.0172082783801897,False,0.3107223539312669,False,1.0575662434543085,False,0,NORMAL,0,17.986833528060288,18.408219289315177,6.025288902049663,19.064144195963873,17.771586244973054,NORMAL,Thrust,0,Telemetry remains within the expected prototype operating envelope.
14.3,ramp,73.86393370268723,474.6782893921492,0.1701393573467383,333.81127154926185,0,normal,0.9431955683427654,False,0.964003277763018,False,1.0735600985805778,False,1.111997507861101,False,0,NORMAL,0,17.191470255813858,17.53536535745618,19.32262583422486,19.9404538707469,19.435412606331642,NORMAL,Thrust,0,Telemetry remains within the expected prototype operating envelope.
14.4,ramp,72.57262921100128,475.15244308950736,0.1776642733892132,339.602315073122,0,normal,1.0172075863938783,False,0.9592976037322496,False,0.5122088978460775,False,1.011967613258563,False,0,NORMAL,0,18.408207997235316,17.45771848716243,9.736930022865165,18.322655416111445,17.55881749149821,NORMAL,Pressure,0,Telemetry remains within the expected prototype operating envelope.
14.5,ramp,73.38484865867312,479.30807786782,0.1733700814802082,344.3981726513945,0,normal,0.9706546619600238,False,0.9180555702595186,False,0.8325513137212615,False,0.9291277716813398,False,0,NORMAL,0,17.644993217122718,16.774060511357202,15.33858716934241,16.95815547558287,17.30687777380272,NORMAL,Pressure,0,Telemetry remains within the expected prototype operating envelope.
14.6,ramp,74.47611187176942,481.3766524350847,0.1675515092391377,349.79937677239445,0,normal,0.9081081493859458,False,0.8975262826548431,False,1.2666109757359216,False,0.8358316538531172,False,0,NORMAL,0,16.608319006435945,16.431644186489102,22.37822520616044,15.394112599146803,20.74192272134961,NORMAL,Vibration,0,Telemetry remains within the expected prototype operating envelope.
14.7,ramp,74.28500758483672,475.3173648426006,0.1590869696375402,339.93388267613926,0,normal,0.9190614249496676,False,0.957660860172168,False,1.898057152969111,False,1.0062403773559525,False,0,NORMAL,0,16.79080146771913,17.430693954640684,31.587281153245893,18.22904472923178,27.885042113783108,NORMAL,Vibration,0,Telemetry remains within the expected prototype operating envelope.
14.8,ramp,73.66081946697899,481.6873162928289,0.1759319934803324,341.71533321983924,0,normal,0.954837202501452,False,0.8944431413531293,False,0.6414352442092283,False,0.9754690130255456,False,0,NORMAL,0,17.38405129471371,16.380097685742868,12.039914550364584,17.724252235856277,17.079491582890856,NORMAL,Thrust,0,Telemetry remains within the expected prototype operating envelope.
14.9,ramp,74.86086855454512,485.87850242790415,0.1728817828980844,340.32453299176234,0,normal,0.886055551618163,False,0.8528482832642269,False,0.8689778989276516,False,0.9994925935174744,False,0,NORMAL,0,16.239706077085923,15.681564581686413,15.953131111132922,18.11861568477343,17.55148922238712,NORMAL,Thrust,0,Telemetry remains within the expected prototype operating envelope.
15.0,ramp,75.05114660059859,481.1503294800351,0.1675955703855346,347.9391126308988,0,normal,0.8751496326270095,False,0.8997723941121142,False,1.2633240583409593,False,0.8679643817872101,False,0,NORMAL,0,16.056810088674467,16.469176523968223,22.327181157882116,15.93609279588495,20.70672805218423,NORMAL,Vibration,0,Telemetry remains within the expected prototype operating envelope.
15.1,ramp,76.80408429074177,486.0590093450628,0.1629908431805067,346.5264362589172,0,normal,0.7746787856651401,False,0.851056866858154,False,1.606832096305339,False,0.8923658334452047,False,0,NORMAL,0,14.352980218275357,15.651349283482984,27.48425093686174,16.34534961113021,24.325231988313284,NORMAL,Vibration,0,Telemetry remains within the expected prototype operating envelope.
15.2,ramp,76.63375970151264,486.4007478015682,0.1856819513402252,343.5541896434673,0,normal,0.7844410583542994,False,0.8476653299175961,False,0.0859018477753238,False,0.9437060650375284,False,0,NORMAL,0,14.5200389903011,15.594115561691002,1.7033628562620695,17.199924520365617,15.468977106991883,NORMAL,Thrust,0,Telemetry remains within the expected prototype operating envelope.
15.3,ramp,76.70213559064624,491.31602232672014,0.1665889012171983,354.98795862608955,0,normal,0.7805220465539076,False,0.7988843548540724,False,1.3384205701423229,False,0.7462082045001063,False,0,NORMAL,0,14.45301333111878,14.766605180319681,23.48505570927899,13.863905028577229,21.090036895344628,NORMAL,Vibration,0,Telemetry remains within the expected prototype operating envelope.
15.4,ramp,75.09044238616171,492.5634831988232,0.1728742379976265,343.5617634804607,0,normal,0.8728973672557077,False,0.7865040986988175,False,0.869540740945763,False,0.9435752405819592,False,0,NORMAL,0,16.018989103065586,14.555301436658052,15.962591600507103,17.197758037063704,16.75532373960467,NORMAL,Thrust,0,Telemetry remains within the expected prototype operating envelope.
15.5,ramp,76.54388283698381,492.3885838028156,0.1903284173697434,354.9634180845632,0,normal,0.7895924135634805,False,0.78823986402212,False,0.4325235602461857,False,0.7466320983583123,False,0,NORMAL,0,14.60806116765051,14.58495867752443,8.286877279297556,13.871207231362604,13.988461390108402,NORMAL,Pressure,0,Telemetry remains within the expected prototype operating envelope.
15.6,ramp,78.03610252623761,492.75238907368765,0.1717976325389935,349.34893592887545,0,normal,0.7040648007592509,False,0.784629327976661,False,0.9498544299636386,False,0.8436122118676165,False,0,NORMAL,0,13.13482310008316,14.523257585700101,17.301678961191904,15.52566641944555,16.53856610558655,NORMAL,Vibration,0,Telemetry remains within the expected prototype operating envelope.
15.7,ramp,76.99563271083792,497.8974061245175,0.1908371705184337,353.32138070792524,0,normal,0.7637000542992257,False,0.7335683043911726,False,0.47047603563365,False,0.774995350169799,False,0,NORMAL,0,14.164714477521589,13.645879235020697,8.980389904008657,14.35840260789848,13.808532989773337,NORMAL,Thrust,0,Telemetry remains within the expected prototype operating envelope.
15.8,ramp,78.82884295924819,495.5673382995439,0.1743426565695712,357.0863007163172,0,normal,0.658628329643734,False,0.7566927463495475,False,0.759998186066852,False,0.7099631068314858,False,0,NORMAL,0,12.341856174827125,14.044335288098587,14.101140762935671,13.237234163102297,13.866641054942509,NORMAL,Vibration,0,Telemetry remains within the expected prototype operating envelope.
15.9,ramp,78.42244848150018,498.83314119074856,0.1856070916995894,354.3501740701865,0,normal,0.6819211127298423,False,0.7242817286977282,False,0.0803173935541387,False,0.7572247892733432,False,0,NORMAL,0,12.749266891046174,13.485343382550152,1.5935149095530843,14.053481222121034,12.799403354839837,NORMAL,Thrust,0,Telemetry remains within the expected prototype operating envelope.
16.0,ramp,78.09036031750315,503.9272555371648,0.1952244461520826,356.3257759982838,0,normal,0.700954977590189,False,0.6737258820951244,False,0.7977624041460103,False,0.7230998078550689,False,0,NORMAL,0,13.080779227194938,12.606141652478808,14.747477500834894,13.464890270079067,14.302048132469107,NORMAL,Vibration,0,Telemetry remains within the expected prototype operating envelope.
16.1,ramp,78.72097522712579,510.2538451163105,0.1804482091632979,362.3107648185206,0,normal,0.6648108439835952,False,0.6109385022818037,False,0.304530077148406,False,0.6197198559657425,False,0,NORMAL,0,12.450178736687324,11.501775865852803,5.908833320073114,11.65706630121769,11.725428423431968,NORMAL,Pressure,0,Telemetry remains within the expected prototype operating envelope.
16.2,ramp,78.17175221537374,499.6836444937138,0.1790751335416287,360.9981464433321,0,normal,0.6962899441660836,False,0.7158410240735832,False,0.4069601434205827,False,0.6423929851146568,False,0,NORMAL,0,12.999645169751107,13.339171105128633,7.816776407965353,12.056761531184822,12.71404221206123,NORMAL,Temperature,0,Telemetry remains within the expected prototype operating envelope.
16.3,ramp,77.77086670893686,504.8344698395457,0.1675440044771931,364.4462484694986,0,normal,0.7192669767171729,False,0.6647223568524836,False,1.2671708234611394,False,0.5828332044231237,False,0,NORMAL,0,13.398529945918147,12.448629316474403,22.386915994408696,11.002921344005633,19.734732598936255,NORMAL,Vibration,0,Telemetry remains within the expected prototype operating envelope.
16.4,ramp,80.00817352900663,507.9548104403811,0.1898001903522896,364.5179225430203,0,normal,0.5910341750665822,False,0.6337549599634267,False,0.393118353751606,False,0.5815951633014207,False,0,NORMAL,0,11.148774183704024,11.904699035884791,7.561226686228617,10.980882206964937,11.377667808193571,NORMAL,Temperature,0,Telemetry remains within the expected prototype operating envelope.
16.5,ramp,79.80766635555268,505.4537930847681,0.1957512286957342,361.0593201412557,0,normal,0.602526383632879,False,0.6585759673422211,False,0.8370598543415533,False,0.6413363191561757,False,0,NORMAL,0,11.35275903394859,12.340938173588867,15.414892645282096,12.038174241924704,14.495022077723485,NORMAL,Vibration,0,Telemetry remains within the expected prototype operating envelope.
16.6,ramp,80.32272911726528,513.474755574088,0.1713182396965291,360.4107278265705,0,normal,0.5730052020194256,False,0.5789730134940071,False,0.985616655910336,False,0.6525395885860569,False,0,NORMAL,0,10.827816606814867,10.93418567098846,17.891063885371473,12.235045605967121,16.169401305291373,NORMAL,Vibration,0,Telemetry remains within the expected prototype operating envelope.
16.7,ramp,80.69896593221141,511.7006923259675,0.1954375903532318,355.4825343845957,0,normal,0.5514409264217085,False,0.596579463474541,False,0.8136627480926188,False,0.7376652949549607,False,0,NORMAL,0,10.442399372219635,11.247260694508821,15.018155770975616,13.716608656869589,14.173938394409346,NORMAL,Vibration,0,Telemetry remains within the expected prototype operating envelope.
16.8,ramp,77.89915319859895,509.0714276468035,0.1744681737817514,358.5969684672945,0,normal,0.7119141470401167,False,0.6226732440138361,False,0.7506347277408747,False,0.6838690297817963,False,0,NORMAL,0,13.271083087563508,11.709233085729053,13.94012796858929,12.78325170881941,13.585156566519398,NORMAL,Vibration,0,Telemetry remains within the expected prototype operating envelope.
16.9,ramp,80.71612711918715,516.9383934307539,0.1998043278855841,359.0201714127908,0,normal,0.5504573210146145,False,0.5445986095720065,False,1.1394169948167017,False,0.6765589576231164,False,0,NORMAL,0,10.4247797711582,10.31975918109509,20.378290583835547,12.655646306388224,17.951505515709847,NORMAL,Vibration,0,Telemetry remains within the expected prototype operating envelope.
17.0,ramp,81.14909807759354,522.9865639474807,0.1621865567624992,355.8610116633416,0,normal,0.5256412883937239,False,0.4845743619645405,False,1.6668310576139431,False,0.7311277785045271,False,0,NORMAL,0,9.979094354225126,9.236673250713267,28.349224729111832,13.603719053127127,23.77925832030071,NORMAL,Vibration,0,Telemetry remains within the expected prototype operating envelope.
17.1,ramp,80.47418748915273,517.7793491461342,0.1879629053882523,360.432874555569,0,normal,0.5643242597426045,False,0.5362526586853206,False,0.2560587354339821,False,0.6521570435476051,False,0,NORMAL,0,10.672862415552853,10.169940801120102,4.992252690546561,12.228330539518184,11.27896116477637,NORMAL,Thrust,0,Telemetry remains within the expected prototype operating envelope.
17.2,ramp,84.08947088727298,520.0032943511715,0.1824706097038962,372.71514296248887,0,normal,0.3571117689285942,False,0.5141814162685584,False,0.1536610222084163,False,0.4400028766582965,False,0,NORMAL,0,6.893143126214262,9.772532113505372,3.026477090579527,8.42396501427476,8.81230614142871,NORMAL,Temperature,0,Telemetry remains within the expected prototype operating envelope.
17.3,ramp,82.5951716227911,524.2569496439173,0.1880411252772593,381.41882479499554,0,normal,0.4427585740382098,False,0.4719665915008926,False,0.261893860818445,False,0.2896623770967718,False,0,NORMAL,0,8.474422276437622,9.007519822714338,5.103064441533012,5.628633084485757,8.323581351966759,NORMAL,Temperature,0,Telemetry remains within the expected prototype operating envelope.
17.4,ramp,80.5197546642564,522.2227272476782,0.1719305931112322,367.0540051255812,0,normal,0.5617125453034268,False,0.4921549556455246,False,0.9399357044316522,False,0.5377888834156491,False,0,NORMAL,0,10.626190832321292,9.37417696863687,17.137463744810198,10.197536393293538,15.281196128794544,NORMAL,Vibration,0,Telemetry remains within the expected prototype operating envelope.
17.5,ramp,81.79627493283239,528.2477764175222,0.1851255550424342,370.7388462567354,0,normal,0.4885478953167255,False,0.4323601727078253,False,0.0443952411784901,False,0.4741398591149723,False,0,NORMAL,0,9.308774818318922,8.283880274059163,0.883974589538894,9.04706143070102,8.459026604261375,NORMAL,Pressure,0,Telemetry remains within the expected prototype operating envelope.
17.6,ramp,82.39621894385742,529.8581023594868,0.181094367244676,372.00972708506896,0,normal,0.4541616856663058,False,0.416378711404463,False,0.2563273313903811,False,0.4521876712602606,False,0,NORMAL,0,8.68291971003783,7.990259751874762,4.997356292815425,8.646860345933716,8.296669970332491,NORMAL,Pressure,0,Telemetry remains within the expected prototype operating envelope.
17.7,ramp,82.57737339867244,533.1569526532727,0.166987524860069,378.0691332283149,0,normal,0.4437786916736936,False,0.3836397192899802,False,1.30868364559678,False,0.3475222935324759,False,0,NORMAL,0,8.493093742850366,7.385821810424642,23.028635977720356,6.7144025955707125,18.960534371592765,NORMAL,Vibration,0,Telemetry remains within the expected prototype operating envelope.
17.8,ramp,84.24428140738475,530.2936508416811,0.1934360711226978,371.99559710021697,0,normal,0.3482386959370686,False,0.4120561695931851,False,0.6643514179712643,False,0.452431741416124,False,0,NORMAL,0,6.727767643331495,7.910682169234661,12.442133834036573,8.65131955210371,11.213928522010587,NORMAL,Vibration,0,Telemetry remains within the expected prototype operating envelope.
17.9,ramp,84.77197610572912,536.1024072460124,0.1996195935996187,380.4863899237677,0,normal,0.3179935060606292,False,0.3544079548577111,False,1.1256360020909133,False,0.3057685178136142,False,0,NORMAL,0,6.16185046613359,6.8427807844584905,20.158534637787383,5.932135699503216,16.523886403501535,NORMAL,Vibration,0,Telemetry remains within the expected prototype operating envelope.
18.0,ramp,85.1919120805409,538.277855484361,0.1813001517765388,372.7792104847961,0,normal,0.2939245826206573,False,0.3328180140062203,False,0.240976011401996,False,0.4388962250716808,False,0,NORMAL,0,5.709044838746924,6.4396593033651754,4.70522486533681,8.40369421820406,7.672443274077274,NORMAL,Thrust,0,Telemetry remains within the expected prototype operating envelope.
18.1,ramp,85.09209241875664,539.7543869421796,0.2000756043444272,382.34096262826,0,normal,0.299645816192909,False,0.3181643779059799,False,1.1596539469691254,False,0.2737340992500581,False,0,NORMAL,0,5.816875250330278,6.165057270893037,20.699899451226557,5.327519045729712,16.780752857387977,NORMAL,Vibration,0,Telemetry remains within the expected prototype operating envelope.
18.2,ramp,85.46378042547633,542.3575956928843,0.1687296049835255,381.9500480841933,0,normal,0.2783422587129815,False,0.2923291858931097,False,1.1787262130409768,False,0.2804864471611861,False,0,NORMAL,0,5.414732028220969,5.678953742018178,21.001809797152436,5.455285060056325,16.936869673050776,NORMAL,Vibration,0,Telemetry remains within the expected prototype operating envelope.
18.3,ramp,85.26993838127804,544.8133855910505,0.1919738640444464,383.1502722088096,0,normal,0.2894524507448681,False,0.2679570322787605,False,0.5552722343012034,False,0.2597547271887617,False,0,NORMAL,0,5.624670793951269,5.218069975882756,10.510997634947461,5.062456310289088,9.143565500284524,NORMAL,Vibration,0,Telemetry remains within the expected prototype operating envelope.
18.4,ramp,87.99006517512676,545.3559541693578,0.1783175823329145,366.9884494562437,0,normal,0.1335464853712034,False,0.2625723840453354,False,0.4634727049201698,False,0.5389212400742398,False,0,NORMAL,0,2.635575838244675,5.115941522760814,8.852812492002505,10.217871774040821,8.988559295493305,NORMAL,Thrust,0,Telemetry remains within the expected prototype operating envelope.
18.5,ramp,86.0004278834756,546.649712135349,0.1762867494028096,378.4714046767671,0,normal,0.247583935169424,False,0.2497326586639133,False,0.6149708076725031,False,0.3405737754589211,False,0,NORMAL,0,4.831081803617909,4.871971355049376,11.573117468122163,6.584673141790498,9.960350184030151,NORMAL,Vibration,0,Telemetry remains within the expected prototype operating envelope.
18.6,ramp,86.87793240063834,547.3449983848811,0.1635329440019494,380.8408371009666,0,normal,0.1972891514198624,False,0.2428323846249184,False,1.56639191792749,False,0.2996460782858693,False,0,NORMAL,0,3.8689508673698247,4.74059883197091,26.89536270713121,5.8168801872769516,21.097642611588313,NORMAL,Vibration,0,Telemetry remains within the expected prototype operating envelope.
18.7,ramp,88.06602998016484,548.3877680168837,0.2064097403310922,380.6911405242528,0,normal,0.1291925095599776,False,0.2324835589071639,False,1.6321741480796428,False,0.3022318182702693,False,0,NORMAL,0,2.550754443039427,4.543230060795745,27.850860661229426,5.865574206935409,21.67397112484913,NORMAL,Vibration,0,Telemetry remains within the expected prototype operating envelope.
18.8,ramp,86.69961686609814,552.3835822672346,0.1676974630946464,375.2846549168377,0,normal,0.207509430715842,False,0.1928276425778894,False,1.2557229642844758,False,0.3956191643075819,False,0,NORMAL,0,4.0652474127016225,3.7831346809576227,22.20901167857732,7.607449497832408,17.731531377206295,NORMAL,Vibration,0,Telemetry remains within the expected prototype operating envelope.
18.9,ramp,86.29274469619294,551.5850848143841,0.1772058447169364,384.665905200193,0,normal,0.2308295930612873,False,0.2007522221993262,False,0.5464072176919248,False,0.2335748845128169,False,0,NORMAL,0,4.511648390135836,3.9355095404195684,10.352192597155751,4.564062670650493,8.773223843007884,NORMAL,Vibration,0,Telemetry remains within the expected prototype operating envelope.
19.0,ramp,86.83212027026651,555.2197793300309,0.1948970028651311,384.53270054234287,0,normal,0.1999149056411714,False,0.1646801896762173,False,0.7733354628665138,False,0.2358757561658126,False,0,NORMAL,0,3.9194209156274695,3.2399552667752296,14.329966808108486,4.607969735999118,11.597993288840168,NORMAL,Vibration,0,Telemetry remains within the expected prototype operating envelope.
19.1,ramp,88.05151247166067,556.6444293254436,0.1795689246196424,382.20728625776405,0,normal,0.1300245906906371,False,0.1505414441097464,False,0.3701238235214164,False,0.2760431188933168,False,0,NORMAL,0,2.5669702294020103,2.9659549165341415,7.1351304153816635,5.371229075860972,6.216272175751225,NORMAL,Vibration,0,Telemetry remains within the expected prototype operating envelope.
19.2,ramp,86.85774212245603,557.9105591453896,0.1845343102758038,392.32393914504087,0,normal,0.1984463713032497,False,0.1379759105148436,False,0.0002889737061955,False,0.1012960775569374,False,0,NORMAL,0,3.891197245168876,2.7217913297952645,0.005779307115516552,2.0055376465363928,3.2839049431136735,NORMAL,Pressure,0,Telemetry remains within the expected prototype operating envelope.
19.3,ramp,88.36134435769877,560.0468470564998,0.1856238206217653,391.0552306015782,0,normal,0.1122663599325899,False,0.1167746110173036,False,0.0815653543948226,False,0.1232107430850104,False,0,NORMAL,0,2.2203073366189874,2.308430683533935,1.6180733326030095,2.43410095154174,2.3329954451281774,NORMAL,Thrust,0,Telemetry remains within the expected prototype operating envelope.
19.4,ramp,89.98833938030585,561.0769166566103,0.1952572451646368,390.4768823754969,0,normal,0.0190140048470384,False,0.106551825042775,False,0.800209177635081,False,0.133200671818945,False,0,NORMAL,0,0.37955794786653785,2.1084903575397274,14.789186017258816,2.628841617892308,11.354752556017003,NORMAL,Vibration,0,Telemetry remains within the expected prototype operating envelope.
19.5,ramp,88.36538769247038,558.8160730164642,0.1796976727677455,386.4481051563393,0,normal,0.1120346133785976,False,0.1289892609719678,False,0.3605193406112992,False,0.2027905754259579,False,0,NORMAL,0,2.2157752102243022,2.546793078213383,6.9565751666264,3.9746642315867886,5.894982030889111,NORMAL,Vibration,0,Telemetry remains within the expected prototype operating envelope.
19.6,ramp,88.83231325105235,564.2906665643126,0.1939939034686251,392.6170939590528,0,normal,0.0852724491541275,False,0.0746574001625733,False,0.7059651523208957,False,0.0962323537173533,False,0,NORMAL,0,1.6909885238623357,1.4820558246270155,13.167831701805888,1.9062439964275035,10.155713610262067,NORMAL,Vibration,0,Telemetry remains within the expected prototype operating envelope.
19.7,ramp,90.44730752582107,567.2127309138418,0.2020937241391388,399.6598208575367,0,normal,0.0072920746945948,False,0.0456577690251871,False,1.310203662553037,False,0.0254181271445512,False,0,NORMAL,0,0.14573519686652547,0.9089987784593245,23.05203197700063,0.5070725673591459,17.137531655522903,NORMAL,Vibration,0,Telemetry remains within the expected prototype operating envelope.
19.8,ramp,90.26857961389592,564.0990267378469,0.1912437752782762,383.6974327489635,0,normal,0.002951840298972,False,0.0765593036164219,False,0.5008083435123809,False,0.250303509815459,False,0,NORMAL,0,0.059019382686020805,1.519523021934699,9.530885403124001,4.882831524022835,7.594398203560262,NORMAL,Vibration,0,Telemetry remains within the expected prototype operating envelope.
19.9,ramp,88.66419351842687,566.4435564825628,0.1731326685448147,390.3678514571164,0,normal,0.0949083489484355,False,0.0532913362979247,False,0.8502620809379011,False,0.1350839854616568,False,0,NORMAL,0,1.8802652368291928,1.0601669186694918,15.63794039379518,2.665510797699644,12.0235010488288,NORMAL,Vibration,0,Telemetry remains within the expected prototype operating envelope.
20.0,ramp,90.43983378125628,570.5408487694733,0.1787033146777244,396.9216693438189,0,normal,0.0068637118094657,False,0.0126283149645294,False,0.4346974582996165,False,0.021878531254659,False,0,NORMAL,0,0.13718005820867463,0.2522476189623979,8.326743607927456,0.43661467965387946,6.2132521170686825,NORMAL,Vibration,0,Telemetry remains within the expected prototype operating envelope.
20.1,ramp,91.61967265715744,577.1118741075118,0.1747532465862533,388.5230367467106,0,normal,0.0744870003078985,False,0.0525849343700488,False,0.7293685820190328,False,0.1669498521716509,False,0,NORMAL,0,1.4786982787407421,1.0461876734296882,13.573316098203314,3.2838678282693046,10.518586578213421,NORMAL,Vibration,0,Telemetry remains within the expected prototype operating envelope.
20.2,ramp,89.62298002251515,570.2175076221774,0.1926385733607639,399.59425181818864,0,normal,0.0399548313972835,False,0.0158372703061975,False,0.6048588836070616,False,0.0242855395429982,False,0,NORMAL,0,0.795912338337168,0.3162442970820245,11.394103327095461,0.4845331234555661,8.542861557634444,NORMAL,Vibration,0,Telemetry remains within the expected prototype operating envelope.
20.3,ramp,91.38848537113375,579.6158773221362,0.1654504082210102,404.5962435972614,0,normal,0.0612363396801849,False,0.077435574501446,False,1.4233510074828315,False,0.1106859798784715,False,0,NORMAL,0,1.2172575387595086,1.5367806246008864,24.773769160329863,2.189396636614349,18.703205300741065,NORMAL,Vibration,0,Telemetry remains within the expected prototype operating envelope.
20.4,ramp,91.66732817486222,577.210212655347,0.2029794558154492,400.304821502615,0,normal,0.0772184095605655,False,0.0535608819443275,False,1.3762783585654477,False,0.0365593569211746,False,0,NORMAL,0,1.5325039798849138,1.0655005351554614,24.062205305724238,0.728520468673588,18.036947349046596,NORMAL,Vibration,0,Telemetry remains within the expected prototype operating envelope.
20.5,ramp,89.78078681384973,577.6019084149742,0.1846893650228718,402.4124339132157,0,normal,0.0309100250297365,False,0.0574482133609324,False,0.0118559025536279,False,0.0729645827542652,False,0,NORMAL,0,0.6162935728691754,1.142388879825884,0.23683714828943714,1.4486955994825301,1.2430209697045094,NORMAL,Thrust,0,Telemetry remains within the expected prototype operating envelope.
20.6,ramp,89.76829852152382,579.1673878682268,0.1925690086712832,398.7299009202467,0,normal,0.0316258002190927,False,0.0729846017723634,False,0.5996694274392738,False,0.0093554274026717,False,0,NORMAL,0,0.6305198328218409,1.4490901787619026,11.302092303239286,0.18693360913523138,8.533615640451885,NORMAL,Vibration,0,Telemetry remains within the expected prototype operating envelope.
20.7,ramp,92.77537816764182,580.8205804920703,0.1837484902498448,403.6176085950675,0,normal,0.1407270681264989,False,0.0893914876433861,False,0.0583324132492689,False,0.093781814727498,False,0,NORMAL,0,2.7753021436231817,1.7719428942894355,1.1598693119034498,1.8581556984155534,2.4659075225753346,NORMAL,Pressure,0,Telemetry remains within the expected prototype operating envelope.
20.8,ramp,93.13226434782888,586.5359042662427,0.1832098969485531,399.507734239809,0,normal,0.16118224858956,False,0.1461124429188693,False,0.0985109341365545,False,0.0227911034865388,False,0,NORMAL,0,3.1722393957204553,2.879964056548623,1.9509367143939582,0.45478477760181324,2.80202403984147,NORMAL,Pressure,0,Telemetry remains within the expected prototype operating envelope.
20.9,ramp,92.3286014323576,587.0534971186748,0.191010006153884,417.4786355271895,0,normal,0.1151197477697795,False,0.151249222949842,False,0.4833694009472407,False,0.3332062047170401,False,0,NORMAL,0,2.2760920947039742,2.979689673169983,9.214797360753014,6.4469228724284395,7.819899709581808,NORMAL,Vibration,0,Telemetry remains within the expected prototype operating envelope.
21.0,ramp,93.7874093861845,589.4917250762458,0.1767221518605367,406.9092352789371,0,normal,0.1987323436423281,False,0.1754470854677603,False,0.5824902203718291,False,0.150638764412259,False,0,NORMAL,0,3.896693979801946,3.448092151217963,10.996816218893812,2.9678435746779086,9.012507060682745,NORMAL,Vibration,0,Telemetry remains within the expected prototype operating envelope.
21.1,ramp,96.05960000203468,590.3467414892908,0.1923644354214981,407.3248964806725,0,normal,0.3289645343910087,False,0.1839325798405014,False,0.5844084678808109,False,0.157818566468425,False,0,NORMAL,0,6.36752493697127,3.6118113222585846,11.030955696794143,3.1070779184935615,9.28039106693648,NORMAL,Vibration,0,Telemetry remains within the expected prototype operating envelope.
21.2,ramp,95.571104308902,588.8627266246452,0.1900298165868101,405.20516164579055,0,normal,0.3009660628524922,False,0.1692046756846421,False,0.4102482408813271,False,0.1212039474891441,False,0,NORMAL,0,5.841740958466968,3.3274735569893354,7.877377964082322,2.3949341287833437,6.821429254881681,NORMAL,Vibration,0,Telemetry remains within the expected prototype operating envelope.
21.3,ramp,95.0499524467475,598.05566713047,0.189918456015752,399.7040008604265,0,normal,0.2710958801980587,False,0.260438766330115,False,0.4019408538054999,False,0.0261812574878817,False,0,NORMAL,0,5.27755251603319,5.075443621059483,7.724191085113419,0.5222566229624359,6.648175541775968,NORMAL,Vibration,0,Telemetry remains within the expected prototype operating envelope.
21.4,ramp,94.89601554739843,594.3296058827908,0.2113175197097485,394.9574947296533,0,normal,0.2622728793901857,False,0.2234599770726454,False,1.9982895746967664,False,0.0558061263118273,False,0,NORMAL,0,5.110257709086962,4.370802120791817,32.94506082651277,1.109916987365156,25.223692831062014,NORMAL,Vibration,0,Telemetry remains within the expected prototype operating envelope.
21.5,ramp,93.92820605303083,594.2750858603841,0.1785021992433664,414.4717126540089,0,normal,0.2068022028546673,False,0.2229189005081781,False,0.44970046829014,False,0.2812670029405488,False,0,NORMAL,0,4.051676907003343,4.36045301726592,8.601406281467106,5.470043392787083,7.558227297824422,NORMAL,Vibration,0,Telemetry remains within the expected prototype operating envelope.
21.6,ramp,95.61118322937612,598.42449198277,0.1867503947529361,412.9246819670316,0,normal,0.3032632141477127,False,0.2640991185303398,False,0.1656066563415157,False,0.254544821363491,False,0,NORMAL,0,5.8849901760491985,5.144909652702312,3.257882597012174,4.963481621982324,5.509729218609754,NORMAL,Pressure,0,Telemetry remains within the expected prototype operating envelope.
21.7,ramp,96.25736541413208,602.1175717967038,0.1895718169543937,413.7673233015769,0,normal,0.3402995969918737,False,0.3007505880239062,False,0.3760819269793931,False,0.2690999397173804,False,0,NORMAL,0,6.579550507116827,5.837683124086091,7.245724209487725,5.2397328944916115,6.888706175495468,NORMAL,Vibration,0,Telemetry remains within the expected prototype operating envelope.
21.8,ramp,95.37410825845124,599.0835289273616,0.1918710577833006,417.7964726524951,0,normal,0.289675096751288,False,0.2706396412611781,False,0.5476029901778837,False,0.3386962712333936,False,0,NORMAL,0,5.628873158417069,5.268908907936365,10.37362970996638,6.549589020963165,9.177196881240409,NORMAL,Vibration,0,Telemetry remains within the expected prototype operating envelope.
21.9,ramp,94.72576421293938,604.2975454903485,0.178168767501017,407.3898621306921,0,normal,0.2525148053492925,False,0.3223854411424167,False,0.4745741423450165,False,0.1589407316010941,False,0,NORMAL,0,4.924888657230609,6.244240487863029,9.054960954821745,3.1288214501714373,7.929104381266731,NORMAL,Vibration,0,Telemetry remains within the expected prototype operating envelope.
22.0,ramp,97.81521224232723,606.6840727063604,0.1817449059652444,414.7407936563279,0,normal,0.4295886750610684,False,0.3460702066660879,False,0.2077977943358727,False,0.2859148948430386,False,0,NORMAL,0,8.233027979661733,6.6873069030684125,4.07078007166689,5.557875566988669,7.4995048574013765,NORMAL,Pressure,0,Telemetry remains within the expected prototype operating envelope.
22.1,ramp,95.75317833193095,608.8951440349315,0.1962185756943576,411.49076252008007,0,normal,0.3114017625389884,False,0.368013684042738,False,0.8719234724013548,False,0.2297764336703039,False,0,NORMAL,0,6.0380574800474545,7.095930578752629,16.002629775015585,4.491533380933632,13.344172585050694,NORMAL,Vibration,0,Telemetry remains within the expected prototype operating envelope.
22.2,ramp,97.11019100689025,609.0194938729459,0.1940872454383868,427.8844907962751,0,normal,0.3891798909675096,False,0.3692477771368862,False,0.7129283697852346,False,0.5129486987126753,False,0,NORMAL,0,7.488384667736259,7.118858203252132,13.2886737914524,9.750284374362895,11.931680555164384,NORMAL,Vibration,0,Telemetry remains within the expected prototype operating envelope.
22.3,ramp,97.08108891775407,614.2363437030804,0.1974964479721238,425.6719363458397,0,normal,0.3875118844203788,False,0.4210216953934806,False,0.9672514645623744,False,0.4747307872831474,False,0,NORMAL,0,7.4575175233506545,8.075660044680022,17.58892006753441,9.057810126193589,15.123539973051251,NORMAL,Vibration,0,Telemetry remains within the expected prototype operating envelope.
22.4,ramp,96.40654766848763,613.2815351175003,0.1957396452787658,428.4459674910156,0,normal,0.3488500820040129,False,0.4115458271453731,False,0.8361957430362432,False,0.5226472019902397,False,0,NORMAL,0,6.739172014729045,7.901282271950338,15.400273192529834,9.925172137134041,13.507193791574428,NORMAL,Vibration,0,Telemetry remains within the expected prototype operating envelope.
22.5,ramp,96.22122756215288,614.748924810314,0.1874770221290178,415.191016786605,0,normal,0.3382283307876329,False,0.426108737039282,False,0.2198123308962404,False,0.2936916922516036,False,0,NORMAL,0,6.540842766302912,8.169137073585897,4.301012371456481,5.704652845393232,7.4725580402954535,NORMAL,Temperature,0,Telemetry remains within the expected prototype operating envelope.
22.6,ramp,98.96583477563628,620.6847231556577,0.1824796429092332,422.03972720835,0,normal,0.4955374084958141,False,0.4850177622798136,False,0.1529871541368289,False,0.4119908863135745,False,0,NORMAL,0,9.43546375101888,9.244721791374621,3.013406737654356,7.909479782848083,8.723320243665666,NORMAL,Pressure,0,Telemetry remains within the expected prototype operating envelope.
22.7,ramp,98.1547906975316,615.070204652562,0.180939737290278,423.373214311543,0,normal,0.4490518511889082,False,0.4292972352387045,False,0.2678625711300508,False,0.4350244853249886,False,0,NORMAL,0,8.589548974215633,8.227678913765269,5.21627931697064,8.332739338317541,8.240253405776206,NORMAL,Pressure,0,Telemetry remains within the expected prototype operating envelope.
22.8,ramp,98.66728720751225,618.4346144797344,0.1900621598164407,423.9037860220637,0,normal,0.4784259462935392,False,0.4626868640464049,False,0.4126610134207538,False,0.4441891604070878,False,0,NORMAL,0,9.124994467920589,8.838485929097628,7.921821426564968,8.500605579290388,8.940013301899821,NORMAL,Pressure,0,Telemetry remains within the expected prototype operating envelope.
22.9,ramp,99.5173190323431,623.3038111404816,0.1738317103152561,424.4464494149389,0,normal,0.527146113510848,False,0.5110105455970216,False,0.7981142649375802,False,0.453562697623707,False,0,NORMAL,0,10.006183421566151,9.71529403963306,14.753476693754319,8.671979486908887,13.365116544603268,NORMAL,Vibration,0,Telemetry remains within the expected prototype operating envelope.
23.0,ramp,98.386434634524,627.1142035800009,0.1908871648219014,417.3799940979482,0,normal,0.4623286850855581,False,0.5488262683248757,False,0.4742055606041697,False,0.3315023508727724,False,0,NORMAL,0,8.831955267910041,10.39555462386421,9.048256571550917,6.4150372858777,9.792555833566988,NORMAL,Temperature,0,Telemetry remains within the expected prototype operating envelope.
23.1,ramp,98.77816864084676,618.8748137511599,0.1956319904191675,426.6728390119281,0,normal,0.4847811930214217,False,0.4670555619843345,False,0.8281647983241304,False,0.4920195864060875,False,0,NORMAL,0,9.240427708018418,8.918102565636977,15.264280861346968,9.371723345675099,13.666304326934807,NORMAL,Vibration,0,Telemetry remains within the expected prototype operating envelope.
23.2,ramp,100.26054638388752,629.488097477184,0.196690133564134,427.7127469623903,0,normal,0.5697447078104522,False,0.5723856561900658,False,0.9071012172320764,False,0.5099821318873103,False,0,NORMAL,0,10.769648565708989,10.816766671371624,16.59152336229377,9.69672212385987,14.973522998773948,NORMAL,Vibration,0,Telemetry remains within the expected prototype operating envelope.
23.3,ramp,99.37816482344004,625.662991079145,0.1802752975131978,422.7863221871064,0,normal,0.5191703929216829,False,0.5344239067774423,False,0.3174291130787467,False,0.4248869760645991,False,0,NORMAL,0,9.862515759560086,10.137079413524951,6.15125754968211,8.146695258925241,9.590137067189303,NORMAL,Temperature,0,Telemetry remains within the expected prototype operating envelope.
23.4,ramp,100.25911430484676,629.6479035358639,0.1964229140590628,427.6541515236918,0,normal,0.5696626272008846,False,0.5739716297350976,False,0.8871669097680861,False,0.5089700007345992,False,0,NORMAL,0,10.768183737358095,10.845050635116582,16.258321545222298,9.678440521438292,14.728533692818829,NORMAL,Vibration,0,Telemetry remains within the expected prototype operating envelope.
23.5,ramp,100.14938262860854,628.5066434711991,0.2115893752594379,432.0904401665707,0,normal,0.5633732796033099,False,0.5626453490827094,False,2.01856972644638,False,0.585598933593632,False,0,NORMAL,0,10.65587113301828,10.642862922486163,33.216486866673314,11.052136094589438,27.327860202304787,NORMAL,Vibration,0,Telemetry remains within the expected prototype operating envelope.
23.6,ramp,101.5248732284481,634.350904983126,0.1919227335343239,428.3824697797724,0,normal,0.6422104831907817,False,0.6206459294407727,False,0.5514579494521198,False,0.5215503928681895,False,0,NORMAL,0,12.053551510559213,11.673427195552843,10.442704280052395,9.905410991219355,11.691379204884573,NORMAL,Pressure,0,Telemetry remains within the expected prototype operating envelope.
23.7,ramp,100.61661685871412,635.8269297798016,0.1796328951288213,434.6248056998272,0,normal,0.5901531355515558,False,0.6352945372512484,False,0.365351687601697,False,0.6293755545310221,False,0,NORMAL,0,11.133116516061614,11.931820764976319,7.046455349201253,11.82750422616069,11.425336972169596,NORMAL,Temperature,0,Telemetry remains within the expected prototype operating envelope.
23.8,ramp,101.2493921927934,637.3391631015436,0.2032068691991843,429.9062564793946,0,normal,0.6264210953934889,False,0.6503024916555539,False,1.393243169242697,False,0.5478710762358658,False,0,NORMAL,0,11.775388423112377,12.1957690780662,24.31942275647465,10.378435097199956,20.941163635258178,NORMAL,Vibration,0,Telemetry remains within the expected prototype operating envelope.
23.9,ramp,101.54188888692372,638.3671745480543,0.2103345350160808,434.3123139620703,0,normal,0.6431857475303369,False,0.6605048517639563,False,1.924959900986212,False,0.623977820001278,False,0,NORMAL,0,12.070704044679792,12.374748491306208,31.95439066936413,11.732266483602437,26.731913532870035,NORMAL,Vibration,0,Telemetry remains within the expected prototype operating envelope.
24.0,ramp,101.11945190677204,641.3415175856691,0.1971408969515347,440.4294546634085,0,normal,0.618973477224034,False,0.6900233156474694,False,0.940727714502776,False,0.7296404587127,False,0,NORMAL,0,11.643877859346329,12.890537029073235,17.15058829795152,13.578015450650483,15.983396524407873,NORMAL,Vibration,0,Telemetry remains within the expected prototype operating envelope.
24.1,ramp,102.52009412492144,645.3583011421624,0.1986027633519305,430.7372953272966,0,normal,0.6992522633664706,False,0.7298873390101963,False,1.049781483945991,False,0.562225782434109,False,0,NORMAL,0,13.051174467931704,13.582282522355172,18.93803281215313,10.635364352969168,17.22782106649784,NORMAL,Vibration,0,Telemetry remains within the expected prototype operating envelope.
24.2,ramp,101.90338352753685,643.3827926589486,0.2033934433805329,433.3601129256632,0,normal,0.663905065118637,False,0.7102816731284001,False,1.4071614163214572,False,0.6075302542180498,False,0,NORMAL,0,12.43431714447497,13.242761925609091,24.529798009782276,11.441430520788687,21.338595621415795,NORMAL,Vibration,0,Telemetry remains within the expected prototype operating envelope.
24.3,ramp,102.5936080416558,649.5762882053477,0.2156597861096487,431.512497530916,0,normal,0.7034657648042666,False,0.7717481792734667,False,2.3222182994472105,False,0.5756160107071676,False,0,NORMAL,0,13.124415403797352,14.302765963171183,37.15153408300586,10.874366754625731,30.750641846856322,NORMAL,Vibration,0,Telemetry remains within the expected prototype operating envelope.
24.4,ramp,104.94437524414984,646.6162371707296,0.2016147192728875,437.0739422929777,0,normal,0.8382016274494861,False,0.7423715544343892,False,1.274470379243288,False,0.6716799983278384,False,0,NORMAL,0,15.434205840251348,13.797784852937333,22.5001415319105,12.570374800264862,20.251561360461178,NORMAL,Vibration,0,Telemetry remains within the expected prototype operating envelope.
24.5,ramp,105.94192445292782,645.9230680397692,0.1925725416047621,434.947442237119,0,normal,0.8953768564696802,False,0.7354922914513843,False,0.5999329807386447,False,0.6349485222849772,False,0,NORMAL,0,16.39571166116407,13.679101684843964,11.306767505265869,11.925725972476297,15.32160192683479,NORMAL,Pressure,0,Telemetry remains within the expected prototype operating envelope.
24.6,ramp,104.53728973374152,650.6527134093792,0.1964701315627061,437.9735667052514,0,normal,0.8148692373442291,False,0.7824310151490446,False,0.8906892882526093,False,0.6872193971893459,False,0,NORMAL,0,15.038659233484285,14.485668399164076,16.31729474747885,12.8416737632722,15.741029998408703,NORMAL,Vibration,0,Telemetry remains within the expected prototype operating envelope.
24.7,ramp,101.3131492614076,648.9488442040005,0.2084734043647322,441.31152354997465,0,normal,0.630075376272664,False,0.7655211964209612,False,1.7861214182760836,False,0.7448766173414265,False,0,NORMAL,0,11.839844368462026,14.195972435456872,30.03844321999336,13.840962430113313,25.64257005772292,NORMAL,Vibration,0,Telemetry remains within the expected prototype operating envelope.
24.8,ramp,104.306936597876,656.9426601186395,0.1951096654439639,444.4580536974152,0,normal,0.8016663866149255,False,0.8448547377723167,False,0.7891998782706535,False,0.7992272844906843,False,0,NORMAL,0,14.814016391441742,15.546656120863977,14.601357034550144,14.772450791276615,15.332093508148176,NORMAL,Temperature,0,Telemetry remains within the expected prototype operating envelope.
24.9,ramp,104.98656051088184,655.6500518575209,0.1842916698937411,436.9580395832003,0,normal,0.8406195054503469,False,0.832026422480897,False,0.0178117557967981,False,0.6696779868085995,False,0,NORMAL,0,15.475089908850471,15.32969909602505,0.3556013514340872,12.535360767528447,13.882186664088636,NORMAL,Pressure,0,Telemetry remains within the expected prototype operating envelope.
25.0,ramp,106.22407130877876,651.9224281192031,0.1939820485006857,438.550434411384,0,normal,0.9115483004031248,False,0.795032126497102,False,0.7050807835851001,False,0.6971837525954656,False,0,NORMAL,0,16.665675267992007,14.70091217702717,13.15247201250217,13.015196109854854,15.866936286340223,NORMAL,Pressure,0,Telemetry remains within the expected prototype operating envelope.
25.1,ramp,106.01615746041924,656.6801461720725,0.1837446380039323,441.94911977263246,0,normal,0.8996315730960196,False,0.8422494537305427,False,0.0586197869364046,False,0.7558899489954983,False,0,NORMAL,0,16.466823911751227,15.502639664506168,1.1655499592135965,14.030533184059724,14.830420880597236,NORMAL,Pressure,0,Telemetry remains within the expected prototype operating envelope.
25.2,ramp,106.23529156304522,664.0579428460051,0.1952453714267925,453.7553219118811,0,normal,0.9121913971062294,False,0.9154693957161286,False,0.799323408683177,False,0.9598209246097336,False,0,NORMAL,0,16.676392984622534,16.73100201542751,14.774089261396062,17.46635725490796,17.097318348371157,NORMAL,Thrust,0,Telemetry remains within the expected prototype operating envelope.
25.3,ramp,106.04757861277112,664.6180435848846,0.1859577688524384,453.9020046349126,0,normal,0.9014324983696692,False,0.9210280394981868,False,0.1064775579613951,False,0.9623546056750548,False,0,NORMAL,0,16.496905895486634,16.823523116291117,2.10703632339847,17.508169445712674,16.012178183041016,NORMAL,Thrust,0,Telemetry remains within the expected prototype operating envelope.
25.4,ramp,108.3158814138018,665.9421750113478,0.1887598207935305,451.7854666825219,0,normal,1.0314418562989394,False,0.9341692021666405,False,0.3155078265748844,False,0.9257952071093908,False,0,NORMAL,0,18.64015759514377,17.041843215208864,6.115188555783957,16.90278856444163,17.252350505769044,NORMAL,Pressure,0,Telemetry remains within the expected prototype operating envelope.
25.5,ramp,105.5128321636834,670.5906639539094,0.1780384868830346,450.20167435198994,0,normal,0.8707831324784565,False,0.980302499916302,False,0.4842929459733954,False,0.898438034046768,False,0,NORMAL,0,15.983470479350459,17.803749554389736,9.231564656639257,16.446881510128552,16.77568300289778,NORMAL,Temperature,0,Telemetry remains within the expected prototype operating envelope.
25.6,ramp,106.77746416961708,672.1009535774007,0.200868635329981,451.6704251627734,0,normal,0.9432663983958356,False,0.995291164351062,False,1.218813264288748,False,0.9238080711039464,False,0,NORMAL,0,17.192643314016355,18.0497830020098,21.63263851160453,16.869756908878063,20.51388693448746,NORMAL,Vibration,0,Telemetry remains within the expected prototype operating envelope.
25.7,ramp,108.23875529836477,675.0244815848138,0.1940865537782025,451.45351829552527,0,normal,1.027021319171801,False,1.0243053213625106,False,0.7128767726281684,False,0.9200613938462116,False,0,NORMAL,0,18.568194947673966,18.523949210803735,13.287778975251852,16.807441125837343,17.94822108870018,NORMAL,Pressure,0,Telemetry remains within the expected prototype operating envelope.
25.8,ramp,109.15619292206942,673.0899541192686,0.1863699630012796,444.8745047550257,0,normal,1.0796048967893046,False,1.0051063660297876,False,0.1372268286617813,False,0.8064207298910268,False,0,NORMAL,0,19.420102588989472,18.210496788068077,2.7072163698760754,14.894978574817841,17.45593618599641,NORMAL,Pressure,0,Telemetry remains within the expected prototype operating envelope.
25.9,ramp,109.6743862520492,670.707173279453,0.199211367337906,454.1712553517785,0,normal,1.1093055091075936,False,0.9814587809083252,False,1.095182731796564,False,0.9670054290920752,False,0,NORMAL,0,19.897338225384786,17.82275574905603,19.67076397940626,17.58486475799842,19.49364558378659,NORMAL,Pressure,0,Telemetry remains within the expected prototype operating envelope.
26.0,ramp,106.4062183415478,678.4902946059401,0.1904768247296176,451.83391808034776,0,normal,0.9219881846938218,False,1.058701312409048,False,0.4435946006661691,False,0.9266321181424187,False,0,NORMAL,0,16.839493881750613,19.082515666046127,8.489724561113476,16.916696395060328,17.769872852027405,NORMAL,Temperature,0,Telemetry remains within the expected prototype operating envelope.
26.1,ramp,110.00363503250183,676.9276750142532,0.1857245988465758,454.0693756585897,0,normal,1.1281766327186882,False,1.043193306305666,False,0.0890833090385609,False,0.9652456400437242,False,0,NORMAL,0,20.199093866765907,18.8311522848851,1.7658883505845657,17.55585300235747,18.23520992004973,NORMAL,Pressure,0,Telemetry remains within the expected prototype operating envelope.
26.2,ramp,108.68175992956613,675.3857568983601,0.193404283093681,453.8443808465586,0,normal,1.0524124387507263,False,1.0278907491897846,False,0.6619800628416054,False,0.9613592580400556,False,0,NORMAL,0,18.98067566643783,18.582353567791564,12.400597826137671,17.491746201393376,18.239784343588624,NORMAL,Pressure,0,Telemetry remains within the expected prototype operating envelope.
26.3,ramp,109.19235183119213,679.963959229668,0.1899472859767509,458.7454709768244,0,normal,1.0816773698984192,False,1.0733264970033602,False,0.4040915400234605,False,1.0460168032904211,False,0,NORMAL,0,19.453495602003144,19.318856473802516,7.763873812089073,18.876975344896163,18.368427249171248,NORMAL,Pressure,0,Telemetry remains within the expected prototype operating envelope.
26.4,ramp,108.96809380628686,682.7547550266163,0.2079668379378351,457.66020020965294,0,normal,1.0688238647071493,False,1.1010233712026931,False,1.7483320701444411,False,1.0272706964777043,False,0,NORMAL,0,19.246168245370963,19.764544015478315,29.507679700748223,18.572256295224086,26.800423527958234,NORMAL,Vibration,0,Telemetry remains within the expected prototype operating envelope.
26.5,ramp,109.7377516520238,684.3999998507306,0.2002170395622008,467.95182675966623,0,normal,1.1129373412253718,False,1.117351380213753,False,1.1702048725708474,False,1.2050400941423751,False,0,NORMAL,0,19.955500983040906,20.026133708786332,20.867060910605083,21.416467511559965,21.118905654988303,NORMAL,Thrust,0,Telemetry remains within the expected prototype operating envelope.
26.6,ramp,109.47524768396576,685.4552446701115,0.1958471180852995,461.5974093348562,0,normal,1.09789174311316,False,1.127824014235865,False,0.8442131067720592,False,1.0952789254263464,False,0,NORMAL,0,19.714274753110704,20.19346581342296,15.535817848760058,19.672309396698374,19.698391212274235,NORMAL,Temperature,0,Telemetry remains within the expected prototype operating envelope.
26.7,ramp,110.71469399159984,688.2672272488404,0.1949867492702449,459.3329628639854,0,normal,1.1689314731571792,False,1.1557311537761128,False,0.7800304548089979,False,1.0561646723766118,False,0,NORMAL,0,20.846904776385422,20.637659460030157,14.444602079145685,19.041453544927712,20.11041734244331,NORMAL,Pressure,0,Telemetry remains within the expected prototype operating envelope.
26.8,ramp,110.86783118805413,690.3534343190082,0.1898272113379267,461.2887844061862,0,normal,1.1777086384355815,False,1.1764354327632678,False,0.3951340922192257,False,1.0899479830911043,False,0,NORMAL,0,20.98573085061064,20.965608005532378,7.59848565354424,19.586619266595683,19.690163883321674,NORMAL,Pressure,0,Telemetry remains within the expected prototype operating envelope.
26.9,ramp,109.24435046904732,696.2000322279808,0.1971900759709545,473.5460854319999,0,normal,1.0846577081132636,False,1.234459200376782,False,0.9443964200998124,False,1.3016708832337105,False,0,NORMAL,0,19.501492460920666,21.87748137807961,17.211356021420976,22.920603858141863,22.030599208166485,NORMAL,Thrust,0,Telemetry remains within the expected prototype operating envelope.
27.0,ramp,111.86602008194546,696.2447495198049,0.1802136009692695,473.5557609981568,0,normal,1.2349205314544387,False,1.2349029910717304,False,0.3220316134680965,False,1.3018380112925665,False,0,NORMAL,0,21.88468911470023,21.8844150797299,6.2376055766358185,22.92318024105404,21.281432532745626,NORMAL,Thrust,0,Telemetry remains within the expected prototype operating envelope.
27.1,ramp,110.75473398785844,695.2493043246641,0.1812836325974328,453.92489578124326,0,normal,1.171226393483824,False,1.2250238303060823,False,0.2422083256197174,False,0.9627500091883168,False,0,NORMAL,0,20.883226449642265,21.72991921669858,4.728708592539443,17.51469269970084,19.799395349729924,NORMAL,Temperature,0,Telemetry remains within the expected prototype operating envelope.
27.2,ramp,111.97089632011712,693.8419915723506,0.1785395923692529,472.02342716969,0,normal,1.240931586230961,False,1.2110571458562325,False,0.446910978547382,False,1.275369691597524,False,0,NORMAL,0,21.97854376937243,21.510978867950257,8.550400966973815,22.51407959444012,21.157627016275534,NORMAL,Thrust,0,Telemetry remains within the expected prototype operating envelope.
27.3,ramp,112.435286366815,699.7831719713396,0.1853691816961802,475.3196388649716,0,normal,1.2675484258224397,False,1.2700195845578668,False,0.0625695455613287,False,1.3323058391343474,False,0,NORMAL,0,22.392777149844957,22.431123626377037,1.2435935741087145,23.39142480768517,21.28208155132175,NORMAL,Thrust,0,Telemetry remains within the expected prototype operating envelope.
27.4,ramp,114.45273259008871,700.7069395067442,0.1878988986124558,471.1150279688868,0,normal,1.3831797639424943,False,1.2791873901155175,False,0.251283894060908,False,1.259678723995746,False,0,NORMAL,0,24.166948502493412,22.573220590017307,4.901479970387901,22.27053183097475,22.17583235483464,NORMAL,Pressure,0,Telemetry remains within the expected prototype operating envelope.
27.5,ramp,112.75062420173292,702.9872597591178,0.2011689213515363,475.8979584496852,0,normal,1.285622233882746,False,1.3018181190399505,False,1.2412143007670782,False,1.3422952731400035,False,0,NORMAL,0,22.67280234275112,22.922873594130156,21.98295520461465,23.544327277142727,23.277071591773655,NORMAL,Thrust,0,Telemetry remains within the expected prototype operating envelope.
27.6,ramp,112.7991070963934,701.6183001210323,0.2106070160129408,470.9722384362012,0,normal,1.2884010648229969,False,1.288232064868062,False,1.94528671046838,False,1.257212290813879,False,0,NORMAL,0,22.71576624457784,22.7131539940267,32.23045915738144,22.232179464497325,29.690309852590225,NORMAL,Vibration,0,Telemetry remains within the expected prototype operating envelope.
27.7,ramp,113.60733734996406,704.4414499972637,0.180812007743766,467.4345552795005,0,normal,1.3347253458131656,False,1.316250032737064,False,0.2773910673815805,False,1.1961051566947998,False,0,NORMAL,0,23.42848683164702,23.145026917399736,5.396736579169126,21.27591417599779,21.63755583468926,NORMAL,Pressure,0,Telemetry remains within the expected prototype operating envelope.
27.8,ramp,114.38462719705426,713.2145440073504,0.2116333388133637,466.8383947803222,0,normal,1.3792762558147844,False,1.403317413805216,False,2.021849363540732,False,1.1858075528772318,False,0,NORMAL,0,24.10772239997041,24.47175417130476,33.26027764071121,21.113613212921255,30.6276001161417,NORMAL,Vibration,0,Telemetry remains within the expected prototype operating envelope.
27.9,ramp,114.03200133413236,711.3650359301083,0.1970834306695756,481.19804982874825,0,normal,1.3590652584087504,False,1.3849622218552933,False,0.9364407874198156,False,1.4338448496277496,False,0,NORMAL,0,23.800329822319156,24.19397752893564,17.079523960174868,24.931486035155814,24.080931190677507,NORMAL,Thrust,0,Telemetry remains within the expected prototype operating envelope.
28.0,ramp,115.40418344422028,714.6547171129032,0.1920569567682434,465.18857240736526,0,normal,1.4377128335973457,False,1.4176102163719166,False,0.5614708682809642,False,1.1573098292113968,False,0,NORMAL,0,24.989536340223328,24.687347941744974,10.62187080869993,20.662712980183763,23.327327077344712,NORMAL,Pressure,0,Telemetry remains within the expected prototype operating envelope.
28.1,ramp,115.03604612180396,711.4929740755139,0.2013522241881585,466.7158792100706,0,normal,1.4166127860660378,False,1.386231926619242,False,1.2548885088054282,False,1.1836913160489402,False,0,NORMAL,0,24.67232261880775,24.213225338502152,22.196027971889865,21.080217690742465,24.101166643969982,NORMAL,Pressure,0,Telemetry remains within the expected prototype operating envelope.
28.2,ramp,116.02348955174833,711.9317206156514,0.1839791854884674,482.96651866688063,0,normal,1.4732087953202742,False,1.3905862071226278,False,0.0411227794841146,False,1.464391978268278,False,0,NORMAL,0,25.52016430603361,24.27919598392796,0.8190826769346016,25.38871342518322,23.238732983228793,NORMAL,Pressure,0,Telemetry remains within the expected prototype operating envelope.
28.3,ramp,117.48146645116756,715.5149973780858,0.1927517127348062,474.7287511803464,0,normal,1.556773758729513,False,1.4261479511309365,False,0.6132989676040801,False,1.322099313735002,False,0,NORMAL,0,26.75460095572493,24.815838098491504,11.543545403352894,23.234883614174773,24.946016577498813,NORMAL,Pressure,0,Telemetry remains within the expected prototype operating envelope.
28.4,ramp,113.31899157878216,721.2122762650921,0.2047753720641829,484.344216816507,0,normal,1.3181986067217426,False,1.482689822372279,False,1.51025191215126,False,1.4881892438445825,False,0,NORMAL,0,23.1749726021109,25.661259558375072,26.0699183820607,25.742978622460967,25.752245750277623,NORMAL,Vibration,0,Telemetry remains within the expected prototype operating envelope.
28.5,ramp,118.96612949265251,720.5714645264744,0.1893707990594833,475.5391891910505,0,normal,1.6418682569936205,False,1.4763301732251226,False,0.3610861933339772,False,1.3360981774041505,False,0,NORMAL,0,27.99060946639894,25.56664573861077,6.967122952449811,23.449507904125134,25.54161118354797,NORMAL,Pressure,0,Telemetry remains within the expected prototype operating envelope.
28.6,ramp,116.34380682139228,719.5337457145523,0.1985901577306243,479.5181520296312,0,normal,1.4915680031566991,False,1.4660314736859028,False,1.0488411172207943,False,1.4048276268946862,False,0,NORMAL,0,25.79314099238854,25.413174387089054,18.92278578309371,24.494563475535415,25.04511230088689,NORMAL,Pressure,0,Telemetry remains within the expected prototype operating envelope.
28.7,ramp,116.6267487098271,721.0306882985772,0.203931893050118,482.5966536548543,0,normal,1.5077850149374858,False,1.480887677238559,False,1.4473292224272756,False,1.4580032232852214,False,0,NORMAL,0,26.033433799957916,25.634460889289336,25.133663654339912,25.293317846484864,25.85503363660395,NORMAL,Pressure,0,Telemetry remains within the expected prototype operating envelope.
28.8,ramp,115.52052923805404,722.3778188350922,0.2224046052657625,483.71006015964775,0,normal,1.4443812739604334,False,1.4942570914539366,False,2.825375053708654,False,1.477235324523174,False,0,NORMAL,0,25.089510219124122,25.833040021452035,43.168248475970714,25.5801192084667,38.53056682781965,NORMAL,Vibration,0,Telemetry remains within the expected prototype operating envelope.
28.9,ramp,116.31688324838684,723.0064105834306,0.2061932080865132,482.8309207723453,0,normal,1.490024859781834,False,1.500495464965716,False,1.616021059486222,False,1.4620497677421764,False,0,NORMAL,0,25.770235093292293,25.925518557606154,27.617397461170857,25.35375416947252,27.109662561895966,NORMAL,Vibration,0,Telemetry remains within the expected prototype operating envelope.
29.0,ramp,117.64485013170103,728.162905037438,0.2038867298425989,476.073101071418,0,normal,1.5661382083932112,False,1.5516703944816537,False,1.443960092376287,False,1.3453205479320451,False,0,NORMAL,0,26.891653144320628,26.679803200038688,25.083199769592323,23.59057316895822,26.42603210606302,NORMAL,Pressure,0,Telemetry remains within the expected prototype operating envelope.
29.1,ramp,115.59895620718996,732.5404403432841,0.1999228970021031,494.1308413400727,0,normal,1.4488763704250969,False,1.5951146496298585,False,1.1482621321647164,False,1.657235636877793,False,0,NORMAL,0,25.15682593108437,27.31411177051106,20.519019061997344,28.211588836964797,27.192667984075904,NORMAL,Thrust,0,Telemetry remains within the expected prototype operating envelope.
29.2,ramp,118.12548460951874,730.3747082481474,0.170734489774117,491.5033814548121,0,normal,1.5936861088901626,False,1.5736211353232752,False,1.0291638155098628,False,1.6118509779105217,False,0,NORMAL,0,27.293341853077656,27.000984195787115,18.603080941654014,27.557004008659536,26.7018135680568,NORMAL,Thrust,0,Telemetry remains within the expected prototype operating envelope.
29.3,ramp,118.7204480518088,733.0388383113104,0.1885536699917716,493.4456943085878,0,normal,1.627786853767951,False,1.6000609326351298,False,0.3001291832190608,False,1.6454009502510565,False,0,NORMAL,0,27.787524976341228,27.385981210725376,5.825979813623405,28.041468914882152,26.018038349785964,NORMAL,Thrust,0,Telemetry remains within the expected prototype operating envelope.
29.4,ramp,118.30437820803364,737.5224532799594,0.1953936954383515,492.1104136581002,0,normal,1.6039395203262423,False,1.6445579610027057,False,0.8103882314023183,False,1.622336370925627,False,0,NORMAL,0,27.44228733697276,28.029335838499225,14.962482649248743,27.708763484100807,26.80656935954638,NORMAL,Temperature,0,Telemetry remains within the expected prototype operating envelope.
29.5,ramp,119.83421286854956,735.4266972489586,0.2103981975090565,499.6632907390928,0,normal,1.6916230614571897,False,1.6237589146494764,False,1.9297090592056452,False,1.7527987815852544,False,0,NORMAL,0,28.70361864866173,27.729328047522017,32.0189918573508,29.57062535127032,31.139319048948444,NORMAL,Vibration,0,Telemetry remains within the expected prototype operating envelope.
29.6,ramp,117.58988814187472,737.7361500806384,0.2148077706244213,494.6019967009787,0,normal,1.5629880235922284,False,1.646678765904188,False,2.2586587975235872,False,1.665374001042846,False,0,NORMAL,0,26.845577670601095,28.059856512665426,36.347511142141954,28.328341839917993,34.08924486935834,NORMAL,Vibration,0,Telemetry remains within the expected prototype operating envelope.
29.7,ramp,118.30319816723052,740.7192253171389,0.2170016034966302,488.50887270198285,0,normal,1.6038718854641445,False,1.6762838913106572,False,2.422316532716104,False,1.5601262078068736,False,0,NORMAL,0,27.44130584415644,28.484557333717298,38.397227389031954,26.80369478951732,35.556791521557784,NORMAL,Vibration,0,Telemetry remains within the expected prototype operating envelope.
29.8,ramp,118.3784880246758,737.2897591455043,0.1997092240632261,483.3249530228223,0,normal,1.6081871761830906,False,1.642248619639939,False,1.1323223449131332,False,1.4705832891605284,False,0,NORMAL,0,27.5039012004489,27.996087194512608,20.265232761631392,25.48104458254672,27.05650492860791,NORMAL,Temperature,0,Telemetry remains within the expected prototype operating envelope.
29.9,ramp,119.89976033112649,741.2985740420444,0.2034525087647782,497.4514193061335,0,normal,1.6953799600157275,False,1.68203355911824,False,1.411567634833503,False,1.7145926680581016,False,0,NORMAL,0,28.757169182215637,28.56674807540276,24.596276353892456,29.03039744227217,28.577935054682925,NORMAL,Thrust,0,Telemetry remains within the expected prototype operating envelope.
30.0,steady,118.78059853098436,744.4531733000188,0.2051836628676509,497.24067805292987,0,normal,1.0465324638591522,False,0.5700662863092029,False,0.5533831144636202,False,0.1910385829251497,False,0,NORMAL,0,18.885341302495473,10.775387293653305,10.477180156900223,3.748700978599162,16.11555019814127,NORMAL,Pressure,0,Telemetry remains within the expected prototype operating envelope.
30.1,steady,120.14093220170427,745.9198646817808,0.2102418699353021,492.101002103045,0,normal,0.2702114816955389,False,0.2459676555385081,False,1.054764778422701,False,1.0692084768732455,False,0,NORMAL,0,5.260796556040315,4.800312913977467,19.018783695597328,19.252379787694775,16.74312074541622,NORMAL,Thrust,0,Telemetry remains within the expected prototype operating envelope.
30.2,steady,120.90118849685769,749.7987463190444,0.1974948830448269,498.1970931359954,0,normal,0.1636548015945167,False,0.6111589650927511,False,0.208747255017794,False,0.0276245972467702,False,0,NORMAL,0,3.2201099125949595,11.505677893278277,4.088994546733238,0.5509685150896226,9.173193831554288,NORMAL,Temperature,0,Telemetry remains within the expected prototype operating envelope.
30.3,steady,118.94136918726736,745.0436428021774,0.1766172802773953,500.3720970625168,0,normal,0.9547831846380846,False,0.4395886960396339,False,2.2781855115010883,False,0.3439986307765429,False,0,NORMAL,0,17.383158742486525,8.416378896311782,36.595611157785434,6.648638028029019,29.82847859971415,NORMAL,Vibration,0,Telemetry remains within the expected prototype operating envelope.
30.4,steady,121.35682993940463,746.2302803194855,0.1955563259154063,494.88143993513086,0,normal,0.4236821903198844,False,0.1773743001803972,False,0.4009017054444287,False,0.5941402391204734,False,0,NORMAL,0,8.124559881762261,3.4853002314292114,7.705011441012799,11.203952562901975,9.95296627613308,NORMAL,Thrust,0,Telemetry remains within the expected prototype operating envelope.
30.5,steady,122.3099495512438,748.9106716220213,0.1958221438131747,495.1056004739845,0,normal,0.9676125282279402,False,0.4149187765252562,False,0.3745531953674961,False,0.555839957438927,False,0,NORMAL,0,17.594870981986656,7.963390183480657,7.217360594965349,10.521158053548962,15.22513437201472,NORMAL,Pressure,0,Telemetry remains within the expected prototype operating envelope.
30.6,steady,121.1086518746524,746.3575357028124,0.2043874856087633,495.8348750114827,0,normal,0.2820508809382967,False,0.1492543452892099,False,0.4744641074857549,False,0.4312354202077034,False,0,NORMAL,0,5.484862221763819,2.940973220285148,9.05295950788455,8.263246366349597,8.13685229529973,NORMAL,Vibration,0,Telemetry remains within the expected prototype operating envelope.
30.7,steady,119.75199968544608,745.4293190063859,0.1908284165770453,497.45461390578,0,normal,0.4921691377588025,False,0.354364816456568,False,0.8695434631682512,False,0.154485300764766,False,0,NORMAL,0,9.37443402140995,6.841977050292936,15.962637354199249,3.0424624120011456,13.457596478546048,NORMAL,Vibration,0,Telemetry remains within the expected prototype operating envelope.
30.8,steady,120.39272115649308,743.444875812114,0.1801549520935822,490.6130761762805,0,normal,0.1265194942906022,False,0.7928724194214503,False,1.92752296289084,False,1.323436908013669,False,0,NORMAL,0,2.4986438507670794,14.664060009907942,31.98926275248025,23.25541698361634,27.128666853829678,NORMAL,Vibration,0,Telemetry remains within the expected prototype operating envelope.
30.9,steady,118.75104690208089,743.0278002749039,0.1986352197377416,494.86038859278136,0,normal,1.0633971126351696,False,0.8850346917430707,False,0.0957143362542183,False,0.597737091384853,False,0,NORMAL,0,19.15847445997736,16.22260282650474,1.896080614228779,11.267806845564587,16.700692814284388,NORMAL,Pressure,0,Telemetry remains within the expected prototype operating envelope.
31.0,steady,121.79534417542104,748.0170429821923,0.1862664765237305,492.9780454590671,0,normal,0.6739353522642039,False,0.2174513186895789,False,1.3217339457288364,False,0.9193560195479786,False,0,NORMAL,0,12.609802857043872,4.255812404937853,23.22927390571308,16.795703919377615,20.07695493383234,NORMAL,Vibration,0,Telemetry remains within the expected prototype operating envelope.
31.1,steady,121.2531979269127,742.7777818687163,0.2169687161251816,497.3194543684841,0,normal,0.3645410344013152,False,0.94028191288345,False,1.7215459700129288,False,0.1775787871422176,False,0,NORMAL,0,7.031383509739175,17.143201088254013,29.12902346396612,3.4892473502605714,23.90324010014722,NORMAL,Vibration,0,Telemetry remains within the expected prototype operating envelope.
31.2,steady,121.9349813797164,747.7777622888533,0.2170195662987385,496.0015763473587,0,normal,0.7536241035746032,False,0.1645768380419504,False,1.7265863616555766,False,0.4027526722923414,False,0,NORMAL,0,13.991565650741556,3.2379551843531362,29.200430961311376,7.7391721104062565,23.720078466698475,NORMAL,Vibration,0,Telemetry remains within the expected prototype operating envelope.
31.3,steady,121.13515627242762,745.2490778320788,0.2090645893658364,496.1992719384085,0,normal,0.2971765229446658,False,0.3941931801653962,False,0.938069893660006,False,0.3689742166233405,False,0,NORMAL,0,5.770350612169828,7.581095677623628,17.10653681224651,7.113776341664002,14.406777879284329,NORMAL,Vibration,0,Telemetry remains within the expected prototype operating envelope.
31.4,steady,122.103025162155,747.0675041940976,0.2001771035065606,488.6118684296766,0,normal,0.8495240412422378,False,0.0076292491582154,False,0.0571208955388821,False,1.6653651563583254,False,0,NORMAL,0,15.625486964945857,0.15246863146480827,1.1359170964021947,28.328215057164762,22.37202246528014,NORMAL,Thrust,0,Telemetry remains within the expected prototype operating envelope.
31.5,steady,119.92044800447832,744.7186056838297,0.2094087391147261,495.2756094613207,0,normal,0.3960383374341217,False,0.5114129982180441,False,0.9721828454315784,False,0.5267920610666685,False,0,NORMAL,0,7.6151948680153625,9.722560810486435,17.67016008300103,9.999810689796561,15.423780118439367,NORMAL,Vibration,0,Telemetry remains within the expected prototype operating envelope.
31.6,steady,120.1009416381399,743.6459078219144,0.1973902618544624,498.1111045881808,0,normal,0.2930334659276435,False,0.7484498504150626,False,0.2191175593190552,False,0.0423166818550926,False,0,NORMAL,0,5.692238492320945,13.902513698318442,4.28771366020727,0.8427623161739062,11.200091368521289,NORMAL,Temperature,0,Telemetry remains within the expected prototype operating envelope.
31.7,steady,120.46054295550772,750.0091523562555,0.1855375094068938,503.1651135219562,0,normal,0.0878146627066844,False,0.6576529374539166,False,1.3939909215945443,False,0.8212160646959188,False,0,NORMAL,0,1.740960319150897,12.32475429300498,24.3307399761304,15.146437806095792,20.499984068993193,NORMAL,Vibration,0,Telemetry remains within the expected prototype operating envelope.
31.8,steady,120.77335811422954,744.4082068561077,0.2022323904492524,491.26443213388575,0,normal,0.0907040172919303,False,0.5800026390303245,False,0.2608458861250619,False,1.212145613039039,False,0,NORMAL,0,1.797724957623159,10.95252467006269,5.083172439585393,21.528063553013453,17.437371301233654,NORMAL,Thrust,0,Telemetry remains within the expected prototype operating envelope.
31.9,steady,119.70122086761936,744.2762867111719,0.1849632136136592,489.19148061369367,0,normal,0.5211478086370203,False,0.6091533784949429,False,1.4509165034391762,False,1.5663320703948576,False,0,NORMAL,0,9.89815656700187,11.470174167894854,25.187357707831502,26.894487675461175,23.90830739939134,NORMAL,Thrust,0,Telemetry remains within the expected prototype operating envelope.
32.0,steady,120.77659268651192,749.4635000261666,0.1890874481687936,494.52552654442434,0,normal,0.0925499367050754,False,0.5370787149162423,False,1.042112443788247,False,0.654951937682608,False,0,NORMAL,0,1.833972963304864,10.184780511267899,18.81360391520046,12.277379334461013,16.000944508250797,NORMAL,Vibration,0,Telemetry remains within the expected prototype operating envelope.
32.1,steady,119.87583544232494,752.4411692400554,0.2028431895014864,492.6405553876012,0,normal,0.4214980234017673,False,1.1950620692262677,False,0.3213897588961529,False,0.9770198923597296,False,0,NORMAL,0,8.084416855114785,21.259489241314068,6.225568439735818,17.749768229811323,18.484101748877045,NORMAL,Temperature,0,Telemetry remains within the expected prototype operating envelope.
32.2,steady,122.1535246124742,744.882734485382,0.2026239353587657,493.1541266676508,0,normal,0.8783432814877371,False,0.4751450276588626,False,0.2996567603381733,False,0.8892706177102109,False,0,NORMAL,0,16.110409983493103,9.065344199477888,5.81708140086441,16.2935477409503,14.728364572536442,NORMAL,Thrust,0,Telemetry remains within the expected prototype operating envelope.
32.3,steady,119.13673936714244,747.2059918442637,0.2118058778902027,494.8801487648613,0,normal,0.8432885027150525,False,0.0382312274309454,False,1.2097930128119712,False,0.5943608496939295,False,0,NORMAL,0,15.520197219417087,0.7617087315345161,21.491132246133983,11.20787034586005,18.255065457494833,NORMAL,Vibration,0,Telemetry remains within the expected prototype operating envelope.
32.4,steady,119.8473593534054,743.5631085902122,0.2151766838085564,502.46790537108194,0,normal,0.4377488784633066,False,0.7667462132063354,False,1.5439154118406222,False,0.702090420611937,False,0,NORMAL,0,8.382673264308615,14.216992135207086,26.565995594568605,13.100515350722198,22.716187566640162,NORMAL,Vibration,0,Telemetry remains within the expected prototype operating envelope.
32.5,steady,121.42858032660826,741.9217940059596,0.1812802779467996,494.223692417594,0,normal,0.464629005254677,False,1.1294317897597193,False,1.815977954701939,False,0.7065236020702128,False,0,NORMAL,0,8.873888759540026,20.219123886421464,30.454960360130812,13.17752944074957,26.15920569818369,NORMAL,Vibration,0,Telemetry remains within the expected prototype operating envelope.
32.6,steady,120.78108716848838,749.959321367185,0.2076224734423905,487.18807932397647,0,normal,0.0951148667199589,False,0.646641653465662,False,0.7951238909264808,False,1.9086351095905187,False,0,NORMAL,0,1.884317846928163,12.13145812137989,14.702477647085798,31.731861517301496,25.915095060356816,NORMAL,Thrust,0,Telemetry remains within the expected prototype operating envelope.
32.7,steady,121.80152189559598,745.1353616013971,0.2129296725219271,494.8804705003509,0,normal,0.6774608797851159,False,0.4193213530848158,False,1.3211862426395324,False,0.5943058776638775,False,0,NORMAL,0,12.671400447109004,8.04439415982623,23.220863932334655,11.20689412376963,19.918622414033486,NORMAL,Vibration,0,Telemetry remains within the expected prototype operating envelope.
32.8,steady,121.92489742057852,741.7719401057195,0.1854613553817859,493.6512910245542,0,normal,0.7478693470538157,False,1.162545398039802,False,1.4015394919308544,False,0.8043246454672701,False,0,NORMAL,0,13.892517141987614,20.74574466615665,24.444892731755495,14.859293633516934,22.359144490815034,NORMAL,Vibration,0,Telemetry remains within the expected prototype operating envelope.
32.9,steady,120.56758422402696,747.1471302593015,0.2025451003604958,498.9788866109228,0,normal,0.0267278981153779,False,0.0252244290489171,False,0.2918424454866622,False,0.1059533753064844,False,0,NORMAL,0,0.533131743685622,0.5032181745862174,5.669771322201522,2.096773026704246,4.455604607809031,NORMAL,Vibration,0,Telemetry remains within the expected prototype operating envelope.
33.0,steady,120.94672216778127,744.2817518911612,0.2000050305704178,489.9076310898265,0,normal,0.1896401498173601,False,0.6079457233784863,False,0.040064611782262,False,1.4439699227013747,False,0,NORMAL,0,3.7217770129943317,11.448788885969275,0.7980904470127004,25.083347060747684,19.896225887574346,NORMAL,Thrust,0,Telemetry remains within the expected prototype operating envelope.
33.1,steady,119.23473661995844,744.3971931453339,0.2159494007389159,490.9417271088212,0,normal,0.787363015319602,False,0.5824363675064563,False,1.6205089745657832,False,1.2672832988388172,False,0,NORMAL,0,14.569978150365415,10.995857598436597,27.682337706866488,22.388661886958882,24.611742601943114,NORMAL,Vibration,0,Telemetry remains within the expected prototype operating envelope.
33.2,steady,121.05066699175596,746.3664466368754,0.2091214564739207,494.8601386047814,0,normal,0.2489598223181131,False,0.1472852728826891,False,0.943706698340894,False,0.5977798045709654,False,0,NORMAL,0,4.857266539028792,2.902742442575168,17.199935007878253,11.268564849262985,14.34995227851107,NORMAL,Vibration,0,Telemetry remains within the expected prototype operating envelope.
33.3,steady,122.07513170394992,742.4161132171032,0.1924819350439015,489.9181615479912,0,normal,0.8336056843451012,False,1.0202007807775617,False,0.7056427313058854,False,1.4421706786595572,False,0,NORMAL,0,15.356438188449529,18.457037398903463,13.162232218101055,25.05638354135672,22.58945729472781,NORMAL,Thrust,0,Telemetry remains within the expected prototype operating envelope.
33.4,steady,120.07276377739964,741.9710981155484,0.1824217615695348,494.4219407035166,0,normal,0.3091141268684032,False,1.11853693170858,False,1.7028313494929177,False,0.6726507124325025,False,0,NORMAL,0,5.995057505692813,20.045094088192617,28.863261724870892,12.587346986766846,24.666561647899357,NORMAL,Vibration,0,Telemetry remains within the expected prototype operating envelope.
33.5,steady,121.2330198783052,742.6915679409791,0.1994946598708665,487.43569793050045,0,normal,0.3530257401391115,False,0.95933282998873,False,0.0105245608543198,False,1.866326760279972,False,0,NORMAL,0,6.817024568651753,17.45830001622973,0.21026983967795676,31.151748164856595,25.116903783730688,NORMAL,Thrust,0,Telemetry remains within the expected prototype operating envelope.
33.6,steady,122.04562562988012,747.7198195662572,0.1926384471309978,492.17083161110094,0,normal,0.816767032994556,False,0.1517730830802553,False,0.690128876374974,False,1.057277341081445,False,0,NORMAL,0,15.070900966865597,2.9898541551681146,12.892376077316781,19.059467548697416,16.76475629710751,NORMAL,Thrust,0,Telemetry remains within the expected prototype operating envelope.
33.7,steady,119.1961180784336,746.0615742411568,0.2111118190398311,489.2118613126207,0,normal,0.8094020082017118,False,0.2146537235607476,False,1.1409962283722168,False,1.5628498048999362,False,0,NORMAL,0,14.945707800421959,4.202226720664914,20.40343486780831,26.84355538093145,23.257866914965273,NORMAL,Thrust,0,Telemetry remains within the expected prototype operating envelope.
33.8,steady,121.28763483424,747.3658920848721,0.1944955288093743,489.8144156934516,0,normal,0.3841936345643701,False,0.0735648018185097,False,0.5060504688366488,False,1.4598967934899305,False,0,NORMAL,0,7.396081323708903,1.4605253637647864,9.625685786229887,25.321604959267084,20.291884248908538,NORMAL,Thrust,0,Telemetry remains within the expected prototype operating envelope.
33.9,steady,119.57138208409292,741.0235816370114,0.2106469658789291,490.3734031168569,0,normal,0.5952447556726912,False,1.327912126207643,False,1.094918863766044,False,1.3643876736316816,False,0,NORMAL,0,11.223565737347796,23.324076003464057,19.666524604083293,23.881399922697522,22.35627199816775,NORMAL,Thrust,0,Telemetry remains within the expected prototype operating envelope.
34.0,steady,121.23123253163162,745.1276814136638,0.2193314982259133,497.89358563458,0,normal,0.352005729567465,False,0.4210184642558306,False,1.955750621066824,False,0.0794821759986672,False,0,NORMAL,0,6.7980131055208615,8.075600640621673,32.372137737806895,1.5770753717482933,25.313886879448035,NORMAL,Vibration,0,Telemetry remains within the expected prototype operating envelope.
34.1,steady,120.81842613255394,742.0721621960257,0.1918217380015687,493.5503144343418,0,normal,0.1164236249167643,False,1.0962045375116278,False,0.7710830517986125,False,0.8215776011755157,False,0,NORMAL,0,2.3015727662393903,19.687178476596934,14.291365287922375,15.152573115910661,17.297026353871576,NORMAL,Temperature,0,Telemetry remains within the expected prototype operating envelope.
34.2,steady,120.81921443376946,746.0179028961663,0.2227861049433225,497.8006655242585,0,normal,0.1168734959940205,False,0.2243038948860318,False,2.298179557077768,False,0.0953585939328621,False,0,NORMAL,0,2.31036271014049,4.386941395445387,36.84864694774818,1.8891004227134855,27.92718752019048,NORMAL,Vibration,0,Telemetry remains within the expected prototype operating envelope.
34.3,steady,118.86477618216637,744.1383611028676,0.1828570121909921,491.5480319338173,0,normal,0.9984936052699542,False,0.6396311609074403,False,1.6596882598750344,False,1.1636894829915465,False,0,NORMAL,0,18.102254342224644,12.00817135969623,28.246794183345447,20.763877311726674,25.28351222391143,NORMAL,Vibration,0,Telemetry remains within the expected prototype operating envelope.
34.4,steady,121.5597451262138,744.3723906152549,0.1986391937994399,490.17340982782304,0,normal,0.5394826887639447,False,0.5879170474492236,False,0.0953204176897304,False,1.3985587161514177,False,0,NORMAL,0,10.22795281968152,11.093364791718408,1.888351318742465,24.399836736156278,20.025725624302716,NORMAL,Thrust,0,Telemetry remains within the expected prototype operating envelope.
34.5,steady,121.16231450924484,743.2454365737026,0.1929890023158995,492.90564106623225,0,normal,0.3126753005854592,False,0.8369430295680984,False,0.655381002362549,False,0.9317271025884568,False,0,NORMAL,0,6.061987254114198,15.412916294992641,12.284906747113599,17.001314902658837,15.49245314163018,NORMAL,Thrust,0,Telemetry remains within the expected prototype operating envelope.
34.6,steady,119.99953460992344,747.1112581174381,0.2035861755590512,496.9274829779875,0,normal,0.3509048583938983,False,0.0172976680374779,False,0.3950363259223671,False,0.2445513896524628,False,0,NORMAL,0,6.777490170154721,0.3453556315971884,7.596678885103836,4.773343480732528,6.643467239981468,NORMAL,Vibration,0,Telemetry remains within the expected prototype operating envelope.
34.7,steady,120.57357304524491,743.2897807461319,0.1939854902008885,493.9767770773582,0,normal,0.023310172251499,False,0.8271441818038666,False,0.5566067238071915,False,0.7487117906376096,False,0,NORMAL,0,0.46511840359092504,15.246982560952048,10.53487887479081,13.907024059117445,13.424014005733314,NORMAL,Temperature,0,Telemetry remains within the expected prototype operating envelope.
34.8,steady,119.21341150129386,745.7951052232946,0.2087351010269227,497.2646207071501,0,normal,0.7995329243814568,False,0.273536079389541,False,0.9054102161477556,False,0.1869477183799121,False,0,NORMAL,0,14.777660419814154,5.323769565188363,16.563309826763593,3.6699185488491493,14.295433993950171,NORMAL,Vibration,0,Telemetry remains within the expected prototype operating envelope.
34.9,steady,118.73854897809198,744.3199652963706,0.2046555963135293,495.0543721340591,0,normal,1.0705294808437258,False,0.5995016072819116,False,0.5010398861130316,False,0.5645928800507937,False,0,NORMAL,0,19.273710555149304,11.2991151939122,9.535074796935394,10.677661303289343,16.971648522659592,NORMAL,Pressure,0,Telemetry remains within the expected prototype operating envelope.
35.0,steady,120.85035819258964,742.5477482188718,0.193223493839968,496.96729616569854,0,normal,0.1346467482158467,False,0.9911130501443852,False,0.6321376378760164,False,0.2377488707444898,False,0,NORMAL,0,2.6569987727314004,17.98127490935678,11.876198731506848,4.643699083580488,14.939168697084765,NORMAL,Temperature,0,Telemetry remains within the expected prototype operating envelope.
35.1,steady,121.13873759772996,744.7165826908223,0.2054069381111589,493.95821880017576,0,normal,0.2992203288402331,False,0.511860024274034,False,0.5755146942138509,False,0.7518826754295801,False,0,NORMAL,0,5.808860163620022,9.730631723207384,10.872560757003047,13.961604931943494,12.607738243643492,NORMAL,Thrust,0,Telemetry remains within the expected prototype operating envelope.
35.2,steady,119.22929179063638,742.7156164279992,0.2028228534953517,500.74963008388295,0,normal,0.790470293583748,False,0.9540187729128976,False,0.3193740050019918,False,0.4085042798812212,False,0,NORMAL,0,14.623052626940304,17.370527120504097,6.187755582988563,7.84524070778434,15.318168031671679,NORMAL,Temperature,0,Telemetry remains within the expected prototype operating envelope.
35.3,steady,120.65753723889044,748.7917219608646,0.1997037680211808,495.2600561303368,0,normal,0.0246068694864857,False,0.3886341587857067,False,0.0102027425062906,False,0.5294495179090537,False,0,NORMAL,0,0.49092837782420684,7.478286803537859,0.20384679975286035,10.047632304062903,8.125271747593947,NORMAL,Thrust,0,Telemetry remains within the expected prototype operating envelope.
35.4,steady,119.2953785238042,746.2453746488006,0.1925585761346256,480.7183336106529,0,normal,0.7527556367277746,False,0.1740388667522902,False,0.6980458818529157,False,3.0140619813114444,False,0,NORMAL,0,13.976625258499597,3.420895080725983,13.03019324574819,45.272967130052386,36.05123819709884,NORMAL,Thrust,1,Telemetry remains within the expected prototype operating envelope.
35.5,steady,123.57755176698709,748.8555478578039,0.18790712488741,503.8930913650512,0,normal,1.6910131308152545,False,0.4027379341695157,False,1.1591089294826462,False,0.9455990474949852,False,0,NORMAL,0,28.694920948644086,7.738900159722761,20.691254991801234,17.231266405099266,25.15787858582955,NORMAL,Pressure,0,Telemetry remains within the expected prototype operating envelope.
35.6,steady,120.57769476294146,744.891608058143,0.1875947856284732,492.1180051233628,0,normal,0.0209579729350676,False,0.4731842110769679,False,1.190068748895138,False,1.0663033247401372,False,0,NORMAL,0,0.4182822115583962,9.029675969856887,21.180814644455403,19.20544933078273,18.128023957603187,NORMAL,Vibration,0,Telemetry remains within the expected prototype operating envelope.
35.7,steady,119.6188505278894,746.6487601958215,0.2039756930434914,493.9136784816506,0,normal,0.5681552630702129,False,0.0849017073690452,False,0.4336462368804932,False,0.7594928763794129,False,0,NORMAL,0,10.74127871416538,1.6836988019243604,8.307467803548585,14.092459219113751,12.207277639564744,NORMAL,Thrust,0,Telemetry remains within the expected prototype operating envelope.
35.8,steady,121.10249063029389,745.0895999076753,0.213624879616982,499.6788464121255,0,normal,0.2785347559061077,False,0.4294334342365946,False,1.3900968438570995,False,0.2255491689681176,False,0,NORMAL,0,5.418373437843538,8.230178739350935,24.271784625264857,4.410751323091566,19.480630217407864,NORMAL,Vibration,0,Telemetry remains within the expected prototype operating envelope.
35.9,steady,118.1338302531163,745.8207355285623,0.2008220938633397,491.8700569733546,0,normal,1.415632924660864,False,0.2678724837982813,False,0.1210538927440838,False,1.1086679801620811,False,0,NORMAL,0,24.657559035467003,5.216467228699717,2.3920048641733804,19.887124021114744,20.59081444863085,NORMAL,Pressure,0,Telemetry remains within the expected prototype operating envelope.
36.0,steady,122.6057899248418,749.557663685838,0.2065255067809197,495.3710356948922,0,normal,1.1364439659396186,False,0.5578863050796122,False,0.6863899141082361,False,0.5104874445436675,False,0,NORMAL,0,20.3309329774103,10.55777152407067,12.827213292435523,9.70584794055731,17.889510937083152,NORMAL,Pressure,0,Telemetry remains within the expected prototype operating envelope.
36.1,steady,118.78799413320915,745.6925652735425,0.1964986310283626,498.3434551345885,0,normal,1.042311910250565,False,0.2961946002802994,False,0.3074981537170458,False,0.00261704773668,False,0,NORMAL,0,18.816842643241337,5.751843549301016,5.964670702898434,0.05232725924544379,14.907195081641914,NORMAL,Pressure,0,Telemetry remains within the expected prototype operating envelope.
36.2,steady,121.04746246589588,745.7860270699188,0.2065976734525746,501.3184947528233,0,normal,0.2471310499245333,False,0.2755421026849872,False,0.6935432483693282,False,0.5057010352535846,False,0,NORMAL,0,4.822461293448955,5.361746491174591,12.951839338360005,9.61936960143721,11.28479453332082,NORMAL,Vibration,0,Telemetry remains within the expected prototype operating envelope.
36.3,steady,119.45987797957224,745.4283799065187,0.2079788165468398,492.9398405079044,0,normal,0.6588783904197862,False,0.3545723318104453,False,0.8304454774609181,False,0.9258837536382164,False,0,NORMAL,0,12.346240037897438,6.845843314081257,15.302923044990823,16.904260145336792,15.485204916920715,NORMAL,Thrust,0,Telemetry remains within the expected prototype operating envelope.
36.4,steady,120.37403573188878,748.605422254637,0.2043061583058844,499.61414776324057,0,normal,0.1371829715632609,False,0.3474670254322615,False,0.4664027494002968,False,0.214494696627087,False,0,NORMAL,0,2.7063629702939185,6.71337144632258,8.906209907521545,4.199179786983498,7.759984799612139,NORMAL,Vibration,0,Telemetry remains within the expected prototype operating envelope.
36.5,steady,121.53360417455676,743.675695851642,0.2058015603202316,492.7076801953952,0,normal,0.5245644597280157,False,0.7418675115753379,False,0.614630597768974,False,0.9655508842128098,False,0,NORMAL,0,9.959704848039985,13.789094492717425,11.567100523186946,17.560885967756825,16.04129463931579,NORMAL,Thrust,0,Telemetry remains within the expected prototype operating envelope.
36.6,steady,118.90408925799478,748.9177305035098,0.2069027847143257,493.7966466433933,0,normal,0.9760582526091338,False,0.4164785960303399,False,0.7237866112968273,False,0.7794890469538038,False,0,NORMAL,0,17.733947690020912,7.992097805211717,13.476775975985088,14.435337504665679,16.22040490890339,NORMAL,Pressure,0,Telemetry remains within the expected prototype operating envelope.
36.7,steady,122.3403377104807,746.7301849352519,0.2141957532962689,497.3071510807476,0,normal,0.9849545716785326,False,0.0669090697300659,False,1.4466832175272877,False,0.1796809385214388,False,0,NORMAL,0,17.880190559103237,1.329267552801272,25.12399022542042,3.5298148641159544,20.51862917664935,NORMAL,Vibration,0,Telemetry remains within the expected prototype operating envelope.
36.8,steady,120.74501557822607,744.4448895940753,0.1924314838186998,491.20535473800544,0,normal,0.0745293787743285,False,0.5718967584776193,False,0.7106435782269561,False,1.2222396327750695,False,0,NORMAL,0,1.4795333115375175,10.808045949271872,13.249041275712614,21.68632320670092,18.2281176618876,NORMAL,Thrust,0,Telemetry remains within the expected prototype operating envelope.
36.9,steady,119.58915834175004,743.5509642769866,0.2014358951386485,504.16630599372286,0,normal,0.5851001256450713,False,0.7694297738633368,False,0.1818953530952586,False,0.9922807573586276,False,0,NORMAL,0,11.043262071648774,14.263020563083394,3.572530401207752,18.000427444212676,15.802211380751592,NORMAL,Thrust,0,Telemetry remains within the expected prototype operating envelope.
37.0,steady,121.50046398046092,747.4915903470245,0.224573260278798,496.3350564832665,0,normal,0.5056518733653208,False,0.1013406755710989,False,2.47532669713547,False,0.3457739408626873,False,0,NORMAL,0,9.618480940577822,2.006411714322176,39.04689204163725,6.681777667260114,30.398916533896482,NORMAL,Vibration,0,Telemetry remains within the expected prototype operating envelope.
37.1,steady,120.72225262248688,741.8949295700804,0.2171209384032633,500.6954010411562,0,normal,0.0615389187594354,False,1.1353680944200726,False,1.7366346087450886,False,0.3992386543506184,False,0,NORMAL,0,1.2232352761358034,20.31378839690018,29.342570400958547,7.674308078834602,24.1961371989956,NORMAL,Vibration,0,Telemetry remains within the expected prototype operating envelope.
37.2,steady,119.7764465776251,742.4872758663151,0.2187064211319268,491.4943026617918,0,normal,0.4782176817625566,False,1.0044757840547358,False,1.8937914744178128,False,1.1728697172274454,False,0,NORMAL,0,9.121209181005996,18.20018114030082,31.528890915905038,20.909225071491775,27.472735897349843,NORMAL,Vibration,0,Telemetry remains within the expected prototype operating envelope.
37.3,steady,119.56229709026636,747.0575297383118,0.2233132275101584,483.8853027411104,0,normal,0.600429418437566,False,0.0054251675749553,False,2.350429215135616,False,2.4729506403341843,False,0,NORMAL,0,11.315573200960616,0.10844450789702087,37.50513815012045,39.01791954880882,33.057016804907086,NORMAL,Thrust,0,Telemetry remains within the expected prototype operating envelope.
37.4,steady,120.27954392713949,748.2009781392268,0.2071720280730385,493.9964903107713,0,normal,0.1911079550054225,False,0.2580959514233304,False,0.7504746613105738,False,0.7453435689316904,False,0,NORMAL,0,3.750036399903467,5.030955065887522,13.937372865187914,13.849008474317925,12.258937482835616,NORMAL,Vibration,0,Telemetry remains within the expected prototype operating envelope.
37.5,steady,120.58412277071794,743.2887866962778,0.1882170571296871,494.5623808646717,0,normal,0.017289610225388,False,0.8273638396000628,False,1.128387699357202,False,0.648654973668004,False,0,NORMAL,0,0.34519503178813693,15.250705811373678,20.202462457467274,12.166832501009516,17.328555229997107,NORMAL,Vibration,0,Telemetry remains within the expected prototype operating envelope.
37.6,steady,118.99765833047336,743.5969614732109,0.1875350637541673,498.790970583318,0,normal,0.9226598579283184,False,0.7592656531076458,False,1.1959885248777664,False,0.0738458650972972,False,0,NORMAL,0,16.85066446866076,14.088555091906429,21.27407780794519,1.466064373648357,18.525094727603438,NORMAL,Vibration,0,Telemetry remains within the expected prototype operating envelope.
37.7,steady,118.78603852903076,745.8303296302832,0.1918187473622229,503.02628310956,0,normal,1.0434279427278674,False,0.2657524500475553,False,0.7713794911715856,False,0.797495369126877,False,0,NORMAL,0,18.83496122911711,5.176269849624282,14.296446620076686,14.742924297454152,16.884652473599942,NORMAL,Pressure,0,Telemetry remains within the expected prototype operating envelope.
37.8,steady,120.18999421522707,746.855526851903,0.2029569640177254,493.1595632616982,0,normal,0.2422125639706047,False,0.0392119385749113,False,0.3326673628979483,False,0.8883417161092919,False,0,NORMAL,0,4.728789351137719,0.7811716423537951,6.4368402670930465,16.277995284822754,13.05036663285793,NORMAL,Thrust,0,Telemetry remains within the expected prototype operating envelope.
37.9,steady,121.24533738666526,748.285607556608,0.2178957529749207,490.6238485808538,0,normal,0.3600551479922792,False,0.2767967351309718,False,1.813436094726508,False,1.3215963247796418,False,0,NORMAL,0,6.9479367514325485,5.385490756714106,30.419596621375156,23.227160824593696,25.54600398737896,NORMAL,Vibration,0,Telemetry remains within the expected prototype operating envelope.
38.0,steady,122.36415158680984,743.5286817985733,0.1975474328472456,495.5637278036981,0,normal,0.9985447755078471,False,0.7743535913983263,False,0.2035383920699109,False,0.4775638885832005,False,0,NORMAL,0,18.103092483361483,14.347409653165188,3.9890250265016247,9.10932521734037,15.752534697467222,NORMAL,Pressure,0,Telemetry remains within the expected prototype operating envelope.
38.1,steady,122.08843299541678,743.676294887435,0.2019506587783389,494.026633430896,0,normal,0.8411965217093872,False,0.7417351410693723,False,0.232919964535977,False,0.7401932869175547,False,0,NORMAL,0,15.48484379550783,13.786812106269153,4.551561271553684,13.760222374391928,14.228699427505816,NORMAL,Pressure,0,Telemetry remains within the expected prototype operating envelope.
38.2,steady,120.67971762179675,744.2800074073305,0.1961932587103932,496.7561705858012,0,normal,0.0372648643690807,False,0.6083312065332778,False,0.3377673931654883,False,0.2738219870101796,False,0,NORMAL,0,0.7425268341256341,11.455615622850857,6.532226600816937,5.329183141563554,9.551360972296793,NORMAL,Temperature,0,Telemetry remains within the expected prototype operating envelope.
38.3,steady,120.53605575086677,741.8497245872788,0.1876087962412146,496.912502091305,0,normal,0.0447207007465789,False,1.1453571577037218,False,1.1886799832247306,False,0.2471110381200907,False,0,NORMAL,0,0.8904260313324253,20.472827600843257,21.158919328091542,4.822080357828251,17.895919728592858,NORMAL,Vibration,0,Telemetry remains within the expected prototype operating envelope.
38.4,steady,120.30977225673072,746.8629369690728,0.2004877677513171,494.1584597064557,0,normal,0.1738571238141185,False,0.037574505602682,False,0.087914683512639,False,0.717669324792979,False,0,NORMAL,0,3.417384502865284,0.7486734850850607,1.7429258891592858,13.37085372340262,10.378040710256526,NORMAL,Thrust,0,Telemetry remains within the expected prototype operating envelope.
38.5,steady,122.39805617955552,745.0882271065567,0.1888146020375773,490.64620355262616,0,normal,1.017893592130359,False,0.4297367856903387,False,1.0691576092874828,False,1.3177767331590875,False,0,NORMAL,0,18.4194017167949,8.235746272195165,19.251558296216785,23.168490239039098,21.103598351246937,NORMAL,Thrust,0,Telemetry remains within the expected prototype operating envelope.
38.6,steady,118.45633510950992,745.3036754878982,0.2145009244644893,496.4516146467757,0,normal,1.2315844869451875,False,0.3821285933583879,False,1.476932518528271,False,0.325858702803771,False,0,NORMAL,0,21.83255249283178,7.357827243046988,25.575612114781855,6.309345529569443,21.968239895378336,NORMAL,Vibration,0,Telemetry remains within the expected prototype operating envelope.
38.7,steady,119.98966343485895,747.1546847710252,0.2088715137534018,492.88986595005343,0,normal,0.3565381823982347,False,0.0268937692633867,False,0.9189317740580064,False,0.9344224538590128,False,0,NORMAL,0,6.882461545747532,0.5364314256784186,16.788643810388205,17.04604496751825,14.689617631953446,NORMAL,Thrust,0,Telemetry remains within the expected prototype operating envelope.
38.8,steady,121.10268051275771,748.8353717889189,0.1976251757674305,497.1747251824767,0,normal,0.2786431188349892,False,0.3982795754573303,False,0.1958323266277463,False,0.2023073527495797,False,0,NORMAL,0,5.42042324404568,7.656596855756925,3.8409375673873036,3.9653834591760195,6.804080304799021,NORMAL,Temperature,0,Telemetry remains within the expected prototype operating envelope.
38.9,steady,120.79415651478756,745.2596203726314,0.1903605100532038,502.0471637755495,0,normal,0.1025733366333318,False,0.391863567405393,False,0.9159234844610316,False,0.6302021136581597,False,0,NORMAL,0,2.030567312758913,7.538025592985919,16.738563974999067,11.842078977666981,14.218124721360347,NORMAL,Vibration,0,Telemetry remains within the expected prototype operating envelope.
39.0,steady,120.91921383664938,744.9933128704558,0.1848297532431593,493.1254270390318,0,normal,0.1739415788699135,False,0.4507102326904698,False,1.4641454167159311,False,0.8941742634004137,False,0,NORMAL,0,3.419015867123676,8.619862626983743,25.38503407953735,16.375600855205985,21.207729576723718,NORMAL,Vibration,0,Telemetry remains within the expected prototype operating envelope.
39.1,steady,120.65995742543768,747.58871988181,0.2083428959840035,493.2612165580824,0,normal,0.0259880317982138,False,0.1228036429157042,False,0.8665339079219466,False,0.8709731377445048,False,0,NORMAL,0,0.5184122175650008,2.4261568093357444,15.91203911077873,15.986663135296741,13.440117274328301,NORMAL,Thrust,0,Telemetry remains within the expected prototype operating envelope.
39.2,steady,118.95443875463002,743.3265434274603,0.1907292394282178,499.693017120961,0,normal,0.9473245885672642,False,0.8190206359576607,False,0.8793741409639203,False,0.2279703896825287,False,0,NORMAL,0,17.259825646665085,15.109171635375496,16.127703876438837,4.457028651219019,15.852338028680919,NORMAL,Pressure,0,Telemetry remains within the expected prototype operating envelope.
39.3,steady,121.90719931349706,746.320999110568,0.2052990929031182,489.61852842406046,0,normal,0.7377693163277932,False,0.1573279316391908,False,0.5648248175175686,False,1.493366277610009,False,0,NORMAL,0,13.718403701561254,3.0975696435362132,10.681804646581694,25.819825053337155,21.448176551108077,NORMAL,Thrust,0,Telemetry remains within the expected prototype operating envelope.
39.4,steady,120.509654413006,746.5202074112844,0.213590913560472,504.87172196172486,0,normal,0.0597875280843547,False,0.1133083523990122,False,1.3867300465505932,False,1.112808796840083,False,0,NORMAL,0,1.1886298748015056,2.2406823541086474,24.22077514302344,19.953443102403746,19.908812759469754,NORMAL,Vibration,0,Telemetry remains within the expected prototype operating envelope.
39.5,steady,121.54474762089156,745.8547126250769,0.2022509462149816,505.6929390226792,0,normal,0.5309238488907794,False,0.2603644759140887,False,0.2626851783036765,False,1.2531227205890665,False,0,NORMAL,0,10.074152306459371,5.074033213624629,5.118081974018529,22.16854605205181,18.12260111912218,NORMAL,Thrust,0,Telemetry remains within the expected prototype operating envelope.
39.6,steady,119.55466714126332,747.1939633131235,0.1928235679554205,502.9973578533085,0,normal,0.6047837100583546,False,0.0355732514441717,False,0.6717792545146666,False,0.7925531724859818,False,0,NORMAL,0,11.392771153143212,0.7089401079717561,12.572110369280843,14.65861118849241,12.969685144172786,NORMAL,Thrust,0,Telemetry remains within the expected prototype operating envelope.
39.7,steady,118.57524698498388,742.0453173893394,0.1935220233875532,493.971199396017,0,normal,1.1637233540879788,False,1.1021365046579032,False,0.6025466703044342,False,0.7496647985469789,False,0,NORMAL,0,20.764414072779115,19.782404581355284,11.353118704711285,13.923431952785082,19.256413962074117,NORMAL,Pressure,0,Telemetry remains within the expected prototype operating envelope.
39.8,steady,118.0434841647362,743.2628368089803,0.1963917023064511,493.05029715554633,0,normal,1.4671920131224203,False,0.833098054068333,False,0.3180971861014406,False,0.9070110263512496,False,0,NORMAL,0,25.4304845686102,15.34784422525951,6.163796274594036,16.590018811928864,22.088877559130985,NORMAL,Pressure,0,Telemetry remains within the expected prototype operating envelope.
39.9,steady,121.36825279237176,745.3564283634281,0.2043810437143029,510.74332477926873,0,normal,0.4302010324432728,False,0.3704716524769882,False,0.4738255713957132,False,2.1160364076592737,False,0,NORMAL,0,8.244266128023215,7.141590408801168,9.041344172691934,34.50571385187885,27.58534402784333,NORMAL,Thrust,0,Telemetry remains within the expected prototype operating envelope.
40.0,steady,120.8872323180194,742.6743382631258,0.2052853332525468,497.7245178145292,0,normal,0.1556902303307218,False,0.9631401169683228,False,0.5634609278217303,False,0.1083692636383844,False,0,NORMAL,0,3.065824997597477,17.521128080671154,10.657437290035453,2.144066253008814,14.310223206801128,NORMAL,Temperature,0,Telemetry remains within the expected prototype operating envelope.
40.1,steady,119.1381988197703,742.5557389221589,0.1918155790500764,496.5076659768208,0,normal,0.8424556161065202,False,0.989347323539293,False,0.7716935419003731,False,0.3162817195384175,False,0,NORMAL,0,15.506123627993574,17.952305265409084,14.301829503704788,6.129718790262184,16.384371426410745,NORMAL,Temperature,0,Telemetry remains within the expected prototype operating envelope.
40.2,steady,120.3359251695756,744.5375473506697,0.2098367266990384,497.774872421289,0,normal,0.1589320687168417,False,0.5514219316558822,False,1.0146060053193322,False,0.0997656279015726,False,0,NORMAL,0,3.1286536132646092,10.442059146443006,18.365743418306323,1.975537937238836,14.905032706983729,NORMAL,Vibration,0,Telemetry remains within the expected prototype operating envelope.
40.3,steady,121.1468822564891,743.9354805786338,0.1942514961848706,499.7216133867229,0,normal,0.3038683572051743,False,0.6844622009829782,False,0.5302395701718743,False,0.2328563746972078,False,0,NORMAL,0,5.896380095741794,12.793597987765216,10.061844595516877,4.550347353668515,11.229778569907976,NORMAL,Temperature,0,Telemetry remains within the expected prototype operating envelope.
40.4,steady,120.47846623006193,744.1792604993307,0.1868459723512725,496.1833947975037,0,normal,0.0775861324534075,False,0.6305935142983141,False,1.2642929239627425,False,0.3716869999350777,False,0,NORMAL,0,1.5397454640931896,11.848979720912489,22.3422306045305,7.164158712268797,18.27577241185276,NORMAL,Vibration,0,Telemetry remains within the expected prototype operating envelope.
40.5,steady,119.73737220090388,743.7852361399376,0.2134048077448915,488.9505351769595,0,normal,0.5005168126056482,False,0.7176621075671716,False,1.368282789995014,False,1.6075002356035777,False,0,NORMAL,0,9.525610340739165,13.370728678890343,23.940674992313447,27.49394041379335,24.375019781217606,NORMAL,Thrust,0,Telemetry remains within the expected prototype operating envelope.
40.6,steady,121.61503864103716,745.909355510142,0.2060201982694235,502.9106211219208,0,normal,0.571037826050397,False,0.2482898946823732,False,0.6363025177406748,False,0.7777332525247244,False,0,NORMAL,0,10.792722660826326,4.844517935686632,11.949573176789375,14.405285436902105,13.037744214879257,NORMAL,Thrust,0,Telemetry remains within the expected prototype operating envelope.
40.7,steady,120.70406417490172,745.3942295001046,0.2119601103611931,491.4791306742988,0,normal,0.0511590584374671,False,0.362118636436407,False,1.2250809067054895,False,1.1754620173602948,False,0,NORMAL,0,1.0179644774566343,6.986331199680718,21.730812686477453,20.95021984876769,18.559994464793814,NORMAL,Vibration,0,Telemetry remains within the expected prototype operating envelope.
40.8,steady,119.50776481355634,745.6357740595713,0.2074669144550867,493.36578062774754,0,normal,0.6315501291325654,False,0.3087439033693829,False,0.7797045095419257,False,0.8531072219039052,False,0,NORMAL,0,11.865843422385025,5.988096680242794,14.439024621948127,15.685931128812058,14.394008620899289,NORMAL,Thrust,0,Telemetry remains within the expected prototype operating envelope.
40.9,steady,120.60901002209846,740.8034814304602,0.1878842808460806,496.2623334233095,0,normal,0.0030868481744766,False,1.376548244523052,False,1.1613732858642825,False,0.358199471669053,False,0,NORMAL,0,0.061717910147418564,24.066304103990323,20.727163512794434,6.913395439960102,20.172848502196786,NORMAL,Temperature,0,Telemetry remains within the expected prototype operating envelope.
41.0,steady,120.7209911014846,745.3888689025874,0.2032693842070405,499.68122669532335,0,normal,0.0608189886095115,False,0.3633031816904695,False,0.363635204324407,False,0.2259558664065953,False,0,NORMAL,0,1.2090117779605336,7.008364369637043,7.0145392301746545,4.4185261874021275,6.278864136566282,NORMAL,Vibration,0,Telemetry remains within the expected prototype operating envelope.
41.1,steady,121.76397268906943,745.0787773272061,0.207372446806168,500.3597701092593,0,normal,0.656032139529993,False,0.4318249281494067,False,0.7703406487169979,False,0.3418924358840232,False,0,NORMAL,0,12.296328914830212,8.274061637730856,14.278638272181944,6.609306512267821,12.908719218906711,NORMAL,Vibration,0,Telemetry remains within the expected prototype operating envelope.
41.2,steady,120.8508356358072,745.8943523933483,0.1837849735470401,490.6970907162551,0,normal,0.1349192175338995,False,0.251605172641035,False,1.567706495870043,False,1.309082104251919,False,0,NORMAL,0,2.662303224432383,4.907590397568318,26.914580529424693,23.03476971455156,22.527411182399035,NORMAL,Vibration,0,Telemetry remains within the expected prototype operating envelope.
41.3,steady,121.50270521726723,744.0699981789477,0.2026717873533115,490.4319583499872,0,normal,0.5069309118807884,False,0.6547374950097913,False,0.3043999652580711,False,1.3543828711169774,False,0,NORMAL,0,9.64159827244867,12.273616959131806,5.906384812303145,23.728937125255523,19.934481133715764,NORMAL,Thrust,0,Telemetry remains within the expected prototype operating envelope.
41.4,steady,118.9272028307216,742.2101576089866,0.1805268372396363,502.788712779053,0,normal,0.9628677010063832,False,1.0657113301815828,False,1.8906608117696024,False,0.756903877760346,False,0,NORMAL,0,17.516634246006323,19.195882777587748,31.48600550259173,14.047964799619006,27.662471217692545,NORMAL,Vibration,0,Telemetry remains within the expected prototype operating envelope.
41.5,steady,121.14288490539678,748.3495289232767,0.2114742884828356,491.2843238427984,0,normal,0.3015871319493128,False,0.2909216067105728,False,1.176925072335559,False,1.208746896840467,False,0,NORMAL,0,5.8534359890899506,5.652397135903408,20.973347299758217,21.4747046515846,18.679522967709406,NORMAL,Thrust,0,Telemetry remains within the expected prototype operating envelope.
41.6,steady,120.8248859159772,751.3338559285418,0.198863063954194,496.471459105997,0,normal,0.120110121487169,False,0.9503761505945146,False,0.0731298689043254,False,0.3224680597321548,False,0,NORMAL,0,2.373579201216125,17.310307595055384,1.4519533787732075,6.2457896687900245,13.64759254812154,NORMAL,Temperature,0,Telemetry remains within the expected prototype operating envelope.
41.7,steady,119.74495158277,742.9817101312974,0.2045704172109463,497.1065827061829,0,normal,0.4961913788527753,False,0.895219351324936,False,0.4925967283663391,False,0.2139502406988951,False,0,NORMAL,0,9.447308280824608,16.393077998575535,9.382183818194223,4.18874735409569,14.103990976096977,NORMAL,Temperature,0,Telemetry remains within the expected prototype operating envelope.
41.8,steady,121.56776907048231,748.1512134401147,0.2115534860986997,495.8338026717644,0,normal,0.5440618272719723,False,0.2470993157005772,False,1.18477533071614,False,0.4314186411862087,False,0,NORMAL,0,10.310130911088965,4.821857214466174,21.097325876434113,8.266607924311554,17.606654988233494,NORMAL,Vibration,0,Telemetry remains within the expected prototype operating envelope.
41.9,steady,119.52143862789708,746.4117545412394,0.2038653443928652,494.4901238920498,0,normal,0.6237466988364418,False,0.1372734667522006,False,0.4227082129272161,False,0.6610008683514652,False,0,NORMAL,0,11.7281862810235,2.7081238755716552,8.106661218206169,12.383440775793941,11.105297567443149,NORMAL,Thrust,0,Telemetry remains within the expected prototype operating envelope.
42.0,steady,118.22121534020076,741.8572662096944,0.2091595220168272,495.8250695683188,0,normal,1.3657636329627791,False,1.1436906656733743,False,0.947479846609976,False,0.4329107875007688,False,0,NORMAL,0,23.90234426031895,20.446316903302208,17.262394822281113,8.293979768410352,21.653214397709675,NORMAL,Pressure,0,Telemetry remains within the expected prototype operating envelope.
42.1,steady,121.23772827500916,746.6881016687555,0.2004807971249686,491.7378825643736,0,normal,0.355712747916917,False,0.076208319196894,False,0.0872237382447402,False,1.1312514246923,False,0,NORMAL,0,6.867087791368631,1.512609756683303,1.7293468988680893,20.248153017684565,15.817554239647869,NORMAL,Thrust,0,Telemetry remains within the expected prototype operating envelope.
42.2,steady,119.9805428851323,741.6800303390872,0.1835051929321765,498.2617660905614,0,normal,0.3617431363548074,False,1.182854939563248,False,1.5954390240856091,False,0.0165745150613652,False,0,NORMAL,0,6.979345609330146,21.067015256516807,27.318827106642985,0.33094147872686497,22.63064894629941,NORMAL,Vibration,0,Telemetry remains within the expected prototype operating envelope.
42.3,steady,120.49074051996276,746.3877609051427,0.1946495970364627,502.84131363148265,0,normal,0.0705813886936426,False,0.1425754032760159,False,0.4907788551941723,False,0.7658913091568226,False,0,NORMAL,0,1.4017110263736976,2.8112362666735224,9.349231488850208,14.202323633066028,11.660904322802221,NORMAL,Thrust,0,Telemetry remains within the expected prototype operating envelope.
42.4,steady,118.8990970179194,748.4435323368428,0.2088407026577834,503.5272277042516,0,normal,0.9789072453246236,False,0.3116937868729464,False,0.9158777040717564,False,0.8830872363736905,False,0,NORMAL,0,17.78080941463447,6.043545154528795,16.737801623318425,16.189965922634318,16.523336804585057,NORMAL,Pressure,0,Telemetry remains within the expected prototype operating envelope.
42.5,steady,120.25192812152974,741.3790300672864,0.2109437302560637,494.9530539403633,0,normal,0.2068678599431928,False,1.2493677568916322,False,1.1243348633922954,False,0.5819042024533008,False,0,NORMAL,0,4.05293683623964,22.11007324165333,20.13775497011425,10.986384115465441,19.38417315887852,NORMAL,Temperature,0,Telemetry remains within the expected prototype operating envelope.
42.6,steady,121.64032820803683,747.0929418493771,0.2042817878980605,498.4292965668944,0,normal,0.5854701832832293,False,0.0132502743777033,False,0.463987095896461,False,0.0120499005766833,False,0,NORMAL,0,11.049845652082546,0.26465465798619636,8.862189067825321,0.24070784447161042,8.968921930810652,NORMAL,Pressure,0,Telemetry remains within the expected prototype operating envelope.
42.7,steady,119.27277439168306,748.5990846773324,0.1891213011824571,485.2474881896909,0,normal,0.7656554586074734,False,0.3460665943992737,False,1.038756851560879,False,2.240206346222733,False,0,NORMAL,0,14.19827645179299,6.6872394889751385,18.759099940000578,36.112168253766306,30.101627976719918,NORMAL,Thrust,0,Telemetry remains within the expected prototype operating envelope.
42.8,steady,121.1794166169468,744.6590211449969,0.2042919729267714,489.68288177304186,0,normal,0.3224352038606801,False,0.5245795496077362,False,0.4649966604663251,False,1.482370803537083,False,0,NORMAL,0,6.245173591508879,9.959976587074703,8.880589111138049,25.65651631538117,21.11668297044426,NORMAL,Thrust,0,Telemetry remains within the expected prototype operating envelope.
42.9,steady,119.16724528062085,748.0626577449527,0.2047964905428104,486.6114389061758,0,normal,0.8258792587750549,False,0.2275309321225261,False,0.5150056613718115,False,2.007160436767524,False,0,NORMAL,0,15.225538639871472,4.448630865964542,9.787404797314881,33.06392237820567,26.962530505452385,NORMAL,Thrust,0,Telemetry remains within the expected prototype operating envelope.
43.0,steady,120.0782753723294,742.5448621753062,0.1990729175664535,504.2780136858881,0,normal,0.3059687465244081,False,0.9917507867395412,False,0.0523286735607447,False,1.0113672392960968,False,0,NORMAL,0,5.935902641516922,17.991735510727437,1.0411159466562125,18.312847437075398,15.690490968496905,NORMAL,Thrust,0,Telemetry remains within the expected prototype operating envelope.
43.1,steady,117.3899277267134,750.4411579228578,0.2055639761323123,493.1398757397347,0,normal,1.8401663699187991,False,0.7531143374199374,False,0.5910806809948744,False,0.8917055447326128,False,0,NORMAL,0,30.790584742399574,13.98279636595129,11.14960060160799,16.33430163737951,26.33639237545183,NORMAL,Pressure,0,Telemetry remains within the expected prototype operating envelope.
43.2,steady,120.35264099182352,747.7193866749168,0.1834797449609849,491.9865431468402,0,normal,0.1493926124610042,False,0.1516774259485281,False,1.5979614882650646,False,1.088765042386691,False,0,NORMAL,0,2.943657198600358,2.9879981949545886,27.355484990074565,19.567592163641166,22.405854341434654,NORMAL,Vibration,0,Telemetry remains within the expected prototype operating envelope.
43.3,steady,121.65872579794684,746.315537365444,0.2073312654072477,501.6759308736581,0,normal,0.5959693978331589,False,0.1585348277444706,False,0.7662586492973068,False,0.5667729089256472,False,0,NORMAL,0,11.236431034476146,3.1209570539630804,14.208626787621004,10.71659786989423,12.672836027224669,NORMAL,Vibration,0,Telemetry remains within the expected prototype operating envelope.
43.4,steady,121.04789655592442,743.7826611882434,0.2022611992057981,493.5407405075326,0,normal,0.247378778261017,False,0.7182311013778484,False,0.2637014794410914,False,0.8232134113652393,False,0,NORMAL,0,4.827176811298129,13.380586421821262,5.1373657343833585,15.180327432677442,13.238190266256105,NORMAL,Thrust,0,Telemetry remains within the expected prototype operating envelope.
43.5,steady,120.01173041652996,748.5987233468621,0.1902570655223644,493.2748563204102,0,normal,0.343944903813023,False,0.3459867502602018,False,0.9261771554369436,False,0.8686426350525722,False,0,NORMAL,0,6.647634925595824,6.685749381672046,16.909136090182276,15.9474953463978,15.032564836205175,NORMAL,Vibration,0,Telemetry remains within the expected prototype operating envelope.
43.6,steady,119.65255231817376,748.7971206151897,0.2172603137606484,489.94276215497496,0,normal,0.548922182615492,False,0.3898271135521383,False,1.7504498297643178,False,1.43796739568284,False,0,NORMAL,0,10.397273476740764,7.5003590140695025,29.537530536500746,24.99335520702126,25.53689019422956,NORMAL,Vibration,0,Telemetry remains within the expected prototype operating envelope.
43.7,steady,121.090498744508,746.273915637285,0.1996342192312749,491.2775107231772,0,normal,0.2716911757230423,False,0.1677320898777285,False,0.0033088989876299,False,1.209910992902854,False,0,NORMAL,0,5.288829414531682,3.298997645801205,0.0661560869572475,21.492984720948925,16.608299757087718,NORMAL,Thrust,0,Telemetry remains within the expected prototype operating envelope.
43.8,steady,119.8366388714496,745.6210196067257,0.1882474406683764,503.3349876096903,0,normal,0.4438668885224048,False,0.3120042334050695,False,1.125376009843256,False,0.8502409119945776,False,0,NORMAL,0,8.494707852767824,6.049378664543104,20.154382897439138,15.637583221907402,17.50475348904297,NORMAL,Vibration,0,Telemetry remains within the expected prototype operating envelope.
43.9,steady,119.37757023981789,747.2831406911247,0.2172239584486983,503.40950567813474,0,normal,0.7058501200337074,False,0.0552790099052193,False,1.7468462037056176,False,0.8629731396488388,False,0,NORMAL,0,13.165833978241526,1.099491120768925,29.486728153196783,15.852134233915105,24.381739704613615,NORMAL,Vibration,0,Telemetry remains within the expected prototype operating envelope.
44.0,steady,120.18974073313836,745.9303738854006,0.1933903367758834,503.6899074144664,0,normal,0.2423572222028482,False,0.2436454093277392,False,0.6155997643350017,False,0.9108828455248988,False,0,NORMAL,0,4.731545664248415,4.756087221957516,11.584240103924392,16.65458348331684,14.126544205582572,NORMAL,Thrust,0,Telemetry remains within the expected prototype operating envelope.
44.1,steady,119.351994254223,742.7401790765202,0.2000586638439917,492.5548286518052,0,normal,0.7204459318438459,False,0.9485911002254016,False,0.0453808709998877,False,0.9916672435189288,False,0,NORMAL,0,13.418947388118262,17.28078127158168,0.903511005992752,17.99036525237343,16.033177844373515,NORMAL,Thrust,0,Telemetry remains within the expected prototype operating envelope.
44.2,steady,119.40176295719988,742.988692415087,0.1973924752999198,497.90301363509127,0,normal,0.6920437175874191,False,0.8936764578137248,False,0.2188981572756695,False,0.0778712989142268,False,0,NORMAL,0,12.925729143967546,16.367274702116752,4.283513673819373,1.545360816424124,13.711892910804572,NORMAL,Temperature,0,Telemetry remains within the expected prototype operating envelope.
44.3,steady,121.02160623924613,739.5423747535865,0.1932148616325422,488.3794121019224,0,normal,0.2323753089619822,False,1.655218285346174,False,0.6329932830611394,False,1.7050828643776434,False,0,NORMAL,0,4.541163400401604,28.182618500780144,11.891277982471227,28.895287598672027,25.214092343840257,NORMAL,Thrust,0,Telemetry remains within the expected prototype operating envelope.
44.4,steady,119.8655790174806,743.4007778927543,0.2165089753272899,496.4076515527423,0,normal,0.4273512033825538,False,0.8026168520008209,False,1.6759753551381518,False,0.3333702786309921,False,0,NORMAL,0,8.19195358988507,14.830208118182087,28.48014417736581,6.449992745964861,23.582919845535088,NORMAL,Vibration,0,Telemetry remains within the expected prototype operating envelope.
44.5,steady,120.44774284028092,744.9260532977025,0.1951029114770069,494.0580918289608,0,normal,0.095119486691093,False,0.4655727563997029,False,0.4458452363333952,False,0.7348182752705756,False,0,NORMAL,0,1.8844085052101556,8.89108721074816,8.530906549816963,13.66746456405955,11.769065314249257,NORMAL,Thrust,0,Telemetry remains within the expected prototype operating envelope.
44.6,steady,119.82984360805614,748.3333031198722,0.192502727162164,482.5175826188147,0,normal,0.4477448382234344,False,0.2873361484935663,False,0.7035817664793648,False,2.7066405940313683,False,0,NORMAL,0,8.565650921911184,5.584716994783012,13.126430923084554,41.802519281207275,33.216077868371,NORMAL,Thrust,0,Telemetry remains within the expected prototype operating envelope.
44.7,steady,119.1364475576035,746.439786101828,0.1909542850830956,496.1953447343308,0,normal,0.843455033818963,False,0.1310792594921723,False,0.8570670737758255,False,0.3696452224264474,False,0,NORMAL,0,15.523010875523745,2.5875199773556345,15.75267893886898,7.1262409442839125,13.825818249667662,NORMAL,Vibration,0,Telemetry remains within the expected prototype operating envelope.
44.8,steady,120.62158543297262,743.2380932794149,0.1963919526286028,492.97455190819227,0,normal,0.0040897405780276,False,0.8385656965132934,False,0.3180723735670253,False,0.9199529309546868,False,0,NORMAL,0,0.08176136872335427,15.440363173981131,6.163330610631734,16.80563644516556,14.291634204226522,NORMAL,Thrust,0,Telemetry remains within the expected prototype operating envelope.
44.9,steady,120.531756668831,751.6570081558314,0.1978256854839255,498.30642130792427,0,normal,0.0471741190955093,False,1.0217839434658635,False,0.1759573207310586,False,0.0089446823874518,False,0,NORMAL,0,0.9390455514205254,18.482852466919265,3.45794448613318,0.1787337284390511,14.031479523877326,NORMAL,Temperature,0,Telemetry remains within the expected prototype operating envelope.
45.0,steady,121.24026357770528,743.4845557917988,0.209726745674018,500.1748665326909,0,normal,0.3571596052001672,False,0.7841042305271998,False,1.0037044213012891,False,0.3102996359081177,False,0,NORMAL,0,6.894033898931273,14.514280390432122,18.18756070013069,6.017343605372116,15.813071082135743,NORMAL,Vibration,0,Telemetry remains within the expected prototype operating envelope.
45.1,steady,121.24615464806432,744.4382872188168,0.1950370022278465,489.76719463242,0,normal,0.3605215461897669,False,0.5733557026070718,False,0.4523783198098838,False,1.4679650286398886,False,0,NORMAL,0,6.956616209532229,10.834067368258948,8.650343548242256,25.442012355983103,21.077073986065464,NORMAL,Thrust,0,Telemetry remains within the expected prototype operating envelope.
45.2,steady,122.13625549322074,746.8732789839171,0.1990134276578604,478.9874771488566,0,normal,0.8684880673527754,False,0.0352892035329297,False,0.0582254565433835,False,3.309797753433241,False,0,NORMAL,0,15.944896945773834,0.7032992641128111,1.1577549663316589,48.416047023061594,37.26485540742703,NORMAL,Thrust,1,Telemetry remains within the expected prototype operating envelope.
45.3,steady,118.837805613998,743.5099005985666,0.1956351703379433,492.2459729436961,0,normal,1.0138852833711778,False,0.778503722286191,False,0.3930864564368688,False,1.0444386219249062,False,0,NORMAL,0,18.35397545009546,14.418474048595797,7.56063697461834,18.851365934314344,17.432027442971417,NORMAL,Thrust,0,Telemetry remains within the expected prototype operating envelope.
45.4,steady,120.77530621881674,740.4854885938796,0.1764704334634687,484.4330784978052,0,normal,0.0918157698707605,False,1.4468159533350136,False,2.2927413212828727,False,2.379357156454183,False,0,NORMAL,0,1.81955785676009,25.125977944563505,36.7799231911908,37.865663757363976,33.50190468290094,NORMAL,Thrust,0,Telemetry remains within the expected prototype operating envelope.
45.5,steady,121.87102062913824,742.4159617285352,0.1993041472851903,490.5554808191224,0,normal,0.7171227114694719,False,1.020234255602654,False,0.0294086270726365,False,1.333277705211899,False,0,NORMAL,0,13.361382676600254,18.457583324358097,0.5864461930541909,23.406314015702467,20.097630153556665,NORMAL,Thrust,0,Telemetry remains within the expected prototype operating envelope.
45.6,steady,120.743452727447,740.6420903626804,0.2084055082835464,489.2247549635954,0,normal,0.0736374844708243,False,1.4122112508899587,False,0.8727401898137841,False,1.560646783499477,False,0,NORMAL,0,1.4619577754284685,24.605981938663067,16.016349077477965,26.811315236264697,23.455720256007545,NORMAL,Thrust,0,Telemetry remains within the expected prototype operating envelope.
45.7,steady,121.75728342881123,745.5059011590149,0.1882518144407352,502.5880729492277,0,normal,0.6522146841472671,False,0.3374422578889117,False,1.1249424709956568,False,0.722622366669474,False,0,NORMAL,0,12.229342376018092,6.526148469126547,20.147459361916418,13.45662679047579,17.677311572530144,NORMAL,Vibration,0,Telemetry remains within the expected prototype operating envelope.
45.8,steady,120.01605674659702,747.4006771943459,0.1891660940792359,496.545903930692,0,normal,0.3414759354421632,False,0.0812513584396541,False,1.034316871777502,False,0.3097483465741903,False,0,NORMAL,0,6.601526735223617,1.611894833195604,18.68692630902702,6.006980706878162,15.025893351995949,NORMAL,Vibration,0,Telemetry remains within the expected prototype operating envelope.
45.9,steady,118.96129952480712,742.5528518483502,0.2055351417834515,491.7055276875532,0,normal,0.943409255177431,False,0.9899852877899578,False,0.5882225509069496,False,1.1367796095473643,False,0,NORMAL,0,17.19500919871164,17.962773296789926,11.098796882658647,20.33628088052558,19.045457844976635,NORMAL,Thrust,0,Telemetry remains within the expected prototype operating envelope.
46.0,steady,119.97552149318012,744.8306102381698,0.1944202702218448,494.9504600587107,0,normal,0.3646087655868426,False,0.4866630588967149,False,0.513510281244105,False,0.5823473955257826,False,0,NORMAL,0,7.032642876131668,9.274580748861538,9.7604203378866,10.99427380937783,10.389195781168134,NORMAL,Thrust,0,Telemetry remains within the expected prototype operating envelope.
46.1,steady,120.20070897871,748.3777231646732,0.2115110737320043,482.8323847421277,0,normal,0.2360978173538341,False,0.2971517619742103,False,1.1805713148065955,False,2.652853205499484,False,0,NORMAL,0,4.612206215436299,5.769883967501466,21.030956359029197,41.173081669308274,33.11378930353696,NORMAL,Thrust,0,Telemetry remains within the expected prototype operating envelope.
46.2,steady,121.49296132212191,745.4432380622274,0.2045753133050703,492.442297741659,0,normal,0.5013702245199361,False,0.3512890862818764,False,0.4930820410049814,False,1.01089438125924,False,0,NORMAL,0,9.541051407357292,6.784653632523774,9.390978985642562,18.305121786448087,15.750237169738782,NORMAL,Thrust,0,Telemetry remains within the expected prototype operating envelope.
46.3,steady,120.6512087960878,744.9710845580538,0.2073958288707379,486.7179836400636,0,normal,0.0209953269378754,False,0.4556220810202717,False,0.7726583352577144,False,1.9889561027645069,False,0,NORMAL,0,0.41902616393261205,8.709587623237224,14.318364113531546,32.81977284717088,26.2561930410999,NORMAL,Thrust,0,Telemetry remains within the expected prototype operating envelope.
46.4,steady,119.06961405875047,749.8049780725025,0.2084145486999443,490.605775704998,0,normal,0.8815958580797904,False,0.6125360119535893,False,0.8736362976551281,False,1.3246842734418502,False,0,NORMAL,0,16.164963700915813,11.530046703116748,16.031399410392822,23.274560303576475,20.991049082649873,NORMAL,Thrust,0,Telemetry remains within the expected prototype operating envelope.
46.5,steady,120.51035390564871,747.0096169215396,0.196429444638398,494.6852991108045,0,normal,0.0593883386596621,False,0.0051622528635359,False,0.3143560752809161,False,0.6276530458765897,False,0,NORMAL,0,1.180740669078273,0.10319177789914757,6.093559674157378,11.797123415929633,9.345909079847399,NORMAL,Thrust,0,Telemetry remains within the expected prototype operating envelope.
46.6,steady,120.06712072862211,744.6163763157907,0.19187712061699,499.6094903554856,0,normal,0.3123345258511395,False,0.5340028890553153,False,0.7655933936049185,False,0.2136989275330569,False,0,NORMAL,0,6.055584695666461,10.12951231851551,14.197211388344433,4.183931507223059,12.25273339452696,NORMAL,Vibration,0,Telemetry remains within the expected prototype operating envelope.
46.7,steady,121.32682727348268,743.3619181466435,0.1957459494788893,491.7703051904461,0,normal,0.4065601418273754,False,0.8112037917368934,False,0.3821057612465381,False,1.125711664135947,False,0,NORMAL,0,7.809401425708062,14.976352163295836,7.357404198791007,20.159742822355554,17.505336637919275,NORMAL,Thrust,0,Telemetry remains within the expected prototype operating envelope.
46.8,steady,120.25893847599755,745.0829201579727,0.1898967475087503,490.590434611467,0,normal,0.2028671611566337,False,0.430909475999312,False,0.9618927445387876,False,1.3273054671922968,False,0,NORMAL,0,3.9761350544230023,8.257265958715088,17.50054913964726,23.314772210942014,19.796365143938452,NORMAL,Thrust,0,Telemetry remains within the expected prototype operating envelope.
46.9,steady,119.78180599499468,747.7255591653067,0.2062277552720618,508.6466978887877,0,normal,0.4751591467532872,False,0.1530413772941748,False,0.6568760676087064,False,1.7578047541435082,False,0,NORMAL,0,9.065600982113676,3.014458515812657,12.311130783750801,29.64110356753874,23.99454303070657,NORMAL,Thrust,0,Telemetry remains within the expected prototype operating envelope.
47.0,steady,120.69288816923202,738.7536058372079,0.1890966887238077,484.9830112474206,0,normal,0.0447810881755288,False,1.8295146158295863,False,1.0411964977253632,False,2.285395126723653,False,0,NORMAL,0,0.8916230185753715,30.642987246601493,18.798730080908342,36.68696952548351,31.460807305326547,NORMAL,Thrust,0,Telemetry remains within the expected prototype operating envelope.
47.1,steady,121.45867618932408,746.4830862420353,0.2079060058804944,488.1112347870261,0,normal,0.4818042396883333,False,0.1215111142587129,False,0.8232283088954607,False,1.7509038940452943,False,0,NORMAL,0,9.186374215893988,2.4009301511590198,15.180580153028044,29.543929144064982,24.130837639255017,NORMAL,Thrust,0,Telemetry remains within the expected prototype operating envelope.
47.2,steady,120.0693257222099,744.0676044574066,0.2069257981240487,485.07324790982057,0,normal,0.3110761707691652,False,0.655266441919531,False,0.7260677558814556,False,2.2699772052393685,False,0,NORMAL,0,6.0319386337928,12.28289698810131,13.516241369459081,36.49143714356949,29.697654130125905,NORMAL,Thrust,0,Telemetry remains within the expected prototype operating envelope.
47.3,steady,120.53342621687872,746.8255083831003,0.2027843244876923,495.68499608290256,0,normal,0.046221334342709,False,0.0458451981397879,False,0.3155549169906468,False,0.4568438757017207,False,0,NORMAL,0,0.9201669993587069,0.912713216564276,6.116072766581093,8.731892525986929,7.135304123884467,NORMAL,Thrust,0,Telemetry remains within the expected prototype operating envelope.
47.4,steady,120.4599268669618,743.6308221009782,0.1948004281916842,496.1118437296816,0,normal,0.0881662547280884,False,0.7517833816271582,False,0.4758281079095345,False,0.3839122830567916,False,0,NORMAL,0,1.7478694951034601,13.959896299097762,9.077766484412608,7.390870326672639,11.889367822376112,NORMAL,Temperature,0,Telemetry remains within the expected prototype operating envelope.
47.5,steady,119.52090791267914,746.2290528945284,0.1992810852984171,505.6324134663983,0,normal,0.624049569645358,False,0.1776455274834963,False,0.0316945867314457,False,1.242781266797311,False,0,NORMAL,0,11.733533110207128,3.4905355737766874,0.6318868794133903,22.007401385575765,17.61785463365938,NORMAL,Thrust,0,Telemetry remains within the expected prototype operating envelope.
47.6,steady,120.05168925272244,743.0515580289846,0.1860906701542164,494.281268561588,0,normal,0.3211410258919198,False,0.8797848786852821,False,1.3391602963907734,False,0.6966860876513792,False,0,NORMAL,0,6.220903364484509,16.134593496611306,23.496374894486614,13.006537821456465,20.422754519407203,NORMAL,Vibration,0,Telemetry remains within the expected prototype operating envelope.
47.7,steady,120.1716271968154,742.2838622389273,0.2042837622179362,487.81634788924254,0,normal,0.2526943318483542,False,1.0494246253285482,False,0.4641827952364099,False,1.8012885483072172,False,0,NORMAL,0,4.928302296323828,18.93224707337894,8.865756119906653,30.250344869291602,25.17318107144338,NORMAL,Thrust,0,Telemetry remains within the expected prototype operating envelope.
47.8,steady,120.64079284909876,743.5762530793884,0.2132115632671445,494.46114778174575,0,normal,0.0150511101837478,False,0.7638416410535632,False,1.349127932056647,False,0.6659517539638719,False,0,NORMAL,0,0.3005695861131197,14.167145071004395,23.648735029430668,12.470153750601531,19.798005569880534,NORMAL,Vibration,0,Telemetry remains within the expected prototype operating envelope.
47.9,steady,118.65556341355756,745.5251380126896,0.2069776149158656,497.9868189659493,0,normal,1.1178880343746935,False,0.3331914400182793,False,0.7312039610535073,False,0.0635522408200068,False,0,NORMAL,0,20.034716909779384,6.44664661542016,13.605035420879663,1.2630011573440014,16.64063850040613,NORMAL,Pressure,0,Telemetry remains within the expected prototype operating envelope.
48.0,steady,120.67303137023572,746.9483327191808,0.1972072424718662,490.5735710721996,0,normal,0.0334491260023983,False,0.0187043833480729,False,0.2372588812055596,False,1.3301867874612048,False,0,NORMAL,0,0.6667498135670469,0.3733888307402178,4.634353907700106,23.35895042079319,17.723744033635622,NORMAL,Thrust,0,Telemetry remains within the expected prototype operating envelope.
48.1,steady,120.8271617189969,745.5188039704963,0.205271258819688,492.3488677355896,0,normal,0.1214088863957293,False,0.3345910898884731,False,0.5620658361476154,False,1.0268579204631818,False,0,NORMAL,0,2.3989346618916607,6.472831338088991,10.632505598921583,18.565533733833096,15.398704893605853,NORMAL,Thrust,0,Telemetry remains within the expected prototype operating envelope.
48.2,steady,121.9055024265701,746.65834567332,0.1819405709492333,496.98338032173,0,normal,0.7368009297075717,False,0.0827835793353128,False,1.750528122412951,False,0.2350007166324168,False,0,NORMAL,0,13.701691294521002,1.6420406760748185,29.538633866535157,4.591273915561056,23.529055491608407,NORMAL,Vibration,0,Telemetry remains within the expected prototype operating envelope.
48.3,steady,119.4645831365617,747.5502301033786,0.1963446937440166,489.9527702985365,0,normal,0.6561932314959776,False,0.1142984559053968,False,0.3227567879996021,False,1.4362573948081234,False,0,NORMAL,0,12.299154540671243,2.2600388061928767,6.251203410621454,24.967698534336947,20.234587385353485,NORMAL,Thrust,0,Telemetry remains within the expected prototype operating envelope.
48.4,steady,121.74521358299918,745.8017277313339,0.1771762822697419,496.98533775725394,0,normal,0.6453266134062001,False,0.2720726864668756,False,2.222775888025682,False,0.2346662673474376,False,0,NORMAL,0,12.108344951531313,5.296055804661515,35.889060757015166,4.584891826070969,28.39224540924677,NORMAL,Vibration,0,Telemetry remains within the expected prototype operating envelope.
48.5,steady,119.58545949301988,747.5075597240093,0.19527228322403,495.4178635187628,0,normal,0.5872110003083054,False,0.1048694705714598,False,0.4290567009463816,False,0.5024863982669757,False,0,NORMAL,0,11.080809450153485,2.0755471718488017,8.22326392950915,9.56124273429132,9.909851680107506,NORMAL,Pressure,0,Telemetry remains within the expected prototype operating envelope.
48.6,steady,120.89179188929694,745.8874996096561,0.203566264578295,486.8200329645227,0,normal,0.1582923057836886,False,0.253119450177018,False,0.3930627015671187,False,1.97151985866828,False,0,NORMAL,0,3.1162578809079466,4.936385296941992,7.5601977965693905,32.58508971795278,25.397627252251873,NORMAL,Thrust,0,Telemetry remains within the expected prototype operating envelope.
48.7,steady,120.52130813333676,749.1114532980913,0.1982234935598986,503.3065552091118,0,normal,0.0531369335958388,False,0.4592860286324924,False,0.1365256263776748,False,0.8453829251401235,False,0,NORMAL,0,1.0571115559797728,8.776459776327538,2.6935710286622894,15.555577087542694,12.568363058647577,NORMAL,Thrust,0,Telemetry remains within the expected prototype operating envelope.
48.8,steady,119.64950288572668,746.4932994103445,0.1964523186631137,496.48921548198246,0,normal,0.550662445643099,False,0.1192542837447874,False,0.3120887468738341,False,0.3194341885371405,False,0,NORMAL,0,10.428454512533857,2.356867295874343,6.050966669702607,6.18888476669458,8.968198092067478,NORMAL,Pressure,0,Telemetry remains within the expected prototype operating envelope.
48.9,steady,120.4165184595482,744.3282336383396,0.208892713324557,489.8608725181735,0,normal,0.1129387485675194,False,0.5976745301311026,False,0.9210331265963382,False,1.4519591364786777,False,0,NORMAL,0,2.2334556433367236,11.266696599168412,16.82360774162842,25.202956507917783,21.24050942320105,NORMAL,Thrust,0,Telemetry remains within the expected prototype operating envelope.
49.0,steady,120.17902854532146,746.1043211993282,0.1941787618461639,497.98741488801534,0,normal,0.2484704989276249,False,0.2052078164086132,False,0.5374491729579973,False,0.0634504210121725,False,0,NORMAL,0,4.847954970415913,4.021076287169068,10.191434818817003,1.2609904604215405,8.402560079203111,NORMAL,Vibration,0,Telemetry remains within the expected prototype operating envelope.
49.1,steady,119.49176223303628,745.7824567679754,0.1827962978269026,498.6367062106139,0,normal,0.6406825495775467,False,0.2763310416435599,False,1.6657064138347824,False,0.0474881084724693,False,0,NORMAL,0,12.026672136816185,5.3766780741657305,28.333106596727966,0.9452661735712242,22.501170048735275,NORMAL,Vibration,0,Telemetry remains within the expected prototype operating envelope.
49.2,steady,119.1120647253788,745.6888839353751,0.206729198649771,488.3233612779562,0,normal,0.8573699318090968,False,0.2970080752037271,False,0.7065803426086305,False,1.7146597611738692,False,0,NORMAL,0,15.757781779916769,5.767176004380814,13.178514705904366,29.031349750234902,24.447174283690913,NORMAL,Thrust,0,Telemetry remains within the expected prototype operating envelope.
49.3,steady,120.97550131559996,749.3041355416603,0.2074162102028012,489.16071886756,0,normal,0.2060639558153453,False,0.5018635279558511,False,0.7746785819670585,False,1.5715880514339904,False,0,NORMAL,0,4.037509148008212,9.54997570914118,14.35297672904856,26.971295535649464,22.336120846333802,NORMAL,Thrust,0,Telemetry remains within the expected prototype operating envelope.
49.4,steady,120.4726977049136,741.827465397746,0.2053351422826727,497.7352147304667,0,normal,0.0808781388230023,False,1.1502758290338817,False,0.5683981188205759,False,0.1065415784640656,False,0,NORMAL,0,1.604550484914835,20.551022737489255,10.745614007626292,2.1082897467224693,16.42149401483389,NORMAL,Temperature,0,Telemetry remains within the expected prototype operating envelope.
49.5,steady,121.27713907762984,746.9581883978439,0.2193902787702429,506.303563660372,0,normal,0.3782038717175581,False,0.0165265482562989,False,1.9615770901556184,False,1.3574546237194185,False,0,NORMAL,0,7.28507974736059,0.32998531288020994,32.450898169174934,23.77577990201536,26.679236333963928,NORMAL,Vibration,0,Telemetry remains within the expected prototype operating envelope.
49.6,steady,120.25648111552958,742.6339529610814,0.1940721071837689,494.1618262745265,0,normal,0.2042695380389292,False,0.972064162789158,False,0.5480210399032195,False,0.7170941097882695,False,0,NORMAL,0,4.003063607518098,17.66820583521731,10.38112305259955,13.360887073160244,15.457995755134583,NORMAL,Temperature,0,Telemetry remains within the expected prototype operating envelope.
49.7,steady,120.75357719118163,746.8908094878412,0.204290364821334,499.8962146889276,0,normal,0.0794153563264741,False,0.0314154422296409,False,0.4648372611832908,False,0.2626889183313579,False,0,NORMAL,0,1.5757600454473497,0.6263391120654882,8.877684191080837,5.118152946191956,7.187814149996287,NORMAL,Vibration,0,Telemetry remains within the expected prototype operating envelope.
49.8,steady,120.86257092125928,745.3260168604106,0.2081368620715584,491.8668146137854,0,normal,0.1416163599513952,False,0.3771917618402859,False,0.8461113304212424,False,1.1092219727847343,False,0,NORMAL,0,2.792592831727181,7.266310310439783,15.567878144227565,19.895999917841912,16.915643301967933,NORMAL,Thrust,0,Telemetry remains within the expected prototype operating envelope.
49.9,steady,120.79243287230604,747.4820447310182,0.2009015035944799,493.62341065695824,0,normal,0.1015896810398874,False,0.0992313558355461,False,0.1289251765015703,False,0.8090883114442146,False,0,NORMAL,0,2.0112917806827113,1.9650630312303519,2.545544022778068,14.940371381887141,11.58919004217724,NORMAL,Thrust,0,Telemetry remains within the expected prototype operating envelope.
50.0,steady,119.75766082862012,746.0801199238251,0.2022440911834954,493.6555395961606,0,normal,0.4889384125892108,False,0.2105556355551489,False,0.2620056910768635,False,0.8035987305042623,False,0,NORMAL,0,9.315857839690356,4.123676993564951,5.105186887562885,14.84693175362879,12.572275318872823,NORMAL,Thrust,0,Telemetry remains within the expected prototype operating envelope.
50.1,steady,120.3984365846715,743.3994694560317,0.2000108340327983,491.3256806536802,0,normal,0.1232577895247355,False,0.8029059806856236,False,0.0406398649472944,False,1.2016806330175704,False,0,NORMAL,0,2.4350189728605365,14.835132981771116,0.8095030329770214,21.363650105255683,17.337661764041826,NORMAL,Thrust,0,Telemetry remains within the expected prototype operating envelope.
50.2,steady,121.20641157380985,745.8413743615592,0.2088063058102282,493.0686498857579,0,normal,0.3378408002055065,False,0.2633118668899166,False,0.9124682057195688,False,0.903875261509126,False,0,NORMAL,0,6.5335988292602565,5.129973511787345,16.68100579535805,16.53769158775864,14.769852367847108,NORMAL,Vibration,0,Telemetry remains within the expected prototype operating envelope.
50.3,steady,119.79173362287348,745.941870167838,0.1917113233220772,493.9322940749896,0,normal,0.4694936060177244,False,0.2411050457289293,False,0.7820276206920078,False,0.756312198494718,False,0,NORMAL,0,8.96250407479171,4.707684093038145,14.47876891937363,14.037792990372688,13.102540429380774,NORMAL,Vibration,0,Telemetry remains within the expected prototype operating envelope.
50.4,steady,121.13246244789376,745.9283017314972,0.2060184729080997,498.7474586407239,0,normal,0.2956391997474835,False,0.2441032985955172,False,0.636131495771844,False,0.0664113734316846,False,0,NORMAL,0,5.741373872563448,4.76480905568446,11.946561413811562,1.319445452307566,9.845331525984632,NORMAL,Vibration,0,Telemetry remains within the expected prototype operating envelope.
50.5,steady,120.3098334467758,746.9919440228981,0.1989288785343223,491.0112383830692,0,normal,0.1738222036199687,False,0.0090674794999601,False,0.0666061692502462,False,1.255406536776431,False,0,NORMAL,0,3.416709963772857,0.18118525098795857,1.3232898892988953,22.204088481078877,16.806118951400897,NORMAL,Thrust,0,Telemetry remains within the expected prototype operating envelope.
50.6,steady,120.43836321773895,744.8738163126604,0.2005675059143992,490.24217833997926,0,normal,0.100472289419451,False,0.4771156996106969,False,0.0958185222350241,False,1.3868088631225404,False,0,NORMAL,0,1.9893909813045618,9.10117761255097,1.8981248035435438,24.221969665354216,19.000213300471156,NORMAL,Thrust,0,Telemetry remains within the expected prototype operating envelope.
50.7,steady,119.91284338898409,748.7517231323347,0.1966242085171557,497.4179713899989,0,normal,0.4003781716207836,False,0.379795513028216,False,0.2950506106558783,False,0.1607460756679334,False,0,NORMAL,0,7.695347025404065,7.314588829761637,5.730277299618425,3.1637922978388078,7.093576043617149,NORMAL,Pressure,0,Telemetry remains within the expected prototype operating envelope.
50.8,steady,119.85624697637796,747.1492197691414,0.1949131588947948,494.7254080460783,0,normal,0.432676852133538,False,0.0256861535033545,False,0.4646539691783739,False,0.6207999952603254,False,0,NORMAL,0,8.289689011731127,0.5124057698272733,8.874343731461797,11.676148774787876,10.157848091295325,NORMAL,Thrust,0,Telemetry remains within the expected prototype operating envelope.
50.9,steady,120.91709748466243,745.2728142897311,0.1939377024009323,492.53728050667473,0,normal,0.1727338101522304,False,0.388948073035086,False,0.5613435656047955,False,0.9946655361931144,False,0,NORMAL,0,3.395683550961226,7.484095398025758,10.619595164723094,18.03952828779861,15.185347347201107,NORMAL,Thrust,0,Telemetry remains within the expected prototype operating envelope.
51.0,steady,118.82422445807688,745.1739232592937,0.2005493732371859,492.5584715866471,0,normal,1.0216358349678447,False,0.410800282681089,False,0.0940211676088416,False,0.9910448082263256,False,0,NORMAL,0,18.48043775469872,7.887548510228825,1.8628536926096007,17.980155478694183,16.05574664122441,NORMAL,Pressure,0,Telemetry remains within the expected prototype operating envelope.
51.1,steady,119.13918956475972,745.5458939089708,0.2051444555474577,490.79355218598135,0,normal,0.8418902135587355,False,0.3286049553298076,False,0.5494967904806479,False,1.2926006063003843,False,0,NORMAL,0,15.496568477158501,6.3607910393410965,10.407570171353198,22.78065066132433,19.623911210413812,NORMAL,Thrust,0,Telemetry remains within the expected prototype operating envelope.
51.2,steady,120.929267193103,743.8209372502515,0.1960191802690109,491.3806774372104,0,normal,0.1796788709212002,False,0.7097731398445816,False,0.3550224674304062,False,1.192283830567156,False,0,NORMAL,0,3.529774971752142,13.23393768824026,6.85422933740516,21.215725097510852,17.71316718418654,NORMAL,Thrust,0,Telemetry remains within the expected prototype operating envelope.
51.3,steady,120.74077775219853,746.2659620003343,0.2031479645150528,494.6546539427673,0,normal,0.0721109182636776,False,0.1694896258375183,False,0.3515997920939502,False,0.6328891082718973,False,0,NORMAL,0,1.4318682132156257,3.3329827702405,6.790445962529024,11.889442221837976,9.779552121379208,NORMAL,Thrust,0,Telemetry remains within the expected prototype operating envelope.
51.4,steady,120.83123731158052,743.4396791344324,0.1974290577249732,496.4177966683321,0,normal,0.1237347628373076,False,0.7940207428807097,False,0.2152720192193132,False,0.3316368745859876,False,0,NORMAL,0,2.4443257073853863,14.683656411882717,4.214072257709189,6.417555131343633,11.973342499701847,NORMAL,Temperature,0,Telemetry remains within the expected prototype operating envelope.
51.5,steady,119.68141757502865,747.4083194772761,0.1916316898948774,490.8943148209272,0,normal,0.5324492355479312,False,0.0829400936871891,False,0.7899210777415508,False,1.2753842071913488,False,0,NORMAL,0,10.101582459728597,1.645119514337423,14.613674037451595,22.514304544943144,18.91083250290336,NORMAL,Thrust,0,Telemetry remains within the expected prototype operating envelope.
51.6,steady,120.90507668726568,744.8045974211751,0.1974546384058075,500.42321125060175,0,normal,0.1658737305685924,False,0.4924111791047578,False,0.2127364005405289,False,0.3527320492969895,False,0,NORMAL,0,3.2630499242511823,9.37882094202096,4.165484621269022,6.811551010594763,8.162887930900517,NORMAL,Temperature,0,Telemetry remains within the expected prototype operating envelope.
51.7,steady,119.89940968730257,744.6182387860052,0.216789558747814,487.02958957386943,0,normal,0.408044573407319,False,0.5335913341407078,False,1.7037874593838214,False,1.9357148181948085,False,0,NORMAL,0,7.8367674903815026,10.122114685889782,28.876863332180612,32.10059834679748,27.772319012752686,NORMAL,Thrust,0,Telemetry remains within the expected prototype operating envelope.
51.8,steady,120.10847491951392,747.1192336613574,0.2013849297098132,495.29385608093855,0,normal,0.2887343409989034,False,0.0190600448374261,False,0.1768435370718976,False,0.5236744263809483,False,0,NORMAL,0,5.611115451815952,0.3804752484821816,3.4750543992148497,9.94367564837708,8.161792236885484,NORMAL,Thrust,0,Telemetry remains within the expected prototype operating envelope.
51.9,steady,120.3631455517714,747.3487554778737,0.2089525033049196,489.6172197224096,0,normal,0.1433978256881268,False,0.0697780809491429,False,0.926959653415297,False,1.4935898836118608,False,0,NORMAL,0,2.8272209955174876,1.385868799964074,16.922138759305327,25.82314240562591,20.89390002269296,NORMAL,Thrust,0,Telemetry remains within the expected prototype operating envelope.
52.0,steady,121.19470309027834,750.372624171751,0.224912566553489,492.8383983160688,0,normal,0.3311589532215856,False,0.7379702551873147,False,2.5089595520821004,False,0.9432162624801728,False,0,NORMAL,0,6.40860969388174,13.721871096998917,39.45552157080881,17.191812985323217,32.36414786388934,NORMAL,Vibration,0,Telemetry remains within the expected prototype operating envelope.
52.1,steady,121.07232662728092,745.5874646262686,0.198632674108961,506.41217911725965,0,normal,0.2613206348790051,False,0.319418965199987,False,0.0959666651084488,False,1.3760127634126995,False,0,NORMAL,0,5.092184340862249,6.188599142612572,1.9010313792204747,24.058171456551868,18.896310249692842,NORMAL,Thrust,0,Telemetry remains within the expected prototype operating envelope.
52.2,steady,118.96943780129568,743.2302679618595,0.1977657084125571,502.1568060495321,0,normal,0.9387648690737048,False,0.8402948774006987,False,0.1819023924609996,False,0.6489356962914575,False,0,NORMAL,0,17.11805779532234,15.469601899354302,3.572666158757387,12.171763714019225,15.355795404111682,NORMAL,Pressure,0,Telemetry remains within the expected prototype operating envelope.
52.3,steady,120.43991134272125,744.4924694852378,0.1874682751150475,491.7461690152692,0,normal,0.0995887988960345,False,0.5613829054818629,False,1.202608775604475,False,1.1298355938548823,False,0,NORMAL,0,1.9720711623075649,10.620298404784245,21.378245899559158,20.22556679514874,18.63802578262093,NORMAL,Vibration,0,Telemetry remains within the expected prototype operating envelope.
52.4,steady,121.72488495554732,747.1450353805101,0.1925273811524918,491.86426827537485,0,normal,0.6337253861711832,False,0.0247615182031947,False,0.7011380035949153,False,1.109657042573906,False,0,NORMAL,0,11.90417797191814,0.49400612027251656,13.08396086450474,19.902969780685343,16.908127896966285,NORMAL,Thrust,0,Telemetry remains within the expected prototype operating envelope.
52.5,steady,120.7978334494244,743.357080686552,0.2097014653665828,512.6221655930134,0,normal,0.1046717052689583,False,0.8122727379457253,False,1.0011985763570754,False,2.437056926119871,False,0,NORMAL,0,2.071673883441927,14.994527361598898,18.14654856650566,38.57856977249461,31.532810815725092,NORMAL,Thrust,0,Telemetry remains within the expected prototype operating envelope.
52.6,steady,119.11120071128138,744.3367058159015,0.2183153538298118,494.01259853416576,0,normal,0.857863011034545,False,0.5958024108962066,False,1.8550279418000288,False,0.7425913026472168,False,0,NORMAL,0,15.766088987840876,11.233466513673896,30.99599146444013,13.801573326229766,26.429642477452244,NORMAL,Vibration,0,Telemetry remains within the expected prototype operating envelope.
52.7,steady,121.45571529626464,741.5988812691536,0.2141279195522688,500.2406632819704,0,normal,0.4801145046935598,False,1.2007866617925096,False,1.4399593734883882,False,0.3215417307211602,False,0,NORMAL,0,9.155678837182634,21.349589121471713,25.02323156966022,6.2284186107216755,21.66883085744481,NORMAL,Vibration,0,Telemetry remains within the expected prototype operating envelope.
52.8,steady,121.02505311147668,747.4917374793315,0.1899041851585742,494.9073180732299,0,normal,0.234342384608945,False,0.1013731877818038,False,0.9611555067794816,False,0.5897186759691045,False,0,NORMAL,0,4.578710964579901,2.0070489098885202,17.488383900742697,11.125394366751863,14.447409122904514,NORMAL,Vibration,0,Telemetry remains within the expected prototype operating envelope.
52.9,steady,121.15727861662911,746.5224917234858,0.205708258629711,497.2420770155439,0,normal,0.3098013960533163,False,0.1128035819572395,False,0.605382309547919,False,0.1907995548497673,False,0,NORMAL,0,6.007977957730793,2.2308126531325967,11.403378566563205,3.7440995160605395,9.458494578946208,NORMAL,Vibration,0,Telemetry remains within the expected prototype operating envelope.
53.0,steady,120.55911638624534,743.6230528406927,0.1958065661368992,494.8298364851129,0,normal,0.0315603596539891,False,0.7535001753930057,False,0.3760972921486608,False,0.6029572533975427,False,0,NORMAL,0,0.6292192653236439,13.989433850548473,7.246009246079321,11.360397787983667,12.000324765975828,NORMAL,Temperature,0,Telemetry remains within the expected prototype operating envelope.
53.1,steady,120.71470913552824,744.1377357971405,0.1950987770550045,497.809700478564,0,normal,0.0572339696644316,False,0.6397693363494523,False,0.4462550501973484,False,0.0938148730948768,False,0,NORMAL,0,1.1381528650658668,12.010602988060104,8.538403303109243,1.8588045780992934,9.867163768993336,NORMAL,Temperature,0,Telemetry remains within the expected prototype operating envelope.
53.2,steady,119.80087011779754,746.890065539174,0.2032924904710109,491.012771230901,0,normal,0.4642795523883463,False,0.0315798345124497,False,0.3659255528456143,False,1.255144632946107,False,0,NORMAL,0,8.867519680819235,0.6296063109478611,7.057123298707801,22.200013364908877,17.82100666953685,NORMAL,Thrust,0,Telemetry remains within the expected prototype operating envelope.
53.3,steady,119.99429183591508,744.8491082762446,0.191214752951242,489.61756629442937,0,normal,0.353896826875633,False,0.4825754990415709,False,0.8312488715171031,False,1.493530667988768,False,0,NORMAL,0,6.833257245397329,9.200381307213679,15.31653097734873,25.822263914655576,21.787059470929965,NORMAL,Thrust,0,Telemetry remains within the expected prototype operating envelope.
53.4,steady,120.27198055805754,744.1027523719848,0.189198481365027,493.1360778816254,0,normal,0.1954242505147868,False,0.6474997153055285,False,1.0311065660260998,False,0.8923544503612144,False,0,NORMAL,0,3.833089203834028,12.14653615609641,18.6347015794593,16.345159161331114,16.57151106046162,NORMAL,Vibration,0,Telemetry remains within the expected prototype operating envelope.
53.5,steady,120.34962134216524,743.3702359194128,0.2102627169120756,494.0008438590127,0,normal,0.1511158789205257,False,0.8093657917328454,False,1.0568311809569215,False,0.744599717561541,False,0,NORMAL,0,2.977102222847139,14.945091724965664,19.05224473884174,13.836190814280947,16.829889161578986,NORMAL,Vibration,0,Telemetry remains within the expected prototype operating envelope.
53.6,steady,121.1827541406842,750.6239233612565,0.2041119759879391,495.3673023951095,0,normal,0.3243398760463225,False,0.7935004943673355,False,0.4471549304832961,False,0.511125319675529,False,0,NORMAL,0,6.280881231968127,14.674778809851151,8.554862719472156,9.71736648463265,12.971046535421605,NORMAL,Temperature,0,Telemetry remains within the expected prototype operating envelope.
53.7,steady,119.69823162517118,745.8966317718746,0.2039131589505941,495.3922253685445,0,normal,0.5228537221810614,False,0.2511014924063501,False,0.4274477070196781,False,0.5068669568620625,False,0,NORMAL,0,9.9288925144279,4.898010681627996,8.19372553486427,9.640442490401979,9.311623866243822,NORMAL,Pressure,0,Telemetry remains within the expected prototype operating envelope.
53.8,steady,121.21282659733974,741.6600118632563,0.1997241732490812,494.54634826802464,0,normal,0.3415017530103405,False,1.187278474526096,False,0.0122253578285444,False,0.6513943182948901,False,0,NORMAL,0,6.60200899826876,21.136816938492842,0.24420848129987904,12.214940384489115,17.256253805243524,NORMAL,Temperature,0,Telemetry remains within the expected prototype operating envelope.
53.9,steady,120.55752255922172,745.9993922833328,0.2027172348693978,494.28543916648687,0,normal,0.0324699316119592,False,0.2283942334185138,False,0.308904832483432,False,0.6959734941537602,False,0,NORMAL,0,0.6472945963119425,4.465127365939936,5.9911224820108355,12.994138742830419,10.554737461710422,NORMAL,Thrust,0,Telemetry remains within the expected prototype operating envelope.
54.0,steady,119.68460900262056,747.4422512654121,0.1858585061475813,500.9264807858201,0,normal,0.5306279381295205,False,0.0904380896604544,False,1.3621729517449903,False,0.4387211580811546,False,0,NORMAL,0,10.068830143762831,1.7925018790467817,23.84767614845571,8.400487064138396,19.36057032959404,NORMAL,Vibration,0,Telemetry remains within the expected prototype operating envelope.
54.1,steady,118.84784642930737,744.2314491881729,0.1917647044150417,499.8188553585924,0,normal,1.0081551483532258,False,0.6190612432249326,False,0.776736358223599,False,0.2494712299831427,False,0,NORMAL,0,18.26035326469594,11.64542877843353,14.3882179588806,4.866997386010108,16.170816893504128,NORMAL,Pressure,0,Telemetry remains within the expected prototype operating envelope.
54.2,steady,120.62391898958316,741.5465500866127,0.2096030964283887,490.94858966301285,0,normal,0.0054214645504762,False,1.21235042007119,False,0.9914480103454422,False,1.2661107563389715,False,0,NORMAL,0,0.108370527694579,21.531277808064974,17.98676932704296,22.37045923422243,19.96552523073426,NORMAL,Thrust,0,Telemetry remains within the expected prototype operating envelope.
54.3,steady,120.193391830701,747.2248877570653,0.2001264761964197,495.262996174878,0,normal,0.2402735983781856,False,0.0424067067051119,False,0.052102594654653,False,0.5289471791180209,False,0,NORMAL,0,4.6918366667231926,0.8445476231918159,1.0366413422446374,10.03859453734064,7.978603214102691,NORMAL,Thrust,0,Telemetry remains within the expected prototype operating envelope.
54.4,steady,121.6080085438852,746.2948222337973,0.2016041754887921,497.7302854632199,0,normal,0.5670258604252114,False,0.1631123045650386,False,0.1985757065956503,False,0.1073837977279948,False,0,NORMAL,0,10.721114629732153,3.2096087823449415,3.89368326503704,2.124777614874318,8.714278134874888,NORMAL,Pressure,0,Telemetry remains within the expected prototype operating envelope.
54.5,steady,118.95514792761485,746.4412714664101,0.2109500520235142,490.5233701879053,0,normal,0.946919874723922,False,0.1307510345954842,False,1.1249614922038682,False,1.338764158032172,False,0,NORMAL,0,17.2531281568198,2.581125127224715,20.147763139698927,23.490313450277455,20.822532606657173,NORMAL,Thrust,0,Telemetry remains within the expected prototype operating envelope.
54.6,steady,118.42673394449062,746.3358811606853,0.1832328993956695,495.5164204176012,0,normal,1.2484774052016396,False,0.1540394061006514,False,1.6224294150666905,False,0.4856468733154623,False,0,NORMAL,0,22.09620212108788,3.0338154567125186,27.710108726785677,9.256140102433886,23.444993983024936,NORMAL,Vibration,0,Telemetry remains within the expected prototype operating envelope.
54.7,steady,120.96877135954362,744.595075170803,0.1970923795012789,496.39922052316655,0,normal,0.2022232759821355,False,0.5387098587765492,False,0.2486443754231945,False,0.3348108123184509,False,0,NORMAL,0,3.9637685895744568,10.214076041251928,4.851263853709076,6.4769412511377915,8.870928778685164,NORMAL,Temperature,0,Telemetry remains within the expected prototype operating envelope.
54.8,steady,120.2226615659514,746.9472044894397,0.2082115095318193,493.8281553061853,0,normal,0.2235698218663315,False,0.0189536912248539,False,0.8535105664223314,False,0.7741054470279884,False,0,NORMAL,0,4.372902971617254,0.37835624667790224,15.692732377984797,14.34315870606132,13.24415169714498,NORMAL,Vibration,0,Telemetry remains within the expected prototype operating envelope.
54.9,steady,119.8240288579968,745.7526368607349,0.19396626911905,489.0613529826196,0,normal,0.451063224421077,False,0.2829204245406915,False,0.5585119637205441,False,1.5885658005160306,False,0,NORMAL,0,8.626313685830912,5.5012977992541785,10.568962884480971,27.218847614127327,22.234850372755936,NORMAL,Thrust,0,Telemetry remains within the expected prototype operating envelope.
55.0,steady,120.61817023675,748.3485471301481,0.1911776454489456,496.0261169560396,0,normal,0.0021407419294666,False,0.2907046573150517,False,0.8349270564940902,False,0.3985596406824049,False,0,NORMAL,0,0.042805674345247624,5.648303316006819,15.378804361949271,7.661769146094855,12.510245053876693,NORMAL,Vibration,0,Telemetry remains within the expected prototype operating envelope.
55.1,steady,120.43758478003666,743.2779594596308,0.2190411084688208,494.4195164390279,0,normal,0.1009165315451925,False,0.8297563624006854,False,1.9269664891282872,False,0.6730649245559317,False,0,NORMAL,0,1.9980986827251912,15.291249034278165,31.98169309308635,12.59458816294825,26.201343045646947,NORMAL,Vibration,0,Telemetry remains within the expected prototype operating envelope.
55.2,steady,120.45437037694133,744.1029151487037,0.1989400077502814,488.6126236590977,0,normal,0.0913372559926448,False,0.6474637461082168,False,0.0655030145668782,False,1.6652361171451258,False,0,NORMAL,0,1.8101612663023459,12.145904150108034,1.3015163524497164,28.32636533914872,22.22573284239744,NORMAL,Thrust,0,Telemetry remains within the expected prototype operating envelope.
55.3,steady,121.1328791805797,747.5122930848405,0.2026837412238182,494.1480212548538,0,normal,0.2958770225221592,False,0.1059154136944744,False,0.3055848616858427,False,0.7194528485064565,False,0,NORMAL,0,5.745857135540955,2.0960297110191206,5.928680408104025,13.401749240118887,11.088714699370788,NORMAL,Thrust,0,Telemetry remains within the expected prototype operating envelope.
55.4,steady,120.94754616250503,746.6314552489309,0.2067351131433633,497.61896626962977,0,normal,0.1901103906171106,False,0.0887256267446822,False,0.707166601454724,False,0.1264039004314786,False,0,NORMAL,0,3.730831376929722,1.7588607787453747,13.188694081874718,2.496389713105318,10.425444048900891,NORMAL,Vibration,0,Telemetry remains within the expected prototype operating envelope.
55.5,steady,120.94453583796064,747.0069629774971,0.1939337770705172,494.0908163004166,0,normal,0.1883924458530909,False,0.0057487018200294,False,0.5617326538071544,False,0.7292269411265504,False,0,NORMAL,0,3.6977486709945273,0.11490796657882552,10.626550266313483,13.570867752996463,11.27194557192499,NORMAL,Thrust,0,Telemetry remains within the expected prototype operating envelope.
55.6,steady,122.3547602589838,743.015141746785,0.2048149869577432,497.8213486825495,0,normal,0.9931852927583896,False,0.8878318798099808,False,0.5168390705565774,False,0.0918246499449426,False,0,NORMAL,0,18.015260405706755,16.269457946154663,9.820478053388404,1.8197322265271376,15.728350518989874,NORMAL,Pressure,0,Telemetry remains within the expected prototype operating envelope.
55.7,steady,120.6812714024776,745.8331431207216,0.2032882050128839,494.9832111112274,0,normal,0.0381515825105105,False,0.2651307457066824,False,0.3655007679173174,False,0.5767515197165476,False,0,NORMAL,0,0.7601279537820305,5.164478651645121,7.049226816638843,10.894605048365625,9.169981647600423,NORMAL,Thrust,0,Telemetry remains within the expected prototype operating envelope.
55.8,steady,119.58684999722853,746.5921941991104,0.2247714598845728,487.7403257758555,0,normal,0.5864174614757443,False,0.0974012436111082,False,2.4949727192951654,False,1.8142777585029064,False,0,NORMAL,0,11.066696164106816,1.9291734761259782,39.285919362442115,30.43130829663241,32.77324359927677,NORMAL,Vibration,0,Telemetry remains within the expected prototype operating envelope.
55.9,steady,120.2886213441157,742.9417796047355,0.1962427696529329,494.7766077109554,0,normal,0.1859276162296046,False,0.9040429042179168,False,0.3328597493259347,False,0.6120519720943369,False,0,NORMAL,0,3.6502632392294454,16.540489910339385,6.440440254252156,11.521481691794378,14.089677512586945,NORMAL,Temperature,0,Telemetry remains within the expected prototype operating envelope.
56.0,steady,120.76445213907166,744.5373266094665,0.2021159450729236,491.4396198893012,0,normal,0.0856215176593028,False,0.551470709416899,False,0.2493035400401312,False,1.182212867454636,False,0,NORMAL,0,1.697851600227418,10.442932829348594,4.863806762949485,21.056878472085426,17.017349602508983,NORMAL,Thrust,0,Telemetry remains within the expected prototype operating envelope.
56.1,steady,121.07673294958065,746.1295397349626,0.2029849665874307,487.9493591127919,0,normal,0.2638352535560868,False,0.1996352106302047,False,0.3354430450331792,False,1.7785621248483847,False,0,NORMAL,0,5.139903733420348,3.914046113574199,6.488766170976412,29.932591236263427,23.435273688316734,NORMAL,Thrust,0,Telemetry remains within the expected prototype operating envelope.
56.2,steady,119.32724683131993,749.5195495669757,0.2019236800763671,500.5478209759724,0,normal,0.7345688959868761,False,0.5494641285468422,False,0.2302457706358137,False,0.3740229848307936,False,0,NORMAL,0,13.663158547507914,10.406984917039141,4.500498090960758,7.207521206672707,12.01164229757094,NORMAL,Pressure,0,Telemetry remains within the expected prototype operating envelope.
56.3,steady,118.92794202283557,746.1835513746566,0.1882912507837637,491.76339929989854,0,normal,0.9624458557192486,False,0.1877001173391425,False,1.1210334457177986,False,1.1268916111265546,False,0,NORMAL,0,17.509674908612016,3.684413188851876,20.085005831883628,20.178582053575923,18.49362498333015,NORMAL,Thrust,0,Telemetry remains within the expected prototype operating envelope.
56.4,steady,120.74881420807354,746.354434943348,0.2024510432793234,493.7340163662223,0,normal,0.0766971969483067,False,0.14993952821811,False,0.2825192811253313,False,0.7901901153475029,False,0,NORMAL,0,1.5222389447029805,2.954272946638814,5.493715988689319,14.618268340390062,11.653367840540392,NORMAL,Thrust,0,Telemetry remains within the expected prototype operating envelope.
56.5,steady,121.10856207896752,751.8624182451281,0.2035500196550295,495.91795801713374,0,normal,0.281999635956441,False,1.0671739481494478,False,0.3914524656576739,False,0.4170397792815319,False,0,NORMAL,0,5.483893531495676,19.219516431463934,7.530423024592037,8.00242388445641,16.013358156752265,NORMAL,Temperature,0,Telemetry remains within the expected prototype operating envelope.
56.6,steady,119.37741023147356,750.8626376542052,0.2167154774020483,498.98067299922633,0,normal,0.70594143427351,False,0.8462498160392922,False,1.6964443380146164,False,0.1062585993016047,False,0,NORMAL,0,13.167419802932478,15.570216638758316,28.77233342844956,2.1027493271057462,23.918129658251246,NORMAL,Vibration,0,Telemetry remains within the expected prototype operating envelope.
56.7,steady,119.24558967435952,747.3007690143905,0.1988699392210144,482.0536703674557,0,normal,0.7811693482557969,False,0.0591743866042917,False,0.0724483759024643,False,2.785905080070855,False,0,NORMAL,0,14.464087556279281,1.1765120618781988,1.4385205025289949,42.71784352083018,32.998832607172325,NORMAL,Thrust,0,Telemetry remains within the expected prototype operating envelope.
56.8,steady,120.70363793944256,744.092234890413,0.1895327651418355,500.6664929595936,0,normal,0.050915812579918,False,0.6498237907170064,False,0.9979715531630148,False,0.3942993921933185,False,0,NORMAL,0,1.0131489662997484,12.187362282088355,18.09370291766864,7.583058856621516,15.162668285968964,NORMAL,Vibration,0,Telemetry remains within the expected prototype operating envelope.
56.9,steady,121.92020028589238,743.7412431044081,0.2136537280508128,493.1652480086226,0,normal,0.7451887663320512,False,0.7273833636922576,False,1.392956370081165,False,0.8873704148731097,False,0,NORMAL,0,13.84634115353739,13.538994117630864,24.315081606752486,16.26172984767489,21.751490882878734,NORMAL,Vibration,0,Telemetry remains within the expected prototype operating envelope.
57.0,steady,121.04925804829983,746.6574583802179,0.2021993447371613,502.9472072386488,0,normal,0.2481557604976814,False,0.082979646812805,False,0.2575703155734125,False,0.783984391032335,False,0,NORMAL,0,4.841965180844488,1.6458975598485637,5.020970714153428,14.512231452786617,11.709793623729196,NORMAL,Thrust,0,Telemetry remains within the expected prototype operating envelope.
57.1,steady,119.67260969526572,745.28860587635,0.2073918609764592,490.7532799963807,0,normal,0.5374757536849964,False,0.3854585648368924,False,0.7722650280227078,False,1.2994815507053463,False,0,NORMAL,0,10.191912252938595,7.419505860560949,14.311624006981482,22.886845982111616,19.672315097349408,NORMAL,Thrust,0,Telemetry remains within the expected prototype operating envelope.
57.2,steady,120.64421049015291,744.6169809717885,0.1981144068662782,492.2345537415248,0,normal,0.0170015040591278,False,0.5338692766380012,False,0.1473385621139304,False,1.0463897176082737,False,0,NORMAL,0,0.3394526335859349,10.1271107238065,2.9037772847027354,18.883025506754436,15.096136117414725,NORMAL,Thrust,0,Telemetry remains within the expected prototype operating envelope.
57.3,steady,121.32995071128462,744.7617119754531,0.2103669447071017,491.1072043193288,0,normal,0.4083426385444129,False,0.5018876882131763,False,1.0671624909650042,False,1.2390097061416927,False,0,NORMAL,0,7.8422614559305215,9.55041276725762,19.219331327871924,21.948548428343795,19.390604951621306,NORMAL,Thrust,0,Telemetry remains within the expected prototype operating envelope.
57.4,steady,121.11960812907934,748.6094352338619,0.2046895276509485,488.3788686657895,0,normal,0.2883034426300602,False,0.3483537839475559,False,0.5044032419796571,False,1.705175716389295,False,0,NORMAL,0,5.602980698018023,6.729914521754532,9.595907481825916,28.89660802952839,23.230018658167058,NORMAL,Thrust,0,Telemetry remains within the expected prototype operating envelope.
57.5,steady,119.9041307762806,748.7640987038187,0.1965636143824885,493.3302426592592,0,normal,0.4053503223487779,False,0.3825301754274328,False,0.3010568471857925,False,0.859179272811942,False,0,NORMAL,0,7.787091930390955,7.36526763133365,5.843450561900765,15.788260844801227,13.480975758858126,NORMAL,Thrust,0,Telemetry remains within the expected prototype operating envelope.
57.6,steady,122.44399666469693,743.016907581225,0.1932714913142353,492.5409423946949,0,normal,1.0441111028144625,False,0.8874416787552217,False,0.6273800126558334,False,0.9940398625425388,False,0,NORMAL,0,18.846050214527676,16.262923342012048,11.79230682132706,18.029271544566782,17.931355932655926,NORMAL,Pressure,0,Telemetry remains within the expected prototype operating envelope.
57.7,steady,119.32327651378058,743.3107052006668,0.1971556343870227,504.6339261609583,0,normal,0.7368346936201963,False,0.8225204503572145,False,0.2423743988398727,False,1.0721787814117485,False,0,NORMAL,0,13.702274046264362,15.168571272879717,4.731872942018267,19.300334546818586,17.174234576130416,NORMAL,Thrust,0,Telemetry remains within the expected prototype operating envelope.
57.8,steady,120.98935006808168,747.6622828444576,0.1803977773259262,496.0528129502785,0,normal,0.213967220550872,False,0.1390590431764585,False,1.9034535411737048,False,0.3939983378574341,False,0,NORMAL,0,4.189072725720743,2.7428620884849875,31.66107764043893,7.577494184928268,24.619619797247935,NORMAL,Vibration,0,Telemetry remains within the expected prototype operating envelope.
57.9,steady,118.49563297181354,747.481602882444,0.1874218334013605,493.8525910385218,0,normal,1.2091578164031536,False,0.0991337194004566,False,1.2072121900898969,False,0.7699303346894457,False,0,NORMAL,0,21.481157902409155,1.9631486561871747,21.45059829198224,14.271603448101633,19.139822112700468,NORMAL,Pressure,0,Telemetry remains within the expected prototype operating envelope.
58.0,steady,118.96826813149808,746.4501618223507,0.1962859389436988,496.0398153064782,0,normal,0.9394323811890252,False,0.1287865093904961,False,0.3285807052799606,False,0.39621912757044,False,0,NORMAL,0,17.12912199686962,2.542841239725202,6.360336887142781,7.618535259926718,14.078377394035883,NORMAL,Pressure,0,Telemetry remains within the expected prototype operating envelope.
58.1,steady,119.96602640866271,743.1469024183351,0.1934241076252509,489.51740910136897,0,normal,0.3700274606444914,False,0.8587163795964998,False,0.6122523164304932,False,1.5106436207246223,False,0,NORMAL,0,7.1333406529353605,15.78046427536579,11.52502685477147,26.075709964556303,22.24423387987913,NORMAL,Thrust,0,Telemetry remains within the expected prototype operating envelope.
58.2,steady,121.93381289520131,749.5255947600567,0.2164145631086864,492.2607935923246,0,normal,0.7529572678813292,False,0.5507999506732083,False,1.6666169886995317,False,1.0419063518827358,False,0,NORMAL,0,13.980094187011083,10.430917786274296,28.346157022706453,18.810257474419355,24.687151880920172,NORMAL,Vibration,0,Telemetry remains within the expected prototype operating envelope.
58.3,steady,120.08492869813388,745.9783787220895,0.1998402991353657,499.1598055785127,0,normal,0.3021717983679651,False,0.2330376550075805,False,0.0237360352909984,False,0.1368653612236454,False,0,NORMAL,0,5.864444212345288,4.553807919466224,0.4735956880121628,2.7001824809773756,5.001191389344529,NORMAL,Pressure,0,Telemetry remains within the expected prototype operating envelope.
58.4,steady,121.33815374326416,749.4848291908293,0.2163894899814671,500.4957306932994,0,normal,0.4130239795860567,False,0.5417918762183528,False,1.6641316799571773,False,0.3651227898658332,False,0,NORMAL,0,7.928505436632049,10.269403344262695,28.310531784993522,7.042199880613065,23.087526699314658,NORMAL,Vibration,0,Telemetry remains within the expected prototype operating envelope.
58.5,steady,119.67943852255551,747.5085752219888,0.1902462955112986,489.3385484889719,0,normal,0.5335786495974137,False,0.1050938678160442,False,0.9272447048663782,False,1.5412039141267238,False,0,NORMAL,0,10.121886673615077,2.0799418687106885,16.926874917279044,26.52616156754396,22.111805708779087,NORMAL,Thrust,0,Telemetry remains within the expected prototype operating envelope.
58.6,steady,120.85799093812264,741.5819174112694,0.2119362945481635,492.8671300177028,0,normal,0.1390026357722055,False,1.204535209838285,False,1.222720225973045,False,0.938307136764291,False,0,NORMAL,0,2.7417648777569914,21.40853199249213,21.693850249025648,17.110469899442315,19.609531651004417,NORMAL,Vibration,0,Telemetry remains within the expected prototype operating envelope.
58.7,steady,120.12258637826746,744.417181223807,0.2053093448637709,491.0262194170195,0,normal,0.2806811539352425,False,0.57801954952727,False,0.5658410165426657,False,1.2528468631464929,False,0,NORMAL,0,5.458966687662093,10.917199842576231,10.699955814607609,22.16425185642673,18.715296449288733,NORMAL,Thrust,0,Telemetry remains within the expected prototype operating envelope.
58.8,steady,120.01393715057054,744.8537025528246,0.2000021508390316,495.569184496814,0,normal,0.3426855554820702,False,0.4815602897293078,False,0.0397791658732966,False,0.4766315528364314,False,0,NORMAL,0,6.624119335258804,9.181943311745178,0.7924269295027653,9.09237551207831,8.216213847885559,NORMAL,Temperature,0,Telemetry remains within the expected prototype operating envelope.
58.9,steady,120.821951126451,744.331177313279,0.2053042085529262,490.2264256234664,0,normal,0.1184352833673249,False,0.5970240585805413,False,0.5653318930442632,False,1.389500387164984,False,0,NORMAL,0,2.3408720333892408,11.255152150361225,10.690862401467793,24.262750366252707,20.01888097131797,NORMAL,Thrust,0,Telemetry remains within the expected prototype operating envelope.
59.0,steady,122.11616808827247,745.2051666972926,0.2054588275670551,491.972538728649,0,normal,0.857024501998029,False,0.4038963384690145,False,0.580658102024408,False,1.0911578505243376,False,0,NORMAL,0,15.75196162416882,7.760272814755909,10.964197369902761,19.606074818745967,17.476167962097556,NORMAL,Thrust,0,Telemetry remains within the expected prototype operating envelope.
59.1,steady,120.4827337987498,745.0896784543796,0.2018302541910773,493.1450832839553,0,normal,0.0751506982753562,False,0.4294160775658961,False,0.220985171930194,False,0.890815778801743,False,0,NORMAL,0,1.4917750883570724,8.22986017508448,4.323457678795528,16.319411734968913,13.264511786985318,NORMAL,Thrust,0,Telemetry remains within the expected prototype operating envelope.
59.2,steady,121.2664755704226,747.0368567299672,0.2053909670959112,495.7612267440199,0,normal,0.3721183762493376,False,0.0008569988506343,False,0.5739316087266599,False,0.4438190328435822,False,0,NORMAL,0,7.172167803379792,0.017138508202541036,10.844337018064454,8.493832039002246,9.369973156498686,NORMAL,Vibration,0,Telemetry remains within the expected prototype operating envelope.
59.3,steady,120.40518486757132,748.0593335920098,0.1947657133524079,493.4341868237483,0,normal,0.1194066508508436,False,0.2267963853523804,False,0.4792691263667936,False,0.8414192745560344,False,0,NORMAL,0,2.359842770848941,4.434592444886021,9.14031797460103,15.488608909964086,12.817139975252912,NORMAL,Thrust,0,Telemetry remains within the expected prototype operating envelope.
59.4,steady,121.40821112276946,744.9579298477006,0.2021735560200712,497.9773893030569,0,normal,0.453004621715264,False,0.4585289117732669,False,0.2550140758400295,False,0.0651634019404583,False,0,NORMAL,0,8.661785324404992,8.762645354388443,4.972400465791749,1.2948122745222945,7.768738279524392,NORMAL,Temperature,0,Telemetry remains within the expected prototype operating envelope.
59.5,steady,120.4322849329355,744.6934939157576,0.1962163343124339,494.9253935699448,0,normal,0.1039410707413069,False,0.5169620112889532,False,0.3354800839285813,False,0.5866302795044304,False,0,NORMAL,0,2.0573628745965022,9.822695373423073,6.489458878972442,11.07048140563085,9.771812785264554,NORMAL,Thrust,0,Telemetry remains within the expected prototype operating envelope.
59.6,steady,119.59351832645198,749.587781285355,0.1940049552296494,490.85440432749294,0,normal,0.5826119511045967,False,0.5645414698177214,False,0.5546773032875066,False,1.2822033518472231,False,0,NORMAL,0,10.998983077072443,10.67674288211754,10.500349044864032,22.61990974807223,19.497590002057997,NORMAL,Thrust,0,Telemetry remains within the expected prototype operating envelope.
59.7,steady,120.00117331531943,742.8834511098453,0.1992879770512991,501.20189434755326,0,normal,0.3499696750562553,False,0.9169319042924472,False,0.03101145959146,False,0.485778579727454,False,0,NORMAL,0,6.760052511887582,16.755354778380184,0.6183097409589666,9.258530380591734,13.812802254481237,NORMAL,Temperature,0,Telemetry remains within the expected prototype operating envelope.
59.8,steady,118.01822099345787,741.0592770274332,0.2101483199087587,494.0540497563596,0,normal,1.4816093067331697,False,1.320024422424571,False,1.0454918745371098,False,0.7355089076182508,False,0,NORMAL,0,25.64519298809178,23.20302114893016,18.868458136171796,13.679388548857396,23.791530764189133,NORMAL,Pressure,0,Telemetry remains within the expected prototype operating envelope.
59.9,steady,120.17216998477927,748.282882786881,0.2104878726084982,498.70437905056224,0,normal,0.2523845713136444,False,0.2761946356377348,False,1.0791491557279,False,0.0590507539116088,False,0,NORMAL,0,4.922412221891159,5.3740966010726865,19.412757540655758,1.1740684688847036,15.320584199270371,NORMAL,Vibration,0,Telemetry remains within the expected prototype operating envelope.
60.0,steady,119.88102324396476,748.196079612094,0.1981852682145485,498.1287556848953,0,normal,0.4185374267842006,False,0.2570135110706577,False,0.1403146146497484,False,0.0393007987758949,False,0,NORMAL,0,8.029975745976959,5.010393174967486,2.7672816798895328,0.7829349476908276,6.6711604703809435,NORMAL,Pressure,0,Telemetry remains within the expected prototype operating envelope.
60.1,steady,120.32832620018792,745.3352232099477,0.2198159404504543,492.1508281752302,0,normal,0.1632686807595018,False,0.3751574107038014,False,2.003769700828458,False,1.0606951470537496,False,0,NORMAL,0,3.212635877615977,7.228572056272298,33.018514470520955,19.114776450077166,26.937303055606183,NORMAL,Vibration,0,Telemetry remains within the expected prototype operating envelope.
60.2,steady,118.56852066800846,746.1688130516171,0.174841529726041,497.9455459685741,0,normal,1.1675619571550748,False,0.1909568831293846,False,2.4542021818956625,False,0.0706041841878958,False,0,NORMAL,0,20.825221520859483,3.747128223455387,38.7888263025459,1.4021605446949303,30.879529048415957,NORMAL,Vibration,0,Telemetry remains within the expected prototype operating envelope.
60.3,steady,123.08487226605908,744.6430603871341,0.2237694386729825,486.9321523519105,0,normal,1.409848706023876,False,0.5281064400181624,False,2.395649964083656,False,1.9523630340956977,False,0,NORMAL,0,24.570349170863935,10.023466451288797,38.067802794773044,32.3263031596813,33.9305149545556,NORMAL,Vibration,0,Telemetry remains within the expected prototype operating envelope.
60.4,steady,117.90637370973116,740.6165823577959,0.2077561687599492,495.68719999400935,0,normal,1.5454387884434224,False,1.4178478214456722,False,0.8083760927214253,False,0.4564673133655361,False,0,NORMAL,0,26.588365715415907,24.690926790358446,14.928254306895795,8.725018640791637,23.839037192198244,NORMAL,Pressure,0,Telemetry remains within the expected prototype operating envelope.
60.5,steady,119.5721264070387,741.5213453741884,0.2088603185074639,486.8019021526662,0,normal,0.5948199823007233,False,1.2179199712987057,False,0.9178220743241476,False,1.9746177063303645,False,0,NORMAL,0,11.216023443909185,21.61863625789713,16.770173836888024,32.62684500590633,28.402721126491674,NORMAL,Thrust,0,Telemetry remains within the expected prototype operating envelope.
60.6,steady,120.76504130025596,748.1012124419756,0.1978806891598834,490.5995459639824,0,normal,0.0859577426598953,False,0.2360504643637746,False,0.170505223929406,False,1.32574869288392,False,0,NORMAL,0,1.7044617059574385,4.611302831708331,3.3526157439013438,23.290892175061483,18.023016253744967,NORMAL,Thrust,0,Telemetry remains within the expected prototype operating envelope.
60.7,steady,120.0486914138001,746.3604672920486,0.2101224419547608,495.739886612403,0,normal,0.3228518453082529,False,0.1486065443480803,False,1.0429267894265557,False,0.4474652279153318,False,0,NORMAL,0,6.2529856953380865,2.928397419862605,18.82682559597776,8.560537581634875,15.43720193800671,NORMAL,Vibration,0,Telemetry remains within the expected prototype operating envelope.
60.8,steady,121.82390242756335,740.3224298808523,0.2114649714210323,491.83718825784666,0,normal,0.6902330965817928,False,1.4828474636339983,False,1.176001542735512,False,1.114283959981292,False,0,NORMAL,0,12.894191733310056,25.66360329199554,20.95874926103537,19.9770559650132,23.637032161790593,NORMAL,Temperature,0,Telemetry remains within the expected prototype operating envelope.
60.9,steady,122.30623038906278,744.8785342199686,0.2150147352242412,489.4867230713592,0,normal,0.9654900609985042,False,0.4760731712930827,False,1.527862678215093,False,1.5158866648352052,False,0,NORMAL,0,17.55988311927721,9.082222717242782,26.329853422312855,26.153186998606117,24.037855022029262,NORMAL,Vibration,0,Telemetry remains within the expected prototype operating envelope.
61.0,steady,118.52688365296368,748.1953648284328,0.2135376506373732,495.6821569283963,0,normal,1.1913235452930957,False,0.2568555634555369,False,1.3814504973638104,False,0.4573289763259579,False,0,NORMAL,0,21.200592568599617,5.0073924512001655,24.14071685430078,8.740746939633537,20.861792726497242,NORMAL,Vibration,0,Telemetry remains within the expected prototype operating envelope.
61.1,steady,119.38517275528424,739.9724462656479,0.2069022418695237,498.0982456195324,0,normal,0.7015114842998473,False,1.5601842584705714,False,0.7237328032129634,False,0.0445137774004843,False,0,NORMAL,0,13.090452914749417,26.804544603403624,13.47584484119595,0.8863243295241019,22.17045607748875,NORMAL,Temperature,0,Telemetry remains within the expected prototype operating envelope.
61.2,steady,121.22117919572337,743.152032855907,0.2140853047004205,498.202447450001,0,normal,0.346268449241098,False,0.8575826933875392,False,1.4357352867629345,False,0.0267097540916135,False,0,NORMAL,0,6.691006539437517,15.761366405113176,24.959863131602532,0.5327707971864437,20.419099136958867,NORMAL,Vibration,0,Telemetry remains within the expected prototype operating envelope.
61.3,steady,120.3733553988934,748.357349755432,0.2124273848335666,494.2300879645487,0,normal,0.1375712268792508,False,0.2926497964473745,False,1.2713982775348756,False,0.705430852868567,False,0,NORMAL,0,2.7139176313341506,5.685001612698903,22.452509410816614,13.158552330025142,18.445004453207346,NORMAL,Vibration,0,Telemetry remains within the expected prototype operating envelope.
61.4,steady,121.08473979989093,749.0043459476282,0.1968339788946275,496.5563481487081,0,normal,0.2684046368116116,False,0.4356182372605436,False,0.2742576657448716,False,0.3079638376057327,False,0,NORMAL,0,5.2265545604054715,8.343624214702094,5.337431994513575,5.973428442622475,7.600446670627678,NORMAL,Temperature,0,Telemetry remains within the expected prototype operating envelope.
61.5,steady,121.58093467935473,743.7128133814135,0.1972723306039221,500.98976129102624,0,normal,0.5515752327184495,False,0.7336655539405336,False,0.2308071888335952,False,0.4495333250519342,False,0,NORMAL,0,10.444804969847866,13.64755879855294,4.511220520622949,8.598350899014417,12.12608254801275,NORMAL,Temperature,0,Telemetry remains within the expected prototype operating envelope.
61.6,steady,121.36108986271816,748.7073143538785,0.2060293194998135,501.7995701928375,0,normal,0.4261132614033108,False,0.3699823891012276,False,0.6372066360595049,False,0.5878980399397968,False,0,NORMAL,0,8.169220168798896,7.132503520431377,11.965493338149379,11.093026812334639,11.134092005772096,NORMAL,Vibration,0,Telemetry remains within the expected prototype operating envelope.
61.7,steady,119.45318118877978,739.1068105011759,0.1978293254851089,492.75779663834845,0,normal,0.6627001433597072,False,1.751466057423035,False,0.1755965150491776,False,0.9569879413692438,False,0,NORMAL,0,12.413212642328075,29.55185026331526,3.45097765033483,17.41958071911047,24.706819532725177,NORMAL,Temperature,0,Telemetry remains within the expected prototype operating envelope.
61.8,steady,120.77698049280043,748.5153982175582,0.1878755420880731,489.4524729075309,0,normal,0.092771251640719,False,0.3275741785003848,False,1.162239492599621,False,1.521738680221023,False,0,NORMAL,0,1.838317988733451,6.3414848239851,20.74089565625149,26.23956697622528,21.882241761001023,NORMAL,Thrust,0,Telemetry remains within the expected prototype operating envelope.
61.9,steady,119.71026748861108,747.9980904819221,0.1902257368488706,497.241551957104,0,normal,0.5159850446440939,False,0.2132633351344634,False,0.9292825289884564,False,0.1908892668314144,False,0,NORMAL,0,9.805073608142756,4.17558379338856,16.960725702253853,3.745826562082355,14.059602552228414,NORMAL,Vibration,0,Telemetry remains within the expected prototype operating envelope.
62.0,steady,120.37342997510912,745.348918763326,0.1894622139832653,493.46551920773015,0,normal,0.1375286674085248,False,0.3721310684529755,False,1.0049647538772355,False,0.8360657937944488,False,0,NORMAL,0,2.713089538974911,7.172403441030617,18.208180277742425,15.398074429886266,15.64084510320057,NORMAL,Vibration,0,Telemetry remains within the expected prototype operating envelope.
62.1,steady,118.97655149344844,741.7785340916213,0.2047435367403394,506.4999128058017,0,normal,0.9347051970993168,False,1.1610883077284688,False,0.509756752965972,False,1.3910030244162936,False,0,NORMAL,0,17.050735768896143,20.722645179000466,9.692651541045993,24.285508068946516,22.063840043630535,NORMAL,Thrust,0,Telemetry remains within the expected prototype operating envelope.
62.2,steady,119.73440294700212,745.216534615141,0.2033178892661675,498.2901377886243,0,normal,0.5022113190013344,False,0.4013843399291846,False,0.3684431425780753,False,0.0117268998961414,False,0,NORMAL,0,9.556267032034494,7.713919959899784,7.103909925183983,0.2342631724591815,8.364805078660448,NORMAL,Pressure,0,Telemetry remains within the expected prototype operating envelope.
62.3,steady,118.31333882772655,747.0758976115922,0.191609980090868,501.9184575974554,0,normal,1.3131902108269322,False,0.0094839645750276,False,0.7920730057889549,False,0.6082112543375667,False,0,NORMAL,0,23.097980017246257,0.18949951401727727,14.650415176396447,11.453491378705394,19.33543329376704,NORMAL,Pressure,0,Telemetry remains within the expected prototype operating envelope.
62.4,steady,121.02176578546512,745.2127827405543,0.2079888184930787,490.2021450211171,0,normal,0.2324663594741447,False,0.402213401469658,False,0.8314368944553234,False,1.393648993847199,False,0,NORMAL,0,4.542901699766821,7.7292208592624645,15.319715404406686,24.325565115264915,20.354390094308524,NORMAL,Thrust,0,Telemetry remains within the expected prototype operating envelope.
62.5,steady,119.16408725818168,744.1426341952192,0.2028414951345118,494.4320168459456,0,normal,0.8276814923993764,False,0.638686924514205,False,0.3212218091618471,False,0.6709290932069794,False,0,NORMAL,0,15.256089810455409,11.991552773176295,6.222418508660055,12.557243543601304,13.943847532436658,NORMAL,Pressure,0,Telemetry remains within the expected prototype operating envelope.
62.6,steady,121.29513138852076,746.5190961205776,0.199030024322134,492.8166983713143,0,normal,0.3884717999199369,False,0.1135539172130901,False,0.0565803552182731,False,0.9469239355649186,False,0,NORMAL,0,7.475282410676409,2.245483485941191,1.125228514037746,17.253195361170405,13.673256089795517,NORMAL,Thrust,0,Telemetry remains within the expected prototype operating envelope.
62.7,steady,121.09800742849949,748.3970670242363,0.176532906090596,504.9765753239085,0,normal,0.2759762633133127,False,0.3014262252158949,False,2.2865488840571806,False,1.130724141474012,False,0,NORMAL,0,5.3699637751287055,5.850406177122991,36.70157741466634,20.239742212096445,29.820173157696885,NORMAL,Vibration,0,Telemetry remains within the expected prototype operating envelope.
62.8,steady,119.34073250715755,750.4126158046626,0.1987182289663239,506.7493838038554,0,normal,0.7268728333687483,False,0.7468073109102075,False,0.0874862616432105,False,1.4336278750956073,False,0,NORMAL,0,13.530165473848687,13.874225347595637,1.734506432581473,24.92822837333413,20.934221935061178,NORMAL,Thrust,0,Telemetry remains within the expected prototype operating envelope.
62.9,steady,121.19952902205972,748.8857998066442,0.1980578953156499,499.4038242775731,0,normal,0.3339130364153032,False,0.4094227864289556,False,0.1529401230836522,False,0.1785586269401403,False,0,NORMAL,0,6.460147193746224,7.862168102907363,3.0124944570387835,3.50815851248385,6.934168990180206,NORMAL,Temperature,0,Telemetry remains within the expected prototype operating envelope.
63.0,steady,120.68735483262908,742.8491501568334,0.2012145795127162,492.28688664038935,0,normal,0.0416233002013762,False,0.9245114755938948,False,0.1599580153575983,False,1.0374480690113577,False,0,NORMAL,0,0.8290106007885933,16.881450923544705,3.1485285406155916,18.737831822126683,15.644312599501456,NORMAL,Thrust,0,Telemetry remains within the expected prototype operating envelope.
63.1,steady,119.373959243435,742.9505693340693,0.2127481706394096,493.581816802981,0,normal,0.7079108587472248,False,0.9021006147374248,False,1.303195339014745,False,0.8161950766746003,False,0,NORMAL,0,13.201615109694153,16.508063106824377,22.94410110211832,15.061185264192412,20.83872511737447,NORMAL,Vibration,0,Telemetry remains within the expected prototype operating envelope.
63.2,steady,120.52679383927466,744.0368455488936,0.1843962528743908,492.48575134940666,0,normal,0.0500063276913935,False,0.6620633183838149,False,1.507115017072953,False,1.003469856740669,False,0,NORMAL,0,0.995141919600151,12.402056441138898,26.023521647580495,18.183722550326475,21.95567779480885,NORMAL,Vibration,0,Telemetry remains within the expected prototype operating envelope.
63.3,steady,120.10033046492234,745.3962856640246,0.1994066967548889,495.5344350442554,0,normal,0.2933822528486349,False,0.3616642805170976,False,0.0192436767121766,False,0.4825688771669271,False,0,NORMAL,0,5.698816925623495,6.977878553436323,0.3841338453166476,9.200261054395508,7.928015093499628,NORMAL,Thrust,0,Telemetry remains within the expected prototype operating envelope.
63.4,steady,118.54185186235814,745.8740896367642,0.2094193797640194,489.8212674393707,0,normal,1.1827814241441028,False,0.2560826869608186,False,0.973237572210637,False,1.45872609770176,False,0,NORMAL,0,21.06585468969332,4.992707805578367,17.687525348750764,25.30411777562145,22.489569545872783,NORMAL,Thrust,0,Telemetry remains within the expected prototype operating envelope.
63.5,steady,121.37839906932666,743.5618349883047,0.2026719402554556,490.07548797429087,0,normal,0.4359913527598776,False,0.7670276443509606,False,0.3044151212867586,False,1.415289736661275,False,0,NORMAL,0,8.350463642392924,14.221820401341922,5.90667002897709,24.65238753366955,20.673044287443588,NORMAL,Thrust,0,Telemetry remains within the expected prototype operating envelope.
63.6,steady,121.36012803621912,747.5055929459606,0.2038018967085745,490.7959970596687,0,normal,0.4255643621821309,False,0.1044348664819254,False,0.4164191256876946,False,1.2921828728697804,False,0,NORMAL,0,8.159138446718151,2.0670351283843647,7.991003450409639,22.774198971077773,18.38997473090217,NORMAL,Thrust,0,Telemetry remains within the expected prototype operating envelope.
63.7,steady,119.77697729034276,743.7054863171734,0.2121366206431855,493.49359168995073,0,normal,0.4779148123805144,False,0.7352846344896717,False,1.242577030867193,False,0.8312693029310396,False,0,NORMAL,0,9.115704133633429,13.67551658330206,22.004215542325767,15.316877017243558,19.56256751420592,NORMAL,Vibration,0,Telemetry remains within the expected prototype operating envelope.
63.8,steady,121.11210976241384,747.5584846023261,0.1956655051823085,488.6297404990887,0,normal,0.2840242429750929,False,0.116122474127534,False,0.3900795936215794,False,1.6623115176750072,False,0,NORMAL,0,5.5221573785538824,2.295688197333312,7.505029759297377,28.28442974107144,22.200518525868837,NORMAL,Thrust,0,Telemetry remains within the expected prototype operating envelope.
63.9,steady,120.67874668856736,743.7145086362754,0.2002564473588447,490.39882895435056,0,normal,0.0367107680804389,False,0.7332909490397629,False,0.0649856492255289,False,1.3600433909895295,False,0,NORMAL,0,0.7315265851169483,13.64108894665863,1.2913031891285565,23.815235040352768,18.934328730339278,NORMAL,Thrust,0,Telemetry remains within the expected prototype operating envelope.
64.0,steady,120.1454183346048,745.5799393599314,0.221424178332429,498.0061617497348,0,normal,0.2676513163666836,False,0.3210818429849132,False,2.1631821120884287,False,0.0602473144878355,False,0,NORMAL,0,5.212274529871408,6.219793334003976,35.12036632680628,1.197715881931427,27.006376243777726,NORMAL,Vibration,0,Telemetry remains within the expected prototype operating envelope.
64.1,steady,119.19555979542628,745.5093179838868,0.1816241368131155,496.3221629001289,0,normal,0.8097206115134569,False,0.3366872331602315,False,1.7818938359114815,False,0.347976950672444,False,0,NORMAL,0,14.951127343586268,6.512032389476296,29.979264556522857,6.722884802498497,24.5759865072972,NORMAL,Vibration,0,Telemetry remains within the expected prototype operating envelope.
64.2,steady,121.1637053916792,747.0557988386747,0.2055986951179549,489.3847613598375,0,normal,0.3134690552654772,False,0.0050426861549648,False,0.594522110449943,False,1.5333079393020892,False,0,NORMAL,0,6.0768988179202506,0.1008028828248575,11.210734036870917,26.410040386978196,20.99889291243782,NORMAL,Thrust,0,Telemetry remains within the expected prototype operating envelope.
64.3,steady,121.19428980215272,746.5985343829228,0.2010429022277119,496.906828394153,0,normal,0.3309230962031943,False,0.0960002366112762,False,0.1429409494944946,False,0.2480804513817078,False,0,NORMAL,0,6.404194752500125,1.901690042969717,2.8183414039570143,4.840531916554724,5.5596429242734695,NORMAL,Pressure,0,Telemetry remains within the expected prototype operating envelope.
64.4,steady,121.09598876749888,743.2498109572956,0.1990345920878572,485.7160158001221,0,normal,0.2748242453015732,False,0.835976410584315,False,0.0561275872812871,False,2.160153275566922,False,0,NORMAL,0,5.34815816194274,15.396562018029702,1.1162746433801884,35.081052459686546,27.785113236062184,NORMAL,Thrust,0,Telemetry remains within the expected prototype operating envelope.
64.5,steady,121.53984331978724,747.3843608789286,0.1890557493366032,487.29633364229113,0,normal,0.5281250415598431,False,0.0776458995464498,False,1.0452545083610525,False,1.890138674375388,False,0,NORMAL,0,10.023801191113947,1.5409223936977634,18.864606467976973,31.47885038529199,25.878218538771854,NORMAL,Thrust,0,Telemetry remains within the expected prototype operating envelope.
64.6,steady,121.17688422130612,749.2956541349763,0.2006416793007809,498.2660001412469,0,normal,0.3209900055881475,False,0.4999893693376934,False,0.1031707668917062,False,0.015851081156646,False,0,NORMAL,0,6.218070812175158,9.516065815778862,2.042272594132688,0.31651964019018264,7.768574055705488,NORMAL,Temperature,0,Telemetry remains within the expected prototype operating envelope.
64.7,steady,121.47561881552711,744.0587027652421,0.2064866413686086,495.1018055525989,0,normal,0.4914731293861151,False,0.6572334721195656,False,0.682537480857803,False,0.5564883612961464,False,0,NORMAL,0,9.361817912798465,12.31739863921415,12.76002194233138,10.532760986445577,12.229064217084485,NORMAL,Vibration,0,Telemetry remains within the expected prototype operating envelope.
64.8,steady,120.60397113531856,744.0758902041406,0.194879122521353,493.1156133930239,0,normal,0.0059624614289166,False,0.6534355187922769,False,0.4680277364684708,False,0.8958510322391562,False,0,NORMAL,0,0.11917815494014716,12.250770451826432,8.935810343406692,16.40363991077065,13.961938342333516,NORMAL,Thrust,0,Telemetry remains within the expected prototype operating envelope.
64.9,steady,122.05568798126166,740.9992902336829,0.206716263959417,489.9429935062133,0,normal,0.8225094583094088,False,1.3332798611354848,False,0.7052982249559243,False,1.437927866791438,False,0,NORMAL,0,15.168384778450717,23.406347041722174,13.1562487794867,24.992762218773954,22.958622938816006,NORMAL,Thrust,0,Telemetry remains within the expected prototype operating envelope.
65.0,steady,118.25369835382244,748.99901468145,0.2021341640119355,495.9920709342338,0,normal,1.3472260891371706,False,0.4344401734291935,False,0.2511094451434987,False,0.4043767761691625,False,0,NORMAL,0,23.619687882934425,8.322026258179804,4.898161945732371,7.769135477431588,19.25608563578172,NORMAL,Pressure,0,Telemetry remains within the expected prototype operating envelope.
65.1,steady,120.16205711563887,746.4205678386149,0.1902484100453458,493.2949961626352,0,normal,0.2581558263171412,False,0.1353259693798704,False,0.9270351071601356,False,0.8652015225615723,False,0,NORMAL,0,5.032092311374415,2.6702213599255953,16.923392456994446,15.889628611354711,14.54529688676569,NORMAL,Vibration,0,Telemetry remains within the expected prototype operating envelope.
65.2,steady,120.22797094978507,749.3274506798324,0.2035311148223935,488.69754871057,0,normal,0.2205398402073007,False,0.5070155350186548,False,0.3895785731267563,False,1.6507257425277102,False,0,NORMAL,0,4.31493573940569,9.64312754180484,7.495760919765548,28.11806097007721,22.61427958301735,NORMAL,Thrust,0,Telemetry remains within the expected prototype operating envelope.
65.3,steady,120.20058580726268,745.2151118005875,0.1973598729500661,483.2170968746788,0,normal,0.2361681093571941,False,0.4016987429824556,False,0.2221297806947977,False,2.5871209266676805,False,0,NORMAL,0,4.613547205834423,7.719722782523164,4.345357613795697,40.39461033195727,31.2504050350069,NORMAL,Thrust,0,Telemetry remains within the expected prototype operating envelope.
65.4,steady,120.82095874337315,743.0005575635372,0.2145918536093872,499.0375317050052,0,normal,0.1178689459883007,False,0.8910545849273027,False,1.4859456343144664,False,0.115973531548451,False,0,NORMAL,0,2.3298098039915893,16.323408326940726,25.7096503932988,2.292777687546166,20.793641799174733,NORMAL,Vibration,0,Telemetry remains within the expected prototype operating envelope.
65.5,steady,122.55021546304506,741.2814155965349,0.1987997573109654,492.2337429269024,0,normal,1.1047284966441882,False,1.2709378818050046,False,0.0794049758141649,False,1.0465282541615344,False,0,NORMAL,0,19.82397847740055,22.445368575354752,1.5755557064283665,18.885273008829618,20.078379953681754,NORMAL,Temperature,0,Telemetry remains within the expected prototype operating envelope.
65.6,steady,121.0281677952045,749.0339747660255,0.2161097202209953,498.61781366704497,0,normal,0.2361198855138718,False,0.4421653947562062,False,1.636400227655065,False,0.0442601106095465,False,0,NORMAL,0,4.612627221126986,8.463563417029507,27.911816498007667,0.8812958323598297,21.806244733450832,NORMAL,Vibration,0,Telemetry remains within the expected prototype operating envelope.
65.7,steady,121.77928449229692,742.6139095161872,0.187841107144166,490.6074179829871,0,normal,0.6647703442632262,False,0.9764932152312183,False,1.1656527671539396,False,1.3244036722713506,False,0,NORMAL,0,12.449469585159378,17.741103910311818,20.794983809190303,23.27025433311438,21.62304883482974,NORMAL,Thrust,0,Telemetry remains within the expected prototype operating envelope.
65.8,steady,119.28917978190326,746.3758276830421,0.1927675919311769,495.7193050812026,0,normal,0.7562931610163368,False,0.1452123185750322,False,0.6773277328196677,False,0.4509818078024218,False,0,NORMAL,0,14.037465689018081,2.8624784609494136,12.669074908539834,8.62482580640237,12.466314123541352,NORMAL,Pressure,0,Telemetry remains within the expected prototype operating envelope.
65.9,steady,121.42422745231848,748.0601820335177,0.2014289475873036,492.7805479911738,0,normal,0.4621448885143425,False,0.2269838676914766,False,0.1812066950772753,False,0.953100623707072,False,0,NORMAL,0,8.828603931508772,4.4381757429341135,3.559248376532864,17.35535249030885,14.271849916063154,NORMAL,Thrust,0,Telemetry remains within the expected prototype operating envelope.
66.0,steady,121.6623379323264,739.9640407338995,0.2041974178092684,499.1996897390297,0,normal,0.5980307859834326,False,1.5620416508057478,False,0.4556241295447082,False,0.1436800066123662,False,0,NORMAL,0,11.273018725662908,26.831730089244378,8.709625025357681,2.832704901688732,21.784743947929794,NORMAL,Temperature,0,Telemetry remains within the expected prototype operating envelope.
66.1,steady,120.54528437414382,749.5638131999241,0.1996985076080031,490.4345365593816,0,normal,0.0394540709184217,False,0.5592451792913269,False,0.009681317685819,False,1.3539423558213546,False,0,NORMAL,0,0.7859763435016154,10.582076368741255,0.19343901882152847,23.722217115271192,18.50676564898064,NORMAL,Thrust,0,Telemetry remains within the expected prototype operating envelope.
66.2,steady,119.4544949495318,742.7290056496097,0.2017652885909924,497.3171226438994,0,normal,0.6619504008080865,False,0.95106012159401,False,0.2145456252222353,False,0.1779771878101311,False,0,NORMAL,0,12.400078149315497,17.321618291731333,4.2001555822514085,3.4969370335622973,14.533195932100664,NORMAL,Temperature,0,Telemetry remains within the expected prototype operating envelope.
66.3,steady,120.83128983509177,747.9812491128395,0.1892084837990073,488.6523951818226,0,normal,0.1237647371772161,False,0.2095418537595465,False,1.030115100685595,False,1.6584407171560946,False,0,NORMAL,0,2.4449105390206394,4.1042354885085235,18.618565805045307,28.22888891178379,23.020980357790812,NORMAL,Thrust,0,Telemetry remains within the expected prototype operating envelope.
66.4,steady,119.975755729465,747.8635671048927,0.1815462031001119,492.8912016543678,0,normal,0.3644750906314606,False,0.1835373526653409,False,1.7896188131972377,False,0.934194234156536,False,0,NORMAL,0,7.030157361443601,3.6041919748192486,30.087362747579725,17.042258535717714,24.611133215138345,NORMAL,Vibration,0,Telemetry remains within the expected prototype operating envelope.
66.5,steady,119.96762340447944,750.3390060915476,0.1873918287121792,498.77091862043534,0,normal,0.3691160803062425,False,0.7305415800764228,False,1.2101863271283972,False,0.0704197677538378,False,0,NORMAL,0,7.1164117406329,13.593589386522243,21.497307735570757,1.3985238652373666,17.788760391817778,NORMAL,Vibration,0,Telemetry remains within the expected prototype operating envelope.
66.6,steady,121.63728857101444,745.7208053317541,0.2015982245817309,491.69346817579896,0,normal,0.5837355103500811,False,0.289954320755185,False,0.1979858383588432,False,1.1388401091316822,False,0,NORMAL,0,11.018980413253354,5.634143148042736,3.8823445834976877,20.369103528981892,16.8190673152936,NORMAL,Thrust,0,Telemetry remains within the expected prototype operating envelope.
66.7,steady,120.95071884903685,744.5690949411991,0.2042340394843063,485.03986101988414,0,normal,0.1919209928079467,False,0.5444507780636353,False,0.4592541581540347,False,2.2756817208315203,False,0,NORMAL,0,3.76568609926895,10.317107628842715,8.775878306899665,36.56385294341843,28.965975348834583,NORMAL,Thrust,0,Telemetry remains within the expected prototype operating envelope.
66.8,steady,121.19089142391624,747.4759289036392,0.1970836218133474,494.7560038640054,0,normal,0.3289836953142098,False,0.0978799254636257,False,0.2495124585381791,False,0.6155723648715131,False,0,NORMAL,0,6.367883753216508,1.938561971692232,4.8677818220227875,11.583755593719847,9.695764660724896,NORMAL,Thrust,0,Telemetry remains within the expected prototype operating envelope.
66.9,steady,120.45329554963426,747.8041195810381,0.2103296075713328,502.4078123285311,0,normal,0.0919506429936701,False,0.1704010778337282,False,1.0634615441652953,False,0.6918228665251754,False,0,NORMAL,0,1.822206201608978,3.3506026333901096,19.159516201902893,12.921882969982478,15.71342873183927,NORMAL,Vibration,0,Telemetry remains within the expected prototype operating envelope.
67.0,steady,120.25757123499072,744.6169007035288,0.2118054492990171,488.8662615991241,0,normal,0.2036474240466325,False,0.533887013725288,False,1.2097505298216706,False,1.6218992988192265,False,0,NORMAL,0,3.991118656951942,10.127429539897381,21.490465185006656,27.702443911290263,23.54634105548897,NORMAL,Thrust,0,Telemetry remains within the expected prototype operating envelope.
67.1,steady,121.8145139769032,745.6154136084231,0.1933638278060795,508.2500210363994,0,normal,0.6848752557855503,False,0.313243005512527,False,0.6182273972516388,False,1.6900281719639865,False,0,NORMAL,0,12.800801894833514,6.072652463168526,11.630692729021098,28.680873051279033,23.821256745432812,NORMAL,Thrust,0,Telemetry remains within the expected prototype operating envelope.
67.2,steady,121.2734741501568,745.0151205990365,0.2103074927836964,497.875344614949,0,normal,0.3761123553810386,False,0.4458913218677062,False,1.061269473165643,False,0.0825988538653427,False,0,NORMAL,0,7.246288680641744,8.531749626340513,19.124066815687215,1.6384067648953615,15.627938220358613,NORMAL,Vibration,0,Telemetry remains within the expected prototype operating envelope.
67.3,steady,120.76149373827847,742.2593246962111,0.200713694869709,500.5846939079691,0,normal,0.0839332049615897,False,1.0548467503206784,False,0.1103091234866847,False,0.380323128866493,False,0,NORMAL,0,1.664653042517028,19.020111321514698,2.1820242485722785,7.324368771929446,15.00479863013123,NORMAL,Temperature,0,Telemetry remains within the expected prototype operating envelope.
67.4,steady,121.4691720457146,742.9338497531419,0.2109624093676164,490.4794622063528,0,normal,0.4877940594782269,False,0.9057951842651528,False,1.1261863819059337,False,1.346266317288784,False,0,NORMAL,0,9.29510052837198,16.569733672570408,20.16732278028429,23.60502494100337,21.43651962984732,NORMAL,Thrust,0,Telemetry remains within the expected prototype operating envelope.
67.5,steady,121.80422992888931,741.5892331382461,0.2016249740806955,499.7172444528602,0,normal,0.679006311697345,False,1.2029186345139062,False,0.2006373131050447,False,0.2321098945252543,False,0,NORMAL,0,12.698388357016288,21.3831180787854,3.93330177833221,4.536096035238257,17.622230873030574,NORMAL,Temperature,0,Telemetry remains within the expected prototype operating envelope.
67.6,steady,120.0152894203316,745.1904222391183,0.216267685439443,500.2040509407121,0,normal,0.3419138364460353,False,0.4071544599560298,False,1.652058120464451,False,0.315286111465489,False,0,NORMAL,0,6.609706234077861,7.820358883278433,28.137213200085732,6.111025327231589,22.548540148964666,NORMAL,Vibration,0,Telemetry remains within the expected prototype operating envelope.
67.7,steady,119.80476455373386,747.6899870274149,0.1960995893463713,504.0181227808101,0,normal,0.4620570591897071,False,0.1451809089450222,False,0.3470521260692938,False,0.9669620334473618,False,0,NORMAL,0,8.82700241301423,2.8618682483104396,6.705630212591663,17.584149463308762,14.577829055657892,NORMAL,Thrust,0,Telemetry remains within the expected prototype operating envelope.
67.8,steady,119.36040558656624,741.9493721836369,0.2035848854235488,493.0821957361508,0,normal,0.7156457170681905,False,1.1233377677074154,False,0.3949084445849138,False,0.901560804699208,False,0,NORMAL,0,13.33578594561926,20.12182732204729,7.5943155228231145,16.499048663095394,18.114898286519434,NORMAL,Temperature,0,Telemetry remains within the expected prototype operating envelope.
67.9,steady,120.94510883074176,747.5956047862917,0.2120225834366775,504.25193561096216,0,normal,0.1887194438008615,False,0.1243250182665455,False,1.2312733883734144,False,1.0069115147493812,False,0,NORMAL,0,3.7040465927615895,2.455841580922158,21.82768878526837,18.24001990178615,18.232912435739042,NORMAL,Vibration,0,Telemetry remains within the expected prototype operating envelope.
68.0,steady,121.6995994340839,745.2795811227286,0.2035243568956171,485.7927909290878,0,normal,0.6192953376621131,False,0.3874527882489179,False,0.3889087111525925,False,2.1470354044172457,False,0,NORMAL,0,11.649565344322554,7.456423735604433,7.483367075125802,34.910509163209205,28.073069171433907,NORMAL,Thrust,0,Telemetry remains within the expected prototype operating envelope.
68.1,steady,121.17395932337055,744.9455981598386,0.207152287741689,488.6966598769436,0,normal,0.3193208124431528,False,0.461253877093759,False,0.7485179521354177,False,1.650877609481782,False,0,NORMAL,0,6.186757555013611,8.812355532775374,13.903686367719425,28.12024423514711,23.267675075777976,NORMAL,Thrust,0,Telemetry remains within the expected prototype operating envelope.
68.2,steady,121.5217479753072,746.1439816020264,0.2163190810690603,489.12675052213126,0,normal,0.5177983137123348,False,0.1964439534922897,False,1.657152579025183,False,1.5773919150615014,False,0,NORMAL,0,9.837777211768762,3.8526995411493403,28.21039630880524,27.056016083806988,24.37048540095731,NORMAL,Vibration,0,Telemetry remains within the expected prototype operating envelope.
68.3,steady,119.91396366047842,751.0309027236799,0.1881225566183753,497.5286196227352,0,normal,0.3997388503384489,False,0.8834317885397223,False,1.1377548175816627,False,0.1418406139705348,False,0,NORMAL,0,7.68354380499412,16.19574110940204,20.351817105156698,2.79695256430722,17.34363589443961,NORMAL,Vibration,0,Telemetry remains within the expected prototype operating envelope.
68.4,steady,121.6575528662746,745.8243443578473,0.1884682992654306,501.0194020646227,0,normal,0.595300024217401,False,0.267075031352257,False,1.1034839739084512,False,0.4545977756631267,False,0,NORMAL,0,11.224547040789501,5.201348951110763,19.804019817273797,8.690883855775022,16.803182851911014,NORMAL,Vibration,0,Telemetry remains within the expected prototype operating envelope.
68.5,steady,119.6225120888977,746.6819118971247,0.1840084526244387,497.0026119378565,0,normal,0.5660656679220605,False,0.0775760892235543,False,1.5455547116137716,False,0.2317147845116129,False,0,NORMAL,0,10.703968000093877,1.5395476921010176,26.59006771756305,4.528551988289776,21.077730863745156,NORMAL,Vibration,0,Telemetry remains within the expected prototype operating envelope.
68.6,steady,121.24046418729976,743.3426912456905,0.2103740021188351,492.8836454041992,0,normal,0.3572740899334171,False,0.8154524103285776,False,1.0678620386092212,False,0.9354853022071096,False,0,NORMAL,0,6.896165716863734,15.048568087345283,19.230632522574652,17.06367658829282,17.595827394742717,NORMAL,Vibration,0,Telemetry remains within the expected prototype operating envelope.
68.7,steady,119.8632633406186,746.2296058148008,0.1862539126253949,478.5997656387798,0,normal,0.4286727236643591,False,0.1775233472447341,False,1.322979309583867,False,3.376042508745927,False,0,NORMAL,0,8.21621562253979,3.48817723508128,23.248393022069045,49.09497283302524,39.265911228829,NORMAL,Thrust,1,Telemetry remains within the expected prototype operating envelope.
68.8,steady,121.65744327931031,742.8486694919839,0.2162587875443522,485.8813815433901,0,normal,0.5952374846643652,False,0.9246176893628788,False,1.6511761396782387,False,2.1318987282677733,False,0,NORMAL,0,11.223436638415397,16.883216571664995,28.12453576255273,34.713162888557434,30.521186665416508,NORMAL,Thrust,0,Telemetry remains within the expected prototype operating envelope.
68.9,steady,121.3808143969645,747.806577144597,0.2100172404708514,498.9678093578421,0,normal,0.4373697421686012,False,0.1709441320811131,False,1.0324989650318648,False,0.1040607053681501,False,0,NORMAL,0,8.375725910154653,3.361099236506726,18.657357016896935,2.059706312729659,14.966997302658205,NORMAL,Vibration,0,Telemetry remains within the expected prototype operating envelope.
69.0,steady,120.092238711347,744.5024224360723,0.2074916639031736,490.9935081848273,0,normal,0.2980000890591521,False,0.5591835759039613,False,0.7821577344293068,False,1.2584359352174208,False,0,NORMAL,0,5.785870203236964,10.580974672557064,14.48099438781596,22.25120916751817,19.109452696610525,NORMAL,Thrust,0,Telemetry remains within the expected prototype operating envelope.
69.1,steady,120.98223396863422,745.1565616371827,0.1980212647651275,493.6582307457849,0,normal,0.2099061747713457,False,0.41463672572842,False,0.1565710314523747,False,0.8031389181341418,False,0,NORMAL,0,4.111222602341003,7.958198237215397,3.082899439648279,14.839100506717207,12.26966464813435,NORMAL,Thrust,0,Telemetry remains within the expected prototype operating envelope.
69.2,steady,120.36875924362988,747.857675443826,0.2055739748479195,496.6732317347176,0,normal,0.1401941802363186,False,0.1822354569097471,False,0.592071777761286,False,0.287992997550621,False,0,NORMAL,0,2.7649396186037567,3.579089248182743,11.167210724924326,5.597119498030622,9.280668391553188,NORMAL,Vibration,0,Telemetry remains within the expected prototype operating envelope.
69.3,steady,119.40412097548808,742.3716617939837,0.2048817333914704,484.22756164301154,0,normal,0.6906980337211286,False,1.03002332800733,False,0.5234551377831447,False,2.4144719606438763,False,0,NORMAL,0,12.902291101797502,18.617072072901543,9.939725896746076,38.30050205406739,31.87429055862615,NORMAL,Thrust,0,Telemetry remains within the expected prototype operating envelope.
69.4,steady,121.99127508854448,748.8863622226328,0.2050515895383413,493.6811250009924,0,normal,0.7857500358129187,False,0.4095470649609623,False,0.5402916880494341,False,0.7992271840358068,False,0,NORMAL,0,14.54241432971688,7.864458225344029,10.24247674907015,14.772449078971995,13.751499259853313,NORMAL,Thrust,0,Telemetry remains within the expected prototype operating envelope.
69.5,steady,118.66782082498732,742.55324555109,0.1977368907147183,493.017367817042,0,normal,1.1108929228923048,False,0.9898982902658212,False,0.18475887205953,False,0.9126373642729604,False,0,NORMAL,0,19.92276540272464,17.961345877249723,3.627738968195482,16.683824571781713,18.04191905851678,NORMAL,Pressure,0,Telemetry remains within the expected prototype operating envelope.
69.6,steady,122.0417972398072,743.4378427293096,0.1929204328541114,498.5945388274423,0,normal,0.8145822311290357,False,0.7944265381238115,False,0.6621777725200941,False,0.0402833495014871,False,0,NORMAL,0,15.033782206941703,14.69058032418723,12.404061607582829,0.8024301919731025,13.528408188447033,NORMAL,Pressure,0,Telemetry remains within the expected prototype operating envelope.
69.7,steady,121.23450606908236,749.9047863306073,0.1912556531942178,497.684924557884,0,normal,0.3538738857879616,False,0.634590903796274,False,0.8271947409516125,False,0.1151342049164275,False,0,NORMAL,0,6.832829775133941,11.919426349438556,15.24783956468523,2.2763746560689913,13.085286872261486,NORMAL,Vibration,0,Telemetry remains within the expected prototype operating envelope.
69.8,steady,120.05082464519448,746.3764114493972,0.2139423727979912,496.0391129202051,0,normal,0.3216344437788236,False,0.1450833221966926,False,1.4215675324352883,False,0.3963391379533809,False,0,NORMAL,0,6.230157364607614,2.8599723509257546,24.746931553069473,7.620752580308487,19.713064221274898,NORMAL,Vibration,0,Telemetry remains within the expected prototype operating envelope.
69.9,steady,119.99935315086,741.7918003492708,0.207224195013097,495.6960435452043,0,normal,0.3510084142209613,False,1.158156828077648,False,0.7556455740194377,False,0.4549562958440571,False,0,NORMAL,0,6.7794208969821135,20.67615156033685,14.026331324098596,8.69743085321727,17.8301902947495,NORMAL,Temperature,0,Telemetry remains within the expected prototype operating envelope.
70.0,steady,120.28103183762602,749.502259332875,0.2011605030254803,490.858580844941,1,vibration,0.1902588279455414,False,0.5456434602948815,False,0.1545978237346029,False,1.2814897481258607,False,0,NORMAL,0,3.73368932214706,10.338497716019168,3.0446443774644227,22.608865215876428,18.17176084557655,NORMAL,Thrust,0,Telemetry remains within the expected prototype operating envelope.
70.1,steady,119.99337315177009,745.1540050979238,0.1970108171810204,488.17645090962,1,vibration,0.3544211054354371,False,0.4152016508951022,False,0.2567290289972042,False,1.7397610056569208,False,0,NORMAL,0,6.843025798386693,7.96859699579281,5.00498845315307,29.386737225156544,23.406672187694554,NORMAL,Thrust,0,Telemetry remains within the expected prototype operating envelope.
70.2,steady,120.55076718059767,746.1861148742422,0.2016244518899863,486.3680393784181,1,vibration,0.0363251197038145,False,0.1871336541308676,False,0.2005855523045908,False,2.0487479102896264,False,0,NORMAL,0,0.7238697447114473,3.6735007234501516,3.9323072753452037,33.61835391235769,25.522382812920643,NORMAL,Thrust,0,Telemetry remains within the expected prototype operating envelope.
70.3,steady,119.54895644681162,746.2054964955541,0.1955416479978405,497.6613304213288,1,vibration,0.6080427133610072,False,0.1828508465767876,False,0.4023566159758045,False,0.1191655214037966,False,0,NORMAL,0,11.450506585392883,3.5909558043448198,7.7318637242259065,2.355133873880033,9.641569529441693,NORMAL,Pressure,0,Telemetry remains within the expected prototype operating envelope.
70.4,steady,120.89715290811272,742.1605399694773,0.2040371579622899,488.4046099381845,1,vibration,0.161351754713052,False,1.0766754697592706,False,0.439738787630224,False,1.7007775382415713,False,0,NORMAL,0,3.175521919748636,19.37287817038087,8.41912804132191,28.834035436063033,23.974759845598484,NORMAL,Thrust,0,Telemetry remains within the expected prototype operating envelope.
70.5,steady,119.4615421874644,747.7572224060481,0.2002729103045159,493.7812309796993,1,vibration,0.6579286532095885,False,0.1600380864162567,False,0.0666174960407936,False,0.7821229818328311,False,0,NORMAL,0,12.329588849032191,3.1500795281671157,1.3235134271311622,14.480399984251646,12.149573396264504,NORMAL,Thrust,0,Telemetry remains within the expected prototype operating envelope.
70.6,steady,120.11537644437036,745.8629212606269,0.1923797125540641,480.7576180930429,1,vibration,0.2847957495560143,False,0.2585505922468601,False,0.7157752706351826,False,3.007349797494684,False,0,NORMAL,0,5.5367343093718935,5.039590034260389,13.33803144814012,45.199450214314005,35.427100664836665,NORMAL,Thrust,1,Telemetry remains within the expected prototype operating envelope.
70.7,steady,119.76560551812544,744.6867506628456,0.2020363357854552,493.9591125206235,1,vibration,0.4844045035251994,False,0.5184520855219427,False,0.2414124757788903,False,0.7517299735085939,False,0,NORMAL,0,9.233589814932596,9.849565544974082,4.713543057202174,13.95897724617734,12.376956830552812,NORMAL,Thrust,0,Telemetry remains within the expected prototype operating envelope.
70.8,steady,120.41804014254824,748.7961740271592,0.2077377470077916,494.53905298259895,1,vibration,0.1120703480665569,False,0.38961794351923,False,0.8065500842907126,False,0.6526407976626701,False,0,NORMAL,0,2.2164740654790016,7.496489302537491,14.897180288128931,12.236822109985868,12.907276691820293,NORMAL,Vibration,0,Telemetry remains within the expected prototype operating envelope.
70.9,steady,120.49193742884366,740.1600124052687,0.2153325739747391,494.9460280123568,1,vibration,0.0698983316628712,False,1.5187372780178647,False,1.559367620473084,False,0.5831046591576757,False,0,NORMAL,0,1.3882404553767325,26.195276739036988,26.79258878904892,11.007752948520755,23.136270369430346,NORMAL,Vibration,0,Telemetry remains within the expected prototype operating envelope.
71.0,steady,120.9495104211611,749.0066942508295,0.1959799707767462,496.8728823818948,1,vibration,0.1912313620683931,False,0.4361371479609405,False,0.358909006714335,False,0.2538804991425881,False,0,NORMAL,0,3.7524119556510915,8.353136015946927,6.926604144370396,4.950853808916067,7.528051428792894,NORMAL,Temperature,0,Telemetry remains within the expected prototype operating envelope.
71.1,steady,119.39136257730858,747.6689314506915,0.1981749475337923,497.972662378325,1,vibration,0.6979790504442551,False,0.1405282030854343,False,0.1413376253769719,False,0.0659710487709126,False,0,NORMAL,0,13.029030775039985,2.7714351480163213,2.7871736676241765,1.3107547732999492,10.209979510624278,NORMAL,Pressure,0,Telemetry remains within the expected prototype operating envelope.
71.2,steady,120.12993326947408,744.9067855331176,0.2228494530181896,499.8632160696889,1,vibration,0.2764883989368629,False,0.4698304047350219,False,2.3044587707913777,False,0.2570507430378495,False,0,NORMAL,0,5.379655961270579,8.968636130633257,36.927905337718194,5.011100502318944,28.92827703856166,NORMAL,Vibration,0,Telemetry remains within the expected prototype operating envelope.
71.3,steady,119.74068476485868,749.1982741986911,0.1833572128489856,491.8402613212935,1,vibration,0.4986263845744763,False,0.4784710701187789,False,1.6101071662456146,False,1.1137588934542353,False,0,NORMAL,0,9.491396808861763,9.125814589793535,27.531734214049308,19.968652049897617,23.680917034609745,NORMAL,Vibration,0,Telemetry remains within the expected prototype operating envelope.
71.4,steady,120.06998120535384,742.642422879773,0.2009189837686243,488.8561541983971,1,vibration,0.3107020968716711,False,0.9701925427027333,False,0.1306578534524345,False,1.623626258867102,False,0,NORMAL,0,6.024908171013765,17.63738129845298,2.5793095898843266,27.727410597579937,22.745105233408424,NORMAL,Thrust,0,Telemetry remains within the expected prototype operating envelope.
71.5,steady,121.20238005633352,744.6046102696346,0.2121793516661951,498.3351310032955,1,vibration,0.3355400767328818,False,0.5366028630486229,False,1.246812632757878,False,0.0040393166824425,False,0,NORMAL,0,6.490580864160023,10.176232356521941,22.070259383257394,0.08075371027599365,17.74222840161115,NORMAL,Vibration,0,Telemetry remains within the expected prototype operating envelope.
71.6,steady,119.89343236357576,746.98028417056,0.2043601773615221,501.2662570128318,1,vibration,0.4114557378342434,False,0.0116439875675411,False,0.4717572482649919,False,0.4967756455917155,False,0,NORMAL,0,7.8996228349934245,0.23260879683142388,9.00371001091047,9.457889047792156,8.474588066486056,NORMAL,Thrust,0,Telemetry remains within the expected prototype operating envelope.
71.7,steady,119.77921385508392,748.6471307532898,0.2011568191473277,496.5678768212837,1,vibration,0.4766384401389769,False,0.3566834614684822,False,0.1542326688618832,False,0.3059940377055467,False,0,NORMAL,0,9.092500733654774,6.885167112323187,3.03756337479294,5.936378438738565,8.093391322082681,NORMAL,Pressure,0,Telemetry remains within the expected prototype operating envelope.
71.8,steady,120.36680052463568,747.3962597778204,0.1997220039580076,496.4291189484717,1,vibration,0.1413119902899046,False,0.0802752303562305,False,0.012010332473997,False,0.3297023390926217,False,0,NORMAL,0,2.786675254493065,1.5926850796329939,0.23991838416468347,6.381340413698866,5.110425442953353,NORMAL,Thrust,0,Telemetry remains within the expected prototype operating envelope.
71.9,steady,121.21155972397708,746.8492173463619,0.2037514426097368,489.6970691218062,1,vibration,0.3407787683527146,False,0.0406061665168978,False,0.4114179939249048,False,1.4799467397086914,False,0,NORMAL,0,6.588502958916898,0.8088345179126155,7.8989275867121345,25.620464907060526,20.233516062017035,NORMAL,Thrust,0,Telemetry remains within the expected prototype operating envelope.
72.0,steady,120.08347634326626,744.4815684600372,0.1994184252175653,490.2897166893032,1,vibration,0.3030006343966191,False,0.5637917335321581,False,0.0180811232512894,False,1.3786864157948646,False,0,NORMAL,0,5.88004750709511,10.663348100486058,0.36096939843873743,24.09876901136784,19.251974083910525,NORMAL,Thrust,0,Telemetry remains within the expected prototype operating envelope.
72.1,steady,119.34170569101704,745.1145503112772,0.1982799877358519,489.8479339503443,1,vibration,0.7263174526809925,False,0.4239200782947064,False,0.1309257876275751,False,1.4541698324153804,False,0,NORMAL,0,13.520560205166632,8.128930990255135,2.584529916478029,25.23601990209311,20.7320415250849,NORMAL,Thrust,0,Telemetry remains within the expected prototype operating envelope.
72.2,steady,120.0799677483411,747.3899859116702,0.2104265181004591,493.4598063381238,1,vibration,0.305002934212418,False,0.0788888777436761,False,1.0730675491584962,False,0.8370419000986682,False,0,NORMAL,0,5.917731233887491,1.565395848931328,19.31467792395335,15.414588912424387,16.248125118499377,NORMAL,Vibration,0,Telemetry remains within the expected prototype operating envelope.
72.3,steady,119.61313281870748,746.4373666667824,0.191132257578968,496.3187371518232,1,vibration,0.5714182695688222,False,0.1316138883822425,False,0.8394260114535386,False,0.3485622772680567,False,0,NORMAL,0,10.79951006869253,2.5979353257257976,15.454911506111113,6.733803678632599,13.159481529648904,NORMAL,Vibration,0,Telemetry remains within the expected prototype operating envelope.
72.4,steady,119.10885719519436,745.0587430615299,0.2048205938508557,498.7688529511245,1,vibration,0.8592004187232274,False,0.4362519522356675,False,0.5173948393024558,False,0.070066825541655,False,0,NORMAL,0,15.788616990841199,8.355240282139098,9.830501288281246,1.3915634949571154,13.357119223965912,NORMAL,Pressure,0,Telemetry remains within the expected prototype operating envelope.
72.5,steady,120.68269515177506,742.3245909539064,0.1889251364335378,494.8245392268871,1,vibration,0.0389640937911972,False,1.0404246946533493,False,1.0582011738094217,False,0.6038623479481906,False,0,NORMAL,0,0.7762533466464716,18.786194835544144,19.074421269760855,11.376441779993629,16.774538558139753,NORMAL,Vibration,0,Telemetry remains within the expected prototype operating envelope.
72.6,steady,121.44766412279138,748.4654649687209,0.1971430848846034,480.66540144555336,1,vibration,0.4755198269076127,False,0.3165402979040043,False,0.243618335737017,False,3.023106021104061,False,0,NORMAL,0,9.072160392140184,6.1345732295142845,4.755571501618617,45.37186834903262,35.20845460569795,NORMAL,Thrust,1,Telemetry remains within the expected prototype operating envelope.
72.7,steady,119.51419263991438,742.2977966236951,0.2024212877251268,494.0349527549345,1,vibration,0.6278818699555232,False,1.0463455078809107,False,0.2795698389463969,False,0.7387718393438475,False,0,NORMAL,0,11.80115991196291,18.882308271718195,5.437951378809636,13.735701824556878,16.635998497983493,NORMAL,Temperature,0,Telemetry remains within the expected prototype operating envelope.
72.8,steady,119.63152775528518,745.0719628772207,0.2273955244228508,498.0924056634629,1,vibration,0.5609205692338197,False,0.4333307349859335,False,2.7550763146880617,False,0.0455115978180023,False,0,NORMAL,0,10.612033327488302,8.301681787475612,42.36356481314019,0.9061018858613656,32.9773630372631,NORMAL,Vibration,0,Telemetry remains within the expected prototype operating envelope.
72.9,steady,121.50043662065372,744.7967985938864,0.203895870224667,501.6973483883996,1,vibration,0.5056362595546369,False,0.4941345063686468,False,0.4257340068770923,False,0.5704323257512491,False,0,NORMAL,0,9.61819870015156,9.410049549711985,8.16225445684503,10.78191900005454,10.330834249377224,NORMAL,Thrust,0,Telemetry remains within the expected prototype operating envelope.
73.0,steady,118.63774039966036,746.6385783454804,0.1964923751479196,503.5410537137314,1,vibration,1.1280593474514826,False,0.0871516174696391,False,0.3081182516497902,False,0.8854495614301754,False,0,NORMAL,0,20.197221950691358,1.727929417510865,5.976332202416723,16.22955387863304,16.98966004475893,NORMAL,Pressure,0,Telemetry remains within the expected prototype operating envelope.
73.1,steady,121.2871572256307,744.7133654665064,0.1956804233791251,487.53136338938265,1,vibration,0.3839210708598589,False,0.5125709427457945,False,0.3886008660323073,False,1.849981269494127,False,0,NORMAL,0,7.391033092688359,9.743465643067118,7.47767074097051,30.926308179711135,24.961717111750485,NORMAL,Thrust,0,Telemetry remains within the expected prototype operating envelope.
73.2,steady,120.82387236502834,743.5797786195476,0.1962633462832128,503.9379808474116,1,vibration,0.1195317039378316,False,0.7630625932235033,False,0.3308201441871149,False,0.9532689069079536,False,0,NORMAL,0,2.3622847809258274,14.15377044920838,6.4022675572899646,17.35813398466445,14.806977057589647,NORMAL,Thrust,0,Telemetry remains within the expected prototype operating envelope.
73.3,steady,121.2386579795912,751.9633146066518,0.2049130674182078,500.0938061488316,1,vibration,0.3562433156664201,False,1.089469281050564,False,0.5265610419610527,False,0.2964495820542985,False,0,NORMAL,0,6.876969930971944,19.578920088151552,9.995652241081254,5.756649739176489,16.419514857244366,NORMAL,Temperature,0,Telemetry remains within the expected prototype operating envelope.
73.4,steady,121.2270012217045,749.4272508121462,0.1946135183802727,488.7072876824603,1,vibration,0.3495909876926109,False,0.5290686312840621,False,0.4943550584677874,False,1.6490617325793329,False,0,NORMAL,0,6.752990486480859,10.04077971231182,9.414045422328087,28.094134536584814,23.01260808757937,NORMAL,Thrust,0,Telemetry remains within the expected prototype operating envelope.
73.5,steady,118.52640351021851,744.021741219524,0.2191681025239754,486.9435798852594,1,vibration,1.1915975551889948,False,0.6654009615501048,False,1.9395544456580875,False,1.9504105149394395,False,0,NORMAL,0,21.204910813759792,12.460511064440972,32.152720012923595,32.299871161227756,29.58024239687885,NORMAL,Thrust,0,Telemetry remains within the expected prototype operating envelope.
73.6,steady,119.9513738658624,745.006896845685,0.2135738918963032,492.92441988157424,1,vibration,0.378389435844237,False,0.4477085461550908,False,1.3850428182125345,False,0.9285185364379556,False,0,NORMAL,0,7.288520596151738,8.56498725117345,24.19519945694094,16.948036455437045,20.71409472598564,NORMAL,Vibration,0,Telemetry remains within the expected prototype operating envelope.
73.7,steady,121.44708166448186,743.5708352304443,0.234844913945223,493.5286023330547,1,vibration,0.4751874271319906,False,0.7650388373051527,False,3.493477741172303,False,0.8252873513369178,False,0,NORMAL,0,9.066115312507407,14.187694365189262,50.276650195516325,15.21550231897727,40.445094318902264,NORMAL,Vibration,1,Telemetry remains within the expected prototype operating envelope.
73.8,steady,120.68682088101384,750.4140930361594,0.2175737018774469,493.4044989106002,1,vibration,0.0413185824315435,False,0.7471337386177862,False,1.7815136144935586,False,0.8464917794756099,False,0,NORMAL,0,0.8229665840741696,13.879847931893563,29.97393967739925,15.574302324000811,24.755028235579193,NORMAL,Vibration,0,Telemetry remains within the expected prototype operating envelope.
73.9,steady,117.980549122587,746.2931084074011,0.2103362960745741,497.9879284073567,1,vibration,1.5031080495959663,False,0.1634910132663359,False,1.0641245247114997,False,0.0633626806118128,False,0,NORMAL,0,25.964213617655886,3.2169395773890663,19.170234624897375,1.2592577651732162,21.217670340173935,NORMAL,Pressure,0,Telemetry remains within the expected prototype operating envelope.
74.0,steady,118.91887612890253,747.5680996344208,0.2241025401975118,494.5335443026552,1,vibration,0.9676196184759734,False,0.1182471329177038,False,2.4286677892541397,False,0.6535820159280211,False,0,NORMAL,0,17.594987836464593,2.337197042477257,38.475428713310976,12.253341416320874,31.191862226902334,NORMAL,Vibration,0,Telemetry remains within the expected prototype operating envelope.
74.1,steady,120.94052699393312,745.9271015581686,0.212508554838619,490.055434471502,1,vibration,0.1861046617602799,False,0.2443685040349972,False,1.2794440438810195,False,1.418716097114561,False,0,NORMAL,0,3.653674836883325,4.76986029985521,22.577194862912474,24.704003462092892,20.931766428262968,NORMAL,Thrust,0,Telemetry remains within the expected prototype operating envelope.
74.2,steady,118.40407802655731,742.3046288397061,0.21666005707504,492.3873248423325,1,vibration,1.2614067804280096,False,1.0448357752392603,False,1.690950941757613,False,1.0202871028320204,False,0,NORMAL,0,22.297391370716536,18.85781136812331,28.69403406399439,18.458445177962858,26.3780443149161,NORMAL,Vibration,0,Telemetry remains within the expected prototype operating envelope.
74.3,steady,120.26327905861802,744.5884162301231,0.2201979798194654,489.3957386348855,1,vibration,0.2003900590782122,False,0.5401813023151039,False,2.0416383629790587,False,1.531432351704986,False,0,NORMAL,0,3.928551085274412,10.24049513717291,33.52389808377123,26.38243032568881,28.272129034743195,NORMAL,Vibration,0,Telemetry remains within the expected prototype operating envelope.
74.4,steady,120.80850742562106,746.171947420512,0.2126130071842477,495.615135097171,1,vibration,0.1107631752244099,False,0.1902642734367238,False,1.289797611885515,False,0.4687803897989515,False,0,NORMAL,0,2.190906729629727,3.7337941655591678,22.737349444168153,8.949517264851314,18.070289304077534,NORMAL,Vibration,0,Telemetry remains within the expected prototype operating envelope.
74.5,steady,119.880595479753,748.7199198209111,0.2172605743049932,494.2393279241897,1,vibration,0.4187815450767629,False,0.3727678521211152,False,1.7504756555471286,False,0.7038521046250741,False,0,NORMAL,0,8.034465949419545,7.184224907731229,29.53789448524735,13.131127844022805,24.264806319222608,NORMAL,Vibration,0,Telemetry remains within the expected prototype operating envelope.
74.6,steady,120.8265822185507,750.5050571799522,0.2177340963196524,499.80900590638606,1,vibration,0.1210781746260752,False,0.7672343233891084,False,1.7974122978110303,False,0.2477883432634739,False,0,NORMAL,0,2.3924788841862332,14.225366038391229,30.196250476597385,4.834972383527036,24.146856240774717,NORMAL,Vibration,0,Telemetry remains within the expected prototype operating envelope.
74.7,steady,121.5817263175107,749.1950520262241,0.2408829059409957,495.29817756523823,1,vibration,0.5520270081350197,False,0.4777590582411118,False,4.091978046383788,False,0.522936053486207,False,0,NORMAL,0,10.452896371400888,9.112872968479513,55.88611538791524,9.930375636584177,43.79692278402814,NORMAL,Vibration,1,Telemetry remains within the expected prototype operating envelope.
74.8,steady,120.7191638875311,743.52708238933,0.2217723770216948,486.86659739262666,1,vibration,0.0597762264096633,False,0.7747070170420944,False,2.1976964045793306,False,1.963563816441388,False,0,NORMAL,0,1.1884065277568912,14.353463803570222,35.56667906840367,32.47773315268264,30.43214111779856,NORMAL,Vibration,0,Telemetry remains within the expected prototype operating envelope.
74.9,steady,120.52217095617624,743.4419868549239,0.2146058727991862,497.4901016889484,1,vibration,0.0526445342025167,False,0.7935107998478292,False,1.487335250163475,False,0.1484218245679495,False,0,NORMAL,0,1.0473671925271044,14.674954673150431,25.73029453387179,2.9248111446003033,20.607716357129757,NORMAL,Vibration,0,Telemetry remains within the expected prototype operating envelope.
75.0,steady,118.74678845159364,746.5553859950388,0.2005554218368121,491.8644119776643,1,vibration,1.0658273431998526,False,0.1055348487369487,False,0.0946207193679217,False,1.1096324894648155,False,0,NORMAL,0,19.19775762174255,2.0885776633649766,1.8746206468456372,19.902576453495445,16.704733778498795,NORMAL,Thrust,0,Telemetry remains within the expected prototype operating envelope.
75.1,steady,119.241984177768,743.5411246210109,0.2313099414142677,496.168259818891,1,vibration,0.7832269483250753,False,0.7716040683799895,False,3.143082752213691,False,0.3742729766956408,False,0,NORMAL,0,14.499280054447961,14.300295946582608,46.6670875194256,7.212160563655057,37.56800399498637,NORMAL,Vibration,1,Telemetry remains within the expected prototype operating envelope.
75.2,steady,121.2919095020904,744.8284609153108,0.2123289408341558,496.5087674480189,1,vibration,0.3866331201225696,False,0.4871380003904508,False,1.2616402712747057,False,0.3160935211277343,False,0,NORMAL,0,7.441251488065193,9.283198192804676,22.301019855569937,6.126185476219382,18.446432719728136,NORMAL,Vibration,0,Telemetry remains within the expected prototype operating envelope.
75.3,steady,119.210518662997,750.1334623336843,0.2286395775832501,491.7741656149933,1,vibration,0.8011838215960125,False,0.6851220383000649,False,2.878389859442605,False,1.1250520683465866,False,0,NORMAL,0,14.805794439527254,12.805105636098247,43.76764999823622,20.14920966811724,36.45765147627671,NORMAL,Vibration,0,Telemetry remains within the expected prototype operating envelope.
75.4,steady,120.31828685824814,746.3728034938517,0.2229953998633092,491.2595263853453,1,vibration,0.1689979749486521,False,0.1458805815702123,False,2.3189253734980224,False,1.212983813874563,False,0,NORMAL,0,3.323477017907983,2.8754602756210668,37.110129381383835,21.54121749895681,29.79598396311309,NORMAL,Vibration,0,Telemetry remains within the expected prototype operating envelope.
75.5,steady,119.82200653605486,740.2371026692539,0.2222359367437041,499.7870650435393,1,vibration,0.4522173316743249,False,1.5017024407548794,False,2.2436455604080483,False,0.2440395066856173,False,0,NORMAL,0,8.647402258716019,25.94339762069886,36.15609793111947,4.763594000989412,30.108631688735986,NORMAL,Vibration,0,Telemetry remains within the expected prototype operating envelope.
75.6,steady,119.26233175623926,748.3223590311496,0.2213600372666196,492.7238318528085,1,vibration,0.771614906042023,False,0.2849178045841913,False,2.1568242952032137,False,0.962791196750798,False,0,NORMAL,0,14.300481703267076,5.539040224538039,35.037815287395134,17.5153721706519,29.1089420080689,NORMAL,Vibration,0,Telemetry remains within the expected prototype operating envelope.
75.7,steady,119.80676556905448,745.6816545689992,0.2182877242682772,491.1063333736613,1,vibration,0.4609151112893785,False,0.2986055672002727,False,1.852289233132827,False,1.2391585167421877,False,0,NORMAL,0,8.806177072327126,5.797278431715047,30.95818473597427,21.950871370451353,26.030164844299208,NORMAL,Vibration,0,Telemetry remains within the expected prototype operating envelope.
75.8,steady,120.43862080426636,745.7532513524451,0.2204391760312855,494.1825823602842,1,vibration,0.100325288848741,False,0.2827846387002881,False,2.065546312259422,False,0.7135477053444232,False,0,NORMAL,0,1.9865094158533103,5.498731447267835,33.84100080660808,13.299413807812332,26.776395378580137,NORMAL,Vibration,0,Telemetry remains within the expected prototype operating envelope.
75.9,steady,120.14240167491891,744.0143623281311,0.2231486721712169,489.46384362114384,1,vibration,0.2693728764960885,False,0.6670314944807237,False,2.33411809371485,False,1.5197958693385911,False,0,NORMAL,0,5.244905465722494,12.489053614119094,37.30093299374667,26.21090089291379,31.354613330504264,NORMAL,Vibration,0,Telemetry remains within the expected prototype operating envelope.
76.0,steady,118.90564471869315,745.533412513046,0.2240549572257599,492.1073715249092,1,vibration,0.9751705757081892,False,0.3313630020325102,False,2.423951250521343,False,1.0681201914292766,False,0,NORMAL,0,17.7193412586066,6.412429058328472,38.417364726813965,19.234802582920118,32.127381614762626,NORMAL,Vibration,0,Telemetry remains within the expected prototype operating envelope.
76.1,steady,120.0467503005314,745.8392781289721,0.218242945081131,491.9103920316192,1,vibration,0.3239596080518233,False,0.2637750768874179,False,1.8478506122812464,False,1.101776293957741,False,0,NORMAL,0,6.273753284650507,5.138762053633528,30.896867435403784,19.77662532594061,25.51548954172995,NORMAL,Vibration,0,Telemetry remains within the expected prototype operating envelope.
76.2,steady,121.0864866558132,747.7868763466922,0.2241106534782179,493.56845736879416,1,vibration,0.2694015399497684,False,0.1665907952405077,False,2.4294719971733065,False,0.8184776822352341,False,0,NORMAL,0,5.24544866581812,3.2769222593649006,38.48532362702327,15.099952776591097,30.449879498834896,NORMAL,Vibration,0,Telemetry remains within the expected prototype operating envelope.
76.3,steady,121.59322045962853,743.6637338304923,0.2282262100711037,498.9784665746112,1,vibration,0.5585865338529389,False,0.7445107906755369,False,2.837415876310904,False,0.1058816075050111,False,0,NORMAL,0,10.57029665139061,13.834658344805796,43.304944024879376,2.095367756747546,34.25617445923114,NORMAL,Vibration,0,Telemetry remains within the expected prototype operating envelope.
76.4,steady,119.99073804562887,746.3832945071864,0.2223369443283729,498.4794672299265,1,vibration,0.3559249189715449,False,0.1435623549143228,False,2.2536576754117243,False,0.0206221075142085,False,0,NORMAL,0,6.871039729160133,2.830418495336362,36.28381251709191,0.41159277577491604,27.64420369387903,NORMAL,Vibration,0,Telemetry remains within the expected prototype operating envelope.
76.5,steady,122.52796781887685,744.596235511544,0.2286422916939397,499.6040315214642,1,vibration,1.092032116819702,False,0.5384534552481376,False,2.878658888629336,False,0.2127662259891478,False,0,NORMAL,0,19.620130729676845,10.209471637653467,43.770675545517236,4.166056281046881,35.255493346551965,NORMAL,Vibration,0,Telemetry remains within the expected prototype operating envelope.
76.6,steady,119.23955138701496,742.661850008445,0.235731131389044,493.5946634202009,1,vibration,0.7846153036583702,False,0.9658996792682828,False,3.581321748084196,False,0.8140000915059633,False,0,NORMAL,0,14.523017834755446,17.56663663824436,51.14260072211647,15.023889190641215,41.84010310312949,NORMAL,Vibration,1,Telemetry remains within the expected prototype operating envelope.
76.7,steady,121.34014774617434,746.092903022479,0.224466593389845,506.251004932082,1,vibration,0.4141619256142904,False,0.2077309208112966,False,2.464753618264377,False,1.3484743896932867,False,0,NORMAL,0,7.9494575306167885,4.06949703807753,38.917863262995944,23.638754619951953,31.821973710466057,NORMAL,Vibration,0,Telemetry remains within the expected prototype operating envelope.
76.8,steady,121.24008021397292,747.4377275416722,0.2217485566469134,494.9504491664469,1,vibration,0.3570549624085757,False,0.0894384705938123,False,2.195335271675063,False,0.5823492565882754,False,0,NORMAL,0,6.892085304899387,1.7728658987403723,35.536244756187074,10.994306938415388,27.92816559511779,NORMAL,Vibration,0,Telemetry remains within the expected prototype operating envelope.
76.9,steady,119.36535590297784,740.3808304043192,0.2337992920968084,488.74707733815865,1,vibration,0.712820649526757,False,1.4699425472164809,False,3.389833185854893,False,1.6422632343733026,False,0,NORMAL,0,13.286805658034472,25.471494486572578,49.23518234430727,27.996297657802383,42.15197428663744,NORMAL,Vibration,1,Telemetry remains within the expected prototype operating envelope.
77.0,steady,121.70570724518362,745.2719747577493,0.2343032342838432,502.0291882165762,1,vibration,0.6227809691758125,False,0.389133586612906,False,3.439785148851936,False,0.6271307926505365,False,0,NORMAL,0,11.711135292670793,7.487527925640913,49.73981785229044,11.787910087400311,39.394440830314,NORMAL,Vibration,1,Telemetry remains within the expected prototype operating envelope.
77.1,steady,119.53886055470105,744.5381617971136,0.236129235744698,492.59674659356887,1,vibration,0.6138042798411987,False,0.5512861558180768,False,3.620782810392948,False,0.9845051043428344,False,0,NORMAL,0,11.552484577429844,10.43962715253225,51.526676101723744,17.872808192903477,41.489104118271996,NORMAL,Vibration,1,Telemetry remains within the expected prototype operating envelope.
77.2,steady,120.71912242374356,746.0358110587607,0.2473678739896167,493.5839723608667,1,vibration,0.0597525636797319,False,0.2203466813586128,False,4.734783694205733,False,0.8158267760155015,False,0,NORMAL,0,1.1879388962402704,4.311239184634086,61.208022990308876,15.054928429465553,46.93940127500754,WARNING,Vibration,1,Elevated telemetry deviation primarily associated with Vibration.
77.3,steady,120.85864006525507,742.0609327412327,0.2352355041668696,490.691494104143,1,vibration,0.1393730823941238,False,1.0986859395079658,False,3.5321939844253225,False,1.3100383466907222,False,0,NORMAL,0,2.748970407758222,19.727026267072333,50.660183643048626,23.049487791004008,41.34536532750889,NORMAL,Vibration,1,Telemetry remains within the expected prototype operating envelope.
77.4,steady,119.38444289101756,746.6059091229633,0.232493738887977,489.9059796708055,1,vibration,0.7019280063315791,False,0.0943706210158329,False,3.260423608216753,False,1.444252085717232,False,0,NORMAL,0,13.097692561423768,1.8697123249554748,47.90414097342604,25.08757468320495,38.83411468024032,NORMAL,Vibration,1,Telemetry remains within the expected prototype operating envelope.
77.5,steady,119.9230832235525,749.2605738031214,0.2567866662013697,495.9956936636928,1,vibration,0.3945344594489504,False,0.4922375766548256,False,5.668397057291403,False,0.4037577931873914,False,0,NORMAL,0,7.587403593835873,9.375674475657803,67.8153131898991,7.757716903549183,52.17686303769184,WARNING,Vibration,1,Elevated telemetry deviation primarily associated with Vibration.
77.6,steady,120.54617650677528,744.3130568976293,0.2332169103192875,497.7249383909884,1,vibration,0.0389449448888414,False,0.6010281742207478,False,3.332106101777955,False,0.1082974035467723,False,0,NORMAL,0,0.7758733407515983,11.326192627788423,48.64568491631104,2.1426598556296916,37.12260613539424,NORMAL,Vibration,1,Telemetry remains within the expected prototype operating envelope.
77.7,steady,121.35876176656176,748.3077088905603,0.242451901739808,489.2644615630072,1,vibration,0.4247846536259598,False,0.2816805247006146,False,4.247500687871575,False,1.5538624763691204,False,0,NORMAL,0,8.144815508863612,5.477861108310112,57.23713659802474,26.711940929748547,45.74166727639894,WARNING,Vibration,1,Elevated telemetry deviation primarily associated with Vibration.
77.8,steady,120.76117393061554,740.7831279608921,0.2440988359781571,495.9172781182278,1,vibration,0.0837506957696646,False,1.381045803928181,False,4.410748775150472,False,0.4171559474516582,False,0,NORMAL,0,1.6610635560638243,24.13457665503017,58.610781220708716,8.004561297641056,46.182968782287,WARNING,Vibration,1,Elevated telemetry deviation primarily associated with Vibration.
77.9,steady,120.02144127077008,745.1343537581473,0.2389444182138123,495.3895448999284,1,vibration,0.3384030723759223,False,0.4195440588437448,False,3.899830475274012,False,0.507324944265014,False,0,NORMAL,0,6.544108949543814,8.048489877208853,54.15784462006027,9.648718819165891,42.062525701312325,NORMAL,Vibration,1,Telemetry remains within the expected prototype operating envelope.
78.0,steady,120.9711369211205,747.8989043167861,0.2721719065719701,495.7875260630171,1,vibration,0.2035732646843635,False,0.1913459088021828,False,7.19341912820556,False,0.4393255063255949,False,0,NORMAL,0,3.9896946549091483,3.754616899763208,76.27601977701804,8.411557996021967,57.66720317123656,WARNING,Vibration,1,Elevated telemetry deviation primarily associated with Vibration.
78.1,steady,120.66668233423412,747.4379677064686,0.2639198038164348,487.025287057855,1,vibration,0.0298258312397672,False,0.0894915404370308,False,6.375450833235612,False,1.936449950150392,False,0,NORMAL,0,0.5947409967702155,1.7739084729287535,72.05942259962433,32.11058061693497,56.16075679980341,WARNING,Vibration,1,Elevated telemetry deviation primarily associated with Vibration.
78.2,steady,120.35411155447908,742.4956727821531,0.263565119027959,498.4904374299634,1,vibration,0.1485533855347974,False,1.0026202955998318,False,6.340293622973445,False,0.0224964862682191,False,0,NORMAL,0,2.9273653721370474,18.16981978323301,71.86226771946123,0.448919057908137,54.8837065617645,WARNING,Vibration,1,Elevated telemetry deviation primarily associated with Vibration.
78.3,steady,120.53677305396003,741.178818020928,0.2477090763078326,497.93545553590167,1,vibration,0.0443113471785091,False,1.2936091364316114,False,4.768604489551941,False,0.0723282450579268,False,0,NORMAL,0,0.882311527620061,22.796224698687297,61.46953264985644,1.4361524193269526,47.53131558576212,WARNING,Vibration,1,Elevated telemetry deviation primarily associated with Vibration.
78.4,steady,119.97420432417924,746.6346363046854,0.2451299890557376,489.51010318118006,1,vibration,0.3653604531723606,False,0.0880227005345446,False,4.512959151064147,False,1.5118919171581038,False,0,NORMAL,0,7.046618307231222,1.7450485535361326,59.44827353832681,26.094163546426184,46.89561189514546,WARNING,Vibration,1,Elevated telemetry deviation primarily associated with Vibration.
78.5,steady,118.61104651277596,746.85626120846,0.2715706577808702,503.9054659344301,1,vibration,1.143293127905433,False,0.0390496658858168,False,7.133821900313694,False,0.9477133781230392,False,0,NORMAL,0,20.43999153312622,0.7779514888825001,75.99155109932612,17.26625909966223,59.41113662139922,WARNING,Vibration,1,Elevated telemetry deviation primarily associated with Vibration.
78.6,steady,119.60545112462376,745.4446571734779,0.2571789551574859,498.1237112851141,1,vibration,0.5758020912914772,False,0.3509755015571382,False,5.707281683195349,False,0.0401626896935457,False,0,NORMAL,0,10.877683602887489,6.778807267446208,68.06464033529147,0.8000363311446823,51.81261837740682,WARNING,Vibration,1,Elevated telemetry deviation primarily associated with Vibration.
78.7,steady,121.82574527916609,745.6709044429673,0.2434140141043577,488.15223438776695,1,vibration,0.6912847829415497,False,0.3009810506665787,False,4.342867582069826,False,1.7438986634849276,False,0,NORMAL,0,12.912511404669601,5.842023203340185,58.045039678834655,29.445147757439884,47.02568897011741,WARNING,Vibration,1,Elevated telemetry deviation primarily associated with Vibration.
78.8,steady,121.19403165779846,743.5208860158228,0.2709543800447073,493.0287572942357,1,vibration,0.3307757772894936,False,0.7760762459026266,False,7.072734967199709,False,0.9106913474273788,False,0,NORMAL,0,6.40143702540259,14.376914534314889,75.69643147250117,16.651391324448007,59.1012207133341,WARNING,Vibration,1,Elevated telemetry deviation primarily associated with Vibration.
78.9,steady,118.47660020997954,746.8828462228854,0.2555721160014819,498.18146464520106,1,vibration,1.220019513557526,False,0.0331751057149129,False,5.548007917021518,True,0.0302948959654508,False,1,WARNING,1,21.651542345737518,0.6613057992367888,67.0309711005584,0.6040660594667568,51.44057117955042,WARNING,Vibration,1,Elevated telemetry deviation primarily associated with Vibration.
79.0,steady,119.7182766275196,747.9212368488458,0.2703592736259294,484.9767111029642,1,vibration,0.5114143553216306,False,0.1962807868223121,False,7.0137465860423225,True,2.286471575364209,False,1,WARNING,1,9.722585313650411,3.8495618829848532,75.4080078206633,36.70059870343662,60.012271033995475,WARNING,Vibration,1,Elevated telemetry deviation primarily associated with Vibration.
79.1,steady,120.58220624760564,742.753787703292,0.274370467198604,496.7121700025183,1,vibration,0.0183833397543295,False,0.9455839663741742,False,7.41134575132589,True,0.2813399682860389,False,1,WARNING,1,0.3669917283110946,17.231016755668627,77.28782701220666,5.471422864910291,59.01834766453029,WARNING,Vibration,1,Elevated telemetry deviation primarily associated with Vibration.
79.2,steady,120.08960817185692,747.7690673546879,0.2685590426733746,498.2923582086436,1,vibration,0.2995012964794395,False,0.1626554956977497,False,6.835303359335575,True,0.0113475168315537,False,1,WARNING,1,5.814152947347329,3.2007654365838967,74.51450379383553,0.22669299906755702,55.763087543966094,WARNING,Vibration,1,Elevated telemetry deviation primarily associated with Vibration.
79.3,steady,119.9301974420642,750.2784036466976,0.2740969116621266,497.5359673980881,1,vibration,0.3904744870898096,False,0.7171500993317477,False,7.384230267869032,True,0.1405851661241553,False,1,WARNING,1,7.512334602748528,13.361857244604314,77.16432211521311,2.772542828607516,58.97777684411621,WARNING,Vibration,1,Elevated telemetry deviation primarily associated with Vibration.
79.4,steady,120.96120506071148,740.8954753984738,0.2597683513056918,495.26558487274224,1,vibration,0.1979053085105181,False,1.3562200968001634,False,5.963948864287953,True,0.5285048717525284,False,1,WARNING,1,3.880796502988648,23.7569574081014,69.66262614070307,10.030636066887578,54.672170901841554,WARNING,Vibration,1,Elevated telemetry deviation primarily associated with Vibration.
79.5,steady,120.4698128765084,746.8885284056557,0.2647846167559077,492.2953575747011,1,vibration,0.0825244649186531,False,0.0319194989263601,False,6.461173174137642,True,1.036000717162971,False,1,WARNING,1,1.6369433509461073,0.6363565989684905,72.53436598057044,18.714305427330636,55.330510381179664,WARNING,Vibration,1,Elevated telemetry deviation primarily associated with Vibration.
79.6,steady,120.0141923362653,743.0821587711931,0.2736417645408954,492.1717610743916,1,vibration,0.3425399250287114,False,0.8730229526429797,False,7.339114989285737,True,1.0571185321045062,False,1,WARNING,1,6.621399621284885,16.021098434130753,76.95734212964027,19.05689669123981,60.40473686094205,WARNING,Vibration,1,Elevated telemetry deviation primarily associated with Vibration.
79.7,steady,120.4771151052996,745.5373425096483,0.2573741695849108,490.5902699445384,1,vibration,0.0783571980567142,False,0.3304945804043581,False,5.726631807289133,True,1.327333602339458,False,1,WARNING,1,1.5549281564909978,6.396172952507562,68.18799212858484,23.315203719761747,53.02444586734784,WARNING,Vibration,1,Elevated telemetry deviation primarily associated with Vibration.
79.8,steady,119.418217682083,748.2282898084642,0.270410155385598,488.04039606536526,1,vibration,0.6826532654818455,False,0.2641310824086035,False,7.018790108576416,True,1.7630074650281513,False,1,WARNING,1,12.76204212855282,5.145516038076181,75.43280136722292,29.714276890232384,59.79860157580228,WARNING,Vibration,1,Elevated telemetry deviation primarily associated with Vibration.
79.9,steady,120.93039678820465,746.1820604315728,0.2497530335021615,494.5770916686234,1,vibration,0.1803235130392566,False,0.1880295749319449,False,4.971206448200034,True,0.6461414717912108,False,1,WARNING,1,3.5422119240348993,3.6907593600461808,62.99959360072529,12.122667634821504,48.155818685938875,WARNING,Vibration,1,Elevated telemetry deviation primarily associated with Vibration.
80.0,steady,121.0433909693082,745.7480103827988,0.3013630281075037,487.7441398416765,1,vibration,0.244807511003275,False,0.2839427494708173,False,10.086913382705076,True,1.81362608360936,False,1,WARNING,1,4.778221271781025,5.5206174999105855,86.69968778921798,30.422240471765882,67.50411417835079,WARNING,Vibration,1,Elevated telemetry deviation primarily associated with Vibration.
80.1,steady,121.18504849347715,747.7057348489943,0.2979681094087712,495.1390498880829,1,vibration,0.325649227018071,False,0.1486607462679838,False,9.750400866825276,True,0.5501247589093217,False,1,WARNING,1,6.305420262653594,2.929449707604581,85.77373345473254,10.418821708253533,64.97782644473502,WARNING,Vibration,1,Elevated telemetry deviation primarily associated with Vibration.
80.2,steady,119.70859554124418,745.9574185703033,0.3018349273331168,482.2703290782653,1,vibration,0.5169391986505236,False,0.237669274569217,False,10.133689170211293,True,2.7488865678242087,False,1,WARNING,1,9.82228393603548,4.642181072129514,86.82353410065033,42.29216964166588,68.99856193108982,WARNING,Vibration,1,Elevated telemetry deviation primarily associated with Vibration.
80.3,steady,119.65866313885805,742.9861243894775,0.2806471592423928,494.3451357914706,1,vibration,0.5454348335793258,False,0.8942439211493577,False,8.033506580051098,True,0.6857736723474418,False,1,WARNING,1,10.334756481020902,16.37676586457102,79.94519311356154,12.8164687280094,62.41827914019176,WARNING,Vibration,1,Elevated telemetry deviation primarily associated with Vibration.
80.4,steady,120.744613866997,749.2410076508218,0.2771870817570609,492.36789591053616,1,vibration,0.0743001285082995,False,0.4879139928057586,False,7.690535368350856,True,1.023606748494793,False,1,WARNING,1,1.4750160393401934,9.297276210361606,78.52127066170769,18.512565023863825,60.47186212444642,WARNING,Vibration,1,Elevated telemetry deviation primarily associated with Vibration.
80.5,steady,120.7017957813463,745.2355904100599,0.291479618852953,493.60651755272505,1,vibration,0.0498645219933764,False,0.3971735310853693,False,9.107246059608268,True,0.8119746832111443,False,1,WARNING,1,0.9923339891808602,7.636167415986462,83.82088886536776,14.989459953846884,63.88447715712247,WARNING,Vibration,1,Elevated telemetry deviation primarily associated with Vibration.
80.6,steady,118.65124879990898,744.8281893836321,0.2830989325842883,495.1885086512226,1,vibration,1.120350316370217,False,0.4871980014556782,False,8.276532257206878,True,0.5416741878607418,False,1,WARNING,1,20.074086630412314,9.284286807221353,80.89664957583933,10.267291270096568,63.128524724107905,WARNING,Vibration,1,Elevated telemetry deviation primarily associated with Vibration.
80.7,steady,119.18069519249624,746.8860909816717,0.2922751555257241,496.4717833214514,1,vibration,0.8182036060864044,False,0.0324581028792104,False,9.186101570147828,True,0.3224126639729632,False,1,WARNING,1,15.095298833443083,0.6470595527139023,84.07404971893115,6.24475094590421,63.928483734267076,WARNING,Vibration,1,Elevated telemetry deviation primarily associated with Vibration.
80.8,steady,119.63673174163138,747.2732037505357,0.2865917496638422,492.19747028929856,1,vibration,0.5579507362594495,False,0.0530832181531225,False,8.622748696318498,True,1.0527258313295025,False,1,WARNING,1,10.558924090306132,1.0560485980587786,82.17467058339776,18.98575367829176,63.281383112338304,WARNING,Vibration,1,Elevated telemetry deviation primarily associated with Vibration.
80.9,steady,120.64292624624524,743.6798518421123,0.3031287714227808,490.5116010913029,1,vibration,0.0162686063052867,False,0.7409491514910945,False,10.261938111763737,True,1.340775037008972,False,1,WARNING,1,0.3248433646397708,13.773258507559415,87.1572100095307,23.521077607603956,67.57012058651166,WARNING,Vibration,1,Elevated telemetry deviation primarily associated with Vibration.
81.0,steady,119.22617095173248,749.5020934671026,0.2865952266267364,494.9875912869276,1,vibration,0.7922513071506364,False,0.5456068085013117,False,8.623093341252584,True,0.5760031187535944,False,1,WARNING,1,14.653458711568067,10.33784046263565,82.1758992229492,10.881266737472828,63.74357519419673,WARNING,Vibration,1,Elevated telemetry deviation primarily associated with Vibration.
81.1,steady,119.4148058257998,747.9438474033739,0.2948421588367786,495.1426027174316,1,vibration,0.6846003580796257,False,0.2012771001944709,False,9.44054911930335,True,0.5495177191265093,False,1,WARNING,1,12.796007591136904,3.945593438560091,84.86423687930267,10.407945180215506,64.96295999185307,WARNING,Vibration,1,Elevated telemetry deviation primarily associated with Vibration.
81.2,steady,119.52045489944636,740.9540540803991,0.2955407559666153,489.33220792704526,1,vibration,0.6243080971561945,False,1.343275812242113,False,9.509795748931186,True,1.5422872685344726,False,1,WARNING,1,11.73809685421584,23.559319362398668,85.072412125089,26.542079484351156,68.15185981608764,WARNING,Vibration,1,Elevated telemetry deviation primarily associated with Vibration.
81.3,steady,122.3194609902548,744.6846419380666,0.3128772534641048,503.2218302696719,1,vibration,0.9730405565372708,False,0.5189180559517363,False,11.228231124600768,True,0.8309067418538245,False,1,WARNING,1,17.684281915326494,9.8579666408396,89.41408905295157,15.310736233747225,69.69252684566919,WARNING,Vibration,1,Elevated telemetry deviation primarily associated with Vibration.
81.4,steady,122.71476142623678,745.3323779605954,0.3024077468900901,490.4914883328134,1,vibration,1.198632284005745,False,0.3757861328949457,False,10.190468423963145,True,1.344211521947315,False,1,WARNING,1,21.315693279927984,7.240236813958201,86.97231769978117,23.573623281274326,68.70342022391516,WARNING,Vibration,1,Elevated telemetry deviation primarily associated with Vibration.
81.5,steady,121.53103352133124,745.8251097165299,0.3107103870272176,487.6365846059373,1,vibration,0.5230974284548866,False,0.2669059080423488,False,11.013446105883045,True,1.832003072914448,False,1,WARNING,1,9.933282586235158,5.198142364552172,88.94944155372175,30.67749704822734,69.60849382078358,WARNING,Vibration,1,Elevated telemetry deviation primarily associated with Vibration.
81.6,steady,121.11099205659356,748.2487214619067,0.2794715526030477,497.1169088745583,1,vibration,0.2833863858824954,False,0.2686459183089478,False,7.916977619272528,True,0.2121859018036933,False,1,WARNING,1,5.510103937331046,5.23112786582386,79.47231090938998,4.15493268446464,59.91424368834182,WARNING,Vibration,1,Elevated telemetry deviation primarily associated with Vibration.
81.7,steady,120.06434830397303,747.997311546376,0.2946270020622561,492.4002045675797,1,vibration,0.3139167048950573,False,0.2130912117095247,False,9.41922226174703,True,1.0180864607945233,False,1,WARNING,1,6.085307369796755,4.172285011267062,84.79953934506568,18.422548524304972,65.04917259620571,WARNING,Vibration,1,Elevated telemetry deviation primarily associated with Vibration.
81.8,steady,121.93817654287992,741.5454081780856,0.3150997970231146,496.72145443007895,1,vibration,0.7554475328248379,False,1.2126027505850885,False,11.448534993725549,True,0.2797536222117315,False,1,WARNING,1,14.022925991049684,21.53523771874263,89.87038625984411,5.441427099345786,69.86687406243462,WARNING,Vibration,1,Elevated telemetry deviation primarily associated with Vibration.
81.9,steady,121.1170557662019,747.007039676648,0.3077027130193165,492.96193607839217,1,vibration,0.2868468493702595,False,0.0057317534080488,False,10.71531821618632,True,0.9221084835664944,False,1,WARNING,1,5.57547707964191,0.11456938726689403,88.27050578569296,16.841494680708514,67.07100786736508,WARNING,Vibration,1,Elevated telemetry deviation primarily associated with Vibration.
82.0,steady,117.94378254295911,745.3464665073839,0.318663854526722,487.355819567708,1,vibration,1.5240901570170216,False,0.3726729498623965,False,11.801812955205747,True,1.879974852896348,False,1,WARNING,1,26.274248009765135,7.182463205672141,90.56140065246619,31.33942137370078,72.45869458274339,WARNING,Vibration,1,Elevated telemetry deviation primarily associated with Vibration.
82.1,steady,121.55678504236243,745.5103941224475,0.3011919773701597,493.2698549261104,1,vibration,0.5377934155714634,False,0.3364494360078425,False,10.069958421754697,True,0.8694971780130031,False,1,WARNING,1,10.197617793008163,6.507586049248348,86.6545099788756,15.961859414123204,66.76606914435398,WARNING,Vibration,1,Elevated telemetry deviation primarily associated with Vibration.
82.2,steady,119.43095730336168,742.5014063034745,0.2936439076357802,485.8355867263391,1,vibration,0.6753829644400239,False,1.0013533443973686,False,9.321775575048957,True,2.1397232740222463,False,1,WARNING,1,12.63510061741886,18.14908218694703,84.50038676585146,34.815250957275666,68.05898569395909,WARNING,Vibration,1,Elevated telemetry deviation primarily associated with Vibration.
82.3,steady,119.35594019135824,743.3771028956752,0.3023647819426096,498.6038187252758,1,vibration,0.7181940477228229,False,0.8078483780275222,False,10.186209634915643,True,0.041868921622327,False,1,WARNING,1,13.379944506268881,14.919275111011121,86.96121654256474,0.8338821849977363,66.6830436078408,WARNING,Vibration,1,Elevated telemetry deviation primarily associated with Vibration.
82.4,steady,119.79022087766032,746.5990773876769,0.3153695104596993,499.4917660942876,1,vibration,0.4703569058646097,False,0.0958802474305437,False,11.475269638989838,True,0.1935844489201203,False,1,WARNING,1,8.978221249147856,1.8993358675536753,89.92440404252406,3.7976970856184122,67.60333272406449,WARNING,Vibration,1,Elevated telemetry deviation primarily associated with Vibration.
82.5,steady,118.519766028088,743.966884649786,0.3078584039184018,496.6182631971412,1,vibration,1.1953854616104596,False,0.6775227612428787,False,10.73075067298428,True,0.2973849738706564,False,1,WARNING,1,21.264581892921164,12.672481244629797,88.30665295557792,5.7742789818161615,68.60089899018334,WARNING,Vibration,1,Elevated telemetry deviation primarily associated with Vibration.
82.6,steady,120.51017687234672,746.73364086125,0.3244655731892047,493.0779888821677,1,vibration,0.0594893687744336,False,0.0661454047232683,False,12.376893278710332,True,0.9022795917496458,False,1,WARNING,1,1.182737393127653,1.3141961247653433,91.58688725093296,16.51105168081739,69.20852805245022,WARNING,Vibration,1,Elevated telemetry deviation primarily associated with Vibration.
82.7,steady,120.09427550015351,751.7019725005862,0.3247445539484416,506.4339625478239,1,vibration,0.2968377257943353,False,1.0317198323309291,False,12.404546523310245,True,1.379734700961869,False,1,WARNING,1,5.7639654485069025,18.644680686642502,91.63328879028276,24.114680570244985,71.82534156955555,WARNING,Vibration,1,Elevated telemetry deviation primarily associated with Vibration.
82.8,steady,120.22759777861654,744.0690315287061,0.3293496757487117,484.3785727920958,1,vibration,0.2207528031106725,False,0.6549510982419575,False,12.861017284604287,True,2.3886700528836684,False,1,WARNING,1,4.319011126433303,12.277364606873032,92.36329116911884,37.98128617360727,72.89347265408009,WARNING,Vibration,1,Elevated telemetry deviation primarily associated with Vibration.
82.9,steady,121.12828093969686,745.7821412237666,0.3430748824828473,489.073813192681,1,vibration,0.2932528789350173,False,0.2764007682726812,False,14.221492824356908,True,1.5864368372399698,False,1,WARNING,1,5.696376871433073,5.377997618019803,94.182494153861,27.18785133547795,72.80753419815393,WARNING,Vibration,1,Elevated telemetry deviation primarily associated with Vibration.
83.0,steady,121.68161249026952,750.335933704561,0.3326384248765944,491.90264219440064,1,vibration,0.6090304723657111,False,0.7298626666881255,False,13.187006016980854,True,1.1031004384747696,False,1,WARNING,1,11.46799796950524,13.581856096151434,92.84530358318939,19.797867981324323,72.39758707171302,WARNING,Vibration,1,Elevated telemetry deviation primarily associated with Vibration.
83.1,steady,120.53364913732146,745.8702465249934,0.3291715574651445,493.8747629321191,1,vibration,0.0460941171600607,False,0.2569319094205086,False,12.843361771454658,True,0.766142023979036,False,1,WARNING,1,0.9176460358455318,5.008842900584243,92.33627750053277,14.206625675041895,69.85965218514669,WARNING,Vibration,1,Elevated telemetry deviation primarily associated with Vibration.
83.2,steady,118.0990174299264,746.434943415524,0.3287064835026235,500.4854696075245,1,vibration,1.4355000540809315,False,0.132149360550842,False,12.797262520460354,True,0.3633695710453158,False,1,WARNING,1,24.956332670024505,2.6083659861424358,92.2652923939413,7.009599092378904,71.07090419352947,WARNING,Vibration,1,Elevated telemetry deviation primarily associated with Vibration.
83.3,steady,119.32107303101728,745.576865755527,0.3468917242814585,490.4485326910588,1,vibration,0.7380921864984585,False,0.3217610253891754,False,14.599827373825022,True,1.351550963525328,False,1,WARNING,1,13.723975072420803,6.232531242095208,94.60644505942712,23.68572636912818,73.59094859114637,WARNING,Vibration,1,Elevated telemetry deviation primarily associated with Vibration.
83.4,steady,121.46823190519548,749.2420955460566,0.3327671873429616,503.6026476080049,1,vibration,0.4872575361039369,False,0.4881543878611979,False,13.199769262688122,True,0.8959735524617883,False,1,WARNING,1,9.285366946406059,9.301637002792251,92.86354372261258,16.4056883346031,71.5487240702594,WARNING,Vibration,1,Elevated telemetry deviation primarily associated with Vibration.
83.5,steady,120.91198957374186,745.2547067594023,0.3500417287342407,497.7920614481012,1,vibration,0.169818805908776,False,0.392949341372213,False,14.912063399929002,True,0.0968286945229041,False,1,WARNING,1,3.3393467318732606,7.558101974012221,94.93295652744385,1.9179427606635269,71.13440219231288,WARNING,Vibration,1,Elevated telemetry deviation primarily associated with Vibration.
83.6,steady,120.15146311132844,745.2566992364451,0.3384443963633254,492.19613174589466,1,vibration,0.264201657577768,False,0.3925090585087283,False,13.762507890665102,True,1.0529545361214994,False,1,WARNING,1,5.146854902877418,7.549961498892543,93.62318594728055,18.98945926281338,71.81964875677045,WARNING,Vibration,1,Elevated telemetry deviation primarily associated with Vibration.
83.7,steady,121.11441568203595,743.0745338051233,0.352306753331549,496.5651636649913,1,vibration,0.2853401949539076,False,0.8747078613385779,False,15.136578091857976,True,0.3064576101557886,False,1,WARNING,1,5.547019767429751,16.049393022782176,95.155449002777,5.9450990951718685,72.58702592951913,WARNING,Vibration,1,Elevated telemetry deviation primarily associated with Vibration.
83.8,steady,119.04610977794673,745.5724844962111,0.3476337062259633,491.5324057232958,1,vibration,0.8950093806230935,False,0.3227291637194259,False,14.673374410746971,True,1.166359392100653,False,1,WARNING,1,16.38956692403547,6.250685460586025,94.68520041400333,20.806176666325516,73.63189784728533,WARNING,Vibration,1,Elevated telemetry deviation primarily associated with Vibration.
83.9,steady,122.35592150406718,747.934577126272,0.3457138718871168,487.0690975572079,1,vibration,0.9938479970221058,False,0.199228622816781,False,14.483075808403749,True,1.9289644467945992,False,1,WARNING,1,18.026126012920184,3.9062323203009175,94.4790219679853,32.008867202999504,74.39813593580847,WARNING,Vibration,1,Elevated telemetry deviation primarily associated with Vibration.
84.0,steady,121.80319488089354,746.8921392295839,0.3618603385086133,494.792923302334,1,vibration,0.6784156261222111,False,0.0311216057188142,False,16.083552458226805,True,0.6092642747199594,False,1,WARNING,1,12.688074187248455,0.6204990185072257,95.9913292830007,11.472137670817496,72.96191754791316,WARNING,Vibration,1,Elevated telemetry deviation primarily associated with Vibration.
84.1,steady,119.35452905032017,742.6212402680493,0.3668586648316626,499.3161667473814,1,vibration,0.7189993636686313,False,0.9748733198186056,False,16.578998598596975,True,0.1635813784243167,False,1,WARNING,1,13.393894685191754,17.714449431113653,96.36949968621394,3.218688724891816,74.07612139218753,WARNING,Vibration,1,Elevated telemetry deviation primarily associated with Vibration.
84.2,steady,118.99336895240528,748.5443921079137,0.3595400959120985,494.8332179379355,1,vibration,0.9251077383758564,False,0.3339810342859938,False,15.853564425259714,True,0.6023794951700614,False,1,WARNING,1,16.891362432007583,6.461419287259352,95.80263351629421,11.350154744303055,73.69094915882935,WARNING,Vibration,1,Elevated telemetry deviation primarily associated with Vibration.
84.3,steady,119.16107320940648,744.7349499962309,0.3579745375447926,495.82242612561583,1,vibration,0.8294015625232111,False,0.5078013527580741,False,15.698382510259664,True,0.4333624486211858,False,1,WARNING,1,15.285237890112635,9.65732723258994,95.67031979366895,8.302263403034505,73.46578334383285,WARNING,Vibration,1,Elevated telemetry deviation primarily associated with Vibration.
84.4,steady,119.28800596417427,746.5557414118559,0.3742253790848846,490.98907728333535,1,vibration,0.7569630402907084,False,0.1054563113532754,False,17.30920505333325,True,1.2591930032371224,False,1,WARNING,1,14.048981821580476,2.0870397098979088,96.86280472786643,22.262980500947616,74.79623116463877,WARNING,Vibration,1,Elevated telemetry deviation primarily associated with Vibration.
84.5,steady,122.81702483760486,750.0439481582798,0.3598604281091061,492.61405669397857,1,vibration,1.2569924008369775,False,0.6653418568359154,False,15.885316523939595,True,0.9815474842147872,False,1,WARNING,1,22.228759316440005,12.459476259030033,95.82920409878132,17.824213614780447,75.26887732699814,CRITICAL,Vibration,1,Critical telemetry deviation primarily associated with Vibration.
84.6,steady,121.7038258213822,744.1393033257518,0.3709442229187007,488.34388660229786,1,vibration,0.6217072702702987,False,0.6394229554523293,False,16.983968953602997,True,1.7111527848438253,False,1,WARNING,1,11.692174125404142,12.004507207661497,96.65195566334684,28.98155521413013,75.89016299959792,CRITICAL,Vibration,1,Critical telemetry deviation primarily associated with Vibration.
84.7,steady,120.97639279579444,746.1491890599389,0.3661625044998495,497.17783484570526,1,vibration,0.2065727095094253,False,0.1952932478972325,False,16.509993510256685,True,0.2017760327492041,False,1,WARNING,1,4.047272905607824,3.8305695474187273,96.3190477439541,3.9551778944442506,72.07068699156984,WARNING,Vibration,1,Elevated telemetry deviation primarily associated with Vibration.
84.8,steady,122.33719708083272,746.8840315517873,0.3535777175442572,489.5827657082503,1,vibration,0.9831622638459724,False,0.0329131804872237,False,15.262559124915208,True,1.499476729058025,False,1,WARNING,1,17.850748486959,0.6561018009127562,95.27598836633291,25.910424553160148,74.15255296876082,WARNING,Vibration,1,Elevated telemetry deviation primarily associated with Vibration.
84.9,steady,120.7175732200716,747.5259252141688,0.3758366867434903,486.7112668702701,1,vibration,0.0588684575651282,False,0.1089277409670768,False,17.46892174824445,True,1.9901037364042065,False,1,WARNING,1,1.1704652819491845,2.1549957067073855,96.96143356628176,32.83519073541512,74.67311428098907,WARNING,Vibration,1,Elevated telemetry deviation primarily associated with Vibration.
85.0,steady,120.3850026804453,744.2433324047895,0.367038936720097,491.6556504301314,1,vibration,0.1309243069003288,False,0.6164353777685084,False,16.596867582246606,True,1.1453016849247972,False,1,WARNING,1,2.5845010673256064,11.599015148607993,96.38245119954061,20.471945277298175,74.11441064031898,WARNING,Vibration,1,Elevated telemetry deviation primarily associated with Vibration.
85.1,steady,119.67530330633151,745.0855819684048,0.3801804427429578,490.4498788052129,1,vibration,0.5359385523106767,False,0.4303212887861509,False,17.899485302032804,True,1.351320965187791,False,1,WARNING,1,10.164297385012855,8.246472943283468,97.21214320840095,23.682215857174516,75.3770919074244,CRITICAL,Vibration,1,Critical telemetry deviation primarily associated with Vibration.
85.2,steady,118.60540670948134,742.821157784008,0.3712912342481847,497.8624236986234,1,vibration,1.14651167474223,False,0.930697023431379,False,17.01836555213334,True,0.0848065338494483,False,1,WARNING,1,20.491188576067643,16.98421409808436,96.67490888891848,1.681827362429511,74.72400293377827,WARNING,Vibration,1,Elevated telemetry deviation primarily associated with Vibration.
85.3,steady,118.84180823190376,742.0096326184001,0.3898585890634399,487.9143937766629,1,vibration,1.0116010524279144,False,1.11002186182615,False,18.858806468861985,True,1.7845363352499093,False,1,WARNING,1,18.316667253556375,19.908813755217626,97.69885024337205,30.01626072884277,78.02405445652836,CRITICAL,Vibration,1,Critical telemetry deviation primarily associated with Vibration.
85.4,steady,118.82013443052008,748.8192976208911,0.3681335873901776,487.9898725149633,1,vibration,1.0239699492210708,False,0.394727624506119,False,16.70537199242169,True,1.771639966635452,False,1,WARNING,1,18.51848406799428,7.590973701766989,96.4601095246381,29.835520520075566,76.03451637478132,CRITICAL,Vibration,1,Critical telemetry deviation primarily associated with Vibration.
85.5,steady,120.10643865400432,748.4563464170751,0.3676967481586466,487.64984954576136,1,vibration,0.2898964056264176,False,0.3145253476971957,False,16.662071435948164,True,1.829736612750011,False,1,WARNING,1,5.633050099562176,6.096738774355314,96.42932055361703,30.6460665868888,74.82451126111312,WARNING,Vibration,1,Elevated telemetry deviation primarily associated with Vibration.
85.6,steady,119.20637011903602,742.9638389049807,0.3789156943395482,493.3498073140857,1,vibration,0.8035513302386771,False,0.8991684029464782,False,17.774120394959997,True,0.8558364373838688,False,1,WARNING,1,14.846124494192313,16.45908553860632,97.14135965771365,15.731940823021128,75.75750344744804,CRITICAL,Vibration,1,Critical telemetry deviation primarily associated with Vibration.
85.7,steady,120.54885353573728,745.4868574106489,0.4128115915900335,499.2765270778687,1,vibration,0.0374172066597653,False,0.3416504047744224,False,21.133963346728667,True,0.156808506999834,False,1,WARNING,1,0.7455510102203466,6.604785712217032,98.5400860193196,3.087502418640664,73.58662436409253,WARNING,Vibration,1,Elevated telemetry deviation primarily associated with Vibration.
85.8,steady,121.2736462601194,746.942562116293,0.397002338560587,491.04707166197306,1,vibration,0.3762105758236298,False,0.0199795285612641,False,19.56691212011,True,1.2492840288514884,False,1,WARNING,1,7.248110724861034,0.3987932704353492,98.00271699000592,22.108768916549614,74.8806251599159,WARNING,Vibration,1,Elevated telemetry deviation primarily associated with Vibration.
85.9,steady,119.95143605183624,744.3076857453667,0.4004461041938195,495.2340868139231,1,vibration,0.3783539472892362,False,0.6022150517844983,False,19.908266461753623,True,0.5338866598735055,False,1,WARNING,1,7.287862554529245,11.347239120221108,98.13452279634852,10.127423179583307,74.89093148706124,WARNING,Vibration,1,Elevated telemetry deviation primarily associated with Vibration.
86.0,steady,120.7656596871142,746.9417741304502,0.3917616507250457,499.39054200531046,1,vibration,0.0863106462919053,False,0.0201536518539194,False,19.04744252305099,True,0.1762892053388551,False,1,WARNING,1,1.7113992316216242,0.4022617880536705,97.78404894537529,3.4643524379067925,72.60381227475271,WARNING,Vibration,1,Elevated telemetry deviation primarily associated with Vibration.
86.1,steady,122.0309760377182,750.5719578458007,0.4016305349821216,504.2300333617571,1,vibration,0.8084067416776348,False,0.7820175385008623,False,20.02567009342405,True,1.0031692757348605,False,1,WARNING,1,14.928775777339231,14.478596470920014,98.17781529729447,18.178803918689756,76.56992919636271,CRITICAL,Vibration,1,Critical telemetry deviation primarily associated with Vibration.
86.2,steady,119.8660752021328,746.6656520993098,0.4206541270205914,491.41792232735145,1,vibration,0.4270680386231815,False,0.0811690592743367,False,21.9113343422694,True,1.185920133411113,False,1,WARNING,1,8.186754081980684,1.6102753680811044,98.75030025615771,21.115389407232776,75.53318308892959,CRITICAL,Vibration,1,Critical telemetry deviation primarily associated with Vibration.
86.3,steady,119.70871147450364,747.6312623123077,0.4076674511111687,499.2918978965327,1,vibration,0.516873037366869,False,0.1322043550528496,False,20.62406375613517,True,0.15943477961462,False,1,WARNING,1,9.82109067345035,2.6094371811339,98.3833478533925,3.1383927799600975,73.9199995973996,WARNING,Vibration,1,Elevated telemetry deviation primarily associated with Vibration.
86.4,steady,120.08003196339124,740.0530576304894,0.3892460366835483,485.1864492290359,1,vibration,0.3049662876955669,False,1.5423713543418922,False,18.79808880203172,True,2.2506355207714366,False,1,WARNING,1,5.917041673870949,26.543314827675225,97.67073579564666,36.24528884148166,78.04391161680435,CRITICAL,Vibration,1,Critical telemetry deviation primarily associated with Vibration.
86.5,steady,118.74192980243672,747.3992015441671,0.4134733155906227,491.5459306794608,1,vibration,1.068600097684052,False,0.0809252801600692,False,21.199555023000464,True,1.164048505298281,False,1,WARNING,1,19.242554155593073,1.6054781791518424,98.55911258904328,20.76956661457442,76.32888544248488,CRITICAL,Vibration,1,Critical telemetry deviation primarily associated with Vibration.
86.6,steady,120.55214073198596,746.6667418265652,0.4208528404766217,497.9224358161491,1,vibration,0.0355412555785958,False,0.0809282593925292,False,21.93103129850369,True,0.0745528066890129,False,1,WARNING,1,0.7083047252577579,1.6055368071650422,98.75521362818829,1.4799949362736764,73.16393074179982,WARNING,Vibration,1,Elevated telemetry deviation primarily associated with Vibration.
86.7,steady,119.54326285869294,747.0875140389484,0.408978525950865,496.0105041691437,1,vibration,0.6112919543490549,False,0.0120508769107869,False,20.754020651119905,True,0.4012272562181449,False,1,WARNING,1,11.508031620792902,0.24072732414952558,98.42482550634341,7.711020586369588,74.29103951991807,WARNING,Vibration,1,Elevated telemetry deviation primarily associated with Vibration.
86.8,steady,119.88629598871822,745.5995113260051,0.4163198641822484,496.1827026581648,1,vibration,0.4155283544706894,False,0.3167569744509722,False,21.481711773469836,True,0.3718052595171479,False,1,WARNING,1,7.974610197022791,6.138640828688768,98.63817211382622,7.166354431860578,74.6076174114844,WARNING,Vibration,1,Elevated telemetry deviation primarily associated with Vibration.
86.9,steady,120.98151650821532,747.0265649707111,0.4145184288349278,495.3509720157032,1,vibration,0.209496731420019,False,0.0014171981103668,False,21.30314916425389,True,0.5139155437463105,False,1,WARNING,1,4.103370076354473,0.0283399456858624,98.58865894793266,9.76773418505017,73.92533734222076,WARNING,Vibration,1,Elevated telemetry deviation primarily associated with Vibration.
87.0,steady,120.40834372728128,747.2847788444947,0.4221075231194711,497.79361476603134,1,vibration,0.1176039394092808,False,0.055640996939987,False,22.05539846315291,True,0.0965632931522201,False,1,WARNING,1,2.3246330182093655,1.1066510019766218,98.78579384442348,1.9127364000010583,73.32212474702868,WARNING,Vibration,1,Elevated telemetry deviation primarily associated with Vibration.
87.1,steady,118.69062525181032,744.8321560086432,0.4293198356214114,494.9079718284626,1,vibration,1.097878795983617,False,0.4863214859522332,False,22.770300244525583,True,0.5896069747317099,False,1,WARNING,1,19.714066858904488,9.26838266743566,98.94756120056032,11.123408863889194,76.4830889945583,CRITICAL,Vibration,1,Critical telemetry deviation primarily associated with Vibration.
87.2,steady,120.05732178027718,743.9000684100471,0.4227847321604026,495.7117254126903,1,vibration,0.3179266312051781,False,0.6922873204963909,False,22.12252505390911,True,0.4522768771333468,False,1,WARNING,1,6.160595375203027,12.929971349760761,98.80198601265376,8.648490178711011,75.29363216340369,CRITICAL,Vibration,1,Critical telemetry deviation primarily associated with Vibration.
87.3,steady,120.38436433885192,744.7335191797063,0.4493747216438764,499.3001523008865,1,vibration,0.1312885983851236,False,0.5081175240278244,False,24.75818883626771,True,0.1608451349495997,False,1,WARNING,1,2.5915983361246453,9.663039803485251,99.29281825514707,3.1657107838692133,74.57773399397539,WARNING,Vibration,1,Elevated telemetry deviation primarily associated with Vibration.
87.4,steady,119.55151075005998,745.4561275264296,0.4320346369078458,484.6448779840612,1,vibration,0.6065850127621086,False,0.3484408676646215,False,23.0393978848764,True,2.343168895910657,False,1,WARNING,1,11.424687091950137,6.7315389687551015,99.00270572390004,37.41432570395203,77.8769187507838,CRITICAL,Vibration,1,Critical telemetry deviation primarily associated with Vibration.
87.5,steady,119.20732865233784,743.1612399503291,0.4601443901079026,501.8519564728164,1,vibration,0.8030043103932405,False,0.8555481776518618,False,25.82570430618865,True,0.5968488092843998,False,1,WARNING,1,14.83680781259713,15.727082465344555,99.42877418534238,11.252041601425022,76.98761500113459,CRITICAL,Vibration,1,Critical telemetry deviation primarily associated with Vibration.
87.6,steady,119.82909779871623,743.7268826049105,0.4392342320853923,498.7751678350798,1,vibration,0.4481704598570991,False,0.7305566408262341,False,23.753039094433728,True,0.0711457925869349,False,1,WARNING,1,8.573433878052573,13.59384965519672,99.13535618627924,1.4128402498579162,75.17558601840283,CRITICAL,Vibration,1,Critical telemetry deviation primarily associated with Vibration.
87.7,steady,119.41766422113965,747.8340725167895,0.4286533641191988,501.3699423696598,1,vibration,0.6829691169176951,False,0.1770198563888634,False,22.704237984461603,True,0.5144914237258726,False,1,WARNING,1,12.767552801346449,3.4784581816949323,98.93356363597883,9.778126177663305,75.24061518309605,CRITICAL,Vibration,1,Critical telemetry deviation primarily associated with Vibration.
87.8,steady,118.89382252147624,748.6404855053723,0.441653892889322,487.04056082681865,1,vibration,0.9819173172998388,False,0.3552150436554536,False,23.992881699504103,True,1.933840259539197,False,1,WARNING,1,17.830291654910724,6.857816800497374,99.17585282444618,32.075137292055686,78.10897546093214,CRITICAL,Vibration,1,Critical telemetry deviation primarily associated with Vibration.
87.9,steady,119.56280736146184,743.5863466267485,0.4589416742311539,491.49732405547263,1,vibration,0.6001382147100014,False,0.7616112434936377,False,25.706488212523617,True,1.172353479045474,False,1,WARNING,1,11.310408003417438,14.128848251887238,99.41499065441367,20.90105871434853,77.37333316747474,CRITICAL,Vibration,1,Critical telemetry deviation primarily associated with Vibration.
88.0,steady,118.42159384183056,743.0053233608031,0.4514156008975504,496.8294693216788,1,vibration,1.251410780763366,False,0.8900014742404729,False,24.960485702026865,True,0.2612980956715455,False,1,WARNING,1,22.14189293631802,16.305782328207442,99.32085929865687,5.091756510508616,77.05883401307493,CRITICAL,Vibration,1,Critical telemetry deviation primarily associated with Vibration.
88.1,steady,119.5426615408962,744.4530613350922,0.4580507687735492,494.1528264126488,1,vibration,0.6116351169367366,False,0.5700910274918638,False,25.61817951839744,True,0.7186318347008464,False,1,WARNING,1,11.514104838952012,10.775828797049137,99.40456658955566,13.387528400717185,76.43264578801015,CRITICAL,Vibration,1,Critical telemetry deviation primarily associated with Vibration.
88.2,steady,119.73418284053903,745.5630246856666,0.461912049978287,497.3520904907151,1,vibration,0.5023369302901558,False,0.3248195227976551,False,26.00091900880433,True,0.1720025484302977,False,1,WARNING,1,9.558539154266732,6.289871214930587,99.4484449440316,3.3815539099813163,75.02585002065145,CRITICAL,Vibration,1,Critical telemetry deviation primarily associated with Vibration.
88.3,steady,121.4343787531704,742.5440428499708,0.4676040959128594,497.5508224277259,1,vibration,0.4679380758897887,False,0.9919318352018656,False,26.56512830744276,True,0.138047021710218,False,1,WARNING,1,8.934177355176908,17.994704951002582,99.50730032817171,2.723174833897457,75.98118899178337,CRITICAL,Vibration,1,Critical telemetry deviation primarily associated with Vibration.
88.4,steady,119.23871095559244,742.5258422125432,0.4601895724041609,487.179019894347,1,vibration,0.7850949246230006,False,0.9959536776581348,False,25.83018288418606,True,1.9101830123054988,False,1,WARNING,1,14.531216752039855,18.06064090449916,99.42928561213472,31.75299273360682,78.95927254808713,CRITICAL,Vibration,1,Critical telemetry deviation primarily associated with Vibration.
88.5,steady,120.89373781375524,743.7828588176845,0.4498956913392946,496.22608069310365,1,vibration,0.1594028141973209,False,0.7181874306833432,False,24.809828606895437,True,0.3643936474401728,False,1,WARNING,1,3.1377735336416412,13.37982987252765,99.30008440892698,7.028642996974566,75.29410881185873,CRITICAL,Vibration,1,Critical telemetry deviation primarily associated with Vibration.
88.6,steady,121.43070195800983,743.7222383917039,0.4704953646861297,495.5713060210659,1,vibration,0.4658397868510711,False,0.7315828847654918,False,26.85171782999632,True,0.476269067196197,False,1,WARNING,1,8.895952851640732,13.611582592923677,99.53474674163412,9.085784731481915,76.17129123735923,CRITICAL,Vibration,1,Critical telemetry deviation primarily associated with Vibration.
88.7,steady,119.00730092530416,743.6397783592755,0.4796489377623279,502.2079659225488,1,vibration,0.9171569810601032,False,0.7498042938060399,False,27.759042033757403,True,0.6576769205825445,False,1,WARNING,1,16.759101981172954,13.925833373918007,99.61195665076355,12.325174837335428,77.22720267177543,CRITICAL,Vibration,1,Critical telemetry deviation primarily associated with Vibration.
88.8,steady,119.96176638578136,747.0754977275627,0.4588416412429013,494.7772039369095,1,vibration,0.3724585885497075,False,0.0093956011551437,False,25.6965727018634,True,0.611950100363904,False,1,WARNING,1,7.1784838225646075,0.18773557899793847,99.413829370041,11.519678981476677,74.97021526892118,WARNING,Vibration,1,Elevated telemetry deviation primarily associated with Vibration.
88.9,steady,120.23198926608464,742.8491453612332,0.4657327442728051,494.6260035030301,1,vibration,0.218246650438153,False,0.9245125352902024,False,26.37963542694298,True,0.6377843495032319,False,1,WARNING,1,4.271040872164555,16.88146853962674,99.48867858758811,11.975664494138794,76.27161567511511,CRITICAL,Vibration,1,Critical telemetry deviation primarily associated with Vibration.
89.0,steady,120.14822636243592,744.6660406259151,0.4863773868110845,499.50212487041136,1,vibration,0.2660488191480079,False,0.5230284365497371,False,28.42598210457897,True,0.1953543592060511,False,1,WARNING,1,5.181890247772647,9.932039802775982,99.66041338350226,3.8317449481883425,75.1573014327224,CRITICAL,Vibration,1,Critical telemetry deviation primarily associated with Vibration.
89.1,steady,119.8260231887741,746.4894474040228,0.5016709945686604,492.3829116912757,1,vibration,0.4499250912842422,False,0.1201054716566508,False,29.94192133025238,True,1.021041137995579,False,1,WARNING,1,8.60551223439282,2.3734884119117394,99.7492287425005,18.470741290694836,76.14190861708158,CRITICAL,Vibration,1,Critical telemetry deviation primarily associated with Vibration.
89.2,steady,120.1214106568652,743.0491636321699,0.4737107321609592,494.6887183890169,1,vibration,0.2813521196059459,False,0.8803139748119854,False,27.170432796230106,True,0.6270688247672371,False,1,WARNING,1,5.471652594027365,16.143467599426753,99.56347794290367,11.786816817326907,76.3507344713348,CRITICAL,Vibration,1,Critical telemetry deviation primarily associated with Vibration.
89.3,steady,121.66387122318665,746.6655270935241,0.483134019540178,496.89475905877214,1,vibration,0.598905810907239,False,0.0811966821297481,False,28.10449173113868,True,0.2501426294401697,False,1,WARNING,1,11.288545031038687,1.6108189276071272,99.63786136115496,4.879770977632736,75.03859706077615,CRITICAL,Vibration,1,Critical telemetry deviation primarily associated with Vibration.
89.4,steady,120.3300107796809,746.8294857995083,0.4806487351216969,496.2495900120516,1,vibration,0.1623073177978418,False,0.0449662980331441,False,27.85814435538203,True,0.3603768229694037,False,1,WARNING,1,3.194024531042594,0.8952941202603704,99.6195721296492,6.953923062929201,74.43571809561159,WARNING,Vibration,1,Elevated telemetry deviation primarily associated with Vibration.
89.5,steady,120.2150641819985,743.9826045025085,0.4956911521553837,493.0591603235714,1,vibration,0.2279055291263502,False,0.6740491042714036,False,29.34918495167348,True,0.9054966570796232,False,1,WARNING,1,4.455789249128084,12.61179099649522,99.71766664728403,16.56475228334493,76.48460824865668,CRITICAL,Vibration,1,Critical telemetry deviation primarily associated with Vibration.
89.6,steady,121.8630952659055,743.6668099128832,0.4919405683752724,497.57147193295,1,vibration,0.7125998316045702,False,0.7438310607041108,False,28.97741805653857,True,0.1345188277171494,False,1,WARNING,1,13.2829760079894,13.822943715501124,99.69587407163914,2.6545083078210463,76.12974458057363,CRITICAL,Vibration,1,Critical telemetry deviation primarily associated with Vibration.
89.7,steady,120.02260190054864,750.2174197413594,0.4948238905061731,492.92610812323545,1,vibration,0.3377407192569717,False,0.7036743262652948,False,29.26321988876612,True,0.9282300818709668,False,1,WARNING,1,6.531727969319512,13.12803910799053,99.7127705173945,16.943244973589522,76.74093181103215,CRITICAL,Vibration,1,Critical telemetry deviation primarily associated with Vibration.
89.8,steady,121.35710983974204,749.7246560622302,0.4881734171876912,490.8841735735919,1,vibration,0.4238419250302119,False,0.5947870472608734,False,28.604008960083384,True,1.2771169503027389,False,1,WARNING,1,8.12749497424109,11.215438621221885,99.6722917689742,22.541152453627767,77.17317270891391,CRITICAL,Vibration,1,Critical telemetry deviation primarily associated with Vibration.
89.9,steady,120.50692615544828,745.954863775809,0.4961261012425064,486.8719213160133,1,vibration,0.0613445016654643,False,0.2382338141906951,False,29.39229815248207,True,1.9626541658561327,False,1,WARNING,1,1.2193944231536413,4.6529471177326425,99.72009064056064,32.46544770125863,76.89812340610115,CRITICAL,Vibration,1,Critical telemetry deviation primarily associated with Vibration.
90.0,steady,119.34726810042154,746.9191979684008,0.5129095864663179,498.32906106558886,1,vibration,0.7231430733172768,False,0.0251423654301038,False,31.05591762001304,True,0.0050764319799974,False,1,WARNING,1,13.465639063143309,0.5015851479896694,99.7993139110052,0.10147711671495419,74.83300537555303,WARNING,Vibration,1,Elevated telemetry deviation primarily associated with Vibration.
90.1,steady,120.07953472383616,742.5073564606316,0.515276078126327,493.7073495197539,1,vibration,0.3052500544713765,False,1.000038522607672,False,31.29048997151458,True,0.7947464379568322,False,1,WARNING,1,5.922381045904446,18.127555482643643,99.80851155436949,14.696038243408493,76.99905006389369,CRITICAL,Vibration,1,Critical telemetry deviation primarily associated with Vibration.
90.2,steady,118.7260638207878,746.7641081320639,0.5404213258191943,495.17135281023104,1,vibration,1.0776545633065613,False,0.0594129722041334,False,33.782947468864,True,0.5446054510787058,False,1,WARNING,1,19.388664923603606,1.1812275216028567,99.88368105182906,10.31988189060481,76.36707003010741,CRITICAL,Vibration,1,Critical telemetry deviation primarily associated with Vibration.
90.3,steady,120.6066755778127,746.4896974335244,0.5119370718798446,497.9523751367264,1,vibration,0.0044190787291847,False,0.1200502219837374,False,30.95951963253071,True,0.0694373460583051,False,1,WARNING,1,0.08834252957378164,2.372409639384987,99.79540722533235,1.379148315930434,73.93510412111041,WARNING,Vibration,1,Elevated telemetry deviation primarily associated with Vibration.
90.4,steady,121.25069063711588,746.5736813065673,0.5201057135167214,492.4482596264916,1,vibration,0.363110163638108,False,0.1014920858969653,False,31.76921506045722,True,1.0098757279779336,False,1,WARNING,1,7.004774487467225,2.0093791176194253,99.82599527519828,18.28847633976014,76.01065163563283,CRITICAL,Vibration,1,Critical telemetry deviation primarily associated with Vibration.
90.5,steady,120.35716328870626,748.9793820396724,0.5141037423868515,501.1910910032461,1,vibration,0.1468118089175717,False,0.4301018972262562,False,31.174285230206934,True,0.483932710101229,False,1,WARNING,1,2.893547596726187,8.242446865069986,99.80400906288959,9.225024811759186,75.38704587031717,CRITICAL,Vibration,1,Critical telemetry deviation primarily associated with Vibration.
90.6,steady,121.27672250217516,744.2959642100116,0.530207890307394,492.6159733348271,1,vibration,0.3779661386722895,False,0.6048051901096928,False,32.77056714849426,True,0.9812200051466284,False,1,WARNING,1,7.280671362492841,11.393151809890467,99.85757549992441,17.818831268531664,76.8380691947743,CRITICAL,Vibration,1,Critical telemetry deviation primarily associated with Vibration.
90.7,steady,119.88967671679356,748.1933409710778,0.5274765906587867,487.16619399241887,1,vibration,0.4135990262504383,False,0.2564083464023693,False,32.499834150759256,True,1.9123744580397888,False,1,WARNING,1,7.939093908900475,4.998895608408393,99.84965109373456,31.782898102119262,77.5521953483292,CRITICAL,Vibration,1,Critical telemetry deviation primarily associated with Vibration.
90.8,steady,119.43675789573264,749.7713917252908,0.5399484490296897,498.268968400304,1,vibration,0.6720726578119659,False,0.6051143489648495,False,33.73607478287103,True,0.0153439216067398,False,1,WARNING,1,12.57724054497703,11.398630358863638,99.88258548834555,0.30640804157300305,75.78810620537854,CRITICAL,Vibration,1,Critical telemetry deviation primarily associated with Vibration.
90.9,steady,119.62412117624586,745.4832233319237,0.5372402711106875,497.56344131647694,1,vibration,0.5651473871374214,False,0.3424534366552939,False,33.46763366664818,True,0.1358909464431601,False,1,WARNING,1,10.687566727976671,6.619784374663162,99.87610942310326,2.681218557098819,75.4076305447658,CRITICAL,Vibration,1,Critical telemetry deviation primarily associated with Vibration.
91.0,steady,119.55779584496464,747.3043960728959,0.5333999772578222,492.2659078027191,1,vibration,0.602998208175553,False,0.0599758672088174,False,33.08697449309332,True,1.0410325330576695,False,1,WARNING,1,11.361123828056485,1.1923518140896538,99.86630908029565,18.79606720939917,76.39448794622825,CRITICAL,Vibration,1,Critical telemetry deviation primarily associated with Vibration.
91.1,steady,120.70290216640753,746.6394221257419,0.5551066174022499,491.0248860611698,1,vibration,0.0504959185072355,False,0.0869651651383279,False,35.23858893058369,True,1.2530746815880691,False,1,WARNING,1,1.0048358188359918,1.724264737849901,99.91306091692589,22.16779825940072,75.86436107264042,CRITICAL,Vibration,1,Critical telemetry deviation primarily associated with Vibration.
91.2,steady,119.60850674539552,748.1477908579485,0.5564552728895407,496.2402931925623,1,vibration,0.5740582966845279,False,0.2463430187675228,False,35.372270909846634,True,0.3619652863403581,False,1,WARNING,1,10.84659597922113,4.807459538105274,99.91535455621258,6.983478424924739,75.66835820515375,CRITICAL,Vibration,1,Critical telemetry deviation primarily associated with Vibration.
91.3,steady,118.96683405632898,750.7160811115554,0.5629442085296743,487.8572887853681,1,vibration,0.9402507852818852,False,0.8138648334901833,False,36.015469834892684,True,1.7942933480729435,False,1,WARNING,1,17.142685259963674,15.02159041952128,99.92557205337481,30.152694015709823,79.14784423769346,CRITICAL,Vibration,1,Critical telemetry deviation primarily associated with Vibration.
91.4,steady,120.91428873029348,743.0718522607808,0.5503219137398911,495.2222837020284,1,vibration,0.1711308983098655,False,0.8753004092055452,False,34.76431758271289,True,0.5359033507353247,False,1,WARNING,1,3.3647089456984025,16.059341383901515,99.90441059874023,10.163664911135474,76.26842790013526,CRITICAL,Vibration,1,Critical telemetry deviation primarily associated with Vibration.
91.5,steady,121.05607327008369,744.8229131865676,0.5512474595421278,499.1530208094375,1,vibration,0.2520451001374947,False,0.4883638965209593,False,34.856059911207815,True,0.1357061091623655,False,1,WARNING,1,4.915956782640373,9.305437341666122,99.90614852469491,2.6776208628139897,75.15944834833554,CRITICAL,Vibration,1,Critical telemetry deviation primarily associated with Vibration.
91.6,steady,121.02991312300392,744.3872188105884,0.5632084784642591,495.5186108955165,1,vibration,0.2371159165764059,False,0.5846404223431182,False,36.0416649071316,True,0.4852726061870822,False,1,WARNING,1,4.631627085870871,11.035082954426489,99.92596096282185,9.249347359434623,75.87555123255767,CRITICAL,Vibration,1,Critical telemetry deviation primarily associated with Vibration.
91.7,steady,119.89093868476132,748.3941917414853,0.559796475099041,495.6118928146491,1,vibration,0.4128788410243568,False,0.3007908664660806,False,35.703458917972384,True,0.4693343692572244,False,1,WARNING,1,7.925832772982688,5.838441663317873,99.92077961267806,8.95960472543662,75.67991439100209,CRITICAL,Vibration,1,Critical telemetry deviation primarily associated with Vibration.
91.8,steady,119.08195726038024,744.5335550878267,0.5752228808129474,490.6147618399362,1,vibration,0.8745517874826193,False,0.5523041124180911,False,37.23256139683508,True,1.3231488939271443,False,1,WARNING,1,16.046772482894422,10.457859011073168,99.9416526941399,23.25099615209676,78.06058628095882,CRITICAL,Vibration,1,Critical telemetry deviation primarily associated with Vibration.
91.9,steady,118.69953755074364,747.8829817313274,0.562404386979654,501.49005863649415,1,vibration,1.0927926874720244,False,0.1878274534477221,False,35.96196142304432,True,0.5350146026842164,False,1,WARNING,1,19.632356713701704,3.6868660480220083,99.92477127191871,10.147695118319511,76.62287412754384,CRITICAL,Vibration,1,Critical telemetry deviation primarily associated with Vibration.
92.0,steady,119.96354246353631,743.4928167094421,0.5800756553944266,493.92497307358855,1,vibration,0.3714450089722828,False,0.7822787939490721,False,37.7135800981138,True,0.7575630717183719,False,1,WARNING,1,7.159665516615387,14.483064940699887,99.94700437063463,14.059295865122422,76.83484302655634,CRITICAL,Vibration,1,Critical telemetry deviation primarily associated with Vibration.
92.1,steady,119.38416844347933,736.8168384032173,0.5735139822390971,494.45303629089886,1,vibration,0.7020846292153746,False,2.257487181348808,False,37.06317125542037,True,0.6673376909618903,False,1,WARNING,1,13.100414696788576,36.33259413740764,99.93964213791415,12.494412558797807,79.12413544859866,CRITICAL,Vibration,1,Critical telemetry deviation primarily associated with Vibration.
92.2,steady,121.6679139618372,743.739550588081,0.5947217873818054,493.69933982827166,1,vibration,0.6012129381271131,False,0.7277573634518522,False,39.1653399664195,True,0.7961149814191251,False,1,WARNING,1,11.32946931105524,13.545461154843675,99.96035925625844,14.719383484199023,77.18526742212417,CRITICAL,Vibration,1,Critical telemetry deviation primarily associated with Vibration.
92.3,steady,122.22911476767356,748.1373487199086,0.5873270523850992,497.1418938209368,1,vibration,0.9214813914892452,False,0.2440355922133452,False,38.43235602811928,True,0.2079169502344837,False,1,WARNING,1,16.8310644186804,4.763519440906105,99.95410049836664,4.073066150907523,75.96206849346362,CRITICAL,Vibration,1,Critical telemetry deviation primarily associated with Vibration.
92.4,steady,118.69247098146452,746.4388875094528,0.5816070009495605,493.2360515678567,1,vibration,1.096825467165251,False,0.1312778237995879,False,37.865370756791975,True,0.8752728517757428,False,1,WARNING,1,19.697151579814577,2.5913884288673583,99.94858904337724,16.058878744865122,77.06748356042608,CRITICAL,Vibration,1,Critical telemetry deviation primarily associated with Vibration.
92.5,steady,120.4321238245461,747.0457504468549,0.5861687069345112,495.996472154998,1,vibration,0.1040330127594975,False,0.0028222667328854,False,38.3175380379327,True,0.4036247794266814,False,1,WARNING,1,2.0591638667826095,0.05642940727558221,99.95303428547201,7.755262972314436,74.57906270709323,WARNING,Vibration,1,Elevated telemetry deviation primarily associated with Vibration.
92.6,steady,117.6788232726382,746.2771003110738,0.5985076572700668,507.1798666811116,1,vibration,1.6752982358849298,False,0.1670283641810701,False,39.54060450555798,True,1.5071805866581014,False,1,WARNING,1,28.470458027239697,3.285386491921949,99.96322550391072,26.02449176261874,78.77865823378994,CRITICAL,Vibration,1,Critical telemetry deviation primarily associated with Vibration.
92.7,steady,120.59916710032331,746.7431656992245,0.5946827697429589,486.613532017133,1,vibration,0.0087040484719573,False,0.0640406763637592,False,39.16147244410834,True,2.006802805849691,False,1,WARNING,1,0.17392953640431585,1.2726460181906818,99.96032858210451,33.059134524804065,76.7399919612495,CRITICAL,Vibration,1,Critical telemetry deviation primarily associated with Vibration.
92.8,steady,121.01425702368826,747.5169008318873,0.6188079516075159,492.4191170629562,1,vibration,0.2281812274929882,False,0.1069335996109926,False,41.55281856038821,True,1.0148550539468857,False,1,WARNING,1,4.46105738045437,2.1159645699548646,99.97540946155512,18.36980949695296,75.9147122295411,CRITICAL,Vibration,1,Critical telemetry deviation primarily associated with Vibration.
92.9,steady,121.13163583347092,740.7218106170072,0.6165985527682011,497.4613632082189,1,vibration,0.295167463926767,False,1.39459525778241,False,41.33381762753013,True,0.1533321085664978,False,1,WARNING,1,5.732480418962815,24.339885357859046,99.97430845525645,3.020097697836943,76.62664303978428,CRITICAL,Vibration,1,Critical telemetry deviation primarily associated with Vibration.
93.0,steady,119.38241536997953,745.495980673855,0.6125047632705719,504.724386488112,1,vibration,0.7030850806270116,False,0.3396344134418031,False,40.92803135528631,True,1.0876349184673977,False,1,WARNING,1,13.117800719900885,6.567121331118242,99.97213645527037,19.54941039135656,77.16245472446978,CRITICAL,Vibration,1,Critical telemetry deviation primarily associated with Vibration.
93.1,steady,119.0686249908895,746.3157985209597,0.6082325993749045,491.8653226329725,1,vibration,0.8821603035168051,False,0.1584771195271211,False,40.5045641832098,True,1.1094768940375528,False,1,WARNING,1,16.174427227481512,3.119838904137062,99.96967378171419,19.9000838561441,77.15714003794346,CRITICAL,Vibration,1,Critical telemetry deviation primarily associated with Vibration.
93.2,steady,120.74178598786882,746.9762240465889,0.6117651801030057,490.5369297824436,1,vibration,0.0726863024673223,False,0.0125411637807337,False,40.854722090910414,True,1.3364473528845704,False,1,WARNING,1,1.4432104697901682,0.2505089768697788,99.97172491447405,23.45485362843417,75.92964726849534,CRITICAL,Vibration,1,Critical telemetry deviation primarily associated with Vibration.
93.3,steady,121.05862563507344,742.6358721484554,0.6360532937739666,498.8045550434601,1,vibration,0.2535016946027607,False,0.9716400749354694,False,43.26221840015669,True,0.0761669188054709,False,1,WARNING,1,4.943652526514885,17.6612223562851,99.98253005833585,1.511794270005895,75.8473244688932,CRITICAL,Vibration,1,Critical telemetry deviation primarily associated with Vibration.
93.4,steady,119.30060331681015,745.426112128968,0.6300696788202451,498.2000648529865,1,vibration,0.7497739297206734,False,0.3550734485471974,False,42.66910807828518,True,0.0271168468709927,False,1,WARNING,1,13.925310659662182,6.855179067645878,99.9803298187025,0.5408689456708582,75.60111212517874,CRITICAL,Vibration,1,Critical telemetry deviation primarily associated with Vibration.
93.5,steady,119.718746282937,745.5928769767729,0.6282419906960718,496.83650812871485,1,vibration,0.5111463303783642,False,0.3182229839529973,False,42.4879432306148,True,0.2600954384439997,False,1,WARNING,1,9.717745864152338,6.166157123460314,99.97960404047267,5.068925347815146,75.56833045919852,CRITICAL,Vibration,1,Critical telemetry deviation primarily associated with Vibration.
93.6,steady,120.10830770023811,747.3995248509739,0.6375481734313788,497.9989175742113,1,vibration,0.2888297704036348,False,0.0809967221107711,False,43.4103944712482,True,0.0614850611693875,False,1,WARNING,1,5.612916929637635,1.606884068423331,99.98304018757051,1.222171294705321,74.4761647139503,WARNING,Vibration,1,Elevated telemetry deviation primarily associated with Vibration.
93.7,steady,119.58622660948268,741.0224938600921,0.6333928646767981,492.2465800112736,1,vibration,0.5867732190354822,False,1.3281524951185752,False,42.99851026212609,True,1.0443348977844438,False,1,WARNING,1,11.07302367802847,23.327762016532205,99.98158393442851,18.84968250238952,78.39583411887418,CRITICAL,Vibration,1,Critical telemetry deviation primarily associated with Vibration.
93.8,steady,119.80152784530814,745.0578384220959,0.6551951569839488,491.9761245504471,1,vibration,0.4639041976661813,False,0.4364518527774894,False,45.15960597230181,True,1.0905451736204153,False,1,WARNING,1,8.860678022651491,8.358904176321714,99.9880467372987,19.59622311493231,76.96256743372453,CRITICAL,Vibration,1,Critical telemetry deviation primarily associated with Vibration.
93.9,steady,123.0920163057568,746.1565170690625,0.6468771461426109,504.5554595514127,1,vibration,1.4139256968637892,False,0.19367395855472,False,44.33510470917019,True,1.0587719022903743,False,1,WARNING,1,24.6318293011624,3.7994192767993984,99.98590381035196,19.083658049105313,77.89715839000294,CRITICAL,Vibration,1,Critical telemetry deviation primarily associated with Vibration.
94.0,steady,117.44461124080668,748.6875112790275,0.6396341209798394,491.0273529470725,1,vibration,1.808959350433212,False,0.3656064518563093,False,43.61715861490438,True,1.2526531871295377,False,1,WARNING,1,30.357269988749035,7.051191476643936,99.98372722050887,22.161236814497542,78.95034742461571,CRITICAL,Vibration,1,Critical telemetry deviation primarily associated with Vibration.
94.1,steady,119.83146896693428,742.3999567644529,0.6606760754359348,504.4298969665933,1,vibration,0.4468172715331376,False,1.023770914377028,False,45.70288780650255,True,1.0373181602899302,False,1,WARNING,1,8.548687057137483,18.51524047127264,99.9892774617607,18.7357204618247,77.74956132719406,CRITICAL,Vibration,1,Critical telemetry deviation primarily associated with Vibration.
94.2,steady,118.13392306726789,743.5302802758649,0.6762457068416466,498.0512948413693,1,vibration,1.4155799570876366,False,0.7740003716903666,False,47.24618716080327,True,0.0525358317638875,False,1,WARNING,1,24.656760889987652,14.341358602843023,99.99212504057112,1.0452158906430253,77.24798406347516,CRITICAL,Vibration,1,Critical telemetry deviation primarily associated with Vibration.
94.3,steady,119.88108423837308,745.1722425821974,0.6450085700652373,499.2979789369659,1,vibration,0.4185026182368648,False,0.4111716662948736,False,44.14988694912645,True,0.1604737919345336,False,1,WARNING,1,8.029335475159726,7.894390067163237,99.98537184531017,3.158518769418228,75.4089081131936,CRITICAL,Vibration,1,Critical telemetry deviation primarily associated with Vibration.
94.4,steady,119.9849305854931,741.9398705747668,0.6593943108308294,496.0615188847592,1,vibration,0.3592391449247195,False,1.1254373630709724,False,45.57583621254518,True,0.3925108336579119,False,1,WARNING,1,6.932749358359613,20.155362648693686,99.98900150745041,7.549994321408793,76.77272291548512,CRITICAL,Vibration,1,Critical telemetry deviation primarily associated with Vibration.
94.5,steady,119.54109025675515,742.710200365531,0.6681158780715644,495.8145900118369,1,vibration,0.6125318240269851,False,0.9552155744022398,False,46.440338957689065,True,0.4347013344329177,False,1,WARNING,1,11.5299726019515,17.390302968874348,99.99074783411882,8.326814675452287,77.00229692421198,CRITICAL,Vibration,1,Critical telemetry deviation primarily associated with Vibration.
94.6,steady,120.33819412523876,745.5036950458019,0.6688287066914345,495.89222585653766,1,vibration,0.1576372114867227,False,0.3379297484956928,False,46.51099624687634,True,0.4214364005786819,False,1,WARNING,1,3.1035634519351096,6.535261549785398,99.9908776612272,8.08328402859022,75.29395681530725,CRITICAL,Vibration,1,Critical telemetry deviation primarily associated with Vibration.
94.7,steady,120.8692519353711,747.3188598212603,0.6854654656186585,495.2777546017443,1,vibration,0.1454291093883712,False,0.0631719595149436,False,48.16007185059436,True,0.5264255403450031,False,1,WARNING,1,2.866690074104883,1.2554913048063887,99.99344052155243,9.993213061115558,74.98025939814727,WARNING,Vibration,1,Elevated telemetry deviation primarily associated with Vibration.
94.8,steady,120.66367308716838,744.8262791601621,0.670825227563788,486.01245110208777,1,vibration,0.0281085013758242,False,0.4876201085320404,False,46.708896203070594,True,2.109504059501946,False,1,WARNING,1,0.5605928087517698,9.29194483286131,99.99123167124513,34.42009163675868,77.61738841940081,CRITICAL,Vibration,1,Critical telemetry deviation primarily associated with Vibration.
94.9,steady,119.67638635875912,743.8467734883901,0.683955955035547,501.2046640553318,1,vibration,0.5353204713630173,False,0.7040640387282142,False,48.01044552691842,True,0.4862518146181119,False,1,WARNING,1,10.1531915513554,13.134809861289988,99.99324126082837,9.267118380061913,76.5935884117228,CRITICAL,Vibration,1,Critical telemetry deviation primarily associated with Vibration.
95.0,steady,120.0433781211387,749.2178658463014,0.7089570123311191,503.6910506875309,1,vibration,0.3258840576736475,False,0.4828002877333207,False,50.48861052489882,True,0.9110781862420146,False,1,WARNING,1,6.309820631235374,9.20446336095251,99.99588267632026,16.657839570397936,76.56202428551246,CRITICAL,Vibration,1,Critical telemetry deviation primarily associated with Vibration.
95.1,steady,120.08000221614712,744.6155986420107,0.6942382875330547,494.2244871087056,1,vibration,0.3049832639788595,False,0.5341747336644985,False,49.02965508240522,True,0.70638782039526,False,1,WARNING,1,5.917361109119379,10.132601017204134,99.9944876311534,13.175171628639736,76.30313383153492,CRITICAL,Vibration,1,Critical telemetry deviation primarily associated with Vibration.
95.2,steady,121.03911020187796,747.9823450787463,0.6980035300148593,492.55835829599545,1,vibration,0.2423645445110148,False,0.209784032212495,False,49.40287498334795,True,0.9910641651742186,False,1,WARNING,1,4.731685181142497,4.108880153602568,99.99488411467598,17.98047300885086,76.09306788963818,CRITICAL,Vibration,1,Critical telemetry deviation primarily associated with Vibration.
95.3,steady,119.25000754552362,745.1350640060025,0.7088636581100202,499.6233820286638,1,vibration,0.7786481388238737,False,0.4193871135175265,False,50.479357029720354,True,0.2160724719511498,False,1,WARNING,1,14.420945890431646,8.045603559959192,99.99587504933784,4.229405451833291,76.08285390283127,CRITICAL,Vibration,1,Critical telemetry deviation primarily associated with Vibration.
95.4,steady,121.31085183233756,745.4840358066497,0.6994806206876631,502.7606461462814,1,vibration,0.3974432093958565,False,0.3422739019900579,False,49.54928776745185,True,0.752108386339315,False,1,WARNING,1,7.641148986107382,6.616431317314131,99.99503174877754,13.965488805164162,76.21585446172469,CRITICAL,Vibration,1,Critical telemetry deviation primarily associated with Vibration.
95.5,steady,122.25962343017672,747.1680234063223,0.713065861454714,504.722074881611,1,vibration,0.9388922042543302,False,0.0298412423922763,False,50.895889543529705,True,1.0872399551942995,False,1,WARNING,1,17.120168525861434,0.5950473862193828,99.99620476035558,19.54305513471166,77.00729972735658,CRITICAL,Vibration,1,Critical telemetry deviation primarily associated with Vibration.
95.6,steady,119.8239550694972,742.9497568269804,0.7243483733999003,490.4879604189472,1,vibration,0.4511053343546236,False,0.9022801565539732,False,52.01423929415439,True,1.3448143046472272,False,1,WARNING,1,8.627083230562071,16.511061111800718,99.99696540611158,23.582836425451383,78.01084780419103,CRITICAL,Vibration,1,Critical telemetry deviation primarily associated with Vibration.
95.7,steady,121.96501274913317,745.4484040325453,0.7033985626804128,497.4381153233269,1,vibration,0.7707625326991284,False,0.3501475483090747,False,49.93764361159726,True,0.1573042641672065,False,1,WARNING,1,14.28587086093419,6.763369431438582,99.99540303297955,3.097110955339477,75.85941547099723,CRITICAL,Vibration,1,Critical telemetry deviation primarily associated with Vibration.
95.8,steady,121.27077558918252,746.1131959281082,0.7176916567768843,490.4693072640855,1,vibration,0.3745723291719737,False,0.203246744378168,False,51.35440951409328,True,1.3480014003292122,False,1,WARNING,1,7.217715651262246,3.983424587321105,99.99653731755386,23.631530666893596,76.7953049759252,CRITICAL,Vibration,1,Critical telemetry deviation primarily associated with Vibration.
95.9,steady,121.46623029290598,748.2843820715444,0.7181477804141077,489.6659937449775,1,vibration,0.486115247522874,False,0.2765259364911961,False,51.39962158729303,True,1.485256307985,False,1,WARNING,1,9.264640121000124,5.380366321865127,99.99656848742646,25.69940762845244,77.27760549071732,CRITICAL,Vibration,1,Critical telemetry deviation primarily associated with Vibration.
96.0,steady,119.81349909451836,743.2424458141564,0.7278284725754685,499.1847668485832,1,vibration,0.4570723944515445,False,0.8376039055273663,False,52.35919510400012,True,0.1411302674364786,False,1,WARNING,1,8.73606372543022,15.42409587016217,99.99716770752897,2.7831420137336416,76.10545007511865,CRITICAL,Vibration,1,Critical telemetry deviation primarily associated with Vibration.
96.1,steady,119.83531137907924,745.437890712911,0.7228184178229956,487.89597604416,1,vibration,0.4446244674921438,False,0.3524707040463476,False,51.86258641346516,True,1.7876832064450054,False,1,WARNING,1,8.50857129946585,6.806680011583022,99.99687195508287,30.060292833700565,77.7180531795392,CRITICAL,Vibration,1,Critical telemetry deviation primarily associated with Vibration.
96.2,steady,118.63874886650726,745.643499450049,0.7361244068984947,484.2814124549319,1,vibration,1.1274838313189968,False,0.3070368036296999,False,53.18150808947969,True,2.4052709599865896,False,1,WARNING,1,20.188035864790532,5.955993661112224,99.99759722613491,38.18685809809479,79.37718062137428,CRITICAL,Vibration,1,Critical telemetry deviation primarily associated with Vibration.
96.3,steady,121.6407159324917,742.1890734806178,0.7502788229340475,488.44206796727735,1,vibration,0.5856914515177003,False,1.070370345172935,False,54.58452788866121,True,1.694377423962629,False,1,WARNING,1,11.053781933706198,19.2711412278181,99.99818511902467,28.742883048743185,78.91709456867909,CRITICAL,Vibration,1,Critical telemetry deviation primarily associated with Vibration.
96.4,steady,119.88340043201836,743.5323599535436,0.7483613595071583,489.90496205619496,1,vibration,0.4171808030349833,False,0.7735408198742925,False,54.39446429682001,True,1.4444259563120565,False,1,WARNING,1,8.005018616562797,14.333485324187311,99.99811480247048,25.090179651501863,77.89861948114404,CRITICAL,Vibration,1,Critical telemetry deviation primarily associated with Vibration.
96.5,steady,120.10675961731329,751.9327079493917,0.7403110024684675,491.719946636662,1,vibration,0.289713236925519,False,1.0827060479438413,False,53.59649352307749,True,1.1343159742650657,False,1,WARNING,1,5.629593021915513,19.470065181610362,99.99778859787433,20.297018738731765,77.72057832337987,CRITICAL,Vibration,1,Critical telemetry deviation primarily associated with Vibration.
96.6,steady,120.26204340465353,742.4691711777231,0.7610645660771269,499.5083472063217,1,vibration,0.2010952273174334,False,1.0084764244458806,False,55.65363671947536,True,0.1964175134048265,False,1,WARNING,1,3.942099436759372,18.265605294822585,99.99853449759671,3.8521911111983553,76.02916007822084,CRITICAL,Vibration,1,Critical telemetry deviation primarily associated with Vibration.
96.7,steady,119.52281191510244,748.6773848956001,0.7765631391326819,494.02937347298143,1,vibration,0.6229629854762566,False,0.3633687984247209,False,57.18989259901054,True,0.7397251207352863,False,1,WARNING,1,11.714349236676313,7.009584723118023,99.99892217303457,13.75214708685004,76.59086219419437,CRITICAL,Vibration,1,Critical telemetry deviation primarily associated with Vibration.
96.8,steady,121.33553978194878,743.2702233870867,0.7534065053534176,492.8038614059475,1,vibration,0.4115322330687361,False,0.8314658225845017,False,54.89455130106524,True,0.94911727160881,False,1,WARNING,1,7.901031872204555,15.320205331431747,99.99829423241697,17.28948571072153,77.29343025141382,CRITICAL,Vibration,1,Critical telemetry deviation primarily associated with Vibration.
96.9,steady,119.61009802744395,746.2897407680847,0.7524836171414464,491.5491717893268,1,vibration,0.573150177103772,False,0.1642351693341602,False,54.80307239931652,True,1.1634947262011066,False,1,WARNING,1,10.830402118292959,3.2313428458697335,99.99826273682831,20.760790897028713,76.79569065626512,CRITICAL,Vibration,1,Critical telemetry deviation primarily associated with Vibration.
97.0,steady,119.12692786295707,745.3684414926496,0.7743250722397585,498.2669366888644,1,vibration,0.8488877734892984,False,0.3678170798924833,False,56.96805001965036,True,0.0156910617449203,False,1,WARNING,1,15.614749325396126,7.092277441806161,99.99887327469983,0.3133293307621243,75.76345019866301,CRITICAL,Vibration,1,Critical telemetry deviation primarily associated with Vibration.
97.1,steady,120.06304308934196,745.3767038143012,0.7615033288745272,498.4499272710818,1,vibration,0.314661570310168,False,0.3659913330669596,False,55.69712794442951,True,0.0155748822068436,False,1,WARNING,1,6.099297089027278,7.058346051264863,99.99854718961649,0.31101299358098355,74.92743596405606,WARNING,Vibration,1,Elevated telemetry deviation primarily associated with Vibration.
97.2,steady,122.88739930065697,742.2735452038179,0.7872290792738615,500.16912544138273,1,vibration,1.2971539975479771,False,1.0517044075609665,False,58.24712626780849,True,0.309318707617232,False,1,WARNING,1,22.85094063257722,18.969202012366214,99.9991275934953,5.99890374731139,77.93352315952508,CRITICAL,Vibration,1,Critical telemetry deviation primarily associated with Vibration.
97.3,steady,120.41282822936178,745.7429804235063,0.7803647026319205,497.4963259088412,1,vibration,0.1150447047637051,False,0.285054232731585,False,57.56671272665695,True,0.1473583484701485,False,1,WARNING,1,2.2746253845344566,5.54161761612364,99.9990004169934,2.904161520032489,74.68729820309306,WARNING,Vibration,1,Elevated telemetry deviation primarily associated with Vibration.
97.4,steady,119.85740034454903,745.5830679739355,0.7791167968915474,488.5329084461426,1,vibration,0.4320186430995067,False,0.3203905049655041,False,57.44301730489897,True,1.6788563338259908,False,1,WARNING,1,8.277615306005082,6.2068256730536735,99.99897537980344,28.521341743371497,77.5122503308177,CRITICAL,Vibration,1,Critical telemetry deviation primarily associated with Vibration.
97.5,steady,120.64371385049574,744.2838790654808,0.7907848027474835,494.2824663030945,1,vibration,0.0167180796355943,False,0.6074756761054345,False,58.59957814016942,True,0.6964814404047389,False,1,WARNING,1,0.33380322683219665,11.440463843597136,99.99918697235235,13.002977154086782,75.91740926175503,CRITICAL,Vibration,1,Critical telemetry deviation primarily associated with Vibration.
97.6,steady,119.77871431461044,749.3484127466843,0.7882039946888891,496.502838785252,1,vibration,0.4769235200126527,False,0.5116475777573668,False,58.34376223119796,True,0.3171064980554692,False,1,WARNING,1,9.097683765576969,9.726796159152308,99.99914429276906,6.145201951475476,75.9342160800851,CRITICAL,Vibration,1,Critical telemetry deviation primarily associated with Vibration.
97.7,steady,119.6819554995641,742.4794079520914,0.7784245892628434,486.4501096858506,1,vibration,0.5321422504951612,False,1.0062143776393524,False,57.37440401800838,True,2.0347252999388896,False,1,WARNING,1,10.096062796194404,18.228619523793622,99.99896122237493,33.431923819391784,79.15293693869725,CRITICAL,Vibration,1,Critical telemetry deviation primarily associated with Vibration.
97.8,steady,120.63225843281872,745.0859941549671,0.7862628373221666,495.2452197126274,1,vibration,0.0101806533456035,False,0.4302302068433896,False,58.151350038988966,True,0.5319844822713018,False,1,WARNING,1,0.20340591612618697,8.24480151015986,99.99911072125424,10.093225954540175,75.3717195777473,CRITICAL,Vibration,1,Critical telemetry deviation primarily associated with Vibration.
97.9,steady,119.89145046733316,743.4406947827779,0.8006147461007613,495.76841048013705,1,vibration,0.4125867747781317,False,0.7937963124093651,False,59.573945794394085,True,0.442591612896164,False,1,WARNING,1,7.9204542646168825,14.679826808494411,99.99933092806195,8.471365982413047,76.46827567680407,CRITICAL,Vibration,1,Critical telemetry deviation primarily associated with Vibration.
98.0,steady,121.90800119301213,750.4452339682783,0.8130851110671877,491.7961439881744,1,vibration,0.7382269363265569,False,0.7540150318374472,False,60.81003839665824,True,1.12129682271753,False,1,WARNING,1,13.72630017699552,13.998290013429814,99.99947747487718,20.089215275295103,77.93332261597246,CRITICAL,Vibration,1,Critical telemetry deviation primarily associated with Vibration.
98.1,steady,117.5811016893339,744.5991658493483,0.8099444139812417,488.5061274333304,1,vibration,1.7310664030355842,False,0.537805930839203,False,60.49872493916583,True,1.6834321630048,False,1,WARNING,1,29.26383954955527,10.197842572898242,99.9994439068834,28.586726645816142,79.70382564855011,CRITICAL,Vibration,1,Critical telemetry deviation primarily associated with Vibration.
98.2,steady,120.1948029745452,746.2436030217916,0.8341859554884851,497.42141181963166,1,vibration,0.2394682808309699,False,0.1744303478061777,False,62.90160490340554,True,0.1601582406068937,False,1,WARNING,1,4.676484763175615,3.4284565626598873,99.9996560969579,3.1524068849643427,74.73476433995144,WARNING,Vibration,1,Elevated telemetry deviation primarily associated with Vibration.
98.3,steady,120.43348191304288,741.1331648092623,0.829185890685597,500.3649256381708,1,vibration,0.1032579730627057,False,1.3036972460197105,False,62.405986440727744,True,0.3427733144299918,False,1,WARNING,1,2.043981082898938,22.95183569299345,99.99962026127297,6.62575823468563,76.51660775611438,CRITICAL,Vibration,1,Critical telemetry deviation primarily associated with Vibration.
98.4,steady,120.2229877627407,745.098132381982,0.8192944440400651,501.9076770262879,1,vibration,0.2233836665007028,False,0.4275479910722733,False,61.42552243208404,True,0.6063692757515259,False,1,WARNING,1,4.369342605897286,8.195566857450087,99.99953799474866,11.420865214855047,75.84841455546984,CRITICAL,Vibration,1,Critical telemetry deviation primarily associated with Vibration.
98.5,steady,121.17726430127912,744.1173134566759,0.8190023384341982,503.6952476675223,1,vibration,0.3212069112373202,False,0.6442821143367099,False,61.39656822108347,True,0.9117952862128916,False,1,WARNING,1,6.2221390899775075,12.089982483257177,99.99953531158778,16.669791645457554,76.81057469893156,CRITICAL,Vibration,1,Critical telemetry deviation primarily associated with Vibration.
98.6,steady,118.60394200507078,743.4894926607257,0.8458680838061869,493.65355963647465,1,vibration,1.147347558460368,False,0.7830133176880151,False,64.059565591091,True,0.8039370282888703,False,1,WARNING,1,20.504479489254447,14.495626861750921,99.9997271921706,14.85269297759373,78.11191874547823,CRITICAL,Vibration,1,Critical telemetry deviation primarily associated with Vibration.
98.7,steady,120.13069855768124,747.0730613962463,0.850881462809248,502.0918111642491,1,vibration,0.2760516610207102,False,0.0088572386519146,False,64.55650378934858,True,0.6378306087192694,False,1,WARNING,1,5.371390741926141,0.17698796429171937,99.99975300206258,11.976478877722052,75.28324287761589,CRITICAL,Vibration,1,Critical telemetry deviation primarily associated with Vibration.
98.8,steady,119.307148411327,745.7616154749169,0.843920019196406,490.4071303630379,1,vibration,0.7460387474539671,False,0.2809363966812694,False,63.86646873631845,True,1.3586250044496693,False,1,WARNING,1,13.860985705463547,5.46379274707035,99.99971645041902,23.793620085629396,77.52265075427331,CRITICAL,Vibration,1,Critical telemetry deviation primarily associated with Vibration.
98.9,steady,121.73011461356911,747.3701855845959,0.8545908702732488,493.4499733513159,1,vibration,0.6367098695661337,False,0.0745135476821505,False,64.92418918888413,True,0.8387219735247928,False,1,WARNING,1,11.956746385003235,1.4792213737257698,99.9997705137979,15.443006078145727,76.27674096465249,CRITICAL,Vibration,1,Critical telemetry deviation primarily associated with Vibration.
99.0,steady,119.97019235109344,744.7490550215834,0.8394390058248563,491.1420397246063,1,vibration,0.3676500229694018,False,0.5046845284141083,False,63.422299901313885,True,1.2330576958483404,False,1,WARNING,1,7.089173214295963,9.600993227738286,99.99969010895632,21.855580496080094,77.12252431244029,CRITICAL,Vibration,1,Critical telemetry deviation primarily associated with Vibration.
99.1,steady,119.46932624301206,745.5649005765771,0.8714982848016073,499.5707278647423,1,vibration,0.6534864154130503,False,0.3244050022767615,False,66.60009282748521,True,0.2070759317027524,False,1,WARNING,1,12.251663675132118,6.282101938603191,99.99983586944496,4.05692952801383,75.72656477861872,CRITICAL,Vibration,1,Critical telemetry deviation primarily associated with Vibration.
99.2,steady,120.33102075352664,746.0323740863255,0.8492558830335568,494.75232669727257,1,vibration,0.1617309416448724,False,0.2211061581470525,False,64.39537240782671,True,0.6162006490573784,False,1,WARNING,1,3.182864556675591,4.325772759365643,99.99974491259212,11.594865001345521,75.42136832580803,CRITICAL,Vibration,1,Critical telemetry deviation primarily associated with Vibration.
99.3,steady,119.72195792585218,748.9045866936423,0.8721895988940669,495.7134569134921,1,vibration,0.5093134963936342,False,0.413574173986175,False,66.66861754491175,True,0.4519810312686857,False,1,WARNING,1,9.68464532102331,7.938636323369974,99.99983810350116,8.643084825515214,76.04818766744911,CRITICAL,Vibration,1,Critical telemetry deviation primarily associated with Vibration.
99.4,steady,119.81763430917036,743.3469587855024,0.8723997888486988,494.5669566390245,1,vibration,0.4547124926354,False,0.8145094008945698,False,66.68945207932116,True,0.6478731525342741,False,1,WARNING,1,8.692978772811678,15.032544576015317,99.99983877670525,12.153097461884489,76.88926041875737,CRITICAL,Vibration,1,Critical telemetry deviation primarily associated with Vibration.
99.5,steady,120.18015490289196,747.7745402495707,0.8782192458356254,488.2829752087573,1,vibration,0.2478277044175587,False,0.1638648555944044,False,67.26629066825588,True,1.721560163154696,False,1,WARNING,1,4.835721541641358,3.2241756277966993,99.99985634384807,29.129224640044015,77.00394221191763,CRITICAL,Vibration,1,Critical telemetry deviation primarily associated with Vibration.
99.6,steady,121.28413041147634,744.3791047671442,0.8786870560124931,504.2041484350323,1,vibration,0.3821937157353691,False,0.5864334037453163,False,67.31266113940463,True,0.9987465526724768,False,1,WARNING,1,7.359033850888974,11.066979723395487,99.99985766996997,18.106397401833462,76.94648099201316,CRITICAL,Vibration,1,Critical telemetry deviation primarily associated with Vibration.
99.7,steady,120.34465214370864,743.5672283922773,0.8841408298422955,495.9888962777975,1,vibration,0.153951722147391,False,0.7658358497686284,False,67.85325233329431,True,0.4049192009704917,False,1,WARNING,1,3.0321149661233227,14.201371970460219,99.99987225574246,7.779140596392331,75.93851069774546,CRITICAL,Vibration,1,Critical telemetry deviation primarily associated with Vibration.
99.8,steady,121.57591874140552,741.6193233157287,0.8920002962694018,485.63254493003626,1,vibration,0.5487127159999288,False,1.196269529294475,False,68.63230156998026,True,2.174415187377269,False,1,WARNING,1,10.393519642137006,21.278502149987144,99.99989068644216,35.265962278491635,79.60699298742998,CRITICAL,Vibration,1,Critical telemetry deviation primarily associated with Vibration.
99.9,steady,121.19402569759524,741.9374227955605,0.8761297560853757,493.9448065414704,1,vibration,0.3307723758954671,False,1.1259782552443882,False,67.05917541302927,True,0.7541743066374051,False,1,WARNING,1,6.401373352262329,20.163999649403163,99.99985026820485,14.001029550826482,77.29944979614413,CRITICAL,Vibration,1,Critical telemetry deviation primarily associated with Vibration.
100.0,shutdown,119.4714273057997,746.5325267594443,0.9102853189740552,498.6787399454548,1,vibration,1.6731224346157445,False,1.7170227179810476,False,30.394125323831343,True,1.7201838926005228,False,1,WARNING,1,28.43932444003944,29.064880997362753,99.77091333077057,29.109714482785833,81.15976657445975,CRITICAL,Vibration,1,Critical telemetry deviation primarily associated with Vibration.
100.1,shutdown,122.69246328398022,740.9735830157266,0.8922481026881186,493.3130120769941,1,vibration,1.8117609750658317,False,1.674100088424629,False,29.66338392361659,True,1.673683112405033,False,1,WARNING,1,30.39628161571133,28.453315385570242,99.73486246794445,28.44734848641516,81.1929438002825,CRITICAL,Vibration,1,Critical telemetry deviation primarily associated with Vibration.
100.2,shutdown,123.43460962564848,741.7187392594676,0.8916891341631533,481.5267834919651,1,vibration,1.8437041406517616,False,1.679853711214551,False,29.64073844239965,True,1.5715406187486307,False,1,WARNING,1,30.83953683097944,28.535598560883447,99.73365891108898,26.970602742851156,81.1088255337156,CRITICAL,Vibration,1,Critical telemetry deviation primarily associated with Vibration.
100.3,shutdown,118.3904147519027,738.2105508426646,0.8979849898241224,489.3273311160335,1,vibration,1.6265939252492772,False,1.6527657105491855,False,29.89580232300709,True,1.6391421742809862,False,1,WARNING,1,27.770294056725476,28.14738235958931,99.74690497771488,27.95133805072283,80.90188118693052,CRITICAL,Vibration,1,Critical telemetry deviation primarily associated with Vibration.
100.4,shutdown,120.23186869143528,739.4847286503573,0.88473667534552,485.2516093551278,1,vibration,1.7058530481563956,False,1.662604101536756,False,29.35907361059886,True,1.6038209193854749,False,1,WARNING,1,28.906239494370002,28.28862618198792,99.71822447513094,27.440566233964038,80.94779084256223,CRITICAL,Vibration,1,Critical telemetry deviation primarily associated with Vibration.
100.5,shutdown,119.69168804602444,733.3376904753734,0.8901817844066446,481.520397375737,1,vibration,1.6826028091753804,False,1.6151405806561614,False,29.579671210393155,True,1.571485275020006,False,1,WARNING,1,28.574880289015624,27.60465006898287,99.73038602253479,26.969794394548774,80.8267256074673,CRITICAL,Vibration,1,Critical telemetry deviation primarily associated with Vibration.
100.6,shutdown,118.61105519065816,735.1248102252702,0.8968822090424846,488.7850300601207,1,vibration,1.6360906426409916,False,1.628939583224674,False,29.85112538618217,True,1.634442453605808,False,1,WARNING,1,27.90735287556123,27.804171346811867,99.7446333417913,27.88358449619667,80.87623910244595,CRITICAL,Vibration,1,Critical telemetry deviation primarily associated with Vibration.
100.7,shutdown,118.31671354678056,723.0922737396254,0.9078566599340204,478.217278347379,1,vibration,1.6234217074979818,False,1.5360319860249196,False,30.295733106350266,True,1.5428595944669452,False,1,WARNING,1,27.724453845677154,26.450121965241014,99.76636061341446,26.550487377707753,80.64113398139794,CRITICAL,Vibration,1,Critical telemetry deviation primarily associated with Vibration.
100.8,shutdown,117.87530782672796,724.1690852544798,0.8982239818866735,478.4236970400518,1,vibration,1.604422899291878,False,1.5443464399724731,False,29.90548460389013,True,1.544648472041717,False,1,WARNING,1,27.449301572333095,26.572325746063985,99.74739461090444,26.576761114579217,80.61606251342745,CRITICAL,Vibration,1,Critical telemetry deviation primarily associated with Vibration.
100.9,shutdown,116.85108897911994,723.5306919922506,0.8925638418273577,477.6952155734659,1,vibration,1.5603388818838957,False,1.539417173052486,False,29.67617545735731,True,1.5383352639579984,False,1,WARNING,1,26.806808114634904,26.499901130761472,99.7355399041676,26.48399532487745,80.53664732922256,CRITICAL,Vibration,1,Critical telemetry deviation primarily associated with Vibration.
101.0,shutdown,116.24940898620682,725.094055805642,0.8957263782676531,481.2763813288037,1,vibration,1.5344416126200444,False,1.551488474529488,False,29.80429923599235,True,1.5693705690862012,False,1,WARNING,1,26.426723890279014,26.67713547016872,99.7422305404615,26.93890038000554,80.56363650088002,CRITICAL,Vibration,1,Critical telemetry deviation primarily associated with Vibration.
101.1,shutdown,117.50009140875945,723.1227317825748,0.8995905333616756,478.8690132709713,1,vibration,1.5882729845152508,False,1.536267163669235,False,29.96084767779678,True,1.5485076972352252,False,1,WARNING,1,27.214585192123252,26.453581341294765,99.75017618500135,26.63341061210914,80.59214293667212,CRITICAL,Vibration,1,Critical telemetry deviation primarily associated with Vibration.
101.2,shutdown,116.00163190739572,720.0849714098412,0.9051777790870892,463.7322074728824,1,vibration,1.5237768908361042,False,1.5128115092911227,False,30.18720365756712,True,1.417328238169466,False,1,WARNING,1,26.269628708107295,26.10775494169124,99.76123382316156,24.68310051672814,80.31670230915273,CRITICAL,Vibration,1,Critical telemetry deviation primarily associated with Vibration.
101.3,shutdown,113.9468750572452,716.0769628273363,0.8823785107513972,471.2582286362544,1,vibration,1.435336869484464,False,1.4818642150609511,False,29.263537333263773,True,1.4825506766612937,False,1,WARNING,1,24.95388343594286,25.648983623368093,99.71278875269938,25.65919074621007,80.21111176309888,CRITICAL,Vibration,1,Critical telemetry deviation primarily associated with Vibration.
101.4,shutdown,113.08325347872795,714.365122861476,0.877187979798921,472.83181364478537,1,vibration,1.3981652154086026,False,1.468646475126539,False,29.05325345154152,True,1.496187769781636,False,1,WARNING,1,24.393886757947016,25.45217311931206,99.7004519691957,25.861673001441254,80.15350995416811,CRITICAL,Vibration,1,Critical telemetry deviation primarily associated with Vibration.
101.5,shutdown,114.98610074186853,711.502576294661,0.8931097172410253,468.1440889557794,1,vibration,1.4800668051605648,False,1.4465437103676302,False,29.69829049760536,True,1.4555627398277842,False,1,WARNING,1,25.622250968114223,25.12190104838502,99.73670703029343,25.256844861646222,80.20590866167913,CRITICAL,Vibration,1,Critical telemetry deviation primarily associated with Vibration.
101.6,shutdown,112.5008275160471,706.4199657128742,0.8839220211426725,457.32913978132655,1,vibration,1.3730966704021843,False,1.407299022664482,False,29.32606954037857,True,1.3618376037949549,False,1,WARNING,1,24.013867851380077,24.53187501690185,99.71635837517532,23.842568472033932,79.87479154396944,CRITICAL,Vibration,1,Critical telemetry deviation primarily associated with Vibration.
101.7,shutdown,113.62684374006608,711.2172388233548,0.8921046285935083,462.9294684436426,1,vibration,1.421562209712705,False,1.4443405158141176,False,29.657571360351398,True,1.4103714949152224,False,1,WARNING,1,24.746851442785456,25.088899574094636,99.73455406298103,24.57823551527375,80.06545744301198,CRITICAL,Vibration,1,Critical telemetry deviation primarily associated with Vibration.
101.8,shutdown,113.9882410145416,701.7195364872017,0.88495100113287,460.7656071613652,1,vibration,1.4371173264500934,False,1.3710052964259842,False,29.36775658714399,True,1.3916189155210728,False,1,WARNING,1,24.980601954739225,23.982078119556228,99.71871338054731,24.294833870983524,79.95258358836556,CRITICAL,Vibration,1,Critical telemetry deviation primarily associated with Vibration.
101.9,shutdown,114.84419598086494,701.911805160323,0.8901755729233275,451.66947301214975,1,vibration,1.473958997274616,False,1.3724898728872974,False,29.57941956468771,True,1.3127894733520842,False,1,WARNING,1,25.531338451385423,24.00464565255993,99.7303724527534,23.091816265985223,79.90608221627457,CRITICAL,Vibration,1,Critical telemetry deviation primarily associated with Vibration.
102.0,shutdown,112.14208804523648,704.7730948023827,0.8987564171997651,457.1944718191391,1,vibration,1.3576559497856096,False,1.394582932472321,False,29.92705514559925,True,1.3606705365372465,False,1,WARNING,1,23.778849024701664,24.3396988507543,99.74848203061097,23.82479022832055,79.85954758165605,CRITICAL,Vibration,1,Critical telemetry deviation primarily associated with Vibration.
102.1,shutdown,113.10764412150756,697.1074448110021,0.9011864048785372,452.4971124694978,1,vibration,1.399215027685929,False,1.3353936565849658,False,30.025501190196227,True,1.3199620101319445,False,1,WARNING,1,24.409759536729382,23.438720861093266,99.7533857865033,23.202062527843815,79.785044523542,CRITICAL,Vibration,1,Critical telemetry deviation primarily associated with Vibration.
102.2,shutdown,111.07876725625722,695.9777967480022,0.8959248892557024,453.9376437626504,1,vibration,1.3118889222786425,False,1.326671232402842,False,29.8123415078743,True,1.3324460254733392,False,1,WARNING,1,23.077963068987906,23.305044306117274,99.74264481761453,23.393572672713216,79.66565130717483,CRITICAL,Vibration,1,Critical telemetry deviation primarily associated with Vibration.
102.3,shutdown,110.18639689715457,693.1457852867009,0.891580179636196,448.7267090217829,1,vibration,1.2734798747035834,False,1.3048042403163786,False,29.636324369722,True,1.2872867224042417,False,1,WARNING,1,22.48478721878121,22.968892180471666,99.73342367748573,22.698540105072418,79.51671916877419,CRITICAL,Vibration,1,Critical telemetry deviation primarily associated with Vibration.
102.4,shutdown,110.57721007111031,693.5606730711681,0.9093732629327074,442.31881691736095,1,vibration,1.2903010988044383,False,1.3080077400280457,False,30.35717521478107,True,1.231754278424816,False,1,WARNING,1,22.745129199236324,23.018230199688727,99.76921410436171,21.835206881076473,79.4946699514669,CRITICAL,Vibration,1,Critical telemetry deviation primarily associated with Vibration.
102.5,shutdown,109.6542850748418,684.3648038756662,0.8870709124134666,442.1960567519576,1,vibration,1.250576930774547,False,1.2370030842651805,False,29.45364051252121,True,1.2306904072020997,False,1,WARNING,1,22.128907457213042,21.91721819192708,99.72350372124922,21.8185736567726,79.30924518368866,CRITICAL,Vibration,1,Critical telemetry deviation primarily associated with Vibration.
102.6,shutdown,108.8453051911549,686.0228209599111,0.8805140154349946,436.4229166436709,1,vibration,1.2157571426419145,False,1.249805238125018,False,29.188001069984377,True,1.1806588875659354,False,1,WARNING,1,21.584723831817254,22.116888019760538,99.70841683916916,21.03233945432782,79.199178158154,CRITICAL,Vibration,1,Critical telemetry deviation primarily associated with Vibration.
102.7,shutdown,109.6108555904425,687.7475672527456,0.9008765480309388,441.6448280273037,1,vibration,1.24870765630186,False,1.263122632511282,False,30.01294796562484,True,1.2259133170493846,False,1,WARNING,1,22.09978952552145,22.32405203245814,99.75276584788516,21.743842018097926,79.35733712572208,CRITICAL,Vibration,1,Critical telemetry deviation primarily associated with Vibration.
102.8,shutdown,108.43276077558428,687.0488897918198,0.8901326538867238,442.5489476990608,1,vibration,1.198000571143495,False,1.2577278893339237,False,29.57768078657437,True,1.23374865107255,False,1,WARNING,1,21.3057514741821,22.24019844566777,99.73027867195236,21.866378608941474,79.27465926683412,CRITICAL,Vibration,1,Critical telemetry deviation primarily associated with Vibration.
102.9,shutdown,107.79404853999162,677.6762800719935,0.8957212713631724,437.2811914689863,1,vibration,1.1705093749227686,False,1.1853585556029185,False,29.80409234006828,True,1.1880969183378471,False,1,WARNING,1,20.871879997074714,21.10652894031454,99.74221987395072,21.14972489885033,79.08359886770961,CRITICAL,Vibration,1,Critical telemetry deviation primarily associated with Vibration.
103.0,shutdown,109.4760896649951,675.6705537626765,0.8889399100078956,435.2709872542899,1,vibration,1.2429071153166005,False,1.1698716121590909,False,29.52935917650463,True,1.170675970681316,False,1,WARNING,1,22.009364411481503,20.861786359654253,99.72765936164168,20.874516434987388,79.12689465974651,CRITICAL,Vibration,1,Critical telemetry deviation primarily associated with Vibration.
103.1,shutdown,108.15975251358384,675.2969814467102,0.8654718992393275,431.38648503965294,1,vibration,1.186249858878574,False,1.1669871242293697,False,28.578600102741717,True,1.1370118736417574,False,1,WARNING,1,21.12059128873225,20.816118543689367,99.67062219202457,20.339981398890615,78.95629434935793,CRITICAL,Vibration,1,Critical telemetry deviation primarily associated with Vibration.
103.2,shutdown,106.7152793607935,673.3765707835688,0.9065749305459084,437.7128247832055,1,vibration,1.1240774239915508,False,1.1521589339668992,False,30.243806428035963,True,1.1918375638498075,False,1,WARNING,1,20.13364292655443,20.58093925574257,99.76392154661914,21.208693023749593,78.9941787211607,CRITICAL,Vibration,1,Critical telemetry deviation primarily associated with Vibration.
103.3,shutdown,107.73676906636344,669.3164156624539,0.8999001369183757,432.747749078558,1,vibration,1.1680439747610334,False,1.120808997317125,False,29.973390640798836,True,1.1488089385345224,False,1,WARNING,1,20.832853880395362,20.081418392838557,99.75080210575673,20.527710728053915,78.94239006560828,CRITICAL,Vibration,1,Critical telemetry deviation primarily associated with Vibration.
103.4,shutdown,106.98398477944008,670.247683396775,0.8913857084506926,424.9487205691936,1,vibration,1.1356429349962536,False,1.1279996547191324,False,29.628445762283725,True,1.081220548041594,False,1,WARNING,1,20.31816847737883,20.196269215830053,99.73300329633142,19.446136185074035,78.79964014539418,CRITICAL,Vibration,1,Critical telemetry deviation primarily associated with Vibration.
103.5,shutdown,108.05868224668824,664.089248776726,0.8805064189384233,428.274740283226,1,vibration,1.1818996329325655,False,1.0804481377349,False,29.187693313263317,True,1.1100446918371036,False,1,WARNING,1,21.05193277498223,19.43369109689641,99.70839889128132,19.909179450914593,78.81948947306438,CRITICAL,Vibration,1,Critical telemetry deviation primarily associated with Vibration.
103.6,shutdown,107.41172204470982,666.1040709839073,0.8763868274660501,415.9961689570165,1,vibration,1.1540534310462252,False,1.0960053139194263,False,29.02079638232271,True,1.0036354291328244,False,1,WARNING,1,20.6110253912976,19.683978371082965,99.69850115403776,18.1864318088233,78.64477021358317,CRITICAL,Vibration,1,Critical telemetry deviation primarily associated with Vibration.
103.7,shutdown,105.13521300144484,660.075357095616,0.8939982733623263,413.4392559107512,1,vibration,1.0560688406170422,False,1.0494554179574105,False,29.734288554841893,True,0.9814765618816104,False,1,WARNING,1,19.0399018500658,18.932746329687312,99.73859582990175,17.823047986813346,78.4393378391271,CRITICAL,Vibration,1,Critical telemetry deviation primarily associated with Vibration.
103.8,shutdown,104.6029822623602,657.1047023004074,0.8857329685431685,420.9519498019913,1,vibration,1.0331607783199406,False,1.026517910187371,False,29.39943641795964,True,1.0465835027993522,False,1,WARNING,1,18.668123032774663,18.55999583447382,99.72048996890511,18.886169299512378,78.4538615666591,CRITICAL,Vibration,1,Critical telemetry deviation primarily associated with Vibration.
103.9,shutdown,105.52893604433532,657.4432722704773,0.8678244494892138,412.5992365188487,1,vibration,1.073015310131095,False,1.029132132254407,False,28.67390892625556,True,0.9741967373991934,False,1,WARNING,1,19.313834934999498,18.602565156143868,99.67684125285412,17.703314086355483,78.37839541451106,CRITICAL,Vibration,1,Critical telemetry deviation primarily associated with Vibration.
104.0,shutdown,103.12135128938964,656.1782695031653,0.8914015384589818,418.0689313219096,1,vibration,0.9693890114195556,False,1.019364585095733,False,29.629087083108367,True,1.0215985218371564,False,1,WARNING,1,17.62414404668865,18.44339908386312,99.73303754024447,18.47982940241283,78.3260102825647,CRITICAL,Vibration,1,Critical telemetry deviation primarily associated with Vibration.
104.1,shutdown,104.19795490490152,660.0909969606917,0.8896147675956313,410.5578887492561,1,vibration,1.0157277530259647,False,1.0495761790526654,False,29.55669966911668,True,0.9565058916717506,False,1,WARNING,1,18.384055972043633,18.934704260111545,99.72914448298852,17.411618762084103,78.33915221819997,CRITICAL,Vibration,1,Critical telemetry deviation primarily associated with Vibration.
104.2,shutdown,102.96268236936947,657.1812351725508,0.8849360340458841,411.9992228650232,1,vibration,0.9625596473157704,False,1.0271088483711963,False,29.36715022583369,True,0.9689968644807712,False,1,WARNING,1,17.511552228407567,18.56962046733678,99.71867926621417,17.617683105379754,78.2411758414313,CRITICAL,Vibration,1,Critical telemetry deviation primarily associated with Vibration.
104.3,shutdown,104.00035034669392,645.1729776688189,0.8787145485472736,412.5741042198727,1,vibration,1.0072225367782217,False,0.934388718034698,False,29.11509930219892,True,0.9739789344208948,False,1,WARNING,1,18.245105574586507,17.045485261619397,99.70413430905853,17.699729115615092,78.16845204871501,CRITICAL,Vibration,1,Critical telemetry deviation primarily associated with Vibration.
104.4,shutdown,101.02008063027316,651.9387238181124,0.8830194023000314,410.25517507499,1,vibration,0.8789469613325962,False,0.9866295085566532,False,29.28950176037994,True,0.9538824969759524,False,1,WARNING,1,16.120537863018424,17.90769505146853,99.71427634201558,17.368275008046176,78.03647324545814,CRITICAL,Vibration,1,Critical telemetry deviation primarily associated with Vibration.
104.5,shutdown,102.91980821061308,644.7403498936512,0.8873682259831571,405.5027992679408,1,vibration,0.9607142749469808,False,0.9310482413928314,False,29.46568557151338,True,0.9126971837756852,False,1,WARNING,1,17.481102229142074,16.99004522030104,99.72416900239016,16.684821352255618,78.02272190941137,CRITICAL,Vibration,1,Critical telemetry deviation primarily associated with Vibration.
104.6,shutdown,102.78645113010352,643.4648472199186,0.865610242061772,401.89665350599967,1,vibration,0.95497437290125,False,0.9211996206319688,False,28.584204782875283,True,0.8814453954741238,False,1,WARNING,1,17.386317756167145,16.826377370158763,99.67099119662201,16.162440855355065,77.91518040590583,CRITICAL,Vibration,1,Critical telemetry deviation primarily associated with Vibration.
104.7,shutdown,101.0363304994942,643.7186448530406,0.8855731726460914,403.2126382531284,1,vibration,0.8796463816950421,False,0.9231592846061006,False,29.392962609821645,True,0.8928500583580811,False,1,WARNING,1,16.132270443160667,16.85896945316161,99.7201278356548,16.353450752005706,77.86125471052411,CRITICAL,Vibration,1,Critical telemetry deviation primarily associated with Vibration.
104.8,shutdown,101.540315285362,638.9897292102416,0.8727297838629735,393.8208905737549,1,vibration,0.901338692987147,False,0.8866456043644538,False,28.87263864441044,True,0.8114587531714973,False,1,WARNING,1,16.49533927285407,16.249590092157295,99.68943359722175,14.980687603003451,77.69694876265234,CRITICAL,Vibration,1,Critical telemetry deviation primarily associated with Vibration.
104.9,shutdown,99.96071594777524,636.9226105533498,0.8865092060797339,394.1754101562503,1,vibration,0.833350210976258,False,0.8706846282421105,False,29.43088411450977,True,0.8145311112158762,False,1,WARNING,1,15.35211324278224,15.981815266229793,99.72224244133405,15.032913509365919,77.60225247709192,CRITICAL,Vibration,1,Critical telemetry deviation primarily associated with Vibration.
105.0,shutdown,99.40448982616029,633.3999644536551,0.868905125264035,392.8968975902346,1,vibration,0.8094093490351661,False,0.8434849945407558,False,28.717690323359875,True,0.8034511919082049,False,1,WARNING,1,14.945832674209015,15.523517072320947,99.6796585685389,14.844419043728996,77.4787029634451,CRITICAL,Vibration,1,Critical telemetry deviation primarily associated with Vibration.
105.1,shutdown,99.02881174570898,629.166445648871,0.8866960315655876,395.56406797249423,1,vibration,0.7932395635668645,False,0.8107964537395939,False,29.4384529718636,True,0.8265655776411056,False,1,WARNING,1,14.670325898008873,14.969425208651899,99.72266258472138,15.237174303713786,77.4721946296398,CRITICAL,Vibration,1,Critical telemetry deviation primarily associated with Vibration.
105.2,shutdown,100.89864615468866,631.0260148641203,0.8912917114316519,378.575811094738,1,vibration,0.873720227272685,False,0.82515486502067,False,29.62463766283972,True,0.6793409664899485,False,1,WARNING,1,16.032808889069937,15.213255732058661,99.7327998688743,12.704231342023476,77.3985908000706,CRITICAL,Vibration,1,Critical telemetry deviation primarily associated with Vibration.
105.3,shutdown,98.67287798465574,626.8626378047567,0.8713590545383287,393.22417722690665,1,vibration,0.7779196051858952,False,0.7930079141858625,False,28.817106313360703,True,0.8062874815636685,False,1,WARNING,1,14.408475538021548,14.666372493191837,99.68596507611157,14.892710524245645,77.36556061723495,CRITICAL,Vibration,1,Critical telemetry deviation primarily associated with Vibration.
105.4,shutdown,99.44501230799916,623.8199850845863,0.8750567275026045,384.1458446531592,1,vibration,0.81115350146799,False,0.7695144842110951,False,28.96691006781022,True,0.7276123124342868,False,1,WARNING,1,14.975496986572567,14.264473112647536,99.69523424918447,13.54295305469707,77.2687410347413,CRITICAL,Vibration,1,Critical telemetry deviation primarily associated with Vibration.
105.5,shutdown,98.76588457616722,621.8720340392738,0.8785642713979451,380.9590927098788,1,vibration,0.7819227576457671,False,0.7544736446259712,False,29.10901112690736,True,0.6999950990226529,False,1,WARNING,1,14.476975297203353,14.006177948480447,99.70377383320121,13.064091245977295,77.16691709500624,CRITICAL,Vibration,1,Critical telemetry deviation primarily associated with Vibration.
105.6,shutdown,97.04602288838204,618.3534732309907,0.878102161733306,368.9098192651322,1,vibration,0.7078971597369698,False,0.727305554947722,False,29.090289686855968,True,0.5955729908380563,False,1,WARNING,1,13.201377298975437,13.537648622697962,99.70266259802251,11.229393455575643,76.8529503615509,CRITICAL,Vibration,1,Critical telemetry deviation primarily associated with Vibration.
105.7,shutdown,97.00140099588712,616.0672107031901,0.8778199828541559,382.243964994248,1,vibration,0.705976562112627,False,0.7096524891723379,False,29.07885777929372,True,0.7111301332881662,False,1,WARNING,1,13.168029848970974,13.23184398623053,99.7019819935194,13.25748268859116,77.00023041605242,CRITICAL,Vibration,1,Critical telemetry deviation primarily associated with Vibration.
105.8,shutdown,96.71006203014367,617.1214281544153,0.8732144884541346,377.4062268727336,1,vibration,0.6934368670392037,False,0.7177924861244548,False,28.892275472290127,True,0.6692050482770218,False,1,WARNING,1,12.949987258834195,13.372987569321793,99.69065091303429,12.527087296641582,76.92123548428259,CRITICAL,Vibration,1,Critical telemetry deviation primarily associated with Vibration.
105.9,shutdown,97.03245733450844,615.4513475576531,0.8636094887615683,367.8877144489328,1,vibration,0.7073132766005585,False,0.7048971854901934,False,28.50314830249061,True,0.5867151671541139,False,1,WARNING,1,13.191240656713731,13.1492829458147,99.66561407016532,11.07199119637875,76.7769854216513,CRITICAL,Vibration,1,Critical telemetry deviation primarily associated with Vibration.
106.0,shutdown,94.35170953410098,613.1864739363341,0.8787028526539638,374.6237303488748,1,vibration,0.5919296034963514,False,0.6874092712529171,False,29.114625466695788,True,0.6450912164870786,False,1,WARNING,1,11.164684741708053,12.844983521543396,99.70410626939623,12.104206969162268,76.69174245651593,CRITICAL,Vibration,1,Critical telemetry deviation primarily associated with Vibration.
106.1,shutdown,96.41902644993276,615.4949460291658,0.8846239303976304,367.4343203512879,1,vibration,0.6809102301643565,False,0.7052338251700033,False,29.354505976670097,True,0.5827859370862899,False,1,WARNING,1,12.731625058739048,13.155130228485834,99.71796694803035,11.002080009050063,76.76977371259643,CRITICAL,Vibration,1,Critical telemetry deviation primarily associated with Vibration.
106.2,shutdown,97.05043176911556,606.685079568733,0.8883198306800824,373.81410718256126,1,vibration,0.7080869250156113,False,0.6372096371306804,False,29.50423791449461,True,0.6380748135272463,False,1,WARNING,1,13.204671509426868,11.965546177697595,99.72628761040863,11.980777926150987,76.79884922883797,CRITICAL,Vibration,1,Critical telemetry deviation primarily associated with Vibration.
106.3,shutdown,94.91744833196752,603.9830048745788,0.8917182034482957,359.99188768618967,1,vibration,0.6162799062385484,False,0.6163459341543681,False,29.641916125795547,True,0.518287898057198,False,1,WARNING,1,11.596266338599081,11.597433753747733,99.73372163679718,9.846605182113144,76.44464641865316,CRITICAL,Vibration,1,Critical telemetry deviation primarily associated with Vibration.
106.4,shutdown,93.76966388368358,599.2583803197192,0.8827087813899677,360.9108258467281,1,vibration,0.5668774277380503,False,0.5798653869657807,False,29.276917581360426,True,0.5262516529221466,False,1,WARNING,1,10.718464209418988,10.950080246546335,99.71355631677056,9.990082797040433,76.30887766825629,CRITICAL,Vibration,1,Critical telemetry deviation primarily associated with Vibration.
106.5,shutdown,94.92760100056232,600.1995706237198,0.8604811947098545,371.63269817804513,1,vibration,0.6167168933337536,False,0.5871326601426974,False,28.37641178509268,True,0.6191701610509801,False,1,WARNING,1,11.603992259136998,11.079416250416473,99.6570299560423,11.647353435034269,76.50100126273263,CRITICAL,Vibration,1,Critical telemetry deviation primarily associated with Vibration.
106.6,shutdown,94.13654137956408,595.5176674768625,0.8766681101201728,358.5883973376349,1,vibration,0.5826684219701566,False,0.5509819805070753,False,29.032191981137476,True,0.5061248890853399,False,1,WARNING,1,10.99998826428833,10.434178575948827,99.69918752355981,9.627030912007228,76.24600560194675,CRITICAL,Vibration,1,Critical telemetry deviation primarily associated with Vibration.
106.7,shutdown,93.36825267635145,594.387536318254,0.8564456726145169,365.35364824455576,1,vibration,0.5496000473294435,False,0.542255826167784,False,28.212920755224403,True,0.5647542965212244,False,1,WARNING,1,10.409420358644695,10.277729059141393,99.64563008898573,10.680544876072096,76.23332544133956,CRITICAL,Vibration,1,Critical telemetry deviation primarily associated with Vibration.
106.8,shutdown,95.01117472645905,597.6609949104125,0.8711431700074777,367.68816761497095,1,vibration,0.6203140401699844,False,0.5675313923539469,False,28.808360187469766,True,0.5849858428774752,False,1,WARNING,1,11.667564072596381,10.730140838844083,99.68541527759537,11.04122880397076,76.44390046732508,CRITICAL,Vibration,1,Critical telemetry deviation primarily associated with Vibration.
106.9,shutdown,92.99103367602928,588.4594970837551,0.8842732862733875,362.6261263358389,1,vibration,0.5333639382052454,False,0.4964832758796348,False,29.340300337936025,True,0.5411168889103889,False,1,WARNING,1,10.118027019776942,9.452594538816205,99.71716451673575,10.257289123810853,76.15135101580297,CRITICAL,Vibration,1,Critical telemetry deviation primarily associated with Vibration.
107.0,shutdown,90.05557400110011,587.554375937721,0.8764369057212857,354.19220678082297,1,vibration,0.4070170586177186,False,0.489494505809996,False,29.022825201724277,True,0.4680263690352647,False,1,WARNING,1,7.817825727261796,9.32594304618608,99.69862346656272,8.935785438563926,75.80969580014104,CRITICAL,Vibration,1,Critical telemetry deviation primarily associated with Vibration.
107.1,shutdown,92.58642959944024,587.4328191374254,0.8804098601256907,343.29222265932265,1,vibration,0.5159491315969239,False,0.4885559214764078,False,29.18378142792021,True,0.3735642982419471,False,1,WARNING,1,9.80442577088697,9.308920398653086,99.70817065999084,7.1990082830886255,75.83710687634826,CRITICAL,Vibration,1,Critical telemetry deviation primarily associated with Vibration.
107.2,shutdown,91.6740715619301,585.4230605671506,0.8878655582481567,351.99403989688125,1,vibration,0.4766797823735228,False,0.473037843476926,False,29.48583398410302,True,0.4489764884582048,False,1,WARNING,1,9.09325239437856,9.027012909277833,99.72527827722534,8.588171175591363,75.88438092138787,CRITICAL,Vibration,1,Critical telemetry deviation primarily associated with Vibration.
107.3,shutdown,90.05380205434015,585.3021864489382,0.8661836848272227,347.3836711284078,1,vibration,0.406940791194995,False,0.4721045303803769,False,28.60743665872163,True,0.4090218448425503,False,1,WARNING,1,7.816419617167214,9.01003006823956,99.67251634899759,7.854779428970904,75.66808835489377,CRITICAL,Vibration,1,Critical telemetry deviation primarily associated with Vibration.
107.4,shutdown,89.98863786408064,580.8334708482544,0.8731378063678836,343.34449456082217,1,vibration,0.404136020218083,False,0.4375999494448516,False,28.8891688523888,True,0.3740173000082716,False,1,WARNING,1,7.764694344608136,8.379944327958189,99.69045864730481,7.207415704858066,75.56501801041193,CRITICAL,Vibration,1,Critical telemetry deviation primarily associated with Vibration.
107.5,shutdown,90.88744115907612,576.0830707711947,0.8611924448120115,344.7948428725962,1,vibration,0.4428219516432544,False,0.4009203800603177,False,28.405226646949075,True,0.3865863921624084,False,1,WARNING,1,8.475582403468284,7.705356155061017,99.65900079851983,7.440386467720527,75.56537902870522,CRITICAL,Vibration,1,Critical telemetry deviation primarily associated with Vibration.
107.6,shutdown,89.84813899336953,576.6085268278351,0.8717789921839955,333.623524368095,1,vibration,0.3980887240990011,False,0.4049776176772379,False,28.83411923920984,True,0.289772867696316,False,1,WARNING,1,7.653072015700735,7.780218037878194,99.68703179086334,5.6307184912259505,75.36228669343214,CRITICAL,Vibration,1,Critical telemetry deviation primarily associated with Vibration.
107.7,shutdown,91.01448106165203,572.3322907583564,0.8745141324893301,331.9189440281209,1,vibration,0.4482899522465867,False,0.3719592413150987,False,28.944927926360883,True,0.2750005352825541,False,1,WARNING,1,8.575618807713937,7.169213326169565,99.69389141874986,5.351495337390821,75.37017357506453,CRITICAL,Vibration,1,Critical telemetry deviation primarily associated with Vibration.
107.8,shutdown,87.99813328859699,577.7774720639028,0.8740347822700462,343.48196905057483,1,vibration,0.3184615195376662,False,0.4140034696470793,False,28.925508020047182,True,0.3752086893569658,False,1,WARNING,1,6.170633558795013,7.946540292843796,99.69270018689232,7.229523490168887,75.39120240524126,CRITICAL,Vibration,1,Critical telemetry deviation primarily associated with Vibration.
107.9,shutdown,89.23077830891116,567.4498542209602,0.8904528705295485,334.9113100394973,1,vibration,0.3715165327902522,False,0.3342601703244603,False,29.590653717332653,True,0.3009331501244966,False,1,WARNING,1,7.160993566153406,6.4666411392700685,99.73097758009415,5.841121155393358,75.2551121031409,CRITICAL,Vibration,1,Critical telemetry deviation primarily associated with Vibration.
108.0,shutdown,88.71361640215714,567.377901411644,0.8679399862072693,335.1380449453897,1,vibration,0.3492570571388002,False,0.3337045964740655,False,28.67858966311594,True,0.3028980932375307,False,1,WARNING,1,6.746762673411855,6.456247624179722,99.67714363550657,5.878117253497739,75.1814920919064,CRITICAL,Vibration,1,Critical telemetry deviation primarily associated with Vibration.
108.1,shutdown,88.3988020431472,565.1354278546738,0.8666636562151744,332.9979010259445,1,vibration,0.3357069435910085,False,0.3163896412931157,False,28.62688173042974,True,0.2843510546204968,False,1,WARNING,1,6.49370153668134,6.131744897488433,99.67378746431805,5.528332468582809,75.09787390892542,CRITICAL,Vibration,1,Critical telemetry deviation primarily associated with Vibration.
108.2,shutdown,86.67775136564615,563.5138325521488,0.829795042514193,332.4799520379361,1,vibration,0.2616301696630871,False,0.3038687132770026,False,27.133224285026817,True,0.2798623752401232,False,1,WARNING,1,5.098059613045802,5.896386797271158,99.56021735863195,5.443483783211311,74.86397919392478,WARNING,Vibration,1,Elevated telemetry deviation primarily associated with Vibration.
108.3,shutdown,86.44256114967686,560.7660324391264,0.8721867091167718,336.37748152054473,1,vibration,0.2515072065881635,False,0.2826519476855839,False,28.850637067550156,True,0.3136393699404187,False,1,WARNING,1,4.905727213710143,5.4962235201470255,99.6880639959768,6.080098059921624,74.96212646648854,WARNING,Vibration,1,Elevated telemetry deviation primarily associated with Vibration.
108.4,shutdown,84.99772462076307,557.0746177584143,0.8521288137560294,323.4405371698877,1,vibration,0.1893191314115774,False,0.2541491902942371,False,28.038031934423373,True,0.2015244769755319,False,1,WARNING,1,3.7155953982242695,4.955961444587853,99.63301569624296,3.9503456469809017,74.58376554383608,WARNING,Vibration,1,Elevated telemetry deviation primarily associated with Vibration.
108.5,shutdown,85.70378714667109,552.8001083299293,0.8551910726382538,333.9155024199331,1,vibration,0.2197091918522199,False,0.2211441459561602,False,28.16209317025617,True,0.2923032247221049,False,1,WARNING,1,4.299038290676515,4.326499647460535,99.64200936354,5.678464003784511,74.73758207552889,WARNING,Vibration,1,Elevated telemetry deviation primarily associated with Vibration.
108.6,shutdown,86.47730823439721,552.7805730463208,0.8784645215468313,326.9206985502032,1,vibration,0.2530027766914338,False,0.2209933069154599,False,29.10496996308704,True,0.2316844521658704,False,1,WARNING,1,4.934166990404409,4.323613344121313,99.70353431672814,4.527972811939074,74.73760995890267,WARNING,Vibration,1,Elevated telemetry deviation primarily associated with Vibration.
108.7,shutdown,87.43579275596935,549.8450826378595,0.8754596446630991,327.48750620194403,1,vibration,0.2942574835667734,False,0.1983273161845412,False,28.9832334430674,True,0.2365965533146531,False,1,WARNING,1,5.715322539396029,3.8889087689393254,99.69622758798124,4.6217204055182375,74.77073862109836,WARNING,Vibration,1,Elevated telemetry deviation primarily associated with Vibration.
108.8,shutdown,86.61174314365886,551.2248277488619,0.8643526095054669,313.5834858391996,1,vibration,0.2587890702106084,False,0.2089808307751079,False,28.53325433904951,True,0.1161007304605086,False,1,WARNING,1,5.044119119291901,4.093474939228015,99.6676214277482,2.2952633064048933,74.50524582239522,WARNING,Vibration,1,Elevated telemetry deviation primarily associated with Vibration.
108.9,shutdown,83.74166989635795,545.7455301973469,0.8527006450416914,318.93401914486986,1,vibration,0.1352565270518063,False,0.166673178480756,False,28.06119852441969,True,0.1624698306599553,False,1,WARNING,1,2.668869589254852,3.278515918345992,99.63471211815707,3.1971709231380263,74.2807488748305,WARNING,Vibration,1,Elevated telemetry deviation primarily associated with Vibration.
109.0,shutdown,84.42097580382995,542.8418996631196,0.8584798611869217,315.64468044901616,1,vibration,0.1644949398385639,False,0.1442531894441358,False,28.295331798155622,True,0.1339635740188986,False,1,WARNING,1,3.2363702438475084,2.843843188321038,99.65142301651267,2.64369741869952,74.25626667412905,WARNING,Vibration,1,Elevated telemetry deviation primarily associated with Vibration.
109.1,shutdown,84.30736723976638,540.1962406930788,0.8511572031980595,305.9536359362955,1,vibration,0.159605045527821,False,0.1238250928237998,False,27.998669094374275,True,0.0499784853602733,False,1,WARNING,1,3.141691169800931,2.4460881320135797,99.63011518509795,0.9945906128569493,74.0531673165435,WARNING,Vibration,1,Elevated telemetry deviation primarily associated with Vibration.
109.2,shutdown,83.65077855842706,538.2853391849684,0.8594029255561508,310.9347267166509,1,vibration,0.1313444184893271,False,0.1090703262111462,False,28.33272788738391,True,0.0931459014479502,False,1,WARNING,1,2.592685799480632,2.157785917686539,99.65402037449734,1.8456729642245984,74.07200268581357,WARNING,Vibration,1,Elevated telemetry deviation primarily associated with Vibration.
109.3,shutdown,83.58490529200819,537.6849901807971,0.8771604567162667,303.3320866387698,1,vibration,0.1285091277403702,False,0.1044348128656959,False,29.052138409417605,True,0.0272594637020144,False,1,WARNING,1,2.537434524251514,2.067034078225094,99.70038516001196,0.5437058144295626,73.97949931698811,WARNING,Vibration,1,Elevated telemetry deviation primarily associated with Vibration.
109.4,shutdown,82.21501978001581,533.7536262976867,0.8444274130343266,301.47151308764114,1,vibration,0.0695470642139566,False,0.0740793202782897,False,27.726025233512438,True,0.0111352539285145,False,1,WARNING,1,1.3813123917776116,1.470664917800546,99.60938578196952,0.222457274801513,73.73093504033575,WARNING,Vibration,1,Elevated telemetry deviation primarily associated with Vibration.
109.5,shutdown,81.42634948260942,534.3605680666269,0.8633576449656559,306.29562156785835,1,vibration,0.0356014331594037,False,0.0787657387620136,False,28.49294535957841,True,0.0529422209564809,False,1,WARNING,1,0.7094997448695906,1.5629715916962938,99.66493102938918,1.0532583947634122,73.79388798566583,WARNING,Vibration,1,Elevated telemetry deviation primarily associated with Vibration.
109.6,shutdown,81.6481828553987,532.7150677916705,0.8493174124551397,307.3830310491767,1,vibration,0.045149496339995,False,0.0660602317460888,False,27.924133687010357,True,0.0623659916941834,False,1,WARNING,1,0.8989252166025197,1.3125150377027883,99.62455997894457,1.2395730425831197,73.77507664794936,WARNING,Vibration,1,Elevated telemetry deviation primarily associated with Vibration.
109.7,shutdown,80.0163922747406,525.2851321265715,0.8592347260349941,307.01785503780656,1,vibration,0.0250853802509924,False,0.0086909920336924,False,28.325913623383467,True,0.0592012822915318,False,1,WARNING,1,0.5004511545292689,0.1736688614787263,99.65354853374423,1.1770436455731725,73.65646886402472,WARNING,Vibration,1,Elevated telemetry deviation primarily associated with Vibration.
109.8,shutdown,80.38054379087268,527.3284091509375,0.8679461655952277,306.8551450602196,1,vibration,0.0094117165473799,False,0.0244678782267069,False,28.67884000854273,True,0.0577911957033065,False,1,WARNING,1,0.18805728123773013,0.48816216113154454,99.67715980022477,1.1491699302498715,73.67162692276995,WARNING,Vibration,1,Elevated telemetry deviation primarily associated with Vibration.
109.9,shutdown,81.70355735015217,525.241866445065,0.8555030341776976,302.3214210256484,1,vibration,0.0475329031640063,False,0.0083569219467435,False,28.174731662168256,True,0.0185007750992734,False,1,WARNING,1,0.9461535948454558,0.16699884043110957,99.64291311320822,0.36933178816924706,73.61636579054257,WARNING,Vibration,1,Elevated telemetry deviation primarily associated with Vibration.
110.0,shutdown,81.91822657864519,521.0847723744173,0.8624604553425135,304.32211002356104,1,vibration,0.0567726101152557,False,0.0237415156435359,False,28.45659753344604,True,0.035839261435547,False,1,WARNING,1,1.1290302727478552,0.4737047759088564,99.66248634853456,0.7142224502520333,73.70381746319876,WARNING,Vibration,1,Elevated telemetry deviation primarily associated with Vibration.
110.1,shutdown,79.46031487728595,521.2750574798685,0.8664561693623607,293.6840020685862,1,vibration,0.0490198408663448,False,0.0222722550307415,False,28.61847581950936,True,0.0563533230258941,False,1,WARNING,1,0.9756065949070525,0.4444544653844029,99.67323858035716,1.1207388608806546,73.73133344611597,WARNING,Vibration,1,Elevated telemetry deviation primarily associated with Vibration.
110.2,shutdown,77.52904162517628,513.3466105550651,0.8612428374143153,285.39556973831014,1,vibration,0.1321449306500431,False,0.0834906817679522,False,28.40726820148743,True,0.1281830131264327,False,1,WARNING,1,2.6082796990487433,1.6559495230151655,99.65914000379185,2.531077523559988,74.09320509303858,WARNING,Vibration,1,Elevated telemetry deviation primarily associated with Vibration.
110.3,shutdown,80.94242321931159,513.3437816718116,0.8513509771216059,296.3805788389342,1,vibration,0.0147724727617077,False,0.083512524606007,False,28.00651945365215,True,0.0329840939572223,False,1,WARNING,1,0.295013432845459,1.656379144710396,99.63069547516787,0.6575107550302439,73.70591695453759,WARNING,Vibration,1,Elevated telemetry deviation primarily associated with Vibration.
110.4,shutdown,80.36085860199172,512.5006655060558,0.8536942408461339,298.9607090582691,1,vibration,0.0102589985626778,False,0.0900225316368679,False,28.101452052340843,True,0.0106240207022489,False,1,WARNING,1,0.20496962104064043,1.784339357087228,99.63764113719226,0.21225483421248859,73.67539717225908,WARNING,Vibration,1,Elevated telemetry deviation primarily associated with Vibration.
110.5,shutdown,76.79824076432678,510.9258459383037,0.8516078410814785,292.91422686052545,1,vibration,0.163599768594782,False,0.102182287166183,False,28.016925778371352,True,0.0630243933126248,False,1,WARNING,1,3.219044689199635,2.0229048342321643,99.63146329643212,1.25257699137159,74.04647525116398,WARNING,Vibration,1,Elevated telemetry deviation primarily associated with Vibration.
110.6,shutdown,76.45603191847539,508.46408236951993,0.8646848267650861,283.68149454949685,1,vibration,0.1783289846728789,False,0.121190460407333,False,28.54671345056767,True,0.1430376303465965,False,1,WARNING,1,3.5037266896609576,2.3946708469265388,99.66851492868985,2.8202205069019826,74.2684088387141,WARNING,Vibration,1,Elevated telemetry deviation primarily associated with Vibration.
110.7,shutdown,77.53023187820578,509.3699202531244,0.867982012137793,282.0537710736802,1,vibration,0.1320937002558797,False,0.1141961561458328,False,28.680292258839653,True,0.1571439013732899,False,1,WARNING,1,2.6072818106926743,2.2580390308293063,99.67725355556368,3.0940029818942616,74.20841533177715,WARNING,Vibration,1,Elevated telemetry deviation primarily associated with Vibration.
110.8,shutdown,78.19319857917182,503.5726089708703,0.865834705905087,276.58881547370294,1,vibration,0.103558553051203,False,0.1589593082954931,False,28.59329848228884,True,0.2045046146562678,False,1,WARNING,1,2.0498696297071017,3.129181358758848,99.67158903423413,4.007576828438397,74.3116268467268,WARNING,Vibration,1,Elevated telemetry deviation primarily associated with Vibration.
110.9,shutdown,76.85013183808393,503.68155482369343,0.8443766880443566,272.29229112430966,1,vibration,0.1613662937820782,False,0.158118097681027,False,27.72397021295888,True,0.2417394016737132,False,1,WARNING,1,3.1758034668933344,3.11288223552314,99.60922520492356,4.719773175561359,74.42504374045419,WARNING,Vibration,1,Elevated telemetry deviation primarily associated with Vibration.
111.0,shutdown,77.36432473798341,502.356801720086,0.8479087815566582,277.04023884309936,1,vibration,0.1392346089344814,False,0.1683469989510061,False,27.86706585022088,True,0.2005924634272059,False,1,WARNING,1,2.7462770331580177,3.310889379301263,99.62025032147717,3.9324400623741873,74.34402517863734,WARNING,Vibration,1,Elevated telemetry deviation primarily associated with Vibration.
111.1,shutdown,75.28511939225541,497.0088556368396,0.8768790635691766,277.70242859712454,1,vibration,0.2287269326404021,False,0.209640438712526,False,29.040738334203347,True,0.1948537564046928,False,1,WARNING,1,4.471484030009587,4.106126245755492,99.69970125430837,3.822116046594737,74.6135057282589,WARNING,Vibration,1,Elevated telemetry deviation primarily associated with Vibration.
111.2,shutdown,74.76657050381131,490.8265877729574,0.8616394110338157,279.82335855211977,1,vibration,0.2510461062022307,False,0.2573759808539365,False,28.42333458098901,True,0.1764732309540877,False,1,WARNING,1,4.896957208154706,5.017279097810501,99.66023352317241,3.4679053789100744,74.67035962076625,WARNING,Vibration,1,Elevated telemetry deviation primarily associated with Vibration.
111.3,shutdown,74.18160509232135,496.5558030951779,0.8344971149647837,268.5622980766253,1,vibration,0.276223953147164,False,0.2131386224164563,False,27.32371925675562,True,0.274064482462954,False,1,WARNING,1,5.374651438609068,4.1731936589013525,99.57665747056681,5.333774478744536,74.73992659746533,WARNING,Vibration,1,Elevated telemetry deviation primarily associated with Vibration.
111.4,shutdown,75.76833182130942,486.9789983919456,0.8610357014545471,266.34120471715374,1,vibration,0.2079286968103166,False,0.2870846199947835,False,28.398876506290325,True,0.2933130497839945,False,1,WARNING,1,4.073291513243371,5.57996724843507,99.65856744481358,5.69751173041757,74.84138590860843,WARNING,Vibration,1,Elevated telemetry deviation primarily associated with Vibration.
111.5,shutdown,74.22926132818945,488.455344388456,0.8683767028045407,274.6408976994573,1,vibration,0.2741727525306993,False,0.2756852147791915,False,28.6962823543122,True,0.2213857719716627,False,1,WARNING,1,5.33582436028045,5.364455228139398,99.67828405619706,4.331122977083835,74.82798221592691,WARNING,Vibration,1,Elevated telemetry deviation primarily associated with Vibration.
111.6,shutdown,74.05409436809988,483.4050168510921,0.8520585389527016,270.2849139168612,1,vibration,0.2817122186671857,False,0.3146806333368681,False,28.0351848926532,True,0.2591358497570509,False,1,WARNING,1,5.478460262713202,6.099655094666168,99.6328066728104,5.050704642377568,74.93421667117642,WARNING,Vibration,1,Elevated telemetry deviation primarily associated with Vibration.
111.7,shutdown,72.61091740513099,484.6229055464981,0.8548752976640628,273.00789445864416,1,vibration,0.3438288634710778,False,0.3052768710892402,False,28.149300184734724,True,0.2355377988021545,False,1,WARNING,1,6.6454683723822345,5.922885613262774,99.6410922369558,4.601521830277444,74.98766965864812,WARNING,Vibration,1,Elevated telemetry deviation primarily associated with Vibration.
111.8,shutdown,74.07612370250945,480.4281570660895,0.8385210631659009,262.7214844184629,1,vibration,0.2807640408789468,False,0.3376660520933481,False,27.486741393667558,True,0.3246824785185271,False,1,WARNING,1,5.460533918132937,6.5303321567451444,99.59023772017692,6.287302692321339,75.04714008576043,CRITICAL,Vibration,1,Critical telemetry deviation primarily associated with Vibration.
111.9,shutdown,73.13927285663699,477.21313870347626,0.8529864761157439,261.53648064572087,1,vibration,0.3210875997497653,False,0.3624903799796458,False,28.07277839328454,True,0.3349520265310154,False,1,WARNING,1,6.219901308061326,6.993246388771734,99.63555713641324,6.479582570858,75.20433728652773,CRITICAL,Vibration,1,Critical telemetry deviation primarily associated with Vibration.
112.0,shutdown,71.69973139567053,476.7311021111557,0.859466128086358,250.4752602777748,1,vibration,0.383047766732598,False,0.3662123600964976,False,28.3352884102877,True,0.4308114121787799,False,1,WARNING,1,7.374856521418538,7.062454483995251,99.65419750688937,8.255466612468842,75.48058870289564,CRITICAL,Vibration,1,Critical telemetry deviation primarily associated with Vibration.
112.1,shutdown,70.57060275339512,475.5349913615856,0.8440747682112616,243.6329166117003,1,vibration,0.4316472695030936,False,0.3754479668914517,False,27.711738540505053,True,0.4901089253285488,False,1,WARNING,1,8.270802398619747,7.2339629621199215,99.60826806880402,9.337084743688173,75.6347595848804,CRITICAL,Vibration,1,Critical telemetry deviation primarily associated with Vibration.
112.2,shutdown,72.6434494872279,476.1165726259695,0.8433414572770944,259.75488969891904,1,vibration,0.3424286306235498,False,0.3709573661012716,False,27.68202992858117,True,0.3503917527054388,False,1,WARNING,1,6.619321094995334,7.150610489609999,99.60593357783908,6.767923079253002,75.25643829674392,CRITICAL,Vibration,1,Critical telemetry deviation primarily associated with Vibration.
112.3,shutdown,70.62099776185917,471.98532256327866,0.8529484106720409,248.9154899511921,1,vibration,0.4294781877335157,False,0.4028562526921296,False,28.07123624868803,True,0.4443287837059864,False,1,WARNING,1,8.231000139757526,7.741083373296764,99.63544471435846,8.50316063307497,75.62272433962568,CRITICAL,Vibration,1,Critical telemetry deviation primarily associated with Vibration.
112.4,shutdown,70.60138917345688,469.0468773248817,0.8648031646551652,245.78311397577983,1,vibration,0.4303221727416919,False,0.4255450587413135,False,28.55150767125694,True,0.4714747609700296,False,1,WARNING,1,8.246489164489756,8.158783877106579,99.66883261887523,8.998568806517216,75.72860021813042,CRITICAL,Vibration,1,Critical telemetry deviation primarily associated with Vibration.
112.5,shutdown,68.82493892297487,464.0275614606332,0.8494991182403455,242.72486290381448,1,vibration,0.5067834329006478,False,0.4643010248744963,False,27.931495130029248,True,0.4979783527224152,False,1,WARNING,1,9.638933040155507,8.867911048163158,99.62511232830037,9.479665557105022,75.9223399360961,CRITICAL,Vibration,1,Critical telemetry deviation primarily associated with Vibration.
112.6,shutdown,69.93498922941389,466.0969263399969,0.8456358099146503,240.55980644232548,1,vibration,0.4590050922197687,False,0.4483227048502342,False,27.774980993333948,True,0.5167412898475524,False,1,WARNING,1,8.771334029498712,8.576217683056642,99.61319168265682,9.818714472624945,75.84177715716268,CRITICAL,Vibration,1,Critical telemetry deviation primarily associated with Vibration.
112.7,shutdown,72.79708676518949,459.382277121465,0.8674514538358439,242.06409905405647,1,vibration,0.335815836441924,False,0.5001689573571162,False,28.658797760447232,True,0.503704702491163,False,1,WARNING,1,6.495737947989843,9.519315723520005,99.67586311443534,9.583276433808797,75.75080293111145,CRITICAL,Vibration,1,Critical telemetry deviation primarily associated with Vibration.
112.8,shutdown,70.70389112866334,454.299412588454,0.8384511799704457,242.0406329029686,1,vibration,0.4259103246408421,False,0.5394156059101705,False,27.48391021709968,True,0.5039080662025774,False,1,WARNING,1,8.16549292492914,10.226748378579009,99.59000563260201,9.586953855118562,75.89580873042382,CRITICAL,Vibration,1,Critical telemetry deviation primarily associated with Vibration.
112.9,shutdown,68.05623070196913,454.8534645308381,0.8506566097989519,239.8944276824564,1,vibration,0.5398698642581822,False,0.5351375690430332,False,27.978388563520543,True,0.5225076336163607,False,1,WARNING,1,10.234904057890294,10.149904853299606,99.6286118462278,9.922657782591315,76.12800457229886,CRITICAL,Vibration,1,Critical telemetry deviation primarily associated with Vibration.
113.0,shutdown,66.52913383122431,454.4565625127397,0.8624136483090389,238.1531760853005,1,vibration,0.6055985561200931,False,0.5382021941010372,False,28.45470124098944,True,0.5375977685932618,False,1,WARNING,1,11.407210226842501,10.20495935004715,99.66235831933977,10.194103811315802,76.28403818198106,CRITICAL,Vibration,1,Critical telemetry deviation primarily associated with Vibration.
113.1,shutdown,69.48303943746917,450.9720500723211,0.8209754045526073,225.1467579771452,1,vibration,0.4784577341450319,False,0.5651073839284834,False,26.775914460092167,True,0.6503147390406409,False,1,WARNING,1,9.12557221032011,10.686852168332416,99.5276394491246,12.195984152248462,76.20236984018324,CRITICAL,Vibration,1,Critical telemetry deviation primarily associated with Vibration.
113.2,shutdown,67.33784378253688,451.4399359930275,0.8511166528252735,232.80374481389583,1,vibration,0.5707903863086004,False,0.5614946663017146,False,27.99702627789311,True,0.5839573182798222,False,1,WARNING,1,10.788307866453428,10.622296212202176,99.62999363455651,11.022927664847703,76.31505433304197,CRITICAL,Vibration,1,Critical telemetry deviation primarily associated with Vibration.
113.3,shutdown,66.9604133242921,446.760431398171,0.8318994899174595,231.8487475115217,1,vibration,0.5870355969200077,False,0.5976268258436377,False,27.218481722635985,True,0.5922335709586082,False,1,WARNING,1,11.07769004997704,11.26585000332716,99.56765273458929,11.170085186618007,76.3635861002528,CRITICAL,Vibration,1,Critical telemetry deviation primarily associated with Vibration.
113.4,shutdown,65.7120187886472,453.1641569479215,0.8357641483112184,237.2868267284696,1,vibration,0.6407684945033001,False,0.5481813282410501,False,27.375050554613058,True,0.5451057753357009,False,1,WARNING,1,12.028184296046208,10.383995978714477,99.58098138168778,10.328855269329484,76.30581437910263,CRITICAL,Vibration,1,Critical telemetry deviation primarily associated with Vibration.
113.5,shutdown,67.23862165059217,442.4256075893028,0.834427257850167,229.71123496902987,1,vibration,0.5750610655702867,False,0.631097579482882,False,27.32088913680026,True,0.610757805384986,False,1,WARNING,1,10.86447423830731,11.857866045037667,99.57641778071,11.498577537165367,76.43193842256828,CRITICAL,Vibration,1,Critical telemetry deviation primarily associated with Vibration.
113.6,shutdown,66.34305558731741,437.0041948780868,0.8450450613498373,220.26639442814417,1,vibration,0.6136076613643446,False,0.6729582818400451,False,27.7510480079673,True,0.6926092269888863,False,1,WARNING,1,11.549006425890628,12.592723912967152,99.61133574883691,12.935576850818965,76.70762449386393,CRITICAL,Vibration,1,Critical telemetry deviation primarily associated with Vibration.
113.7,shutdown,65.16875597656579,436.9377150629662,0.8459188496271008,226.8974171158129,1,vibration,0.6641513948676484,False,0.6734715967086523,False,27.78644777581932,True,0.635143075885132,False,1,WARNING,1,12.438631044745863,12.601696943248275,99.6140777555956,11.92915293922161,76.70021192588314,CRITICAL,Vibration,1,Critical telemetry deviation primarily associated with Vibration.
113.8,shutdown,65.31343583060412,437.6164334643334,0.8451644797963263,228.1359982466317,1,vibration,0.6579241425388073,False,0.6682309647004707,False,27.75588600521784,True,0.6244092126832683,False,1,WARNING,1,12.329509758524114,12.510044451048397,99.61171163826808,11.739881765938975,76.66433798107995,CRITICAL,Vibration,1,Critical telemetry deviation primarily associated with Vibration.
113.9,shutdown,64.84097298948224,434.6606964015421,0.8636480339446083,220.0414389005689,1,vibration,0.6782596989106547,False,0.6910532872245551,False,28.50470988275775,True,0.694558749550965,False,1,WARNING,1,12.685351283765689,12.908479235204595,99.66571848795273,12.969517045128265,76.87776029672376,CRITICAL,Vibration,1,Critical telemetry deviation primarily associated with Vibration.
114.0,shutdown,63.41841755797856,429.0726578671744,0.8416157671826047,213.1420886369544,1,vibration,0.739488760016771,False,0.7342005682577045,False,27.61211707861621,True,0.7543502965628461,False,1,WARNING,1,13.748069869584413,13.656798262692648,99.6003848139234,14.004056488034589,77.07856470454577,CRITICAL,Vibration,1,Critical telemetry deviation primarily associated with Vibration.
114.1,shutdown,64.9495780904656,432.9937681804416,0.8284538257311355,212.52770004188565,1,vibration,0.6735851616537715,False,0.7039242472180425,False,27.07888759501289,True,0.7596747464258065,False,1,WARNING,1,12.60368199740296,13.132381224117683,99.55541202874034,14.095583963969139,76.90738549992635,CRITICAL,Vibration,1,Critical telemetry deviation primarily associated with Vibration.
114.2,shutdown,63.61297716872986,426.86616004668895,0.8382939501912164,212.9108506662388,1,vibration,0.7311146031778478,False,0.7512377416726677,False,27.47754037004523,True,0.7563542643958594,False,1,WARNING,1,13.603491392982104,13.95050640310329,99.58948297946795,14.03851620287082,77.08658867226627,CRITICAL,Vibration,1,Critical telemetry deviation primarily associated with Vibration.
114.3,shutdown,62.27817347419105,426.314458230438,0.8495627310587637,213.43876927876505,1,vibration,0.7885666891687586,False,0.7554976323598697,False,27.93407227493152,True,0.7517791856807262,False,1,WARNING,1,14.590541651737876,14.023787469019954,99.62530550648168,13.959824095134243,77.1989012174208,CRITICAL,Vibration,1,Critical telemetry deviation primarily associated with Vibration.
114.4,shutdown,62.2178000274725,424.4377926298573,0.8597928717920964,202.80102597798185,1,vibration,0.7911652588810191,False,0.7699880510596507,False,28.348525771821627,True,0.8439686099549891,False,1,WARNING,1,14.634918605399116,14.272593028764613,99.65511179859848,15.531687503036762,77.38407487597142,CRITICAL,Vibration,1,Critical telemetry deviation primarily associated with Vibration.
114.5,shutdown,62.86836476624914,420.0284886475175,0.8418186569838688,215.9878378675304,1,vibration,0.763163911965536,False,0.8040338932485553,False,27.62033674927462,True,0.7296883005193423,False,1,WARNING,1,14.155509997980708,14.854342519707798,99.60104121527921,13.578842363469267,77.18227869836971,CRITICAL,Vibration,1,Critical telemetry deviation primarily associated with Vibration.
114.6,shutdown,62.78339028211025,419.9024826679317,0.8357174674341519,202.71799176676544,1,vibration,0.7668213496769798,False,0.8050068313161098,False,27.373159373128612,True,0.8446882058232731,False,1,WARNING,1,14.21828121201183,14.870909198110226,99.58082286366053,15.543843238028865,77.34624730616284,CRITICAL,Vibration,1,Critical telemetry deviation primarily associated with Vibration.
114.7,shutdown,61.24109769597386,413.6713542224224,0.8549290894506555,205.14155831232893,1,vibration,0.8332040894344289,False,0.8531196438063091,False,28.151479450361517,True,0.823684953704056,False,1,WARNING,1,15.349639430689589,15.68614059677882,99.6412486339405,15.18832626884854,77.53003016845886,CRITICAL,Vibration,1,Critical telemetry deviation primarily associated with Vibration.
114.8,shutdown,60.5055833037464,417.00900315188335,0.8448539124796705,206.2188799768492,1,vibration,0.8648618053088257,False,0.8273484406437422,False,27.74330399742705,True,0.8143486065858658,False,1,WARNING,1,15.883913668351301,15.250444800835872,99.61073331842306,15.029812075427051,77.50228074499076,CRITICAL,Vibration,1,Critical telemetry deviation primarily associated with Vibration.
114.9,shutdown,61.08345847111896,413.8677814486669,0.8389023511465694,201.7832601548216,1,vibration,0.8399891338113353,False,0.8516029576415289,False,27.50218850637396,True,0.8527888308073064,False,1,WARNING,1,15.46443281584937,15.660561184569676,99.59150169551847,15.680561988095898,77.54421864943994,CRITICAL,Vibration,1,Critical telemetry deviation primarily associated with Vibration.
115.0,shutdown,60.99457205046319,413.3140126396856,0.8516068522267128,193.7248441993572,1,vibration,0.8438149475274893,False,0.8558788083325287,False,28.01688571691705,True,0.9226251397396812,False,1,WARNING,1,15.529091541957785,15.73265492351722,99.63146034359701,16.850087107793055,77.68798744106375,CRITICAL,Vibration,1,Critical telemetry deviation primarily associated with Vibration.
115.1,shutdown,60.14296744617309,409.2496032579696,0.8389337725430075,194.35065711658683,1,vibration,0.8804693718118295,False,0.8872615936780688,False,27.503461480810028,True,0.917201683757382,False,1,WARNING,1,16.146073769637916,16.259907328116363,99.59160568386022,16.75984619637918,77.75081908008359,CRITICAL,Vibration,1,Critical telemetry deviation primarily associated with Vibration.
115.2,shutdown,58.69743996631585,405.0387001235164,0.8476122192431758,193.43012077046708,1,vibration,0.9426871866221764,False,0.91977551065058,False,27.855051226857192,True,0.9251792889103532,False,1,WARNING,1,17.183050159192636,16.80268431893278,99.61933671438025,16.892551716986027,77.92111086892768,CRITICAL,Vibration,1,Critical telemetry deviation primarily associated with Vibration.
115.3,shutdown,57.71365351442501,403.9594809186093,0.8503282811769389,194.976752806796,1,vibration,0.985030929048102,False,0.9281085552500598,False,27.965086992303743,True,0.9117757771915852,False,1,WARNING,1,17.88144464005508,16.941226227700113,99.62762252165886,16.66946650666119,77.98093362998485,CRITICAL,Vibration,1,Critical telemetry deviation primarily associated with Vibration.
115.4,shutdown,59.7118146562691,401.7901719333609,0.8530630855042443,186.7557005377972,1,vibration,0.899026877505087,False,0.9448585801216832,False,28.07588206798328,True,0.9830215343205264,False,1,WARNING,1,16.456720872181762,17.219007988074576,99.63578328863466,17.848436289383475,77.98975462596154,CRITICAL,Vibration,1,Critical telemetry deviation primarily associated with Vibration.
115.5,shutdown,59.11202774559843,400.7269322550439,0.8305431418118521,185.5469920028144,1,vibration,0.9248426654812956,False,0.9530682409756293,False,27.16353201763948,True,0.9934965139101593,False,1,WARNING,1,16.886956345790583,17.354817236690458,99.56287505854905,18.020363323908317,78.000557334989,CRITICAL,Vibration,1,Critical telemetry deviation primarily associated with Vibration.
115.6,shutdown,56.42865363525437,393.7492111575347,0.8458324948184922,186.0223968567467,1,vibration,1.040339379165877,False,1.0069457672871458,False,27.782949285101157,True,0.9893765329572454,False,1,WARNING,1,18.78480906464599,18.240579997228867,99.61380763202614,17.952784577090554,78.27577332202875,CRITICAL,Vibration,1,Critical telemetry deviation primarily associated with Vibration.
115.7,shutdown,56.67579227595187,394.7939216059564,0.8415761504608863,185.76799366964173,1,vibration,1.0297021367795085,False,0.9988791773667132,False,27.610512087122977,True,0.9915812565240396,False,1,WARNING,1,18.611844008473565,18.108569595825575,99.6002565175382,17.988954887837384,78.24225892474637,CRITICAL,Vibration,1,Critical telemetry deviation primarily associated with Vibration.
115.8,shutdown,56.46920137014253,394.9310150585955,0.8258089230154174,184.6292877322034,1,vibration,1.0385941398014205,False,0.9978206288809712,False,26.97173470161312,True,1.001449575567083,False,1,WARNING,1,18.756456127025125,18.091230550538405,99.54578142512203,18.150657493700294,78.22736891601309,CRITICAL,Vibration,1,Critical telemetry deviation primarily associated with Vibration.
115.9,shutdown,57.99667282544301,391.0622798790439,0.8246189825714261,169.63150111954093,1,vibration,0.9728493252210972,False,1.027692542434952,False,26.92352666704559,True,1.1314242585534455,False,1,WARNING,1,17.681133586498742,18.579125998322297,99.54138084794253,20.250909733968392,78.3564956907517,CRITICAL,Vibration,1,Critical telemetry deviation primarily associated with Vibration.
116.0,shutdown,56.40987072678632,390.30450611698825,0.8353537507970403,180.65554037839385,1,vibration,1.0411478255890332,False,1.0335435896798617,False,27.358424127929418,True,1.035887093976848,False,1,WARNING,1,18.797939629205107,18.674349747691256,99.57958570599659,18.712458218421425,78.3561098727628,CRITICAL,Vibration,1,Critical telemetry deviation primarily associated with Vibration.
116.1,shutdown,56.44240518252534,384.05868217958425,0.8104605790081647,176.0898977551382,1,vibration,1.0397474905761523,False,1.0817698714159871,False,26.349927532866,True,1.0754541292942903,False,1,WARNING,1,18.775194426612373,19.454985722997577,99.48563148778861,19.35318113150666,78.4091973343418,CRITICAL,Vibration,1,Critical telemetry deviation primarily associated with Vibration.
116.2,shutdown,55.50692678676924,384.2388363356855,0.8441282226328097,181.02222093530875,1,vibration,1.0800119769987706,False,1.080378835553442,False,27.7139041384682,True,1.032709345794857,False,1,WARNING,1,19.426662818235275,19.432574404965706,99.60843769884079,18.660779530352244,78.49422426883099,CRITICAL,Vibration,1,Critical telemetry deviation primarily associated with Vibration.
116.3,shutdown,54.24830956296852,379.5431405062609,0.8412757160722584,178.92009281218932,1,vibration,1.1341848754311683,False,1.1166360135153146,False,27.598340594452583,True,1.0509269297261077,False,1,WARNING,1,20.294928917754273,20.014690762077535,99.59928223720135,18.956601102823555,78.64026496841835,CRITICAL,Vibration,1,Critical telemetry deviation primarily associated with Vibration.
116.4,shutdown,54.42686052213234,379.4680519825278,0.8287378470055731,175.52671141707845,1,vibration,1.1264997565619226,False,1.117215799358943,False,27.09039414350037,True,1.0803348472056764,False,1,WARNING,1,20.172326131042407,20.02396509435337,99.55643398697777,19.431865596260657,78.64033378729104,CRITICAL,Vibration,1,Critical telemetry deviation primarily associated with Vibration.
116.5,shutdown,54.36889681508804,376.32979657815855,0.8355512435758903,167.03378954169818,1,vibration,1.1289946072242976,False,1.141447412482821,False,27.36642514912145,True,1.1539366963911095,False,1,WARNING,1,20.21214782030498,20.410617084842475,99.58025791675105,20.6091718807466,78.79823468236964,CRITICAL,Vibration,1,Critical telemetry deviation primarily associated with Vibration.
116.6,shutdown,54.36027144414823,375.97542184124063,0.8379013400850219,166.4113321358595,1,vibration,1.1293658569855658,False,1.1441836689117644,False,27.4616345642828,True,1.1593310726471429,False,1,WARNING,1,20.218071844587758,20.454160561279476,99.58817497929319,20.694778492646172,78.81589250084865,CRITICAL,Vibration,1,Critical telemetry deviation primarily associated with Vibration.
116.7,shutdown,52.28887204806081,366.2998023561904,0.8467924437386073,166.42803887044204,1,vibration,1.2185222001335767,False,1.2188926514149634,False,27.82183967743772,True,1.1591862877807366,False,1,WARNING,1,21.628076392845962,21.633882773650193,99.61679981476644,20.69248202021663,79.06340346722762,CRITICAL,Vibration,1,Critical telemetry deviation primarily associated with Vibration.
116.8,shutdown,54.77298887412882,372.29728151509056,0.8371769762736916,159.75381301375936,1,vibration,1.1116018386702098,False,1.1725839301761964,False,27.432288426976168,True,1.2170268486785236,False,1,WARNING,1,19.934118200899242,20.90470431842617,99.58575077743536,21.60463417358477,78.90829365898823,CRITICAL,Vibration,1,Critical telemetry deviation primarily associated with Vibration.
116.9,shutdown,51.85902938875503,368.6198657557283,0.844718963414891,171.08443349011773,1,vibration,1.2370233157103732,False,1.200978596796528,False,27.737836808533185,True,1.1188327722799376,False,1,WARNING,1,21.917534136792007,21.35260821690993,99.61030744673775,20.049824729249245,79.00309886172732,CRITICAL,Vibration,1,Critical telemetry deviation primarily associated with Vibration.
117.0,shutdown,51.7686393127814,368.78761288236274,0.8392273463042408,155.7433466835176,1,vibration,1.2409138491564589,False,1.1996833601279036,False,27.51535502901332,True,1.251782583198747,False,1,WARNING,1,21.978266994405125,21.33223218069913,99.59257598087227,22.14768228782994,79.17711566390004,CRITICAL,Vibration,1,Critical telemetry deviation primarily associated with Vibration.
117.1,shutdown,51.61143976327313,364.86392857480666,0.8390642620676184,151.8375581130419,1,vibration,1.2476799692031986,False,1.229979555915078,False,27.50874800043789,True,1.2856311532824638,False,1,WARNING,1,22.083776471679418,21.807457793111272,99.59203725258399,22.67294028506508,79.27349274689307,CRITICAL,Vibration,1,Critical telemetry deviation primarily associated with Vibration.
117.2,shutdown,52.863231067958615,358.5336935703188,0.832585913136008,150.90477100157,1,vibration,1.193800869247371,False,1.2788576062478902,False,27.24629077342909,True,1.293714926724404,False,1,WARNING,1,21.239625230068903,22.568113601044548,99.57005069332499,22.797858163405525,79.26090212334758,CRITICAL,Vibration,1,Critical telemetry deviation primarily associated with Vibration.
117.3,shutdown,50.143620060436895,356.05737742742593,0.815628615545496,154.31897586656183,1,vibration,1.3108572769462952,False,1.2979781452146844,False,26.559300098775463,True,1.2641265476896504,False,1,WARNING,1,23.062090179454074,22.86365602806535,99.50672568202147,22.339646479487296,79.35943205060391,CRITICAL,Vibration,1,Critical telemetry deviation primarily associated with Vibration.
117.4,shutdown,49.24535199359392,353.8074494210379,0.8298177187775014,149.04765713376975,1,vibration,1.3495201712957017,False,1.315350658914961,False,27.13414296805079,True,1.3098091539907877,False,1,WARNING,1,23.654724386916072,23.131201403828726,99.56029815537842,23.045960411028755,79.53600993224677,CRITICAL,Vibration,1,Critical telemetry deviation primarily associated with Vibration.
117.5,shutdown,51.39861807671782,358.1389140657067,0.8201407750772152,148.2081238425119,1,vibration,1.256840154994362,False,1.2819058426061165,False,26.742101132035323,True,1.3170847657997733,False,1,WARNING,1,22.226391210772935,22.615305352703054,99.52443420689593,23.157856523853404,79.34923112272708,CRITICAL,Vibration,1,Critical telemetry deviation primarily associated with Vibration.
117.6,shutdown,49.95466543238467,351.59313029025026,0.8342032874197971,141.27020367554675,1,vibration,1.31899018636485,False,1.3324482235157724,False,27.31181542701596,True,1.377210569531682,False,1,WARNING,1,23.187134264946895,23.393606349541397,99.57564839037317,24.07636199497427,79.6195371662282,CRITICAL,Vibration,1,Critical telemetry deviation primarily associated with Vibration.
117.7,shutdown,48.7125592139329,345.68656867764,0.833459770446912,146.6152657138436,1,vibration,1.3724524247181775,False,1.3780549372618407,False,27.281693338039677,True,1.330888884744973,False,1,WARNING,1,24.004076473052073,24.08918240640716,99.57308420287157,23.3697115597858,79.68815951305172,CRITICAL,Vibration,1,Critical telemetry deviation primarily associated with Vibration.
117.8,shutdown,48.621529761710725,347.7958731421798,0.8249255397962976,134.73936578588118,1,vibration,1.3763704779406636,False,1.3617682291519666,False,26.935946214064227,True,1.4338084933631852,False,1,WARNING,1,24.063604361276692,23.8415117857786,99.54251860274216,24.93094019102049,79.78576239910397,CRITICAL,Vibration,1,Critical telemetry deviation primarily associated with Vibration.
117.9,shutdown,50.22319107123557,343.0662011593468,0.8398319312699299,133.95888593399667,1,vibration,1.3074324133701056,False,1.398287749370522,False,27.53984856822541,True,1.440572332851359,False,1,WARNING,1,23.009371757180375,24.395739598563505,99.59456695153665,25.03242254872198,79.78927734339905,CRITICAL,Vibration,1,Critical telemetry deviation primarily associated with Vibration.
118.0,shutdown,47.53217377824734,345.8852660377994,0.8150005920707112,137.46900035539934,1,vibration,1.4232581018607304,False,1.3765207225661806,False,26.53385699569033,True,1.4101527768895157,False,1,WARNING,1,24.772371359388657,24.065886134059276,99.5042091988733,24.57493622322813,79.80800873437822,CRITICAL,Vibration,1,Critical telemetry deviation primarily associated with Vibration.
118.1,shutdown,47.35289499136042,342.360086226145,0.8214981424541261,137.06691864516662,1,vibration,1.4309745475993167,False,1.4037399199805107,False,26.797092130750745,True,1.4136373205873165,False,1,WARNING,1,24.888379801967798,24.478136131713548,99.52963591732104,24.627482297320192,79.87758133423691,CRITICAL,Vibration,1,Critical telemetry deviation primarily associated with Vibration.
118.2,shutdown,47.87780620778829,336.8617559686131,0.820623119579434,131.84803248822487,1,vibration,1.4083815292647166,False,1.4461945307309072,False,26.761642345676595,True,1.4588655326768067,False,1,WARNING,1,24.548212197007825,25.11667168431031,99.52628920619372,25.306200790271618,79.96060819833197,CRITICAL,Vibration,1,Critical telemetry deviation primarily associated with Vibration.
118.3,shutdown,44.43140041706504,337.9549756690955,0.8310384683366325,133.65312275595682,1,vibration,1.5567203469188111,False,1.4377533832052438,False,27.183599171713794,True,1.4432221553325697,False,1,WARNING,1,26.753818517668094,24.990144666734516,99.56462591344135,25.072142177214328,80.15032083030448,CRITICAL,Vibration,1,Critical telemetry deviation primarily associated with Vibration.
118.4,shutdown,46.27426466981903,331.6441057088704,0.8336299657224853,135.50745304738942,1,vibration,1.4774005218748905,False,1.486481908977356,False,27.288588456000827,True,1.4271520512561804,False,1,WARNING,1,25.582577961292895,25.717617972448327,99.57367252408007,24.830935067830218,80.09705744914655,CRITICAL,Vibration,1,Critical telemetry deviation primarily associated with Vibration.
118.5,shutdown,47.73383841850706,332.0229460256876,0.8177981515483692,129.26436167759385,1,vibration,1.4145781331874865,False,1.4835567448941334,False,26.647194469582114,True,1.4812562896081904,False,1,WARNING,1,24.641663245989076,25.674147626714138,99.51532111879017,25.639943098723926,80.03867779760762,CRITICAL,Vibration,1,Critical telemetry deviation primarily associated with Vibration.
118.6,shutdown,45.50955383893686,327.556909309504,0.8116740297607619,131.9199597094264,1,vibration,1.5103148991678026,False,1.5180406411866167,False,26.39908804011876,True,1.4582421928457237,False,1,WARNING,1,26.070849703249344,26.184993004942104,99.49066403040749,25.29688828576171,80.16022868439642,CRITICAL,Vibration,1,Critical telemetry deviation primarily associated with Vibration.
118.7,shutdown,46.64635862733586,328.78351729530823,0.8199270979613185,119.23857509725164,1,vibration,1.461385002790385,False,1.508569554121719,False,26.733444435104435,True,1.5681423392715934,False,1,WARNING,1,25.343829068098998,26.045038823375975,99.5236101279333,26.920951011332562,80.25077162334647,CRITICAL,Vibration,1,Critical telemetry deviation primarily associated with Vibration.
118.8,shutdown,45.01110491837724,325.2266138330336,0.8102545323043856,123.06046808544484,1,vibration,1.531768937962595,False,1.5360337013982035,False,26.341579966676058,True,1.5350208299197523,False,1,WARNING,1,26.387385891343595,26.45014719833585,99.48477202550606,26.435246379495947,80.30638757236356,CRITICAL,Vibration,1,Critical telemetry deviation primarily associated with Vibration.
118.9,shutdown,44.890039638585264,324.6611028201118,0.8173798029846349,119.87018266839294,1,vibration,1.536979781245079,False,1.540400217923065,False,26.630245922179075,True,1.5626686653254946,False,1,WARNING,1,26.46406268847311,26.514350489314232,99.51367541053082,26.84090502747416,80.37552595822687,CRITICAL,Vibration,1,Critical telemetry deviation primarily associated with Vibration.
119.0,shutdown,45.22906602350558,319.8761547184262,0.8313342865970762,119.6579987259023,1,vibration,1.5223875433757048,False,1.577346545190263,False,27.19558365127089,True,1.5645075060406128,False,1,WARNING,1,26.24913844060729,27.0553541889724,99.56566821017196,26.86780566507553,80.44475640578416,CRITICAL,Vibration,1,Critical telemetry deviation primarily associated with Vibration.
119.1,shutdown,44.69431996562312,318.244255416414,0.8391225872818437,113.42212100927846,1,vibration,1.5454038690170409,False,1.5899470341397706,False,27.511110928732094,True,1.618549229015629,False,1,WARNING,1,26.587853015193808,27.23895039230616,99.59223000437831,27.6539873078973,80.57883881582627,CRITICAL,Vibration,1,Critical telemetry deviation primarily associated with Vibration.
119.2,shutdown,43.89078135172512,315.28518251522496,0.8133978541987675,121.42922996706056,1,vibration,1.5799894561948138,False,1.6127951138872425,False,26.468925306778083,True,1.5491575597444895,False,1,WARNING,1,27.093901241859285,27.57068192499298,99.49772870418893,26.642945631625704,80.49398368920616,CRITICAL,Vibration,1,Critical telemetry deviation primarily associated with Vibration.
119.3,shutdown,42.5323155596254,312.7578230365003,0.8248250946074089,103.72811050908328,1,vibration,1.6384599967115518,False,1.6323097770431338,False,26.93187688003786,True,1.702560021685899,False,1,WARNING,1,27.941507383894127,27.85281773728274,99.54214612226471,28.859401345090063,80.81953383096858,CRITICAL,Vibration,1,Critical telemetry deviation primarily associated with Vibration.
119.4,shutdown,42.37196422165084,315.1960157078784,0.8197439622905761,103.74396991164652,1,vibration,1.6453617747750708,False,1.613483603286832,False,26.72602506316001,True,1.7024225800170885,False,1,WARNING,1,28.04090511073213,27.580654601911814,99.52290270046606,28.857445781692736,80.79005372234818,CRITICAL,Vibration,1,Critical telemetry deviation primarily associated with Vibration.
119.5,shutdown,41.49222139578328,310.3954893041601,0.8009749292274381,109.79942683563183,1,vibration,1.6832273131223354,False,1.6505502162986063,False,25.965635583774088,True,1.6499444301167514,False,1,WARNING,1,28.583800785749737,28.115537492644105,99.444539028539,28.106827642208653,80.76088705160024,CRITICAL,Vibration,1,Critical telemetry deviation primarily associated with Vibration.
119.6,shutdown,41.92787884361775,308.7177456851325,0.8317696996307545,103.4442744308052,1,vibration,1.6644759197466867,False,1.6635046859191254,False,27.213223531220105,True,1.7050198182710257,False,1,WARNING,1,28.315467288581576,28.301541447484112,99.5671978224938,28.894391017963628,80.91305587256674,CRITICAL,Vibration,1,Critical telemetry deviation primarily associated with Vibration.
119.7,shutdown,42.62393675594344,308.0967802910332,0.8318352506519732,108.7452972091974,1,vibration,1.6345164738767033,False,1.668299385920974,False,27.215879198495557,True,1.659079789057428,False,1,WARNING,1,27.884652103616503,28.37026301216018,99.56742763717315,28.238061705648608,80.82411335428992,CRITICAL,Vibration,1,Critical telemetry deviation primarily associated with Vibration.
119.8,shutdown,41.17489338265662,308.4461665215374,0.8293761684181841,102.04696396355524,1,vibration,1.696885618363824,False,1.6656016475671738,False,27.116254446744733,True,1.717129270799241,False,1,WARNING,1,28.778619424972398,28.331604926408993,99.55872221477155,29.066392648623342,80.96501162089444,CRITICAL,Vibration,1,Critical telemetry deviation primarily associated with Vibration.
119.9,shutdown,41.746726822331375,304.2270271857777,0.8305752939343376,118.31531129909584,1,vibration,1.6722729924900073,False,1.6981791592501063,False,27.16483459596601,True,1.5761435812266409,False,1,WARNING,1,28.427166076812714,28.797042595307488,99.56298892161179,27.03780212155664,80.80063027413541,CRITICAL,Vibration,1,Critical telemetry deviation primarily associated with Vibration.
