time_s,pressure_kpa,temperature_k,vibration_g,thrust_n,anomaly,scenario
0.0,40.83752221223795,297.95383377382535,0.13631680630583223,-5.909084379580213,0,normal
0.1,39.49237793657265,304.18733751896974,0.15468586233582335,-4.262299976107052,0,normal
0.2,40.72096577680907,308.85250142483886,0.18483481577818361,5.160022510217404,0,normal
0.3,42.352071606375766,309.5606546602438,0.15341378305458514,11.049200352656287,0,normal
0.4,44.46515493677772,310.83358665166713,0.15338633767094895,21.525940615629956,0,normal
0.5,41.004232700939085,312.184826217465,0.16771464911347292,9.1502084352376,0,normal
0.6,41.82085487432338,324.1847912210249,0.17063539977132347,12.850671331488675,0,normal
0.7,44.17129202154049,318.0367491877962,0.1550219472844377,23.030483124378527,0,normal
0.8,42.773333874302146,322.94933890981474,0.14024669281039995,32.18165944401056,0,normal
0.9,43.301142680597614,322.5480932027575,0.14474450582903117,26.50527031381202,0,normal
1.0,46.34937232058938,329.9063049751515,0.13932972091134893,24.255973549256723,0,normal
1.1,46.02928141746239,330.41361436997846,0.15920206360158642,39.59537715574547,0,normal
1.2,45.44793066990774,335.6759217126059,0.154895936228603,37.63285766706792,0,normal
1.3,47.20698613179052,337.9625121310269,0.15785035831002403,40.39626182638989,0,normal
1.4,47.09045462044771,341.99205006821177,0.13791719059499813,52.63418700943773,0,normal
1.5,47.14644249523408,349.74446165114404,0.137991503958005,54.429674983123896,0,normal
1.6,45.7177340443743,349.791265140685,0.179045405402668,42.12916969319995,0,normal
1.7,49.92633211997327,352.45669573415967,0.1642054143602298,61.19456096862342,0,normal
1.8,48.711783001009124,357.8034080787003,0.15640815679373823,56.410082773291755,0,normal
1.9,49.87374375933949,353.713043296412,0.15341885903883673,57.4787117738969,0,normal
2.0,49.07312199715564,359.05490310280135,0.14078195355771747,61.05693351814528,0,normal
2.1,51.82909001220119,363.58915293377424,0.15374877539995999,73.65116188841345,0,normal
2.2,52.878662111140514,366.79759879998386,0.17259143544312908,78.03790858408874,0,normal
2.3,54.176954840273254,369.6899377468556,0.15644363732084596,82.13750325776287,0,normal
2.4,53.34320730370183,375.3078334519895,0.14059002086799557,89.65001950285262,0,normal
2.5,54.63721920162782,375.35132184921997,0.15659767648370143,85.55449127711668,0,normal
2.6,53.59494880821965,373.8798332351432,0.14259672861118722,75.68598773360767,0,normal
2.7,52.83472938849647,377.49513450393994,0.13166605818369265,78.14624089569463,0,normal
2.8,56.74070735565959,387.11495974445876,0.18278785926783123,90.06088435965259,0,normal
2.9,55.48915917677567,392.73494120484105,0.14144259655499997,92.78861944148132,0,normal
3.0,56.91983511527551,389.6099398516879,0.1759608178366348,108.49594440790108,0,normal
3.1,56.40056598555044,389.9054611911326,0.15296493008853793,94.39254502554259,0,normal
3.2,58.336162300584306,393.64340240473797,0.1563379188846312,117.265397384138,0,normal
3.3,59.83643437690378,396.0655441633422,0.16418333826781367,106.88612175811049,0,normal
3.4,58.737953171333274,406.51137004747017,0.1525579437045238,105.69789798746943,0,normal
3.5,60.117613786117545,406.7410465169068,0.17742588484060567,102.56882464758442,0,normal
3.6,58.99613957503819,409.662959129199,0.18145275960674367,117.95945696382006,0,normal
3.7,61.45893769573075,403.56915987253313,0.17057708383478193,123.02122714913307,0,normal
3.8,60.43768627004399,411.6866345389469,0.17129159992340925,118.38205381545644,0,normal
3.9,61.86267296151912,416.91451633664036,0.15363506709673638,133.00736010679768,0,normal
4.0,59.993888722229435,424.4505357262447,0.14559475164811803,136.0020230518842,0,normal
4.1,62.38523455037957,418.80394695014724,0.17865327157584251,148.03673334874765,0,normal
4.2,63.562714969587624,420.1233161980589,0.15701895058869247,142.9857891480713,0,normal
4.3,63.31002645708067,428.1764871284838,0.16718703771722024,146.97917085302782,0,normal
4.4,60.57721828309344,432.7817348793341,0.16770233844194388,142.69885354087995,0,normal
4.5,63.7718434173189,438.72830504256683,0.15764652652226677,145.99687551090318,0,normal
4.6,66.20969299547151,437.93328929421716,0.1947175820576343,154.15741612998374,0,normal
4.7,64.12092715715993,443.89097717791134,0.1732456833193127,140.20754257513224,0,normal
4.8,65.16530070817525,444.52478934828235,0.17038174210241214,156.25286620250014,0,normal
4.9,65.37340826720292,444.06713300842466,0.1533299782876876,170.60313544539943,0,normal
5.0,67.32706392516207,454.93972615022386,0.15662291675401085,163.77073643743964,0,normal
5.1,65.94517174304461,455.1888778655615,0.16708265766954156,174.0028928933567,0,normal
5.2,66.70460816900462,452.9358556814033,0.15535472613413523,180.05069684493847,0,normal
5.3,69.09500665860483,458.30866744381626,0.17860491810336282,174.10329696486733,0,normal
5.4,65.58285952097341,460.3478048678932,0.17654021543143894,168.42812098884366,0,normal
5.5,67.56074694680896,464.9115778057839,0.1703965379113731,182.23826329520455,0,normal
5.6,68.08962379510805,470.07603786132137,0.17876146972966866,193.750016162935,0,normal
5.7,70.32067796837995,474.2196530201983,0.16720729782496946,191.0568550005391,0,normal
5.8,69.80638973538714,477.5806456058262,0.18330261828161776,195.18013967322804,0,normal
5.9,70.19465925164032,474.3107178882206,0.1868496727328065,195.15100550629379,0,normal
6.0,69.00452706365591,486.0913927816611,0.1700039687735631,193.77887824165708,0,normal
6.1,71.15578203989202,481.9230922480955,0.1884600288345841,213.1319035944992,0,normal
6.2,72.35874539801306,491.0181053840737,0.1579327554813613,203.75482342769848,0,normal
6.3,71.55369094182846,485.31297644496425,0.15844694700319206,211.17257108226167,0,normal
6.4,74.08486872945355,492.65898040401896,0.15724039271966833,211.77436823350183,0,normal
6.5,76.83607514997925,502.0480245367009,0.17964566137582302,223.69716028448923,0,normal
6.6,77.30041703558851,493.7791450742413,0.16975898602350406,204.29495019354385,0,normal
6.7,75.7467526147183,503.63653627312533,0.16458428102308717,225.2021284710135,0,normal
6.8,76.06307150176612,499.6176592226692,0.17312053642710462,233.21710466861296,0,normal
6.9,75.85554792734197,503.5062108141171,0.18350872886553557,236.08542674623115,0,normal
7.0,77.17354676409256,515.8097271114127,0.1885366003215543,233.37015839308143,0,normal
7.1,76.5071798862251,511.24061122773287,0.1822269564279264,236.8208921282627,0,normal
7.2,78.4737884000972,513.1502631749237,0.1742474172295872,234.26912644273753,0,normal
7.3,78.78303476103669,517.3417729147639,0.1820735097693121,239.26958845071232,0,normal
7.4,78.79376762840423,518.3748185634232,0.19231811699445883,242.71338929983756,0,normal
7.5,79.08892955569915,529.4876303843431,0.15678234253466855,253.2389089327573,0,normal
7.6,80.42923999452233,526.8434834724071,0.16840246522213587,256.80089654921005,0,normal
7.7,80.68576661366744,532.2076663647238,0.16820361359928182,259.6456140430268,0,normal
7.8,80.44704729942323,538.6803098356967,0.1777227276610866,249.1755028496525,0,normal
7.9,83.31457220328798,532.2379164532284,0.16790128200921456,264.5428494740701,0,normal
8.0,84.3287048810887,537.3413667409126,0.18521970576078986,268.1911747098174,0,normal
8.1,83.24651166732089,543.9428230495586,0.17143742365598882,277.90166512809736,0,normal
8.2,82.88897802537144,547.8798979679865,0.1801004432138306,281.86662100906267,0,normal
8.3,84.22674586622155,544.9950047171119,0.17688299259343793,276.3057117822042,0,normal
8.4,84.5638531211064,551.8091175263954,0.16905358249448088,284.56794263592906,0,normal
8.5,84.73166099595566,552.77156496363,0.1822050679435244,283.8029610715763,0,normal
8.6,83.6994467859524,558.6506638760864,0.17528730848759083,286.4148846198614,0,normal
8.7,87.6031675086206,558.9212064594219,0.1976778058480417,294.6758791105658,0,normal
8.8,88.64915269763895,566.2938703362141,0.1844955236010749,288.6686164406552,0,normal
8.9,87.79255308189663,569.4831828178922,0.16439173065156795,306.4365315464094,0,normal
9.0,87.41453600822777,567.8205806497729,0.17793847780283814,304.8363471394095,0,normal
9.1,88.14082106777154,572.6809530070376,0.18884023101848343,301.11211559177366,0,normal
9.2,90.1365815664739,572.5181646097185,0.17309515573662881,309.1962064525636,0,normal
9.3,88.50547595755941,572.0268989030528,0.1998551714124099,309.2146063856191,0,normal
9.4,88.82767408114104,577.3228013918366,0.1851920531055301,312.74379061333127,0,normal
9.5,89.45826950109375,580.0055552548879,0.19718498054214575,317.9484874231091,0,normal
9.6,91.40766920503897,589.8016711967832,0.17831036378011,319.19400265446615,0,normal
9.7,91.60379204973599,591.4228217926141,0.18762188522600737,314.5477558760631,0,normal
9.8,92.22312020145678,595.5641929128042,0.17149724162171442,337.72578961322006,0,normal
9.9,94.59057573381332,593.4468305316731,0.20804531804130844,327.5118785523724,0,normal
10.0,93.89010180766113,601.5914084156274,0.16190149610967816,335.90190291144006,0,normal
10.1,93.65005366512743,600.8504557492653,0.16544342116153835,338.2360008547805,0,normal
10.2,94.21434502966329,603.3231843947185,0.19084683068610642,345.8220937650735,0,normal
10.3,97.60330364123655,606.4249977184659,0.19120409852783163,362.9624105124477,0,normal
10.4,96.72636074351006,613.9161569444472,0.17786992165125698,342.3590663595571,0,normal
10.5,98.30215396585375,616.9471005313465,0.1676466135948976,356.348747836525,0,normal
10.6,96.41063705253929,620.4274307521553,0.20350086457171326,358.36067720635305,0,normal
10.7,99.17297910337615,616.7413515414943,0.19503739745151358,375.08221001368116,0,normal
10.8,98.86131643204791,620.3983955648908,0.1912157335553886,354.9585157935804,0,normal
10.9,97.39368308634154,629.3311296153751,0.17882553766005893,363.77761681598525,0,normal
11.0,98.22702586919051,624.6920972658986,0.17600490168191799,360.58252328534337,0,normal
11.1,97.13264907069647,634.6068180381196,0.18731521344523974,368.32690029380694,0,normal
11.2,99.88163510029567,640.4384873866549,0.1746338554619005,377.2397180699488,0,normal
11.3,100.90748870157095,639.4811004072543,0.18188657282622628,377.2039159346303,0,normal
11.4,100.16738778894705,638.5549031009008,0.2033886794066606,379.36248336704733,0,normal
11.5,101.3637679212894,644.4410326443216,0.1704087282297432,382.5795400381223,0,normal
11.6,104.02530423615052,650.0812431207718,0.1660004954637458,382.5866717287956,0,normal
11.7,103.51488864205332,645.3382186147907,0.18472694272853785,393.8801117481273,0,normal
11.8,103.83113705759418,652.7304268109581,0.19581426668787427,388.44097445819983,0,normal
11.9,101.78212500191738,660.2417493691188,0.1951345709686354,384.50967702814586,0,normal
12.0,104.42554194430848,662.1256657583904,0.18068340119352105,407.6158983228799,0,normal
12.1,101.90214554264428,660.2381237519841,0.18796210197785074,406.2862999464178,0,normal
12.2,106.62032262490486,662.9989314265615,0.18359239518729115,407.21631920054404,0,normal
12.3,105.11783146005807,668.9999204606169,0.19471588645410373,413.4806387619359,0,normal
12.4,106.10268634535498,674.8686361417364,0.19516053407961467,413.10019456278536,0,normal
12.5,106.07887687927843,679.0457601584491,0.20129500010733478,407.26259431201504,0,normal
12.6,107.19246118994744,678.6285937693233,0.20954782790865178,415.57423365903105,0,normal
12.7,107.5764642025398,681.5648786350595,0.20033610903821458,418.5815490150863,0,normal
12.8,109.30802612995205,683.2702569789687,0.19225112400942831,423.2481292257217,0,normal
12.9,109.05189954157751,688.0930673528042,0.19196777579266647,429.5296538164141,0,normal
13.0,107.24579846787107,688.9502439237116,0.1858276938511199,425.3326699406935,0,normal
13.1,109.4247863327991,696.6190218039612,0.19132628152008269,447.25841676485277,0,normal
13.2,112.23573332442514,692.553417754796,0.1662465875374187,446.43751093893235,0,normal
13.3,111.88400795751892,695.493972906139,0.20521538802746325,443.7914057870192,0,normal
13.4,111.34053690736374,699.0348258266658,0.17800225015938195,445.4440336844321,0,normal
13.5,110.21704332638096,702.5523371012064,0.2021536492891813,445.15934450545063,0,normal
13.6,112.41849504897907,708.7196973076218,0.19380429137176672,450.3295271322859,0,normal
13.7,111.99647760051609,711.6458001007145,0.20148859623495846,446.38671540698533,0,normal
13.8,113.9152046819016,710.6708344694274,0.20244015333474352,451.63302347095134,0,normal
13.9,112.87154076245672,717.4177647402325,0.20852123855271584,462.81013574666446,0,normal
14.0,115.64234577081928,720.6283864879008,0.19896416885651794,458.3892978205959,0,normal
14.1,116.60952106993078,724.730910406562,0.19163494185922444,461.9086422375925,0,normal
14.2,117.09374279687458,723.8613272647799,0.19798922299015648,476.8704457238195,0,normal
14.3,117.1720543508681,730.4226939568154,0.1876139836465765,478.7848813542032,0,normal
14.4,115.097975152969,729.7013706630671,0.20284144672124357,472.2089430979782,0,normal
14.5,118.12297257237593,734.18323077781,0.1962126574637179,490.47382036350183,0,normal
14.6,116.93543645463714,741.4152789643251,0.17389372990861532,488.75281467115764,0,normal
14.7,121.21183667127751,739.7061739078579,0.17537348665925676,482.41165564557787,0,normal
14.8,120.69178437679255,743.0462479315486,0.18561005183863935,485.3679285382935,0,normal
14.9,117.36348284705556,755.6130059120901,0.20235121021607305,493.5190559833024,0,normal
15.0,119.75351266148122,744.1554132894732,0.18203319097758008,488.1157092714687,0,normal
15.1,118.58189013414717,750.7621164036813,0.1916734466083992,497.5594421255239,0,normal
15.2,118.61424421066918,751.3455800745885,0.18896987955965266,495.5504364927464,0,normal
15.3,120.95969490578176,757.2249322569269,0.19246374325223853,494.61602455622443,0,normal
15.4,118.23128437694649,745.8489047433986,0.19679869551046264,509.67745379144867,0,normal
15.5,118.20038119577937,749.6308885076849,0.2116633251711587,500.7751365937717,0,normal
15.6,119.40944028195095,748.4774428690683,0.18906446515227238,506.44502346336685,0,normal
15.7,119.6569074583115,748.2867595078159,0.198634412298178,502.09584318995593,0,normal
15.8,120.12859933521429,751.3020575528585,0.2005342756343575,498.61005929468337,0,normal
15.9,120.89118035778456,750.3503011755789,0.21475306900821928,503.2950003223604,0,normal
16.0,119.60727346674719,749.9685265624711,0.2040799306286133,499.9466279115035,0,normal
16.1,120.93029653984196,746.5261516411866,0.21522321825941462,486.0822357503978,0,normal
16.2,120.07359400353911,750.5568889180213,0.18806824044307288,496.57137693281527,0,normal
16.3,119.56438317350998,749.3161092925508,0.20965511766409228,494.97916854055165,0,normal
16.4,120.29355426869708,752.3940722538104,0.18713595050487666,504.7982414600107,0,normal
16.5,119.11830464795017,750.9407030489704,0.20395055649580132,495.3620365552942,0,normal
16.6,120.44823375892379,747.0254973425865,0.21042129750997815,499.5310857786909,0,normal
16.7,119.95470699915326,751.5506940893823,0.19938764100392434,501.6617300131077,0,normal
16.8,118.6062938679057,746.7821113483568,0.18244546111127363,501.3633309134038,0,normal
16.9,118.62356534579395,749.026934753857,0.20271235395134177,504.9638431961316,0,normal
17.0,120.92999463937622,759.4777096914838,0.21070573914281965,487.5286295643766,0,normal
17.1,117.37536319515264,749.7409979623378,0.20070105128262625,498.2467194221378,0,normal
17.2,121.54167557488812,751.3160895110373,0.20787712353072904,495.7194966836128,0,normal
17.3,121.82439896734043,745.0485510835194,0.22041439215623265,505.1896911933292,0,normal
17.4,121.52753445005558,752.0228980420364,0.20254361758660225,511.24321937606084,0,normal
17.5,118.178769029605,746.9957469889939,0.17615167594147324,501.12847948020664,0,normal
17.6,119.86924362344912,747.5690715957764,0.20250737035770655,498.99812372621994,0,normal
17.7,119.6036965697035,747.9279073499712,0.19236925637906951,499.4444831768239,0,normal
17.8,121.64945211221854,744.4508975462113,0.2063071037546006,488.995902277056,0,normal
17.9,118.89819920971392,748.078828982563,0.1735768969782208,498.6246063631126,0,normal
18.0,119.93498174266934,747.2981347202995,0.2171876105514981,492.2760422494929,0,normal
18.1,121.25091466299683,747.9248604446591,0.19500693453640824,502.5418820214336,0,normal
18.2,120.6421812879743,753.1647837842565,0.21232804235483574,500.78173110147344,0,normal
18.3,120.47238521129931,754.488187992672,0.2006877585182011,512.7917931175829,0,normal
18.4,118.97686495491047,752.233871815186,0.18749079894843435,500.7878724885884,0,normal
18.5,119.24050654826321,751.7931669648096,0.20739678844166995,511.6562080247638,0,normal
18.6,120.11704624731311,745.831074047984,0.20189797521608707,486.09940933707105,0,normal
18.7,121.11154810945789,751.6319106370235,0.20030482425866825,488.2375116022357,0,normal
18.8,119.43577442504848,752.6185596665687,0.20301134952243333,492.84050752606424,0,normal
18.9,121.4302253528299,752.3135573704878,0.19525385736994785,494.66881986126606,0,normal
19.0,121.30301023519907,753.5547251276337,0.18456807474351872,499.3571127350226,0,normal
19.1,117.91500120610888,752.6335372570003,0.20658737305543245,502.29195412534375,0,normal
19.2,120.53054815520714,756.8709953472633,0.20693953927324416,503.3382897432465,0,normal
19.3,119.14028979205816,751.4148194481133,0.20664643198780208,508.00920770401035,0,normal
19.4,118.9789822197379,749.284156996713,0.22250799610379435,505.78096574841203,0,normal
19.5,121.1559949347462,747.1452225905235,0.1970251140404242,492.97929082429766,0,normal
19.6,122.5180703294199,747.5937556928972,0.17720639309525002,487.22570991619466,0,normal
19.7,119.74928993558238,752.0901401844645,0.19481695088233808,503.8865931719632,0,normal
19.8,120.28905160966767,751.5986918992918,0.18898758402844332,492.8983505513173,0,normal
19.9,120.31577931323022,752.0303891092325,0.1884822182714746,508.34387898860314,0,normal
20.0,119.2933818906751,751.806542949978,0.19943030146335242,497.56070246431926,0,normal
20.1,120.40189425183381,752.7270241124286,0.19188203569553838,500.04960716892896,0,normal
20.2,119.73826025727324,746.4899680046182,0.19144167677933724,490.84003448239105,0,normal
20.3,120.81277152201707,747.173266913298,0.20047891178672356,501.81148984645944,0,normal
20.4,121.94095795033846,757.4340282492765,0.20256714687091393,511.5428201716168,0,normal
20.5,120.38296401162847,745.6868101984753,0.21039231714741236,493.58367392265404,0,normal
20.6,118.18816854669411,754.2622854106418,0.1885625697705052,490.53612032598846,0,normal
20.7,119.28753685557044,750.0126528162125,0.20939526293300373,493.2643865722212,0,normal
20.8,120.34909317760636,744.433434445105,0.202450963536361,506.55912772395544,0,normal
20.9,119.25892828345799,749.3335773851022,0.1890672700995034,496.0495614562367,0,normal
21.0,120.73887648855545,748.7399897147014,0.21808338115663542,506.8928666626392,0,normal
21.1,118.23280145189673,748.6161548438024,0.20836405256420415,508.6570774289261,0,normal
21.2,119.49692128640334,745.8827895005595,0.18515179649371755,497.08643983075035,0,normal
21.3,119.45009871436253,746.9075442099339,0.1817739539648563,501.2383523771461,0,normal
21.4,118.91586883999672,756.8349676246048,0.2079641529117262,503.2725993336321,0,normal
21.5,121.94567453045399,749.5365055660479,0.20221575309002832,510.8479136682683,0,normal
21.6,117.03055878655498,752.5546999034264,0.20474046693101822,500.8446096985583,0,normal
21.7,121.35915526321264,749.1640816617205,0.19872520792523718,500.41095343327174,0,normal
21.8,119.86898911012587,747.9132717126338,0.18867032294552183,509.13556060779825,0,normal
21.9,121.76779479580613,747.9512853459509,0.18727634278403607,492.43454095870595,0,normal
22.0,119.84700827716983,750.5720117722433,0.19327918999012722,497.779732195089,0,normal
22.1,119.6932401722316,749.5104292137671,0.2030593738052942,497.7649076484732,0,normal
22.2,123.06904622727689,748.2473862617859,0.2029407882482301,500.54108600956124,0,normal
22.3,119.60012202876322,752.7706442894631,0.21234170840837446,499.06975350058747,0,normal
22.4,119.43421521463011,751.1218213620406,0.23279104933046435,487.7636699442587,0,normal
22.5,120.53578820025412,750.9019565977251,0.20110290074747172,508.26013358700317,0,normal
22.6,119.97142751518223,749.822501023512,0.19929285202659325,493.33590498089956,0,normal
22.7,119.77655715195752,749.6383447916293,0.20415583755067232,502.26529701570985,0,normal
22.8,119.30866751862852,752.4205934931109,0.18292401505238645,503.0905305822798,0,normal
22.9,120.70858742414187,750.6507304824261,0.1930321685824606,502.27318699815623,0,normal
23.0,120.69932674732713,749.3619020063358,0.2047834228049113,486.5315203531148,0,normal
23.1,119.94801507128199,752.0965199681166,0.20067295735636068,503.6063425279218,0,normal
23.2,120.77481056072548,753.8236611783221,0.200631861977387,499.7652143691526,0,normal
23.3,121.11110824070079,743.9069814254885,0.20260271634278612,503.11761446249983,0,normal
23.4,116.35970850535266,752.3957642192692,0.21028634079795724,505.46099048768303,0,normal
23.5,120.20139027663821,750.174016995288,0.1930506426822911,488.0987677109068,0,normal
23.6,120.15840370074946,752.9891343030469,0.21312096534614744,498.6360377181696,0,normal
23.7,119.77357351227795,750.6483674266526,0.2159128569590847,502.12689225577856,0,normal
23.8,118.1912449987339,749.0999232768472,0.21720499960416895,505.44744707954237,0,normal
23.9,119.68523707218719,747.9841080124264,0.21528177469289858,502.9876882035043,0,normal
24.0,118.77013834234262,752.4742437707372,0.18555446870808393,495.85512631701835,0,normal
24.1,118.85054387532088,749.0173863915498,0.19633449621483892,504.7213185605027,0,normal
24.2,119.55965364179532,753.0176531931455,0.18859250599000452,489.4471897777004,0,normal
24.3,121.33799553205249,756.7239280385685,0.20259408494082776,504.719835599864,0,normal
24.4,120.41485108814271,749.8023077783346,0.21043311268300924,488.81453425199606,0,normal
24.5,119.40418437640949,749.1956079249387,0.22041320456485095,497.1016729820947,0,normal
24.6,120.02129208056512,742.4974366855672,0.21025311837986604,501.8775285061821,0,normal
24.7,119.03619152905688,752.4678533210395,0.21147713372193216,497.1248482721804,0,normal
24.8,119.80790726796205,748.3976286759265,0.1976784399467097,496.6024465979768,0,normal
24.9,121.83545960205858,752.476148804452,0.18929680509544525,500.2018875143009,0,normal
25.0,119.63936877668124,750.6074019529201,0.2129084170179525,501.0280950472033,0,normal
25.1,119.54966495554886,745.9719542586522,0.20929481953519824,501.26455252175134,0,normal
25.2,121.46078031906181,754.6548222462824,0.19278690142416752,496.7681466507923,0,normal
25.3,119.96800461380616,751.854195363995,0.19845680440860244,495.30953020990074,0,normal
25.4,120.9391766108327,749.2935676271985,0.2236614858193345,501.15211369267666,0,normal
25.5,118.7707771955901,750.8536040999857,0.1988022157092333,501.7728934981888,0,normal
25.6,119.27083934819797,751.0742056391806,0.20906139827922743,500.1257038194179,0,normal
25.7,118.48858979136418,748.4378224820806,0.18499068610757347,501.0734255607572,0,normal
25.8,121.92861878064643,752.2088301356614,0.20991298074489695,495.58810094471175,0,normal
25.9,118.21229951543384,747.1125448596771,0.21211054080363234,509.3896479687693,0,normal
26.0,118.61825852326447,750.1172082602812,0.21483496676956423,495.325866920783,0,normal
26.1,119.21540454637801,755.0164865179677,0.19438809223032563,506.6868449775909,0,normal
26.2,120.72613326421902,753.8445471845409,0.19606085584279487,497.18639025593956,0,normal
26.3,120.4752028648999,746.1943799931506,0.21197158776693042,510.15093387845843,0,normal
26.4,119.4329517827149,745.1935978597293,0.2059640032731979,505.44780212338287,0,normal
26.5,120.6842168375862,750.7469022040947,0.2193656369134757,510.19337176924034,0,normal
26.6,119.24667627115805,747.4775521054743,0.18744089995544452,490.86810903463396,0,normal
26.7,118.41904685612485,746.9277679211463,0.19144642620596752,513.3816795446069,0,normal
26.8,120.87087338969202,747.5955049487204,0.202239697696535,498.70734400663565,0,normal
26.9,119.57374117153174,752.5528185389117,0.19574007099902602,494.4193922435076,0,normal
27.0,119.56753478466095,748.7467548517983,0.20051451914843385,494.63200062617585,0,normal
27.1,120.03804295372791,744.7874430884863,0.19572096823372134,494.0767175646753,0,normal
27.2,120.66678699620954,753.0018214679965,0.18599183023401522,500.589478738464,0,normal
27.3,118.69447528956765,751.425962038168,0.19079657197340158,496.7184568159929,0,normal
27.4,118.85352481084612,751.2010660318896,0.21008955357399609,488.45477003446507,0,normal
27.5,120.44713255085166,754.1996727962829,0.189771679223405,502.6877830724767,0,normal
27.6,120.81818412942334,749.9632125138663,0.20438356957800652,501.4015520413013,0,normal
27.7,120.2305003919209,746.8849345520492,0.20228201986471048,514.3576974228963,0,normal
27.8,119.84988159246575,747.8255447689736,0.20370721226763724,506.7798741880264,0,normal
27.9,120.60024997080824,752.4745699841362,0.19236718846474923,506.2238665720163,0,normal
28.0,118.19579277385782,753.1983280356148,0.19773689452469514,506.52289180322,0,normal
28.1,118.9044861818343,744.8492935195978,0.20587976652309672,499.67997658223476,0,normal
28.2,119.85690596633195,744.1389519509606,0.1967025749696405,501.4656174368383,0,normal
28.3,120.481985561693,748.3874210963919,0.20917369663800015,496.66197293293123,0,normal
28.4,118.9309487364914,749.0539908088199,0.21073622661852606,503.05027087043163,0,normal
28.5,121.03212788571649,751.0372392249882,0.22034647850479094,506.4595033146991,0,normal
28.6,118.10250687816352,749.474532615334,0.19849383763332748,501.6938689690898,0,normal
28.7,120.58147362064237,749.9288636989573,0.19666072845071686,501.11425708566384,0,normal
28.8,120.32817262188266,743.4446147466609,0.21243044028164698,493.2084350450758,0,normal
28.9,118.95528512385431,749.422946652595,0.21954865020921482,492.76582833533115,0,normal
29.0,120.09608040197371,746.8406111354495,0.21313748557805795,496.0448662582723,0,normal
29.1,117.68601329761178,750.9474686930612,0.19187414468230773,502.11335509195754,0,normal
29.2,120.10403130239541,751.9841450491027,0.2024670308037689,507.35602928579925,0,normal
29.3,119.74263916276884,748.1904164889579,0.20909975670744457,508.2776363122256,0,normal
29.4,119.12149122512207,756.2622860144689,0.20882126674436172,496.7321092547408,0,normal
29.5,120.32132332365853,744.8403414993628,0.19368209215744606,494.94816370452537,0,normal
29.6,119.63997266000584,753.8083008821199,0.20640908988861645,501.09800882150756,0,normal
29.7,121.21445726714116,750.8334493662912,0.1962993379225351,502.40374426574357,0,normal
29.8,119.09590507678,740.8719928610808,0.21557903893122518,507.5414444953997,0,normal
29.9,120.864683063081,756.4736051684478,0.18694987647124955,502.24407554420867,0,normal
30.0,117.63861763385106,752.4683403492656,0.2083769576836437,496.1120943831599,0,normal
30.1,119.34876074052549,748.7828928131715,0.21268912917267274,508.35460820260874,0,normal
30.2,122.30766754240904,751.0604068635106,0.1870879983273858,498.8190743049247,0,normal
30.3,119.59331487219852,746.0638782151766,0.20797611657729193,512.2825865849521,0,normal
30.4,118.40487694423955,750.3701608918763,0.20916897763983758,490.8674411848259,0,normal
30.5,120.2196371102142,749.6292588089395,0.18842946522546328,490.6836707939801,0,normal
30.6,120.91506189636709,750.5359396299704,0.22521060809323268,499.576850034024,0,normal
30.7,123.38013221935542,751.6827248355493,0.2085412425295592,496.4492856746859,0,normal
30.8,121.08955814719559,753.2152102474129,0.19390754053179024,493.9430342369811,0,normal
30.9,117.98358708822073,747.0874324606219,0.20822509531802408,500.6992229922372,0,normal
31.0,118.79460341930624,752.6533501734934,0.18710353275356964,499.98741123009785,0,normal
31.1,120.75263858208113,747.0277036535332,0.1892599077173212,502.793316494205,0,normal
31.2,119.58095754930362,747.1012522935074,0.19767817678006475,492.27393151046397,0,normal
31.3,118.9366627971583,748.0863949557262,0.2031778598574688,501.5089913903341,0,normal
31.4,121.89165632106705,752.411142446136,0.1989776388505024,500.2842217873777,0,normal
31.5,120.1716473515934,750.5950071342323,0.2028178850838827,504.5344099344718,0,normal
31.6,119.35972109751819,746.5326755577437,0.20317159519985895,511.51331979895895,0,normal
31.7,118.8741622994029,746.3773203971161,0.21243467523349288,501.04253544554433,0,normal
31.8,120.54346042729932,750.215285223328,0.19771172474478968,497.384081267737,0,normal
31.9,119.34765372845997,749.4600581667436,0.19045071951944748,495.65129020634106,0,normal
32.0,120.58421000114937,746.7747956585763,0.21827702171061303,499.82258505168943,0,normal
32.1,117.70056165555118,750.0772281822956,0.2015498349373111,502.27016834903975,0,normal
32.2,119.6966277910245,754.4476507846554,0.21037035125459827,508.623610014725,0,normal
32.3,119.23980419689984,755.0776536481823,0.18851006779672777,500.089517407751,0,normal
32.4,120.09482220769405,751.6955766652779,0.21541518388161648,502.4569756892301,0,normal
32.5,119.91675870414596,751.1987066963578,0.19543857335499346,495.0937883911979,0,normal
32.6,118.80961885394943,756.7631884344156,0.20192268040534908,493.99945534586266,0,normal
32.7,119.15788319709834,751.9372915453278,0.21099789276315248,500.094624305962,0,normal
32.8,120.11923276077205,750.0821607280143,0.20466693346812634,489.04761986447375,0,normal
32.9,120.97827536903333,750.4247876068534,0.1885180103981583,496.0978408387705,0,normal
33.0,121.41833610790346,749.2017107982858,0.20925101342343974,508.90367136634734,0,normal
33.1,118.19294675595052,748.3948492662512,0.19313517123802415,502.2389493258662,0,normal
33.2,117.4548388824236,751.8505024220783,0.1886118989156021,507.33938580879317,0,normal
33.3,120.95909716038739,745.020523496608,0.22545438355450975,493.95489983112464,0,normal
33.4,119.69442846244344,756.1177374763962,0.2054618160262909,492.7265720469146,0,normal
33.5,120.79057975409052,751.6200871521812,0.2036160060733855,492.58390077930227,0,normal
33.6,118.36617503494315,750.4287123764994,0.18605927930485167,501.1765238724392,0,normal
33.7,120.94867072760543,746.9254439565781,0.224891313313554,502.4684742387072,0,normal
33.8,121.20459760502304,750.0331651450009,0.23037898673217178,500.0980187574371,0,normal
33.9,118.78343109681693,748.1428081738266,0.19527681991830523,504.4877145131949,0,normal
34.0,119.85250926068018,754.2699357473142,0.18268521487244688,500.4715980917681,0,normal
34.1,119.56919011046915,749.8142050852076,0.21625239949589464,500.6089045085384,0,normal
34.2,119.34873997906573,746.3109687256655,0.19938448519475827,502.1503630803677,0,normal
34.3,121.34465461475298,745.8846781645739,0.191725143490236,490.7911052566171,0,normal
34.4,120.60489798029302,746.835038051523,0.19745683881706616,503.1269225387384,0,normal
34.5,120.21117910086477,755.851035019927,0.20739700514986273,509.4343402767043,0,normal
34.6,121.28596738233136,751.9201739540606,0.20703517114439046,490.02006660431425,0,normal
34.7,119.86279097357335,749.6932122446515,0.19994277992089668,489.948711402108,0,normal
34.8,122.19085444394737,756.1218484822963,0.21887435862598628,499.54873067153943,0,normal
34.9,120.10691872192555,754.6051314729481,0.2079435597257793,504.45181368091863,0,normal
35.0,118.93835139880643,753.8492572744324,0.20571590489015165,507.98150502727555,0,normal
35.1,118.97272682201648,750.5182153143095,0.20514907182601128,493.18892459395965,0,normal
35.2,118.28458615761983,750.2521215491628,0.19775653838263532,498.4763908477802,0,normal
35.3,119.93163605247534,752.6566179270374,0.19121652451317023,494.69800531794164,0,normal
35.4,120.95778871267437,753.5342431118263,0.2050641426949166,506.0283956288643,0,normal
35.5,119.58143557119074,748.3765750186973,0.19746758097256806,506.45750001475693,0,normal
35.6,120.51785391960098,746.9898663723255,0.19372325856955547,484.32221798876606,0,normal
35.7,118.89816650350294,752.8723823028009,0.2116925580163605,494.9350009609028,0,normal
35.8,120.55353127540883,748.1330080142387,0.22407437667716973,498.9376609292961,0,normal
35.9,121.04208988355309,747.7999326720659,0.1881490471148122,498.48226175886555,0,normal
36.0,120.2397003446753,754.2475716436578,0.2120527603392585,495.48797820879327,0,normal
36.1,121.57306732736858,747.1284447654239,0.1952684181363618,487.83620509653394,0,normal
36.2,120.30497336854408,750.631587727907,0.2160349366373463,515.270818568011,0,normal
36.3,118.67440883789017,748.221943257123,0.20162323808693627,500.6752060946955,0,normal
36.4,120.36223276743165,754.0101936275527,0.21749587000123877,499.2481440750583,0,normal
36.5,117.98820645794424,752.8267866669288,0.2085415027031438,508.0101596559316,0,normal
36.6,119.21369697797452,750.948837371671,0.19183662711419547,500.8865270461914,0,normal
36.7,122.58140678086318,747.5793648536828,0.22648619919883137,500.92208415324717,0,normal
36.8,121.80809876484491,746.7499367159644,0.20800275854457898,499.87991654091906,0,normal
36.9,118.99609586646568,742.9597520681873,0.1732321224037556,500.3515915631619,0,normal
37.0,119.55030300115953,747.2258240549295,0.2004375782138285,499.5473794098261,0,normal
37.1,119.5907995768163,752.4633561930931,0.18574812833480583,496.2051121091842,0,normal
37.2,118.92274179236875,746.4555698981268,0.20428886457972711,499.37837044933985,0,normal
37.3,118.89901073965375,748.0307984869672,0.20819099285801732,486.4995147847687,0,normal
37.4,118.34692711184445,748.9956626797625,0.22230285083720244,505.80037234903244,0,normal
37.5,120.9578909052374,745.8176380305874,0.2050921591944342,506.3624809648544,0,normal
37.6,119.2837214061997,753.6778627441835,0.18575350690329212,500.66462226866525,0,normal
37.7,120.91591777259374,750.9442161640125,0.19521614367491896,498.0301693359655,0,normal
37.8,119.17353533573811,753.9186984303655,0.20410246019107234,498.3882133809305,0,normal
37.9,119.47185034324558,751.5872762554382,0.201212121378164,498.40776953843033,0,normal
38.0,119.37330613071553,751.2821828938402,0.19619876286850219,511.5259354240939,0,normal
38.1,120.15284999363371,746.4350980350309,0.19737288315381377,516.6527447125646,0,normal
38.2,119.11750784522833,748.4590678560189,0.1991717886557085,496.3997612107487,0,normal
38.3,118.4830884544651,752.617668729657,0.2026505719211333,485.8803112134973,0,normal
38.4,121.36518874648705,748.1285741748227,0.1990578385479978,505.09806658355484,0,normal
38.5,121.42864768926937,752.6872785882123,0.20239839183663555,504.19860374861264,0,normal
38.6,120.30073512574818,750.0534305110122,0.21055043105776985,498.3232541194922,0,normal
38.7,119.84886468149779,752.2398215420824,0.17108822237064328,497.9801136271751,0,normal
38.8,119.60609239099314,751.2642135949648,0.1885738690601056,496.30454461058264,0,normal
38.9,119.26471578497467,750.6983097635792,0.19425670629508607,499.0828270282141,0,normal
39.0,120.40374653524637,749.3206224577772,0.185042479724943,498.421585712332,0,normal
39.1,119.23395633587376,751.1103201979665,0.19710110600366104,489.55945277984614,0,normal
39.2,119.65900093377815,751.6649671104142,0.1858068711418533,495.4448051864667,0,normal
39.3,119.9233837786135,751.3268324379768,0.19021561518291957,501.77869723882264,0,normal
39.4,120.05855305594048,750.0826650701587,0.20729864496274816,508.9002395772197,0,normal
39.5,118.18356258155988,751.8008204774599,0.19773206921662492,497.55750615412205,0,normal
39.6,119.16642582864235,745.0949476551793,0.20229560938004854,497.8315491903275,0,normal
39.7,119.4868068660553,746.1988351822364,0.18817926621214767,502.6768342578124,0,normal
39.8,120.68925095661518,752.9078065096517,0.19774548620570517,498.52504910435226,0,normal
39.9,121.14900239038168,752.1371130945511,0.1988170734354991,484.8057902825209,0,normal
40.0,119.85030091213713,749.4439066759095,0.19192505351834008,511.4470865475959,0,normal
40.1,119.14366974018789,754.7757476748806,0.21452708243552954,501.2041630538464,0,normal
40.2,120.46220899279969,757.7703734890562,0.20440065202082713,511.177733574465,0,normal
40.3,120.5935191346979,747.8611206899853,0.21131520996458117,497.9073129922427,0,normal
40.4,120.1210818518827,748.3645628800263,0.19370006039512286,495.47238265251286,0,normal
40.5,120.56436089099888,747.1044371732021,0.20743649077347107,501.01323333769307,0,normal
40.6,120.18843784733943,749.0396902904358,0.18965666975554685,505.23616661207586,0,normal
40.7,119.83218382035552,751.3906641320215,0.21955906742790507,506.3400766292166,0,normal
40.8,120.77494179918877,754.735302903135,0.22368314300930395,506.114302494356,0,normal
40.9,120.92301607772681,745.6043431530583,0.18526875666812467,514.9930004380193,0,normal
41.0,119.87465710422228,749.4670074177401,0.21750331023711456,499.98862609916046,0,normal
41.1,119.20083960808401,746.960895535702,0.20672437077863245,492.50086270524866,0,normal
41.2,120.2892984435562,749.6814040446022,0.20821819109237183,499.6308553037502,0,normal
41.3,123.9798665083417,751.606839635572,0.19973046629994912,502.2055478532096,0,normal
41.4,117.79826471895049,749.7171598155408,0.19660607105500771,497.1305837765203,0,normal
41.5,120.97021585904804,751.6106157960276,0.18843335002319023,502.6075694952433,0,normal
41.6,119.3894349753248,752.5979980555803,0.18331377723115966,503.80105118466463,0,normal
41.7,120.98436447397411,747.9292339674709,0.20115041021837657,497.24544100511196,0,normal
41.8,118.14247232045884,751.7553661143081,0.19621808476977773,505.74577500281634,0,normal
41.9,120.60665372392225,751.3048780944741,0.17689961148086636,497.88192119065366,0,normal
42.0,120.78692758213136,745.3562427112957,0.18727376568246282,502.51118586735674,0,normal
42.1,119.7745219695386,748.0860657071381,0.1909030767594138,498.33153053194917,0,normal
42.2,122.20926643112243,754.5922152140556,0.17505954447020516,484.7798968975661,0,normal
42.3,120.77076412402305,747.7375300109055,0.20283738770201976,492.10027083307506,0,normal
42.4,120.7292615957308,750.3075726241865,0.20559994027106712,497.89376776761156,0,normal
42.5,120.17272902939484,753.4634852997299,0.21893141441794425,491.4503557125169,0,normal
42.6,118.52273114103525,751.1524303694837,0.1921423732445373,511.11824249924,0,normal
42.7,120.38361098780756,743.6528224275721,0.2239232795720682,503.46321939323843,0,normal
42.8,119.58874142871124,746.0647052209192,0.19582978018836195,499.1647566199469,0,normal
42.9,119.6624298216769,750.5996379669308,0.20677043124134195,506.7766159121842,0,normal
43.0,119.43800105714202,752.1206796431238,0.2224122715395182,498.5540870359364,0,normal
43.1,120.73969798513588,747.5819359760968,0.19709866077951152,497.53645659673185,0,normal
43.2,121.66357242963824,745.1323738468008,0.20632406765345468,493.0943248111745,0,normal
43.3,119.02221255279946,750.5082269740245,0.18814464174182713,505.83488368391824,0,normal
43.4,117.93878653285562,752.0661860673292,0.19665022293744877,492.3398191953394,0,normal
43.5,119.05676690938157,751.3615830042463,0.20942069294533341,499.91231439542463,0,normal
43.6,120.85533734854455,752.5587220046166,0.19010434552297584,503.1967541140196,0,normal
43.7,121.85185152755118,751.6384654845887,0.17724258110285135,493.4050695119172,0,normal
43.8,117.7894072819799,747.7997355972246,0.21890912124136472,499.4999202398717,0,normal
43.9,119.52661941034471,753.4125063318667,0.20428834220112374,497.56523087714464,0,normal
44.0,120.23402277817529,747.8224591145337,0.20717876969184498,499.022268104979,0,normal
44.1,122.34091796190309,747.8075470385992,0.18278735084330006,501.6732790271125,0,normal
44.2,120.21450307493672,753.1757495539697,0.19718856856133674,508.9400131791044,0,normal
44.3,122.19549366386802,750.8822443800663,0.18083953319721852,502.64030263786896,0,normal
44.4,120.62913301001068,754.5085353202489,0.21213031372285301,488.0326992558301,0,normal
44.5,119.18377910489478,745.5217860226869,0.20895473694577743,484.5767704831786,0,normal
44.6,118.38366538064108,748.3037808144869,0.19870090999187967,500.51526949715407,0,normal
44.7,120.74888379861159,748.1537483215793,0.20604205699825426,501.4288983798884,0,normal
44.8,119.3149968489486,750.8598498754105,0.19514745125757654,507.1285299620932,0,normal
44.9,119.54670072882102,746.0365233238515,0.20244540808415573,492.1914624459072,0,normal
45.0,120.49677534925604,746.5742482721218,0.19980392672057365,502.3026966106815,0,normal
45.1,119.79367035147335,752.9614869955824,0.20743064725962027,499.5801592129019,0,normal
45.2,118.998889072991,746.6043451549467,0.21485574487090967,488.37724668863575,0,normal
45.3,121.17203951755175,752.0838409480522,0.20190656000890272,504.2457095843127,0,normal
45.4,121.25771126988303,751.593893014023,0.19771782799139126,504.64194453495924,0,normal
45.5,119.99847730015026,751.9818456776836,0.2103917738522709,502.39057852176865,0,normal
45.6,119.03963106048286,755.2631135967251,0.22570268052250997,491.93107820432544,0,normal
45.7,120.54637712613116,750.2447871720025,0.218777686690111,493.55982907304525,0,normal
45.8,119.54508700850037,746.2904001604294,0.18774041248728934,488.99706759050986,0,normal
45.9,119.35638438889364,757.1239586039062,0.2052910722729595,503.49014045955295,0,normal
46.0,119.16095435657066,745.5130868293924,0.18439474813323645,503.0269999479168,0,normal
46.1,121.03051903257709,752.0325022879238,0.23794266089927696,505.18258842710145,0,normal
46.2,118.25924035934413,754.41429811622,0.19298803805660192,502.10626552628486,0,normal
46.3,118.67557150814936,746.2885567272533,0.19085899570878967,497.3643246369155,0,normal
46.4,120.04656596624983,749.6393162399339,0.19367766979303888,496.45126404372996,0,normal
46.5,118.97141169282291,751.6503040489933,0.2030718549182442,505.9757812425999,0,normal
46.6,120.3080100940084,749.939024070327,0.1887274118117014,505.1800983375829,0,normal
46.7,122.02545768099006,748.6441300979852,0.2102496629634121,499.74643256417716,0,normal
46.8,118.47759422295593,754.7532824213025,0.22026810252826048,477.4641867892633,0,normal
46.9,120.12524781549288,750.9533484460064,0.20501052888451235,491.04401201050104,0,normal
47.0,120.5102887157737,748.162324771727,0.1914689323273368,493.4477399367871,0,normal
47.1,120.88909164614098,753.5939954318832,0.20993012700431882,512.8541750981833,0,normal
47.2,120.62057759379496,749.7027812817104,0.20696077352691944,509.47065496683706,0,normal
47.3,121.8006719844508,749.6497221396005,0.1991231464590093,502.1611253166014,0,normal
47.4,121.0691021744853,747.779786001844,0.2026792217086463,509.4755603651301,0,normal
47.5,119.4150870784832,749.1190267965343,0.22116381773042612,482.11449202371927,0,normal
47.6,120.8429092492253,749.9010981597451,0.2091050689962492,496.1420934797223,0,normal
47.7,121.00279401268405,749.2863434823898,0.184932219082327,502.42087787089974,0,normal
47.8,120.70479182246903,746.5742695206155,0.21513320673721495,502.4883627118891,0,normal
47.9,120.5116801268555,754.6952943157914,0.17490636657557104,511.66727487497684,0,normal
48.0,119.48935510923889,749.8083846466283,0.21328637467787537,508.4651910803153,0,normal
48.1,120.53820395088606,754.6027786760599,0.21957624092790606,490.13995734525827,0,normal
48.2,121.48117877072431,753.3315269155481,0.2212460677322626,497.3135608590076,0,normal
48.3,117.72860576487994,753.061944057881,0.191349186430377,509.1468278829754,0,normal
48.4,117.74959400578253,745.4755205534385,0.17740252266137232,498.339953056047,0,normal
48.5,118.41399048237857,753.5367230707959,0.19520352586496506,502.18121864491474,0,normal
48.6,118.31257225752337,755.5247784782463,0.19089847842632743,494.77002874910187,0,normal
48.7,119.59296611189372,753.6468957288778,0.16448071286556198,500.5326595200557,0,normal
48.8,121.16794871712693,751.1225885421197,0.1973422514882508,494.60402233748135,0,normal
48.9,117.10889503561526,749.4048280281312,0.19837924162666196,494.0896236417123,0,normal
49.0,119.38562755411722,751.943383644428,0.20968731744740043,497.21370291005803,0,normal
49.1,118.74260511473629,750.676340651943,0.20353722647991362,503.4971686668307,0,normal
49.2,120.30041383115989,747.4700853456269,0.1812935922799958,500.0950358040834,0,normal
49.3,120.918076156177,751.1721559173782,0.21584854611265922,508.53836629967907,0,normal
49.4,119.5759156729601,741.4274559588507,0.2112570300146787,501.40549802139986,0,normal
49.5,119.84763681334552,752.5430382232511,0.19118613889655584,497.47268743144525,0,normal
49.6,120.09385154117905,746.6796822467165,0.1766383451573024,498.5491626218925,0,normal
49.7,120.17892365212158,750.2479920331627,0.21455946776359114,493.15518028909366,0,normal
49.8,121.15648696655059,753.5581859089759,0.19898754063089782,497.3791415853218,0,normal
49.9,120.52209039079179,751.0276415916857,0.21059308159000004,504.7182352408165,0,normal
50.0,119.72069891612918,756.3069991639857,0.19380543429252256,498.90120728532776,0,normal
50.1,119.05535402767556,750.492033782401,0.20977741155227356,507.05426421028665,0,normal
50.2,119.01971469436064,753.801369510556,0.20401901435383762,510.66124235069697,0,normal
50.3,119.67671300547383,749.8905961889135,0.1954926551462036,499.2009359100562,0,normal
50.4,118.28424441268963,743.9487724013069,0.20611069843039936,501.53988818651703,0,normal
50.5,117.81502922202672,747.9198857208459,0.20035642963596925,497.2456437541321,0,normal
50.6,120.72965876975928,747.4980949331695,0.20440406932346522,489.870830527101,0,normal
50.7,120.25157681224107,754.3906093387544,0.19569684715984614,502.67611967161594,0,normal
50.8,118.77228063757579,751.81130017414,0.1984098915795299,503.7074686707849,0,normal
50.9,120.60823958587824,750.0789720278431,0.2026934099407625,504.27014504498896,0,normal
51.0,121.10226403038685,747.459260544373,0.21847550026783275,495.89639384692657,0,normal
51.1,119.31896852000509,752.9248673225059,0.20325024928242336,497.97243278433655,0,normal
51.2,121.18766963400572,750.1358446233247,0.18780348599318508,491.1750408248034,0,normal
51.3,119.26801877934156,752.4950031372797,0.1918342754542021,509.2791327956697,0,normal
51.4,121.36098968242914,752.8706679258992,0.20209317365968438,498.3155659510309,0,normal
51.5,120.97294206734797,744.7736848436188,0.20374427092350472,498.4592739035855,0,normal
51.6,120.29458942327034,753.161649471655,0.19936089890832345,496.21605896331465,0,normal
51.7,121.61187975926724,748.803872215088,0.18878714272209146,501.6481437709707,0,normal
51.8,121.43569225973576,746.6063258419207,0.2170129425757649,496.7951583109593,0,normal
51.9,118.52630732066639,750.2670945441442,0.19597804028837323,500.9978241671653,0,normal
52.0,120.49052037211278,753.1023947429684,0.20461527368303287,498.611688851848,0,normal
52.1,117.66617814947394,750.9599024571994,0.1746077948643419,506.17724701816104,0,normal
52.2,118.44280150103413,748.4041447857226,0.20198021428045218,494.95988581753335,0,normal
52.3,119.44670452578183,752.0104308646638,0.20935284409670754,489.0043221363586,0,normal
52.4,119.3854309641206,752.7707976780902,0.220679630802466,504.70685352245556,0,normal
52.5,119.3414700750193,751.9986026948837,0.1997839329419798,507.77909310658987,0,normal
52.6,119.75886217035655,754.9523421407978,0.21587645414280604,499.42048832847024,0,normal
52.7,118.87495171345483,750.9828554736137,0.17824721114794273,498.52763317988456,0,normal
52.8,120.42877952266355,743.8510170069156,0.179446146485624,502.09992105310795,0,normal
52.9,121.37413566854524,747.2098653369455,0.18814065751417228,511.1834178929579,0,normal
53.0,119.40767788944467,754.5780319969854,0.18869151865390307,494.72439868371436,0,normal
53.1,119.91094231646237,754.9099338452738,0.20361856175387244,488.9628904090931,0,normal
53.2,120.53366542590446,743.0796183493671,0.19943262354353078,511.1623330309966,0,normal
53.3,119.09236518414305,750.2107245969285,0.19423601965759385,496.1615739885826,0,normal
53.4,118.76030673307528,757.0273227705613,0.21260763066166474,505.9365809525837,0,normal
53.5,118.57733937225024,749.3854333847859,0.19616240249247058,502.95807625275063,0,normal
53.6,119.82776799967856,750.7717778908153,0.1894857769429649,500.08632894403615,0,normal
53.7,118.19540910833555,747.6225930889406,0.1940000515549433,504.36407686861656,0,normal
53.8,120.69118167707202,750.6869598189415,0.20268822319632382,499.35513036852205,0,normal
53.9,118.03010267191445,750.5436502185181,0.19759178853829715,495.0180133659835,0,normal
54.0,120.91892150792583,751.6593166834233,0.1929443624970902,498.8457823862243,0,normal
54.1,118.03902675242678,752.3204364721901,0.1704494458132218,503.3391038128017,0,normal
54.2,119.95515997699712,754.927485530017,0.19287602023208303,502.1801980081683,0,normal
54.3,120.18822766564142,749.6379912243842,0.19748494025612864,501.49033679730815,0,normal
54.4,121.59300982812351,750.4792054697239,0.21036647133789216,493.78674578953877,0,normal
54.5,120.6752971092868,750.7914794146551,0.1954811210270303,500.6823093789237,0,normal
54.6,120.0568115448883,748.4186927671304,0.19532380129099144,506.54538385988303,0,normal
54.7,118.60242925063666,744.6483689036734,0.18655452857821048,509.0276272235466,0,normal
54.8,119.19156758591491,749.70588263932,0.1991191687681058,502.74910339740927,0,normal
54.9,118.86054409568916,752.2148549462026,0.2006155676078336,510.31564956924075,0,normal
55.0,120.45500086819091,753.8183913212634,0.18079253168022627,497.11538412123974,0,normal
55.1,119.73448367625801,752.5819588010983,0.21382317213141636,491.79810324703203,0,normal
55.2,120.42403745348447,746.9412638019172,0.1930721075787479,494.4747208620303,0,normal
55.3,121.04445597077999,748.7725185443344,0.20115096856413467,499.14879245476203,0,normal
55.4,120.95947799894213,750.8379233231966,0.18785537898199461,504.95462875021633,0,normal
55.5,120.09737883713005,749.430985365487,0.20440929079341905,494.7902431903149,0,normal
55.6,120.59318569989274,753.9837856043365,0.206333448449727,501.25033241534766,0,normal
55.7,119.63863048756497,742.3484019146789,0.19639161187814147,499.23283953378393,0,normal
55.8,118.31677577597681,752.4385265153053,0.18111107922362096,503.44729745756655,0,normal
55.9,121.6003445003103,753.278345818253,0.19874976268253025,495.85389915275846,0,normal
56.0,119.73219029767522,749.4963147841909,0.20759729127371962,504.19527001291607,0,normal
56.1,120.0426187219952,747.8924506302815,0.20335998752319623,489.8336514503921,0,normal
56.2,121.89297827616612,754.6549696138084,0.21594749588556697,503.8578521515275,0,normal
56.3,116.4810234914199,747.5844199178364,0.2032813119122285,496.44062852726574,0,normal
56.4,119.12825362897321,748.3827724360956,0.2010992659297538,497.0876208606221,0,normal
56.5,120.78199848367397,751.68817685123,0.18164786956237142,502.2449797816656,0,normal
56.6,119.39775156370762,745.8155607481051,0.19177897759676865,499.86600610870835,0,normal
56.7,120.6057424110023,749.0531021448107,0.2172283640681026,491.92252085112136,0,normal
56.8,120.71022024281432,747.8215450189368,0.2021240082513364,508.5033210521917,0,normal
56.9,122.21020840318855,750.8128927273345,0.20766723116266841,513.5611451441332,0,normal
57.0,121.85530038359157,751.5549382455513,0.22324370083580466,504.38488644222497,0,normal
57.1,118.05049134923826,752.4855189808545,0.19514278305158897,498.93655486913,0,normal
57.2,121.28335179269753,749.0140032230403,0.19130004971777834,505.2713627052687,0,normal
57.3,121.16410072970413,749.4376634541278,0.2007640797363058,496.5890085687155,0,normal
57.4,119.53521579079792,747.1897582182011,0.20047056169411248,514.2203462374429,0,normal
57.5,120.34312145109855,752.0505468093226,0.19653029899840205,494.47910745199397,0,normal
57.6,121.45397514916417,754.7023504764404,0.2044080178410277,494.63419319216786,0,normal
57.7,118.91767478452839,755.6520613478658,0.19945776584815295,502.6785197538949,0,normal
57.8,120.10939964749299,749.6670846934335,0.2020885571158549,491.98792215483275,0,normal
57.9,119.6343002179466,752.1331092503253,0.2102856623882143,502.0543273860114,0,normal
58.0,121.17640615622417,754.7924846707222,0.21789139657948234,501.1013104476166,0,normal
58.1,119.39894294512013,754.2576341068739,0.20733699507429745,503.97244237833183,0,normal
58.2,121.42066958214085,756.3180509336394,0.18932290111854208,506.7845746054779,0,normal
58.3,118.87100403606703,758.6393827474828,0.18681058943009188,502.4224211200988,0,normal
58.4,121.88138313792886,757.691091614214,0.19030622820308538,494.0079686291013,0,normal
58.5,120.51841491065842,753.2597911144693,0.18541002021232242,494.80514720575474,0,normal
58.6,120.1653371212007,747.1489471472522,0.1978921868315223,505.47015051467775,0,normal
58.7,120.45145095037415,751.5686582955283,0.2046385833445197,504.62422616531313,0,normal
58.8,121.14141731024459,749.4315455391421,0.19242888511022477,499.77964216056444,0,normal
58.9,119.58821584880319,749.5276082820687,0.1921913495540333,503.10329405939603,0,normal
59.0,119.76662964979414,751.360319033576,0.21287578523646553,499.171577982352,0,normal
59.1,119.60101107807907,749.0593262503427,0.185908515701521,501.4430364962388,0,normal
59.2,120.22306204160161,751.1196900492133,0.20000393821401943,499.29352839597937,0,normal
59.3,120.63248969878698,746.3856140850912,0.1915456295997361,497.93759361674125,0,normal
59.4,118.57303973533449,751.414841274126,0.17298235306619314,501.1438088982956,0,normal
59.5,119.1374154139459,751.424460676174,0.20304203140113916,509.27013098037725,0,normal
59.6,119.04685388103302,749.7019507712238,0.20109429229101458,505.8963711866153,0,normal
59.7,121.78846604614702,751.0978570054936,0.20152182683469577,504.33942196485134,0,normal
59.8,121.3385427170255,751.1229850552078,0.17449470068522038,498.755981616298,0,normal
59.9,120.0247765980757,753.935485467974,0.1944591568785537,500.32804896473,0,normal
60.0,118.19860197977955,747.1095577240985,0.1835565599997765,494.41795228776215,0,normal
60.1,122.08650726575192,750.9920809543814,0.20106667648433776,494.0733360273194,0,normal
60.2,118.87648298470033,747.8021282586589,0.22519566835541227,496.1421576391444,0,normal
60.3,121.09093564702081,750.519695191156,0.18623467402345673,499.4824794649532,0,normal
60.4,120.10321615572224,750.2066889346413,0.18382080231783215,504.0602430849042,0,normal
60.5,119.65645348468371,756.2303076049249,0.20718106004059408,505.5828739113096,0,normal
60.6,120.97898773140341,751.2282853272465,0.19694079685403404,500.7123708336676,0,normal
60.7,120.22590352184376,748.8107618954234,0.19065291794312306,507.4610826714152,0,normal
60.8,120.62474719158772,751.3576947370938,0.19510488988424463,497.81271610833033,0,normal
60.9,117.7862620369376,750.1505370107941,0.2121724559349642,504.33073638401464,0,normal
61.0,119.23396245413186,745.4688480113106,0.19874840614018582,499.6369411517197,0,normal
61.1,120.53137335518679,752.0041206001521,0.20227224568180224,498.23848827222815,0,normal
61.2,120.80781775872379,753.7358620457815,0.197747552149246,502.03814144145673,0,normal
61.3,120.76398332180925,746.2885350564594,0.19211567196753374,496.13664800107347,0,normal
61.4,120.92691086794972,746.2222078379965,0.211604587838873,503.95877079743053,0,normal
61.5,119.39860464600154,759.3780392548764,0.17857099005628913,503.23047553939216,0,normal
61.6,119.60637303593907,752.7730194887793,0.2138352748663827,494.3915290924028,0,normal
61.7,119.69981897800947,751.6776633238721,0.20978476420274214,490.96736446380044,0,normal
61.8,120.86380647877488,750.5845598940073,0.19224390121563217,492.72633068705284,0,normal
61.9,119.6131021781816,745.4513300328813,0.20310905229808293,497.1286959373485,0,normal
62.0,119.1753243135104,746.5408698255684,0.18554678276445363,507.23162695068714,0,normal
62.1,119.21067807003678,749.3786793123134,0.196285171441687,496.20335684290797,0,normal
62.2,119.35166918614064,749.5988416052957,0.19839842542097166,504.2463420727278,0,normal
62.3,117.27301360094987,751.3423086622107,0.18510903510494334,497.6393039752904,0,normal
62.4,118.59397957466336,748.7488535290796,0.20725093042108664,508.0672084958837,0,normal
62.5,117.45312296317383,746.4188722136122,0.19233396800868474,500.65287405944656,0,normal
62.6,119.35028162237772,750.8307526811886,0.2033525661946197,497.86398860586587,0,normal
62.7,120.1646128967232,749.1202195762604,0.20694724773298948,497.662822982544,0,normal
62.8,120.33256999408478,748.6385688482018,0.18447137036034567,512.4575253713843,0,normal
62.9,120.01694338531924,752.7998315943537,0.20234624000826942,505.41673354652977,0,normal
63.0,119.01418509725279,749.2210802573384,0.20793016304190667,498.08138944129814,0,normal
63.1,118.78613472566205,748.5439287674703,0.20386207612471716,503.5500686174579,0,normal
63.2,119.5725565391242,749.9756267108745,0.20357152570933415,495.92940994964573,0,normal
63.3,118.59877652157977,747.7190014915188,0.19720060560603536,507.40066161349273,0,normal
63.4,119.38929429559215,748.6802757917786,0.2042914467111477,502.7027363082966,0,normal
63.5,121.52142352300639,747.9048751326525,0.18405538081167255,502.0898760231935,0,normal
63.6,120.56115988196271,747.7494312458874,0.19283756003229785,493.90842473993536,0,normal
63.7,120.16341521995629,750.7123179180035,0.2150443662829107,509.0119769402747,0,normal
63.8,119.27427732359993,748.3805619958882,0.19965524360561898,494.82728419422835,0,normal
63.9,119.87315006533748,745.6715338855364,0.20670125537909742,501.24709870278014,0,normal
64.0,119.244423369884,749.113377303331,0.19858056875844934,509.5096982337904,0,normal
64.1,119.69028215273954,750.0829318943224,0.21523177317338138,504.9238960252194,0,normal
64.2,119.31740164556696,753.0681429667088,0.18192662704501428,494.948224818721,0,normal
64.3,119.42883117706099,752.170223602513,0.20590642600185052,505.4052894167082,0,normal
64.4,118.28547318675791,748.6012400298172,0.21058359191899495,499.1954171667546,0,normal
64.5,121.14339546513666,754.2362577941519,0.19438560077724232,498.859987605057,0,normal
64.6,120.95851911640624,750.4467646462223,0.2049506667513397,494.56125719321983,0,normal
64.7,117.71729141060378,753.7796344078466,0.18850721191166803,515.4701387226776,0,normal
64.8,121.20161339842308,751.8316563859345,0.20644665591623593,497.7635164925779,0,normal
64.9,120.36174745034398,755.5236383414752,0.20250443213461877,495.9979933638709,0,normal
65.0,119.35491767425184,750.612992611886,0.1883910833816813,499.95734303024255,0,normal
65.1,120.65938900558763,752.279505407214,0.19551845020999364,496.07513986634984,0,normal
65.2,119.06733037568773,750.656040152349,0.2005069132844011,495.55609032008573,0,normal
65.3,121.92982566809091,749.7413593085353,0.1956327925020908,503.3250060415543,0,normal
65.4,117.85834835421306,750.9503725968891,0.22109827191636994,492.3968070527351,0,normal
65.5,121.42194934004453,747.5010119186819,0.20321084368911796,507.3038743873692,0,normal
65.6,120.0173437971836,744.5351019342921,0.1942515852185804,514.0010070519132,0,normal
65.7,118.83370801669324,751.5689061965393,0.18229895835975218,499.54781541569844,0,normal
65.8,118.75529515565056,753.8896255791603,0.21166561787503835,508.59248604479785,0,normal
65.9,121.30349489615307,749.2264011056162,0.19260762231204767,504.20633236141214,0,normal
66.0,121.25286172070864,747.2369475856088,0.21850184894336766,506.859953557728,0,normal
66.1,119.36731907905347,750.3962650503473,0.2040475822874262,498.1928694886447,0,normal
66.2,120.98642471694005,744.8448388651871,0.20467151531141767,497.4584296519789,0,normal
66.3,119.99999200914121,751.8905086963478,0.1773089696055073,497.04450877460965,0,normal
66.4,119.52474072129161,748.8915307776033,0.18921515699422456,505.7900384638207,0,normal
66.5,121.68324235340808,750.388858177346,0.2035467757600077,495.6071209207795,0,normal
66.6,119.91127308197527,746.9038997904522,0.1909488341058461,500.9665537856952,0,normal
66.7,119.12164313006171,748.0518238120873,0.20808753430000443,501.5003356505927,0,normal
66.8,119.00605517247725,745.4526371572265,0.19660895026308045,507.30509547959934,0,normal
66.9,121.92635865608726,746.3980045097547,0.18526468930472584,505.4420494691506,0,normal
67.0,119.78662181218787,753.4342905149792,0.22159352673377464,504.4347267692891,0,normal
67.1,118.6412152693572,753.2085507020195,0.19729476889668074,506.57957920703814,0,normal
67.2,116.20189025533618,745.4892048350922,0.19940526878514434,505.2061204843735,0,normal
67.3,120.96302664009464,750.3384549423876,0.2027984943835255,486.9916733593873,0,normal
67.4,120.43551009480232,752.087157256179,0.20729486377072884,501.55673555336716,0,normal
67.5,118.05851819413273,749.9335139806165,0.2079483733915248,508.2202245668291,0,normal
67.6,120.78004656502196,749.7607374969488,0.19011947143941174,488.38688473765995,0,normal
67.7,119.36083580875125,754.7966828121846,0.1903634248771239,498.55375174811314,0,normal
67.8,121.81929561435581,746.17809543144,0.1940335606353555,497.1473084882757,0,normal
67.9,120.76363653170483,753.3756894266986,0.1982040200925959,505.19567470705664,0,normal
68.0,119.90611822328562,753.8297192068953,0.18927012801163764,508.32405353463105,0,normal
68.1,119.64489049277168,747.9313554063966,0.19937978440464316,497.1667994058296,0,normal
68.2,117.61251511911206,751.6690208953827,0.22033176344816985,506.6904167536142,0,normal
68.3,119.77631501170637,758.0639385731233,0.19530397698352553,507.0744120752128,0,normal
68.4,120.92424222452976,753.7302995497852,0.19870109256248283,492.3050441254803,0,normal
68.5,121.52878140317131,750.4996785423239,0.20820278924105562,502.40205367690385,0,normal
68.6,120.36021937740537,746.4258989920808,0.20879889983714725,493.81024991425494,0,normal
68.7,120.8913063278669,755.4225352842695,0.1862438340929048,503.65227300351705,0,normal
68.8,119.66535345873108,753.3146096578361,0.2065797792006237,507.0542004625249,0,normal
68.9,119.98194378018255,748.0877099789682,0.20482607800199115,497.67978076095415,0,normal
69.0,120.92633509201812,751.6318410875638,0.21704718792624092,495.74580668234535,0,normal
69.1,120.18946031921625,752.7113407387444,0.1984894193318082,501.37014429415393,0,normal
69.2,118.86839842839775,749.8649102042862,0.17750645630899456,499.6628125599149,0,normal
69.3,120.20576433501223,750.1176705556687,0.19382534366789408,498.9775119731571,0,normal
69.4,122.736872510563,749.434438525305,0.1981318552540722,505.0323019492556,0,normal
69.5,117.86191074701502,746.4073669735898,0.18831341988067699,509.43597940135913,0,normal
69.6,120.53458370514015,747.912351109699,0.20638024217694337,496.6753103787639,0,normal
69.7,119.89769459922714,750.0115719094841,0.2050804588187087,497.0170230156023,0,normal
69.8,119.36806984610742,748.5032999062404,0.19333991588902572,487.23016032617517,0,normal
69.9,121.22988134011119,746.0059446621301,0.19709344471393805,507.281024422778,0,normal
70.0,121.16776374807851,750.1520777257061,0.18878530241898372,509.1452412526473,0,normal
70.1,122.32789005755167,751.9831838547178,0.1985776969986019,490.34287767804767,0,normal
70.2,119.1145888872751,745.2234279632347,0.18626027162684963,490.6205671291938,0,normal
70.3,119.78936050250077,751.1416238150084,0.19857249171691352,494.02043153787065,0,normal
70.4,120.43526019071768,751.6903557205603,0.19845067994697918,501.3968588388885,0,normal
70.5,120.40475589590463,749.0502796486096,0.19049821026936417,495.5947642721564,0,normal
70.6,121.2468205206164,750.8747389723815,0.19977534497263205,495.33364942862215,0,normal
70.7,119.16263686102559,750.1650817649285,0.1804087299767748,504.39385094299723,0,normal
70.8,121.04829784577902,750.8696255743364,0.193075378647656,501.3010025471162,0,normal
70.9,120.66122840058769,748.6567718720469,0.19654025991721202,496.30328036202883,0,normal
71.0,122.0202091339496,752.136014513601,0.18854783711290043,507.6990859007993,0,normal
71.1,119.7478383921269,749.6377041159371,0.19467025246230496,494.8867970011967,0,normal
71.2,121.55646295445857,752.0727574084058,0.2043920488514774,503.5509621557621,0,normal
71.3,119.91447565870243,747.7535453673004,0.18636540225852985,503.214316599954,0,normal
71.4,122.3987816700143,749.885776288584,0.20977386215585297,500.19430949378744,0,normal
71.5,120.22294685095794,752.5721423097599,0.19519347029698553,500.9954502285876,0,normal
71.6,121.41969374287939,751.8810625579924,0.21248898925074478,498.6051555304505,0,normal
71.7,120.605846256497,747.2523778082781,0.20975721945991796,501.27506781129927,0,normal
71.8,118.03930356956245,749.259883993033,0.19902996978872808,500.67880011603734,0,normal
71.9,119.21264525876573,749.9587343818123,0.20080635836704339,497.2505340936389,0,normal
72.0,121.5011946029423,753.5082715782311,0.212423817446252,502.26048714093133,0,normal
72.1,120.72080389174373,748.5564328630893,0.2054344573549944,499.4545800644253,0,normal
72.2,118.49129995737634,748.5768456214198,0.1894250951370603,495.6192144778885,0,normal
72.3,120.36656836382966,751.0138734857271,0.17999855292748224,508.33075952475184,0,normal
72.4,119.12299135313022,752.7937659901908,0.1890794380977753,498.41385472399116,0,normal
72.5,118.70723983762,753.545645848485,0.2038026956869787,503.30318215726015,0,normal
72.6,120.28049645991516,747.6707658168071,0.19743068327255836,487.8337385945406,0,normal
72.7,119.86592372789022,748.3020844565406,0.18634360334038408,508.97378741192574,0,normal
72.8,121.32304354552444,751.2899305652934,0.18809020746751245,506.5007228819575,0,normal
72.9,120.13700611793703,748.7044554432092,0.1820976112230996,497.1168488764592,0,normal
73.0,121.17969590440555,748.6321467929761,0.20143299508239104,495.08977582312605,0,normal
73.1,121.99370866575757,749.1850526505716,0.21062499741476096,493.9774791167893,0,normal
73.2,119.59809752188814,749.7926679440565,0.20050260873557338,498.59724458241374,0,normal
73.3,120.30810860512975,745.5206143124274,0.21583117080937134,493.5470270480327,0,normal
73.4,119.87400640387078,749.3030297525485,0.20163158340826937,502.1177018910624,0,normal
73.5,120.27799333256145,753.233587016265,0.19648465105870203,507.35393432438195,0,normal
73.6,119.28598333262231,753.5517785698231,0.19797971897492023,513.5147045515811,0,normal
73.7,119.77421148373197,749.9377821026495,0.19546490556227655,502.57285366751137,0,normal
73.8,119.14265608004177,751.520815851514,0.19893744508193523,501.244702422788,0,normal
73.9,123.41715363754213,746.2349809413859,0.1909447533150226,509.7892093763925,0,normal
74.0,120.15314429101812,748.3790439819653,0.22109247640522653,498.522427836089,0,normal
74.1,120.57926966645064,753.2888291114566,0.19200472004950508,510.5536785333741,0,normal
74.2,121.53506558732889,752.3624181389595,0.17702468096460458,509.4373287125141,0,normal
74.3,118.94099624620847,752.0390259158664,0.20381092216441543,494.49380225786143,0,normal
74.4,120.28148973712372,744.8518090277277,0.1902168366882872,499.8055122634832,0,normal
74.5,118.32978953484955,748.7211401334396,0.18701907183518673,502.71643678741725,0,normal
74.6,117.93653343372179,753.127416866365,0.1762391582419759,498.1326913432459,0,normal
74.7,120.18705349185262,752.7445993933633,0.20847119645975076,485.91334735585906,0,normal
74.8,121.04343489935273,751.9973837987534,0.18636513868887256,496.82059771451617,0,normal
74.9,121.1437528470267,749.5590622516096,0.22295232752499697,503.65914153172423,0,normal
75.0,120.75826558890861,751.6193308164018,0.19140984626480997,498.66382703351144,0,normal
75.1,120.34831482858091,751.9232455389368,0.19372792058847835,506.5608128418242,0,normal
75.2,119.8668820254266,750.0496173010838,0.20779228181217735,493.9960546505491,0,normal
75.3,120.8155394497165,743.8435447388757,0.2044703303785757,505.1213326147547,0,normal
75.4,118.73248446682942,750.7337162824723,0.20545674724435642,498.04346790294284,0,normal
75.5,118.4058461868317,750.9071202835223,0.19624079162385452,491.7473920255035,0,normal
75.6,118.62154681245168,755.0383986994635,0.20060418234901728,513.3310890893645,0,normal
75.7,118.54987194678384,751.061427056465,0.20398893559937967,507.4709652653333,0,normal
75.8,121.80073388036618,746.5682003663003,0.17688199737387317,493.53796275060995,0,normal
75.9,118.4205788147944,751.938547926076,0.19114439096329425,504.9890739053216,0,normal
76.0,121.72722956960479,749.6447226743061,0.19805935095697655,499.47667924813607,0,normal
76.1,119.34622407456548,750.9529713830484,0.19775587912294848,505.65859909082945,0,normal
76.2,120.11093006791214,756.1743691461304,0.17915907464485276,502.0263162109866,0,normal
76.3,120.5703838102998,754.6770920085482,0.20087839072044217,496.27486104939504,0,normal
76.4,118.35261082866744,753.4524307828833,0.19732631394668707,497.261633018236,0,normal
76.5,119.02197667327485,749.1641971930069,0.20957302263800048,492.0102840327223,0,normal
76.6,120.24525056251818,748.7389381084778,0.21035623146599444,487.62468251590764,0,normal
76.7,117.41677708246173,756.4603973868036,0.1962927443609166,493.16505076472646,0,normal
76.8,119.77261489131021,749.4823781316549,0.1970460439684743,503.05487764749586,0,normal
76.9,119.50352624076643,749.9264359460452,0.20999300574455568,495.24679195603176,0,normal
77.0,119.64425111806902,750.9075796515024,0.18683407145638758,497.39648708292384,0,normal
77.1,119.4597905364832,753.9630201986163,0.21436389112135731,504.22000150068635,0,normal
77.2,118.87218273418868,752.0490614850887,0.1989410830868717,496.8297669312479,0,normal
77.3,118.43887725069256,747.7477615703833,0.1928769310310233,498.4877602486119,0,normal
77.4,118.98078825383564,750.5068161291223,0.1975610173797595,491.1046731020441,0,normal
77.5,118.10485710865422,748.3310857008249,0.19626923827943082,497.2232958767133,0,normal
77.6,119.31938797939407,750.5620028597956,0.20045705427136584,501.6862410962188,0,normal
77.7,118.23056886413539,756.4980141256683,0.20672270634309745,487.5194010136401,0,normal
77.8,120.89212195802025,755.0295118992256,0.1919027971871376,484.9458675838684,0,normal
77.9,121.13552939499537,751.8754248302399,0.20048778730840594,495.4062375411105,0,normal
78.0,119.57813187083869,747.8132147268859,0.18502676563081835,500.71719855423396,0,normal
78.1,122.28528190571322,748.4602856380516,0.1662122413296518,494.1059689753289,0,normal
78.2,121.80362412282356,747.8880241791614,0.1960507843736545,490.3786405673063,0,normal
78.3,117.98475846998974,747.2914828133435,0.21928952230811632,505.98720604152265,0,normal
78.4,119.3385971456153,750.920314504048,0.2019115470103225,497.650345524086,0,normal
78.5,120.69115730959679,749.0210506606917,0.20614389267381386,501.86315451777364,0,normal
78.6,117.60581492972526,746.1281863463104,0.1828777756718484,501.4901431409663,0,normal
78.7,120.03549546876063,746.099307516282,0.21816658544577963,506.39125883308327,0,normal
78.8,120.6053860496727,750.1824299302525,0.21983827501633924,483.44560267772624,0,normal
78.9,118.42260552800003,750.8596465192304,0.19554415548661308,495.9277020347195,0,normal
79.0,118.65200456011706,750.9611571276438,0.21107903494537006,489.84803825069264,0,normal
79.1,122.05889793439094,751.6055264239236,0.20242340695511096,500.9240197975604,0,normal
79.2,119.99761226661178,744.5699550286403,0.20792606714836773,500.36138049604284,0,normal
79.3,119.96691970348627,751.8438646902008,0.18560147920192316,486.6566526214557,0,normal
79.4,118.72205664177525,745.5679087937469,0.1939494697083693,492.93479188273795,0,normal
79.5,118.82277784069557,748.5442056384463,0.20730207056203312,496.1895058834233,0,normal
79.6,121.87012988799736,745.4896716146992,0.19079984293184746,491.7726983585077,0,normal
79.7,119.92232246989326,749.0345988980569,0.17861832317115808,500.5823543814017,0,normal
79.8,118.30053109444093,752.9878976027667,0.2040366573911213,498.18812208920116,0,normal
79.9,118.65225934556531,752.7555982460404,0.19171527667821003,507.3652742021955,0,normal
80.0,120.40553418270314,750.0233274951545,0.2021901502287935,499.1915433851195,0,normal
80.1,119.80923946126566,752.2943226275686,0.20925742296630523,493.51942430394985,0,normal
80.2,117.76947031673313,751.1841915673617,0.21695799194795673,505.52320950656264,0,normal
80.3,120.36657847840878,750.1424034169779,0.19616782499875016,499.8464710748973,0,normal
80.4,120.40107390289216,748.5790658398852,0.19849699154069506,499.8866741959055,0,normal
80.5,118.05560557308573,756.2602186080937,0.18298691952507076,502.69369323293034,0,normal
80.6,121.43582726993336,745.1882906244122,0.20898288121683375,493.0284858447519,0,normal
80.7,121.12758553012632,751.2597746313917,0.2115050420774268,498.71669196836825,0,normal
80.8,118.59660161823115,746.746247736434,0.20859746193020653,504.5594714768298,0,normal
80.9,120.26067457111395,749.9604579234771,0.1860409518335761,501.4310535398,0,normal
81.0,119.8797840359737,752.4564187739682,0.21658933724937712,494.92774034972905,0,normal
81.1,119.03337716106645,755.4402169751779,0.1854181848363991,497.4969129159467,0,normal
81.2,119.68023211603054,751.9383285150553,0.2158484612925518,496.4173657257958,0,normal
81.3,120.56321040491356,749.6724642161253,0.20453232488556916,496.81095162792985,0,normal
81.4,120.69196118371104,748.9903711273741,0.20230918220219446,507.94731280765814,0,normal
81.5,119.853523725408,751.772018329692,0.20432397074153436,504.66187175217175,0,normal
81.6,118.67225705089552,748.7617367650092,0.19092142639370444,514.880850003841,0,normal
81.7,119.83035672070436,753.2103206337543,0.20251931932001707,493.03987744548044,0,normal
81.8,119.49253683660447,752.7041199180165,0.20554161150267403,516.6517696746812,0,normal
81.9,118.85055272776279,749.4759577220784,0.2148475402880115,512.2161009396063,0,normal
82.0,118.94764492372524,750.7893572189753,0.21168444839461964,508.42344629561234,0,normal
82.1,120.89083887932105,753.4706186892068,0.2011597016020424,496.263717385967,0,normal
82.2,121.01948319684554,750.0693118991938,0.1893800160332002,496.60075569065424,0,normal
82.3,119.55424113983258,750.5757243411977,0.18743249016506033,509.66582875929294,0,normal
82.4,119.98597403318092,754.9142058520911,0.1925817653080907,491.7116126477306,0,normal
82.5,119.83729318182706,747.6400046434725,0.197206251313361,494.56028018439923,0,normal
82.6,118.06105405352162,749.9485683868538,0.20329921545027693,489.44842789027024,0,normal
82.7,121.16470760018905,743.7929489733232,0.18977952221245017,504.6494809221081,0,normal
82.8,122.12702748879079,749.7008304823212,0.18283192920987867,494.7348010231067,0,normal
82.9,119.99642511064862,754.5682703413838,0.20487590311470688,501.54745271831405,0,normal
83.0,119.08421379349231,749.7774810238709,0.1925158257775178,495.99135958318624,0,normal
83.1,119.16406412430455,750.8584804702286,0.1897986526990167,513.713269716456,0,normal
83.2,119.85943045673905,746.3188905779053,0.2206345006163124,498.9787873919298,0,normal
83.3,119.19742137842412,745.1536957085049,0.1733555806619266,501.14970782415645,0,normal
83.4,119.90269479965836,743.5968389618765,0.19809950272495508,500.64056671678156,0,normal
83.5,119.25232591548367,755.5172892941197,0.2020904928464953,497.9987841650768,0,normal
83.6,121.13347503351687,753.0416830500174,0.1896882501703712,490.72811144952266,0,normal
83.7,118.26669430959218,747.3178797340053,0.2044728869704551,496.7561009247458,0,normal
83.8,118.2499428221223,745.6213442569533,0.18320495364535128,503.0557499475109,0,normal
83.9,121.84655495041359,751.1128167278383,0.20450654411886687,498.0904918730798,0,normal
84.0,119.5035525939952,752.5086660033439,0.20494001122375965,500.9353889798725,0,normal
84.1,120.58367765120278,753.1644649308638,0.2065494675378592,504.43727732388425,0,normal
84.2,119.60624247029915,751.8085646662166,0.2011536059329353,495.89855781396915,0,normal
84.3,119.17804433458143,745.2980794352034,0.21756280811851128,505.7841421931605,0,normal
84.4,119.1502149856503,748.7108272532887,0.2129824137829691,498.25617825818557,0,normal
84.5,122.5265594515674,749.2298360939262,0.22779238694341417,496.60838366149045,0,normal
84.6,121.65642294684122,750.888882459577,0.19441450053087322,489.93774006116666,0,normal
84.7,119.68252469979211,749.3547530919179,0.21748482671453465,488.07251912474965,0,normal
84.8,119.39473435063405,748.868237683467,0.17838128642911963,500.923346853432,0,normal
84.9,119.93545758868349,749.0078093885245,0.21395266302561217,499.046975620783,0,normal
85.0,120.65022670078062,755.3926177798282,0.19850971877215373,500.67912830555724,0,normal
85.1,117.7744445978683,752.8466765586888,0.20971949276580187,492.5708654483858,0,normal
85.2,118.64831902672837,752.2559111681992,0.18758788546507119,499.68868211718103,0,normal
85.3,118.49270152430411,752.862979385567,0.1755500337230625,503.2818326033874,0,normal
85.4,119.61286111776161,752.4085199164113,0.22027137233672806,493.63273703357237,0,normal
85.5,118.17343006937276,746.291241806627,0.19674259954325563,507.75292360648336,0,normal
85.6,119.32319523832564,748.7725225369546,0.19918731043965815,500.6369728879789,0,normal
85.7,119.19941916724976,749.2731777891809,0.20188472758980525,486.5883873871311,0,normal
85.8,119.14884758072873,748.0239861552735,0.20940322452589646,496.5250753563271,0,normal
85.9,121.93405697612656,754.8576154072781,0.20540606541274073,492.6806401630953,0,normal
86.0,118.59451001169177,750.3552152076774,0.20851288858725192,510.0709591961014,0,normal
86.1,121.20489659218923,748.8127234591095,0.20671871089784022,499.80510668816333,0,normal
86.2,119.24545579225983,749.3768077482139,0.22248809929717353,501.77047760588,0,normal
86.3,118.876654915063,748.5653727687326,0.20667084080266335,488.4525255371486,0,normal
86.4,118.51400956252463,751.2149292233087,0.21018835152774062,487.2180607598045,0,normal
86.5,118.7568710348435,757.4443418635029,0.2087699817097741,494.8907465217398,0,normal
86.6,118.62735901863661,754.185225186198,0.2074898622021458,510.0835133291323,0,normal
86.7,120.16979806619915,749.0353788729432,0.201081704453905,501.5037549174046,0,normal
86.8,121.53398924709306,748.1674117075731,0.1776804258653962,510.62326956022883,0,normal
86.9,121.48693708238277,748.1947284342011,0.19105817344305903,508.65059902847395,0,normal
87.0,119.76546509248732,749.5770178503699,0.1939781621864653,504.5009560467804,0,normal
87.1,120.34056508770564,749.8961364550014,0.1842011658050135,497.5130288956371,0,normal
87.2,121.55420090686854,751.1471981830449,0.20280158437800408,507.2601298927439,0,normal
87.3,121.03400360355168,748.542679195236,0.1811823359358855,497.55962061523746,0,normal
87.4,119.11681273929618,749.1475174607929,0.22183602973850344,509.4522107492412,0,normal
87.5,119.89599346725399,747.9115985690327,0.18919286120242737,496.4997476566963,0,normal
87.6,120.97561653772391,754.7649697512585,0.18416257691855148,488.88705799287595,0,normal
87.7,120.19991302938855,750.5498391442486,0.1873430459605069,510.78653428060994,0,normal
87.8,119.50695598099188,747.1056009861236,0.19103686978799472,511.7612617006326,0,normal
87.9,121.01180037896461,748.4169589271365,0.21003178485663893,497.2659852458066,0,normal
88.0,120.23655832299471,745.4797467763077,0.1824025518895836,508.3768487765708,0,normal
88.1,118.90324264522967,752.3976232603752,0.18749704884745688,498.6502002999698,0,normal
88.2,120.35559816093493,757.7188890877748,0.21349400625276288,496.7605145423908,0,normal
88.3,118.84575935980706,746.1466835303297,0.20406386549598382,501.79040243449055,0,normal
88.4,119.10724800235556,748.6697310138034,0.1951766892903763,499.14836143212847,0,normal
88.5,118.59696442793594,744.2901159466801,0.20562563237787285,503.5943690270984,0,normal
88.6,120.40639748152402,748.5257316536769,0.17940744501436717,497.139972057289,0,normal
88.7,122.29447993896234,756.5911387733041,0.20870954026609492,506.7184449394711,0,normal
88.8,119.0170402340328,749.5566729223227,0.18796195069338292,496.5527716099774,0,normal
88.9,120.63232259249332,753.3752350321271,0.19476619526577021,494.51377956846517,0,normal
89.0,119.6535821168009,754.2898677974695,0.20250833610525037,502.30795414402894,0,normal
89.1,118.8162798575261,750.9342806314982,0.2116201431681943,498.6466027791554,0,normal
89.2,120.42416409294206,753.5332345784647,0.20589731257515784,508.06124421903894,0,normal
89.3,120.32301380876703,749.6538386216972,0.19580414209903718,498.0979851897743,0,normal
89.4,118.3223693149967,749.0562298543456,0.19648405709539127,499.8859576385248,0,normal
89.5,120.74006652725747,753.2627714838711,0.22175162674405374,500.02481799270464,0,normal
89.6,119.41764523991016,750.517970113576,0.19713625767949908,504.52214694488174,0,normal
89.7,117.232500596929,747.3867740591858,0.20148653143221462,502.1824180104856,0,normal
89.8,119.69107884564221,749.376184884053,0.19723815680075663,494.90379207658054,0,normal
89.9,118.98488852099027,749.4977880366534,0.2127474306724355,514.3569922745003,0,normal
90.0,118.17223698042336,747.339692543671,0.22479700126319063,501.34404699252855,0,normal
90.1,121.1799544941697,751.0916619248513,0.20770929775982452,504.6786258639187,0,normal
90.2,120.72474642010093,753.8689603365713,0.20428781739219423,491.42964005536055,0,normal
90.3,120.15211372444375,745.4451966380468,0.21640960331576226,505.4819458317216,0,normal
90.4,120.89311200822885,751.9165522507302,0.2093272212677319,505.28984496047906,0,normal
90.5,119.61834347235514,751.0991435440264,0.19595063373604013,500.90221621979396,0,normal
90.6,119.61054757526774,751.6213026547525,0.1924586028498268,499.00150687320547,0,normal
90.7,119.00575714546466,754.8468520469586,0.2055677107954978,492.89030682708375,0,normal
90.8,119.71752266104865,751.9485698021508,0.205810147991492,498.4594974927565,0,normal
90.9,121.28883861591949,747.7114524343283,0.1869711285581111,508.8490389207076,0,normal
91.0,119.00622084891553,746.8027039119404,0.20426328460255488,493.9003522768302,0,normal
91.1,121.73369781164195,749.7018092183783,0.19344229373959332,506.85437275450744,0,normal
91.2,119.90301819780566,751.8194593114129,0.2060105318820071,484.14918481163704,0,normal
91.3,118.9971277582821,748.7494424180434,0.2010863764106854,482.41898844883207,0,normal
91.4,120.19350887712778,747.251085106375,0.19606551738189837,497.72943358001123,0,normal
91.5,119.69143262756883,746.015150075801,0.2128543685523893,505.34159990504395,0,normal
91.6,118.83827838878886,750.2595154449418,0.19814188786851958,495.04350605679116,0,normal
91.7,120.6330637984078,747.9694273317807,0.2006826774749104,493.0607714823908,0,normal
91.8,120.89390345055311,747.9650801272454,0.18623530274543165,501.9664886519389,0,normal
91.9,118.24349934401677,747.5632716841665,0.18691850775782143,489.9593712116283,0,normal
92.0,119.91078639086477,750.0595833412996,0.19120224069902045,506.3672022483761,0,normal
92.1,122.39237199802707,747.470962493293,0.1966274547024117,498.9071946478265,0,normal
92.2,120.77057324347089,747.9237437985088,0.2038614598899319,501.78652454457625,0,normal
92.3,120.35388163577208,751.4432972768794,0.184583859957822,499.32780202797744,0,normal
92.4,122.03504606571832,749.0457768261971,0.1923752658908879,499.23942035802827,0,normal
92.5,118.87969572158951,745.6338253101455,0.19800299959882545,496.03190203621284,0,normal
92.6,121.26188288981437,751.9391576342637,0.20195420610590817,509.06166411229214,0,normal
92.7,121.57178481261658,747.4831127812922,0.2076918280622372,513.2541731456538,0,normal
92.8,119.64071728027996,754.40179806774,0.16937949052001527,500.8737820239591,0,normal
92.9,120.15461324688387,748.713783945811,0.19761350739156117,506.78240471478375,0,normal
93.0,119.830964249036,745.2815432382928,0.21191472418628843,505.64769456387535,0,normal
93.1,120.04643978808848,746.9809301958218,0.20435536045463237,506.18303541413815,0,normal
93.2,117.34686488971673,753.016478064705,0.1784944656306913,500.22466974483643,0,normal
93.3,116.87483971417537,744.821119348502,0.2061729932227079,502.31571398259985,0,normal
93.4,118.5810695197844,747.5882849101483,0.1976689982756363,503.07684800682125,0,normal
93.5,119.45723466349999,755.8341554242642,0.2127637538045231,507.3203972097913,0,normal
93.6,120.64527092402156,747.0085239185586,0.17844740183421814,497.48541344897063,0,normal
93.7,118.51045056729855,746.9271817599948,0.19819152754422595,497.8529689046626,0,normal
93.8,119.94137419747946,748.664925709478,0.20596297734200314,498.24415336495167,0,normal
93.9,121.96881982934616,749.6223423501206,0.19879189190911098,492.9709096319074,0,normal
94.0,121.33700018350218,749.3511779152738,0.19965723297510632,495.13645171601496,0,normal
94.1,120.92049466797428,753.6818093689433,0.19348639151061348,499.05073337135246,0,normal
94.2,121.1766454084004,747.7580584596761,0.18021207859644078,503.5046039030891,0,normal
94.3,123.29203400889953,753.2840712986779,0.19148727403469662,504.7094436281011,0,normal
94.4,119.46032992638312,749.6611289899624,0.17851409771059534,504.9170266000398,0,normal
94.5,122.03921484232698,749.9077738538476,0.19640576211289548,503.23684848344027,0,normal
94.6,120.36212416096431,758.6022284993904,0.19193895887393167,499.51155269641384,0,normal
94.7,119.56053041234773,753.7816506861487,0.19571498423609393,505.0670073431058,0,normal
94.8,121.34844763101982,751.6066405087922,0.20423838455290305,494.87771083571727,0,normal
94.9,120.4973214435992,749.8925423997159,0.21059570399022529,506.06522267574655,0,normal
95.0,117.99206520472403,749.5359898593794,0.20701936708411023,505.66751836522104,0,normal
95.1,118.36970468540196,750.3415328744086,0.1909058484380858,496.17744650522013,0,normal
95.2,117.7441026739044,749.5781594405727,0.19472164534254718,492.59890706057655,0,normal
95.3,117.73242397578265,753.6654512796482,0.19844383366040597,505.9376980951632,0,normal
95.4,118.5917870073244,755.8095076205384,0.18713367693247537,507.8160582049113,0,normal
95.5,121.70234855097634,750.2512376024785,0.19012906017292697,496.66572809155167,0,normal
95.6,119.88167084510482,760.8367282016776,0.20504626451606855,489.14629671752033,0,normal
95.7,120.25042542669786,751.1814829189049,0.1715213706412839,504.9390871345959,0,normal
95.8,118.15441597937713,748.6827943241769,0.17805783552056775,490.55271286441297,0,normal
95.9,120.64471491834459,749.9091522694895,0.1787950016625856,510.22512262392786,0,normal
96.0,120.54399755528571,751.7372838881429,0.19650521766265383,505.99598023554233,0,normal
96.1,119.81453987857758,748.1335371075506,0.20733391193237824,496.598096751639,0,normal
96.2,122.2017977993453,752.1779659868475,0.18343057465176466,503.15760110141895,0,normal
96.3,118.80727382254065,752.4964837503014,0.19842009098853858,504.71474207582276,0,normal
96.4,120.22555284707616,754.7656973079554,0.20096719473085192,498.3413385587195,0,normal
96.5,120.97659151388396,752.5880566267085,0.18240357259429532,511.0969010773793,0,normal
96.6,119.47627703806394,743.6222326908955,0.1983890903600918,501.2615944219694,0,normal
96.7,118.05455090040846,743.9396023857047,0.2030416505763493,499.58780582885504,0,normal
96.8,117.43533158748521,754.9762124813985,0.20239666914253174,501.8097477764962,0,normal
96.9,120.94807121709997,747.8442782948721,0.18861859682057436,501.3247414015109,0,normal
97.0,119.59972362666755,751.1293696587433,0.21390186553819573,512.9911745830866,0,normal
97.1,121.03981094511818,744.9189434705047,0.19863917105806944,502.91363795579247,0,normal
97.2,118.39177494465574,744.4649557558297,0.20255310975572907,498.98001652428763,0,normal
97.3,119.30987886619128,754.4931050042993,0.20616783109475123,499.13369119032757,0,normal
97.4,122.05550675949709,751.780560562123,0.20516374301123752,509.4530263329279,0,normal
97.5,120.02034850242987,747.5410746528308,0.22947800712451955,495.7731223487712,0,normal
97.6,120.10696763470303,748.745458020246,0.21188073336168503,498.2431656348389,0,normal
97.7,122.70339931303212,749.1298761418833,0.21053185511123612,508.3037029100588,0,normal
97.8,120.57035352530244,752.2242596696442,0.21553566411536965,506.42641757915163,0,normal
97.9,118.31120757196342,751.4196691313354,0.19913510927701075,500.6771212682857,0,normal
98.0,120.38431313902372,750.1145936404356,0.18281359208679387,493.01074870596244,0,normal
98.1,118.52490513804703,747.0251422567103,0.2170806953646043,505.32922429629957,0,normal
98.2,122.64591585907834,749.0560354459856,0.19209864776062557,497.4833639708011,0,normal
98.3,120.44824089528012,747.3755916229375,0.2068889280220644,493.4299485055476,0,normal
98.4,122.80556939764126,748.2811684134666,0.20413994227992263,493.41719512473986,0,normal
98.5,120.86223741684051,748.6302945958118,0.19243105999044835,494.48357267769114,0,normal
98.6,117.28449050102242,748.7540385953894,0.20491179906320858,508.3738914359509,0,normal
98.7,121.71559417385208,752.7278762501595,0.19823612279364247,499.22523594297024,0,normal
98.8,120.58627486208543,749.110012030293,0.1824050982835261,499.0101146210338,0,normal
98.9,121.4797299402008,749.6055051068754,0.18733430677316204,505.50869933690507,0,normal
99.0,118.30054920067697,755.963887813696,0.21800358318669563,503.1005078472189,0,normal
99.1,120.77846550007972,747.6030996674624,0.18765839147711244,508.96025718546156,0,normal
99.2,121.16031274232519,745.3842920656847,0.20256464215622905,504.4095576898995,0,normal
99.3,121.79641462196565,743.4146505757597,0.20428330737957737,498.99277558464183,0,normal
99.4,119.41622705605559,755.6036170243027,0.20513142351222982,504.6266883286985,0,normal
99.5,118.61610632108834,755.6444922621737,0.17095419675898613,497.6180032165695,0,normal
99.6,121.87368427090126,747.0782253407964,0.21201271062733051,500.9798036771955,0,normal
99.7,120.7157048318495,756.8103943918941,0.20974825771922262,507.1977362214467,0,normal
99.8,120.47149203133448,748.7867613676616,0.22464617420223987,493.34473722507346,0,normal
99.9,119.75784907710451,752.1491798952839,0.186068993907247,503.38374583496807,0,normal
100.0,120.75678806045936,747.4034700684489,0.19408211619405227,503.3659949684819,0,normal
100.1,120.75909795113263,746.6569194868536,0.18646532211454295,496.76333955999894,0,normal
100.2,119.80264758765665,754.3361491415376,0.19418548360954405,487.02072051831266,0,normal
100.3,117.74128195799985,757.5090879889918,0.17739216603576155,501.5031820201525,0,normal
100.4,118.92635284788751,752.1674242071683,0.21053500991251123,482.4922689512173,0,normal
100.5,119.61663384323235,749.9967638365746,0.19791423136544742,498.47644276115614,0,normal
100.6,119.53374195360963,749.7477078368968,0.18912804173864733,498.335206546348,0,normal
100.7,119.51791193882781,750.5357403996834,0.1848001160663313,501.9386159588888,0,normal
100.8,120.46172595969914,750.1364352908964,0.19772679192695716,510.7693951715719,0,normal
100.9,120.97508007900363,754.0059403884851,0.1764565685048793,498.40309012973205,0,normal
101.0,118.30839903121573,747.7533412835274,0.2157685404258906,497.23816352312855,0,normal
101.1,119.24624266538429,749.7797647685139,0.2087792020234235,490.8739952271347,0,normal
101.2,119.53040561397603,751.2506158268378,0.21822398365293494,509.434888808613,0,normal
101.3,119.8400389910616,751.9709102126255,0.1995371237899662,495.6967103086977,0,normal
101.4,119.23898292677822,752.9713466070974,0.18215163225405115,494.1808631908465,0,normal
101.5,121.91501305449417,749.4056999574632,0.1910322746947074,493.1746980689217,0,normal
101.6,120.91414803137963,750.0664809338426,0.20786598984434557,499.2104943655256,0,normal
101.7,119.0901689637047,750.5576429024385,0.20522762603700526,508.8466044546999,0,normal
101.8,119.20765852308337,746.5294461367503,0.19397432759483454,499.40537049559276,0,normal
101.9,118.98934565118348,750.7687803679562,0.19074010168687505,502.13161819676486,0,normal
102.0,119.2751208323735,754.2252392068195,0.19327479598309197,501.8900001688419,0,normal
102.1,118.92972729218603,747.4550161715258,0.2165446764744341,502.04132812064825,0,normal
102.2,119.06724594356507,752.856644363662,0.20538080100956982,510.0037960293675,0,normal
102.3,120.04368599054727,747.7557170687297,0.1921244790911451,494.70005176400355,0,normal
102.4,119.26598177976356,746.890699925453,0.21769682197436277,508.4045458858442,0,normal
102.5,118.95051299843146,755.403527825046,0.20939719304160975,493.8861967808883,0,normal
102.6,120.76761175515492,752.1793356886916,0.19842518047853303,494.54209793134794,0,normal
102.7,121.25909565771296,746.8620758898272,0.19078683373913,502.2250825573589,0,normal
102.8,120.9332582430921,751.045974812191,0.20697606292812815,496.72999785610915,0,normal
102.9,120.93367021601162,747.8220489446187,0.18722590717262833,512.9665374043323,0,normal
103.0,118.38585954461526,750.7438729792981,0.20487101705990085,490.8987903382997,0,normal
103.1,120.46530106843623,753.1074890312456,0.20639518971389373,497.0160786294876,0,normal
103.2,118.59562959411979,750.3585314342804,0.19751318601320053,496.5527410318602,0,normal
103.3,120.13256026111672,749.0732689538595,0.2204812740711307,502.8277525827395,0,normal
103.4,118.80369361107714,746.9918392948753,0.18567238337260622,502.19597514335203,0,normal
103.5,119.30614166246038,749.5216539188455,0.19300660265869085,503.9185719838964,0,normal
103.6,122.60536227372803,756.1521568088585,0.1817785599547446,501.5935367226761,0,normal
103.7,120.79242473021806,748.4925494582135,0.2148729692647827,507.1220827887485,0,normal
103.8,119.28539470869629,742.5810892457877,0.19143373071514297,501.8074531892817,0,normal
103.9,119.87038628760139,753.0029076626215,0.2173952373006673,506.92344247773383,0,normal
104.0,118.88512205438151,747.1993633160154,0.2139955874964818,492.25921006589806,0,normal
104.1,120.83076668002175,752.8827747234246,0.19069155517892247,497.1792858423889,0,normal
104.2,120.52794242646519,750.7473820353574,0.1887036941402004,508.33000931765474,0,normal
104.3,119.3405084911022,753.4044583408311,0.183627341318929,488.8755730652852,0,normal
104.4,119.56506651782254,754.4110250207896,0.20144633489822134,500.61930766273986,0,normal
104.5,119.99402291983957,750.9164689554354,0.19019536227293,492.48068635867367,0,normal
104.6,120.20338187083965,746.2957800621988,0.22214405623250744,497.0371076656603,0,normal
104.7,119.89128155287517,752.4460710845575,0.21204799698707918,507.01152932253495,0,normal
104.8,119.1371067551663,750.4878064253378,0.21594204053885735,498.3792331876446,0,normal
104.9,119.29938085504669,749.8670016276122,0.19285173275029607,495.7499046513016,0,normal
105.0,119.89918532895932,741.9640243539678,0.1983735959604748,503.8904061695594,0,normal
105.1,119.73992058934651,749.934884038636,0.2006839961874478,491.97062570206816,0,normal
105.2,120.53607228739395,747.8964567443815,0.18761607600180388,507.58590094247774,0,normal
105.3,123.05634257025369,749.089547070504,0.18678044939327684,504.5349312999909,0,normal
105.4,121.28740285282473,747.5796830025467,0.20721836488986003,492.5257161494495,0,normal
105.5,119.89577153038375,752.3388851519092,0.198078501895688,490.5068712978777,0,normal
105.6,123.14255496583156,749.0093822039589,0.1891415060105221,494.2263920651867,0,normal
105.7,119.43852413664486,748.3889139222297,0.207129883047176,512.9607105326984,0,normal
105.8,118.77284215396926,748.1411169554531,0.19814462778409125,498.58092121607234,0,normal
105.9,119.41373394735882,752.5142404418563,0.19563649840528846,510.43470780213056,0,normal
106.0,120.23264104897429,748.7092194575223,0.19082551082422694,504.0385397813587,0,normal
106.1,118.7495355938496,751.5188094974728,0.19538139051106873,493.0616638766201,0,normal
106.2,117.82319847723026,750.3925488096065,0.19572637551642438,504.4433824818198,0,normal
106.3,120.12187497220314,749.2611191350121,0.20116789035179214,495.35825170461305,0,normal
106.4,117.49758497079526,745.3912740825876,0.2037171351372005,487.8338111400031,0,normal
106.5,116.80078464484176,748.8881857043913,0.19631884962158155,508.8638601293633,0,normal
106.6,120.14007341861806,746.4308380377995,0.19730497263704663,513.4544469467124,0,normal
106.7,121.5444723769516,752.1688245740681,0.18884718281139118,502.1458396391895,0,normal
106.8,119.89879178821738,752.4564405110733,0.20434296105849978,499.34166794682244,0,normal
106.9,119.54135315189184,748.5853598434184,0.21266510678521083,508.4750312265571,0,normal
107.0,121.44148679307196,753.7536433066742,0.19964484868927454,496.63200338483165,0,normal
107.1,120.10024646198272,753.6129003023357,0.18397956512232738,497.2274604159472,0,normal
107.2,119.87635444516077,748.5164950999011,0.19069149028642052,497.3864155736811,0,normal
107.3,118.05591257175028,751.8822426171378,0.21401726317470673,504.8860588183472,0,normal
107.4,122.65671979812302,748.8439392420399,0.18861755828966004,493.5781151421812,0,normal
107.5,118.78174332951795,748.083007858432,0.2011643100572087,501.6470111870809,0,normal
107.6,118.26482293710968,754.5697341044612,0.17361294827250545,490.2792231637506,0,normal
107.7,117.87332766638387,750.7137920721115,0.1925411032603637,503.2802828019745,0,normal
107.8,119.52230994001718,756.5087540486961,0.19298100093990805,495.3860805598635,0,normal
107.9,118.82056152922371,752.0247030522271,0.18900416406653509,505.22897012860574,0,normal
108.0,120.38879055803898,743.0817963852835,0.19203396475814177,495.49956136180333,0,normal
108.1,119.58045156223733,749.2468055005058,0.209084657657736,503.5709740055778,0,normal
108.2,121.43137747265438,751.9314323025486,0.19703459235423287,498.6302226955008,0,normal
108.3,119.02527820919853,753.5447627372719,0.19185122007386166,503.42932245954944,0,normal
108.4,120.88811667341184,747.4964339981774,0.20609909377948962,505.3014673929369,0,normal
108.5,121.06297249738229,747.8957811781679,0.20640053482979923,499.41356432089805,0,normal
108.6,121.73955656796613,753.378071173408,0.1701815323044311,496.0576001272569,0,normal
108.7,120.87726990699207,751.0028181721009,0.21416652493168886,503.3636263431997,0,normal
108.8,120.00725845514532,748.1918585424197,0.20630942067095184,493.98489138689666,0,normal
108.9,120.68709803659817,744.4212964579484,0.216991896883978,505.42234967639433,0,normal
109.0,121.0731137205142,748.5586169263391,0.21831145582320968,495.6827059708538,0,normal
109.1,118.57268623380813,747.976704707256,0.20363904973921965,495.1025167152866,0,normal
109.2,120.97519466781213,748.9988222673892,0.2043066912797636,497.8131198301508,0,normal
109.3,120.88344099160015,742.9466247630478,0.19710892032137872,512.9782233981168,0,normal
109.4,117.46129461706221,748.1663287019219,0.19771301938147154,499.1622738625073,0,normal
109.5,119.67052399668506,752.363631393262,0.1882835924177571,498.11330305951293,0,normal
109.6,119.26392981966809,750.0904297239098,0.18622158090420332,507.7969233730568,0,normal
109.7,120.63557299369052,747.7041237528623,0.210989223611446,500.4054718286956,0,normal
109.8,121.93370929867214,750.6242252136291,0.21581379154254093,496.61035289078495,0,normal
109.9,119.21954172457357,746.2053699469083,0.20338728492341662,510.5592283896264,0,normal
110.0,117.91613516458695,754.1225035238704,0.2177224486627054,490.63687222526255,0,normal
110.1,120.43411364253731,748.3010924603768,0.179394171841374,490.71614036482,0,normal
110.2,119.2848737031096,750.2877968694916,0.19173154701157097,510.7474827152159,0,normal
110.3,120.4286206996854,751.3290862958407,0.1824824479098684,495.2555251898848,0,normal
110.4,121.2354120227273,747.4366567210843,0.2213240962103188,504.65212204269636,0,normal
110.5,121.18678013738618,747.4349347443194,0.20680755162082165,511.50011811498814,0,normal
110.6,118.6827078920048,751.4307525482116,0.20612711661672517,500.5414412209629,0,normal
110.7,119.09262235242029,749.2684844197045,0.22241485638347103,505.74638536751485,0,normal
110.8,119.36806612548453,749.2127332630098,0.21007499945445784,496.68746341688126,0,normal
110.9,118.90118591283134,746.7534434553382,0.20123835379571037,494.92741775413486,0,normal
111.0,121.794896710574,749.9730246045251,0.19168071385737045,505.40267236770234,0,normal
111.1,120.79118679217764,754.4385075704016,0.1955159789220707,494.8557183976225,0,normal
111.2,120.68646480386016,750.3325272612774,0.18358576543156144,500.28175505066014,0,normal
111.3,118.7445168846668,749.3886138422932,0.20162633409756237,501.9609865188025,0,normal
111.4,120.71039845716065,750.6674248523477,0.17648993927019604,496.0451055110329,0,normal
111.5,118.43885175578028,753.2304000209961,0.20648632963715574,502.21191456143055,0,normal
111.6,120.4094475911515,746.6712176795709,0.20532938409766133,508.8016800126335,0,normal
111.7,120.01692265012808,747.643351019897,0.20505693502887518,507.1765042261866,0,normal
111.8,118.89004178926766,752.548469370404,0.21205536772696765,501.50159404966877,0,normal
111.9,121.73080164349042,754.732292767253,0.2165862509637181,500.53399711701104,0,normal
112.0,117.92130547056864,750.6073452589649,0.206098726300576,500.00117627346305,0,normal
112.1,119.91347720077658,747.9884613986582,0.2225093451157348,495.6977274298293,0,normal
112.2,121.8561056035523,749.9788589539013,0.1884842520168937,496.6752337007368,0,normal
112.3,120.1612033928533,753.1802042741671,0.21119162519596987,497.5537309026811,0,normal
112.4,116.27438662232194,745.8197774868562,0.20971273148509795,497.79015190423814,0,normal
112.5,119.49818311079302,753.4734236212587,0.2190326635384485,498.2597672736476,0,normal
112.6,120.13642723769044,753.0599278611344,0.2134409353409538,498.7982501874567,0,normal
112.7,120.81808707556023,746.896619655962,0.2035621043740733,491.09964689378734,0,normal
112.8,122.63834244797052,749.000570039098,0.185467292570421,492.3722306160565,0,normal
112.9,121.69155722244601,749.8434436452189,0.19051920041869733,510.8735893344821,0,normal
113.0,119.61439911737706,746.2924021163512,0.20718921809373864,511.0243728720203,0,normal
113.1,121.8441789261159,747.611520185502,0.21354999198743221,495.2676980174714,0,normal
113.2,120.70231563163034,752.4276297465047,0.19704187505260665,502.3256605514093,0,normal
113.3,119.07251161486914,745.9704415058102,0.21796746326677682,494.2456618236295,0,normal
113.4,121.01944388554843,751.9655067598243,0.19640284547094772,508.32378686866633,0,normal
113.5,119.29118184869996,747.9805144061829,0.19607916933024552,499.3329076406771,0,normal
113.6,118.33127392418184,750.6062593374364,0.19399399583495988,498.2224408336629,0,normal
113.7,117.38803222004428,747.5412847355071,0.19469132353562668,508.4821216331511,0,normal
113.8,118.12940568493806,747.7550368845739,0.17444543427494072,497.58888913467064,0,normal
113.9,119.47592981606806,748.8956148806479,0.2242288295924011,500.0674858875395,0,normal
114.0,119.28772034018965,750.2132863799138,0.18678306584266438,500.34054086571206,0,normal
114.1,120.09907838710377,748.109984831025,0.20079671712456817,499.1611023143674,0,normal
114.2,120.40628229065157,747.7215771158837,0.21551137124936126,499.5606387437832,0,normal
114.3,119.03542818267498,751.4664546350936,0.21571230416681675,492.22005337255774,0,normal
114.4,119.05793722360377,749.2027130322276,0.21235723651873983,496.85887812626135,0,normal
114.5,120.42777538707203,753.3401718416064,0.1908076735754719,498.90374886882915,0,normal
114.6,120.72045046936493,749.9099960154231,0.1920544462245056,505.30751879932353,0,normal
114.7,121.0174299419095,752.1954595856313,0.19544298939544255,498.5268127719083,0,normal
114.8,121.49301808423668,747.6711088534425,0.19913338222557916,491.02909936028993,0,normal
114.9,120.45088521409775,755.5361848970235,0.19528185474579193,497.97733576124085,0,normal
115.0,119.76313078317764,748.1508852652362,0.2043558574430679,496.02855893691634,0,normal
115.1,119.06992831893945,752.7984886304137,0.18624964251944687,507.73924407765986,0,normal
115.2,121.92839282823977,749.6801861125019,0.20812934394887292,506.8926951360995,0,normal
115.3,120.24756500862027,744.7307829242521,0.21978087650813863,492.38591909814977,0,normal
115.4,120.34262515289547,747.3111404046657,0.19545779693576207,506.08814179636823,0,normal
115.5,121.3861487922731,750.9798533982264,0.1818762358372705,499.20152964242607,0,normal
115.6,119.64062361939476,747.4069284533338,0.1868149199730181,492.96238044050733,0,normal
115.7,118.88982476844878,747.5131005967652,0.1930253986645085,499.6645055307036,0,normal
115.8,118.35575101511911,747.8415996561681,0.19650990152767647,501.6402559572162,0,normal
115.9,120.15728474250959,745.9702092405947,0.20093196993339105,504.6172203987062,0,normal
116.0,120.27053161859264,747.4384661106527,0.19940865386899392,511.02242286786395,0,normal
116.1,119.16733887321539,755.704498475182,0.19300121336498433,504.5995384959933,0,normal
116.2,119.49307193414184,755.5662061192551,0.1984631267493102,502.804615716038,0,normal
116.3,121.0132439609797,750.4546090306136,0.21027827401798826,507.0922009161761,0,normal
116.4,119.72112179492366,748.424320601191,0.18538707470172044,499.91161210467243,0,normal
116.5,119.16353607104688,747.0970113952764,0.193926415523854,503.3387114054099,0,normal
116.6,121.18168911298643,748.7186300789307,0.17695478258096947,500.78920273629524,0,normal
116.7,119.4128875479364,746.920759127747,0.2090498166736306,489.84672279260224,0,normal
116.8,120.59713108711311,749.8073538148686,0.19799731287307643,493.15408875404023,0,normal
116.9,117.69455056707466,746.2660859589244,0.20311788770348468,502.36370499113025,0,normal
117.0,117.75823809217499,748.6347418832402,0.1999019150389323,491.85305832271075,0,normal
117.1,119.27459671032078,753.5864477932683,0.20224596339920348,505.4076160269713,0,normal
117.2,121.16790493033209,749.1325192460454,0.19949151901022505,500.96996895643895,0,normal
117.3,120.35996767261092,751.1971217062363,0.20544342178114,499.2403004717721,0,normal
117.4,119.95467508651929,749.0520006778025,0.1939163489913714,509.33047809724013,0,normal
117.5,119.55566073537308,749.161737911618,0.22207107083712965,505.83071004434777,0,normal
117.6,120.64832430864608,751.966026973923,0.18949331694031613,496.86205300933835,0,normal
117.7,118.99364387176135,753.6702891845231,0.19836313765545208,498.0472086311482,0,normal
117.8,120.1427703033124,746.8910291259987,0.21752711774767633,496.8308802439822,0,normal
117.9,119.39037439331435,752.9467745326197,0.19267275707133336,498.75404113513923,0,normal
118.0,120.11922555018248,749.3252626103915,0.19402124461459033,499.32314011895267,0,normal
118.1,120.87012537360755,745.9266219490108,0.1850125784967608,495.6019169297749,0,normal
118.2,121.03347423415606,749.5406536029556,0.18880318254432849,497.8510628209589,0,normal
118.3,120.59781146783104,749.307567804064,0.18946212042871022,494.45319922749155,0,normal
118.4,119.8459881582303,749.4097728932003,0.19121473050760004,491.52620031358197,0,normal
118.5,119.81337004270283,751.2321902467622,0.1983295339930496,490.61123476708656,0,normal
118.6,119.28780012446686,747.6754195695625,0.2207246170638,514.4437783072048,0,normal
118.7,120.3483011286003,754.4291368587002,0.19251304366120922,497.8788541742692,0,normal
118.8,120.55219551629014,752.9089334679718,0.20260510511969265,508.3283010396866,0,normal
118.9,118.54740167713469,758.2689094167276,0.19162552225406104,496.0582697089055,0,normal
119.0,120.05744694045987,742.4064234261647,0.20962610885619162,506.73195597298553,0,normal
119.1,121.23645076822436,753.3310928020311,0.21718626324479093,509.69859212733905,0,normal
119.2,121.0109102262369,746.6474344809485,0.19716629826744148,496.8622655122789,0,normal
119.3,118.85476148180956,751.4345166897398,0.19249354251380593,501.7100406721384,0,normal
119.4,118.79875081851169,749.7343289665394,0.20786480574479177,502.7433812671674,0,normal
119.5,120.52710708128156,752.799982294949,0.1915843868819362,506.3306362812917,0,normal
119.6,120.4797497555277,750.0999854097716,0.19358948309128707,503.351547396818,0,normal
119.7,120.80968282650107,747.9968460129672,0.2076521537396542,501.29170603407755,0,normal
119.8,119.28195175288225,750.0761034329976,0.20992135745239784,502.2639149039752,0,normal
119.9,120.29522394730452,747.9514976667452,0.22296965963443993,503.67564178065084,0,normal
