time_s,phase,pressure_kpa,temperature_k,vibration_g,thrust_n,anomaly,scenario
0.0,startup,40.62221417085466,300.27877217577765,0.1515070857638129,99.52492248078012,0,normal
0.1,startup,39.84135664730659,297.86902273252156,0.13836491665556774,101.27508090051992,0,normal
0.2,startup,41.55721716009415,300.0824770576623,0.12905913094101684,102.44615528419001,0,normal
0.3,startup,40.32073135367254,299.27502046499825,0.1338726720939813,102.05885293382131,0,normal
0.4,startup,41.23513375942444,310.0011392976007,0.1599612630848413,116.13009134688336,0,normal
0.5,startup,39.35651001802912,304.9359632955103,0.14071582457220788,110.33694362924733,0,normal
0.6,startup,40.63810588906957,307.66485716299894,0.16558880493659747,102.81369047884245,0,normal
0.7,startup,41.278346104913545,302.81839392785275,0.1307056650947745,109.8544411965821,0,normal
0.8,startup,40.31768130054499,309.2073985786465,0.149441163941697,117.03262168339711,0,normal
0.9,startup,42.35724254769946,311.1383253467093,0.1568065100955535,117.24711799222291,0,normal
1.0,startup,43.18087824703573,311.54643228640066,0.17622031969929344,128.25412713858793,0,normal
1.1,startup,42.04420639414472,315.28694916042684,0.1652936079030289,120.60500236644717,0,normal
1.2,startup,42.406219396380294,311.7142449341758,0.17361813913702417,123.06171358569816,0,normal
1.3,startup,42.36924353340252,314.9580430907243,0.15781108705693792,117.50572624529867,0,normal
1.4,startup,42.37584393016091,315.5085599263094,0.15451722842252205,127.87182904009192,0,normal
1.5,startup,41.50419851363055,313.4163307516699,0.1281893457484176,126.97911806130325,0,normal
1.6,startup,43.167267173720326,315.29970289305874,0.1693117839277241,136.0085389294161,0,normal
1.7,startup,45.02692789080224,311.8588376144792,0.17201991236107655,129.15742059128135,0,normal
1.8,startup,43.61776636536813,320.1235743198697,0.15570998492919877,137.61223480102257,0,normal
1.9,startup,43.88903130356248,320.61703952863076,0.15166901862221197,136.3234634798333,0,normal
2.0,startup,44.049778701167284,319.55024421073097,0.1523150352048944,138.66809316886207,0,normal
2.1,startup,44.27699846720381,318.6393317702203,0.15791064439152017,151.8626297743695,0,normal
2.2,startup,45.36197377846467,317.67554582453084,0.14419170868304468,151.035838606773,0,normal
2.3,startup,43.52810693957649,323.88853265752056,0.18344783664520117,133.8654559088726,0,normal
2.4,startup,46.826842039439335,323.1728324713914,0.14801359191746374,140.333401458869,0,normal
2.5,startup,46.10467214782506,325.05460021096627,0.1570191396096421,148.38975393267023,0,normal
2.6,startup,45.05559841766687,325.5492043169082,0.1566577687714453,155.69137271072913,0,normal
2.7,startup,44.394789594724216,328.51058097126213,0.1468151094639816,159.2471353984624,0,normal
2.8,startup,45.88292877473355,330.68500982930493,0.14289030609625616,155.82732418977795,0,normal
2.9,startup,45.64926709618915,325.89655078096587,0.15449538695897636,157.59040835516996,0,normal
3.0,startup,45.50063789877986,331.96295641764067,0.15602124379715301,156.03452806449332,0,normal
3.1,startup,45.57359889345099,332.7088442070648,0.16596494405983722,165.13677033090315,0,normal
3.2,startup,45.60803593968761,328.2771602706925,0.15508260094933757,164.95743109941182,0,normal
3.3,startup,46.18123994913943,329.6820853574284,0.16958745477715187,159.8660466856655,0,normal
3.4,startup,46.4929565779384,333.31962444212337,0.17088461772065577,169.59658706578585,0,normal
3.5,startup,45.176882992922096,334.924348785728,0.14516598848218729,166.22148319639888,0,normal
3.6,startup,47.965519269240275,333.2989766648739,0.1409684803360793,174.82573617595742,0,normal
3.7,startup,47.70459248330748,345.27104740060577,0.16782921794002703,170.06899166271103,0,normal
3.8,startup,48.66506678715867,335.3619066795815,0.16372449546834822,182.06035289221376,0,normal
3.9,startup,47.97968984035921,341.29655199935434,0.15787207024333152,185.35620519055672,0,normal
4.0,startup,48.84935698620622,337.79290844723084,0.150728859376103,181.1558870955916,0,normal
4.1,startup,46.92178088057624,343.65546950106045,0.15003147327070154,180.24825779906865,0,normal
4.2,startup,47.16460745435052,344.65211597208213,0.1549024454115227,183.30892984478982,0,normal
4.3,startup,47.13309991685188,343.12944452012584,0.16707454696828303,179.97859078349734,0,normal
4.4,startup,48.20230047799239,346.6292656343922,0.16616462394662332,178.87819602407794,0,normal
4.5,startup,48.991629810176235,346.5025078924146,0.17201905563380354,190.87212438154526,0,normal
4.6,startup,48.89328745031098,346.0643181452358,0.15514845161974616,188.68617828907747,0,normal
4.7,startup,50.79792188662761,348.09343574596744,0.15213919363394943,202.6889265156938,0,normal
4.8,startup,47.96366548943431,348.08493089931824,0.16473260457028993,193.75040709172148,0,normal
4.9,startup,48.07058376063905,342.79907622598637,0.16055447741063278,198.79663164482517,0,normal
5.0,startup,50.589459621281165,354.5312517574315,0.17387085373014297,202.418493771786,0,normal
5.1,startup,51.72854207076989,352.73633003796954,0.15759926421292625,197.62451773122848,0,normal
5.2,startup,50.45654844203545,357.7804075060328,0.15008674840343297,197.3749209060138,0,normal
5.3,startup,50.57584854953305,348.77622360735165,0.18223299492537037,210.97070161327616,0,normal
5.4,startup,50.060381575833965,355.1606732169939,0.17175714433132194,205.65637789565778,0,normal
5.5,startup,52.00518688945726,354.44661335040973,0.16304028570783602,211.10368838176504,0,normal
5.6,startup,48.98473139830821,356.37474891231113,0.15400311594088922,223.42318427468092,0,normal
5.7,startup,51.832488449277314,359.72359015118184,0.14352632088100542,204.53637609532544,0,normal
5.8,startup,53.09401589897268,359.8702923425836,0.17727716836986526,215.10889544530417,0,normal
5.9,startup,52.14878892598139,362.97931671004113,0.17683567675548686,224.54375710637285,0,normal
6.0,startup,50.02375075567611,360.08061400204383,0.1455476616515561,226.0820844572645,0,normal
6.1,startup,51.77626886473647,358.6373246060977,0.1492026377898496,229.40392151048593,0,normal
6.2,startup,50.51278168749057,362.2104409039914,0.16809468823097515,223.8794314482673,0,normal
6.3,startup,51.5704499077633,362.26747370681636,0.16784318468247586,219.96518503176628,0,normal
6.4,startup,51.941296153942204,365.98668924250654,0.1536228663643994,227.83472730422085,0,normal
6.5,startup,53.65825486057181,369.65741819186786,0.15558277723124445,227.65329350078022,0,normal
6.6,startup,53.062471371939004,368.4571171862724,0.170522347623362,231.12127339951434,0,normal
6.7,startup,53.34876935228661,368.3782714014758,0.1566425232514464,231.71641967213571,0,normal
6.8,startup,55.73715781703215,370.7487792022657,0.18498464080905538,231.25628732520522,0,normal
6.9,startup,54.16538802665654,366.39652880261724,0.17485985408110147,235.09910347121584,0,normal
7.0,startup,53.26263551407879,368.6796154182261,0.16627217042049497,240.90599102585048,0,normal
7.1,startup,55.120497869926446,370.2094379614097,0.16914440201802702,244.80470065198892,0,normal
7.2,startup,54.5566908040452,369.53960055769113,0.16790561437967624,237.63914397625092,0,normal
7.3,startup,54.959773380060156,374.0572292770884,0.13980821802594778,233.45868262984573,0,normal
7.4,startup,54.14980314657291,374.59311121052536,0.1450999850985001,250.51509598005,0,normal
7.5,startup,54.5251260266623,372.84598894550464,0.1770711623379856,258.50189852305624,0,normal
7.6,startup,55.97829929188944,379.09856171212544,0.17023901985080636,251.60412509713663,0,normal
7.7,startup,54.788818975919554,380.77075101226853,0.15162246466947057,249.71316382717995,0,normal
7.8,startup,53.32002847083264,375.42156550161934,0.17389310023572402,255.72212437446336,0,normal
7.9,startup,54.619915267590244,381.0313250506852,0.14972507715882488,252.40342071855832,0,normal
8.0,startup,56.63653880713838,378.21028347090873,0.16390044839132492,255.11012195640293,0,normal
8.1,startup,55.95565627329439,377.74014207260944,0.17885944267767961,252.73759950869547,0,normal
8.2,startup,55.863791326421364,381.99028588741453,0.1616446353908234,263.8328623919427,0,normal
8.3,startup,55.99527629283671,383.6016653581556,0.1627554811948343,258.06894556421986,0,normal
8.4,startup,56.093043567241516,382.0739396457013,0.16863564762056604,271.9387642538799,0,normal
8.5,startup,58.007496883811996,385.8238246588154,0.18302765582836134,272.94174583612414,0,normal
8.6,startup,57.66151697001452,387.4985720824835,0.15169974594122657,273.05163076153315,0,normal
8.7,startup,58.53388969670439,388.76826801757943,0.16473613439399398,275.2669315222312,0,normal
8.8,startup,57.331119073131866,381.75719472656255,0.17699653445170627,280.1017272684052,0,normal
8.9,startup,57.102752120754715,389.54467576841046,0.15883205803564274,273.9422847114807,0,normal
9.0,startup,58.1903977770019,389.04433953924985,0.17734790463158334,274.8600099017693,0,normal
9.1,startup,57.257508508022866,394.6766883967477,0.1685612473067652,281.8018326542655,0,normal
9.2,startup,57.08694306020031,389.6596291893127,0.17130685457504588,284.35767392994853,0,normal
9.3,startup,57.25341973340026,391.783805626264,0.17672060483132834,283.6386018212988,0,normal
9.4,startup,58.632540779393786,394.8835362352603,0.17011925156048008,278.4907092785095,0,normal
9.5,startup,60.12084000413179,396.2742800155439,0.17749626184650175,278.0106946121517,0,normal
9.6,startup,58.67455757982417,398.03124705321073,0.17308047890580053,289.34447005001255,0,normal
9.7,startup,58.816268091954,395.1474243428489,0.17753942083041233,301.406711879675,0,normal
9.8,startup,60.673907822225196,399.8962878620229,0.17910377299312957,295.0431801411976,0,normal
9.9,startup,59.31822524670089,399.66584660176505,0.18153940605239635,299.5346182790205,0,normal
10.0,ramp,61.595717014285135,397.5981102358075,0.1533067715516793,301.2660764415126,0,normal
10.1,ramp,58.32123082853499,403.80098337520275,0.1680142197160811,295.3110376610014,0,normal
10.2,ramp,62.52538060550524,404.6110581016113,0.17019660867381273,293.89055291648157,0,normal
10.3,ramp,62.40343258707785,403.53019377329395,0.16765282048533686,304.2321668723355,0,normal
10.4,ramp,59.92768029442457,403.96130822522065,0.16121373845906437,308.7844206686199,0,normal
10.5,ramp,61.480423236198234,407.6184976701524,0.16706616765472723,297.28383974307746,0,normal
10.6,ramp,62.18762055346188,411.38303608693315,0.17163432214458227,309.51615502131494,0,normal
10.7,ramp,63.069494495040864,414.1540874070649,0.17441219225387838,305.2956964129554,0,normal
10.8,ramp,62.008866130358214,414.56662071777873,0.18661028230482282,302.2567813618891,0,normal
10.9,ramp,64.47261056386553,414.7905474951498,0.1671371382124055,294.30687375611956,0,normal
11.0,ramp,63.263110258074846,417.6537684255149,0.1710084062310478,300.41154134494064,0,normal
11.1,ramp,62.38698935349289,419.3790504835003,0.17300369118172845,304.1142911586999,0,normal
11.2,ramp,64.26838022965562,425.74893470451,0.17385933197971526,317.52786750116064,0,normal
11.3,ramp,63.32583282585254,424.57250629631653,0.17378343135731822,308.9255570568644,0,normal
11.4,ramp,64.89522102128566,421.6756936097178,0.19842358181419023,309.1870882206055,0,normal
11.5,ramp,63.823539425237335,424.65288331819306,0.1652035120222437,311.7208289270561,0,normal
11.6,ramp,65.44761719775062,425.48926229928253,0.19540389715099699,322.9081335649933,0,normal
11.7,ramp,64.91450572563932,425.22348208879373,0.17958626046755394,330.2342860329663,0,normal
11.8,ramp,65.5111389243868,433.9575069138079,0.1659929696451251,318.3175838772007,0,normal
11.9,ramp,64.69298039747471,433.50376013710996,0.16264320340954813,327.0804347692773,0,normal
12.0,ramp,65.54589224792879,429.8357245850459,0.17031003049046195,324.18328508670334,0,normal
12.1,ramp,66.1927808142395,433.94987797894686,0.18364498444180113,321.71420666830926,0,normal
12.2,ramp,67.34493725619782,436.9555268002469,0.1703525669023277,323.7858219592518,0,normal
12.3,ramp,65.71250903174095,441.3658275598371,0.18963462711836082,314.20106487099275,0,normal
12.4,ramp,67.60476866251251,438.2928502477922,0.18097779232568378,330.7508147417355,0,normal
12.5,ramp,68.68670468215736,445.8838071696095,0.17094499464931479,320.6027193283825,0,normal
12.6,ramp,68.78638900459627,449.8891795499446,0.15293057685321362,334.6234022972289,0,normal
12.7,ramp,68.2196194298141,451.3563423037522,0.1748865097739128,322.1333310902123,0,normal
12.8,ramp,67.59242790439258,447.48981798069997,0.16588676630605975,335.608091509503,0,normal
12.9,ramp,71.29061802144116,450.5647487047837,0.18303274353019605,321.4988187171043,0,normal
13.0,ramp,68.84878912990618,457.42321582524187,0.16601202545876026,323.3167281855335,0,normal
13.1,ramp,70.38115791241043,459.90801871869667,0.17963040478293993,331.38779822298443,0,normal
13.2,ramp,69.71666082359617,459.427018955256,0.1650931416349665,328.05773152052546,0,normal
13.3,ramp,69.17501180626535,461.2942856808723,0.15090574477519716,333.8431317963257,0,normal
13.4,ramp,69.3095917273662,457.3768320069378,0.18258797503193722,323.88833905255586,0,normal
13.5,ramp,70.22752798713715,462.64957476553707,0.17358966496523306,330.0634189223513,0,normal
13.6,ramp,70.95151175336797,462.82535056721656,0.18016437021351822,336.15369610292794,0,normal
13.7,ramp,70.10819376881014,464.1625284719874,0.17634435764256523,332.2550087284318,0,normal
13.8,ramp,74.0446418251319,462.56035406232155,0.18932032980455873,335.09447390712796,0,normal
13.9,ramp,71.84562311372406,465.1814747217524,0.1761768600892604,343.8624479322633,0,normal
14.0,ramp,70.50250212125773,472.4772683019914,0.16587459980332608,345.2786423247833,0,normal
14.1,ramp,71.58109723775311,472.065840685761,0.1739060836811939,347.51009489863543,0,normal
14.2,ramp,75.28080678512984,473.5477955973789,0.16770800812095848,343.05943822900286,0,normal
14.3,ramp,73.76626891414637,478.2927081023367,0.17490503714332495,339.02414776031657,0,normal
14.4,ramp,72.82651086801256,477.980555638118,0.18385345301491843,347.63519830318785,0,normal
14.5,ramp,72.99230905769208,476.30126204275246,0.16293672381633503,347.11143476701295,0,normal
14.6,ramp,73.43009534879383,477.78504234280103,0.16615004207053385,340.34379473217933,0,normal
14.7,ramp,74.223099026204,481.1350565710824,0.17612224864249348,348.85868977860457,0,normal
14.8,ramp,73.90231849366837,486.3441742744233,0.16312574711326566,346.1116518470507,0,normal
14.9,ramp,74.52301140664629,487.0554938337949,0.17941301329050838,342.7501507021768,0,normal
15.0,ramp,75.48286810192016,488.08821034881066,0.17040464046909695,346.14214370613706,0,normal
15.1,ramp,76.4198410470787,488.90624810518625,0.18651465924172803,344.82616931087506,0,normal
15.2,ramp,75.96895544686662,491.9043917141508,0.18651666521045118,350.77541805187036,0,normal
15.3,ramp,74.08338901509077,493.9901420977821,0.1833917861672452,358.17584101806216,0,normal
15.4,ramp,75.37972278759705,495.6656689923307,0.18124617147116526,347.0623446866609,0,normal
15.5,ramp,74.92036486790101,496.2640467702035,0.1901626032803786,355.69511675368653,0,normal
15.6,ramp,75.24919161997725,505.96854469029336,0.18032219939208244,363.2280606341677,0,normal
15.7,ramp,76.4136692747094,499.2954411525054,0.1860171707072559,351.37716321834665,0,normal
15.8,ramp,77.61971567569819,506.3777999400735,0.16697290539845244,354.3373756527507,0,normal
15.9,ramp,77.32278774231695,505.0106364324991,0.17780291318054264,355.0738141854337,0,normal
16.0,ramp,77.57038438821355,505.2365587877263,0.1717242101049729,349.1839601688835,0,normal
16.1,ramp,78.9718103842548,504.92352758994986,0.17262573489982816,362.10999407687376,0,normal
16.2,ramp,78.5974546546259,511.753800382409,0.1951849189394403,357.3694792742493,0,normal
16.3,ramp,78.16520576624102,511.14420119557604,0.17209181478023974,354.897344377266,0,normal
16.4,ramp,78.14278366786152,512.2845095193637,0.1805515785746869,357.3871116515951,0,normal
16.5,ramp,79.53464467477791,511.2389912044901,0.17410198505118893,361.0021653307447,0,normal
16.6,ramp,81.21945243599835,519.007159340862,0.19879661327868586,367.01313658951,0,normal
16.7,ramp,79.82672983289525,519.2438402450889,0.17396065478631154,367.09812198906246,0,normal
16.8,ramp,81.82785451686424,519.7746263238658,0.1665071744253375,371.95932462432125,0,normal
16.9,ramp,79.1632722980588,518.7535233104297,0.17099490337049708,365.8299642642193,0,normal
17.0,ramp,80.45160955883823,526.5931418160583,0.17001630597758446,374.9866222624238,0,normal
17.1,ramp,80.82443613750135,522.9286056259368,0.186555263001365,373.7673506183606,0,normal
17.2,ramp,80.30492935144984,522.768155220392,0.18318032946461357,365.90270899448876,0,normal
17.3,ramp,81.90434213339326,529.3085240446119,0.16995661471187312,369.2023745004075,0,normal
17.4,ramp,82.0195263917823,529.228990841987,0.15309687259249274,379.1411245803307,0,normal
17.5,ramp,83.06017764285714,528.4910131366855,0.1985176441281404,364.9869043281776,0,normal
17.6,ramp,82.2431774258704,533.8187688122734,0.17402509222692286,377.214429251255,0,normal
17.7,ramp,83.37963264735797,533.1361937150534,0.17762984042205088,375.5673250506676,0,normal
17.8,ramp,81.14878501806156,536.3972576992829,0.1827423184369625,384.37736439717514,0,normal
17.9,ramp,83.56574015473603,537.7240682206178,0.18132561408116912,381.10847082194397,0,normal
18.0,ramp,83.8360418306851,540.9224450513927,0.17776084589575403,374.5466960801539,0,normal
18.1,ramp,83.92986653203893,540.6057448773059,0.17745598640357602,372.94147998919783,0,normal
18.2,ramp,85.44697792177583,544.1725117263851,0.16609507264925594,385.28671610410026,0,normal
18.3,ramp,84.64703624033409,545.7290337761709,0.19433375746172635,387.71688883580305,0,normal
18.4,ramp,83.314501421165,548.5114940221249,0.16401437128433294,383.77238496362617,0,normal
18.5,ramp,85.10554945909537,546.8763061598189,0.1726267265198951,389.4899748696016,0,normal
18.6,ramp,83.72559368785377,549.7809332555173,0.1969860684267895,382.2875275322721,0,normal
18.7,ramp,88.25273924955317,551.8724171112376,0.16760343029888403,392.68997494070146,0,normal
18.8,ramp,86.31497494933059,553.3421760431652,0.18042843338803863,388.26596427443513,0,normal
18.9,ramp,86.9752891915883,558.4578540557031,0.19327297468458263,397.9263423381117,0,normal
19.0,ramp,88.88619057131821,560.3355108855505,0.18502914596282272,384.4526944860553,0,normal
19.1,ramp,86.65202922454132,560.5494934515378,0.16343247034806518,391.1508348927708,0,normal
19.2,ramp,88.11482461218831,558.7368541094679,0.18409301671332068,398.29058121428557,0,normal
19.3,ramp,86.55327291426926,562.306673380422,0.18735119026277078,393.6135948947225,0,normal
19.4,ramp,89.36925010213794,565.6136034775958,0.1726271301461474,394.41297990931855,0,normal
19.5,ramp,89.87809286698392,566.2653678755468,0.16781608502935957,394.4327154569801,0,normal
19.6,ramp,90.0432119702499,573.0370247478857,0.19098417677121957,388.39621688996067,0,normal
19.7,ramp,90.50589750299866,571.9971012116987,0.1803122736701303,387.99495976390307,0,normal
19.8,ramp,89.62472757405801,570.368049531854,0.19285001913348318,395.76074608318277,0,normal
19.9,ramp,89.24696495291052,575.1447355134461,0.17940802018158475,398.6300823750157,0,normal
20.0,ramp,90.08364792022067,578.3497581655265,0.17359706991377022,396.38930408318987,0,normal
20.1,ramp,90.66570734618051,578.4000638199137,0.1990493510411659,405.2151758651234,0,normal
20.2,ramp,92.00428425224197,577.9120720322385,0.2073588953373064,401.76952474081617,0,normal
20.3,ramp,90.8604668327787,584.1845055987973,0.1980636642233003,398.8041461174596,0,normal
20.4,ramp,89.82191802798863,581.0071150572172,0.2007001600823705,400.1077610707824,0,normal
20.5,ramp,90.83025999424488,581.7850261923658,0.19736287898452318,398.6101836466983,0,normal
20.6,ramp,92.6942477325823,586.6200755498386,0.20222216028235895,400.55361799092043,0,normal
20.7,ramp,92.0513184507885,586.5071638003636,0.19478072236514027,414.55566248757555,0,normal
20.8,ramp,91.66026264973534,586.9723347855291,0.17478915927007463,413.59645115619094,0,normal
20.9,ramp,92.93404472714,593.4009675847057,0.20837535871703683,407.1978907214551,0,normal
21.0,ramp,90.90430873269302,596.3159904721014,0.19328182839967623,411.8750012731518,0,normal
21.1,ramp,90.16630925630756,592.9371964360172,0.1893634436557398,411.7788015727091,0,normal
21.2,ramp,92.85107797800231,594.7105402322326,0.1836571977965465,413.32569892769754,0,normal
21.3,ramp,91.62388272348154,601.2348593837911,0.18152708025111944,408.2129525601793,0,normal
21.4,ramp,92.98053498229841,601.1004674067617,0.20008488358975357,408.3067084828256,0,normal
21.5,ramp,95.4414968031521,601.4582037936452,0.19130356775390217,412.44910404311736,0,normal
21.6,ramp,95.66521254430575,601.9898891356406,0.19101517246628455,417.0862581356365,0,normal
21.7,ramp,96.0538464118298,602.8604564400622,0.19456993819416415,416.11790087901176,0,normal
21.8,ramp,93.61239740423213,607.1472659993444,0.1808554796657718,421.707610396924,0,normal
21.9,ramp,95.53618527677251,610.6995291861411,0.1995112353118277,426.718015688865,0,normal
22.0,ramp,96.89068290006374,614.6678467826973,0.19352203225901818,418.5868131902057,0,normal
22.1,ramp,96.28670943218371,609.5728812661924,0.17536795091044227,416.0755008830864,0,normal
22.2,ramp,93.71619866170714,613.8441179289294,0.19884350092848654,420.3764381940676,0,normal
22.3,ramp,97.68571239850073,618.1477648586628,0.18213386872191817,424.12367972821306,0,normal
22.4,ramp,97.30450986366014,617.5110302276153,0.1888428013707335,431.1633432997182,0,normal
22.5,ramp,97.48329026190714,616.7570764698252,0.19491327420077886,412.77274655274584,0,normal
22.6,ramp,96.84512820716981,618.7033836218969,0.1812570150006626,419.7726950391339,0,normal
22.7,ramp,98.57835694570254,624.3359660197262,0.18473740074996728,419.1569049234236,0,normal
22.8,ramp,97.44739370493667,626.9313482612748,0.1859132013916843,431.02862839156984,0,normal
22.9,ramp,96.97992959619897,626.1500938244502,0.18488866055922712,422.20580005322915,0,normal
23.0,ramp,100.9464175040384,629.9536682134319,0.18928669047342378,428.4644696660351,0,normal
23.1,ramp,101.563233563567,627.3324828935095,0.19945866747298016,434.9131634510552,0,normal
23.2,ramp,99.78381450225845,631.6131466646376,0.1758641749179571,427.5068988513654,0,normal
23.3,ramp,101.00138556276768,629.5781427147385,0.1857015999344664,434.70368249929743,0,normal
23.4,ramp,100.61390450299703,639.0632959537348,0.17851835983151762,433.5344273148478,0,normal
23.5,ramp,100.17877416059599,637.2145994076155,0.20209508178640911,437.7981906644881,0,normal
23.6,ramp,101.41064406608787,636.9782047758094,0.1842909829362289,439.8621989883939,0,normal
23.7,ramp,100.88345069475153,644.559394683126,0.21463314220432392,437.30236772128916,0,normal
23.8,ramp,100.29431860070613,640.3268974899974,0.21762154734963324,434.7989433267489,0,normal
23.9,ramp,101.49900805589505,645.7821492640956,0.1960630236922144,438.7707484405141,0,normal
24.0,ramp,103.31134603759945,644.0791441656479,0.18273430959148776,438.8562880470521,0,normal
24.1,ramp,101.68510958680324,642.9843323945466,0.1989416081795289,440.988145860424,0,normal
24.2,ramp,100.66920610342726,643.8309905818105,0.17910756417235815,439.2352723694594,0,normal
24.3,ramp,102.74743587987145,651.1769388677709,0.18322090490246432,443.0973089035417,0,normal
24.4,ramp,103.82416288352746,652.5670705339007,0.18138433279023844,448.0679633142286,0,normal
24.5,ramp,104.32532085374625,656.2598938757981,0.18649279974476862,444.2507667887952,0,normal
24.6,ramp,104.11936237032049,654.8365221157884,0.1993469072140369,434.6575452309095,0,normal
24.7,ramp,104.75576691004485,656.3788538523436,0.20118154810598746,449.00338953661384,0,normal
24.8,ramp,102.59199129247669,659.7413645502206,0.19137908792130867,441.69584976127635,0,normal
24.9,ramp,107.24992131515134,659.9728297246817,0.2054013973735032,443.15266558118725,0,normal
25.0,ramp,104.07033168195053,660.9983562523299,0.18966256778517593,447.4556802570348,0,normal
25.1,ramp,105.41867772664872,667.6209310308078,0.19282332117050785,458.21669226812224,0,normal
25.2,ramp,106.754516860897,668.7390947971884,0.18883015237009093,452.05551085604503,0,normal
25.3,ramp,105.9953639314848,660.5266916231745,0.19630284929872827,451.6380754383477,0,normal
25.4,ramp,104.61354070622917,672.5382819273362,0.19042634793244714,457.8888716064067,0,normal
25.5,ramp,104.63704598122986,670.5002695040258,0.20077491814603143,454.18231593394665,0,normal
25.6,ramp,106.09334804018259,672.812118975629,0.18559168494771677,457.5657641158374,0,normal
25.7,ramp,105.45839273423312,673.6002484239922,0.19008770524423196,452.8656823163931,0,normal
25.8,ramp,107.88818437363341,677.5836963380913,0.18546555805077794,463.68448286114113,0,normal
25.9,ramp,107.3705225529744,676.176950800386,0.21504064840783266,456.55514780152566,0,normal
26.0,ramp,108.3785402846181,684.1427863559715,0.19208695685004676,455.2205676132543,0,normal
26.1,ramp,109.24282357048021,679.5436433724846,0.2073679680975163,455.3665960572382,0,normal
26.2,ramp,109.63022504108098,683.3124596751016,0.19606228146394974,465.94631311919903,0,normal
26.3,ramp,109.54397443920382,681.5028330239865,0.17863766040889018,459.68861865258094,0,normal
26.4,ramp,108.71553766622795,686.6924602035374,0.1778654023767419,458.50940454004075,0,normal
26.5,ramp,110.5035806675678,686.2261271526539,0.1918564405394899,466.5016098249777,0,normal
26.6,ramp,110.26084354973375,692.3558986599586,0.20745846398659354,465.640424003573,0,normal
26.7,ramp,108.97473941932859,694.9515284954484,0.19103894590816525,462.04862401282514,0,normal
26.8,ramp,110.95852493580387,694.682018454558,0.19051917096073442,468.72053678210864,0,normal
26.9,ramp,111.16258162025812,699.3180488059123,0.19524311975371983,458.00186249332074,0,normal
27.0,ramp,112.03332108411169,695.2920460174131,0.1957869779134991,471.19215606694735,0,normal
27.1,ramp,110.80534249177074,701.3225385708325,0.20979996124386238,470.4449229341001,0,normal
27.2,ramp,111.19095661330168,697.2523139899381,0.18744779844788156,468.3738691592906,0,normal
27.3,ramp,112.55105755259704,702.8301139492614,0.20448897774320052,469.7680861162364,0,normal
27.4,ramp,112.95289473801786,705.8645076653336,0.20308753909778668,464.6010819094241,0,normal
27.5,ramp,112.56317140055653,703.8448277489936,0.1874999231246695,474.96315074142893,0,normal
27.6,ramp,111.12218190099107,709.9416812151579,0.21010223612257303,480.0219144481958,0,normal
27.7,ramp,111.61477863542667,707.1521154368585,0.20671613798956237,474.99024094091425,0,normal
27.8,ramp,112.36566781932652,709.8857884854177,0.20020192167221718,473.7188213170832,0,normal
27.9,ramp,113.29974670242211,711.0325970245964,0.1832587460373881,481.90514304394003,0,normal
28.0,ramp,113.2808150373968,719.8978801946813,0.18927977861664383,475.7991323529116,0,normal
28.1,ramp,114.91716762894866,721.3247908876841,0.2029320523953924,487.37821254170694,0,normal
28.2,ramp,115.86229985558926,718.6801126236161,0.19000155915983472,477.0292666981436,0,normal
28.3,ramp,116.39062048328886,716.2928942810009,0.18659539365192684,479.27449093225556,0,normal
28.4,ramp,115.33418836785543,722.0716658121053,0.19965983793198044,486.6737693201054,0,normal
28.5,ramp,116.3201017647964,723.1236744846726,0.20481069156141113,475.27970970964805,0,normal
28.6,ramp,116.47258318941768,729.1182055407144,0.20788840518579074,471.97607560708724,0,normal
28.7,ramp,115.11348157951687,727.9163758346903,0.19625055389875073,481.8015273520049,0,normal
28.8,ramp,115.9214191500622,727.430196275178,0.18634145689192244,493.9652295661339,0,normal
28.9,ramp,115.78693871334667,730.0998931869773,0.20540740568462987,487.94309322205817,0,normal
29.0,ramp,116.92826465697841,734.1967804980213,0.21238007618294383,485.7386731981877,0,normal
29.1,ramp,117.25589828729812,733.0924767294407,0.18171866695248542,483.3991226073092,0,normal
29.2,ramp,118.20889153016732,737.6498181538296,0.176580793751624,492.3258698559084,0,normal
29.3,ramp,116.17139282204818,739.5386591721041,0.19668374290102247,486.22587770534216,0,normal
29.4,ramp,116.49892442888317,737.0980420038252,0.20182958059422326,491.1148520137911,0,normal
29.5,ramp,117.39341434401037,746.1629686702113,0.21009393400334908,497.8449828987123,0,normal
29.6,ramp,118.58697254214101,742.8552709930403,0.2022125888528232,499.04223188973657,0,normal
29.7,ramp,119.2462573648978,745.3435223858489,0.19607301614270925,490.0239130413119,0,normal
29.8,ramp,119.39128182075645,750.9487178753549,0.205892972681653,497.1610025711927,0,normal
29.9,ramp,117.8887748320615,748.1596990304606,0.21212350403071795,494.498387172788,0,normal
30.0,steady,118.60133117610363,754.7803965953439,0.1956421920579182,500.3911115663587,0,normal
30.1,steady,119.32524016513304,750.686573669051,0.2031218075625353,503.39811488048116,0,normal
30.2,steady,117.7867004860867,753.8208031069652,0.2087631498367655,492.77909262012565,0,normal
30.3,steady,120.43868409127367,744.1250789484179,0.2045259735409994,495.3467605658913,0,normal
30.4,steady,118.11795706822075,753.0217900792038,0.19984515229014735,497.7175907470431,0,normal
30.5,steady,118.54899080189433,748.4976404099896,0.2036516543741268,503.0210094549461,0,normal
30.6,steady,120.44983549378965,751.038972198853,0.19265872148311283,496.2526325838367,0,normal
30.7,steady,119.76859256842923,749.0162997413585,0.19910896682326307,497.74960732950956,0,normal
30.8,steady,120.00156809879782,752.3083748938518,0.1944993365088198,485.1833655789076,0,normal
30.9,steady,119.21068366666394,748.1491283521866,0.1775228853231345,496.11053853469565,0,normal
31.0,steady,119.48102538513636,751.3919198006823,0.2073389183931288,493.9543478655216,0,normal
31.1,steady,120.94744814464494,751.330823069935,0.1941834867425718,499.5100706694233,0,normal
31.2,steady,120.89803020933185,748.6152356379943,0.1870288136678504,504.3382734070483,0,normal
31.3,steady,119.7122344042546,748.9457941157565,0.20728120057227303,509.5683963179727,0,normal
31.4,steady,120.14803183224552,747.6366321764646,0.20831359629452095,490.9116915086382,0,normal
31.5,steady,118.81468484963334,747.7046049974915,0.19871007468485308,496.8119115810277,0,normal
31.6,steady,119.93631243328527,749.2631988346711,0.19714458331141196,503.28861477689975,0,normal
31.7,steady,120.33892379869543,751.5016782727134,0.20279729634477736,499.6148722992795,0,normal
31.8,steady,121.71462379336056,750.4644058581631,0.1884746059208629,496.16627312901096,0,normal
31.9,steady,118.99346606522144,754.0916608004558,0.1843437996746959,493.94911648715834,0,normal
32.0,steady,118.21342985433331,749.7401438778106,0.2115017940225217,490.580371166089,0,normal
32.1,steady,119.1563155821097,752.7940358135287,0.20139455302885492,500.9673585311842,0,normal
32.2,steady,119.53538631875384,748.043789632474,0.1882021904097637,501.73818345273327,0,normal
32.3,steady,119.16262210136014,748.369199952096,0.1949258298119865,499.94508257458864,0,normal
32.4,steady,120.40810671994335,752.2205988478354,0.19797086204950287,496.63845130918395,0,normal
32.5,steady,120.4355282176025,754.9871377138692,0.21246909101776848,490.3327412056588,0,normal
32.6,steady,120.69960782515624,754.8653559938024,0.21090421552573912,496.67225181344963,0,normal
32.7,steady,118.65607746234964,746.2934176566893,0.2056507989756841,494.99550476524564,0,normal
32.8,steady,119.57516945169294,752.804269504131,0.2052372035328651,497.400702045189,0,normal
32.9,steady,119.27479124301733,753.0542073700154,0.19889809681760984,500.5121195864533,0,normal
33.0,steady,119.97328039122287,753.6700007078394,0.20675276101483356,482.77500323083154,0,normal
33.1,steady,120.42669448392829,750.8072412159404,0.19951981091310575,494.5292250662116,0,normal
33.2,steady,120.28705604212657,748.3828216293372,0.20153063283063058,499.61353373014106,0,normal
33.3,steady,120.40757927323341,753.7422476018819,0.20588782000888156,496.4957222617782,0,normal
33.4,steady,120.01892938941761,748.766887807958,0.20428127547580247,498.60576907718735,0,normal
33.5,steady,119.39087828099174,750.5167313227327,0.19774698307717842,502.3457435315241,0,normal
33.6,steady,119.31822236568792,751.8489780971565,0.20606249998286114,496.68652839172313,0,normal
33.7,steady,120.06703933356073,753.5416863707193,0.19651072935836067,502.8468525402379,0,normal
33.8,steady,120.09437508147154,750.9916412351678,0.201361531053759,499.6277771602292,0,normal
33.9,steady,119.46050391271733,748.937993473621,0.19107406633711013,496.82436498038646,0,normal
34.0,steady,119.30807536072221,751.2236073934075,0.17344064099925657,496.30101390972527,0,normal
34.1,steady,118.46673997846072,749.1201136509854,0.21412762977130517,503.36192575795417,0,normal
34.2,steady,121.05307416191457,751.1158848061802,0.21883726228577796,488.7646163930664,0,normal
34.3,steady,120.55977288256145,746.3722586107153,0.1929629740175162,495.1082746063211,0,normal
34.4,steady,118.3214558339061,745.7931324651965,0.20345916976052153,507.53756975428104,0,normal
34.5,steady,120.2565169854353,751.4684628390737,0.19275300784875743,504.49122830747467,0,normal
34.6,steady,119.47698602522158,754.711549902299,0.20154189393862773,498.2928831990878,0,normal
34.7,steady,119.64114250363018,752.8775107137225,0.20742008718691168,501.98561224180844,0,normal
34.8,steady,120.38854306974642,746.3749854244693,0.2052011893142755,490.68749354619763,0,normal
34.9,steady,121.77228600609179,750.7790623536783,0.23207713938129412,490.47343122119,0,normal
35.0,steady,119.06769092777398,753.5282342810192,0.19298112048100519,497.7039589032777,0,normal
35.1,steady,120.62918780397874,744.103459497456,0.18412944144883342,493.63909014707707,0,normal
35.2,steady,120.27330856630661,749.370743342487,0.21143085315445337,496.59840746650985,0,normal
35.3,steady,119.24258952077564,754.6540339323369,0.19467475012938956,497.2274340360395,0,normal
35.4,steady,120.37046952627497,749.3877196097031,0.21020183552999153,500.9560405786151,0,normal
35.5,steady,118.84414086962796,754.1807370397652,0.1817346799182212,504.3997476613779,0,normal
35.6,steady,119.18460493451737,745.8798574676804,0.19557021855929008,496.37806562278973,0,normal
35.7,steady,121.14695866140376,752.6273936904419,0.16554085945923103,504.5660191146544,0,normal
35.8,steady,120.60700285280284,752.1462481020272,0.21559469928646835,492.80528226223,0,normal
35.9,steady,118.66195569738082,752.3253707096442,0.2031723344785008,504.9463913100705,0,normal
36.0,steady,121.69047066513978,755.0031763084879,0.2094404020045232,494.77521207241,0,normal
36.1,steady,119.32484624978802,752.0427412844468,0.18935617714320802,498.6609216047175,0,normal
36.2,steady,119.4717219125836,750.3301463451875,0.19648170585666094,491.32886995451923,0,normal
36.3,steady,117.57241871462975,753.6975444024848,0.19863753889867966,499.65705881123864,0,normal
36.4,steady,121.04056038401629,750.4761450724939,0.2140426619253369,501.69945723117473,0,normal
36.5,steady,119.40540903007398,755.2876679659327,0.18265429951584458,510.5366372720491,0,normal
36.6,steady,119.82126711034185,753.5017256757371,0.20149989535380586,490.94472950901377,0,normal
36.7,steady,120.04843127928699,745.4691536591977,0.20126759641788572,487.85383933750774,0,normal
36.8,steady,118.62312350985474,747.5829630406096,0.19918113483955782,494.6754292511905,0,normal
36.9,steady,121.68101033924914,747.9582459567697,0.190135063342879,498.23375098112655,0,normal
37.0,steady,119.83463509899256,747.5693318074784,0.182761860090901,491.8958002323877,0,normal
37.1,steady,119.89675341507575,752.3050827505534,0.19745867268866735,496.7291204245737,0,normal
37.2,steady,120.63440296949882,748.9788477945477,0.18235332571707033,495.93642115241676,0,normal
37.3,steady,119.3013368525373,749.1932887601297,0.18499328794335435,497.1263821650547,0,normal
37.4,steady,122.00449555807886,754.0474113751508,0.17041538101420065,497.30373096607815,0,normal
37.5,steady,119.65930092630366,753.9266427088126,0.20647778557802385,503.24162464365827,0,normal
37.6,steady,119.64541783985815,745.5901082758766,0.1806300407189608,496.68966119065635,0,normal
37.7,steady,119.38698628937344,745.4170829231725,0.20002702359105745,490.59343052412186,0,normal
37.8,steady,120.45625703796252,748.6128288323844,0.18944403643405608,499.4889415181657,0,normal
37.9,steady,119.1231335335406,746.2465259503119,0.2021571142879571,494.42862050591106,0,normal
38.0,steady,120.81468185755988,749.4821479871265,0.20520403606768528,497.9520692509815,0,normal
38.1,steady,119.02727881300622,747.5707172997443,0.20005559134310946,501.41625632259024,0,normal
38.2,steady,120.30500943738265,751.564260666153,0.1965002124045638,508.8391754281187,0,normal
38.3,steady,120.17197501568577,749.2301814605167,0.194194038181089,499.9134309875973,0,normal
38.4,steady,120.72021620162413,751.8661913594369,0.18187784732662507,495.5610519917685,0,normal
38.5,steady,120.00804580069898,746.9746944107312,0.18069385261275167,492.1438804540799,0,normal
38.6,steady,121.20385104083296,751.5681221793939,0.21032081954543222,503.37969410888815,0,normal
38.7,steady,118.79014552381217,749.9471509195146,0.20557468643192198,505.4234969699961,0,normal
38.8,steady,120.55223045987077,749.288623976265,0.19582107242523805,496.15872016944223,0,normal
38.9,steady,119.60675751205689,753.784404026422,0.2030994194618124,503.23519859708557,0,normal
39.0,steady,120.09337260697173,749.1198534941304,0.21884738829958691,501.48526288664567,0,normal
39.1,steady,120.84995523249421,745.3229880518747,0.18979059361891215,500.8025102743776,0,normal
39.2,steady,120.61903521529835,748.0751923889378,0.21852147326318086,494.21826530092864,0,normal
39.3,steady,121.42346521741796,748.443004726189,0.20224937098509688,506.910578618135,0,normal
39.4,steady,120.31909346702025,747.7673047208395,0.20821107005707812,498.0038147778477,0,normal
39.5,steady,119.66735137655246,749.1905004940661,0.20838972842310072,510.6134314200824,0,normal
39.6,steady,118.83883401690962,751.1987545571898,0.21273249505261416,500.27417528994476,0,normal
39.7,steady,120.92655056401988,753.0218462616914,0.20876207387792511,501.58733334716305,0,normal
39.8,steady,120.64382060346328,748.7627000052935,0.20095096634196474,493.53098630480633,0,normal
39.9,steady,119.66544278356274,751.8511078434267,0.21116664864712537,505.18254810877414,0,normal
40.0,steady,120.63566628071476,750.8224136527871,0.19776102884580893,499.3240959246395,0,normal
40.1,steady,119.8442811929547,750.1313533146575,0.1970082094246798,508.55110507261804,0,normal
40.2,steady,119.40394247005842,748.8871979013708,0.20288733174369444,497.59668351489813,0,normal
40.3,steady,119.74813842765074,744.3938332511909,0.21500093868416686,500.2936244535705,0,normal
40.4,steady,119.65927289903107,749.6426991454789,0.21400668878625836,492.746817699009,0,normal
40.5,steady,118.62086477985311,750.0135544000971,0.1924540445111517,499.515270901356,0,normal
40.6,steady,118.52336093748035,755.0541288097735,0.20753910507792983,497.48096474699116,0,normal
40.7,steady,121.74989500088294,749.6312837887882,0.19321714747260013,501.66721763047775,0,normal
40.8,steady,119.93825264065713,749.4746646184548,0.1940460925725764,498.13480970386433,0,normal
40.9,steady,120.17743341830882,753.7030386132218,0.19517151872002889,492.5125047756435,0,normal
41.0,steady,119.79456256714221,750.6362967654125,0.19442128798416253,504.8687350755779,0,normal
41.1,steady,119.5617856428751,751.1661391084615,0.2059078868509768,501.57667691633117,0,normal
41.2,steady,119.88900291064618,749.8473054978919,0.19967670310790575,501.12097865103965,0,normal
41.3,steady,119.71901558124586,749.4288522911048,0.20407892996264398,503.27903245569,0,normal
41.4,steady,119.35344988684852,751.2143392958548,0.2005872099017456,499.51235157283645,0,normal
41.5,steady,120.29518935426668,748.0431980148776,0.19110275196305535,497.49383983093793,0,normal
41.6,steady,120.01419657120373,752.4887337720588,0.20373058526599702,499.54830574859005,0,normal
41.7,steady,120.97753621389256,749.6334093381465,0.20790578868367746,501.32826159056054,0,normal
41.8,steady,120.93099603808213,750.5973529835258,0.2034380363586672,500.4160409200765,0,normal
41.9,steady,121.59495324707672,750.8627647409184,0.18117551396806275,501.8154439820317,0,normal
42.0,steady,118.61849685367865,751.0169359571877,0.20012396369537397,507.68985988254565,0,normal
42.1,steady,120.8721280567933,753.3231648623442,0.20089630574559675,503.4184310302226,0,normal
42.2,steady,119.45344034779464,751.708710127778,0.20064735351073656,502.24887457870676,0,normal
42.3,steady,119.02327069623949,748.8339602303431,0.19714794270592412,500.6568665150493,0,normal
42.4,steady,118.96128549488645,749.4199642744882,0.20082854695436977,501.10893085319583,0,normal
42.5,steady,117.66405305935996,748.7225507019548,0.19941507110027737,493.85687213571873,0,normal
42.6,steady,119.72119153045244,752.4441242169246,0.19100339787075657,495.68320188893534,0,normal
42.7,steady,118.15283232152986,748.5387064343327,0.19837335980301016,501.13018016082464,0,normal
42.8,steady,119.37472867542276,751.8273353258568,0.18668612453167896,498.31519549213016,0,normal
42.9,steady,119.93686038635637,747.2537701205116,0.20051204111810086,493.9488410783622,0,normal
43.0,steady,119.43497536204468,748.990608108375,0.19994244008802955,499.98045986772456,0,normal
43.1,steady,119.88612620276048,754.1213362028122,0.1843508868894509,504.29024137077295,0,normal
43.2,steady,120.52004262970688,751.7979700999349,0.20916074473325041,493.6773823020471,0,normal
43.3,steady,120.81109211613017,751.2649081026365,0.1886825974373231,494.95099821345343,0,normal
43.4,steady,119.2441196708666,750.327622500784,0.19953486731421433,498.16324202935033,0,normal
43.5,steady,119.38606000701235,748.5257951360041,0.21179629106560574,498.1153397786812,0,normal
43.6,steady,119.79115753904735,752.6228155565344,0.19663196891134282,497.72710036057504,0,normal
43.7,steady,118.08215385630106,749.0900511006739,0.2088261918026199,495.71701768799795,0,normal
43.8,steady,122.14519971898245,750.5955710840807,0.20001208076277371,495.59432805549955,0,normal
43.9,steady,120.09327658506791,751.5635203616059,0.2129614665253375,499.7192236247105,0,normal
44.0,steady,117.78940381026071,747.0341348895496,0.1919298007954071,511.2602032959565,0,normal
44.1,steady,119.91878570681183,747.7944724710592,0.1893318624047714,498.8783802451689,0,normal
44.2,steady,119.2493557757805,750.2886569546677,0.2100899386596009,495.46350578638044,0,normal
44.3,steady,120.51657906823546,747.4368158468686,0.19286330042674338,501.5501166633092,0,normal
44.4,steady,118.8473917962526,750.8802983302338,0.19057796122965645,497.89305132339166,0,normal
44.5,steady,119.5177269912272,755.2921827635683,0.18528921256101383,499.5878137870695,0,normal
44.6,steady,119.4947493791648,747.0354065340657,0.1790323402221677,494.58568521289675,0,normal
44.7,steady,119.45171855759033,752.1102004198747,0.2058731000912536,494.1456202452406,0,normal
44.8,steady,120.90716779212902,751.3093355199159,0.2083818089252253,496.98556881391823,0,normal
44.9,steady,118.9154223158774,748.4796951764819,0.20273549193801954,497.1826830812641,0,normal
45.0,steady,119.1497196677114,754.3853764868469,0.18550534408396166,496.3955066293512,0,normal
45.1,steady,117.84120163228094,750.5432985590935,0.19366299309497867,498.9674881098888,0,normal
45.2,steady,119.57133330915697,753.699457318726,0.209657499589894,505.8540680549416,0,normal
45.3,steady,119.13997356404815,747.9468175846962,0.21405226817386538,498.09695335514476,0,normal
45.4,steady,120.34525910817626,746.404157523093,0.1920675244237805,497.75339934387307,0,normal
45.5,steady,119.4168012201323,751.31955987383,0.19353856159392804,497.11219702040074,0,normal
45.6,steady,119.49418062708007,748.7861696201169,0.2063467373528699,500.633412543675,0,normal
45.7,steady,118.27503412438432,750.8052913665456,0.20166193497436471,487.5972167520216,0,normal
45.8,steady,119.52322796649162,748.8974592426505,0.1953539026465172,502.5562093714724,0,normal
45.9,steady,118.69485448516103,752.7016779280956,0.18204963751950146,498.0737699400064,0,normal
46.0,steady,119.59269518035981,752.7107851750959,0.19536565103265016,491.40145624428163,0,normal
46.1,steady,120.62637834316729,749.3555432987177,0.2098895316774836,497.76685003759707,0,normal
46.2,steady,118.46036838885352,750.9126955822167,0.2090203333964439,500.0821024684414,0,normal
46.3,steady,118.35653085660304,747.6393562797974,0.19782791927438434,501.3511125915646,0,normal
46.4,steady,120.75465448150963,749.193187904609,0.1970824556439938,496.15095864595435,0,normal
46.5,steady,118.8952296298408,748.5791189671011,0.20171425435265328,500.4879533834993,0,normal
46.6,steady,118.76780000436003,754.7923507607766,0.1876892576892584,502.5609561023041,0,normal
46.7,steady,118.66064860171977,752.473718379333,0.19994084477049195,500.55616612111976,0,normal
46.8,steady,118.61849066380695,750.4459337098053,0.18014632352276622,496.4921996963709,0,normal
46.9,steady,119.24573750345206,749.3600541241494,0.1960147290857721,492.8903021328886,0,normal
47.0,steady,119.364446320814,746.6753744010593,0.19685708504811938,486.49565802091655,0,normal
47.1,steady,119.64007962638527,745.9685363049803,0.19248391135617848,515.723160041496,0,normal
47.2,steady,119.19573352838601,753.0027873517054,0.1993637423521434,518.0570758538126,0,normal
47.3,steady,118.79625330084231,751.5965730965501,0.199732921272337,499.73460960505815,0,normal
47.4,steady,120.44497351356233,744.8984983073791,0.19540672022011404,494.3655778882554,0,normal
47.5,steady,120.60468630137159,749.4387214612739,0.20636118096468098,497.38487244584536,0,normal
47.6,steady,119.17879987222845,752.7292684940621,0.17600752945353532,498.24315906697325,0,normal
47.7,steady,119.2624588414235,749.6871054533314,0.1956657982775966,496.7122352877361,0,normal
47.8,steady,119.38838643721303,752.5196026105141,0.20440965668331504,504.80070313764213,0,normal
47.9,steady,120.1360582691429,749.6151875794898,0.19103596943773055,499.1203003803607,0,normal
48.0,steady,118.59382080089426,747.3499208566545,0.20260477796891432,504.5776063310861,0,normal
48.1,steady,118.9551670891109,752.8568381651038,0.20469295943744653,491.65955398397557,0,normal
48.2,steady,120.32821192525232,752.6286839900114,0.2091705996668427,494.44704697310823,0,normal
48.3,steady,120.03214530032491,749.8817521051035,0.20685128160602692,496.1610446209572,0,normal
48.4,steady,121.78171297730226,756.8407001137863,0.19184292157673716,501.51645251780235,0,normal
48.5,steady,119.72920295718119,750.3409020782065,0.2081703692428708,505.8787239248224,0,normal
48.6,steady,119.70596710468268,755.6326645369173,0.19045607931101002,492.64427677486765,0,normal
48.7,steady,119.46805332617541,749.2468172094661,0.19515106672275334,499.1715544491033,0,normal
48.8,steady,119.94306776434281,749.0216236818841,0.2028200459901133,504.0275986048508,0,normal
48.9,steady,120.70992594506379,754.6867425718701,0.21283962320121658,496.54143641478316,0,normal
49.0,steady,117.45234449200606,751.8422596120716,0.19943394390006186,494.92703784583443,0,normal
49.1,steady,119.93265737606308,748.7480851079983,0.22053046855796707,504.33282121324623,0,normal
49.2,steady,119.79910014145621,753.5350982167907,0.20249445025511975,494.8716713544676,0,normal
49.3,steady,119.51874796966493,753.5524529524022,0.20551849005664657,503.30746177172585,0,normal
49.4,steady,119.52781543073614,748.8952096070018,0.2085600435544424,511.1273806029252,0,normal
49.5,steady,120.00590457825541,753.4369683242282,0.18936401389896682,493.9393833546124,0,normal
49.6,steady,120.36790605015696,747.0114845859536,0.2086192734333871,498.9866853351713,0,normal
49.7,steady,119.50720511704678,754.5793607245427,0.2085534624805264,494.83248529511076,0,normal
49.8,steady,120.87135669395948,750.5329057993366,0.21640170642671722,497.6762775960544,0,normal
49.9,steady,119.23158231298443,753.965958253672,0.19268314327699523,503.15739262623924,0,normal
50.0,steady,120.8413477152106,754.1689865517076,0.21021387046301865,491.96929834561075,0,normal
50.1,steady,120.66157760324343,752.918150077196,0.21159457873798598,496.1282944798036,0,normal
50.2,steady,119.21621452103813,750.469429812886,0.19524315315443033,503.6487747083763,0,normal
50.3,steady,119.2801027374834,754.3295660224785,0.1966853888709727,496.10483356236927,0,normal
50.4,steady,119.46777827019427,747.303555062797,0.19846150255284098,503.3618767877039,0,normal
50.5,steady,121.00503544481096,753.0029194572904,0.1982237991604616,502.0270974375551,0,normal
50.6,steady,119.25734658474289,750.0593922879151,0.18390114980053987,492.159955055472,0,normal
50.7,steady,121.08335052604828,753.6629052792244,0.19526833949987257,491.82268765712945,0,normal
50.8,steady,121.23737734989763,751.3993088502327,0.19478627295529927,494.663238640252,0,normal
50.9,steady,116.46476208202547,751.0581693223171,0.2096975645805036,491.7183762463125,0,normal
51.0,steady,122.51023504562839,755.9168246994969,0.2038198857569946,499.5506594021304,0,normal
51.1,steady,119.07735157655087,748.992606642191,0.2071399168218197,490.95062603897884,0,normal
51.2,steady,120.46464401530548,754.703094110368,0.19160539835222998,504.4990855590126,0,normal
51.3,steady,120.557019914585,749.6758442697859,0.20199370822585916,486.77640512763537,0,normal
51.4,steady,120.10859737562176,753.952954672231,0.19252534341133976,488.13715548464387,0,normal
51.5,steady,119.26936994796023,748.6963929447143,0.18290292415188944,495.20605745337923,0,normal
51.6,steady,118.26298244346881,750.6444242265151,0.1822843997259908,506.1350712109843,0,normal
51.7,steady,119.78231594587001,751.2790965508244,0.2125805681000714,501.7336805647042,0,normal
51.8,steady,122.23167473294845,744.8408446807393,0.20878036969164473,498.8728069270577,0,normal
51.9,steady,119.78071915804371,751.3621567998775,0.19221607794469533,490.35634222326394,0,normal
52.0,steady,120.17263076503833,749.0331763054093,0.18175574994513286,494.1010639337379,0,normal
52.1,steady,118.96418765000563,750.8266561677625,0.1867556081451904,504.57485885361314,0,normal
52.2,steady,120.7668544795007,746.9716773833262,0.20524212946418963,491.79851314085744,0,normal
52.3,steady,119.4985132187884,749.4235777209576,0.20669305224297407,501.24468863612344,0,normal
52.4,steady,117.94024880735563,748.6658890834688,0.2196907509482468,489.2735892064124,0,normal
52.5,steady,116.57099731694495,749.9967313113361,0.19970064092732567,496.19197193601104,0,normal
52.6,steady,118.65879938692834,750.1008749668484,0.20158284638207505,499.6080614927215,0,normal
52.7,steady,121.21554503665074,753.0707303449918,0.20214410288526224,496.3312892267374,0,normal
52.8,steady,118.79249175787368,746.897582138149,0.2196834297395059,498.8234810881227,0,normal
52.9,steady,118.96299181597767,753.5943137762883,0.18279050518320972,489.97040065771125,0,normal
53.0,steady,118.47257603188594,753.3407762563082,0.21099315153331788,505.5803532913767,0,normal
53.1,steady,119.29060375492762,753.744697776135,0.19904620280891222,496.06057920960257,0,normal
53.2,steady,119.73094804363164,749.7264578513932,0.19823474526199228,494.31097343765805,0,normal
53.3,steady,119.0780661989447,750.2195340091492,0.19262884982856626,500.37189838188795,0,normal
53.4,steady,119.62452688102739,749.0546160666678,0.20549923153099497,492.0979928262059,0,normal
53.5,steady,120.70134099258037,749.6561638559392,0.21051988337978345,498.05543831943675,0,normal
53.6,steady,121.11098664763385,751.2491226102616,0.1776066639047559,497.86318236473954,0,normal
53.7,steady,118.95198969337342,753.2217464376411,0.18778602881030632,498.9535196426779,0,normal
53.8,steady,118.14157517769472,751.7074956746161,0.22140899107457374,505.36232944510704,0,normal
53.9,steady,120.9778462687877,750.1585069596033,0.19814906750145636,497.36366681790764,0,normal
54.0,steady,119.81151119545045,749.3102052481618,0.20032085590877205,504.4316047292197,0,normal
54.1,steady,117.81614760971071,753.7331163460467,0.20485529309526485,499.0800084217015,0,normal
54.2,steady,118.78008631008042,748.8795665323743,0.20675467816513754,504.43936899989956,0,normal
54.3,steady,119.53117368246447,751.4068638793351,0.21184395401155537,499.2565649013503,0,normal
54.4,steady,119.98136951926186,750.8161372606568,0.2049159237007967,493.4617449727501,0,normal
54.5,steady,120.75151961416404,752.9191169800624,0.18922380443473455,496.5244771379778,0,normal
54.6,steady,118.37973506324258,749.7147690708666,0.18675142778625833,492.976897746861,0,normal
54.7,steady,118.23431355460939,748.282031548272,0.2001869757886208,496.94870961201207,0,normal
54.8,steady,120.61004175646575,749.9848894617928,0.18833621415260507,494.9120607243057,0,normal
54.9,steady,120.6866400617906,746.2314943323015,0.21330086140761514,495.74502876945854,0,normal
55.0,steady,119.18671660167288,749.350561925708,0.210493354406552,496.77886790099393,0,normal
55.1,steady,120.7208026972952,751.5673898835392,0.21168295356527023,503.7898824108627,0,normal
55.2,steady,119.06846755559155,754.2143051255487,0.20148895526966099,491.19874299275637,0,normal
55.3,steady,119.95746394015879,753.3590678067648,0.19509441037325528,501.50179468993906,0,normal
55.4,steady,119.803233741429,752.232181386999,0.2074614496779588,497.82409181115946,0,normal
55.5,steady,119.25053279836804,750.7060279620371,0.2037834208522768,499.09288725407714,0,normal
55.6,steady,119.6436012170939,752.4493656264432,0.1822103062636888,502.7258236338541,0,normal
55.7,steady,121.16096260381521,748.746181065982,0.1927457780240459,501.9841189212549,0,normal
55.8,steady,117.7682705060724,750.6129298553606,0.2131949739697157,505.407321407237,0,normal
55.9,steady,119.03001349213262,751.7828215937599,0.17490554834153718,487.91739473689887,0,normal
56.0,steady,120.53228478239829,749.3090350570077,0.20719819995794678,504.78814689999,0,normal
56.1,steady,120.67022446625543,750.739229351227,0.1893228053894888,498.968296558159,0,normal
56.2,steady,119.14655491866414,748.8026217001033,0.20511958633096014,500.66878256708117,0,normal
56.3,steady,119.31484398451303,754.1738338740273,0.18337471105288114,506.62278099267235,0,normal
56.4,steady,118.60043407378964,749.6539347616726,0.20434455447966254,497.03808548804636,0,normal
56.5,steady,117.98007708889455,746.79454582767,0.19717787597483444,496.81503645637343,0,normal
56.6,steady,118.88372080870079,744.3985550424993,0.19290841864551175,498.74618999760264,0,normal
56.7,steady,117.94020770334384,751.8690345682169,0.20510959332718312,500.7272638581508,0,normal
56.8,steady,120.10535173127126,749.1898417280183,0.20080594808751676,493.15889514292667,0,normal
56.9,steady,119.02820726315241,745.5309565444757,0.20327541709347993,495.8968709898222,0,normal
57.0,steady,118.40499154032139,746.0056283780219,0.20494231546758718,502.732651159625,0,normal
57.1,steady,120.08380406411746,748.4174956290678,0.20294231458155376,501.85833106909524,0,normal
57.2,steady,118.93422658856251,747.1790440821967,0.19811570747229026,501.8707805328275,0,normal
57.3,steady,119.25044568575002,752.8297095566388,0.194813364632451,498.80558038244436,0,normal
57.4,steady,120.66428747409373,750.4562692897131,0.19091503771153126,502.6729978867987,0,normal
57.5,steady,118.71518807254556,753.3183456908265,0.21192109029370537,495.92727162174407,0,normal
57.6,steady,117.56093654931074,751.2754612307143,0.19924973074744198,497.94876553418254,0,normal
57.7,steady,121.12192200052448,746.2763084737613,0.2029550531923592,494.2749137021383,0,normal
57.8,steady,120.49639642812728,751.8623173867473,0.2130259264923741,498.07813823060525,0,normal
57.9,steady,118.02151245643697,752.1056330275107,0.1911540756769637,504.03279371881933,0,normal
58.0,steady,121.09117952025946,752.4160599389485,0.19380814477616376,492.0766973904586,0,normal
58.1,steady,118.24194111188058,754.4266492757945,0.19657149137501098,494.86719550701577,0,normal
58.2,steady,117.97355496640269,751.3440856884785,0.2244669077009383,498.0516928740037,0,normal
58.3,steady,120.27573293272131,751.4564478516182,0.20147425546675315,501.1586317570532,0,normal
58.4,steady,119.87717913597639,748.1408189986787,0.20265905494001946,500.9830191075046,0,normal
58.5,steady,120.63430475604834,750.5047319935137,0.1863825019383898,497.88515151956744,0,normal
58.6,steady,120.0085846345346,749.6166327216325,0.1972641957566344,501.0518431450025,0,normal
58.7,steady,119.97797908868708,746.8193952842606,0.19205290781962703,500.90427495415315,0,normal
58.8,steady,119.26788714006341,750.0274981236508,0.20235037350918825,505.3951244929979,0,normal
58.9,steady,121.55545751558829,747.9283569203972,0.19061740671795255,504.1848141992063,0,normal
59.0,steady,121.31825181802824,754.7480651325641,0.19455937922858027,499.46350150235554,0,normal
59.1,steady,119.14941315090653,747.8719162183653,0.19374927390205232,496.94201212392164,0,normal
59.2,steady,119.80978024751732,750.5030302402548,0.20302261495517088,504.06702539388516,0,normal
59.3,steady,119.15487734484816,750.2634397316726,0.2007175626806555,495.17542726386864,0,normal
59.4,steady,119.12940605016058,753.3201228780463,0.2129576700170234,500.8771461097327,0,normal
59.5,steady,120.67151921928432,744.798508793762,0.19800339208052772,492.4448905641709,0,normal
59.6,steady,119.49778816834093,747.9158672924866,0.20698546579601335,499.80766599418126,0,normal
59.7,steady,121.65497956892784,755.2459927162739,0.18889266255332443,499.387192543301,0,normal
59.8,steady,119.42228520485914,748.9705394298715,0.18824269626621218,503.5487723218268,0,normal
59.9,steady,119.26099856682805,748.8661926303004,0.20125743927457693,498.94152574802575,0,normal
60.0,steady,120.95468347585238,747.980161871174,0.19536192176477654,494.7495575575444,0,normal
60.1,steady,118.94219752699505,746.5116141954592,0.1921723037078572,498.61537321881025,0,normal
60.2,steady,120.25295223003167,748.9297453601644,0.21513093198487526,486.8227589040011,0,normal
60.3,steady,119.27051143655338,751.2127312756456,0.19605921978304863,500.87504677738355,0,normal
60.4,steady,118.60257313532303,753.9664634050574,0.1862600585212683,497.18700521159474,0,normal
60.5,steady,120.9688044332863,745.9943300299177,0.1943733292757157,499.01677030503095,0,normal
60.6,steady,119.24884652381424,752.985875540472,0.1933959516586035,498.75939530374126,0,normal
60.7,steady,120.11922517057141,746.7712752079368,0.17558750600194034,507.7029763388992,0,normal
60.8,steady,118.69016253209645,750.0464769784949,0.1896080125002277,488.3850173000549,0,normal
60.9,steady,120.45852502507472,749.6962392873708,0.21349218218948615,495.3610635776034,0,normal
61.0,steady,120.2321135065691,749.4676714377551,0.2035664061820582,501.3070368993962,0,normal
61.1,steady,120.37702977008479,749.7655884383211,0.19129548904997395,501.7860212195319,0,normal
61.2,steady,120.39635050156726,749.8362016154127,0.19774553838800749,495.73009267580517,0,normal
61.3,steady,119.28519469347351,752.3242324704361,0.2170210506125736,495.30120255602054,0,normal
61.4,steady,118.3702595661961,752.1757356941735,0.20970720299825757,504.6886794518443,0,normal
61.5,steady,121.56471862576065,753.672957319774,0.20592164366540203,496.9763799548238,0,normal
61.6,steady,119.30573296803497,752.3876917981082,0.1908199677238242,494.76213167746835,0,normal
61.7,steady,119.7119372671891,746.2554499921044,0.20919107592866396,491.34784159559683,0,normal
61.8,steady,119.7521798510177,751.3491406360849,0.20780011632321327,494.96733045782827,0,normal
61.9,steady,121.2308337223845,752.738132978813,0.202970352033421,501.54593221365315,0,normal
62.0,steady,119.69273896923187,751.7873190991631,0.20021149904615526,508.20735086396394,0,normal
62.1,steady,120.18994877408656,751.2970773281609,0.1975561973183645,493.75841047777817,0,normal
62.2,steady,121.47508029572357,751.5651320463525,0.20758406962462966,500.6174816840808,0,normal
62.3,steady,119.87697809365625,748.9829568543191,0.20994172553142876,499.8952421889947,0,normal
62.4,steady,120.86117425472484,753.4184044820075,0.1841896752735525,501.0055201355528,0,normal
62.5,steady,118.07476170023156,755.6278267739636,0.20206458263161511,488.1897714615213,0,normal
62.6,steady,120.19595856457879,748.6141175578388,0.2062208908140149,496.41291318057483,0,normal
62.7,steady,118.75766602387174,750.519522829014,0.19112274153112552,487.1634422172221,0,normal
62.8,steady,119.50523577128197,751.4811307863674,0.20828008745929177,495.91245149266877,0,normal
62.9,steady,118.28567693912585,751.3213348688835,0.20704156582511707,498.02922901741,0,normal
63.0,steady,118.69155796771017,751.8631917597465,0.19092106345047266,501.2569780828421,0,normal
63.1,steady,120.22258678553439,748.9524222158595,0.21338790438965524,490.49422517291055,0,normal
63.2,steady,120.74484014711052,752.0936187350377,0.19196675690363849,497.83100460982945,0,normal
63.3,steady,117.9306640761535,748.166134209511,0.19623704136159387,497.4698596624455,0,normal
63.4,steady,120.55435472023717,748.1530857952231,0.20611334682340443,496.8108280407306,0,normal
63.5,steady,120.0301850724485,748.4986676639603,0.21492756595674734,499.65566179840823,0,normal
63.6,steady,120.9487689961591,748.3692130368703,0.2047696675973676,493.0051745030304,0,normal
63.7,steady,120.45991934065476,746.4629698227388,0.1951271585711802,499.36714271861445,0,normal
63.8,steady,119.25214252129105,754.7853942997538,0.19606976820025826,503.3936557067661,0,normal
63.9,steady,120.45131895219005,752.9779622177005,0.19978819516942728,501.6348372318603,0,normal
64.0,steady,119.95681664010493,749.78112683482,0.18892704181053133,498.33015111508155,0,normal
64.1,steady,121.21669927837716,744.5778143643662,0.20402416857360464,494.4009563050258,0,normal
64.2,steady,120.84762810214785,751.4795234656344,0.1894812858861865,503.6148952737997,0,normal
64.3,steady,119.30176468554141,752.2795035595852,0.1969654145425283,495.1027046283663,0,normal
64.4,steady,121.36702712038425,749.5003900340641,0.22289499816665845,496.41082560196486,0,normal
64.5,steady,118.4789695975675,749.4882300927801,0.20377586045495533,502.1703807019068,0,normal
64.6,steady,121.29175498469444,748.2692217764555,0.19805264217290555,488.98565324732937,0,normal
64.7,steady,119.67278487599044,753.5401227439606,0.1997099435388168,502.9379956156732,0,normal
64.8,steady,118.2034453349921,756.8110049928363,0.21622128071761335,496.7922241156943,0,normal
64.9,steady,119.69178822996669,748.520257412023,0.18547199266354106,492.73113773365816,0,normal
65.0,steady,119.79905966883824,751.8198368784425,0.20641202819052462,492.66651310153117,0,normal
65.1,steady,120.86343796710109,751.3151814048583,0.2143287540117451,506.949369013279,0,normal
65.2,steady,120.7951408683024,748.3527937187205,0.19955032283831384,493.7485973198319,0,normal
65.3,steady,119.24880779432533,752.9459557814623,0.19077549771448446,503.6741124184119,0,normal
65.4,steady,118.65512586021006,747.5206468306172,0.20344708759403524,497.84554145512163,0,normal
65.5,steady,119.6744144994789,750.2139921899258,0.18972880033920958,502.89159700518155,0,normal
65.6,steady,119.91386967556362,753.4789685707641,0.20320343079409403,501.68552845352514,0,normal
65.7,steady,120.78303245536605,750.2099608563403,0.20248008956592364,498.6666018912641,0,normal
65.8,steady,118.97643986999614,747.6986691145318,0.19901129140602128,488.6475192323613,0,normal
65.9,steady,118.6129028191572,751.3418934471035,0.2030876700437237,494.91450622749977,0,normal
66.0,steady,120.6119099657884,749.7587101948586,0.1902652229799035,500.6710391410773,0,normal
66.1,steady,120.87230723702348,750.5563279758063,0.20088185132650377,496.7569311448154,0,normal
66.2,steady,119.66449307111276,749.0609221548327,0.2042425068044524,496.72427850456336,0,normal
66.3,steady,120.82229284866318,751.3760649686328,0.2075040591941249,500.4093582556786,0,normal
66.4,steady,119.36183202227554,752.7424909712112,0.19178005777079654,504.41373325456146,0,normal
66.5,steady,120.74799326122755,750.205762981625,0.20564394531563718,494.91692475586416,0,normal
66.6,steady,121.12936336768476,747.5713119036669,0.2050938487013021,493.7735508116887,0,normal
66.7,steady,120.14659837448045,748.596941296504,0.2052583582414234,493.1585201959948,0,normal
66.8,steady,118.70005784498004,749.0091365840284,0.18595927579186097,504.79899909135304,0,normal
66.9,steady,121.27598870665251,750.5749358570681,0.19768734450597744,493.72047320462406,0,normal
67.0,steady,120.08780488223108,745.3607829767159,0.1721890951936428,498.6714423328099,0,normal
67.1,steady,119.48542836124838,748.4560420168336,0.19713428586560988,495.8076777149888,0,normal
67.2,steady,120.50310479185583,747.9071429707411,0.21087256072639177,496.14403482782234,0,normal
67.3,steady,118.85199259639478,749.060828329018,0.20152714884494904,496.85383040494327,0,normal
67.4,steady,119.84696670873976,750.1342249661805,0.2150910253448753,501.0241994682862,0,normal
67.5,steady,122.12738869954855,753.0454124853667,0.19890330513585347,493.01379075269114,0,normal
67.6,steady,121.20408192064644,751.8411374399043,0.20137245402201157,499.7434959396147,0,normal
67.7,steady,119.41564762408333,749.6134098623751,0.20315543362900682,502.67816742989066,0,normal
67.8,steady,120.74363217879382,748.8796040537532,0.21034863009265076,498.63795937089105,0,normal
67.9,steady,120.94747002872592,751.4618906148763,0.1879196040091345,499.71630520265427,0,normal
68.0,steady,120.50017262093665,749.6417153494016,0.2124516582286746,500.52895202523905,0,normal
68.1,steady,119.6757044046709,751.3605574811857,0.2110788053638705,498.9196166780759,0,normal
68.2,steady,119.11720960754592,748.0233214309272,0.2134353406117988,503.9882726973475,0,normal
68.3,steady,121.32153319694065,752.3005752910707,0.17377370124803332,501.5608250838984,0,normal
68.4,steady,120.6974799907748,747.1570101397151,0.21740105449889796,502.4015364358548,0,normal
68.5,steady,119.80315952506285,747.0213700640038,0.21071450178378362,486.1153864472615,0,normal
68.6,steady,119.72352310494693,752.5449274832076,0.2135748857949793,502.7464893720515,0,normal
68.7,steady,120.19091274579468,749.1110009371702,0.19156657634411933,502.4765018155997,0,normal
68.8,steady,121.80613930426051,754.585399406265,0.18725081812657562,496.5849734875492,0,normal
68.9,steady,120.99420847004436,749.1111775250341,0.1904069681412,498.64339622195706,0,normal
69.0,steady,119.25677509397396,747.5871174661046,0.20995974767519618,494.0863838770833,0,normal
69.1,steady,120.71304289660809,752.5490689361329,0.21866608369994672,491.9393955392622,0,normal
69.2,steady,119.28094122659552,749.4935976852079,0.1951485585978772,502.963892857986,0,normal
69.3,steady,120.36472857927176,751.7350705355021,0.2053554786316247,491.970671211388,0,normal
69.4,steady,121.29714441713796,754.893844750673,0.19260452503665346,496.9040097238549,0,normal
69.5,steady,120.00185093207399,754.3037644071544,0.20818174242604431,500.67797060313114,0,normal
69.6,steady,119.30845190772882,749.3568914481798,0.18798118408837466,500.8152635892673,0,normal
69.7,steady,119.50168508035759,751.2972922475766,0.18961969997334463,502.0073899458458,0,normal
69.8,steady,121.79584778771599,752.5455668843765,0.18882429124568723,503.99616870795165,0,normal
69.9,steady,118.80633861536093,747.39560160736,0.21522503875652205,491.17936986397933,0,normal
70.0,steady,120.92912422452186,748.4874273437118,0.19568184369895913,497.78338117974147,0,normal
70.1,steady,119.88370226223188,749.7617424361501,0.19882625437515233,495.06607368203294,0,normal
70.2,steady,119.23236876554326,752.3122647887553,0.2067423056749722,501.8317249727323,0,normal
70.3,steady,120.23406377899887,748.1578943358467,0.19778640928937768,497.9287452595037,0,normal
70.4,steady,118.93742231004512,753.1273123239823,0.19157027232343207,506.0309706203331,0,normal
70.5,steady,119.52414398865844,751.1485473801405,0.2121339023751536,490.1731607009764,0,normal
70.6,steady,119.22947621797434,753.1656361833251,0.19870897842840943,495.88973566035617,0,normal
70.7,steady,119.39774613474479,750.1460408983625,0.20565294439861817,494.06733316509843,0,normal
70.8,steady,119.92704984071442,754.763703614469,0.2006563740499947,502.1068449860061,0,normal
70.9,steady,118.43797633605752,747.2205623034203,0.19510432113694817,501.7220913233574,0,normal
71.0,steady,120.27419615962465,753.2071765399673,0.20553802426282164,499.091442129091,0,normal
71.1,steady,121.85179278140689,750.1007158354265,0.22224898836450332,499.42265917146636,0,normal
71.2,steady,121.47886027124751,748.0111684330249,0.2141652291723632,499.3073593496519,0,normal
71.3,steady,120.74007733252598,748.1899160675883,0.20532930234523325,502.94312128868205,0,normal
71.4,steady,119.44440598021157,748.9274957277638,0.20428861516792546,500.97740982292646,0,normal
71.5,steady,119.96852151828489,749.559247966921,0.20710579783186026,500.7614864267407,0,normal
71.6,steady,118.65907339444382,752.5943304496676,0.17760953797646284,507.17635562957133,0,normal
71.7,steady,119.47543801712928,748.5596043917124,0.20599750095394007,500.7740738861417,0,normal
71.8,steady,119.82604617486226,751.2323059561136,0.20013680032733774,489.8498821723838,0,normal
71.9,steady,120.78503216471356,752.462736752776,0.21161250459521794,503.15929607771443,0,normal
72.0,steady,119.31124026797339,750.6144946489876,0.20319731717018755,506.9336798275483,0,normal
72.1,steady,119.48970375204914,754.2552217654859,0.21473289337506526,499.44343212958256,0,normal
72.2,steady,118.23688031276906,750.421670179982,0.20668588165894666,492.69749134895545,0,normal
72.3,steady,119.68033609535775,753.8496118900815,0.19055044517245823,499.7591290082651,0,normal
72.4,steady,120.01229302749071,749.496416144283,0.22037490891326317,495.4867226640438,0,normal
72.5,steady,121.80087644443336,752.1527610318877,0.2107623680300276,501.2638122953747,0,normal
72.6,steady,120.10011196101148,752.227440922016,0.19423108104829467,491.1536856719986,0,normal
72.7,steady,121.01082911421477,752.096949110854,0.205410344670897,497.1827289796457,0,normal
72.8,steady,120.45007148688387,752.0629581735709,0.20036852570699737,492.6606596276533,0,normal
72.9,steady,119.35030768829525,751.4505622820609,0.1839328672837147,494.602697300203,0,normal
73.0,steady,118.38885396454178,750.4796302818849,0.21019435632784692,489.22382132609687,0,normal
73.1,steady,119.84835022908344,756.0014813926075,0.20027876460455668,496.74038473554236,0,normal
73.2,steady,119.10594226194758,750.0162370802632,0.2224281997730254,492.0691774516537,0,normal
73.3,steady,118.35972223817963,755.2785942609825,0.19049585037783148,503.7095917325349,0,normal
73.4,steady,118.89964899047399,755.8862638844575,0.22357361622170874,496.40756806612404,0,normal
73.5,steady,119.88055433484926,748.1436871569526,0.21002776849269508,494.17668153245967,0,normal
73.6,steady,120.37423829520412,750.2709442318314,0.19973779510525078,496.2587825509674,0,normal
73.7,steady,121.11851565924061,751.6948899485785,0.20371794186957826,497.57477334162786,0,normal
73.8,steady,119.02832084838391,751.0141381199286,0.19920774128944316,501.4490889886719,0,normal
73.9,steady,119.81372536717349,750.7738848380816,0.1914379448045495,502.55239977813625,0,normal
74.0,steady,119.99327944316416,753.2573184535796,0.21502536945755807,496.3476948104754,0,normal
74.1,steady,118.28578977728067,754.1685647900081,0.20349575172718953,498.68693349964263,0,normal
74.2,steady,120.43271700797807,751.4594341933911,0.18783475472129452,501.85795599890395,0,normal
74.3,steady,119.23459116011917,748.8980691861409,0.21607185684675445,502.0700127851882,0,normal
74.4,steady,119.40710947474741,750.199549506232,0.2053809419793479,499.5241479839519,0,normal
74.5,steady,119.52682682120478,748.1195976209157,0.19724504313500496,496.24500283854576,0,normal
74.6,steady,120.11173032210881,748.1737124948685,0.1868548802569026,494.7726045309662,0,normal
74.7,steady,119.3226015269372,749.424143877878,0.20141437975229767,495.77225451811586,0,normal
74.8,steady,119.40153957907002,749.7149060068989,0.20584884749737478,494.5240428257448,0,normal
74.9,steady,119.19803747861347,751.5496358780376,0.20126291290904688,504.06933869449153,0,normal
75.0,steady,119.88974571574991,746.320742426346,0.19661346798757856,502.8781691300751,0,normal
75.1,steady,120.18318025058169,744.8729847496288,0.20538388338886915,509.6672299251061,0,normal
75.2,steady,120.64349109034879,748.2197700089464,0.1902575209331195,500.24768804419335,0,normal
75.3,steady,120.91001341572111,751.0938492523312,0.19858683601209118,495.6771308168525,0,normal
75.4,steady,118.78487938414042,748.6158881536462,0.2118725808933397,501.91955769536617,0,normal
75.5,steady,119.4340769321183,751.7407115836269,0.2056588679411856,494.9103301754286,0,normal
75.6,steady,121.72343471212403,747.839026287016,0.1896564262203506,500.72341053585956,0,normal
75.7,steady,120.06782453490919,753.7930934812554,0.20388057718554586,496.6385308839369,0,normal
75.8,steady,119.95956572637348,754.6756171819504,0.21225076708247903,496.3740451717016,0,normal
75.9,steady,120.21839756953914,745.9872469934024,0.20429374828443417,498.51637979997207,0,normal
76.0,steady,118.61823432037477,749.9295752440138,0.19696956243257932,498.17189181383674,0,normal
76.1,steady,119.48473284979194,747.7582461611408,0.20500561511390392,503.32392824612594,0,normal
76.2,steady,120.47984620342586,753.028606332126,0.19735267041331955,507.74646280426055,0,normal
76.3,steady,120.84524845832155,753.7346220266111,0.2112751648258026,503.4713227562789,0,normal
76.4,steady,119.48799553200104,750.9317246929771,0.21306100098975653,506.21704251908295,0,normal
76.5,steady,120.16941562552766,749.1922135965237,0.19791909355217838,503.5123720834015,0,normal
76.6,steady,120.68504379807942,750.663885934644,0.19135169356946433,501.90942128886127,0,normal
76.7,steady,116.89048420408157,752.8442533059745,0.19835006841819444,501.0961863446499,0,normal
76.8,steady,119.46977503572751,750.4940222010648,0.1825606943626283,496.8048677866502,0,normal
76.9,steady,120.9597326588119,754.7338831297977,0.20620890682594167,501.7829179166221,0,normal
77.0,steady,118.75774923834003,751.9970517749072,0.1988226772466745,499.8975911578321,0,normal
77.1,steady,118.24562919713416,751.9988364518525,0.21627563766672095,497.5074837248207,0,normal
77.2,steady,120.36004081581875,752.5097154858067,0.19393802256313622,496.074986801755,0,normal
77.3,steady,118.73193563472286,751.7709286131009,0.18751647859368445,499.7058082423636,0,normal
77.4,steady,118.81092294304817,751.8778030687201,0.20248618017500664,496.3534275724113,0,normal
77.5,steady,120.63270822397448,751.7360993297132,0.1968658312919942,506.84079418773763,0,normal
77.6,steady,119.64768724511057,750.2031171131623,0.19434399425957255,495.73719181464975,0,normal
77.7,steady,120.22677299300712,748.9078029976708,0.20798476794570392,504.0439598135392,0,normal
77.8,steady,118.67623273084268,746.9986394825814,0.20286843029438376,496.16941566288904,0,normal
77.9,steady,118.57542979533714,749.9311266567985,0.21846705255113988,494.7422814064975,0,normal
78.0,steady,118.04687611947764,748.3854996057962,0.1965144066269312,500.77957270856285,0,normal
78.1,steady,117.55404317720745,747.6132749368147,0.19015136511544936,501.57868871394396,0,normal
78.2,steady,118.12392623003356,747.4745657996331,0.21203893946939428,492.16694692810023,0,normal
78.3,steady,119.64286907721934,747.3099144963855,0.1886680793645579,486.01334308223954,0,normal
78.4,steady,120.86887441670757,746.7710395816663,0.19164631403592092,488.39434139509467,0,normal
78.5,steady,120.72307164090341,749.8120993012043,0.18018214387906803,491.7514592076922,0,normal
78.6,steady,119.11226995055326,752.8660708970752,0.20983272400749992,495.1159970560589,0,normal
78.7,steady,122.02344831195481,745.7199971263227,0.19877376139390238,500.5332244791795,0,normal
78.8,steady,117.86590981234862,750.1631924182666,0.18579096507451692,497.61765034303517,0,normal
78.9,steady,119.84072158710835,749.5600984831966,0.21059329772303492,502.71090541872076,0,normal
79.0,steady,118.84911848405298,754.0668325364973,0.19739699801006713,504.4408589770042,0,normal
79.1,steady,119.68673889570728,752.0813282256557,0.21048607211550938,500.6340446688809,0,normal
79.2,steady,117.98684836633093,753.40703420557,0.19921180201508465,500.3924899598158,0,normal
79.3,steady,121.38303328937879,752.1450807546886,0.19384325274273748,498.3120812708155,0,normal
79.4,steady,119.0687602725225,748.995835688863,0.19764419996913293,493.8543426398131,0,normal
79.5,steady,120.94045329226759,745.5270617230243,0.18074562727308008,496.94777699884634,0,normal
79.6,steady,119.57923335527953,749.5526075139572,0.2038138619532989,498.9019053566889,0,normal
79.7,steady,121.11983471503778,749.4988939632962,0.22208296796294136,497.10316111583,0,normal
79.8,steady,120.1600700766556,753.8456882025341,0.17065210940823,493.291557189702,0,normal
79.9,steady,119.46469165766814,750.4033221613563,0.19644642468045917,484.6540718773063,0,normal
80.0,steady,120.25645159988512,751.7417390978849,0.20507643488780009,499.3035982295016,0,normal
80.1,steady,119.72304776327728,752.601609137759,0.19746476958755887,488.2261802452558,0,normal
80.2,steady,118.51618465260984,750.4862635057117,0.19930681266155414,500.80907435733684,0,normal
80.3,steady,120.16310658874947,746.3840259899963,0.2083964152998891,495.4695488348518,0,normal
80.4,steady,119.5948212980462,752.1440295499168,0.2021778246799349,496.92110148716887,0,normal
80.5,steady,119.97463262249721,751.2036458022592,0.2092807046246742,495.2001384812256,0,normal
80.6,steady,118.77656582836342,752.0246803458847,0.19586196491540853,495.6656028466489,0,normal
80.7,steady,117.33263749596821,751.2957709458217,0.2073769085285717,495.7668059983097,0,normal
80.8,steady,120.46844876678304,752.2735652661628,0.20268042104539968,500.17990426369477,0,normal
80.9,steady,119.74242310620782,748.7745414885877,0.21189950081217146,498.50623260430893,0,normal
81.0,steady,120.08997702746461,751.5176629588257,0.20798142551013693,497.5183121733532,0,normal
81.1,steady,119.16566425591017,751.8465956010327,0.19879066705630732,500.7172479114472,0,normal
81.2,steady,118.3920700204772,750.7958637611658,0.20991567007642745,495.3338287394894,0,normal
81.3,steady,119.06592622070066,751.0163119446545,0.1978819131378895,497.9551304517351,0,normal
81.4,steady,119.64767231829612,753.270356080974,0.20936430286933796,494.56783988048403,0,normal
81.5,steady,121.06143957223826,749.1816781908163,0.1985003401242914,497.2624669738649,0,normal
81.6,steady,120.3055681764832,756.1923893637651,0.1949428226784676,494.9909678708129,0,normal
81.7,steady,121.6125192827573,751.78761160713,0.2153973588457413,499.80857977967815,0,normal
81.8,steady,119.16855119431155,749.0506191110633,0.19492834256987446,495.6209470887125,0,normal
81.9,steady,120.63554274085864,751.2950077395318,0.20890204750620925,498.40073242583156,0,normal
82.0,steady,119.41507085848443,752.5983704576219,0.21076761178666983,503.66211464345315,0,normal
82.1,steady,117.44470099962652,752.839030349418,0.19766544730118019,497.8605225958057,0,normal
82.2,steady,118.62444129357517,750.0546972674783,0.20722492134218898,504.0530956595706,0,normal
82.3,steady,122.00078581069359,750.2328798812644,0.199283323338103,508.23476157714873,0,normal
82.4,steady,118.87804882001518,748.9906105321215,0.1941579035216924,502.87004701601654,0,normal
82.5,steady,118.20175210499595,751.0246483579849,0.1925109101616555,503.17215450011105,0,normal
82.6,steady,117.3946256627562,750.7093776532394,0.2298341682258775,500.6120473440719,0,normal
82.7,steady,120.80505881464735,750.1256791085714,0.2126972547445871,493.32779134675974,0,normal
82.8,steady,118.71190552257275,750.3842681436337,0.1815473778665452,504.4088472185431,0,normal
82.9,steady,118.93984772581545,748.9827716260974,0.19599801416947024,498.1094216353597,0,normal
83.0,steady,119.85525263584267,751.0728511681634,0.19902204102913287,499.98780984070925,0,normal
83.1,steady,119.5018501534792,752.119200851257,0.1958765718383063,501.9475677127663,0,normal
83.2,steady,119.29022411654883,756.1010432353155,0.22272967648544556,501.312159734851,0,normal
83.3,steady,118.93424229118398,749.4714676660789,0.20190661425158174,496.0376589503172,0,normal
83.4,steady,120.6644356387608,751.7064037776854,0.2047071165575264,498.3091621866987,0,normal
83.5,steady,119.5090123532979,748.2330888830693,0.20569438721571157,503.0177025220275,0,normal
83.6,steady,120.42772625148328,750.4474091669487,0.20318992257228716,498.9413702509846,0,normal
83.7,steady,120.56548542061849,751.4377944571875,0.21897615255202715,505.9521304742079,0,normal
83.8,steady,119.78509563798207,746.1916865853544,0.1973739583525958,487.4558251767978,0,normal
83.9,steady,120.0796892751154,752.6900502443671,0.1972987956185161,492.06013345684454,0,normal
84.0,steady,120.56889600845544,751.6695487094333,0.21281407405213004,496.3018268787176,0,normal
84.1,steady,118.83495086650466,751.4679002384462,0.1907786004786495,496.1629728231512,0,normal
84.2,steady,120.57558105876882,749.4827953105295,0.20317589669991654,505.0790022660624,0,normal
84.3,steady,117.94793937295802,750.4235557509575,0.19829267757935146,498.89030152749234,0,normal
84.4,steady,121.74858923219152,748.7671054698463,0.20679374058662614,502.3645465224321,0,normal
84.5,steady,118.75489483728913,752.0230413005302,0.19587251127973088,501.65260241462636,0,normal
84.6,steady,119.78600469150277,750.272858874358,0.19392151966566062,503.07257091558284,0,normal
84.7,steady,121.69177989255779,750.9027395917193,0.1961905629621807,495.68416179669384,0,normal
84.8,steady,121.15688133719212,750.5745314791693,0.19156429353136897,500.8546673196663,0,normal
84.9,steady,117.67732667330658,747.8464819662182,0.20461835877323498,495.80074076214277,0,normal
85.0,steady,119.50658921032662,750.2849642667767,0.20332744680523768,499.77578506189246,0,normal
85.1,steady,119.45551616508733,749.022510275256,0.2158278359411777,495.7934830317998,0,normal
85.2,steady,121.08348711780528,751.932559787288,0.1912951719865326,491.983590542868,0,normal
85.3,steady,119.36505198042718,749.370353997869,0.20964119798155734,499.1665358313668,0,normal
85.4,steady,121.37143499953532,745.7082430646168,0.19843963023271619,501.7408153022592,0,normal
85.5,steady,120.44939833483853,752.0233088593552,0.20196855909409023,499.3390891528608,0,normal
85.6,steady,120.04727273320674,745.8688753963263,0.1929192953559144,497.6152374425487,0,normal
85.7,steady,118.53449561971112,751.4403932607207,0.20226202222064094,497.42616391501423,0,normal
85.8,steady,120.10023443674936,753.1568339489454,0.21988473976888942,503.29871132963194,0,normal
85.9,steady,118.5080538339562,750.494421341373,0.20933887053078692,499.29737396398457,0,normal
86.0,steady,122.0978613792941,752.309954850238,0.20028452459308527,494.45099413148085,0,normal
86.1,steady,120.11111022540976,750.2278074888401,0.19361989765377927,497.08740966447044,0,normal
86.2,steady,119.71342454096926,748.408614801625,0.1966383881515827,500.65013864278467,0,normal
86.3,steady,118.79013672609038,749.6888512922959,0.19173483725539517,501.418587958837,0,normal
86.4,steady,121.77126801659642,749.4474051954684,0.20545458659685453,498.30841744593,0,normal
86.5,steady,120.76577970608335,751.244899882063,0.19936778215529505,489.6950724182782,0,normal
86.6,steady,119.40788583446431,749.9827669148701,0.1982948829276622,507.1765150060393,0,normal
86.7,steady,119.15157355339109,748.7518385562782,0.18677777103208867,501.5661557562015,0,normal
86.8,steady,120.261543702121,753.8044331866594,0.2043569645538121,503.17061673781194,0,normal
86.9,steady,120.4879503806174,752.3744493620313,0.2128298797226196,496.5249546860818,0,normal
87.0,steady,118.66456999954575,755.3500378369664,0.207164831993743,494.6143152458896,0,normal
87.1,steady,119.22347295790678,749.3656960065,0.1909556750089293,497.89924418380497,0,normal
87.2,steady,118.66455004850404,748.7140791729104,0.19355872247497788,497.5095247547742,0,normal
87.3,steady,122.30988250328885,749.8966308927392,0.21070986322304977,493.59631123225614,0,normal
87.4,steady,119.99874608892988,752.4777060019543,0.1931631394567874,501.6674435689359,0,normal
87.5,steady,120.07308917371795,750.0372489726327,0.2043051636098605,490.7091240362403,0,normal
87.6,steady,120.45328305836345,749.5407726520743,0.22036915305657273,496.18268807030483,0,normal
87.7,steady,120.7567630725229,749.6199547970948,0.22874108564808343,507.44126412353114,0,normal
87.8,steady,120.06606724504134,750.025065613606,0.2103707597400965,509.31054937364496,0,normal
87.9,steady,118.83884148855039,751.0080725220421,0.19561237353700922,498.2379248110175,0,normal
88.0,steady,120.2725768051661,752.596399777823,0.19057578985163576,495.00361455381494,0,normal
88.1,steady,119.3755837285128,749.2503292425284,0.2072076971462577,510.33169623516784,0,normal
88.2,steady,119.79189526392301,748.9721680100931,0.1973240531113066,496.6403291104376,0,normal
88.3,steady,121.63908148381367,751.8703795063097,0.20004481591912274,499.5086075850718,0,normal
88.4,steady,119.16902071730455,754.5219153545742,0.20088993460580018,499.18390377280963,0,normal
88.5,steady,120.67604170664367,756.8752299786028,0.2105422319603939,502.69745844153965,0,normal
88.6,steady,120.08831500295467,750.8824274497712,0.1933053561785538,501.0489462882987,0,normal
88.7,steady,121.41958659946427,752.8325511059558,0.1981339891543529,491.8809544755265,0,normal
88.8,steady,120.71039069166528,749.9283202683897,0.19755051418630654,491.84877091456303,0,normal
88.9,steady,119.96475694857268,750.5084429237904,0.19981308029340414,495.04613167808685,0,normal
89.0,steady,119.4443090221783,751.013824018322,0.22061969762406713,500.2433111241391,0,normal
89.1,steady,119.82104010214921,753.9963474825707,0.19045238725168478,489.8221946142668,0,normal
89.2,steady,120.86730503034661,749.4329015325937,0.20561850553174907,495.25297927458183,0,normal
89.3,steady,119.2799872681293,752.7546613280418,0.18882603985694776,507.37640018043703,0,normal
89.4,steady,121.41055678986751,751.9095509622233,0.21187851058381774,500.12622618168973,0,normal
89.5,steady,119.40306698731983,749.7207537409184,0.19624895345498256,496.3501538027779,0,normal
89.6,steady,118.01624603473137,755.6831469202396,0.19684804219185326,499.7771295546672,0,normal
89.7,steady,119.98474548077402,751.307231143462,0.2029801322733737,500.3845120873245,0,normal
89.8,steady,119.323967780501,745.8984566979614,0.19781554323190326,496.19914635139025,0,normal
89.9,steady,119.50097438865451,749.9962197476972,0.19974136249917712,499.49016355798324,0,normal
90.0,steady,118.64117016382016,749.5142109957208,0.20319062680731004,504.3120913257648,0,normal
90.1,steady,119.89992510749474,748.2119906847164,0.20766074642900847,501.6262290908672,0,normal
90.2,steady,120.5248909055434,756.5392388287511,0.19211971206087497,496.89176724007484,0,normal
90.3,steady,119.53887721288943,752.7207686722156,0.19774727978293197,505.7723095494399,0,normal
90.4,steady,118.56190921930214,749.1128798554904,0.1988348724050259,508.7795083064673,0,normal
90.5,steady,120.62699914654767,755.2312927180076,0.20263184054254324,507.48808842386376,0,normal
90.6,steady,118.95952809553103,751.1576836102836,0.18431368102573192,501.0695780690438,0,normal
90.7,steady,119.89449348413434,748.3354361069082,0.21595374266871806,494.5179548512678,0,normal
90.8,steady,120.31565208620258,744.1646980237903,0.19784819680254392,495.1809069839694,0,normal
90.9,steady,118.87775499511419,750.4252139356257,0.20835834302094788,497.1720455705069,0,normal
91.0,steady,119.82001883391564,752.4512504495873,0.22978026854434497,505.522596355554,0,normal
91.1,steady,119.94244081443196,751.727234864255,0.21233605733806654,499.36496736423123,0,normal
91.2,steady,120.06082243764303,749.4604932880533,0.19309093687489953,500.5984931967969,0,normal
91.3,steady,121.12106051832752,749.1215505489153,0.2017912820358826,491.1464904784733,0,normal
91.4,steady,119.39213323220166,747.1139248956954,0.20823277622159825,506.9849960497893,0,normal
91.5,steady,119.12153581732923,748.4981095478857,0.19245812509761104,501.7268094389633,0,normal
91.6,steady,120.96015387653877,748.7389611054683,0.1882448752026823,501.74856989668547,0,normal
91.7,steady,118.40790869644113,748.1776660483429,0.1881636666174372,498.5844560965448,0,normal
91.8,steady,120.58879619030292,747.594378676528,0.1976233257692145,507.2990623410525,0,normal
91.9,steady,118.6369816169841,752.2662793453378,0.19851472658788794,494.0630605377028,0,normal
92.0,steady,119.89267687046345,749.103574931069,0.18190866111164883,492.8612661007303,0,normal
92.1,steady,120.24257971948713,753.39790967865,0.22666685493663152,493.8303404873181,0,normal
92.2,steady,120.53654864599008,747.073261152295,0.20209526123888852,504.55004142177717,0,normal
92.3,steady,119.7733752246058,748.6381413309855,0.1885358479964585,502.33789691914376,0,normal
92.4,steady,118.90590463727723,751.9344122393506,0.1930730248424037,494.2479303433405,0,normal
92.5,steady,118.45907275180485,751.6082743075983,0.19797288818872028,501.2705071523003,0,normal
92.6,steady,119.44976315382446,749.5113146250719,0.2045975940902729,497.48268855195863,0,normal
92.7,steady,119.61496372094605,755.0792517369784,0.19980190015382043,494.52955759106,0,normal
92.8,steady,121.0493609107431,748.0809752309399,0.19225913150114735,497.68587126244864,0,normal
92.9,steady,119.445673445445,750.9707154241861,0.20892213925585573,499.13903911112226,0,normal
93.0,steady,120.60162449381586,752.3235088459672,0.2044453947832859,494.7247510256743,0,normal
93.1,steady,120.12154983409796,748.8765375350039,0.19759550285944655,500.32558109774254,0,normal
93.2,steady,120.36701350681409,751.4296535462645,0.18676143926925629,495.9871152295617,0,normal
93.3,steady,119.89122224565445,749.1835254449101,0.20799252633744553,506.0319951293869,0,normal
93.4,steady,118.55247720478572,753.8981332070033,0.20953855568915833,497.31237057080887,0,normal
93.5,steady,120.20854032842622,753.2100764438746,0.20153140650671938,502.54580378383093,0,normal
93.6,steady,118.58367712338224,753.3833975401283,0.1881581584245078,496.22322809872963,0,normal
93.7,steady,121.94355340756611,754.7577819680071,0.21133895908594993,494.57085661530374,0,normal
93.8,steady,119.78079255477778,747.9152488631255,0.21639794390410372,497.92999624397714,0,normal
93.9,steady,119.38954413302251,753.861607889442,0.21365938919820016,496.86298739273616,0,normal
94.0,steady,119.20967214941247,752.6226672677918,0.19201573116178175,494.975145270461,0,normal
94.1,steady,119.36813101109698,749.5930815836878,0.21010687431509223,489.528459329406,0,normal
94.2,steady,121.55496203192453,750.1419431173274,0.19707290195714366,492.6012905673967,0,normal
94.3,steady,119.97356003226929,747.3344727516736,0.2087580313879005,502.57914747724976,0,normal
94.4,steady,118.39710250575058,749.5719000867783,0.20106678506976683,498.9329181354899,0,normal
94.5,steady,119.01848458433373,750.2695948051951,0.1895274238054906,501.519847861569,0,normal
94.6,steady,120.36301783578887,745.7545602285714,0.20433699338568248,485.7937424940278,0,normal
94.7,steady,119.96676960593376,747.4642054403537,0.20871547605206112,497.42641433516144,0,normal
94.8,steady,119.8002965686258,750.8209127396439,0.19675155432966315,500.3350449116716,0,normal
94.9,steady,120.77461278174565,754.6536123682115,0.20144204685266184,500.23950737337526,0,normal
95.0,steady,120.02489969796754,751.5567958215672,0.19320402024680322,490.9397399428414,0,normal
95.1,steady,120.01924029563148,753.617190342269,0.19893114782021384,494.9550863102829,0,normal
95.2,steady,119.44947106952915,748.6319509772181,0.20180325596540752,500.67805124212333,0,normal
95.3,steady,119.35567889910001,749.3688215610675,0.20942905315120394,492.0599959078503,0,normal
95.4,steady,118.99815793337316,752.4307497862321,0.21492494548914667,499.1088976412423,0,normal
95.5,steady,120.77737955793388,750.9367685440778,0.2047656655827117,500.4778859710767,0,normal
95.6,steady,119.40599234678668,748.9428103816999,0.2019770376797377,499.9165767264249,0,normal
95.7,steady,118.92158389258486,751.0902298196064,0.20941096688292388,501.7850312200903,0,normal
95.8,steady,117.65379400852278,750.9672770360282,0.18377049731083506,495.27454605176797,0,normal
95.9,steady,120.77044390443311,750.423498759259,0.2212028302223229,500.1149512275324,0,normal
96.0,steady,120.82401362631406,748.0594288733932,0.19494003357193296,500.8026746477165,0,normal
96.1,steady,119.42118843394364,752.2018764284155,0.20307840248498868,499.40229657991296,0,normal
96.2,steady,120.76101110061639,749.4657559463349,0.20739445364467146,501.38671950974265,0,normal
96.3,steady,119.07398720761103,751.0522690907553,0.18381338293064114,484.21206203341774,0,normal
96.4,steady,120.19263098254262,753.3046098406319,0.20735685012203775,494.32137250339576,0,normal
96.5,steady,121.15334579257237,751.9669338601959,0.18984900577089986,493.61404044881,0,normal
96.6,steady,119.06879474390216,753.755947824061,0.20776317475076886,486.9475610546722,0,normal
96.7,steady,119.26755890485776,750.7716728777937,0.20562374656122676,498.311575058314,0,normal
96.8,steady,118.52191980434606,753.241705175282,0.20972940626250353,492.14547408921544,0,normal
96.9,steady,118.91412427385752,750.0619121719383,0.2085106435937879,492.51852272764376,0,normal
97.0,steady,119.8149936275882,752.7593532631721,0.20042341256983617,499.47203533560713,0,normal
97.1,steady,120.72544803033239,749.8428387520851,0.18847822168115008,509.1690323597885,0,normal
97.2,steady,119.94589231384043,751.9949443658318,0.21946527264454851,496.90499902670444,0,normal
97.3,steady,120.30174121874926,746.4998267063136,0.19106346575210606,504.24069644281843,0,normal
97.4,steady,120.22936204336744,754.3815237030448,0.21302079213565234,502.97144630027685,0,normal
97.5,steady,119.83821144534865,746.5081910110287,0.19741212859914636,503.25431564985377,0,normal
97.6,steady,121.22886799877718,752.5079553210687,0.20742504103683218,498.91565562458516,0,normal
97.7,steady,120.3451300771907,754.1110542639461,0.19158229904189178,492.9176617428422,0,normal
97.8,steady,119.4905287683485,753.1286302502425,0.2097966938146118,495.87876563345174,0,normal
97.9,steady,121.59157098566368,749.2441287236828,0.20455447792653433,503.6920364229245,0,normal
98.0,steady,118.33260821389509,750.7003748943507,0.2051839213320511,502.9213555359119,0,normal
98.1,steady,120.06546553485471,753.2658021220491,0.19919594599921545,501.76435780828973,0,normal
98.2,steady,118.54483505635001,750.4908883903188,0.19908572364576602,500.1227983217319,0,normal
98.3,steady,118.71349047989936,752.0246532370533,0.20930274632757404,500.24258427057816,0,normal
98.4,steady,118.95491416685465,750.8919158776284,0.19855311197815434,498.41551396212697,0,normal
98.5,steady,119.67199817305594,750.0558214195737,0.1924570544810514,499.0629901182723,0,normal
98.6,steady,120.15608506005825,750.7654205511833,0.18761803022536244,499.7607720170646,0,normal
98.7,steady,120.16919504924672,749.7404901008955,0.1739966173293191,496.28695552894646,0,normal
98.8,steady,119.02559730160667,749.1481889398136,0.21724510834200775,506.46659841794866,0,normal
98.9,steady,118.38156102903739,748.3680372006665,0.20924405524780995,501.37976856004565,0,normal
99.0,steady,118.96612805242174,750.4304551847449,0.20226368095643812,503.53038887917404,0,normal
99.1,steady,120.32794756172676,749.4875462168799,0.2130845509817965,505.2585682749298,0,normal
99.2,steady,118.67643546529246,746.3692851001045,0.19997678358572588,504.9893112975131,0,normal
99.3,steady,119.49570757828916,752.1136941558036,0.20929817916120874,497.8755551439532,0,normal
99.4,steady,119.88508391153832,753.1117591040035,0.2021954700990996,494.70070051588357,0,normal
99.5,steady,118.91176701909785,756.2547284204348,0.2102284012356592,504.0112354491879,0,normal
99.6,steady,119.39647885639543,749.1534569816006,0.18657909068857575,494.2935311242035,0,normal
99.7,steady,120.49189105134295,751.6300449289012,0.2028002376766275,496.54232698859784,0,normal
99.8,steady,119.68476959496117,748.2195740537635,0.19919642306815363,492.1590686274508,0,normal
99.9,steady,119.14996650283913,751.8679166440829,0.2175929216159635,499.6597674521192,0,normal
100.0,shutdown,120.64814477423158,747.9150256518466,0.1890922357256958,495.8181697203038,0,normal
100.1,shutdown,119.90701246807032,748.789243431169,0.19692285414988428,498.3179455783361,0,normal
100.2,shutdown,120.08134993123981,744.8092394750404,0.19278302516577353,496.30837758360633,0,normal
100.3,shutdown,118.95949794647535,746.1585488681932,0.1811430126181746,493.1046473607126,0,normal
100.4,shutdown,117.65875239227226,747.1531141249975,0.20255148455981323,485.7733082366274,0,normal
100.5,shutdown,119.49530255997239,742.4866270005341,0.2015522602225826,485.85280522562215,0,normal
100.6,shutdown,117.25387505426372,736.25529107927,0.19070327923729444,486.32593885703506,0,normal
100.7,shutdown,118.0397648491851,736.7301921526861,0.19328062479780025,479.0355884442842,0,normal
100.8,shutdown,116.18986510271706,732.5396465867441,0.195138614127399,482.7557957529689,0,normal
100.9,shutdown,117.34618313715055,727.8462275470372,0.21642403832411572,479.1440118047546,0,normal
101.0,shutdown,114.95244638354181,729.5182440731319,0.2061156349837246,479.7263937047677,0,normal
101.1,shutdown,114.56616226059784,725.8068741716046,0.19133411356183713,478.14245584920184,0,normal
101.2,shutdown,115.14815876395721,722.2651238911259,0.19697183554132106,474.0877721562134,0,normal
101.3,shutdown,112.5297666095205,723.2784339784077,0.18894932357647576,470.5861758529758,0,normal
101.4,shutdown,113.41485825749801,719.1316601477531,0.17910067063866478,474.23210905195424,0,normal
101.5,shutdown,112.92640720222855,714.8316860483035,0.19857702188812854,464.18215163918336,0,normal
101.6,shutdown,112.68121817471928,713.38276008308,0.19666839870202893,473.7052877360663,0,normal
101.7,shutdown,112.95968445222766,715.6775140551255,0.18839346875183968,473.56007612362464,0,normal
101.8,shutdown,112.12847259442876,711.1478821191141,0.1961181957204754,461.3631293567768,0,normal
101.9,shutdown,112.42120419855281,704.9126888627511,0.1940095137341433,460.19075181637874,0,normal
102.0,shutdown,111.54511537375994,707.3605785894662,0.1949770406847696,458.2769490643225,0,normal
102.1,shutdown,111.77571259436287,705.6616337395656,0.19288887349936157,455.0254052784439,0,normal
102.2,shutdown,110.4322172906355,700.4413630616051,0.18870313531818378,461.91175687277683,0,normal
102.3,shutdown,111.1717529851461,702.1181928127525,0.2021163535491313,458.4533428794149,0,normal
102.4,shutdown,109.58766346175851,696.6204723294619,0.17748987782693476,448.04638605055226,0,normal
102.5,shutdown,109.67109204235369,692.0944724973878,0.2011588006885124,455.80205488056157,0,normal
102.6,shutdown,109.74609721155116,691.5259215955541,0.1889345472334177,449.3659155857485,0,normal
102.7,shutdown,109.71716831656262,688.23906982556,0.20283866666932618,445.1276892260766,0,normal
102.8,shutdown,107.73691282069451,686.9202649369064,0.18324339968120432,446.65863883167583,0,normal
102.9,shutdown,109.3874795591196,683.5482561213541,0.19410004070800066,437.9492622543336,0,normal
103.0,shutdown,106.37496136922368,684.5456829431056,0.18441803086419592,450.08059851002,0,normal
103.1,shutdown,106.41894547037663,681.8689689915408,0.2055998858652882,436.500466215294,0,normal
103.2,shutdown,106.32566438028306,679.7540003300815,0.1817962280845612,435.7092787038298,0,normal
103.3,shutdown,105.45775124704879,675.0658801965743,0.20623092255253125,431.0536473624208,0,normal
103.4,shutdown,106.16821821180372,674.1098990154642,0.19244936678445718,434.5227884624993,0,normal
103.5,shutdown,107.1023812108582,672.1580381120274,0.18718203308436285,430.1778500947391,0,normal
103.6,shutdown,105.02959720081266,671.1501074880359,0.19342857399056634,430.67552354075764,0,normal
103.7,shutdown,104.83880416287053,662.5506209157687,0.19376541847460232,424.33654185213464,0,normal
103.8,shutdown,104.46014375828449,666.4038971257362,0.19176182533335057,427.3856943193881,0,normal
103.9,shutdown,104.55276317986012,664.4075503430532,0.18943901873210203,421.972360662558,0,normal
104.0,shutdown,103.96470768136287,659.8222304382742,0.19040189853666228,418.8212467555166,0,normal
104.1,shutdown,104.47578635144723,652.4584181186242,0.19373661460503036,419.5223873978322,0,normal
104.2,shutdown,100.85001476599541,660.2429235523491,0.1874942326689035,410.52681609051,0,normal
104.3,shutdown,101.5270959766519,649.6573101009968,0.19257526876556286,407.43950859918226,0,normal
104.4,shutdown,100.03125931276321,656.5008251011836,0.18799736893103153,413.55136644093653,0,normal
104.5,shutdown,101.53882042553616,646.0429153328508,0.17917436565291409,403.53206533167173,0,normal
104.6,shutdown,102.84636672774724,649.1687071572193,0.17383865974706986,393.47165016731356,0,normal
104.7,shutdown,100.93874891643706,645.8173134914439,0.17403816025380414,404.4387538819954,0,normal
104.8,shutdown,99.39688665602128,638.6800917352185,0.17808083368986022,407.3657917234088,0,normal
104.9,shutdown,99.74433499913802,644.3966426996645,0.17388909944971617,405.84260284801087,0,normal
105.0,shutdown,100.27850017208023,637.4563153378538,0.17397626837539026,392.3965215962724,0,normal
105.1,shutdown,98.79510154212895,642.3346076909916,0.18830208170563018,393.52517474118963,0,normal
105.2,shutdown,99.75381615089275,629.1661387408404,0.2000871980596704,388.0425442765884,0,normal
105.3,shutdown,98.85613147306367,636.9915885529683,0.16919417244935908,394.67265789119745,0,normal
105.4,shutdown,97.88222992763927,631.4967772459654,0.166425661471833,390.21680304438894,0,normal
105.5,shutdown,95.766995794592,627.51850931486,0.17267810273682338,399.29783831236665,0,normal
105.6,shutdown,97.20571964215095,624.3220216832017,0.18060087734267752,392.0251349165775,0,normal
105.7,shutdown,94.84560705743158,621.6048151863149,0.15631683750864844,389.5784138789988,0,normal
105.8,shutdown,98.11677937641834,621.446634937776,0.1781288079190996,383.8849162894675,0,normal
105.9,shutdown,97.15006837903051,616.4310509422743,0.18460532707166075,388.0847379803578,0,normal
106.0,shutdown,95.9566345919437,616.4889191181351,0.16409766090788896,374.68672113742656,0,normal
106.1,shutdown,94.22717762629449,613.2874206525887,0.18664071141080407,383.7724660817294,0,normal
106.2,shutdown,93.49350098956523,611.3936146817787,0.17852139352884608,375.76783589762454,0,normal
106.3,shutdown,95.97050326762636,610.5541821853578,0.16620358938240185,372.7903227174041,0,normal
106.4,shutdown,95.16988088172445,610.6308919952429,0.1757458487222046,367.7430837112362,0,normal
106.5,shutdown,95.23475873185589,607.2824047963676,0.15528064103999858,382.48430908758775,0,normal
106.6,shutdown,94.45710758868462,601.0768021216118,0.17372632341349167,357.9406481594402,0,normal
106.7,shutdown,90.71431048315468,600.0920284177718,0.1710627741279427,373.06387992104095,0,normal
106.8,shutdown,93.00832941586957,597.3827834562472,0.17043830033141608,363.2929426203419,0,normal
106.9,shutdown,93.30913519601278,595.9680358781616,0.1678549023292382,369.2541474740789,0,normal
107.0,shutdown,91.03830303151805,593.4530317281973,0.20175628849259494,358.7607538579005,0,normal
107.1,shutdown,90.4070275216746,590.287660274187,0.19186044243559658,363.0512900457,0,normal
107.2,shutdown,90.42578142207525,583.1575921617554,0.16860348069377876,351.88166326612384,0,normal
107.3,shutdown,89.87896945949464,583.873438093877,0.17451400129109193,362.1935877393647,0,normal
107.4,shutdown,89.68661932342411,582.7133274336636,0.1819906402377927,352.809284392026,0,normal
107.5,shutdown,90.74214891565673,580.4737757329614,0.17546493022017978,353.71726450509556,0,normal
107.6,shutdown,89.3116694087776,575.2267737859445,0.16724858552120656,349.42560650572636,0,normal
107.7,shutdown,89.30097474680353,579.5787649701289,0.17219131682434316,351.93911102671547,0,normal
107.8,shutdown,86.66413603885245,573.6966813008016,0.17560068065223125,341.6780664419177,0,normal
107.9,shutdown,87.93501254207405,573.3196825308806,0.1485489250034678,339.2211449416176,0,normal
108.0,shutdown,87.11384396825271,565.5604724423432,0.17697857292451835,349.5725987518816,0,normal
108.1,shutdown,87.1854776693607,565.6622321771355,0.16467317857462432,338.81115372019326,0,normal
108.2,shutdown,89.58671210555259,563.6381780676813,0.1517572563061984,341.92279578887565,0,normal
108.3,shutdown,86.49767073293856,562.5809572228083,0.18351940428495783,328.2318157440644,0,normal
108.4,shutdown,85.50560625287584,560.1611352524357,0.1628715545050671,332.5343432747928,0,normal
108.5,shutdown,86.51877020313333,560.3839198314258,0.16794317463614905,328.2916086895667,0,normal
108.6,shutdown,85.37468551984429,556.0981452233085,0.17359754194526797,327.7281756036379,0,normal
108.7,shutdown,84.23386447775019,556.0666594314368,0.17285476673047698,326.4822386324914,0,normal
108.8,shutdown,84.13008890045774,555.114795985711,0.175871638171168,328.5100553830028,0,normal
108.9,shutdown,82.8992826611831,548.8941730348266,0.16818011878679365,325.80388188717615,0,normal
109.0,shutdown,82.280759036418,544.377464187673,0.16514341076959113,313.818694876881,0,normal
109.1,shutdown,83.3717916954159,543.2526320609215,0.16878899441577289,319.73334156956895,0,normal
109.2,shutdown,83.18222964112667,541.2206069494313,0.15523627242471033,313.42380031443804,0,normal
109.3,shutdown,80.65697712815138,538.5013092055954,0.1449693031255446,317.20950393250365,0,normal
109.4,shutdown,82.18651688105177,540.6374460684137,0.15520991095992415,313.4343072748064,0,normal
109.5,shutdown,81.61291437544074,531.3243639864364,0.17510906972169052,309.723457483252,0,normal
109.6,shutdown,82.4188032948006,535.2560625356255,0.15200592649090128,311.4892846935454,0,normal
109.7,shutdown,80.37712412047044,532.2036445925761,0.1504358321503791,306.76776284542535,0,normal
109.8,shutdown,78.91351907899076,532.9280319221763,0.14222250377885454,289.3474694888272,0,normal
109.9,shutdown,80.33599761181694,526.6847381355967,0.1698737645083643,304.5844197082553,0,normal
110.0,shutdown,81.62586477791847,526.4366588972525,0.1710060809049798,302.19040125095984,0,normal
110.1,shutdown,78.98099716385319,525.9552210606684,0.14959600577349338,305.2600595881294,0,normal
110.2,shutdown,80.45167373741549,521.1875877582596,0.16325107350141208,300.4705415627556,0,normal
110.3,shutdown,78.40490966776927,516.9493360630598,0.14078332736250157,294.33206812717685,0,normal
110.4,shutdown,78.56170603773249,515.436748151662,0.13895400234676186,294.31590189623415,0,normal
110.5,shutdown,78.91517022011865,514.9415463136936,0.16023983874753892,285.561247894378,0,normal
110.6,shutdown,75.76573507931725,515.3771075283346,0.1588848561415743,283.5651411860406,0,normal
110.7,shutdown,75.39159395392325,509.2109372355215,0.14910926573491917,278.58602240055376,0,normal
110.8,shutdown,77.25410916786466,507.6486485491915,0.15141181183530653,275.4253356131026,0,normal
110.9,shutdown,76.30776977742997,504.568854918767,0.14119835194659977,274.9062965091402,0,normal
111.0,shutdown,76.88139542291883,501.0254879369682,0.14458558062247584,273.04698990557205,0,normal
111.1,shutdown,75.92509130393367,501.94718036317107,0.15781970599378636,271.2434965556885,0,normal
111.2,shutdown,75.06566187683418,499.77178562260383,0.1600466646958406,278.87079821791025,0,normal
111.3,shutdown,73.33246476727278,498.69729456686457,0.17151836573182605,267.91884481031366,0,normal
111.4,shutdown,73.21007297132805,495.75731295902676,0.15020934653292228,270.5688243439745,0,normal
111.5,shutdown,74.87302352553115,494.7065042674257,0.14311642180747397,264.2987394709382,0,normal
111.6,shutdown,72.67206047299435,484.65700437485117,0.16246279248416928,269.26118235215625,0,normal
111.7,shutdown,71.98982905516048,489.5234370021496,0.15500104307871562,260.57871664548367,0,normal
111.8,shutdown,71.29143012807052,483.60284586137976,0.15404380400841486,263.05845103307047,0,normal
111.9,shutdown,72.88509588804251,480.73774471680264,0.15744953926045954,265.29550700268265,0,normal
112.0,shutdown,72.13773101603174,479.22109990349145,0.1430588205298547,262.9834714919524,0,normal
112.1,shutdown,69.85268110352291,480.3832686895824,0.16598193035799977,264.375053319292,0,normal
112.2,shutdown,71.15098033772935,474.42290911076236,0.14107861593224624,257.78034436510757,0,normal
112.3,shutdown,72.48437629959899,471.503720161727,0.143133283324969,256.79734241900405,0,normal
112.4,shutdown,71.60990522011157,469.5003085853525,0.14195154532146845,248.54861748070175,0,normal
112.5,shutdown,72.13031763267735,469.286673748072,0.1474399845880775,255.11038118834315,0,normal
112.6,shutdown,70.8328500824917,466.888620311341,0.15196737515784026,253.39829885298346,0,normal
112.7,shutdown,69.66465393690915,463.6029508467602,0.15391795290076776,243.61413239054758,0,normal
112.8,shutdown,67.69659143018427,462.96902922798523,0.1518141364296747,242.42793750641985,0,normal
112.9,shutdown,67.52093766633503,461.1732769805131,0.1533595260305208,237.99961621631613,0,normal
113.0,shutdown,67.45813008249456,457.8777284837378,0.1535565509242948,238.33346705510363,0,normal
113.1,shutdown,67.66669337287244,458.2439188321914,0.1475169051108642,231.94791695432153,0,normal
113.2,shutdown,66.59714693470818,452.8130175796384,0.14684746965511722,223.67550884820656,0,normal
113.3,shutdown,66.51150360454592,452.4350992312559,0.12498144130199254,232.7061091153248,0,normal
113.4,shutdown,65.01319501074614,446.3843798876426,0.13752175466336325,232.9386815845465,0,normal
113.5,shutdown,66.23991413801119,448.1600242325277,0.16056630208398798,228.61066149845257,0,normal
113.6,shutdown,65.10499256544132,440.0936468950474,0.14408721606022284,232.11399491422,0,normal
113.7,shutdown,65.46385993975628,443.05379932129915,0.1580957106479525,224.97670679616905,0,normal
113.8,shutdown,64.65239698029337,441.19692624902467,0.13576003647590343,222.66242243224235,0,normal
113.9,shutdown,64.4810859881174,438.55087646219835,0.15186930973500512,210.68735563856944,0,normal
114.0,shutdown,63.914727424518084,435.0898345523499,0.13824993864184798,218.46119074957443,0,normal
114.1,shutdown,63.35821232980199,430.2464978681457,0.14512897486855003,215.91652807890935,0,normal
114.2,shutdown,62.05560564201945,432.5237439074472,0.13305727222031336,227.69159078774837,0,normal
114.3,shutdown,62.05063677404662,426.02736618238396,0.13312390799909682,211.72987035127994,0,normal
114.4,shutdown,63.653473519376455,425.90471257330404,0.1316516917209877,202.8600376856883,0,normal
114.5,shutdown,61.60486911317118,424.2411213714392,0.11633377880655632,206.74303174504468,0,normal
114.6,shutdown,60.89400034338699,420.7816998022103,0.14047737346827427,207.66583854014948,0,normal
114.7,shutdown,61.550429152503675,426.90780443909716,0.1253858863102047,201.64641943717575,0,normal
114.8,shutdown,60.42661151840706,418.0424971269848,0.14838366961828628,205.7687361392127,0,normal
114.9,shutdown,59.59961127531731,418.4029739159345,0.13505421010233665,193.60572247764222,0,normal
115.0,shutdown,62.033515386783726,416.43117888230546,0.14811193370656123,205.29701296633075,0,normal
115.1,shutdown,58.57276576054324,406.9300497812787,0.1500601597039343,191.0044327085477,0,normal
115.2,shutdown,58.35174888628551,409.9539020200021,0.14869094397811997,201.20767370564838,0,normal
115.3,shutdown,59.11464758834108,407.5358244082622,0.1316734125185526,194.94481784163247,0,normal
115.4,shutdown,59.2215459902397,402.9292454527266,0.15343840954399304,191.67057778787333,0,normal
115.5,shutdown,60.3119311225409,397.21191323420067,0.15226674084860842,189.06036273574415,0,normal
115.6,shutdown,56.81014241370887,401.5159327139471,0.14333700872186692,187.0623874996268,0,normal
115.7,shutdown,56.2058704120597,402.4498356335202,0.13949875498106062,191.3792255262463,0,normal
115.8,shutdown,55.687105259875494,392.52168045843877,0.14991602570033466,176.90587801750297,0,normal
115.9,shutdown,56.01567258462573,390.72046742379683,0.13775638236672763,175.9288412586101,0,normal
116.0,shutdown,54.35150737827605,393.6825667184379,0.15261947454576094,185.0776879339895,0,normal
116.1,shutdown,56.77627600637855,384.9121428470842,0.1459315080396776,179.50713280076596,0,normal
116.2,shutdown,53.39675727723639,389.04409685998104,0.13704441913314894,168.19313830938012,0,normal
116.3,shutdown,55.065302997331436,381.2501601351728,0.15459030453534944,169.24594139494474,0,normal
116.4,shutdown,54.67161617400578,377.32589509677007,0.1592447355293318,169.6118211875368,0,normal
116.5,shutdown,53.16385759608479,379.76437251819647,0.13692527549854758,168.35897616672213,0,normal
116.6,shutdown,54.3962831701501,378.59470537366,0.11799773483367443,168.1463582316198,0,normal
116.7,shutdown,54.37738419592148,374.47293895714336,0.13452993012435688,159.04081207830018,0,normal
116.8,shutdown,51.995268730325044,371.2391008661526,0.13763443788920218,156.39397287292377,0,normal
116.9,shutdown,52.4960779854705,371.5320134953975,0.14254951326872767,162.38331242810625,0,normal
117.0,shutdown,50.274775569836734,366.09963090193384,0.11962340783570179,163.28009410612273,0,normal
117.1,shutdown,50.11226769456902,367.2183517803073,0.13914783208059864,155.74508941498738,0,normal
117.2,shutdown,52.62179553383978,363.73419932278165,0.14016997788809304,154.19742428247193,0,normal
117.3,shutdown,50.58558376051832,360.11569364931523,0.11700074457567755,160.42872964182317,0,normal
117.4,shutdown,50.85769548751819,364.3520699986753,0.13825929887366084,156.65143358344895,0,normal
117.5,shutdown,49.049507875385096,357.6550552575373,0.13757876526764493,137.00983144733647,0,normal
117.6,shutdown,50.37352864404505,352.1686814819018,0.1398576893901627,164.50234135095272,0,normal
117.7,shutdown,46.99417097850879,351.4367187850265,0.12556512859688213,142.53010916666253,0,normal
117.8,shutdown,48.78142267930476,348.6123858903483,0.14179656318953743,141.88854515595338,0,normal
117.9,shutdown,47.77496636981911,347.35097615707264,0.1077914649854916,148.5258626661968,0,normal
118.0,shutdown,47.12388744692843,343.68376389759106,0.1386375335637038,134.52249816644456,0,normal
118.1,shutdown,46.80743586401213,342.4050447223428,0.1305744921215416,130.98175200500165,0,normal
118.2,shutdown,47.95037693138075,339.7010826611947,0.12157508995425555,144.3366523053764,0,normal
118.3,shutdown,47.74299560560371,341.11657479832854,0.13930594355546544,129.81419085203686,0,normal
118.4,shutdown,47.46055100095384,339.2681768180653,0.11252732279207749,125.61353118515532,0,normal
118.5,shutdown,44.83947681326588,333.3126006070316,0.12543730642472756,135.43701122706466,0,normal
118.6,shutdown,44.76986010369914,329.6572554798695,0.11623018084367967,133.02977354535594,0,normal
118.7,shutdown,45.63790265301922,330.0833437645261,0.11941272750043501,127.84304825947065,0,normal
118.8,shutdown,45.930886370989015,328.4332106080892,0.11457143715377717,111.57092450755292,0,normal
118.9,shutdown,46.34556097148346,322.49105759088235,0.12853682394069887,126.61826825322422,0,normal
119.0,shutdown,44.42322861096509,321.01356704538597,0.12306652577197082,126.97344424547966,0,normal
119.1,shutdown,43.25394507096999,320.72952216751094,0.13552612095768002,113.26011167706206,0,normal
119.2,shutdown,43.44247732855263,318.6840390305854,0.12679660423099282,114.22883178129472,0,normal
119.3,shutdown,43.07695033337275,313.3087301189294,0.13224004569570902,111.6630493430219,0,normal
119.4,shutdown,42.23553401017902,316.0161555648943,0.12854081138755782,114.85814566706765,0,normal
119.5,shutdown,42.29424687290221,313.43345075758964,0.14430007159666206,112.52331782361343,0,normal
119.6,shutdown,39.98656450603018,311.4147626725021,0.12464337071324978,105.60650235248718,0,normal
119.7,shutdown,39.47031636186424,310.7698319240179,0.11296517128330702,102.78541160039178,0,normal
119.8,shutdown,41.657059305543754,305.1193387106758,0.10965825283406617,102.07416734355688,0,normal
119.9,shutdown,39.81171205084624,305.1079235416838,0.1220215933077526,95.78635142281021,0,normal
