time_s,phase,pressure_kpa,temperature_k,vibration_g,thrust_n,anomaly,scenario
0.0,startup,40.622089960945196,295.3468045606756,0.13800973643659256,96.43491714933988,0,normal
0.1,startup,40.64281940319422,299.33700460981987,0.13381897759357553,96.14676365572926,0,normal
0.2,startup,40.74200719334779,298.43862717891227,0.16260046739431827,104.82261622789277,0,normal
0.3,startup,39.630330474884765,296.23807699987566,0.13278343382398777,102.5692480008159,0,normal
0.4,startup,41.70050324218494,294.29404435698945,0.13953589428620145,100.42741473324597,0,normal
0.5,startup,41.90207923947304,300.760234884215,0.16636064815168694,108.60519290117612,0,normal
0.6,startup,41.09106377557769,304.6940193492039,0.1418594339596311,106.63268701575224,0,normal
0.7,startup,41.03295671618398,304.2064887843611,0.17066785020704217,111.57519451955395,0,normal
0.8,startup,41.79196733228627,302.2248089359961,0.1488077332997032,116.10644729149064,0,normal
0.9,startup,42.04463193370796,302.58295020042596,0.15274090061897386,111.098713715667,0,normal
1.0,startup,40.293710776899566,305.8218932693563,0.16747411535341422,119.62660619161888,0,normal
1.1,startup,43.01245569176607,302.13161648803174,0.1528376309918303,125.72904232728483,0,normal
1.2,startup,43.51076683762578,306.797452003195,0.14750263656067047,123.87091835759179,0,normal
1.3,startup,42.88467897237898,307.13840611358705,0.15999661340159405,124.54105515975124,0,normal
1.4,startup,43.963522645468046,308.4938069799933,0.1450157845764328,134.47661839227925,0,normal
1.5,startup,42.500001995515944,317.62714779329457,0.14304072330356898,120.05938313473952,0,normal
1.6,startup,42.159651946097256,312.9158941996138,0.1482778019801292,129.08979053185703,0,normal
1.7,startup,42.26367592195157,311.8741611711181,0.16196435183573463,133.86975640874996,0,normal
1.8,startup,43.528982300083385,313.487272601748,0.1553638261499544,143.57518291474966,0,normal
1.9,startup,43.39198805661812,315.8177263374406,0.1635954475143634,133.46348474171222,0,normal
2.0,startup,43.253511612230746,318.38740579454907,0.14896815938812624,144.92591647209343,0,normal
2.1,startup,45.18419548154223,308.670780822691,0.14417264489462875,143.4853764021812,0,normal
2.2,startup,44.18894743532694,321.36451437627153,0.14607499464702303,147.57718502651784,0,normal
2.3,startup,44.16387881882626,318.17227142559534,0.14666334243911142,139.90156991390336,0,normal
2.4,startup,44.73521180978528,321.28575496550957,0.15418797809674697,150.1823619547081,0,normal
2.5,startup,45.70149418837062,320.87518383476066,0.14140918271538608,144.49173225062972,0,normal
2.6,startup,44.93135932499882,323.2351755880495,0.16517686963094025,154.10820577082976,0,normal
2.7,startup,45.495065149791316,320.1760021820364,0.14460964242087201,154.86946242149023,0,normal
2.8,startup,46.53755858927573,324.46839443815816,0.16669049796446764,149.27087732711766,0,normal
2.9,startup,46.62587447004297,323.853006704969,0.15408397987707534,160.881521245451,0,normal
3.0,startup,45.72170407941135,326.8461036087582,0.14405356866400978,148.34711715081738,0,normal
3.1,startup,45.153749955144875,324.2380435774791,0.15321521471739283,158.68514100445998,0,normal
3.2,startup,46.69400724451517,323.8317799122969,0.14354494058255177,156.2803645091428,0,normal
3.3,startup,46.67791354174398,331.2556464475889,0.15342515164287956,165.13326347127574,0,normal
3.4,startup,47.89470323505476,324.1950175452739,0.13455946344775932,172.04227880860068,0,normal
3.5,startup,45.83654833192859,329.47337590053513,0.15159586632145294,175.77766073381272,0,normal
3.6,startup,48.826163130945474,333.3606601780816,0.14909191653056383,176.53069634413814,0,normal
3.7,startup,49.589053773427906,331.13632268081034,0.17212970928234522,169.48222412577485,0,normal
3.8,startup,48.08008690743999,332.1541785233738,0.12950341855744443,175.95853555763512,0,normal
3.9,startup,48.35489341024826,334.5077922125339,0.16766585631911649,175.84325671798825,0,normal
4.0,startup,48.661128527734284,336.2982020490863,0.1533741676768877,179.27712183354097,0,normal
4.1,startup,48.70646656390079,336.07178239026877,0.1563133076920575,183.56660783609092,0,normal
4.2,startup,49.08772248591852,333.02826391454624,0.15807288700890293,189.59481364865485,0,normal
4.3,startup,49.846430619502534,339.0284324488313,0.14812570434371317,176.12372053312558,0,normal
4.4,startup,50.36545724621814,341.1666428268166,0.16914641925718846,190.805282699281,0,normal
4.5,startup,49.62756533496272,339.64744005712015,0.15753750392083904,184.6276704227827,0,normal
4.6,startup,48.99507804753767,340.24934747474407,0.1569700535485843,195.53346300543492,0,normal
4.7,startup,50.46584281485859,338.02809473638837,0.15570123908866515,198.26461319331057,0,normal
4.8,startup,50.1349113537954,342.87897737468444,0.12418133020289943,190.94772438615524,0,normal
4.9,startup,50.834451388660106,348.30517755567706,0.13664485733216414,198.5863623336267,0,normal
5.0,startup,51.670216894313945,346.22141581672014,0.17227653676132018,203.53981751507192,0,normal
5.1,startup,49.8373887755278,346.3324086905233,0.15901579978841915,209.26419044723843,0,normal
5.2,startup,52.25720692084829,348.8754479391068,0.13798918386458423,205.68647009896202,0,normal
5.3,startup,51.61946444558068,343.3577706898356,0.15697171548279729,203.54528406369198,0,normal
5.4,startup,51.53152871783094,352.1705521231388,0.16864255068712147,217.92432465344208,0,normal
5.5,startup,51.028444078726636,345.1862435728116,0.15561720938091175,205.5574519096078,0,normal
5.6,startup,52.63926900904408,351.279643544737,0.17335786464661085,211.94728661892475,0,normal
5.7,startup,53.01122862460052,353.4521071043232,0.1521887225399446,214.4848887746271,0,normal
5.8,startup,51.48217288932936,348.3040597755447,0.1687905741557509,222.49022456509533,0,normal
5.9,startup,52.94142994221922,359.68466670390984,0.15357584051716222,224.72939628601733,0,normal
6.0,startup,50.61125340646971,356.225200996172,0.172009166500486,222.86340759336798,0,normal
6.1,startup,52.099075363894265,359.4304233187717,0.16451725721977256,228.94781325156345,0,normal
6.2,startup,51.4002296931749,355.49563707167357,0.16059892755100136,222.14836989982862,0,normal
6.3,startup,54.4913677952841,354.5708848586851,0.14884542764880923,233.52234001092015,0,normal
6.4,startup,53.10076825877179,361.2484560413904,0.1583331964273801,221.66002067405873,0,normal
6.5,startup,53.25116763145186,359.3287558467713,0.16655725395501694,232.36822865349433,0,normal
6.6,startup,54.09491400374179,360.95084972229523,0.16136677610474032,238.49412990029202,0,normal
6.7,startup,55.29230669645494,364.70975850081516,0.16826792540224295,227.57891701533185,0,normal
6.8,startup,55.40627381720417,362.9883384751206,0.16436567684062262,231.08291534845648,0,normal
6.9,startup,53.44572728422199,364.30669801703704,0.17853054814397037,240.11406008028763,0,normal
7.0,startup,55.346991891617776,363.3296839382513,0.17484470359241663,244.75436660545842,0,normal
7.1,startup,53.02623202972022,362.8446255574427,0.15370564691877325,235.79940620923975,0,normal
7.2,startup,56.43267785461502,370.4077068349288,0.15440500063081902,245.33734637776286,0,normal
7.3,startup,53.923393977991125,367.6964102899003,0.15913749553914075,253.14414395667353,0,normal
7.4,startup,55.96343797286983,368.1684243477278,0.16309729260269643,253.2068132793766,0,normal
7.5,startup,55.63466401326049,374.86910537000983,0.15505881197586383,242.92371888734152,0,normal
7.6,startup,54.020094472411024,367.61030282863334,0.16669485286929372,244.94931755770335,0,normal
7.7,startup,56.5089444334738,374.9015429428864,0.1734822058192601,247.4378633655702,0,normal
7.8,startup,54.99786244258789,370.95415651315005,0.15378480548149495,261.03396206768645,0,normal
7.9,startup,55.735875774097984,373.6331943410018,0.17205341853931305,257.1459302576003,0,normal
8.0,startup,57.683428007412516,374.88656674760443,0.16169555321494455,256.82685157394366,0,normal
8.1,startup,55.589270020489444,378.04461674553596,0.19604135292807692,254.1395609656084,0,normal
8.2,startup,57.57226010107361,376.3944836614368,0.1702088649230166,260.052036788496,0,normal
8.3,startup,56.539789833326765,378.2438250391881,0.17186876146062954,265.04776689373875,0,normal
8.4,startup,58.05095579546291,381.9896853387802,0.17418741508283972,261.95576785359765,0,normal
8.5,startup,55.35933272505343,376.5123043368112,0.17987404233737736,265.31195009168283,0,normal
8.6,startup,58.59364635202484,379.18568392899016,0.1814519742971355,275.32258496572814,0,normal
8.7,startup,57.267297729383124,376.99596942994145,0.1749766992012467,286.1868689464275,0,normal
8.8,startup,56.875784363623886,382.33553633469364,0.15857666752824912,271.1191712957809,0,normal
8.9,startup,57.758120441368625,383.09098209496545,0.17419666943058326,275.8284162345531,0,normal
9.0,startup,58.06115695088482,386.4716667625033,0.16180130111085433,278.73806273964675,0,normal
9.1,startup,59.76440543448164,382.22574690949205,0.19006347302840745,283.5676761169427,0,normal
9.2,startup,57.06315869870286,383.66042199343707,0.17151329824777556,283.78360860305355,0,normal
9.3,startup,60.12756728115005,382.78573229457527,0.1632343731923106,285.9323276045808,0,normal
9.4,startup,59.53076233070259,386.36689306991985,0.17456662143195997,291.2228127975488,0,normal
9.5,startup,59.52250026904034,386.2430246638907,0.17458456260977137,294.6511502662612,0,normal
9.6,startup,59.55835458170694,398.4134454948004,0.17704967524541304,297.2076670394305,0,normal
9.7,startup,59.29062179624804,388.37184521758275,0.17322053412704766,295.5326029773196,0,normal
9.8,startup,61.125408846898175,390.3631257068402,0.15180633885069228,293.1837481253825,0,normal
9.9,startup,60.5019833906996,392.9629705788037,0.15846179990387965,302.9936597296907,0,normal
10.0,ramp,61.964815327880686,395.2807091252005,0.16571361792919534,288.355290768475,0,normal
10.1,ramp,60.977326633616215,393.90593888353027,0.1826403543674306,300.9412995723375,0,normal
10.2,ramp,61.803229171179176,396.34071041033116,0.1586110786727887,298.3653199481534,0,normal
10.3,ramp,60.97665465248338,398.2365134988634,0.1629673456597419,304.2161524145517,0,normal
10.4,ramp,62.425300086752614,404.8000429560115,0.16797102143735917,301.2464754995303,0,normal
10.5,ramp,62.81080795512567,402.6945303582135,0.1806134232606102,303.02973196736184,0,normal
10.6,ramp,63.49665697618753,404.47379114303936,0.15888090200376961,306.93416210555523,0,normal
10.7,ramp,61.74817262577571,406.3463629527267,0.1619833415539776,312.60964148361114,0,normal
10.8,ramp,65.8127170523654,408.61390785991057,0.16294614865514367,318.0818334666924,0,normal
10.9,ramp,62.8195346738628,404.0244489827634,0.17468926979088317,310.47387372846913,0,normal
11.0,ramp,62.54075385688972,408.828712324599,0.1631582794349257,311.5496422364624,0,normal
11.1,ramp,64.4111667501976,412.0194444649523,0.1654550826765591,310.2582349720385,0,normal
11.2,ramp,63.76430946033935,417.7748795322882,0.15863114492898667,324.30072784979654,0,normal
11.3,ramp,65.33056392640957,417.6353421875092,0.18993346894434132,317.79244813393905,0,normal
11.4,ramp,66.666405822979,418.4850394449558,0.16941823509418333,305.02972941558556,0,normal
11.5,ramp,64.17978126480128,420.70349001276577,0.17857127893974256,307.9385758983038,0,normal
11.6,ramp,64.12851863056937,421.9978509357945,0.14857443302304468,311.6721714658697,0,normal
11.7,ramp,66.644667437514,425.09325391942275,0.17752726761829066,319.3178622478351,0,normal
11.8,ramp,66.63471896603849,427.8877879907464,0.17869829804855047,319.77009057951375,0,normal
11.9,ramp,67.20517410170525,428.74117755063855,0.189524176700329,312.16041601125596,0,normal
12.0,ramp,67.09619312816031,429.08252898849753,0.1619136585975953,324.04644121599864,0,normal
12.1,ramp,66.58690866124074,431.43841730615253,0.15306611500384157,326.3195974629811,0,normal
12.2,ramp,67.09627671617179,430.23620334376074,0.1773994564965799,325.0885743233196,0,normal
12.3,ramp,67.70560925170686,438.97488214577135,0.1682562892954482,324.24038203551817,0,normal
12.4,ramp,67.94646395372658,434.73961113039286,0.18160546079133535,319.13109278923287,0,normal
12.5,ramp,66.4976896925804,437.1680508144675,0.17004575839113806,325.08585326239904,0,normal
12.6,ramp,67.03392017910505,438.6170174091749,0.18042195714724896,323.8331485354509,0,normal
12.7,ramp,66.60914150192318,441.98977774474827,0.19882605215923507,325.4353438479511,0,normal
12.8,ramp,68.16134491073639,442.4536377897092,0.15481349686219845,331.90069294444226,0,normal
12.9,ramp,68.97983571920474,444.1159804083692,0.17630466363601718,323.47354527568183,0,normal
13.0,ramp,68.3534162929081,444.35148790486244,0.17530850823279104,322.6996070878148,0,normal
13.1,ramp,69.77445807319316,446.1681765046699,0.17560542072760274,331.30662012933834,0,normal
13.2,ramp,69.77860647575596,451.7332985347492,0.15810008202742012,335.3340597469174,0,normal
13.3,ramp,72.21808649654852,450.1302898285079,0.17292584929376176,333.1747054996604,0,normal
13.4,ramp,69.42442704487881,445.78249600138304,0.18248900824242797,336.7219460339458,0,normal
13.5,ramp,71.05722372818931,452.37409521674084,0.19319550676670258,333.31623644074716,0,normal
13.6,ramp,71.10021060348667,457.73640368152644,0.16150190936148784,342.82227792023684,0,normal
13.7,ramp,71.79032072254182,459.87078160972845,0.1784611840310861,330.06147794616686,0,normal
13.8,ramp,71.08809147604131,463.19956433822324,0.17733130685850937,329.6580890466824,0,normal
13.9,ramp,71.0920873951915,463.86986895498654,0.1488213919369946,346.97580434809777,0,normal
14.0,ramp,72.504447551351,461.44763797777006,0.19079820636717063,341.0050718629974,0,normal
14.1,ramp,73.24843612286442,463.80903557567905,0.1715218924329394,345.0679300372861,0,normal
14.2,ramp,73.91474368560105,467.71316788805217,0.1786991731381351,349.44759705456477,0,normal
14.3,ramp,73.15794312445985,466.0459111871446,0.17261282658020988,354.93504343427793,0,normal
14.4,ramp,73.41320434879893,470.21075733242,0.17420386097129328,347.3897178504616,0,normal
14.5,ramp,76.90819797754064,474.09261118581964,0.17435487700364585,354.9059596631933,0,normal
14.6,ramp,74.52714582074984,474.66541558112897,0.17903094482840864,343.47010579605853,0,normal
14.7,ramp,75.90784929522924,474.2491627236671,0.1638561363311486,335.6780543609328,0,normal
14.8,ramp,75.47927642961066,479.749207631858,0.17466856036982736,351.40414650244406,0,normal
14.9,ramp,76.61364577063942,482.0403301184246,0.18130385424005085,344.2058441842868,0,normal
15.0,ramp,75.90166464316333,483.7785900646164,0.15157508094237884,356.94109920505025,0,normal
15.1,ramp,77.17312078141487,484.31392987417297,0.1729177743163673,346.95648416526535,0,normal
15.2,ramp,77.480366688082,488.02410888840586,0.17786825650204152,355.02179625908485,0,normal
15.3,ramp,75.19971111738974,487.1729632791048,0.16811077676707403,354.52540259723895,0,normal
15.4,ramp,79.50617941713573,487.7850779134148,0.16665917331926883,350.2106302109128,0,normal
15.5,ramp,78.077765587665,489.80074744796326,0.1727806325384697,361.3965215434647,0,normal
15.6,ramp,78.09607405431076,494.79049176486694,0.1693453537562374,355.65526833728984,0,normal
15.7,ramp,77.67487838452581,490.6542494552998,0.17230599978436095,358.25859143344405,0,normal
15.8,ramp,77.86142732136967,493.1578795201717,0.17923665993132454,360.3154045587287,0,normal
15.9,ramp,79.98275900500288,489.58339398042546,0.17433984273564226,365.31313030588376,0,normal
16.0,ramp,77.27430793147563,497.99006172233186,0.17950570776753938,360.88437982241976,0,normal
16.1,ramp,79.2308923429141,502.0697262647788,0.17774630497324753,371.3441725801745,0,normal
16.2,ramp,79.67920868597099,501.55571904947936,0.1646180683827332,358.2797499988455,0,normal
16.3,ramp,79.87736433006131,498.72342089150237,0.18077359141266403,360.8358515696879,0,normal
16.4,ramp,79.55988376507399,500.7615593849516,0.19273450171420733,368.8541908285965,0,normal
16.5,ramp,79.25672484949739,503.9524935712062,0.16749148189466326,365.759532163453,0,normal
16.6,ramp,80.15434961681689,509.51651041665133,0.17937402265694344,366.53569503333523,0,normal
16.7,ramp,81.07315193546386,512.7188897394979,0.18652127314718417,365.62637501598437,0,normal
16.8,ramp,82.14604539755544,510.7445084509273,0.18215863902555907,365.3606224684521,0,normal
16.9,ramp,81.96983924235562,518.243126625138,0.19304105374944017,378.24607138221876,0,normal
17.0,ramp,80.62043809389863,520.0880621030898,0.1732170342681937,365.34798151325174,0,normal
17.1,ramp,79.94527330208528,515.1992825053723,0.1704331194747772,375.3735930856281,0,normal
17.2,ramp,80.86679005807964,519.144862141661,0.17777844504242996,370.8066354776174,0,normal
17.3,ramp,85.04089893548444,516.1876663000519,0.16689521186523015,376.0946036777241,0,normal
17.4,ramp,83.95174398606241,521.3337001510486,0.19450290865862946,369.3362252627722,0,normal
17.5,ramp,82.6803568199692,524.4371134106135,0.1919547216792,371.758041477601,0,normal
17.6,ramp,84.45330403382431,523.1817582672544,0.18811770898122954,378.04383154869896,0,normal
17.7,ramp,84.99769426652564,524.0195953556351,0.18843266315472673,381.59833774736745,0,normal
17.8,ramp,85.61591997432643,528.9070893769432,0.1925318251711432,382.0943820598382,0,normal
17.9,ramp,85.11902649688598,532.461512215663,0.17520404263209913,364.4900108676946,0,normal
18.0,ramp,86.11398396376264,531.5868074694073,0.18028461587927827,385.7955953054499,0,normal
18.1,ramp,84.66951330694559,534.6146671969711,0.17631835205786536,382.3440688459536,0,normal
18.2,ramp,85.30506364778401,538.8840845701982,0.19562467071880532,378.9340482373484,0,normal
18.3,ramp,84.8623893680149,533.8882391666295,0.17232898030854393,381.7315096581332,0,normal
18.4,ramp,84.42300550246864,539.742714741239,0.17386771954177313,386.41103373992064,0,normal
18.5,ramp,86.34915905681189,545.5872035644635,0.2004847469714919,389.0506387785751,0,normal
18.6,ramp,87.56073551717834,545.5417731594899,0.16894246904149868,384.08030942474016,0,normal
18.7,ramp,87.09562218863051,544.3709755764764,0.1991782559878664,385.9508354019438,0,normal
18.8,ramp,89.36743644577423,550.5200405002485,0.18772057870908065,382.4256733492797,0,normal
18.9,ramp,87.20506005334559,548.8275014850578,0.19128732855943434,388.5778906587679,0,normal
19.0,ramp,87.40984955526558,550.6755238610531,0.1912824442383347,389.3452293531635,0,normal
19.1,ramp,87.8184991134947,554.0444454770488,0.16885930042669686,390.7342706496339,0,normal
19.2,ramp,87.14812601510734,554.9650347931466,0.1990247352284972,394.4144126108924,0,normal
19.3,ramp,86.65635795617692,551.8400081798055,0.18078922673616454,393.3265213456033,0,normal
19.4,ramp,87.87881054738929,552.1507744992476,0.19936408531099864,395.2336185868717,0,normal
19.5,ramp,89.13613193077275,560.5573645701539,0.18637842717069325,406.9312477251909,0,normal
19.6,ramp,89.95354575326799,557.5669244129564,0.17566451343147246,405.7222167717604,0,normal
19.7,ramp,89.1466477938185,562.9593673436574,0.201077741775837,392.8390624295547,0,normal
19.8,ramp,90.1704562782708,564.1350253754564,0.16974925993392334,396.6484729228218,0,normal
19.9,ramp,90.47971891618693,562.966299943302,0.20765097267270166,399.66810540979384,0,normal
20.0,ramp,90.44078673624804,567.9480038451939,0.19367007689452198,398.91223900865884,0,normal
20.1,ramp,90.01908940022572,565.9230546956559,0.1810193868866708,404.19640974923965,0,normal
20.2,ramp,91.20092700527854,567.6517266999233,0.17055507345159107,404.1243452382382,0,normal
20.3,ramp,91.56391382060477,567.7404558243517,0.18857046413329523,402.77306136386426,0,normal
20.4,ramp,91.63136302654644,574.2913164981477,0.18432469195037754,410.5709910042206,0,normal
20.5,ramp,92.12273832770316,576.5262234083159,0.1821135199481989,399.6322878396164,0,normal
20.6,ramp,93.96404141314147,579.2155519965941,0.17501397714331363,399.2449789045398,0,normal
20.7,ramp,93.34359151867714,575.2508460828459,0.19467863843660635,403.9066664756699,0,normal
20.8,ramp,93.36297896317221,581.225929019171,0.18071100745987356,410.0272743391172,0,normal
20.9,ramp,92.78040747449212,584.7511369418636,0.2033279207639746,412.75335212729726,0,normal
21.0,ramp,96.22405899063219,589.0942706823514,0.18643604187680182,406.189190640094,0,normal
21.1,ramp,94.3028152390915,582.0420125082569,0.1671619383513168,424.5892225517649,0,normal
21.2,ramp,93.3006949600753,587.1630160380988,0.16234008974967748,413.4483446379768,0,normal
21.3,ramp,93.42394316257472,588.2251485667693,0.19745313831754255,422.5049510444362,0,normal
21.4,ramp,95.58471807371232,589.2701321524484,0.17951380505032827,416.3149362596642,0,normal
21.5,ramp,94.6671979018218,598.415896796279,0.1726367131987076,420.4242099726969,0,normal
21.6,ramp,94.99415936967675,591.2035493683883,0.17650907745365588,421.18751390963183,0,normal
21.7,ramp,95.74422654165603,594.7110531788737,0.21169078868493052,422.1115212107412,0,normal
21.8,ramp,96.73207953987888,599.856747236301,0.19846272325413247,407.9014773935227,0,normal
21.9,ramp,96.45252966959971,598.0449117387586,0.17647111733006557,421.36275640910503,0,normal
22.0,ramp,96.450873945578,601.7748089502685,0.19129477115319254,423.1063284564722,0,normal
22.1,ramp,97.36266001239858,603.5701108886722,0.1630374652849035,421.0590180038086,0,normal
22.2,ramp,96.10231248059083,603.4985002055506,0.179619648565156,412.97488943322816,0,normal
22.3,ramp,97.80009291516915,605.8820776920091,0.20557817521520685,427.19692120499246,0,normal
22.4,ramp,97.86658505359638,611.0258282485263,0.18189462109174293,424.9582157642505,0,normal
22.5,ramp,97.19689173336305,616.7262725885114,0.18628406403316716,421.00376703243427,0,normal
22.6,ramp,99.45947605375525,612.5617285907473,0.19174105090475352,430.75008848408186,0,normal
22.7,ramp,98.97247384895407,614.1947238650123,0.1905638969310616,422.6117828673844,0,normal
22.8,ramp,99.29371107805264,613.5136715816856,0.1777572802410079,430.9799240058221,0,normal
22.9,ramp,99.23476960365663,620.2999498335288,0.19730892562375862,419.8687970089067,0,normal
23.0,ramp,99.26285968479897,618.1574692321161,0.2130251282194314,435.84300989246964,0,normal
23.1,ramp,100.79230858401452,619.5580925050024,0.1818781647328832,428.26880933891647,0,normal
23.2,ramp,100.16818551901432,625.518597494886,0.1920390748654839,421.8205261611208,0,normal
23.3,ramp,100.37573576497132,622.6638578156372,0.17619677761134148,437.9683088737146,0,normal
23.4,ramp,100.98489162407222,629.4256270679268,0.17958673785384122,437.0277836225799,0,normal
23.5,ramp,100.7105169648957,624.4811390771795,0.1905697995596202,436.1943173753173,0,normal
23.6,ramp,101.22585494119305,627.1793892071413,0.181188636928079,437.7635991826381,0,normal
23.7,ramp,101.20163534331643,630.2038193020173,0.17878557214862625,432.73820249685946,0,normal
23.8,ramp,103.34536037935743,628.3769320056374,0.1896716001512336,436.2617547318958,0,normal
23.9,ramp,101.90593161661738,634.8559843070236,0.1991420725415946,441.46401637710983,0,normal
24.0,ramp,102.50918439852107,638.2963921541187,0.19571671773483523,439.1524720157956,0,normal
24.1,ramp,102.67994593549454,635.9947073616453,0.20902886733367967,455.2793695357633,0,normal
24.2,ramp,104.06677887641794,641.6537517066341,0.18252027955179775,445.3831069953124,0,normal
24.3,ramp,102.94374175567808,644.7611425827971,0.18957152638928862,439.1571972910236,0,normal
24.4,ramp,104.1711932442861,643.3254725671313,0.176738144693095,444.98754295194453,0,normal
24.5,ramp,103.3847178947141,645.5011084198735,0.1954905736667551,439.1196569398971,0,normal
24.6,ramp,105.09711497970392,647.1977694964854,0.17919781806575236,449.3201532060831,0,normal
24.7,ramp,104.92560695592887,650.8335782248795,0.1937757902245958,442.11632408084944,0,normal
24.8,ramp,105.554653441794,650.2058064683353,0.18998362614050446,454.5698611294477,0,normal
24.9,ramp,105.1306237126852,652.6459105859435,0.19760389183207033,449.7990726038557,0,normal
25.0,ramp,105.75745817595532,657.2656522778004,0.20882036984331334,449.1260293624054,0,normal
25.1,ramp,107.25860070306022,657.59053111111,0.1816716176467765,446.37126493667535,0,normal
25.2,ramp,107.08058066155472,653.6731390489423,0.19392748271258123,458.5675927420442,0,normal
25.3,ramp,107.1381639975973,656.9011987194301,0.2053820214584009,452.20052526885786,0,normal
25.4,ramp,106.91098528405325,661.9951228434683,0.1999569604859232,451.08174893673,0,normal
25.5,ramp,108.64629174861587,657.017674417752,0.18322984762309022,457.7510505589784,0,normal
25.6,ramp,107.44402527570966,663.815572765816,0.1794311709347252,457.0055172222575,0,normal
25.7,ramp,107.98688124972462,663.3080856145937,0.20616150881709822,449.16709229837005,0,normal
25.8,ramp,107.415764156989,668.5509217846522,0.18463783174916118,461.5218094916382,0,normal
25.9,ramp,108.15090302206416,669.479129141703,0.18083744074017755,462.7027930253426,0,normal
26.0,ramp,108.20501949755658,672.2050455178842,0.21321048988518965,446.3194776021537,0,normal
26.1,ramp,109.94011374341537,672.4655864464622,0.19384833477758068,466.982880098288,0,normal
26.2,ramp,110.60512142472429,681.2479718208984,0.18374614265566244,462.69486045154406,0,normal
26.3,ramp,112.53482429834628,675.6422770356994,0.1813260305995232,461.1818407767085,0,normal
26.4,ramp,109.4856069170041,679.3933115300713,0.18673880557234318,469.06733965598073,0,normal
26.5,ramp,109.92569994467114,680.6071382904382,0.20272581198142747,465.25381554975587,0,normal
26.6,ramp,110.60599639719766,682.176357501546,0.1919339367473159,467.07316899641893,0,normal
26.7,ramp,111.10311416573789,680.5594448339376,0.20232149881875816,463.6151744977257,0,normal
26.8,ramp,111.22702540901066,684.1816898024374,0.2032969331367109,475.4094320982598,0,normal
26.9,ramp,111.76548385022555,683.6186280637994,0.19801750533332083,478.6774788209773,0,normal
27.0,ramp,110.98108625698376,689.9339721475628,0.21794045646304336,464.83472763836215,0,normal
27.1,ramp,111.60782518955077,688.4463400746496,0.2059031005657444,470.3004965377573,0,normal
27.2,ramp,109.57457961902226,691.1787780714576,0.1790669909347799,470.7537218191677,0,normal
27.3,ramp,112.40206675828286,694.4598454769157,0.19296892126469994,465.4169910309394,0,normal
27.4,ramp,112.96303705737338,696.1830863708774,0.20361165668236395,485.5180021723175,0,normal
27.5,ramp,114.91638217130651,694.6128911340138,0.2003275459624272,471.69454210148353,0,normal
27.6,ramp,114.4559906231876,697.4604683892201,0.20858973842827513,480.50049306060623,0,normal
27.7,ramp,115.64379551098106,703.0102406851336,0.19608089378097768,489.99169216974786,0,normal
27.8,ramp,113.82408907997758,700.2403640560377,0.1956982014952495,475.8059643108764,0,normal
27.9,ramp,115.59221418549438,704.8146454311092,0.2009863004991692,488.33281745232597,0,normal
28.0,ramp,116.0421791732213,706.4887489548659,0.19051108632048633,470.870801632852,0,normal
28.1,ramp,115.66202146994225,708.2635900904525,0.19223064644906157,487.20708874618117,0,normal
28.2,ramp,115.50279294306375,712.4413090627532,0.19398281439909987,481.33140409317787,0,normal
28.3,ramp,115.43316516532386,712.6589672687594,0.21905905589745805,484.85613548627134,0,normal
28.4,ramp,115.44771393818522,712.4830872474457,0.19660457686468796,482.54655954429836,0,normal
28.5,ramp,115.37393285345071,714.3918243430392,0.20063159981764386,487.08817187571594,0,normal
28.6,ramp,115.86566065617097,716.6902287651817,0.20350612917149688,475.73752016287455,0,normal
28.7,ramp,118.27688899769187,718.0975564719024,0.19497613944377246,491.4986506851465,0,normal
28.8,ramp,116.18077467454773,719.5843015489875,0.21558189678677217,492.653513479485,0,normal
28.9,ramp,117.09692319280988,719.1359636298936,0.19260255567893989,484.0655486735103,0,normal
29.0,ramp,117.7734644848236,727.1191744844095,0.19600966494815347,491.61391473577805,0,normal
29.1,ramp,118.77564488160274,726.2853429278559,0.18513411826048043,495.7959067032262,0,normal
29.2,ramp,117.28915786888336,726.8749878876148,0.1967398580305127,503.0084143755433,0,normal
29.3,ramp,119.12529544637783,728.7856248399531,0.17619085460359643,485.2225886554413,0,normal
29.4,ramp,119.07406614126145,726.4085444878968,0.1882023870312226,496.2501124340021,0,normal
29.5,ramp,119.19858241501187,728.6063467329835,0.20799327695018804,498.8386463631239,0,normal
29.6,ramp,119.66189953095348,728.9393611069122,0.1978306446565953,496.67126191219546,0,normal
29.7,ramp,121.3584723452025,736.6085735789047,0.1802460675203181,501.12962898659936,0,normal
29.8,ramp,120.41259214084388,734.6749511591689,0.18814756425280763,506.2633548528549,0,normal
29.9,ramp,121.86631198704377,732.1822459541008,0.20801728359928687,494.50025718499916,0,normal
30.0,steady,119.93807091065113,737.0488221708589,0.19204830644970008,490.1960843398007,0,normal
30.1,steady,121.21291134385133,741.0246017003891,0.18796804084970223,499.0964881441307,0,normal
30.2,steady,122.1022973505811,741.3458470690193,0.20438903526640134,497.7826402492688,0,normal
30.3,steady,120.06180649505379,743.6148381820032,0.19358093354367004,505.2030189532102,0,normal
30.4,steady,122.05573889063889,740.9403838421973,0.1882645028849418,510.39149145712986,0,normal
30.5,steady,119.30690450016175,738.2070329093639,0.21265898750349044,495.3728711007675,0,normal
30.6,steady,121.29759681841921,739.5013852819359,0.20378761700303757,499.43771045543184,0,normal
30.7,steady,121.88482729396935,738.4445663512898,0.202052723717908,488.978630623941,0,normal
30.8,steady,120.68837453402728,742.249665193776,0.19551756141003912,511.63537404581393,0,normal
30.9,steady,122.34594514797219,743.1517585868286,0.19916958605279528,504.0237800871803,0,normal
31.0,steady,119.92083497903933,739.1625937790553,0.1991005673048068,502.62711995881864,0,normal
31.1,steady,120.86492094088936,735.7362162654623,0.1903486444870242,499.0397166270042,0,normal
31.2,steady,119.81344908024967,739.0746230456296,0.1848427131133459,507.3840599846984,0,normal
31.3,steady,120.82375506488992,740.3136062985203,0.21402421487466908,506.3226386996763,0,normal
31.4,steady,120.22787965376423,735.1178735314976,0.1833135040732511,492.2570765031709,0,normal
31.5,steady,122.92460576699645,739.6172953666855,0.2047018760253158,492.7186545397512,0,normal
31.6,steady,120.41096216353145,738.4727022788583,0.1951183517557122,503.8986209549896,0,normal
31.7,steady,121.09973301993551,738.1327815249006,0.19275721293625572,497.35065408252643,0,normal
31.8,steady,122.86749885859483,738.4887679677873,0.2038564210645497,501.7518791752575,0,normal
31.9,steady,122.36925443671582,740.1585654565142,0.19527124031806053,499.7402605249209,0,normal
32.0,steady,121.48959185938261,738.8964867134687,0.20142875673894825,489.55512717191317,0,normal
32.1,steady,120.584621996362,740.6555864145,0.17403852231193126,498.7690967927391,0,normal
32.2,steady,120.12696737321211,738.505405522422,0.20646423157808777,495.7974607957314,0,normal
32.3,steady,121.2348513134615,736.8134810371902,0.20935527574089782,499.40254868266493,0,normal
32.4,steady,121.64632836252099,737.6514791208652,0.19579763821726687,497.55487521607125,0,normal
32.5,steady,121.9766067507218,741.533338876673,0.2026695920594771,496.66433702820774,0,normal
32.6,steady,120.25682697400633,737.9740646227888,0.1823296704143274,500.9255844448035,0,normal
32.7,steady,119.0652984573048,740.3140728763257,0.19659062010630823,499.3811847665979,0,normal
32.8,steady,121.750170529748,740.0645778159662,0.2185113245204206,490.7173829915208,0,normal
32.9,steady,121.97837109143991,738.4365366541075,0.2028949051755114,501.5359555281097,0,normal
33.0,steady,118.99534614915223,743.0776732105487,0.19124444363330553,495.9677825537223,0,normal
33.1,steady,119.95191918712268,743.136912373523,0.20025102211731566,500.08830058773106,0,normal
33.2,steady,122.10596748994782,740.0897460535743,0.2009847197533406,507.41516795133396,0,normal
33.3,steady,124.11596493456474,742.8582050002917,0.20250098154061902,501.86381809782995,0,normal
33.4,steady,120.350817879391,742.8003419157926,0.18834357797099074,498.3865512306636,0,normal
33.5,steady,121.38871127866624,739.3495850195975,0.16670763679122133,500.78025498294045,0,normal
33.6,steady,120.33047699308953,742.6447130478564,0.20336008237534484,504.4206723858315,0,normal
33.7,steady,121.8491202399278,739.6972712199614,0.20307401129713182,503.11456454245524,0,normal
33.8,steady,122.2458790456311,739.0265507431105,0.20259843883851905,512.9415982248522,0,normal
33.9,steady,122.1956360640904,739.7969259242993,0.19076005063799445,493.0514979544172,0,normal
34.0,steady,120.53078228668578,740.7936039063217,0.1969477246541035,493.2168703786677,0,normal
34.1,steady,120.57201886079518,736.2091417146489,0.2181651123192479,497.1968905992602,0,normal
34.2,steady,119.66777036267314,740.1489606423294,0.18640919327727973,495.82653745300496,0,normal
34.3,steady,120.35251600809696,736.2840160635669,0.2072138595744693,499.1761019777538,0,normal
34.4,steady,121.23738485840167,738.6881661987474,0.20400744151316813,500.8753534808408,0,normal
34.5,steady,121.67618538696846,737.1821728458164,0.20491451047858927,498.79503867764504,0,normal
34.6,steady,119.8309424557605,742.3337175593578,0.19025950569209485,498.0932333991621,0,normal
34.7,steady,121.66146069855678,741.3734791329128,0.19466901272172646,506.86365128470453,0,normal
34.8,steady,122.82498839190475,742.4666116995287,0.19744435303086114,507.31763404477545,0,normal
34.9,steady,121.78651658787456,738.5188834313213,0.20867738468483518,490.69139571838036,0,normal
35.0,steady,121.12910530763254,735.894296572845,0.2064685147806762,493.3010289682635,0,normal
35.1,steady,119.55278990959312,744.1123198456313,0.1946598600533661,502.0285610831698,0,normal
35.2,steady,121.6948938038395,734.9183052623498,0.1984441710287267,499.43615998588473,0,normal
35.3,steady,121.77922299459115,742.3872662590294,0.18977566088387318,502.40410056102724,0,normal
35.4,steady,121.61814921055144,741.2825222851773,0.20249229164103322,505.2675609519419,0,normal
35.5,steady,120.67536401039222,742.8213665075994,0.19366913056747623,490.7287040242198,0,normal
35.6,steady,121.16099006607148,734.9265136316278,0.19040848815540856,507.10699356556177,0,normal
35.7,steady,120.19050800178627,741.9930563337981,0.20336807335573842,498.8792295876707,0,normal
35.8,steady,120.72613280344798,737.5617583600603,0.21116012443233237,504.7605108107886,0,normal
35.9,steady,120.10826956339915,742.3686392395098,0.1960276568664009,500.97757300331546,0,normal
36.0,steady,121.48217954855382,739.6386420695512,0.20674534741467218,506.09645995177766,0,normal
36.1,steady,122.15807813027652,737.9046044520958,0.194835870506716,491.65476663947857,0,normal
36.2,steady,121.06680081322084,739.1165675741224,0.19993450827010584,502.2962753489588,0,normal
36.3,steady,121.11238028013622,738.3069825140592,0.19382075625310333,494.92930196406434,0,normal
36.4,steady,121.00462268116182,738.6412576721424,0.1926238203419693,501.2917345684936,0,normal
36.5,steady,120.7662078872649,736.9555260422162,0.18918389460322704,504.4139946613738,0,normal
36.6,steady,122.80393589859318,738.5112154203968,0.18817388326961584,496.1135084997745,0,normal
36.7,steady,122.27894432725769,742.6776499187628,0.18808764688487092,502.32992278431584,0,normal
36.8,steady,121.54856755038767,741.0346292766295,0.19422889468119867,496.2295077972935,0,normal
36.9,steady,119.5109362098232,740.1672497513993,0.18639312359876628,500.4739860500044,0,normal
37.0,steady,119.94926889199242,739.8738577330993,0.19481558691472292,495.67794919297194,0,normal
37.1,steady,119.75390192231971,735.6652485759936,0.1949276113930648,496.35375660911535,0,normal
37.2,steady,121.3374698013282,740.0230963999314,0.20229403010670674,503.8859852693597,0,normal
37.3,steady,121.58403415457963,741.6528923010217,0.188693797553379,495.395557205483,0,normal
37.4,steady,119.76856957096398,738.6160335195341,0.2018045419296934,498.8219882752615,0,normal
37.5,steady,120.68125340740947,736.9223637614174,0.17853330435053869,497.64257672658925,0,normal
37.6,steady,121.58544871421843,736.9480632863905,0.17735780998352393,496.54661786041106,0,normal
37.7,steady,119.887102736206,741.5269366520106,0.19445775553657593,501.6447853952869,0,normal
37.8,steady,120.58014596455405,738.1580859880136,0.2112252474836619,497.7100487064121,0,normal
37.9,steady,121.14931206953,741.404283814023,0.20815404999949397,500.88734545524835,0,normal
38.0,steady,122.99993208472068,738.8586938075942,0.1850106459616845,499.208364338993,0,normal
38.1,steady,120.16637173359896,738.2842751922185,0.2083883084234983,503.59861735631046,0,normal
38.2,steady,118.83343865164008,740.1718469443416,0.20417001985665384,499.0673850742398,0,normal
38.3,steady,120.5779106708255,740.5309315086345,0.182666886260959,498.20173073840857,0,normal
38.4,steady,121.91234947849992,738.1419575061689,0.18015621924323977,503.33113750412167,0,normal
38.5,steady,120.32531439056403,738.7192359230796,0.20621336658532421,506.81110912666287,0,normal
38.6,steady,121.39686005754851,736.2540779914774,0.20439217268802692,486.6703156466443,0,normal
38.7,steady,120.21744224339213,739.5070467998115,0.19747304340048705,496.46602126217596,0,normal
38.8,steady,118.95653382772335,742.1009382011872,0.20132256670387677,504.65059813638214,0,normal
38.9,steady,119.55579415862925,737.9629979623775,0.21053141009958085,500.0789551041867,0,normal
39.0,steady,122.85855340452133,736.5827254078707,0.1901490421349351,495.1009982520854,0,normal
39.1,steady,121.19277980400662,741.7675698856318,0.2015616135302712,493.82770770824317,0,normal
39.2,steady,120.99632655533715,742.7824127612358,0.2173850296500352,496.8167417015256,0,normal
39.3,steady,120.02949067883019,740.0192007054147,0.20314325204801706,499.7470763163078,0,normal
39.4,steady,121.31867757573471,740.2967908074855,0.21268142746138435,501.40339339493954,0,normal
39.5,steady,121.78470232408874,740.7251489611431,0.20906176109718705,500.6260243979813,0,normal
39.6,steady,121.1940699387463,746.9615372326712,0.21358282130578113,509.01932720237136,0,normal
39.7,steady,122.50869198042058,740.7283085041269,0.19392439089592625,499.91272714617503,0,normal
39.8,steady,122.54994748112776,736.33174018829,0.19481349790266567,504.2175432285056,0,normal
39.9,steady,121.24621219362794,739.9985141729943,0.2063504695487941,494.9592632693574,0,normal
40.0,steady,121.55712212211273,740.7850520421531,0.19146956165159615,500.57866799002215,0,normal
40.1,steady,121.0735431977114,745.5650448587719,0.2151020113806607,509.3570140360605,0,normal
40.2,steady,121.16286386923244,735.0251853752864,0.1900431916059282,501.9369265117677,0,normal
40.3,steady,121.11284713223488,741.8029837459519,0.20121541582267458,499.4784068688428,0,normal
40.4,steady,121.95373829104767,736.1836489759619,0.20505663825136553,505.9114096585686,0,normal
40.5,steady,122.10637460862753,742.2649478415614,0.21198332896688685,503.91251258230574,0,normal
40.6,steady,121.05208128770168,739.9740624698447,0.18320169867571262,498.3271188417596,0,normal
40.7,steady,120.29108239074512,740.6116911187252,0.1918401325680559,495.35744412157584,0,normal
40.8,steady,122.4017554288664,740.0806430726294,0.19177495433133124,496.46159578222483,0,normal
40.9,steady,121.051058944667,742.3189135442358,0.21288235357010624,501.6611275636599,0,normal
41.0,steady,121.602519324042,735.4218515483939,0.1980033707875005,506.106788493182,0,normal
41.1,steady,121.67202503826519,742.0321412047238,0.2034121738790101,495.05821692258934,0,normal
41.2,steady,120.40428210184587,737.8833349638387,0.19072701936966296,504.31774615075324,0,normal
41.3,steady,121.57560836530534,741.6401405954059,0.2013061498508337,495.88362280056975,0,normal
41.4,steady,121.97584044943424,740.1627168910093,0.19820929587289482,499.305704893084,0,normal
41.5,steady,119.02792404393159,741.4297361911134,0.19452429275994168,501.6950788537506,0,normal
41.6,steady,122.45770748205477,738.8130737736863,0.19194541260184358,494.8698183407413,0,normal
41.7,steady,119.74506188067905,739.6824631718472,0.19051157232413804,500.29577989837566,0,normal
41.8,steady,120.62675728662181,741.4776823149341,0.18303028320195147,503.42218879323013,0,normal
41.9,steady,120.09755144236456,738.4751545306445,0.20557753907963844,497.19455236023646,0,normal
42.0,steady,122.44122983355051,742.9380459289081,0.22031158204457868,498.3978565082363,0,normal
42.1,steady,120.75291150355947,743.385101065428,0.20717589482820467,491.693012806638,0,normal
42.2,steady,121.50275772473746,743.1559339640185,0.1941048812438436,496.0986324816093,0,normal
42.3,steady,120.9156543406403,738.4148025621754,0.19273292916044552,502.27444327331017,0,normal
42.4,steady,121.46602020029462,740.7949529265453,0.1963912543299508,496.2644085238134,0,normal
42.5,steady,122.12157687475397,742.3470961898331,0.20570660930817458,500.2188013126725,0,normal
42.6,steady,121.00266202384088,743.9984759939725,0.20171003342579033,497.85209477175584,0,normal
42.7,steady,121.06063801454066,739.7528452458001,0.21181321368609982,501.3127745225703,0,normal
42.8,steady,118.51305050712726,739.4560505284844,0.19888790839579945,503.44375746774153,0,normal
42.9,steady,119.75740350940586,737.3194637436969,0.21598825534111715,501.7629897765048,0,normal
43.0,steady,120.80749895311452,740.3813132766397,0.19968700624338434,498.6950153147313,0,normal
43.1,steady,121.39117406190074,743.7197280146712,0.2043165044235987,502.32410029476637,0,normal
43.2,steady,121.37054656258748,736.589178649432,0.20259875267827512,503.4228030717112,0,normal
43.3,steady,121.21827086206918,738.5474781463488,0.1849320061230451,502.08139460247037,0,normal
43.4,steady,122.07804594198096,744.6601508845531,0.2010210936925811,502.8036442925359,0,normal
43.5,steady,119.12564899530976,737.8767552490182,0.18850373830828496,503.91094001450796,0,normal
43.6,steady,121.58383693695949,737.6964774624502,0.18867341630597023,502.8202096042596,0,normal
43.7,steady,121.34679157440688,741.0021725244017,0.20476127454012769,508.8402928295411,0,normal
43.8,steady,121.9516532262197,742.4775600419889,0.19905030431327422,501.0163505181677,0,normal
43.9,steady,121.01319379311278,740.771651826384,0.20668794658985565,492.18937795432385,0,normal
44.0,steady,119.92244501050641,736.6959391238598,0.18537578444108496,496.95921243271715,0,normal
44.1,steady,122.12514306801353,741.890516428326,0.2019326774371462,506.8129715539918,0,normal
44.2,steady,120.61740730949913,741.662790815947,0.20386724567775924,493.29091524238163,0,normal
44.3,steady,119.70081149788433,741.4393921621793,0.19724719834342486,493.2516617562226,0,normal
44.4,steady,122.26789268550004,740.1466522568588,0.2113995462879785,496.858193581781,0,normal
44.5,steady,120.25280081014809,737.0579470811242,0.1959595342021867,503.4762906131435,0,normal
44.6,steady,122.75617259556881,741.8020707737556,0.19597498942955935,501.7775312513216,0,normal
44.7,steady,121.54634777522837,739.7129741531479,0.21266254808804558,505.31922232668774,0,normal
44.8,steady,121.52897111224263,740.3683844550351,0.18422290576189732,508.0012704335388,0,normal
44.9,steady,120.89782779932251,738.4515437749567,0.19467451630313282,501.3428761708834,0,normal
45.0,steady,121.07951695933347,743.5317232567681,0.21017635292505674,495.18816429268173,0,normal
45.1,steady,120.77741429154037,738.6772838498304,0.20679136501624976,495.0691606779413,0,normal
45.2,steady,120.14906837879428,740.9800495429425,0.19912765780113378,510.9024502799655,0,normal
45.3,steady,121.03513692275817,737.13028776226,0.21100173368192746,512.0881678732159,0,normal
45.4,steady,119.66774820988223,741.477202119131,0.18641473325819094,512.4525605203264,0,normal
45.5,steady,120.44219441166067,739.1043605087061,0.1953067419144115,508.2888478932817,0,normal
45.6,steady,121.69914076484619,742.4550895206703,0.17882200586734143,499.47692398750945,0,normal
45.7,steady,121.58576393656669,737.0855287336324,0.18526381155073574,501.9199866518887,0,normal
45.8,steady,121.27477166299097,735.2811892830281,0.20739820126825173,494.080906149195,0,normal
45.9,steady,122.07358113660452,743.7750482102663,0.1771810983045606,502.5458664143809,0,normal
46.0,steady,121.23041124488432,740.4143027891965,0.18414282780516555,499.895433008224,0,normal
46.1,steady,120.5171964464907,740.0773596822152,0.19397978819613165,507.2944478035567,0,normal
46.2,steady,120.69770411539814,741.9621268871907,0.19676383623904048,509.24288180968927,0,normal
46.3,steady,121.49857739070346,743.954258871602,0.19266909865548063,502.30018337478634,0,normal
46.4,steady,122.35501468959875,740.1765715908797,0.1941857264449808,505.1308376908084,0,normal
46.5,steady,120.06326942679546,735.4895740393926,0.21463059491494202,494.71967930837945,0,normal
46.6,steady,121.50876337953433,740.5876911004938,0.18783114802966297,496.43801732458394,0,normal
46.7,steady,120.33979637909394,739.0947627114496,0.19489704659444335,498.8955029154908,0,normal
46.8,steady,123.24157435146688,739.3263132186654,0.1968524711069744,492.19643099382324,0,normal
46.9,steady,119.41135051780614,742.1241661827083,0.19562379739487554,500.22340632848085,0,normal
47.0,steady,121.64459255720001,737.8647472988894,0.203553101959331,502.27983718899196,0,normal
47.1,steady,121.15053653507401,743.5537278961767,0.20561643269224789,499.55262938632427,0,normal
47.2,steady,122.5141530969001,741.0247920062642,0.17597029384764,504.2776535737208,0,normal
47.3,steady,122.629693832289,737.6095654933077,0.18545545302084954,504.10537884415595,0,normal
47.4,steady,123.01809238935273,743.7544148570298,0.18741141054904165,497.9921517094666,0,normal
47.5,steady,121.26877526798005,742.3507511859368,0.18212212857718346,505.297496276454,0,normal
47.6,steady,122.17676186170497,739.0322615390505,0.18988672415044014,495.21543695144874,0,normal
47.7,steady,122.77910526606209,737.3678325004315,0.20244632874882765,495.032370198525,0,normal
47.8,steady,119.16667071527476,741.8078143983756,0.1958246884668393,502.2125408413075,0,normal
47.9,steady,119.8544731452621,740.1371398072051,0.1933538530540374,486.4777027547338,0,normal
48.0,steady,119.01172491337321,734.7962538937712,0.19144660912409114,507.865928158517,0,normal
48.1,steady,123.0641135485705,739.7321428019081,0.1971135893058475,484.5216459847602,0,normal
48.2,steady,121.71629367974724,739.90627468925,0.20126539358923887,509.0953855462876,0,normal
48.3,steady,121.18354424806824,736.9008213215411,0.19332483988213825,500.11233443525066,0,normal
48.4,steady,120.53078089724698,739.1332092256973,0.1930479628606251,501.69159254041926,0,normal
48.5,steady,121.22316088290194,742.4356323154891,0.1984186910030799,500.76488826786016,0,normal
48.6,steady,119.36667189766715,739.7294675461018,0.2032659886616379,499.37865104380256,0,normal
48.7,steady,122.65438424871897,732.8818308541239,0.20281901460161947,502.45155006999994,0,normal
48.8,steady,118.965117988236,742.2311095843987,0.21246852883695438,499.0211031384099,0,normal
48.9,steady,119.43733987109628,740.0124363662077,0.19982072918408972,508.69640200688553,0,normal
49.0,steady,121.44082878174544,741.4648033460019,0.1926184297795827,492.84189408663855,0,normal
49.1,steady,120.96562984610759,739.1142648782969,0.19044429566746346,510.4785150032782,0,normal
49.2,steady,120.56072329001128,738.2337681108921,0.18313250612810916,499.4075559232121,0,normal
49.3,steady,120.39783486273247,741.970032441794,0.1892865448898567,506.0757407905962,0,normal
49.4,steady,119.60359861655516,734.4860422196471,0.22460978174930807,495.6388673718348,0,normal
49.5,steady,122.98677348842438,742.8909234040624,0.1889283734834483,502.4315841610944,0,normal
49.6,steady,120.47152334996657,740.7691753821799,0.19161530198284757,502.53848036929793,0,normal
49.7,steady,122.28367672388461,741.6183827084411,0.18829331842246413,503.1066195188823,0,normal
49.8,steady,120.16915822635832,735.6992431163711,0.19949327239954456,491.30538190428865,0,normal
49.9,steady,120.75406814232326,738.1375176504773,0.18437478000840635,492.98270683689907,0,normal
50.0,steady,121.82434724980827,741.7070228498695,0.2215011998717027,496.7298302345862,0,normal
50.1,steady,120.05928982589454,740.6707888118076,0.20647519330991781,494.8272991176923,0,normal
50.2,steady,121.59100346282874,739.9629308562327,0.19724618607356914,498.49139604549515,0,normal
50.3,steady,121.06254304409339,741.612641836931,0.20246079704341252,498.82455958260744,0,normal
50.4,steady,120.18402791255673,738.2719478895236,0.20197333319569571,499.90525363770894,0,normal
50.5,steady,120.93639650451105,739.0587827757514,0.19464871918872553,502.92874735514323,0,normal
50.6,steady,121.93794721239715,736.0151332132401,0.18732930658683328,510.2015450974615,0,normal
50.7,steady,119.62588693677195,741.3485401810296,0.1903309116728823,501.41447620351073,0,normal
50.8,steady,123.06176807879221,738.0096803224353,0.20126445067215926,494.29938767220256,0,normal
50.9,steady,121.03647551372214,743.7209674005289,0.20112022048696732,501.81026049046,0,normal
51.0,steady,120.69911483513255,739.3278723056076,0.20498674223509333,498.56720788457153,0,normal
51.1,steady,121.0115617250939,740.6452491087255,0.19809013454715113,492.66170422867873,0,normal
51.2,steady,121.15114485026984,739.1765896374402,0.21457682896103858,510.71701683077066,0,normal
51.3,steady,120.93046204753156,740.2840342393646,0.19302400559894053,505.7250736567673,0,normal
51.4,steady,120.64865397747793,738.6791369977088,0.18922753669065515,505.57474106286924,0,normal
51.5,steady,119.99288826601445,741.0278354685915,0.2102322204012419,502.98339948317505,0,normal
51.6,steady,122.37967837546921,738.9926307788412,0.20187066036676488,499.5463860369275,0,normal
51.7,steady,119.57876839892428,742.710607036437,0.19939849000539323,492.6706565410974,0,normal
51.8,steady,121.11049987308203,738.2769040719667,0.19595300612892425,503.6418656156505,0,normal
51.9,steady,120.54523793307038,737.7478018213095,0.1956758564475977,506.127105102108,0,normal
52.0,steady,121.41050089747858,740.6835142413571,0.19591288957226974,501.6855444603466,0,normal
52.1,steady,119.25029240625308,740.6158631573105,0.19828841401016997,506.51227310649125,0,normal
52.2,steady,122.31587966350433,738.9485380905705,0.22091976248990888,498.80498304230645,0,normal
52.3,steady,121.51529260613346,736.2010506591078,0.21296759441767588,498.83409434099593,0,normal
52.4,steady,122.06607159158108,739.0006539042898,0.19740125594638386,498.2829197147977,0,normal
52.5,steady,120.56614124739077,739.2815089909828,0.20048650050923114,497.3115225475313,0,normal
52.6,steady,122.61513673684973,741.6773517211133,0.1954589636016801,505.53622098449995,0,normal
52.7,steady,121.77849014589437,740.6165199287527,0.19500647808322327,501.79091947878226,0,normal
52.8,steady,121.55835614069204,745.6977242587994,0.1965704355105518,506.13010251430387,0,normal
52.9,steady,120.87185431566566,740.0438184306292,0.20707418979497083,496.4182475574719,0,normal
53.0,steady,121.63388461932269,733.7547894067648,0.19125501244308354,491.339809220931,0,normal
53.1,steady,119.540730534194,737.1192476343223,0.19947938084097527,493.5303104971423,0,normal
53.2,steady,121.58659711670865,736.8186198842792,0.2178691937806884,501.99698109014616,0,normal
53.3,steady,120.8220235211148,740.8731790092787,0.1929241050500758,506.6289443541881,0,normal
53.4,steady,121.70155736962114,735.3146901948813,0.20270771034962654,500.1823179456166,0,normal
53.5,steady,119.28539797193892,738.3329553814782,0.2162802087180586,498.931435458948,0,normal
53.6,steady,121.85087382575998,737.1787188920284,0.2115741094456249,504.13033593347205,0,normal
53.7,steady,120.72375896757922,739.1720985634593,0.1882521556798715,501.56422620537916,0,normal
53.8,steady,120.02724168455224,738.6177548735865,0.2044518659944659,500.6398815571791,0,normal
53.9,steady,119.65187658458595,745.0868905042829,0.20798737848285798,501.70979998334275,0,normal
54.0,steady,121.9298140163557,735.1414280530267,0.1933008081055835,505.4047925829809,0,normal
54.1,steady,120.96008327534024,737.5409999805306,0.217374996005539,497.45127450068486,0,normal
54.2,steady,122.84961102550207,742.1117008421974,0.20522694022378002,498.12222315654924,0,normal
54.3,steady,122.94205329538903,739.7643596329374,0.2171710869321514,502.1756744429322,0,normal
54.4,steady,120.04977976799525,738.3490160125453,0.20850718488606004,495.8864906502509,0,normal
54.5,steady,122.8091476901079,735.7648586626324,0.19906757239333187,498.19179699874314,0,normal
54.6,steady,121.28450976673713,740.5123347227769,0.2198491368300161,500.3112472636838,0,normal
54.7,steady,120.93291756261327,736.6481146442704,0.18109526839751475,507.6531664309697,0,normal
54.8,steady,121.02362006227366,740.2285559257996,0.19959664098634625,503.8157635810059,0,normal
54.9,steady,120.18230423459421,737.3333423171615,0.19112576373838383,500.39606205116934,0,normal
55.0,steady,121.36632098739962,743.155009689963,0.1972129064457494,494.88623588724346,0,normal
55.1,steady,121.20036193510927,745.3033428890658,0.21050587132209445,502.0457469709804,0,normal
55.2,steady,120.81645197203079,735.9617084781996,0.20323302682158337,495.5323435224219,0,normal
55.3,steady,119.86648279309459,741.0116040754872,0.20842038364411564,489.4242909620589,0,normal
55.4,steady,120.61889386837366,735.4103449083775,0.19880759982091692,494.15696967632294,0,normal
55.5,steady,119.50631277771323,743.3149194467951,0.23155353203522797,490.50684133919316,0,normal
55.6,steady,120.4310804169743,741.5916854391979,0.2055901723607615,500.8072550228882,0,normal
55.7,steady,120.20148974272303,741.0732529566442,0.20321831879053387,499.0620545073432,0,normal
55.8,steady,121.89658760169604,740.363177135694,0.1957138207851101,505.5266683857763,0,normal
55.9,steady,119.47433450978956,736.6648907092139,0.20660143781558946,494.35698641224707,0,normal
56.0,steady,121.48582353596001,738.0984887974669,0.2048174700331928,501.0949166535559,0,normal
56.1,steady,120.42376281366516,740.1106331221839,0.20118462835878725,507.67743060031853,0,normal
56.2,steady,119.98390344910847,740.9355791701906,0.19700822179302277,501.1491095323748,0,normal
56.3,steady,119.90035730196928,737.316170710259,0.19964394171451907,499.3730558764709,0,normal
56.4,steady,122.48888227014635,741.0090935616179,0.2006620580046427,492.7996862696388,0,normal
56.5,steady,121.61885567329215,739.2973616888532,0.1986125170334067,505.5923043038787,0,normal
56.6,steady,120.73013215145328,740.7766156906938,0.1986197512102222,486.26595713652733,0,normal
56.7,steady,121.07446092511461,739.5195045040422,0.18940418536503212,505.6252162134496,0,normal
56.8,steady,121.52397621966324,742.121218580787,0.20511195406281962,500.4001969813845,0,normal
56.9,steady,121.65564253189557,738.0742673570805,0.21258970352407675,505.0770747672899,0,normal
57.0,steady,122.80794993378277,742.8167002540455,0.1970803146662942,498.49030804207393,0,normal
57.1,steady,120.7612597001866,739.0102344336526,0.21749115796522034,498.68368280006086,0,normal
57.2,steady,120.53421024161356,735.3265858283156,0.2185143064194725,502.24822253772817,0,normal
57.3,steady,118.22237123901617,737.9931514693515,0.20108524436059635,498.8959829059707,0,normal
57.4,steady,122.1577895055516,741.1396791105775,0.19725329301859942,505.4998908754022,0,normal
57.5,steady,120.10880130086005,741.5287878149932,0.2145734538752648,499.86886389256824,0,normal
57.6,steady,121.4202585219171,740.7434388300782,0.1880847536957063,495.4750452941771,0,normal
57.7,steady,121.1542627774092,735.7025558259576,0.20487247409540285,503.55756692704574,0,normal
57.8,steady,121.51723980409594,740.3542156173625,0.1905521396570454,502.77346088177836,0,normal
57.9,steady,121.0210501608521,742.4952121948169,0.21677964534383412,501.92073880447896,0,normal
58.0,steady,119.9024815463039,739.2038931675133,0.19956869982367628,498.3093139644891,0,normal
58.1,steady,121.55387374991963,738.869622597251,0.21305901063838056,492.89827372793087,0,normal
58.2,steady,122.70403992838078,740.4451002014544,0.2154475016167416,500.5231806690478,0,normal
58.3,steady,119.76979097255354,734.4044810071717,0.20837503843804273,496.9369848825853,0,normal
58.4,steady,121.18033289522707,741.2963236240491,0.18538658301003913,506.3647129684915,0,normal
58.5,steady,120.11993739508577,747.8523904228412,0.20057719126936277,498.64228848587715,0,normal
58.6,steady,119.8842110563109,738.1800876268364,0.21267673084895425,496.3647377213623,0,normal
58.7,steady,120.53946163753703,741.5172702885446,0.20652054752053237,501.5081332128819,0,normal
58.8,steady,119.0551783632884,741.8572247691461,0.2025955580955517,501.18457563278497,0,normal
58.9,steady,121.46061619961289,733.6685184490216,0.1882216881463322,498.524839123366,0,normal
59.0,steady,121.08867109191591,738.9983592623205,0.21069448815856853,498.33489293124927,0,normal
59.1,steady,122.25343229357979,742.05571833301,0.2046054242536815,508.39233756186104,0,normal
59.2,steady,122.26998153822794,735.0079151128976,0.19815241299742634,497.1462538115521,0,normal
59.3,steady,120.73100386028025,742.6256141405108,0.18440563906745497,497.2256799206723,0,normal
59.4,steady,122.42681033080028,738.3572077078669,0.20430149276845125,509.8099214704625,0,normal
59.5,steady,118.88683883931398,739.0359150735014,0.21556740526722518,502.568557139022,0,normal
59.6,steady,122.0886063835114,737.7301747756022,0.19562449575624433,492.70614619441585,0,normal
59.7,steady,121.34711452984844,739.7959603388558,0.19581368346233816,496.06966717660526,0,normal
59.8,steady,122.76407328271722,739.4717106165132,0.19401765484917927,503.50295596338344,0,normal
59.9,steady,121.94770261571097,741.8472216826733,0.20684331282993923,506.6519803229807,0,normal
60.0,steady,120.85170530114996,741.7024930978614,0.20016225728932993,504.19218148011873,0,normal
60.1,steady,121.52278759190564,742.2438436913042,0.20257832818633284,491.4083778578422,0,normal
60.2,steady,118.2746776318986,739.4944994440135,0.19974711736732,501.7550754872084,0,normal
60.3,steady,121.66282158441099,741.9559499546681,0.19995805600382105,507.0002974082595,0,normal
60.4,steady,120.94933231965139,738.6662267793762,0.20203203759108995,492.62098657190967,0,normal
60.5,steady,121.60926419500869,735.3814138987294,0.1821703750797735,500.52663874200675,0,normal
60.6,steady,120.15163427045154,743.2129227867694,0.18908726362858216,500.8654554487313,0,normal
60.7,steady,119.10226827834967,739.1441338989118,0.2055592015885865,491.68597368004396,0,normal
60.8,steady,121.90161664186446,737.1318860220149,0.19910158707976294,501.3433929830508,0,normal
60.9,steady,120.65148033240557,737.0484454416993,0.204194654750091,500.07595298120657,0,normal
61.0,steady,119.14060322298309,737.1048602392159,0.20268228849362963,502.6716728809638,0,normal
61.1,steady,121.55236475559242,741.0632795619414,0.19852594136278923,500.2999451009042,0,normal
61.2,steady,121.73749817530228,739.4294108773353,0.18965637122725967,502.35382665704316,0,normal
61.3,steady,119.43472568676759,740.0516245644969,0.20714936169932566,500.81757373324734,0,normal
61.4,steady,121.19517317142054,740.4924970091689,0.1895630578035562,499.6549275087504,0,normal
61.5,steady,120.60591755366217,737.784576919238,0.18390238465784453,501.6736190172339,0,normal
61.6,steady,123.8225144910212,743.5627035960077,0.18029362310261313,505.4572001272588,0,normal
61.7,steady,119.84515223123351,744.1014702189223,0.1994254883063125,508.15158051385015,0,normal
61.8,steady,121.04555402665765,738.6038830850944,0.21487171698477525,501.68576518223847,0,normal
61.9,steady,119.75962249647644,738.0512982321691,0.2045359491183994,496.60259961295753,0,normal
62.0,steady,122.09312045487476,742.2206133199896,0.19486846718025277,497.6072187948405,0,normal
62.1,steady,119.5200933336279,738.2721100815787,0.20402244329949396,494.2449414354754,0,normal
62.2,steady,120.2136558529628,733.4499889053094,0.1869748267306038,502.25904504047975,0,normal
62.3,steady,122.14727622233343,742.5841901427798,0.19282951047423239,507.74734231663143,0,normal
62.4,steady,121.4638767448798,741.0203792361752,0.1982785662447009,496.52294512130095,0,normal
62.5,steady,119.45318501929447,740.4428653118081,0.1923144072243867,500.8069174680028,0,normal
62.6,steady,121.70025411504795,741.4175181338111,0.21636202171791252,505.768166219457,0,normal
62.7,steady,121.00254074710682,743.0724577527715,0.21169748020700388,489.9108446346753,0,normal
62.8,steady,121.08611108984721,735.1570679717101,0.208796415424711,501.03397821054676,0,normal
62.9,steady,120.69101611149843,745.244040651901,0.19928930696993102,512.8317376326158,0,normal
63.0,steady,120.99251708706295,742.0002007595526,0.21415251297045249,502.0242417776436,0,normal
63.1,steady,120.28379465446696,740.0760953539485,0.18285786079137,503.45434405941006,0,normal
63.2,steady,121.01344091707679,738.8662477439765,0.20070102005166648,494.92363464392685,0,normal
63.3,steady,120.82031510206203,744.3140166392632,0.19194925445181618,494.7799245382259,0,normal
63.4,steady,120.35502926286061,739.0121792043785,0.20393736509592536,503.62540444211413,0,normal
63.5,steady,121.70324639519424,737.416859991646,0.2047226291147281,499.52432100977745,0,normal
63.6,steady,122.23940019626582,737.6970078785429,0.1828830065811415,503.0170417201125,0,normal
63.7,steady,120.05817222584531,737.1172220950211,0.19947752343232508,498.6180374642459,0,normal
63.8,steady,119.84312008968735,739.983046087753,0.20979727319430821,496.66368194759315,0,normal
63.9,steady,120.99644556818872,741.0360046048426,0.18788647180545606,499.76550572869405,0,normal
64.0,steady,122.16089829863643,740.3592614374231,0.19154205061978874,501.08599913990145,0,normal
64.1,steady,119.74010476662262,739.9900779603611,0.1887916171186737,500.407498224144,0,normal
64.2,steady,121.75023233601335,742.9803218099233,0.20568356491084253,491.6907891875237,0,normal
64.3,steady,120.81385304911255,741.6978691026608,0.18957278926601806,500.10126581782157,0,normal
64.4,steady,120.71557326143784,740.5043913238034,0.20979105978309473,497.3617669548232,0,normal
64.5,steady,120.21748693372754,741.57007623883,0.21029460206239484,498.08832852424234,0,normal
64.6,steady,121.70690526842402,739.4746041310628,0.18490503569874117,498.28857171191646,0,normal
64.7,steady,119.24539220553673,739.3859023813927,0.21654734115946211,508.67824684961545,0,normal
64.8,steady,120.72046757663885,740.0055908875372,0.20587596904769626,499.6681610550067,0,normal
64.9,steady,120.51713621502863,738.35257732405,0.18349230245141934,496.8168635923322,0,normal
65.0,steady,121.71554161524072,741.4131455568637,0.19852559942135686,505.2365442508321,0,normal
65.1,steady,120.9674537053759,736.6592563600827,0.19422320045774397,504.2727298234477,0,normal
65.2,steady,120.9799353725234,737.6284266452304,0.20096745017253312,504.16579387858883,0,normal
65.3,steady,119.94191113659184,735.5686657002235,0.19616035975811336,507.6486990916087,0,normal
65.4,steady,121.6954156229381,737.1665404483865,0.20365952758570094,498.1510060548661,0,normal
65.5,steady,122.35069408194082,741.6825215085847,0.19107971227043677,495.3042829954585,0,normal
65.6,steady,119.64233577397906,738.0065990798622,0.1911409987410735,504.09433902271684,0,normal
65.7,steady,119.6629378251558,739.8487918050095,0.19482251017687857,501.0234318571976,0,normal
65.8,steady,121.5401171633068,736.8571144529885,0.20674613274592002,500.3032363626612,0,normal
65.9,steady,120.3431445919431,738.3993321243114,0.2134022765823674,499.7261322583524,0,normal
66.0,steady,121.8736992365856,739.9633501852798,0.20063667905881774,502.5083372003117,0,normal
66.1,steady,121.01424680221221,739.0429577619162,0.2094398805397419,496.515234129874,0,normal
66.2,steady,118.92067141111623,739.2088344815558,0.2016645751314479,509.89158294130107,0,normal
66.3,steady,121.56813636624057,741.8353488189146,0.19847255986270396,496.59453126559004,0,normal
66.4,steady,120.1918708504436,741.109142707555,0.20403794640994793,496.9540292349452,0,normal
66.5,steady,120.9856690899034,738.8368101230717,0.18950998312380268,500.5911546972928,0,normal
66.6,steady,120.7134608323173,737.1135250199842,0.18803036248559787,498.48698723432585,0,normal
66.7,steady,122.64997435103456,745.5214127667709,0.2157794930549389,489.14396478286466,0,normal
66.8,steady,122.47303699835605,742.044274625953,0.20420033284235073,505.5525358277218,0,normal
66.9,steady,120.58528824941975,738.5835041053759,0.1923570165996291,494.3036526508207,0,normal
67.0,steady,120.1686641939554,737.6918121687236,0.21029749392028424,499.25478399289904,0,normal
67.1,steady,120.8319923994458,740.1510911637913,0.19453589664508159,490.8345932403715,0,normal
67.2,steady,120.48417424646595,736.0422851720289,0.19350560856031493,497.28913337251606,0,normal
67.3,steady,121.81613773169954,745.3257219512977,0.1947423473792659,504.17928915483134,0,normal
67.4,steady,122.1926596493523,742.1100169161333,0.21285620535294922,497.5138049503136,0,normal
67.5,steady,119.65556501543188,743.229728893435,0.20443107679640932,505.00898393335,0,normal
67.6,steady,119.90070586297257,739.2401852342791,0.20888173126172457,495.40601135060507,0,normal
67.7,steady,121.56666636683751,738.9931446124433,0.20447941259854532,499.8980195130376,0,normal
67.8,steady,118.70776208382733,736.1536964358296,0.1958601155047665,498.5508997724134,0,normal
67.9,steady,121.26636000910455,740.3760913196003,0.18557758922171277,509.4348027347688,0,normal
68.0,steady,118.78869509377878,738.7590976132132,0.19951496618705997,496.13038306413773,0,normal
68.1,steady,119.80652124815425,737.7307711702865,0.20137132805259003,502.75113435938187,0,normal
68.2,steady,120.70238080173637,741.1393405612916,0.2024914453410827,497.9856305259829,0,normal
68.3,steady,123.09892987028962,736.9797986831006,0.21135676604609838,504.0647093308179,0,normal
68.4,steady,122.16544811966098,732.8574821993216,0.21248953820048935,507.6847643959019,0,normal
68.5,steady,120.83356779667976,739.801072219723,0.2121010636517814,502.820291786548,0,normal
68.6,steady,121.36205725926,736.189337623662,0.20205720423636522,504.15780011847636,0,normal
68.7,steady,121.41095149604227,742.5686154491575,0.20473063913543818,505.3700055507502,0,normal
68.8,steady,120.91354890773486,734.031454552277,0.19709358180915287,503.23133882563167,0,normal
68.9,steady,120.93653233719446,739.132789661105,0.22168693203423734,491.74343307005495,0,normal
69.0,steady,122.06636323508143,743.5173872363306,0.1781398540278296,501.8748702785324,0,normal
69.1,steady,121.79105688937324,739.2858601305304,0.21440202098210812,492.1646145659592,0,normal
69.2,steady,121.20779887720562,743.5474640268973,0.19993963112828345,497.89053310807464,0,normal
69.3,steady,121.16533432667488,740.8412327891667,0.19459079314292568,494.3961541542759,0,normal
69.4,steady,122.03528652457125,737.0817624036407,0.19101632791149098,503.05623420607327,0,normal
69.5,steady,122.587203283714,740.5866694291183,0.20793743345061963,504.13615793537184,0,normal
69.6,steady,122.72030486237858,740.0432137496274,0.20580001821433283,502.90698966145345,0,normal
69.7,steady,119.58971106963818,738.5909555564892,0.21288084991145065,503.9458148042601,0,normal
69.8,steady,122.58330892521117,740.2453212314233,0.1864312042816078,497.2497651849898,0,normal
69.9,steady,121.52250972252314,741.6332494360211,0.211562766811294,504.03347888400793,0,normal
70.0,steady,119.31691668311603,738.4892773686238,0.20386998770149256,502.5139644206579,0,normal
70.1,steady,121.30734709954612,738.9122784403979,0.19226923229713658,504.46466647092035,0,normal
70.2,steady,121.4187171954389,741.0786652598067,0.19194651238759902,494.4232598191267,0,normal
70.3,steady,121.22347026055394,739.5828590419535,0.19457577154911604,500.7104488239821,0,normal
70.4,steady,121.59162657495297,738.9097655303854,0.18663017885490285,495.16757910381165,0,normal
70.5,steady,120.02067236207759,741.5018546506207,0.20651435247988137,500.2141693647622,0,normal
70.6,steady,121.14697422765194,738.108408143533,0.20192416888975623,505.2722077623921,0,normal
70.7,steady,121.44796563899095,738.3556115134312,0.21361019890591404,504.7499376597003,0,normal
70.8,steady,120.79745914826125,736.4325057125985,0.2068353291061557,500.3678015588551,0,normal
70.9,steady,120.09787531082833,742.6126636750532,0.19946537028313296,503.3145341092034,0,normal
71.0,steady,121.48364453582245,738.8938290938555,0.20542657031781675,490.4041691840945,0,normal
71.1,steady,120.29124655843512,741.3929522954453,0.19891963272837765,494.74664570524703,0,normal
71.2,steady,119.60355599297642,735.9294289772035,0.19607625343064478,505.10293969914835,0,normal
71.3,steady,122.07135690634712,735.7284112317068,0.19417853810679195,508.854526268864,0,normal
71.4,steady,121.46069513585489,737.9822965429034,0.20117746845844162,502.6273107493645,0,normal
71.5,steady,121.08287317198118,736.0580006634583,0.20834676457077175,498.2007430760748,0,normal
71.6,steady,120.97236149164137,737.9718529326329,0.19215694160142585,498.95718015858023,0,normal
71.7,steady,123.22474789956023,741.6411477545577,0.2096841881577734,505.114371659227,0,normal
71.8,steady,119.67787944981521,740.1903076833437,0.19739054343282797,500.60974495514137,0,normal
71.9,steady,120.99523526762296,741.5469051502539,0.19629271085691113,507.0272123493724,0,normal
72.0,steady,121.54257759778841,736.6813988461511,0.2026713660818918,507.2914516976253,0,normal
72.1,steady,121.52244790824159,738.6479932177313,0.20927378583681439,502.4239418346722,0,normal
72.2,steady,122.35794243261289,742.3565870289493,0.19864818508869503,501.5202475923883,0,normal
72.3,steady,120.72654766193858,739.4353329857131,0.22548776969798376,508.6123747870447,0,normal
72.4,steady,121.13317280566646,740.4150580164378,0.22661064645006546,497.0277036928093,0,normal
72.5,steady,119.83557093071623,739.1368645528277,0.19207964433636382,502.3612347760314,0,normal
72.6,steady,121.06174902887474,739.2589461361929,0.2014539154616243,495.9120788700113,0,normal
72.7,steady,121.34976218777797,739.4018284480529,0.20916462022931856,494.5416119887372,0,normal
72.8,steady,121.82872815754531,740.2140212787147,0.2105831850378503,497.0063353828995,0,normal
72.9,steady,122.90736947399257,745.1363907247996,0.20186371239033762,506.6124196787577,0,normal
73.0,steady,121.02777398489741,739.5527415742204,0.20799518663283165,506.9753273550542,0,normal
73.1,steady,119.46711290908532,737.8178468552943,0.19339649406245868,494.40442288002066,0,normal
73.2,steady,121.11353164140652,738.3492353062198,0.2030431222200797,500.1664122855052,0,normal
73.3,steady,121.78269968010248,740.3607784303597,0.20422836581453938,498.92102818808837,0,normal
73.4,steady,120.46981465211734,742.3444775090982,0.197873602017252,499.2209189579738,0,normal
73.5,steady,122.45956438093619,740.9598587356779,0.21478872455781348,501.587768109253,0,normal
73.6,steady,122.6329387666242,741.0192365547247,0.20069104504220742,499.35511808617105,0,normal
73.7,steady,120.59785264697327,739.7081457968567,0.219951132972522,511.31101088456165,0,normal
73.8,steady,121.5459212184082,740.3931303405182,0.2103131943351748,494.0017864765779,0,normal
73.9,steady,119.57182686912923,739.1422394074768,0.18260533366199105,498.5342097108476,0,normal
74.0,steady,120.55836996655712,740.6209727361512,0.20368185982617373,507.9903620113778,0,normal
74.1,steady,122.23477307756662,742.5554885170342,0.2034900134840063,488.1941847446001,0,normal
74.2,steady,120.72935897219125,737.8503616327935,0.20368367980847124,496.38712570260645,0,normal
74.3,steady,123.1480770566578,742.2001855289648,0.19340326571715097,499.4363037064907,0,normal
74.4,steady,121.99911928050068,741.2758798533382,0.19198151465719013,504.8710593690142,0,normal
74.5,steady,120.76796639312911,739.7912402130298,0.205162378852511,499.96769578020655,0,normal
74.6,steady,121.33150109801024,737.1141614198508,0.17636165310847005,499.33890260748365,0,normal
74.7,steady,120.59730810410862,735.5248031598585,0.19690457379168652,499.06743258951946,0,normal
74.8,steady,120.35016767713665,740.5280487529326,0.21059401972642314,502.55759650666266,0,normal
74.9,steady,120.66881092752091,744.0937584429735,0.1900755965159917,503.5125926558321,0,normal
75.0,steady,121.94235950186761,741.7392045969699,0.2021205815302005,500.38564114018436,0,normal
75.1,steady,120.55156849045275,739.3087085296091,0.20079082440197935,501.5774378001078,0,normal
75.2,steady,122.38553747877351,741.0271525801642,0.20519018399956201,499.2134549942386,0,normal
75.3,steady,122.1492345758481,742.8764769602063,0.19069895494256864,497.1504412708323,0,normal
75.4,steady,120.77705749056584,738.502364838518,0.19188050003995705,497.3603586236311,0,normal
75.5,steady,123.3401687141333,740.002206072465,0.2058524353617285,489.4482304274969,0,normal
75.6,steady,122.0837423243045,741.8860562084884,0.19748295888167403,498.6600718275547,0,normal
75.7,steady,119.38706338242643,740.397747867945,0.18500359810258588,497.9436485902619,0,normal
75.8,steady,119.83935697970587,740.0113201777026,0.19658368611919677,502.3882165248388,0,normal
75.9,steady,120.36528670539431,740.5923720774616,0.18908139163633686,490.750613219019,0,normal
76.0,steady,119.94735829786332,737.2824675825829,0.20960645350447843,510.01758794989274,0,normal
76.1,steady,121.40404137890371,741.203596502563,0.18834344037439413,505.79098719195827,0,normal
76.2,steady,122.12764947932976,740.1728822145196,0.17586012638915763,495.66437357354647,0,normal
76.3,steady,119.87953461959594,739.9273863108758,0.18555345944471285,502.1610596592368,0,normal
76.4,steady,120.75225091215113,736.6889562034954,0.1913937041415027,488.72691083584306,0,normal
76.5,steady,120.73668462763527,738.0407065632312,0.20980291678211554,504.1972068123939,0,normal
76.6,steady,121.0095054881476,737.0310276274791,0.1882720991372618,510.5023648697414,0,normal
76.7,steady,121.53058705633389,737.5096506620525,0.1769845368452128,495.7585019581359,0,normal
76.8,steady,119.61295356770798,742.0058288516742,0.20287682918500927,505.59197809662317,0,normal
76.9,steady,122.20133366475204,745.3326590073634,0.21190553272073262,499.94701286163576,0,normal
77.0,steady,120.16704806032264,736.0620991691566,0.20434133451106581,495.2441852090208,0,normal
77.1,steady,122.53582675171384,743.6423281331126,0.183074060499272,508.4320497933626,0,normal
77.2,steady,121.57591060235426,736.2893545428165,0.19316617703028888,505.47590336156895,0,normal
77.3,steady,121.89629166565258,743.2716904825643,0.1867689511625731,501.14969788368944,0,normal
77.4,steady,121.24838551659354,742.8434210315041,0.19932639394613083,507.50964955683145,0,normal
77.5,steady,120.49508631930806,739.1200821635396,0.198604154648062,496.15058148106533,0,normal
77.6,steady,122.0319128903106,740.9056596949505,0.18450989892072076,501.08909763207816,0,normal
77.7,steady,120.46043596773512,743.4656424047683,0.19670305910695549,502.2008280903451,0,normal
77.8,steady,120.34848114843238,737.768615921036,0.20083371556129337,510.96350184642546,0,normal
77.9,steady,120.37184090676615,738.6098960846683,0.1965512549961558,491.1399766657171,0,normal
78.0,steady,120.53512360216337,734.1093740039419,0.1907153867260768,499.32493472456684,0,normal
78.1,steady,120.50060015198213,744.1470634897267,0.20228034041209067,498.21888499808557,0,normal
78.2,steady,121.13258620557444,742.7559674252491,0.18006890014423646,504.8274641493549,0,normal
78.3,steady,121.09515303849246,740.2430072647468,0.19712914138698498,499.3792151093012,0,normal
78.4,steady,120.31123984049337,740.5619004703494,0.19351513846592458,497.1346298387765,0,normal
78.5,steady,122.48239553214661,742.9674403093471,0.19947299185873363,508.99127483121833,0,normal
78.6,steady,121.33960178088293,739.543264700872,0.2057900211997079,491.28679706532694,0,normal
78.7,steady,121.0540930704475,739.1442951155326,0.2033949114518163,503.3660318807387,0,normal
78.8,steady,121.30664803050163,738.5262147392419,0.1939798219573761,500.73505379665323,0,normal
78.9,steady,121.52281524617635,740.2621537799782,0.2005260573755065,504.6919906928055,0,normal
79.0,steady,120.92005381987981,739.9793439758438,0.20530350862683416,502.0365911118063,0,normal
79.1,steady,118.56019961482863,742.2643766848278,0.1886520763627359,490.8892624150093,0,normal
79.2,steady,120.60894136728818,740.8043726910691,0.20730674352921666,496.7727071974313,0,normal
79.3,steady,119.65892040354625,743.2497690760982,0.1978988734191849,501.8482999133523,0,normal
79.4,steady,122.13189674491831,742.8052505570748,0.18816689105527,499.5787557815338,0,normal
79.5,steady,120.16964666124092,744.1896859843049,0.21686676123937987,502.69038029598306,0,normal
79.6,steady,121.1163895930204,738.6650046438097,0.18673529784990267,492.641125077036,0,normal
79.7,steady,120.8790765039567,740.0756935551038,0.20050412515663288,497.9969706870995,0,normal
79.8,steady,119.14785382704892,733.9780254175556,0.20774373759009776,503.628824819706,0,normal
79.9,steady,121.0309206294909,739.4519538467447,0.21309281725192358,504.6178733730791,0,normal
80.0,steady,121.31141625759548,739.863532166188,0.18902079699182112,506.6168088321586,0,normal
80.1,steady,121.06747944720031,740.0096778167386,0.18753215961672953,495.3647960282824,0,normal
80.2,steady,120.38706775242092,737.8220375205752,0.20258908489268876,499.47854425147267,0,normal
80.3,steady,121.13138472321144,737.9937210800992,0.1857338275577217,499.1806055743301,0,normal
80.4,steady,118.56787439438175,737.6591584274909,0.21252711351987888,504.37025294342976,0,normal
80.5,steady,120.85934746418293,737.7976266000319,0.20756953151364807,490.1375803317221,0,normal
80.6,steady,120.61919126182852,739.0880592590793,0.1906700931364655,501.4898302089505,0,normal
80.7,steady,120.74134724448173,740.4126469315484,0.18961875297698863,501.70160345756796,0,normal
80.8,steady,121.8315643609377,740.7384673787692,0.20767442071850062,498.9076218238479,0,normal
80.9,steady,122.10497889709417,744.8597484830051,0.20052035016360775,495.779394051576,0,normal
81.0,steady,120.17759646576494,738.0534433939891,0.1962761266330107,506.27597669800053,0,normal
81.1,steady,122.89874988346821,739.9745197432031,0.21730460705503152,494.5935520176649,0,normal
81.2,steady,121.62515103372674,736.614088041662,0.192842124533606,505.17466356513916,0,normal
81.3,steady,120.45544330191491,740.7624600749101,0.2005681621235439,500.62214603563984,0,normal
81.4,steady,120.89322804083224,742.7322592047493,0.19241282639283414,505.1239121239715,0,normal
81.5,steady,122.07063270752604,739.6708342655727,0.2147414071275944,504.725021474005,0,normal
81.6,steady,121.81924548436058,737.0761090596473,0.20757153086401525,492.2100450514129,0,normal
81.7,steady,120.33795762757337,744.4217362138286,0.2068512034360046,509.23641357515965,0,normal
81.8,steady,121.96965653250652,741.5065386885757,0.20622679629559243,507.82559197425684,0,normal
81.9,steady,121.53671723525359,741.3556250182161,0.1956015850438694,507.2027396482559,0,normal
82.0,steady,120.6075666137084,739.9170300221743,0.1997855913936558,502.5280819865327,0,normal
82.1,steady,122.37925138403214,739.0799408733014,0.20770093954878135,501.7845537855252,0,normal
82.2,steady,121.08230819128502,736.9852850821866,0.20204868814867627,502.3533492993232,0,normal
82.3,steady,121.55158511358468,737.6991323823604,0.19895165068392115,498.0802540433586,0,normal
82.4,steady,118.26230619721122,738.3088587027491,0.19511420610511998,507.2235303103474,0,normal
82.5,steady,122.26233467651686,742.9634812083127,0.1923523785338512,508.1682664869864,0,normal
82.6,steady,119.90025350169296,739.8254575112601,0.19088605304263415,513.6264073674571,0,normal
82.7,steady,122.32965590153718,743.6543160889419,0.20854339490073553,497.95079059101766,0,normal
82.8,steady,120.25846501881676,740.1211011905606,0.19330332982614484,506.29135633953996,0,normal
82.9,steady,123.00069002502566,746.6014350927608,0.1923083121103238,507.989322118112,0,normal
83.0,steady,120.46161331314919,739.1021590974555,0.19998210420969442,508.9287966600866,0,normal
83.1,steady,121.45675861181088,736.039862250495,0.201644981940293,502.10335371250113,0,normal
83.2,steady,120.2634663282586,737.7744126288097,0.18682382546906084,501.78116057611237,0,normal
83.3,steady,120.82515874121191,740.2474885723333,0.21329424125949864,494.8397998614716,0,normal
83.4,steady,121.19330072689797,735.9092573792674,0.20331126759315313,511.0141207196504,0,normal
83.5,steady,122.79591203013055,739.4686296048416,0.18692254290954244,494.6453736087601,0,normal
83.6,steady,121.35904236392024,739.8280755754544,0.19729458653163462,498.3657740554973,0,normal
83.7,steady,122.05633236489763,744.0006744909057,0.19912130989774304,506.62618626030985,0,normal
83.8,steady,121.32117396138112,737.6478221894018,0.2020907049583107,491.9035282401351,0,normal
83.9,steady,119.84874890952578,742.7411808589541,0.2116896325313701,501.8466221146401,0,normal
84.0,steady,122.1245559000664,739.2812266426408,0.2058567334267129,503.8469037560931,0,normal
84.1,steady,120.53622687676653,739.3889625978103,0.20413836219166448,492.66166522309226,0,normal
84.2,steady,119.94741679570475,736.6284572137281,0.2137316859892684,496.73020733978,0,normal
84.3,steady,119.87506947630725,737.1962869517266,0.20903745356657802,500.0871613800322,0,normal
84.4,steady,122.6040160279282,740.4819307361986,0.20403927790110887,506.40939734221644,0,normal
84.5,steady,119.52502810181602,742.0350924677688,0.18273398353515113,504.37634526716613,0,normal
84.6,steady,122.40102708894216,739.0035575230092,0.20813696010005642,500.97120907522685,0,normal
84.7,steady,119.21345896149904,740.4351598308829,0.1879948689477386,506.58693305357724,0,normal
84.8,steady,122.21630292790256,739.8236410066343,0.19284004858359452,501.10514290860283,0,normal
84.9,steady,121.25378808489023,737.2139866843188,0.21969491735422506,496.73519795166214,0,normal
85.0,steady,120.98706102149471,734.7591546989213,0.21598428006430725,501.4698976745139,0,normal
85.1,steady,119.27173499904649,739.5550064819931,0.22299215128393604,504.1226976820521,0,normal
85.2,steady,119.79969808593222,739.9631343488901,0.19111717745224016,499.14966318977434,0,normal
85.3,steady,119.61591408400936,739.1726436015175,0.19057011144020822,497.6368760961921,0,normal
85.4,steady,119.36061799991924,739.7775206459359,0.1958984657929911,498.99547718002594,0,normal
85.5,steady,118.67852185915848,737.3736311620754,0.17823660488857382,493.0202841886989,0,normal
85.6,steady,120.08427232872104,736.285519335093,0.1969550977739259,500.68091786865466,0,normal
85.7,steady,120.32074394315653,737.6804761641663,0.20782838072242818,505.1373616654779,0,normal
85.8,steady,122.11937274079881,740.3624776114048,0.18994858627659333,496.3852528047436,0,normal
85.9,steady,120.85224947651876,737.2801064531901,0.20070008468912964,512.7514057155646,0,normal
86.0,steady,121.78382169883174,737.320236270671,0.1882582884849164,506.79199332653565,0,normal
86.1,steady,121.86495032681367,742.3374285800824,0.20012594663479966,497.71764706533827,0,normal
86.2,steady,120.24426563827386,742.9083334060763,0.19932800188739894,493.54703731768956,0,normal
86.3,steady,121.36877890634412,739.0657529631711,0.1933155634503994,508.48098370267616,0,normal
86.4,steady,122.61345110612014,740.859077870023,0.17811105085755832,492.55075414342235,0,normal
86.5,steady,122.4196337275069,734.6892188188369,0.20698331505135378,498.98423629851544,0,normal
86.6,steady,122.3290335733555,740.9149140596179,0.19264835826398438,497.39683039505763,0,normal
86.7,steady,120.87064872566172,739.3843064170306,0.21661876860074059,508.31521004143843,0,normal
86.8,steady,120.81237882824144,742.2506910448666,0.1956236768455827,496.63408831798296,0,normal
86.9,steady,120.35820183937,742.1894552624179,0.18407361346530657,501.76039460789116,0,normal
87.0,steady,122.5113914188543,740.4213404264627,0.20644504497251293,500.4918437987254,0,normal
87.1,steady,121.31146551574203,741.2442228452752,0.19281750660755909,503.1480630137293,0,normal
87.2,steady,119.22937110107421,740.664568349474,0.20321413116923945,506.1300422343761,0,normal
87.3,steady,120.01236759347154,743.0417501977713,0.2063478058344832,506.41266321881136,0,normal
87.4,steady,121.29577029314032,738.8384507949687,0.19364864210415147,499.1175946104406,0,normal
87.5,steady,119.01254189416701,736.5586263845264,0.1913935278306197,502.4523230097723,0,normal
87.6,steady,122.69153316721605,741.2744797081631,0.18668325276708095,499.1774439861179,0,normal
87.7,steady,120.91124047715059,739.4742367662444,0.19334281593667899,496.9456738349465,0,normal
87.8,steady,118.6845838287407,740.9695733622498,0.20325920037062498,500.9363778951964,0,normal
87.9,steady,122.93424952555674,738.0030378724073,0.19454588233367995,497.890801855978,0,normal
88.0,steady,120.066693786613,738.1490259106142,0.1995227482001747,494.4449438683119,0,normal
88.1,steady,121.84639618887618,737.1950360397266,0.1974372206334592,498.5506773225478,0,normal
88.2,steady,120.61025733330081,742.140653769543,0.1883058366369104,506.25764144892725,0,normal
88.3,steady,121.26779049943138,739.6504935761317,0.1825951955910628,502.42814658848073,0,normal
88.4,steady,119.87107652231082,741.8831435770427,0.1989608610975456,505.6392208869075,0,normal
88.5,steady,119.59389640886496,738.9464361649742,0.18726464642402443,506.99803519624595,0,normal
88.6,steady,121.68569762714188,737.0365376649269,0.19079412570106152,494.26558911102273,0,normal
88.7,steady,119.4460446640821,738.1075738508506,0.19815107102202517,520.9330493058313,0,normal
88.8,steady,120.42508053320186,733.8862694352293,0.21384679398392903,495.0016185519851,0,normal
88.9,steady,122.57812962186237,740.0816747368945,0.22237577583718576,496.49155099582197,0,normal
89.0,steady,119.4112972043533,736.8316280190696,0.20093117041584824,495.58755057441687,0,normal
89.1,steady,120.68391633243935,741.2732112637035,0.21309192242934222,502.62289047374225,0,normal
89.2,steady,121.94036732985508,741.0911274730967,0.2048498583138735,504.00484815936545,0,normal
89.3,steady,121.06153885934057,739.370979007957,0.21354781557148886,487.1413557252922,0,normal
89.4,steady,120.67176379584129,738.279408568166,0.2050921510946273,500.1189299396522,0,normal
89.5,steady,121.29678861611275,739.323478608484,0.2202214964765049,497.31780506138506,0,normal
89.6,steady,118.2963818885264,740.6396212945772,0.20160983855936004,505.54168278351267,0,normal
89.7,steady,120.68549619928508,741.2110432900466,0.21667869661040273,504.8593690430943,0,normal
89.8,steady,120.07610822288548,739.4123930090077,0.20475365112521515,504.28208314717153,0,normal
89.9,steady,119.1338915288051,741.2198936023199,0.19660823496380764,496.4121907652614,0,normal
90.0,steady,122.15168510374323,736.8927010277287,0.21181790961471933,494.3743945064635,0,normal
90.1,steady,121.10337875072213,737.8951322511474,0.18894916306533222,498.2597826056675,0,normal
90.2,steady,121.7004393815429,738.4775501252083,0.21114583319870053,502.6650038818438,0,normal
90.3,steady,122.60215363439458,742.3180701825729,0.22474319670273576,500.62060365916057,0,normal
90.4,steady,121.52482530020723,741.1762472077423,0.20570646326856826,500.44196056469167,0,normal
90.5,steady,120.54892560609801,740.1918644720473,0.20028553089095683,493.24421346702144,0,normal
90.6,steady,121.41666215768811,739.7530007263634,0.19363666357400852,502.09049825059697,0,normal
90.7,steady,121.58058402088261,742.3122733937307,0.205283982737217,503.64026201349094,0,normal
90.8,steady,121.40818543350306,739.1600308980597,0.17751355671922,497.3295802588317,0,normal
90.9,steady,120.95689496567128,738.1592000301291,0.19916740382862197,501.1997631190653,0,normal
91.0,steady,121.02431594765623,740.3403315044105,0.20279462875627838,496.3459623201692,0,normal
91.1,steady,121.60070416958146,738.7862163699073,0.20018026851653603,497.24440466258795,0,normal
91.2,steady,122.78441106533772,739.0659425561337,0.2050147571386439,504.52492339217906,0,normal
91.3,steady,119.64165256216626,736.3822688165295,0.1980797408276518,498.16515969836996,0,normal
91.4,steady,119.74976021497315,742.9549750353276,0.20161416923866043,505.0699233760528,0,normal
91.5,steady,121.55465346544067,739.8359295928757,0.18673508141387382,489.03816326803536,0,normal
91.6,steady,122.9398822967687,738.6180951033665,0.22277438203546654,508.1371733275685,0,normal
91.7,steady,120.97963714696047,737.8744310069135,0.19549637788669438,506.2831384859871,0,normal
91.8,steady,122.199252811922,741.9207215931464,0.21176398288480985,498.6464232044672,0,normal
91.9,steady,122.38938683675735,740.9772946386619,0.1827614219405298,492.2657669108774,0,normal
92.0,steady,119.53224919741474,739.8249534305786,0.19366514674672894,506.2823641262605,0,normal
92.1,steady,122.11635820973844,737.7653197373551,0.17186215197216403,504.1498247953098,0,normal
92.2,steady,119.94574611665692,739.2447807769057,0.20294381131995204,495.029284941597,0,normal
92.3,steady,121.52044206152011,736.8489427542885,0.19780229588385126,505.0515841600706,0,normal
92.4,steady,121.18073820243028,742.2730047337675,0.16947419929686497,499.2870956542433,0,normal
92.5,steady,120.64896752272827,737.5938703116566,0.20405241276192473,498.5499106340163,0,normal
92.6,steady,119.60847501530475,741.8901133024243,0.1786345730057735,505.30542319597157,0,normal
92.7,steady,121.61235084000143,740.7129959335988,0.1945565056884416,501.8475895595199,0,normal
92.8,steady,119.22050824373363,739.558607030684,0.20339609159558225,501.10898254628984,0,normal
92.9,steady,119.40122177465007,739.2946939772869,0.19480633576795214,494.3031780486408,0,normal
93.0,steady,119.08974231400578,744.1092568408922,0.18823033807592007,501.50431169750675,0,normal
93.1,steady,119.98203540985088,738.8487687301439,0.18648090795447653,509.6450622706648,0,normal
93.2,steady,120.40295656532396,741.4277755055607,0.1815148885225651,503.24850528774743,0,normal
93.3,steady,121.96460271658252,738.4979309268799,0.19631535587540982,501.60732074332134,0,normal
93.4,steady,119.01054403108274,737.9316536677294,0.18807280940117682,502.2462898539278,0,normal
93.5,steady,121.94124648396398,735.3513555271378,0.1921908081369521,500.4258997398431,0,normal
93.6,steady,122.9686151551459,745.5483567101911,0.2039097827094939,497.90770152602676,0,normal
93.7,steady,120.51556394987693,741.9942958530448,0.20590755925572948,504.4739275618354,0,normal
93.8,steady,120.59063310875284,745.7753384676131,0.20246204189380465,496.14761473603915,0,normal
93.9,steady,120.7482725089222,741.5983340483156,0.20430121864218723,503.2399965405118,0,normal
94.0,steady,121.05028553947035,739.2356321537164,0.20002299130898615,496.13885508542745,0,normal
94.1,steady,121.57111514036069,742.7237920571891,0.195055848319176,496.2566810324127,0,normal
94.2,steady,121.06611658791921,741.7165407119761,0.19855482980584302,505.9912052009474,0,normal
94.3,steady,122.00159287947864,735.5545309843427,0.19004512309129248,508.16016155671366,0,normal
94.4,steady,121.4507537760461,741.1427371996368,0.1760940611723195,511.2134782669038,0,normal
94.5,steady,120.20374331916358,738.5514853458722,0.19568201469878155,500.087313801652,0,normal
94.6,steady,119.8074068586368,736.1267416403131,0.1985152808076474,491.7542348875449,0,normal
94.7,steady,121.02252726531853,740.5391788314981,0.18603740605812755,499.99931233564956,0,normal
94.8,steady,120.97699814086147,734.4791596112232,0.19700786349567287,499.8653188043269,0,normal
94.9,steady,120.1829237762323,738.3155650966148,0.20486212825171107,497.1787837704562,0,normal
95.0,steady,122.10131676993252,741.2953072630887,0.1983195925920484,502.15214009260825,0,normal
95.1,steady,119.52314829873276,736.7563529637544,0.20371538275196566,499.72794924114095,0,normal
95.2,steady,120.00607203898927,741.4898829135252,0.21897216791703086,496.7934740484204,0,normal
95.3,steady,122.10557977564945,741.4027213643484,0.1934860806816862,513.6339152705515,0,normal
95.4,steady,123.57624714748438,741.6266238051096,0.22146547291864213,502.1623481034192,0,normal
95.5,steady,121.35040956854026,739.9345437479736,0.1809979496331359,505.8711788586122,0,normal
95.6,steady,120.34345533673483,738.9384257607101,0.19953493211037146,497.5933961664355,0,normal
95.7,steady,120.62983325903271,736.9222737354476,0.2056073325430686,500.4524822459844,0,normal
95.8,steady,121.71245435164897,742.6068255261067,0.21340605066740706,494.98591327197755,0,normal
95.9,steady,121.63588239930951,740.7346984540084,0.21471156803498442,499.1842979635908,0,normal
96.0,steady,121.07699790461811,737.3765040647219,0.19571889029600542,505.4471790343184,0,normal
96.1,steady,121.47385938172701,735.2749673106797,0.20169512531659817,497.1475340139147,0,normal
96.2,steady,122.55199875345744,739.1966157564473,0.18739641780192845,496.9967718290826,0,normal
96.3,steady,120.64145618611941,740.9673208717838,0.2139782562113996,497.0327776569642,0,normal
96.4,steady,122.53856592955663,741.9302298623304,0.1824542083020565,502.9845230604273,0,normal
96.5,steady,121.26879916538749,736.3612521004626,0.18318126857926975,502.7218048836245,0,normal
96.6,steady,120.72861767240374,738.5691240722015,0.19952596861559757,498.74301770620997,0,normal
96.7,steady,118.73467721003529,738.0697535124586,0.21357931257502827,500.8112073013683,0,normal
96.8,steady,121.8933051993202,737.4512055928813,0.21120141969954506,502.4491448619321,0,normal
96.9,steady,119.8702103956375,739.6702961190546,0.21063831087444196,498.03181182156635,0,normal
97.0,steady,120.49556890946852,740.7891763849336,0.20278494355135518,508.607230042067,0,normal
97.1,steady,120.39199004846634,739.3261981429207,0.20360985255064257,497.00567685286126,0,normal
97.2,steady,120.10897880094312,741.3556204824328,0.19537878929259891,494.7590191961356,0,normal
97.3,steady,120.55704561144685,740.5120556466557,0.1994288046133187,496.54890942484434,0,normal
97.4,steady,121.55401923360505,738.0966571065749,0.20001945133775528,488.2832162953736,0,normal
97.5,steady,121.41287281911752,739.2733201827801,0.18200236657999413,496.15478650247724,0,normal
97.6,steady,120.761965430654,741.9569791067677,0.2106653917332738,492.3065344404366,0,normal
97.7,steady,121.48697815635865,734.4828463842377,0.20948431586111554,498.81564307594425,0,normal
97.8,steady,121.20377126463472,740.0327565888408,0.18699792841134327,500.3814226227174,0,normal
97.9,steady,121.4707582387989,740.1258458173626,0.1873621597047399,506.63357084588523,0,normal
98.0,steady,121.21966940605948,740.8609337724649,0.19154094109636674,500.09352601053774,0,normal
98.1,steady,119.02814278748035,742.1766198677733,0.21157619919242945,504.8645360296109,0,normal
98.2,steady,121.90454620060989,739.2852562669756,0.21255468142941394,512.2302412001303,0,normal
98.3,steady,120.26756214243737,740.3965150071045,0.20128633845571706,496.9543903379757,0,normal
98.4,steady,118.89581643648981,742.5134680756064,0.19669793133831182,504.7983406596971,0,normal
98.5,steady,121.04280721753905,732.1147298027166,0.21808765227219992,505.44377866498223,0,normal
98.6,steady,119.89771777862441,737.9428669165758,0.20736468071030478,501.0141829095652,0,normal
98.7,steady,122.55753369753852,742.450673753015,0.2073106592990586,495.6675266766182,0,normal
98.8,steady,120.74918143392287,739.9672766400745,0.18214526681073512,497.8484761818443,0,normal
98.9,steady,121.07994013925526,740.9828669928092,0.20955817936028628,500.33928701771526,0,normal
99.0,steady,121.38183371887347,740.0842281093674,0.19149329476751464,501.24417943175513,0,normal
99.1,steady,122.35478501698829,736.365803593755,0.19560929995473603,496.1885498862787,0,normal
99.2,steady,119.9392935978692,739.1621824481865,0.19617428470664605,501.22450741329266,0,normal
99.3,steady,121.5795589909823,739.2250689874179,0.2014620221858235,501.7335460703362,0,normal
99.4,steady,120.13997598160171,733.2864299290426,0.20707961897040306,503.2447032396645,0,normal
99.5,steady,120.46998977763941,741.4276860560975,0.19698881416608052,502.3345695187534,0,normal
99.6,steady,120.33295133086062,740.9911192035839,0.19379538394201345,503.45830512534553,0,normal
99.7,steady,121.56705238902616,738.5122528682417,0.1854875463740625,505.19705370173637,0,normal
99.8,steady,120.39129447056446,740.6622920532118,0.19218381751902142,506.4291367258045,0,normal
99.9,steady,121.51559342794297,740.1017705526223,0.19869550072259093,495.13990605795567,0,normal
100.0,shutdown,121.23265647486346,740.2929342482072,0.1890352439358816,503.047941067686,0,normal
100.1,shutdown,119.53750358818037,739.2514189032742,0.1867927967443266,494.94570671574706,0,normal
100.2,shutdown,119.80772339737432,736.8517801956585,0.2015501867161651,487.2639351912736,0,normal
100.3,shutdown,118.79244767993481,735.0169378958316,0.20685469905798926,492.9140717895507,0,normal
100.4,shutdown,119.34236769791312,727.786248406678,0.18963680211146583,483.1965089281024,0,normal
100.5,shutdown,118.69617851904218,724.021279585967,0.20962579144236776,489.7407167783571,0,normal
100.6,shutdown,116.72671328346418,728.4432218842945,0.1893871253857616,484.28222603601426,0,normal
100.7,shutdown,117.76799842860294,724.231797745467,0.20278171056617336,480.2356960999742,0,normal
100.8,shutdown,118.35150151336117,724.9536802343589,0.1980012378157588,486.7625967466754,0,normal
100.9,shutdown,117.41541993099983,718.7516803987652,0.20082923925026117,483.72956802223104,0,normal
101.0,shutdown,116.83110663661294,715.4438909780636,0.19328569404383292,484.22852031461764,0,normal
101.1,shutdown,115.29668262634411,715.922107056635,0.1933374518714126,475.6101748445438,0,normal
101.2,shutdown,115.5014579093341,709.722939964933,0.1966125831311885,475.5725722366817,0,normal
101.3,shutdown,115.010148973146,709.5504566927526,0.1940142514241309,464.3052586659486,0,normal
101.4,shutdown,114.18999801658082,709.4914138232517,0.1910601623289418,470.16225939153304,0,normal
101.5,shutdown,114.88660156532481,706.0928199294111,0.202911969715749,475.3309396737451,0,normal
101.6,shutdown,114.23258932531057,702.7281058729476,0.20334306145741915,467.03074525581053,0,normal
101.7,shutdown,114.95550219347663,700.9521408087554,0.16802243672203288,457.3038837367156,0,normal
101.8,shutdown,113.3383186659656,698.6222007753299,0.17803762999843614,461.91301830884794,0,normal
101.9,shutdown,113.51068675726476,699.2810023623745,0.1869669463280731,457.10556967347276,0,normal
102.0,shutdown,112.18190238363745,691.4171096482039,0.18415552935924961,467.6433071666875,0,normal
102.1,shutdown,112.41375736726268,692.2233656181794,0.1885852327456568,453.3698691093018,0,normal
102.2,shutdown,112.62869722072031,692.7085817856432,0.19541397858825885,466.0139441336239,0,normal
102.3,shutdown,111.71517785484257,686.1143522733346,0.1973258779616357,458.788837545166,0,normal
102.4,shutdown,111.01294897637834,685.7969134965928,0.17528378063268102,453.89219010469105,0,normal
102.5,shutdown,110.7785770024936,683.421308878159,0.16714886847061636,447.7232896099836,0,normal
102.6,shutdown,110.61581397224413,678.2368269607986,0.20444645215089916,447.3107938044838,0,normal
102.7,shutdown,108.34195372676011,679.3602015017863,0.18772899209818056,445.16508583314766,0,normal
102.8,shutdown,109.95028373381172,678.5725067590373,0.177426988041913,440.2791673308757,0,normal
102.9,shutdown,109.17299701355797,674.8234046068081,0.1997310682222447,445.9092227611511,0,normal
103.0,shutdown,108.2041898885769,676.8115653006553,0.18712279737216578,441.3204886582364,0,normal
103.1,shutdown,109.02358118535672,673.1642763654338,0.1950264173175411,433.9840080007014,0,normal
103.2,shutdown,106.16655306224557,670.6374687530808,0.1860568532188641,439.3658335375962,0,normal
103.3,shutdown,106.75748144838792,670.3422139077607,0.16373223107448925,432.8127051740798,0,normal
103.4,shutdown,106.79034915279506,660.6723273557783,0.16488410228133002,428.76698418243,0,normal
103.5,shutdown,103.97977440238502,659.8949101597633,0.171585651270187,430.3811033850188,0,normal
103.6,shutdown,107.72543353872265,660.0084512024758,0.1859409540638611,423.8771131097444,0,normal
103.7,shutdown,106.41073983065914,659.8000970932063,0.18343654617067173,421.664023432526,0,normal
103.8,shutdown,105.752366854507,654.8245207293265,0.19329349555938316,431.1587002906452,0,normal
103.9,shutdown,104.97309214192782,655.2051824144863,0.15789012201598412,426.08679224376897,0,normal
104.0,shutdown,104.63205284751996,649.0928115734145,0.18023656877070202,422.40149420194837,0,normal
104.1,shutdown,103.93143433493508,647.8729007470969,0.17979367356056533,419.40464090499654,0,normal
104.2,shutdown,106.27513660804833,647.3428501065852,0.2035411851260695,418.69961659374496,0,normal
104.3,shutdown,104.95272977589396,644.3757983200462,0.1874448347557946,431.18347805133504,0,normal
104.4,shutdown,101.42778032088948,643.1081303448017,0.1878521384183318,410.7981675312397,0,normal
104.5,shutdown,103.72375528023152,636.9583826325494,0.18475722804819136,404.30591487155493,0,normal
104.6,shutdown,101.79272842525494,633.088933218107,0.19065754424907438,406.1005131604901,0,normal
104.7,shutdown,102.67443576137312,637.8913554480191,0.17805470617092503,404.67975868136455,0,normal
104.8,shutdown,103.557412084611,630.071168778802,0.18517837383998142,406.43087860381627,0,normal
104.9,shutdown,100.65561625837536,632.1745305579732,0.1896518515752929,398.5357323449924,0,normal
105.0,shutdown,101.31643350464003,629.3409571679797,0.18037665074253867,410.81448835516596,0,normal
105.1,shutdown,102.76440401838202,624.9912667225609,0.17658866242921595,393.5628626927103,0,normal
105.2,shutdown,99.96823020612345,621.2168567769,0.17835861657332128,395.01586066604995,0,normal
105.3,shutdown,100.78905369669991,623.821560996728,0.17515270228036794,393.75514240388503,0,normal
105.4,shutdown,98.9220914655656,618.0936830035679,0.1854130179421914,388.6723903786876,0,normal
105.5,shutdown,98.3600579497535,616.5434599493655,0.17255062999310897,386.01360817632576,0,normal
105.6,shutdown,97.11309673320812,619.5310450500747,0.1634433929996243,383.924701527224,0,normal
105.7,shutdown,99.02967397526866,615.5969330859392,0.16737127479635602,390.45324436167857,0,normal
105.8,shutdown,98.32159256347815,608.847506263071,0.1751247893084574,382.05145105083614,0,normal
105.9,shutdown,98.02459564610616,613.2317367353813,0.17002704500524415,375.545465819097,0,normal
106.0,shutdown,97.31844297905518,602.5060026877744,0.1774316954290742,388.25899049738786,0,normal
106.1,shutdown,97.68195635294201,604.526786093281,0.18688018734660194,382.641285696803,0,normal
106.2,shutdown,95.7919072057339,603.7979233481176,0.17575542730609744,377.0401109580863,0,normal
106.3,shutdown,96.51416758591678,604.0334923676527,0.17547097498661135,370.9986619041684,0,normal
106.4,shutdown,93.0947914873219,595.5612995282995,0.18327465370422058,366.8218711781059,0,normal
106.5,shutdown,93.03919902731353,593.3599900072488,0.17634249562391863,373.32111336601577,0,normal
106.6,shutdown,95.08702110526966,592.8033199317624,0.17013638971176184,369.20804018076484,0,normal
106.7,shutdown,93.14584973968017,592.8712895029931,0.17202984650572709,364.4240775164402,0,normal
106.8,shutdown,92.75063665809756,589.4642091862854,0.17321514288288375,358.0401750945172,0,normal
106.9,shutdown,94.19693582812538,589.8582188492041,0.1629716816918597,367.4556920040827,0,normal
107.0,shutdown,93.14692381072817,585.6806466953677,0.1440554468825779,354.6874965472176,0,normal
107.1,shutdown,91.67359245555828,581.0406339813928,0.16873765350506878,351.95509702913034,0,normal
107.2,shutdown,90.07426756867305,582.2995290175598,0.1554408203579726,352.4664189664575,0,normal
107.3,shutdown,93.13275519131652,577.1449914913931,0.18099436982253342,356.3912687399533,0,normal
107.4,shutdown,90.6726316257057,576.0590987471481,0.17663034365891314,350.7239089290441,0,normal
107.5,shutdown,91.32786155059436,573.1065473864744,0.17269571408952838,347.9934470904592,0,normal
107.6,shutdown,90.47929773099975,569.2452711187553,0.1681917714205815,347.96776709788276,0,normal
107.7,shutdown,90.02743771266256,568.6910362386328,0.155451947746215,352.3154390408939,0,normal
107.8,shutdown,89.561485388014,565.6532935175406,0.16589526596006035,344.16681045239136,0,normal
107.9,shutdown,90.08227570991336,561.8459912797529,0.15430288819611362,349.2326034010399,0,normal
108.0,shutdown,89.66250804783293,565.5949898362751,0.1883370939470209,349.4284037528241,0,normal
108.1,shutdown,88.37884673829247,561.0275666066669,0.15848909706206,333.69205770703053,0,normal
108.2,shutdown,87.90841090470232,555.7784000820436,0.16447197297668503,325.7170119295382,0,normal
108.3,shutdown,87.9569109790863,557.0297675734568,0.18671860933375664,337.0003749080008,0,normal
108.4,shutdown,88.32746499571988,557.4447312350051,0.16153096847912596,332.97458808376655,0,normal
108.5,shutdown,88.49405163484333,547.9095448417524,0.17022032756488167,331.144974998558,0,normal
108.6,shutdown,88.24962628090856,545.908110979436,0.15500157741108633,332.8722766334833,0,normal
108.7,shutdown,85.82751513778979,548.5761657476374,0.16350142826640574,323.17392895448813,0,normal
108.8,shutdown,85.15006482942022,545.5631086033669,0.1594509349810336,326.9022671371447,0,normal
108.9,shutdown,85.79872668538147,545.8355071753803,0.17112425402994874,332.0646783434337,0,normal
109.0,shutdown,83.18586851099153,533.9718673811288,0.16585244609156743,325.857693495309,0,normal
109.1,shutdown,83.95755607893034,539.9845635042437,0.15031882311142794,323.33314474139286,0,normal
109.2,shutdown,83.54196284790721,533.4669879165491,0.14745373858494337,313.76313114721563,0,normal
109.3,shutdown,84.72088515652355,532.6140189954003,0.15033596679419708,316.9860518628393,0,normal
109.4,shutdown,82.89024000353737,527.214490797701,0.15625787191377769,316.9471683114751,0,normal
109.5,shutdown,82.22323193539447,531.2553738563338,0.16688221469498515,310.80996726379493,0,normal
109.6,shutdown,82.16764823023153,530.7073453895376,0.16596819913325317,306.0485223428562,0,normal
109.7,shutdown,82.38345197756037,520.6313880276709,0.17118157792119468,304.752131406424,0,normal
109.8,shutdown,80.60370086201429,526.3169433633362,0.15956468955777084,306.350344907405,0,normal
109.9,shutdown,78.92708091332352,522.6267014068707,0.1566361777177402,301.44980828397416,0,normal
110.0,shutdown,83.5138209975097,518.7309140092685,0.14299102055359517,296.8305982661979,0,normal
110.1,shutdown,79.37646274557585,515.717083214057,0.1669107919352226,305.05844635735866,0,normal
110.2,shutdown,79.28489226201913,515.9825162247117,0.15215936859836965,282.866912081639,0,normal
110.3,shutdown,78.22980896843026,511.5521617164632,0.15351610704767035,295.567085603107,0,normal
110.4,shutdown,80.33920192923854,509.6945741003475,0.15358526211426074,288.6058830124765,0,normal
110.5,shutdown,80.51432129404104,506.88557234398087,0.15153474335411266,294.3868879533787,0,normal
110.6,shutdown,79.14881584956747,505.97878689931946,0.1676285045977192,284.80548643881014,0,normal
110.7,shutdown,76.56414515303209,502.287874662923,0.16399171689519443,287.07677456779334,0,normal
110.8,shutdown,76.72619059346596,502.3779668480008,0.14144194992107226,278.45868419869043,0,normal
110.9,shutdown,76.94836144572895,499.7996663513494,0.15745205393424355,290.9431505255039,0,normal
111.0,shutdown,76.77701599546124,498.97271216306797,0.1660379543444823,277.0774594955102,0,normal
111.1,shutdown,75.68707947531372,491.8612066095425,0.15634590308956714,278.2979530208186,0,normal
111.2,shutdown,75.23276417808825,489.002873589251,0.16204016032021426,273.73861786969053,0,normal
111.3,shutdown,76.00174638475377,488.27727273618814,0.1522325160848284,269.83302746014436,0,normal
111.4,shutdown,75.8568428499925,485.3701537353262,0.17877699448226447,271.9863180475882,0,normal
111.5,shutdown,74.80743727762963,488.2849407953183,0.16520592272276233,274.5232659020424,0,normal
111.6,shutdown,72.69789362601558,482.3044648856628,0.13815886078660564,270.7412184676356,0,normal
111.7,shutdown,73.16439293822339,481.817960022273,0.1520367312729553,262.60932831796504,0,normal
111.8,shutdown,72.73228071358757,475.60355480955184,0.15918696077819797,257.04568869307985,0,normal
111.9,shutdown,72.4303658484817,472.51725244590995,0.13453918966763642,261.6099248836933,0,normal
112.0,shutdown,72.39742496595943,475.9954331616115,0.14118731362395892,263.35528357909266,0,normal
112.1,shutdown,71.57817640725744,470.25051554242293,0.1441873111585732,267.25235587274585,0,normal
112.2,shutdown,72.6949833282835,467.1870580902523,0.1477345061698033,258.45545236520167,0,normal
112.3,shutdown,69.99720224385365,465.62924294922504,0.13838370059098945,251.9451483873108,0,normal
112.4,shutdown,71.61570721240419,460.9114567689715,0.1432717296804478,251.46334802554884,0,normal
112.5,shutdown,70.10713386956756,463.42225617938567,0.15521571058369937,260.6399215292657,0,normal
112.6,shutdown,70.34177246648261,460.0669438715969,0.14842280454860413,242.92858473509972,0,normal
112.7,shutdown,69.45635076841468,454.71867303740294,0.1448199578641667,245.66285189612287,0,normal
112.8,shutdown,68.83861460317905,457.55053013823215,0.14616614022913846,247.0934199962762,0,normal
112.9,shutdown,70.29197842645725,453.78845006726647,0.14004554169973352,241.93194548948117,0,normal
113.0,shutdown,68.71105331370967,451.5130941817834,0.14067108340350484,233.6997712354698,0,normal
113.1,shutdown,68.93486168031232,446.5839926571864,0.16265299528294944,237.46411073867804,0,normal
113.2,shutdown,66.72993924136375,443.65684183581806,0.14958783449056995,232.4401370979327,0,normal
113.3,shutdown,67.05332006613553,440.82918345225914,0.14535673052175918,229.78709884653497,0,normal
113.4,shutdown,67.81709336812622,443.7764321789657,0.1553732423084415,231.63546456693155,0,normal
113.5,shutdown,67.8065592955916,440.3090082676876,0.1572543142626887,242.16894405759575,0,normal
113.6,shutdown,64.38492434938436,441.26375303118766,0.14503019344547216,230.1030920825603,0,normal
113.7,shutdown,66.5414447439884,430.5991219385843,0.14080261971768257,219.17052450345344,0,normal
113.8,shutdown,66.49300847193012,433.658531257097,0.14177607665894304,222.08268193174834,0,normal
113.9,shutdown,64.33295753741594,430.15329515263926,0.14681758231035388,221.598187254133,0,normal
114.0,shutdown,63.64696824094696,426.82489505237606,0.14210689773705104,222.36708503289725,0,normal
114.1,shutdown,62.81712947764938,426.23916298978446,0.13807489300782677,222.2129081880768,0,normal
114.2,shutdown,63.886846672773,424.5624841165582,0.12828882445149356,212.26448241977246,0,normal
114.3,shutdown,63.8002985000789,421.6123424909953,0.14252425097723687,224.88183754981452,0,normal
114.4,shutdown,62.29002950476063,421.3811966416106,0.14379150207092958,210.0045834062708,0,normal
114.5,shutdown,62.41381600795885,414.9177160873096,0.14885894966884075,208.3368845027395,0,normal
114.6,shutdown,62.30173054664394,409.9985394183639,0.13231579008187747,213.243225858867,0,normal
114.7,shutdown,60.548446520345905,416.2618327880749,0.15515450535741096,205.95455621347458,0,normal
114.8,shutdown,62.34984222069979,414.2397451376209,0.12546060026911313,209.60066580117612,0,normal
114.9,shutdown,59.87254608287855,408.8478781363786,0.14971840736062353,210.48384048867152,0,normal
115.0,shutdown,60.079932590858235,403.039185276024,0.12112687226708019,200.49541016744408,0,normal
115.1,shutdown,59.67415926701158,405.5588067597732,0.141727370862019,193.7513634488932,0,normal
115.2,shutdown,60.00757517041136,400.90894973658396,0.13968819581859918,187.29005032743908,0,normal
115.3,shutdown,58.027061060744515,398.39530358248743,0.14995740411771014,196.91313928560123,0,normal
115.4,shutdown,59.175016560985256,396.0132293818099,0.14709682055629,192.0241346704091,0,normal
115.5,shutdown,57.43993865719157,395.52783958648547,0.14712749929010135,188.70198169832068,0,normal
115.6,shutdown,58.058005873186104,393.22286660856855,0.11949547534672171,181.13052890027112,0,normal
115.7,shutdown,56.70009477643441,386.9686403971106,0.14719248533433157,183.9487635113301,0,normal
115.8,shutdown,57.07109963457902,391.55918427995454,0.15935243915583908,186.20205632591083,0,normal
115.9,shutdown,56.3141955408128,389.01683695121335,0.1399093116763646,179.58075155462282,0,normal
116.0,shutdown,55.494274995808034,386.55632122237296,0.1327605792257753,171.3254879150948,0,normal
116.1,shutdown,56.417072858195404,382.6543730363971,0.1326971878628058,178.29120522555814,0,normal
116.2,shutdown,53.612621997010265,380.68875091863487,0.13544759080160051,175.94376798245145,0,normal
116.3,shutdown,54.96698622205295,378.865766229068,0.12460547299496574,175.45464300013052,0,normal
116.4,shutdown,54.68706026021959,375.59083256618203,0.12971834832841625,171.89434853217358,0,normal
116.5,shutdown,54.63982137003437,367.71430053275327,0.12247182453664997,168.56006689058154,0,normal
116.6,shutdown,53.60332869205375,372.74530301356873,0.1239765583930045,174.7539407483852,0,normal
116.7,shutdown,53.90969176373673,369.7387618843009,0.1311965592645376,161.97825979216123,0,normal
116.8,shutdown,52.8274133134795,366.62548409175946,0.1400125439370136,163.97223188508192,0,normal
116.9,shutdown,54.173434560519105,367.481491915942,0.14256043054379397,163.94695115341707,0,normal
117.0,shutdown,52.8879151502803,361.7988290259564,0.1344925001008511,161.88066577495871,0,normal
117.1,shutdown,51.787783579505586,362.36860416000127,0.1301056047297534,166.45189540799893,0,normal
117.2,shutdown,50.8649526929634,360.4861163557138,0.12349797248709245,153.8039083854355,0,normal
117.3,shutdown,52.36555389827307,357.1779703534406,0.1312581212740227,153.10236953291906,0,normal
117.4,shutdown,51.135218429680585,357.0403039605251,0.12699851763595216,153.165057881763,0,normal
117.5,shutdown,51.030220416392034,356.44642817455144,0.12954016746346506,146.54259624964843,0,normal
117.6,shutdown,50.636881992812704,349.07189656714684,0.12970034329920455,133.8700510088767,0,normal
117.7,shutdown,51.94455605358142,349.02756618897126,0.11611027393405149,137.4609794325275,0,normal
117.8,shutdown,49.16445791833899,349.6445992265642,0.14452335896360474,142.80521925601764,0,normal
117.9,shutdown,49.84498266744122,339.88476131497237,0.13792361760255895,142.75588521765926,0,normal
118.0,shutdown,47.54337678469004,341.525972327818,0.13328446883137657,142.11669463361753,0,normal
118.1,shutdown,46.88605318830564,341.4820928606584,0.13293271181946117,143.38513063145857,0,normal
118.2,shutdown,46.69289098519463,335.8086346999125,0.10935220197238688,138.43326439291033,0,normal
118.3,shutdown,46.80389857195063,331.6148767847934,0.1446927597487862,140.53131243137372,0,normal
118.4,shutdown,47.56775263461729,331.7720361458392,0.14160432293458608,125.3620888830849,0,normal
118.5,shutdown,45.122731693101194,329.225232327268,0.12537649993870315,138.81919471947555,0,normal
118.6,shutdown,45.4716806450027,327.0211804068046,0.11679745989571255,131.49670518839318,0,normal
118.7,shutdown,45.717931188586604,321.7611633671862,0.11992863548024599,129.41941169459653,0,normal
118.8,shutdown,44.07675986314458,321.72502447261724,0.14178644877662808,127.30231580321534,0,normal
118.9,shutdown,44.52115204666146,319.8677237753157,0.10461304304489291,114.38642582553913,0,normal
119.0,shutdown,45.349384062533126,315.853926783466,0.14885845746946866,111.52088757245376,0,normal
119.1,shutdown,42.902274494263494,318.2302067072447,0.139188864395065,125.24159493815918,0,normal
119.2,shutdown,42.880542896988665,307.73488658519824,0.10861556169540512,114.48285711263097,0,normal
119.3,shutdown,42.860802455631045,312.281134755221,0.12071996396271874,105.57400841432275,0,normal
119.4,shutdown,42.946796804200154,311.04539503093855,0.13401523135012808,120.61940671765133,0,normal
119.5,shutdown,41.6563026559675,304.59869489020906,0.1117248204579033,108.82993701455096,0,normal
119.6,shutdown,41.13077304788952,303.5086260252091,0.11527234189996334,116.49460031486092,0,normal
119.7,shutdown,42.96036531997488,308.0240272960878,0.12697405639277176,104.61826493259295,0,normal
119.8,shutdown,43.25260301676211,301.10418595465575,0.11666210051768484,105.9524978118231,0,normal
119.9,shutdown,42.11255444714141,297.909117590459,0.12488191259955632,99.78637600779402,0,normal
