time_s,phase,pressure_kpa,temperature_k,vibration_g,thrust_n,anomaly,scenario
0.0,startup,40.95782355535735,300.70965157320774,0.14872463166915292,99.74728392059411,0,normal
0.1,startup,38.88764630042605,303.7300358842986,0.13399271094769727,107.2147625330551,0,normal
0.2,startup,41.433599739650745,300.4930216795078,0.16018422809848804,109.338656956671,0,normal
0.3,startup,41.77051815014015,302.17390626802353,0.15863058735871824,110.1821466171489,0,normal
0.4,startup,38.94694901288086,301.5846540404858,0.1571336672696685,111.00906054590028,0,normal
0.5,startup,42.636563149864465,301.45523475940126,0.15222383566396613,104.20855267765023,0,normal
0.6,startup,42.571018667362864,303.5654567116223,0.18045144841773947,108.81244385354422,0,normal
0.7,startup,40.91465686875319,303.35150887369434,0.14353343623176204,115.94874914907568,0,normal
0.8,startup,44.004845243266786,310.9832232485992,0.14375768661765498,113.19069178863204,0,normal
0.9,startup,42.6290458091232,307.20157362458895,0.14345624636938853,111.27574739829379,0,normal
1.0,startup,43.067010498314026,310.2982075127553,0.14417774070585074,119.76292871248698,0,normal
1.1,startup,43.77034589695043,307.92189705898403,0.14546799646439726,126.75582516726861,0,normal
1.2,startup,41.617635748723,312.45762757688635,0.14311511896799226,120.83382821524872,0,normal
1.3,startup,43.30554225991711,314.0035048892019,0.15067135092585512,128.3865749574285,0,normal
1.4,startup,42.158217041771046,316.0928952155748,0.15301234825722565,135.112983104975,0,normal
1.5,startup,44.34738663079084,314.19725594466354,0.15593485001349,131.61183374697123,0,normal
1.6,startup,44.024950768261654,314.8530444514003,0.1594447520753391,135.84209566028397,0,normal
1.7,startup,44.33041177609453,315.9632417304755,0.14883573289806362,135.68962076389394,0,normal
1.8,startup,46.17054670152907,313.63415207816234,0.13869792004488118,142.65278832441908,0,normal
1.9,startup,44.863592564766826,317.0932717439274,0.1592294747605424,133.4568409091137,0,normal
2.0,startup,46.05166132212075,319.0390470419854,0.14288195375653098,134.93016234317255,0,normal
2.1,startup,44.19598056848167,323.41793870513237,0.1752786029204188,136.33264989411688,0,normal
2.2,startup,45.47383405443334,320.4121843031639,0.15330200581046544,136.59169070387696,0,normal
2.3,startup,46.78051676945586,329.02621335723916,0.14596563029120674,152.16551282548505,0,normal
2.4,startup,46.18612595156733,323.975903158925,0.16607112408372293,149.27108867416402,0,normal
2.5,startup,46.2700529925473,327.7416107057917,0.13755671328102984,153.8236319185264,0,normal
2.6,startup,43.80426071893749,326.04782834877767,0.15389986223394972,148.24853045328675,0,normal
2.7,startup,46.37779261543211,320.0303657805163,0.15145390916198057,150.75099076628942,0,normal
2.8,startup,46.23277935538641,326.18394128535687,0.1584217986846672,148.4194531590574,0,normal
2.9,startup,45.806566672057734,326.10761829637244,0.14821201188902355,165.44247030505372,0,normal
3.0,startup,47.10600947642892,330.0683736830615,0.14643636116458705,156.3012787190986,0,normal
3.1,startup,47.72079543747194,332.82866167744226,0.176503494888669,168.32998850517097,0,normal
3.2,startup,47.24795323467053,328.07799492397595,0.16734027466248308,166.53786816654542,0,normal
3.3,startup,47.404047873879264,328.32228982226894,0.14476929270437727,174.6329370197949,0,normal
3.4,startup,48.63756192172019,336.4657188920352,0.15585208867297706,171.94727690765544,0,normal
3.5,startup,47.66008299626069,333.6182866198846,0.17192784071400796,167.17990226357932,0,normal
3.6,startup,46.6752031300966,335.58618983558324,0.1587549909699436,170.89303266365164,0,normal
3.7,startup,48.261502305627964,339.2311283146922,0.15707339631239034,173.06933501057972,0,normal
3.8,startup,47.76284390658077,336.68030923622723,0.14780388209714276,178.76301552430846,0,normal
3.9,startup,47.903145281496734,340.0227842773942,0.16337641399856032,172.14293869527197,0,normal
4.0,startup,46.78022198469618,341.9779233335921,0.15887561997986765,186.35305399341507,0,normal
4.1,startup,47.86190370421885,341.8260183767087,0.17496710735816143,174.40718787066814,0,normal
4.2,startup,48.51781953631506,341.74614843295404,0.15608537278828186,182.65386192721843,0,normal
4.3,startup,49.44258072477165,344.2882063933206,0.15700366781321157,175.22306408239464,0,normal
4.4,startup,50.18277865098841,342.3879314906674,0.1548377704542846,181.21194051805148,0,normal
4.5,startup,52.70996318544058,343.67686116928104,0.1395932554195832,185.59166456751987,0,normal
4.6,startup,50.11510659164502,344.7215892281209,0.16847423441059664,195.19847033793198,0,normal
4.7,startup,50.201448441690246,346.3077341080854,0.15785315561065175,189.65147940612755,0,normal
4.8,startup,50.392153353161206,341.8625268517039,0.1447830649349059,194.32637008326407,0,normal
4.9,startup,51.541074262634964,347.6477909842468,0.1503310271183311,194.2168922014058,0,normal
5.0,startup,51.720626120979794,348.78802033537977,0.19191035789987063,192.38142308811712,0,normal
5.1,startup,51.352226983483874,350.289570266218,0.14734042249302387,210.8885932796289,0,normal
5.2,startup,51.897480031190916,350.17300518917614,0.17884673438021528,196.24960533885073,0,normal
5.3,startup,52.01659616259555,353.19454042914845,0.1575607601280069,201.832829803648,0,normal
5.4,startup,51.564499546937896,354.54265147395256,0.15878864911215726,210.90120358100972,0,normal
5.5,startup,52.506494158178256,349.69485646775604,0.1592521300339462,207.04486028146707,0,normal
5.6,startup,50.85877377981432,349.8066907292527,0.15373970808635545,205.34039195835985,0,normal
5.7,startup,50.38649418157504,356.2249060444649,0.14675444120243736,216.9006549878491,0,normal
5.8,startup,52.18131818085689,354.5951319014973,0.1686778928664058,215.28292148636382,0,normal
5.9,startup,53.26532715970658,358.90382206511185,0.1544531372695917,220.6879014325351,0,normal
6.0,startup,52.017633610775434,360.7602806646849,0.16395096412263205,221.82558408041916,0,normal
6.1,startup,53.55278830504256,358.6696704402397,0.1588828606457603,225.99337157581667,0,normal
6.2,startup,52.17614050070321,364.5063184518867,0.15100070372059837,223.4202010188467,0,normal
6.3,startup,56.50724067470669,361.45505995708294,0.16306793856622462,223.2880087859606,0,normal
6.4,startup,53.478193035021135,361.83677537510926,0.15692078928017145,229.18321215006398,0,normal
6.5,startup,55.342571945584,360.2385211025056,0.1655646037776902,225.19789016077146,0,normal
6.6,startup,55.60893109784635,361.12132819229424,0.16681616106956887,232.1747190762652,0,normal
6.7,startup,53.937505616421966,365.62567082120785,0.1572871776991412,229.0206981332181,0,normal
6.8,startup,53.80174032722113,365.53804856900126,0.17868812339253995,238.64197369596826,0,normal
6.9,startup,54.40020513804095,365.4454564253609,0.1567336385259385,240.9531583332053,0,normal
7.0,startup,54.44223387525541,369.88209543220995,0.14734404813218996,238.6131988937612,0,normal
7.1,startup,56.895796779593255,365.79046919095106,0.17078337433620966,251.3483595126185,0,normal
7.2,startup,54.65109761667247,372.0438503625747,0.15926590942699767,243.91874220013537,0,normal
7.3,startup,53.452367247149766,372.65513808018403,0.15664172248811228,247.67352239221472,0,normal
7.4,startup,55.38764020493381,372.18056347024105,0.17162208651685204,261.3371512431178,0,normal
7.5,startup,54.539996622479,378.8527359292475,0.15215400525037304,244.78780813153847,0,normal
7.6,startup,56.0695828801693,373.9783634500408,0.16550615009403186,250.42354670137655,0,normal
7.7,startup,56.69200769408656,377.6703311559319,0.16756500855522746,255.18528545486518,0,normal
7.8,startup,55.34656435709921,379.6996917931521,0.155839670432884,260.0435127319558,0,normal
7.9,startup,56.76522878279408,374.31094265057544,0.1577090463051432,257.3181032065962,0,normal
8.0,startup,59.446465804111455,379.39689017091604,0.15848356958439172,264.721932586923,0,normal
8.1,startup,56.171313851819924,379.6791289938529,0.1671005232914747,265.4412058842452,0,normal
8.2,startup,57.626368180317506,382.35869167157784,0.160475849475158,262.74085655887956,0,normal
8.3,startup,57.075931013606215,379.18410437829897,0.17320116649413336,270.62634841911114,0,normal
8.4,startup,56.959565511613775,387.84572628286014,0.18027633683269512,266.5983309806919,0,normal
8.5,startup,57.50820755035632,379.7456566145529,0.15701095043725183,269.14921211929453,0,normal
8.6,startup,57.248292846708885,385.93270600360256,0.1890700760870535,267.28429586081927,0,normal
8.7,startup,58.31004346624925,382.2618791162665,0.17335375241651313,282.339445165083,0,normal
8.8,startup,60.25140393614279,388.88139835347874,0.16800990051379405,277.39886506195035,0,normal
8.9,startup,60.32333120241758,386.6038651616757,0.1518870180008388,277.3339504826634,0,normal
9.0,startup,59.85046430686432,389.1344352417937,0.16229727855535112,287.64816647506154,0,normal
9.1,startup,58.828210242405305,388.7597145822267,0.15438261096432568,278.4766869711539,0,normal
9.2,startup,59.15252675929202,390.2795832200043,0.1795607120149382,280.4117594455739,0,normal
9.3,startup,60.156995086333936,395.89053499042024,0.17162663543370496,295.4907407133379,0,normal
9.4,startup,58.65520928733567,397.3185271524356,0.1853309480433976,285.55837541576454,0,normal
9.5,startup,59.613849719645124,397.48950978256534,0.16303271047669646,295.2883834480702,0,normal
9.6,startup,60.139597575121684,396.0069458868473,0.1722039196039391,296.1694643395563,0,normal
9.7,startup,59.53013426010648,394.99684407560426,0.16052340662773432,289.9861476588726,0,normal
9.8,startup,60.13840201723767,401.8208646793361,0.16519810253695236,294.1399838331965,0,normal
9.9,startup,60.92703176061157,393.59508876768297,0.15709880261939344,304.2756573313033,0,normal
10.0,ramp,58.894217995936856,401.5927990499076,0.1627701427863211,302.28927236634377,0,normal
10.1,ramp,61.27879196814982,401.9136146419833,0.1733440545004136,303.8914656874723,0,normal
10.2,ramp,61.27241849052777,400.7294030525295,0.17786311412935685,304.2623579703878,0,normal
10.3,ramp,62.52763126198083,403.2065063727587,0.17487954494992625,300.4861540726291,0,normal
10.4,ramp,61.110993320652845,402.11670904511743,0.1665207993971811,300.0580469325108,0,normal
10.5,ramp,61.26338197958936,411.37392891588445,0.15283197457720363,315.69062123103106,0,normal
10.6,ramp,62.47475898238417,409.3827280487324,0.1720662034349537,306.6042141642644,0,normal
10.7,ramp,62.71918358303041,413.02050593381273,0.1583164027602005,315.0044193865704,0,normal
10.8,ramp,63.65234157973705,409.82248604267096,0.16989125855309653,315.007178890011,0,normal
10.9,ramp,63.19389733641585,410.99634306336003,0.16750381472168765,311.13735575951824,0,normal
11.0,ramp,62.945545153592775,417.25554628546706,0.18191242799296364,306.82156717545973,0,normal
11.1,ramp,64.35349087547276,419.483288616438,0.17658275676897894,306.67419625545875,0,normal
11.2,ramp,65.86864974493952,418.4504249748723,0.15911036921663546,313.1727759926038,0,normal
11.3,ramp,64.60445550765753,426.10556244887175,0.16310844202259323,310.0248065281805,0,normal
11.4,ramp,63.1720085648772,421.0523081955231,0.15739522466645361,319.00404399508557,0,normal
11.5,ramp,66.6277444074069,417.2773025772728,0.16841618089888905,320.4014473977497,0,normal
11.6,ramp,66.05598182554705,427.41279330343644,0.1625037844108449,324.17313921652806,0,normal
11.7,ramp,65.70210650692803,431.83956017840245,0.17708105209002403,324.6123234285382,0,normal
11.8,ramp,66.7466220360947,434.97005131150615,0.15675305176938392,319.2685594403846,0,normal
11.9,ramp,66.360555839096,430.6716348153834,0.1572882033126604,318.02385273038334,0,normal
12.0,ramp,66.8967027397493,433.3036863853324,0.1694472387564298,318.4815193535199,0,normal
12.1,ramp,68.34647968493088,438.9797228297892,0.15608657885890576,326.1425987478012,0,normal
12.2,ramp,68.69794422426267,439.1939296859234,0.15777498528307116,334.15274298987396,0,normal
12.3,ramp,67.12186127926134,433.2129434075566,0.17345540822585578,315.9659361976263,0,normal
12.4,ramp,66.21673433603087,442.58451745769116,0.1541255948159357,326.6855008585952,0,normal
12.5,ramp,68.27655680611223,442.83860126069527,0.18910799916393067,325.3305197095076,0,normal
12.6,ramp,68.85516256424178,446.26205726488007,0.1933710567225946,331.1235297283369,0,normal
12.7,ramp,68.89112552233796,446.7903834699286,0.16045372589071571,330.7828313746386,0,normal
12.8,ramp,68.23655704272716,450.7606435305492,0.16669854628662198,330.8327545464989,0,normal
12.9,ramp,69.91289234931256,447.79675592292136,0.17477959534777843,327.38549762719896,0,normal
13.0,ramp,69.40766887047597,456.26662562040684,0.16996398678422378,335.09487695108726,0,normal
13.1,ramp,71.2421468868696,455.2537372997534,0.17372990940085822,331.02127634087606,0,normal
13.2,ramp,71.1849040565264,458.7494304446335,0.18154837358927794,338.83758074517146,0,normal
13.3,ramp,71.34196966438144,456.59709914642843,0.1708667837643989,336.9904152250858,0,normal
13.4,ramp,71.47840747141875,454.06371511477016,0.1826238268238454,341.5609004724804,0,normal
13.5,ramp,71.63514279014558,457.8152871044043,0.17750689970082956,330.8759420429453,0,normal
13.6,ramp,73.31049403895796,460.38688498295596,0.1536757965508016,340.31452787923166,0,normal
13.7,ramp,73.55413273414906,465.00721224522306,0.1849811504318452,328.84674878066267,0,normal
13.8,ramp,73.84825329286679,463.9483931410706,0.1537829726373624,337.11060628509887,0,normal
13.9,ramp,72.02361489716719,467.1618668088619,0.17068265702369534,336.4018066630166,0,normal
14.0,ramp,70.64543041228289,468.00868583772456,0.17936441140034157,352.07020058560084,0,normal
14.1,ramp,73.98907204068294,467.6233462360626,0.1646752871512213,346.5677942415627,0,normal
14.2,ramp,73.99166279851816,474.7396599636911,0.17762964572158946,340.0509235068153,0,normal
14.3,ramp,74.02195121786932,474.5270134883462,0.18491557587841234,350.02555572678784,0,normal
14.4,ramp,75.27312700290851,471.45182479820784,0.16346262150202776,341.3834649137274,0,normal
14.5,ramp,74.53218665204969,477.3423336098072,0.16941402993512053,347.77789284025016,0,normal
14.6,ramp,74.53052695125453,484.09201519604164,0.17879736471586352,348.7308845383798,0,normal
14.7,ramp,75.8058278037484,487.41275692252856,0.17335725129485216,351.25582099923696,0,normal
14.8,ramp,74.98892065892832,482.0078240826685,0.1924251525460684,353.8911367775205,0,normal
14.9,ramp,75.22922139574261,482.4967473325883,0.16030494681932952,349.45436545292984,0,normal
15.0,ramp,74.98693689913503,491.7538000049959,0.17698300623344213,345.6190526623949,0,normal
15.1,ramp,77.83503059915509,489.70737851588143,0.17663782828112928,347.46414863619475,0,normal
15.2,ramp,77.77989479857074,489.4606414175879,0.18315103801613877,356.111720038244,0,normal
15.3,ramp,77.19207197353862,489.4299387296509,0.18202809567288156,346.07100489339234,0,normal
15.4,ramp,78.22202418212365,493.96802856581326,0.17103008918993717,355.03236841517014,0,normal
15.5,ramp,76.39660008735488,494.37586811586107,0.16255223445331912,347.8558562719064,0,normal
15.6,ramp,76.89060774756318,496.39349933906715,0.17173425825461652,360.5092755219378,0,normal
15.7,ramp,77.31278713072659,497.5181456502113,0.18347918672649244,348.90378701949095,0,normal
15.8,ramp,78.97879665802218,504.5425067237693,0.16375891610318755,363.2155819366994,0,normal
15.9,ramp,79.86888104795945,502.0440789024484,0.17074627585250027,355.11039035289235,0,normal
16.0,ramp,79.67374550514577,509.6518648844908,0.18029308238744166,355.290229882044,0,normal
16.1,ramp,79.95711653557686,504.95780453849346,0.17306978228670478,361.2727081574037,0,normal
16.2,ramp,79.36406414208714,510.22149222029566,0.18295612572720826,355.6162244546687,0,normal
16.3,ramp,81.34377964080724,507.17314122185695,0.1834691315007985,365.96081643582824,0,normal
16.4,ramp,81.53504228699315,511.09669281606887,0.18134229927408146,371.13774361133596,0,normal
16.5,ramp,81.05961622133954,515.3052855127678,0.16535834976370323,368.6756313490407,0,normal
16.6,ramp,81.64644749143496,512.1850030522199,0.17150510206000671,367.6776497999179,0,normal
16.7,ramp,83.76714696977392,513.6610280801802,0.1794458147799937,365.12581293745137,0,normal
16.8,ramp,82.32353009643656,521.8683473470721,0.17432473851426086,364.0424438113693,0,normal
16.9,ramp,82.55910912998772,517.6149828880657,0.18803581473631317,368.44995250071554,0,normal
17.0,ramp,83.24666156499103,526.2896893032014,0.17685901168748766,376.06664649783863,0,normal
17.1,ramp,83.06767414334256,520.1998206624868,0.17590005313426926,366.38184791910936,0,normal
17.2,ramp,82.28365863433403,524.3570946903487,0.18825294023770262,376.80384561416776,0,normal
17.3,ramp,83.40954974869757,531.4783408493747,0.19102343978253644,378.94671244257984,0,normal
17.4,ramp,83.64209842284491,531.473501253962,0.1851281039677889,376.4467922227418,0,normal
17.5,ramp,84.61391107492715,527.484547785155,0.18719739158023505,378.9407730831167,0,normal
17.6,ramp,84.75563284711153,529.5453255387525,0.1785942145260926,380.3435259384099,0,normal
17.7,ramp,84.65832826057358,532.8838798658409,0.17302986923793637,383.51152080089406,0,normal
17.8,ramp,86.41364926849958,532.0787374798283,0.20316610510874353,376.97390389436407,0,normal
17.9,ramp,85.85126326124772,533.360763229665,0.18780090820997045,373.3696954163402,0,normal
18.0,ramp,85.99775814478008,536.4800559585026,0.19852339904249794,389.13692367819914,0,normal
18.1,ramp,86.33418419657463,537.8964899028854,0.19050476465498847,377.25471755294495,0,normal
18.2,ramp,85.02148838998987,540.7780253077952,0.17539909794209552,374.18227135779824,0,normal
18.3,ramp,85.74545521010535,541.4260141439806,0.1794796620933761,390.1880714685284,0,normal
18.4,ramp,85.74178393825191,544.7235544490956,0.17483141136677813,391.4802378378754,0,normal
18.5,ramp,87.0751768841676,543.8071949086326,0.1741958608645165,390.4305320689027,0,normal
18.6,ramp,89.6415877878269,549.4031438539315,0.1839558575288889,390.05151685654187,0,normal
18.7,ramp,86.12265312953639,550.6474129505261,0.16473539204279122,388.6590569076039,0,normal
18.8,ramp,88.92852298863063,555.5612389532959,0.17151888703656376,385.38695203700007,0,normal
18.9,ramp,88.28938545271143,553.0111119858509,0.19632790223458066,393.8846738981638,0,normal
19.0,ramp,88.03041810731895,554.1132099508703,0.19378007041829917,388.4877966582958,0,normal
19.1,ramp,89.43740241668284,558.6540549528715,0.2026483272803006,391.47650457497093,0,normal
19.2,ramp,89.44944988842538,563.700956119802,0.1831607656088465,393.3316708998614,0,normal
19.3,ramp,89.43150468431512,560.6782036040371,0.18082881107739487,393.8849939176235,0,normal
19.4,ramp,88.9906460973765,565.4586487308255,0.18380086396275636,407.3892165324355,0,normal
19.5,ramp,90.15137163838244,566.4504191430854,0.16842041534163893,399.8925011949658,0,normal
19.6,ramp,90.5355517583383,567.0126648832584,0.1905361297850157,395.5507597870036,0,normal
19.7,ramp,90.06641441472648,568.1412361432646,0.16635477100104487,399.26089357662664,0,normal
19.8,ramp,91.60063836043484,568.9159891645984,0.1916075674764551,391.08209522400756,0,normal
19.9,ramp,89.8941700363772,569.7838817666309,0.17467482606813123,395.81123338417336,0,normal
20.0,ramp,90.87880651904665,570.0576285888119,0.182187193381135,399.94810453337647,0,normal
20.1,ramp,91.3524060822827,575.4364218117997,0.18422107824300027,394.3192411810149,0,normal
20.2,ramp,91.69405403208214,580.5476618204509,0.18950581481080037,403.9564797691033,0,normal
20.3,ramp,93.1491736887409,581.8929425163656,0.17283816083413903,404.84439446707273,0,normal
20.4,ramp,92.68984065953005,581.8098962220292,0.1618503559643254,408.47725614643787,0,normal
20.5,ramp,94.19242225522959,583.6429628616504,0.1822090244753476,404.4643617262904,0,normal
20.6,ramp,93.69289267516174,583.5857745470989,0.20682068439668347,405.4645198882756,0,normal
20.7,ramp,93.9108485603259,588.7121500295873,0.16990352769649636,405.1328316032409,0,normal
20.8,ramp,94.68897366808748,587.4513850602951,0.18814686965981547,410.12614453972293,0,normal
20.9,ramp,93.56446182010885,588.5604303661123,0.19453470113331578,408.37820130633787,0,normal
21.0,ramp,95.83940371259239,584.3924187040429,0.19106447311409508,420.62267377668144,0,normal
21.1,ramp,93.58730923982452,590.2992566887052,0.19030212460613075,408.71201465722953,0,normal
21.2,ramp,95.88116650787731,590.5587328559881,0.19474181236343133,405.52034881719516,0,normal
21.3,ramp,94.49096283943344,596.138361033205,0.18506020308901763,410.3984052117215,0,normal
21.4,ramp,96.08710296105762,602.8863917498122,0.19014613063145408,415.12515401776494,0,normal
21.5,ramp,95.2323758724289,599.4116185818143,0.17894535043947007,416.2692319649375,0,normal
21.6,ramp,95.49701729741763,604.3717340626546,0.2000116968720905,410.93279020607554,0,normal
21.7,ramp,97.1354821270358,603.4538359586645,0.1640840427370768,417.51161130674296,0,normal
21.8,ramp,97.83871488315418,602.894060982127,0.1769252717763424,422.6223645884537,0,normal
21.9,ramp,98.58981793772419,602.726131494474,0.17971446569222158,418.003513593594,0,normal
22.0,ramp,97.64619072569077,607.5657555083941,0.1859248358614797,422.89992542155056,0,normal
22.1,ramp,97.23316855197173,612.8584366136125,0.1895119555626277,418.1264267363897,0,normal
22.2,ramp,98.77690337630203,611.6372987857322,0.1981846519563479,421.9433258380881,0,normal
22.3,ramp,99.69834467121305,617.2538262004089,0.18997975605358416,426.98116553793807,0,normal
22.4,ramp,99.1123824714795,617.1894819029606,0.18731215627871298,427.96253408824026,0,normal
22.5,ramp,98.33459005827241,616.7711713519001,0.19833830752903384,426.03792919533373,0,normal
22.6,ramp,100.25143622068309,619.1892822017436,0.17501960305335826,425.5222082804924,0,normal
22.7,ramp,99.7240735406334,617.2090901598696,0.1779643750876868,423.054841542998,0,normal
22.8,ramp,100.84542420455173,627.2990173923412,0.18280772723776995,430.53639360413035,0,normal
22.9,ramp,99.31372678624861,626.3297463757757,0.1910678878853464,437.78451673076853,0,normal
23.0,ramp,101.2598091617617,630.889558992252,0.1944803268673928,438.83720186292766,0,normal
23.1,ramp,102.98296646225381,630.5574395185787,0.1949685567678302,425.60464723922246,0,normal
23.2,ramp,102.45583148589387,629.8576923722293,0.19739920127913765,423.5139122163251,0,normal
23.3,ramp,99.56818495662253,635.0758768692801,0.17216568519919387,440.4031163050554,0,normal
23.4,ramp,101.91079843992901,631.7061972299756,0.1704520941747432,438.7425851481302,0,normal
23.5,ramp,101.72332059875743,635.1100925900853,0.1898020031824563,434.99172892711954,0,normal
23.6,ramp,101.96698643330207,640.1937717285418,0.17615198216368078,435.8589264813699,0,normal
23.7,ramp,103.42278975154743,635.4461317569626,0.1937272013485485,441.2401533703418,0,normal
23.8,ramp,103.15956912007388,637.967042426111,0.19119824645951405,445.4481738432509,0,normal
23.9,ramp,105.3393543126489,643.6160155391332,0.18746158363757914,438.14828014648486,0,normal
24.0,ramp,105.66320770600709,643.3815418264587,0.1938899927267086,439.2822506933329,0,normal
24.1,ramp,104.43838986516934,648.4968008534107,0.1909852587953224,447.69586170036007,0,normal
24.2,ramp,104.79031734233168,650.0077073165942,0.16760258785747392,447.819444740814,0,normal
24.3,ramp,104.46211680722334,647.0491938055085,0.18292580053641677,448.0426218260439,0,normal
24.4,ramp,105.59529436889449,651.3147069668793,0.19903109465753752,444.2361358479773,0,normal
24.5,ramp,105.07143454542397,651.9174352782302,0.18893840102827097,458.45077830039656,0,normal
24.6,ramp,106.95203018200442,653.9323881236032,0.18744994579305677,438.5909380449487,0,normal
24.7,ramp,105.86787278976612,655.1105144602693,0.18992572903307162,444.8464217193675,0,normal
24.8,ramp,106.55695769026059,659.4014480397383,0.19524146986339438,453.05292952011405,0,normal
24.9,ramp,107.07371286714113,656.3400722905523,0.18658226369670333,451.96411114741665,0,normal
25.0,ramp,107.5919556477724,665.9189849674091,0.19810349205366568,444.9151993941692,0,normal
25.1,ramp,108.94569020032198,663.3356656645742,0.19318777198323545,451.6077921940284,0,normal
25.2,ramp,107.69871513305442,664.1232147478339,0.18623857389285428,458.48361948889146,0,normal
25.3,ramp,107.90156738692339,665.3685770239737,0.17686984080492457,452.98998552720485,0,normal
25.4,ramp,108.60034096095792,665.9117156066002,0.19030353229281324,453.630764448406,0,normal
25.5,ramp,109.08069039409402,666.5755449353948,0.18624682382149646,448.14847056742343,0,normal
25.6,ramp,108.19699460972944,673.7135259531634,0.17935903037181045,450.9509682604032,0,normal
25.7,ramp,108.91495812017713,674.516398654204,0.20553414519436475,462.383480731496,0,normal
25.8,ramp,109.52404449678454,669.138207510851,0.19097415558899902,456.8626610260343,0,normal
25.9,ramp,108.3385619321565,676.7619898136664,0.19931815767986177,460.9013235380596,0,normal
26.0,ramp,111.18527815426451,678.0608172671924,0.1774466745108671,464.84843767923144,0,normal
26.1,ramp,113.05341033070175,682.2494332675958,0.21550413452385456,471.5829155855439,0,normal
26.2,ramp,110.5929484870814,684.7949294943323,0.2019226420726333,465.0181113964489,0,normal
26.3,ramp,110.34063679577285,688.6761932336915,0.1998081300294372,461.0747651450243,0,normal
26.4,ramp,110.00229669453044,682.649678460805,0.1852232288529091,463.9762021222827,0,normal
26.5,ramp,112.24943141960817,686.4997536459507,0.19312008975965253,465.8167880418416,0,normal
26.6,ramp,109.98291359408562,691.9630567899379,0.18328012181593512,468.9414193934176,0,normal
26.7,ramp,112.5566958996114,690.541743601054,0.17895330742150195,469.21117695242987,0,normal
26.8,ramp,112.72693023846767,694.1387329629283,0.19675039732746227,470.43150917174984,0,normal
26.9,ramp,111.63199674877436,693.4283070023495,0.1787730778441398,475.1968921914397,0,normal
27.0,ramp,111.99518802587502,696.8423504472743,0.1986453208157737,468.2927006113067,0,normal
27.1,ramp,112.47821098906488,701.2243895058626,0.19933529271596231,464.1766651117608,0,normal
27.2,ramp,113.78246068056495,699.1217862262998,0.17906797851779527,474.78754935545044,0,normal
27.3,ramp,114.61941441140695,699.1936195310591,0.18183911953994938,479.7783651014531,0,normal
27.4,ramp,113.54471966047379,696.5305735252357,0.19432289191873406,471.6267132627199,0,normal
27.5,ramp,115.35160448186693,704.6292711776391,0.21040238920304183,472.8825094411615,0,normal
27.6,ramp,114.35850688125433,714.2200661216611,0.18748509382005296,482.0424446546336,0,normal
27.7,ramp,114.1623746298863,710.6131086081787,0.19178185886947913,471.90297817425534,0,normal
27.8,ramp,113.98615315665276,708.0101984720809,0.1961381840297997,485.88975196969807,0,normal
27.9,ramp,115.79213520624128,713.1315015093011,0.1830828500031356,484.85063860037945,0,normal
28.0,ramp,117.32447943845104,707.9347129319139,0.20255099164627935,479.9574113830582,0,normal
28.1,ramp,117.7173342865007,717.1277152985284,0.19807512257269164,480.2874040072543,0,normal
28.2,ramp,116.0585507032661,717.7927423411616,0.1857782281187036,487.3211959952207,0,normal
28.3,ramp,116.52945472376648,719.1205099782318,0.2061830341596321,482.7793259350287,0,normal
28.4,ramp,116.93287071315842,722.6353874237323,0.18040197206020897,485.0582068289567,0,normal
28.5,ramp,117.83686101964969,721.0436388001165,0.19380141406225154,481.55040820057076,0,normal
28.6,ramp,117.69745585040417,723.5996829735736,0.18442638469875014,496.2699445826294,0,normal
28.7,ramp,116.22931736402052,723.5050841396437,0.2098893703853624,484.1113719094207,0,normal
28.8,ramp,118.84313518937293,730.0956715529385,0.199678762986806,496.1045540559946,0,normal
28.9,ramp,119.17389921264272,730.7944193742403,0.1979895813981216,488.46828247697744,0,normal
29.0,ramp,119.09367836233005,732.7048133812578,0.19065818426947978,492.54234717999987,0,normal
29.1,ramp,119.20282614270788,732.2705259678831,0.21194193940588296,502.9291145589903,0,normal
29.2,ramp,120.42287763533561,730.9978720421549,0.1970319198979074,490.67069122103806,0,normal
29.3,ramp,119.05344478702642,733.1902638170799,0.18841486902640373,501.70095240237686,0,normal
29.4,ramp,118.74237568908563,736.92708416619,0.18448972992226698,503.13061300706147,0,normal
29.5,ramp,119.80080223986914,741.3239719775428,0.19286004987886843,501.8148146679422,0,normal
29.6,ramp,121.72947406136741,737.7521502509898,0.19264997161601968,506.01255618077965,0,normal
29.7,ramp,120.59725185300606,740.8406034314957,0.18791596826502088,508.55755091822476,0,normal
29.8,ramp,121.53666717986223,745.8105592124507,0.1876163564312104,498.12813295116615,0,normal
29.9,ramp,121.78708694397386,743.4028194950587,0.20434255316244102,494.90428799883296,0,normal
30.0,steady,123.23408548343427,748.6672815431864,0.19449299096339606,497.0038385645469,0,normal
30.1,steady,121.91729141282796,747.3256575441069,0.20414326569419275,507.3166970834759,0,normal
30.2,steady,121.79314629937083,746.9929243244902,0.19569693965282955,507.01546160945094,0,normal
30.3,steady,121.40881798681616,748.5226986274849,0.20351394176218152,507.98923919856156,0,normal
30.4,steady,123.8540842265067,747.171552246943,0.1896397023429231,500.1931172987812,0,normal
30.5,steady,124.0201453042801,747.3876933839506,0.21430565293588194,507.1373069236958,0,normal
30.6,steady,122.30339143533789,747.851535899408,0.1910872061345059,503.2437411218393,0,normal
30.7,steady,122.68012628637486,750.6965806110404,0.19373749527120795,503.91331585413803,0,normal
30.8,steady,120.27642011225726,754.8750067072538,0.18632471475474693,507.56313887088817,0,normal
30.9,steady,121.84489338984434,751.5637961139136,0.19522454434885536,500.46617200444257,0,normal
31.0,steady,120.18351646930475,746.3973698134015,0.20991403200721861,495.44195265121215,0,normal
31.1,steady,121.48427584553683,750.8412721844602,0.20449252703765566,493.4780913856306,0,normal
31.2,steady,122.0632958265863,745.8070925962271,0.18786348056871743,497.01216580172877,0,normal
31.3,steady,122.01048030599623,749.270360984701,0.21716880060161492,494.13003865704314,0,normal
31.4,steady,123.21407566695142,748.9136418936952,0.2030065696966899,501.07757120444376,0,normal
31.5,steady,121.62113092208132,747.0049412436837,0.18972277573273205,501.6877599431987,0,normal
31.6,steady,123.14958206734221,747.9090274202184,0.19521983577344815,504.7509009089926,0,normal
31.7,steady,121.2745852035886,751.7058911783876,0.20947309246839058,506.21906755036593,0,normal
31.8,steady,124.1784118890031,751.7170013866089,0.19422504928483222,503.4538592540512,0,normal
31.9,steady,121.7110376262745,749.1323325848283,0.19943076101848387,498.7044957027241,0,normal
32.0,steady,121.0010687724641,746.1073482063599,0.19505402778227027,504.9623049595714,0,normal
32.1,steady,121.79191485826463,752.8547581593664,0.20955803683714236,498.84936592209743,0,normal
32.2,steady,123.44851182825623,749.136419843126,0.2207183004491371,512.6485922244285,0,normal
32.3,steady,122.18035643072027,753.335974666811,0.19994932017740807,493.0534059878448,0,normal
32.4,steady,123.4824224443638,753.1790485664171,0.18315875042759544,504.8431807154062,0,normal
32.5,steady,122.59565978267347,746.3393016564564,0.20492171240082782,501.27837021925524,0,normal
32.6,steady,120.206535525411,749.4985260948491,0.18090722013736613,498.13166946282325,0,normal
32.7,steady,120.27241367043139,745.1941522130636,0.19177965601993494,507.4159356941769,0,normal
32.8,steady,121.86008908608929,745.9692857205474,0.20717515647314663,501.93483807639853,0,normal
32.9,steady,121.74207706262183,745.0343642858816,0.19113476192884324,506.3123880383878,0,normal
33.0,steady,121.06735158857175,754.22213152308,0.18860029120853175,504.12040902659544,0,normal
33.1,steady,121.49340302536599,746.5182636244633,0.17305524629683897,506.21674446191815,0,normal
33.2,steady,123.50917758808063,748.1932023477239,0.19366833521055082,500.90464696447106,0,normal
33.3,steady,122.3930783097716,743.5614904820501,0.19285057563502706,495.001912579819,0,normal
33.4,steady,123.60416326493093,750.3584972355326,0.19147813520209944,498.61747069745604,0,normal
33.5,steady,121.66828273005896,746.7405242627942,0.213105456864031,512.3608495751675,0,normal
33.6,steady,120.97312677367259,750.200117175493,0.18242622012724155,505.4271743250427,0,normal
33.7,steady,123.38352498341374,747.5381960252603,0.19261926492403847,494.6307983597759,0,normal
33.8,steady,121.21681819366808,750.8940040548009,0.18540075757805882,505.8555764845235,0,normal
33.9,steady,123.59477862409344,750.8204198374762,0.189325433376106,509.319949530034,0,normal
34.0,steady,123.06744767672866,754.2668048856241,0.20146585132517997,498.35457349859644,0,normal
34.1,steady,122.65168469623423,748.3667730601263,0.20052906999609363,496.8740526879556,0,normal
34.2,steady,123.24925829961376,749.5941024699873,0.18803050631121312,499.00313231520227,0,normal
34.3,steady,121.18142958448483,746.4590358012346,0.20101622399655195,504.2737652516403,0,normal
34.4,steady,122.82054482882947,747.2120510457491,0.1821229941334292,507.4507448548218,0,normal
34.5,steady,121.68576413135365,747.7673463450576,0.19478498892508375,498.1619942356085,0,normal
34.6,steady,121.62107358138317,747.0756437929307,0.19109211882300275,505.94418890090265,0,normal
34.7,steady,121.37003620391073,744.8035649302348,0.2054038196532325,509.9434672518796,0,normal
34.8,steady,121.90562674767631,746.6782305995137,0.19018589270863076,496.15970883597004,0,normal
34.9,steady,122.8227161574209,751.7323423677125,0.18703678754454842,504.39833175756183,0,normal
35.0,steady,122.32073800468109,748.4643716209836,0.20814887675604996,488.39693983094025,0,normal
35.1,steady,121.48725514592455,746.7830042474334,0.18328482836805784,489.9136843054339,0,normal
35.2,steady,120.77447764255017,749.6725657806264,0.19204099035742248,503.88001982353325,0,normal
35.3,steady,122.17164491447568,745.401735258496,0.20193819101449229,508.69434327975694,0,normal
35.4,steady,123.77357315064542,746.7196597922504,0.20755593827602625,497.50232694328173,0,normal
35.5,steady,121.77943662102324,747.864466899547,0.17705487708427575,504.27377585542854,0,normal
35.6,steady,120.62339112613874,752.085777158706,0.20931886630803773,493.9753268784998,0,normal
35.7,steady,123.13008249820982,749.4822099839757,0.17328879495022287,507.71864387107274,0,normal
35.8,steady,122.19913158756466,747.8681498973607,0.19549027923304646,498.7145646185217,0,normal
35.9,steady,122.14995095367532,743.1660285936139,0.2004439832966554,498.33055416629253,0,normal
36.0,steady,123.9622431477717,749.7912249977662,0.19661619054473964,505.02257975318673,0,normal
36.1,steady,123.62578249513552,748.0671582555917,0.20704666769422753,507.9319924420115,0,normal
36.2,steady,122.60992563825891,750.9868531707184,0.18717853700940013,505.48236753816013,0,normal
36.3,steady,122.94307157542215,744.3553559890768,0.21097271688704372,497.05618262638006,0,normal
36.4,steady,122.19233382038234,745.9892946237233,0.19814463013191633,495.0911865709399,0,normal
36.5,steady,123.82705519258248,753.146581419085,0.2013564740249438,500.01241802653965,0,normal
36.6,steady,122.39272268661654,748.9358200526195,0.18308352016635815,507.78104909030515,0,normal
36.7,steady,122.29152942219059,748.9623283819178,0.2087106948560215,497.25252584191065,0,normal
36.8,steady,121.77750031263788,750.71758910318,0.19379141608075756,502.0547693164327,0,normal
36.9,steady,122.69273378639488,752.2662701294427,0.19161018646140934,492.80693728165636,0,normal
37.0,steady,121.49032122917406,743.7486010716273,0.20265597429102372,499.0410106204931,0,normal
37.1,steady,120.10245506193668,752.7660260818184,0.19641514271251445,505.4029330784918,0,normal
37.2,steady,123.09909089098036,751.0829669353276,0.1831275329956412,498.92793914494564,0,normal
37.3,steady,122.8164191505794,747.1558165133944,0.1875664748325949,503.05133804853864,0,normal
37.4,steady,121.9051356777861,746.8555520171346,0.20229540331503923,495.52157348097217,0,normal
37.5,steady,121.68929186144585,749.529050939325,0.20896057599408527,494.32649987119186,0,normal
37.6,steady,120.92343396486586,746.8661407990639,0.19011980257331462,501.9905637692749,0,normal
37.7,steady,121.02008811861678,748.9379308211721,0.19674254527505244,498.48524178119527,0,normal
37.8,steady,122.57320851903852,747.4545578491443,0.2210265726771943,508.5087402809667,0,normal
37.9,steady,121.17223853767437,743.3538504595435,0.20934460912844444,504.3186461680545,0,normal
38.0,steady,121.83508592213681,747.6675532762263,0.17942687649945568,502.91360964489,0,normal
38.1,steady,121.93837082854648,745.1207434368581,0.21321996111024236,502.90347170932716,0,normal
38.2,steady,122.47387191076375,745.7548580621617,0.19782173961086033,510.6139476577592,0,normal
38.3,steady,122.92025542614807,746.8437195331858,0.21446748374695668,502.13104917294635,0,normal
38.4,steady,121.82432473332787,749.7016977971432,0.1959636402202932,499.62194024540963,0,normal
38.5,steady,123.0268350375244,747.4930555676124,0.197449299847093,517.8728473008728,0,normal
38.6,steady,122.52902059513312,744.4013991052188,0.18089274025581326,503.1352999743204,0,normal
38.7,steady,124.1039988705835,748.8180907982019,0.2164640635266779,502.44915496762763,0,normal
38.8,steady,121.25152174610169,749.7590210742301,0.18838921855607038,507.0315471143638,0,normal
38.9,steady,121.91496744936896,746.5281067950747,0.18366619823385297,506.35843202406375,0,normal
39.0,steady,123.3442551876531,751.2533869205672,0.21149885449738567,500.00134331312876,0,normal
39.1,steady,120.84392669800901,754.3555256827316,0.19542124198366356,497.81512698543156,0,normal
39.2,steady,121.29027886770488,746.4786865425812,0.19166058835231353,508.06592785145625,0,normal
39.3,steady,118.40858614404532,749.0706462954062,0.2076384525094346,506.66545350961934,0,normal
39.4,steady,120.99193349161082,745.7133835017872,0.18896720577095577,500.0247681407846,0,normal
39.5,steady,122.21191968724123,750.5919372929843,0.1933738542376261,507.99282778723546,0,normal
39.6,steady,120.22268975766524,747.2373846913403,0.1875188438617458,510.1659205361075,0,normal
39.7,steady,121.26034535032016,746.7792565503798,0.1927737781965898,503.2195000273827,0,normal
39.8,steady,123.00660980079152,750.3156496374171,0.20100814386520405,503.0393290709376,0,normal
39.9,steady,121.33191271116593,745.9601405103576,0.19660089700027947,501.1725471175262,0,normal
40.0,steady,121.71287247779134,743.9856218968932,0.19462272470243686,499.08563727977173,0,normal
40.1,steady,121.18529688555653,747.6278994113711,0.1950061160212329,502.0126047422738,0,normal
40.2,steady,121.46083017139732,748.4761274151286,0.19539491579270055,501.63187558243806,0,normal
40.3,steady,120.08573736351354,749.9071692487611,0.19011221750075966,510.66650393732505,0,normal
40.4,steady,119.99617236037005,749.358899864614,0.19110479390122845,497.8632037359976,0,normal
40.5,steady,120.47729547969851,746.8201660676597,0.20207940342817388,507.3936186058604,0,normal
40.6,steady,121.85425057721447,747.2047019708689,0.18282466832639552,503.8590327176817,0,normal
40.7,steady,120.98101318905125,743.9950340336108,0.198122015198767,503.16634170055426,0,normal
40.8,steady,122.50422072011715,746.1903655270116,0.19595928920036226,491.1915320675844,0,normal
40.9,steady,121.6427279189341,746.3931925382453,0.2094057121602225,507.34376277217734,0,normal
41.0,steady,122.82796030367045,746.7063277469842,0.20227370573687026,497.0579787744071,0,normal
41.1,steady,121.40006196090087,746.4008753707496,0.19150241880698518,494.8346886493718,0,normal
41.2,steady,122.6098333655609,750.0774239445909,0.1988295975828385,498.0760210584254,0,normal
41.3,steady,122.7299223318692,748.4168189193144,0.18254528966739267,490.3692697962415,0,normal
41.4,steady,120.65861868351676,745.133948324129,0.17367982104987892,499.59539494347007,0,normal
41.5,steady,123.25214699733685,748.2151600426249,0.19974599311552804,503.35629123888765,0,normal
41.6,steady,122.24995749229183,750.0170959356481,0.19435781347206643,501.2166529026643,0,normal
41.7,steady,123.7621924125262,741.0580310548701,0.20671531373271732,501.5655889398155,0,normal
41.8,steady,122.65338925411,747.9485581427865,0.20950141854458523,500.800896931766,0,normal
41.9,steady,121.67557559992711,748.9000806356694,0.20976778484107245,499.17733981473094,0,normal
42.0,steady,121.4228596378695,747.5622684965949,0.19423259545078017,493.73894226021775,0,normal
42.1,steady,120.99702945524538,746.6415766301225,0.18004434187399151,497.5016934037179,0,normal
42.2,steady,122.61520223619907,748.1878195731762,0.2107787435082079,507.10289182154236,0,normal
42.3,steady,122.15809118089389,748.9909904909879,0.19905921742486404,503.38848265361605,0,normal
42.4,steady,120.99774256963389,749.0529742354212,0.1936651802792361,507.32009656883804,0,normal
42.5,steady,122.36132933321318,747.1140504403339,0.19444200361268538,504.98688743793656,0,normal
42.6,steady,122.80099472080373,748.1412531341253,0.2083412092533555,497.6730899502015,0,normal
42.7,steady,121.09249318680341,744.1199657398417,0.1874569321739924,510.5882733822699,0,normal
42.8,steady,122.09843238513515,749.6704269714484,0.19507715659846855,498.5970617008838,0,normal
42.9,steady,122.55895411279062,753.6330898016092,0.19369843016194108,498.76932402948324,0,normal
43.0,steady,123.16013586919058,747.7279972533361,0.19641375025550936,503.3032639370715,0,normal
43.1,steady,123.7848633652725,746.8030744490549,0.19645770954211877,502.75447614326885,0,normal
43.2,steady,122.00080184480615,748.40787261111,0.2159346242602087,495.5481324168344,0,normal
43.3,steady,122.65975047331055,749.6202839339414,0.2048097990631148,496.16943910565146,0,normal
43.4,steady,122.02496339631163,745.8572925371557,0.21509583366020632,499.7686779393976,0,normal
43.5,steady,122.20437865087749,747.887003696176,0.20780751334071285,498.17107767416394,0,normal
43.6,steady,123.19830905448032,747.0074286706712,0.19710655107781,500.5418525462729,0,normal
43.7,steady,123.28950407276741,747.0126630185918,0.1870417284726243,507.7532656420334,0,normal
43.8,steady,122.49849109555228,749.0302647810976,0.1802986700576804,504.0624251711945,0,normal
43.9,steady,122.0170398078246,747.5858797878099,0.20424160652031906,506.3238596329088,0,normal
44.0,steady,120.57306630093008,750.5329074114819,0.2043240061049501,497.7603182144665,0,normal
44.1,steady,121.88083363683442,752.8332049298015,0.19458327262772795,503.1854259037207,0,normal
44.2,steady,122.5312805782951,748.3978505812897,0.20823504855637381,501.6517571274315,0,normal
44.3,steady,124.62754127992838,746.6370096587378,0.19186816382444832,508.5580687321786,0,normal
44.4,steady,125.55709038854916,745.7737881492353,0.19005835838120153,502.1629083014169,0,normal
44.5,steady,121.62213967114114,744.2124835735381,0.19590296330856985,504.27960393371507,0,normal
44.6,steady,122.3122328014832,746.7228718767276,0.1935128091841125,512.3102297779236,0,normal
44.7,steady,121.5962381240062,751.254422469281,0.1807096049980477,490.9090763624125,0,normal
44.8,steady,123.76075365139957,749.1718325082204,0.2047841362493401,501.75129163035376,0,normal
44.9,steady,123.58317741648489,751.7954604964143,0.19558675406694948,506.83247054425783,0,normal
45.0,steady,122.05018298784644,747.3186665357507,0.20442893536492693,502.25716867979344,0,normal
45.1,steady,119.71308513146126,747.5518960325729,0.20233405258454543,497.89344700620103,0,normal
45.2,steady,122.01154830839947,749.9518634472312,0.22040908721597766,498.9665841305281,0,normal
45.3,steady,121.28384793204417,745.9732664667325,0.19488852790289166,499.1094436066408,0,normal
45.4,steady,123.5816371075471,748.6090925289683,0.19755098498937548,498.327819258041,0,normal
45.5,steady,120.25460752863566,745.0380086438197,0.20383683484560808,508.9633672144223,0,normal
45.6,steady,121.34663917424469,746.3698426824241,0.20611404670272115,503.2292070100741,0,normal
45.7,steady,121.80041419692303,748.9198597746248,0.20127365034047448,504.8481015014945,0,normal
45.8,steady,122.01388905750709,746.2544577074791,0.18832558142203357,493.8245372988165,0,normal
45.9,steady,123.23391599975912,746.8839901166701,0.20149016095818975,501.1940370008528,0,normal
46.0,steady,123.09508187098928,751.1428210168622,0.18658639487377376,496.3235843474506,0,normal
46.1,steady,122.88879569876671,746.6476783927428,0.18731788767033528,503.25567523732536,0,normal
46.2,steady,121.35863329703464,746.5081925840104,0.2112140674472121,501.30158114678557,0,normal
46.3,steady,121.42167977002589,750.4481860869487,0.2022994197297956,506.46096053685886,0,normal
46.4,steady,122.184504330699,751.82514389386,0.20096853060870104,511.45177268385214,0,normal
46.5,steady,119.59652341855784,747.8794528277635,0.19378683054228057,492.84458025421435,0,normal
46.6,steady,121.40090559927131,752.2041436155603,0.19497754041227697,503.7892570307455,0,normal
46.7,steady,121.97644375076388,747.1362671659807,0.21625856573037333,509.3183326925952,0,normal
46.8,steady,122.67290557716703,746.82258673494,0.19006431985696534,505.44438460936806,0,normal
46.9,steady,123.13958458883017,747.1612941793231,0.19630367629973966,497.6798358802427,0,normal
47.0,steady,122.63786452746935,746.0777796101347,0.20821176588093643,494.1274086261576,0,normal
47.1,steady,122.26587415103467,753.4554934775811,0.1938671999043917,504.5189751238618,0,normal
47.2,steady,121.80318337732527,748.9947965863853,0.19175977963294683,499.70272345191574,0,normal
47.3,steady,122.50675145422143,748.4359262785289,0.1943000129528995,501.210543007255,0,normal
47.4,steady,122.68322116522182,748.1694684268156,0.21864037841114628,505.34229381720934,0,normal
47.5,steady,124.10494891789186,748.3870529941632,0.19579018901483036,502.3428894838217,0,normal
47.6,steady,121.03482584775531,748.2755166780424,0.20566536061242838,502.66859628021695,0,normal
47.7,steady,122.24307855265145,752.5342237455624,0.1956400054402254,492.62369593516576,0,normal
47.8,steady,121.71748546568217,751.7354909688706,0.19047591046870518,507.4027948178597,0,normal
47.9,steady,123.37988976131224,747.2525552148536,0.19377138046739897,501.0537453974433,0,normal
48.0,steady,119.47513797362409,748.7107351569639,0.19404024517541396,509.01166433055545,0,normal
48.1,steady,122.19163856459438,747.2168007426762,0.18873168126199572,504.4474777122158,0,normal
48.2,steady,123.80795636655984,745.8208846293788,0.2039577670066998,501.7312550040144,0,normal
48.3,steady,121.02408068376366,747.3335848291076,0.20202640163225277,507.48017464103435,0,normal
48.4,steady,121.33270284418715,746.8751929898538,0.19880463698586437,503.5165702062522,0,normal
48.5,steady,121.81634146202374,751.2180746754486,0.20569855059331071,501.8642815002979,0,normal
48.6,steady,121.14050818390655,747.9206670162889,0.18561732950901416,495.67494661865055,0,normal
48.7,steady,121.61824985363394,746.4001861713513,0.20096505669622494,505.89124914996074,0,normal
48.8,steady,122.54504755072908,746.9899243556431,0.20958008057406158,505.811393783574,0,normal
48.9,steady,120.22155415187072,751.5803976803942,0.19212271999202307,493.3689190264315,0,normal
49.0,steady,121.10896086926215,745.8998445721126,0.2096126620472735,511.4254385853241,0,normal
49.1,steady,123.26401154552143,748.0090227759281,0.2107283225823042,503.53006485510616,0,normal
49.2,steady,121.70680799680436,746.6733875120682,0.2155206747217433,496.84436229886376,0,normal
49.3,steady,121.35877873268105,751.982974235211,0.20636960370766458,500.51652736408136,0,normal
49.4,steady,120.42052651891969,747.5179969301761,0.20176710664219136,500.96267469527487,0,normal
49.5,steady,122.8319917021941,744.556298608308,0.19258207638085806,494.8419377544785,0,normal
49.6,steady,123.35202497100647,747.302003818125,0.20087222172469593,514.2261911210757,0,normal
49.7,steady,122.62654107892799,746.535527490076,0.19105238086420234,503.3627686270137,0,normal
49.8,steady,123.7702262212416,747.5580054551509,0.19062621731282858,511.456082938586,0,normal
49.9,steady,119.99697198028416,746.4067081818773,0.1892751213856191,501.2470262502424,0,normal
50.0,steady,121.4840545463646,748.7065504128759,0.2033462204810624,508.6186999589955,0,normal
50.1,steady,120.55254209043596,751.1278517367716,0.19047763253348007,500.45509597893454,0,normal
50.2,steady,121.85615268796735,750.071292463292,0.19467195138414653,501.25571472690774,0,normal
50.3,steady,123.98814504141504,747.4554921396127,0.19838883035195265,502.7179508712898,0,normal
50.4,steady,124.41258897799965,753.2122816922679,0.18088032487820543,499.61920709850205,0,normal
50.5,steady,121.8170021585784,749.9720044376571,0.20520208415055716,495.23059844186713,0,normal
50.6,steady,121.8781052252302,751.491573988758,0.19814857141408707,500.2820212248398,0,normal
50.7,steady,122.77328297149016,743.9523461789926,0.20105083735922366,507.0529582801781,0,normal
50.8,steady,121.46865256626155,744.0205963522906,0.21760094665033486,494.735178340503,0,normal
50.9,steady,120.88798477439765,747.1694169177681,0.19134053584274902,498.8676278177399,0,normal
51.0,steady,123.54561812342011,745.929156480986,0.17850457584336987,492.9868637001671,0,normal
51.1,steady,121.88549764099946,750.4245690681587,0.2167887630128047,504.4073054823017,0,normal
51.2,steady,120.87639080283704,745.4066919776039,0.19604921662929037,505.2472284303206,0,normal
51.3,steady,122.13642866821972,751.9838397148153,0.19240204194662258,500.7662426863513,0,normal
51.4,steady,122.31350792469088,749.5032990288834,0.17843325155683148,503.8484988334613,0,normal
51.5,steady,121.03309034738379,745.788417140637,0.2016768181712269,506.9595838823551,0,normal
51.6,steady,121.2972542308107,752.4523846372674,0.2064417443627404,505.9501650966714,0,normal
51.7,steady,123.02949259161606,748.0380590422925,0.21472564143305115,499.49999909851664,0,normal
51.8,steady,121.28839883453833,747.5794217183395,0.18032523056041333,505.8292577481301,0,normal
51.9,steady,123.54216157160262,752.550049936664,0.21894022566244717,492.8529858662388,0,normal
52.0,steady,121.68824615829561,747.2060229268395,0.1947349116808946,506.339083930646,0,normal
52.1,steady,123.80495572715255,744.6843074791794,0.1847192825187171,508.03787943818816,0,normal
52.2,steady,122.24834299900823,747.8486943748836,0.21272240523520633,501.707269629252,0,normal
52.3,steady,123.23816027742441,749.0712714117293,0.210218170276992,501.2716298687653,0,normal
52.4,steady,121.72438748309051,747.1730224817373,0.1892885735768121,496.1846943589234,0,normal
52.5,steady,122.83593105529577,746.6598812475415,0.19813321096104944,507.2060389598651,0,normal
52.6,steady,122.25914518427876,748.6765703167125,0.169147238482711,499.5873835232737,0,normal
52.7,steady,122.33583340385583,744.438871369333,0.18057379971145165,499.67119224935703,0,normal
52.8,steady,123.02868740827743,744.1640428492898,0.19438138532126106,503.32533027788384,0,normal
52.9,steady,121.5397755211266,746.0829844769668,0.19562455095940448,509.1357705818438,0,normal
53.0,steady,122.23935608403684,746.4563378827143,0.19068861073394008,502.9674280263864,0,normal
53.1,steady,120.95405495231874,744.0078938317215,0.19755955459675237,505.1682924671969,0,normal
53.2,steady,121.60607372111285,749.7389504154052,0.1969706406648685,507.49735693021137,0,normal
53.3,steady,123.55538902263288,748.4191899607457,0.1957405650695285,514.2004576114795,0,normal
53.4,steady,120.42959510105803,750.8194465911262,0.18286308543983737,503.60861851341843,0,normal
53.5,steady,121.66969944742023,745.256208436087,0.20226548498663072,502.6321062041265,0,normal
53.6,steady,122.44918923118442,745.2335620061627,0.19385834259273127,498.76441738457436,0,normal
53.7,steady,122.16704727893521,746.9340098380663,0.19137095267799037,500.6706790674864,0,normal
53.8,steady,121.42848928523486,746.292085041777,0.18271043949782217,500.3169993702993,0,normal
53.9,steady,122.2254443390411,749.9027008838191,0.20744736748101955,503.8535363786848,0,normal
54.0,steady,122.27603934248138,745.1192513233417,0.19472045172470515,501.8992315527742,0,normal
54.1,steady,122.95950007894527,749.9953245297494,0.199149691696502,496.58737496478074,0,normal
54.2,steady,122.79871263922925,746.3351956036332,0.19147499938408902,512.2359021507882,0,normal
54.3,steady,122.25014739997073,755.9431732969321,0.19670369116785874,510.70162851423083,0,normal
54.4,steady,121.07073091453722,746.5183378355323,0.20391155308594797,497.28311921987176,0,normal
54.5,steady,124.27968362411254,745.7524167823752,0.18977547813338524,501.73838065451724,0,normal
54.6,steady,121.02845991998919,745.2284328191491,0.19603980052857006,502.74318792429597,0,normal
54.7,steady,123.17293661887209,749.1467934276045,0.19285214087492303,494.14960767219293,0,normal
54.8,steady,121.90827679688324,750.3168371669303,0.18660847810094242,508.8957786331959,0,normal
54.9,steady,123.41972218654438,746.179605182324,0.21482351111084186,498.3975029203469,0,normal
55.0,steady,124.0579466689407,749.6181318377635,0.20153779242010894,508.2088123079303,0,normal
55.1,steady,121.90201639898571,749.9205082628816,0.1963863290538625,498.8206475150742,0,normal
55.2,steady,122.58350923722901,743.5708786022223,0.18489228439046876,495.764161389005,0,normal
55.3,steady,122.0145463115236,747.6261460419997,0.19224010464368327,501.71626231642955,0,normal
55.4,steady,122.16542130164841,744.2977716228858,0.20359763883024037,506.3451774437369,0,normal
55.5,steady,122.06812132481456,753.5018825113569,0.2035741407450851,506.2894681729523,0,normal
55.6,steady,120.76590414952801,747.6818364633311,0.18533180032418128,501.96862730307976,0,normal
55.7,steady,120.98272771110737,747.9320882575208,0.20317225975486436,506.32546779653165,0,normal
55.8,steady,120.87692894586367,747.487037013443,0.19225760823050428,499.46547244612697,0,normal
55.9,steady,121.37788183807957,748.9318049982179,0.19688766095145885,499.3880632595517,0,normal
56.0,steady,122.14766013089186,750.5776198625014,0.19219612036340983,503.9692449960846,0,normal
56.1,steady,121.65642733995082,750.0938846600715,0.21262625399110424,505.4551525619044,0,normal
56.2,steady,121.72396517799855,746.5460564729166,0.19168270590963163,508.17159217521106,0,normal
56.3,steady,120.82223370165158,748.8778019200068,0.2023899864289745,506.0153839828021,0,normal
56.4,steady,123.260862653498,746.5468893848068,0.19010587875570728,495.8944673270787,0,normal
56.5,steady,121.43319545426604,747.941822644735,0.19371695217741353,501.8241567375306,0,normal
56.6,steady,120.44587364010529,747.9912098446482,0.20098760013824057,505.87609688773574,0,normal
56.7,steady,121.43689167606243,750.0256460922257,0.19037179117712352,508.38943634581074,0,normal
56.8,steady,122.10564036209605,748.1669541793206,0.20611365239530288,501.5862697558229,0,normal
56.9,steady,121.8722547127786,751.8551192627903,0.2022612177634911,504.14971070377885,0,normal
57.0,steady,120.76817770124777,745.0813912728048,0.19593320096766456,509.3672765895864,0,normal
57.1,steady,121.81916041639563,750.0520436624919,0.19329994016321736,509.31151033461026,0,normal
57.2,steady,120.68938586883252,748.0244439371163,0.19029269750330383,503.52346029368164,0,normal
57.3,steady,120.91796005757207,750.1892945869272,0.19055049972715427,500.7935604211017,0,normal
57.4,steady,123.20779147357095,746.1109626866697,0.213084028465383,506.2517423056583,0,normal
57.5,steady,121.77443734470702,748.8507118859065,0.18898885916620484,496.88667044648207,0,normal
57.6,steady,122.36088748598645,744.7096241883401,0.20090370372080746,492.9448129110922,0,normal
57.7,steady,122.15596545813555,750.9872126495821,0.19796134590562206,501.4436307494192,0,normal
57.8,steady,123.05853752114369,748.532500149445,0.20203091521470443,493.2601496549203,0,normal
57.9,steady,121.7023404129271,748.4005956986732,0.1946596354365551,510.01424461757586,0,normal
58.0,steady,122.55476602257723,747.9888855709679,0.20444737762452,515.8893583865078,0,normal
58.1,steady,121.70342584360874,749.5607061652019,0.18605529705115118,499.520203386097,0,normal
58.2,steady,122.33505180719443,749.8120475505269,0.20108059701990497,497.1605438834548,0,normal
58.3,steady,122.98921875453784,745.3496444183894,0.19518391493274603,503.26774604030464,0,normal
58.4,steady,122.17422362809246,747.857779846909,0.19841542144981617,501.0338195356113,0,normal
58.5,steady,122.44734787587002,749.801435287885,0.20191089089012423,499.5404522753832,0,normal
58.6,steady,121.60453044116169,745.7771612442988,0.18653053538266173,501.8594523841725,0,normal
58.7,steady,122.02421305228093,741.8517123369878,0.1940794596264434,498.36007462434145,0,normal
58.8,steady,123.17719538694664,748.6875609887683,0.20019041100440277,496.81736804601474,0,normal
58.9,steady,122.97407494919328,747.6950766349561,0.20080875306991186,500.2463621203073,0,normal
59.0,steady,120.66197302230292,748.2681619206268,0.20455428147000682,506.97484947521826,0,normal
59.1,steady,120.05280835081703,745.6390610992628,0.19074347654725166,511.32162606069375,0,normal
59.2,steady,123.50759432803592,748.3218311063096,0.18760685998354315,501.59573961151574,0,normal
59.3,steady,123.53699773176704,747.5865324298412,0.18579619915379825,507.34104105650044,0,normal
59.4,steady,122.18722074632431,744.2919788566223,0.19637984232935085,509.4344940652489,0,normal
59.5,steady,122.99070529577797,750.2899416000813,0.1857322421099946,511.592704381817,0,normal
59.6,steady,123.36435196639383,748.231704460523,0.19772758140981314,497.4921942739507,0,normal
59.7,steady,121.83185487656637,745.4565050923777,0.1853873072051988,494.04427037883875,0,normal
59.8,steady,123.07668393041227,749.9728284110943,0.2101533588451236,508.4802345217928,0,normal
59.9,steady,123.21128009933848,748.6852084200997,0.20756521470892397,491.72368317777864,0,normal
60.0,steady,123.166324141354,747.5365548653907,0.208013534318843,499.55551566266865,0,normal
60.1,steady,122.48722383330023,744.3689628565555,0.17357983102286795,499.39850355858607,0,normal
60.2,steady,122.52664695613987,748.1568593222459,0.20777147570561683,503.63874753089954,0,normal
60.3,steady,121.19786736467162,748.670828997766,0.18642229856518067,494.70387213703776,0,normal
60.4,steady,123.8998709549297,743.6477096940853,0.19495404528659535,509.50398221031816,0,normal
60.5,steady,120.91485381563356,746.0254909262239,0.1904991314639185,499.4681104689227,0,normal
60.6,steady,121.53941016158065,745.4522060682705,0.1959522156519374,508.10561438222953,0,normal
60.7,steady,120.12544324517356,747.9696613302795,0.18810703206251986,501.41706804137107,0,normal
60.8,steady,120.99220199848011,752.7978044686611,0.19323697022675432,504.4527081084624,0,normal
60.9,steady,122.57060415268413,755.1721136688585,0.19796727092975494,512.3044818116712,0,normal
61.0,steady,122.98158779338011,748.51927860421,0.20006456052745586,494.5178127918148,0,normal
61.1,steady,120.83155116049743,749.0238368250825,0.1859006074667123,499.02116538288163,0,normal
61.2,steady,120.65581672515523,745.5868712147538,0.20582784941852764,500.0620457863266,0,normal
61.3,steady,120.87997272028711,753.1370220381314,0.19501973155998747,506.45378682903333,0,normal
61.4,steady,122.77180273628282,749.6773359606509,0.2009287163792029,503.955422894698,0,normal
61.5,steady,122.7757391066724,749.0713196365631,0.2163640021792648,496.0524380436937,0,normal
61.6,steady,123.7442854858064,744.8731359749794,0.19426082993104746,507.1721786788576,0,normal
61.7,steady,122.17132962473427,743.6234979054128,0.19237779155749954,500.86292978939315,0,normal
61.8,steady,121.32878441895785,745.8676319283378,0.17378294990985393,499.6308648100195,0,normal
61.9,steady,121.04182637330007,749.8983058316628,0.1935859102704478,495.21830177305435,0,normal
62.0,steady,123.4245128713809,749.5656027387506,0.20099527355991267,493.2003702089379,0,normal
62.1,steady,121.91268380528078,750.3197346260931,0.20165854219405813,501.9029539234253,0,normal
62.2,steady,120.96084005395821,752.4526975515042,0.19185799197385903,509.3337847716136,0,normal
62.3,steady,122.98493399891038,750.7511410795962,0.1926762914062159,501.07573864088243,0,normal
62.4,steady,122.32567605782009,746.9528346314424,0.19777234842626196,500.1011492861135,0,normal
62.5,steady,123.67492896260447,748.6299804303585,0.20141033148851287,496.4592496842842,0,normal
62.6,steady,123.258843994849,743.9340532235738,0.1887689278634396,498.51744095128214,0,normal
62.7,steady,122.46711890330164,749.9035528581753,0.1877227996948819,501.47123924776275,0,normal
62.8,steady,121.58086187346905,749.4218689900713,0.21258182025164035,505.4656129423133,0,normal
62.9,steady,121.10765545015612,749.6912981796739,0.20858734747450802,507.8811195542804,0,normal
63.0,steady,121.70425854339781,748.2130570432574,0.20395185626510887,507.9021744734212,0,normal
63.1,steady,121.30044721808187,747.8731828371277,0.21104672137207542,497.9225033629645,0,normal
63.2,steady,120.57710076784937,750.4719223653087,0.1994384939956875,501.6007617376708,0,normal
63.3,steady,122.2832075838079,746.4024791428043,0.19315566202642576,509.43306060202616,0,normal
63.4,steady,122.47227676412055,749.1766901733024,0.20011266152519702,497.76378397899396,0,normal
63.5,steady,121.09527639052848,746.7290288755826,0.19424990919349402,505.369921768934,0,normal
63.6,steady,122.36458161193644,747.8054296464461,0.20517863251448193,502.903185733363,0,normal
63.7,steady,121.63492112837146,750.8275469109358,0.19840815257476838,501.20607917965805,0,normal
63.8,steady,121.90006116764917,749.1467431874572,0.19127645820699224,506.9552723360787,0,normal
63.9,steady,122.72008541579471,743.6276296585543,0.1701976585437034,494.9933062963851,0,normal
64.0,steady,121.23641521172637,750.6692153561702,0.19939147463491216,491.9797015260026,0,normal
64.1,steady,123.40472022915091,749.0046639073495,0.1969205381976797,502.4214461645286,0,normal
64.2,steady,122.06369762307494,748.4611411341034,0.19607648802822317,505.1251022474751,0,normal
64.3,steady,122.65935888356951,747.1823224431286,0.2042801497729008,502.79886920352124,0,normal
64.4,steady,122.74336207256697,751.9313177423097,0.1963264686983597,518.634961530308,0,normal
64.5,steady,122.16028820388837,748.8184332342718,0.18850209649043745,502.30035846989625,0,normal
64.6,steady,121.47357983428333,747.4679508089154,0.1973359033733738,501.2232968783886,0,normal
64.7,steady,119.37555413503527,749.4044003676673,0.2082229434088966,498.4540291426696,0,normal
64.8,steady,121.23638203868147,742.0358253015607,0.19781817937716492,509.1364027056687,0,normal
64.9,steady,122.2729879211299,747.1661622170449,0.2168133354944288,503.20983462208545,0,normal
65.0,steady,122.22360681210101,748.3741336986916,0.18549575648902444,492.14541762820016,0,normal
65.1,steady,120.93724217111857,745.502452310016,0.20282680693966962,496.9253360766635,0,normal
65.2,steady,121.66606255764054,750.8098160831205,0.19215327564047735,503.62127631592494,0,normal
65.3,steady,122.6163683548469,750.3420599177573,0.19741502864467747,501.6438207485841,0,normal
65.4,steady,123.25912028999716,746.3353851246738,0.18618391878037788,511.98032005265065,0,normal
65.5,steady,119.42333832006838,751.831992582696,0.17756386338271737,496.29277896498786,0,normal
65.6,steady,123.69033498426346,752.4720373062272,0.19580714129674123,497.5879827846398,0,normal
65.7,steady,122.39492962766617,751.6069947512995,0.20070525860773628,507.2511980266144,0,normal
65.8,steady,121.45357079569757,750.4653265515412,0.20827848977800784,508.0361727896798,0,normal
65.9,steady,121.5234500343384,746.7744351486253,0.1898210721556576,498.25049245050076,0,normal
66.0,steady,123.21943883419175,748.9599420523042,0.20519474149644104,508.6057034788844,0,normal
66.1,steady,122.39845895742337,749.5530590101602,0.2087787743635303,505.19431133577837,0,normal
66.2,steady,121.12028810154611,748.5778056429946,0.2161452178826937,504.94678783242125,0,normal
66.3,steady,121.39830118620883,749.175296913406,0.2023570068962618,505.393311006421,0,normal
66.4,steady,121.56942960431078,747.7494759653839,0.21314485707901712,512.5474454460033,0,normal
66.5,steady,123.58440835380873,743.5806713763197,0.21642628228756525,493.4719584824688,0,normal
66.6,steady,120.91000700214198,747.0097559863381,0.1994316871802659,497.86574277619764,0,normal
66.7,steady,120.62149677612821,748.7993065273002,0.20071660439826572,500.6558096845899,0,normal
66.8,steady,122.68893402398056,745.940732042023,0.17695854962418464,496.4003957549693,0,normal
66.9,steady,122.42839657106269,747.2395649266304,0.19137373882528114,499.2477719647904,0,normal
67.0,steady,122.47020563147221,747.8316646227437,0.19031933313482033,503.8173542825126,0,normal
67.1,steady,121.79556001571218,749.4738919826696,0.21843024316016801,506.9256236886305,0,normal
67.2,steady,123.332659033034,746.7241358728943,0.1918594063812081,505.09763280957253,0,normal
67.3,steady,123.327983109518,754.511914536376,0.21231258873872655,496.9943188191996,0,normal
67.4,steady,121.84376741070007,746.8078643410909,0.20370913640298846,502.0288256697454,0,normal
67.5,steady,123.73974084637693,750.7281201676129,0.20107128216447778,503.6558127299791,0,normal
67.6,steady,124.69061332133998,747.491690030763,0.19341126457209368,498.1852215092008,0,normal
67.7,steady,121.60255662814218,748.7251208285508,0.196368365419041,499.97406829448323,0,normal
67.8,steady,122.52350843581671,749.8757315059157,0.20054863729421973,499.3312751004843,0,normal
67.9,steady,121.83463129693588,745.8246851397158,0.19622590568340773,506.66745012348383,0,normal
68.0,steady,121.593395401103,749.9941059524455,0.1881641820232044,503.7709445244874,0,normal
68.1,steady,122.59952521777798,749.4877947528208,0.19693276095130724,497.58761167989735,0,normal
68.2,steady,122.08663584061946,743.5562463414232,0.2007544182819516,498.98576030998936,0,normal
68.3,steady,120.5144119363074,742.5012710346484,0.20064698464841524,495.94919163778667,0,normal
68.4,steady,121.18255357597302,748.4276588427919,0.18594683009939328,504.4450538725227,0,normal
68.5,steady,123.2832496549738,746.4294752513574,0.17959710242180205,500.16259962015954,0,normal
68.6,steady,123.3690827506594,744.0919888143166,0.19069961174473452,511.91142418884976,0,normal
68.7,steady,121.31111107197786,746.4414261648692,0.17738955922555694,496.13340583375407,0,normal
68.8,steady,123.06549006688552,744.1404753905967,0.17933414663712804,494.4338803605136,0,normal
68.9,steady,121.45286018424665,746.5132635890886,0.18726763997463022,500.24016354405785,0,normal
69.0,steady,121.19746706048012,750.5545263312546,0.20548868746563714,498.2327006598957,0,normal
69.1,steady,122.78678163778115,745.7340769961812,0.21925971940553846,511.78686917998937,0,normal
69.2,steady,121.30980263104703,744.1876426327569,0.1929285425974051,505.2480551056853,0,normal
69.3,steady,123.66601312561428,754.1130325817369,0.19678973305926917,500.51230330944543,0,normal
69.4,steady,122.20008945714274,746.4174530214364,0.20377219691498594,505.5249827881791,0,normal
69.5,steady,121.48387659520787,752.3424697390545,0.19439316521883201,502.86275706934725,0,normal
69.6,steady,121.82627396421887,748.7295323371109,0.19505903479629014,504.36350984671867,0,normal
69.7,steady,122.36876515804573,748.185192939275,0.209263273130197,497.24621791218055,0,normal
69.8,steady,121.73418394656834,744.3321937687942,0.18575431779677098,504.0146869985659,0,normal
69.9,steady,122.54649645081557,749.6213550870516,0.18359132616278548,504.6861743249152,0,normal
70.0,steady,120.7393475268245,748.9896820981562,0.17832853964584683,502.92118421888404,0,normal
70.1,steady,122.47503476766052,747.6485008679215,0.19121978334806275,508.3284456941039,0,normal
70.2,steady,122.40003407982162,747.9451610067456,0.21221490173661958,499.21890871595923,0,normal
70.3,steady,122.38737924199101,751.613148356009,0.20684801403646322,497.8515068879298,0,normal
70.4,steady,122.45643400306055,750.9724377906875,0.19788748979554482,504.23421397883595,0,normal
70.5,steady,123.58206786034238,750.9598071162718,0.21385637334559804,507.8397153375463,0,normal
70.6,steady,122.64946575900858,744.4811631732036,0.19106996449565297,501.191988081469,0,normal
70.7,steady,121.28795942806343,747.5252206422243,0.1989494133029265,502.9065781019296,0,normal
70.8,steady,123.53450972798053,746.9284609589115,0.21096414265057747,501.5517154574386,0,normal
70.9,steady,122.0353659186523,744.6328317260312,0.17432373513040325,495.57995803671076,0,normal
71.0,steady,121.36334529695394,746.6772445836568,0.20311788948193574,500.13643380539656,0,normal
71.1,steady,122.05942057589728,746.9149487997071,0.20826978557809853,490.0616712387665,0,normal
71.2,steady,122.74855836223401,744.4447619404116,0.20414090860463838,506.12774759508653,0,normal
71.3,steady,123.57749001494045,748.4955162854602,0.199421412447458,498.33870926225967,0,normal
71.4,steady,123.11768709398892,749.1322174510211,0.17953792276673955,505.00073323648365,0,normal
71.5,steady,123.01744668036578,745.5868185530364,0.19973052576070613,502.3787255856969,0,normal
71.6,steady,122.01641954491446,745.3375121801622,0.19984583765667605,508.08309031601647,0,normal
71.7,steady,121.6484224322482,748.4917088821718,0.19695211385505662,499.50141216690645,0,normal
71.8,steady,119.78602494108412,747.8343007063153,0.18694536718057042,495.5382099776575,0,normal
71.9,steady,121.80910809914498,747.6566899509174,0.18568808338267073,498.06786744227327,0,normal
72.0,steady,122.62679206165492,747.3004956854134,0.19516377215584135,512.1272849428931,0,normal
72.1,steady,122.00395388786734,747.4696968717848,0.19068127453853878,497.4027773934876,0,normal
72.2,steady,123.74342242863538,749.5468077637545,0.18375195347240803,508.5434397846395,0,normal
72.3,steady,124.1541426423976,747.5698723130341,0.18650562582011734,494.20316039914655,0,normal
72.4,steady,122.40123116899258,749.2482087326807,0.20010421495358177,510.83527297663153,0,normal
72.5,steady,122.21637552510133,745.5706425208441,0.1838501429118105,494.5980682906407,0,normal
72.6,steady,122.13066804035299,749.8383289113009,0.20216218150777313,504.14941769742626,0,normal
72.7,steady,122.4693044074807,750.5437121112928,0.19513667785061758,503.87059622023725,0,normal
72.8,steady,122.02117063645316,750.9012539037242,0.2110492992285117,501.1956244410481,0,normal
72.9,steady,123.03792389924313,741.6017060324441,0.19814304365808943,508.51535899935055,0,normal
73.0,steady,122.68669776988946,746.7916006235395,0.20812053580306247,502.63262395935544,0,normal
73.1,steady,120.78393448384746,747.7405344034607,0.19920197273329454,493.53978372492026,0,normal
73.2,steady,122.88825175235277,752.9570719834759,0.202459059477052,500.5426663134307,0,normal
73.3,steady,123.43652153613549,749.0450573428918,0.21226355816979478,496.2218615629229,0,normal
73.4,steady,121.49112719790378,746.2199715943913,0.21052662628859783,504.1409920308845,0,normal
73.5,steady,121.73394449107414,744.9185341216944,0.20736334127533299,502.7510300844961,0,normal
73.6,steady,120.95695262199102,746.6740650253455,0.18567313972166039,511.8642318681267,0,normal
73.7,steady,124.37509849035145,749.8939234530492,0.198895123030419,489.0257808279526,0,normal
73.8,steady,121.9280119548963,751.0122117941673,0.18707967266811,492.3698488403411,0,normal
73.9,steady,122.00165644701381,749.8923773277623,0.2161008717597572,495.6408050734856,0,normal
74.0,steady,123.32404150397423,750.4743897300021,0.1984386830158549,493.65589500173786,0,normal
74.1,steady,121.75337840728268,751.422586795214,0.19540410757687723,500.4693393731255,0,normal
74.2,steady,120.8816987281573,749.3137090756387,0.1905401257939368,510.7538624325873,0,normal
74.3,steady,121.18420863836026,748.6875357251157,0.2119923241684995,507.7521301828829,0,normal
74.4,steady,121.76246040778959,752.3574475497351,0.1969040218964456,495.0818617790006,0,normal
74.5,steady,122.35031145426805,748.2927521142734,0.20343773652402167,505.58536796707745,0,normal
74.6,steady,121.84759862080034,749.993930258431,0.1896561102554857,500.816222628842,0,normal
74.7,steady,122.97583148919611,751.5381228084314,0.19598252800303761,500.4783378209701,0,normal
74.8,steady,123.52776115969519,749.2991022958641,0.19389396829462793,504.30116792234776,0,normal
74.9,steady,121.12587201010476,748.3128421914186,0.18259512059431182,496.7717912524388,0,normal
75.0,steady,122.40533197582603,749.2706679421209,0.21113591066565565,513.1840251332709,0,normal
75.1,steady,121.05353553905225,747.3731488213209,0.19018894837688555,506.3367894066428,0,normal
75.2,steady,122.13602503205634,745.6099940892618,0.18892747151951436,507.10331443492737,0,normal
75.3,steady,122.24093049011552,748.6038694729896,0.21727568779236478,503.70835928255264,0,normal
75.4,steady,124.13219968982955,751.6605277468391,0.18700845976167577,500.40042510194434,0,normal
75.5,steady,121.21907663039299,752.4300314346552,0.17760166385747614,496.3695652050302,0,normal
75.6,steady,120.74090912967496,747.5632371520818,0.19657865492151874,501.17299301919905,0,normal
75.7,steady,123.68182257307998,745.7214922668137,0.18289177020282085,499.6714154356993,0,normal
75.8,steady,123.53130182759696,746.8591647652385,0.18741439562240433,506.55856244553655,0,normal
75.9,steady,122.55261526554251,751.8211815852143,0.20310595169936208,508.068113827264,0,normal
76.0,steady,121.95854028843547,745.3463940053067,0.1806629352722002,502.8164536120114,0,normal
76.1,steady,123.02274921992341,748.3069082030604,0.18827368248034235,504.974565185903,0,normal
76.2,steady,119.92220205032787,751.095732696697,0.18865975866695142,500.69762914166057,0,normal
76.3,steady,121.11721425155227,747.7022875159507,0.1858612813220897,495.19093096418015,0,normal
76.4,steady,120.66996488368646,747.8410685631152,0.1959447630438673,509.23015841569116,0,normal
76.5,steady,123.82187602692815,751.4496576845853,0.19812725639751386,501.77185631780947,0,normal
76.6,steady,121.8779664808822,749.0898175779997,0.1945198101997884,498.8600261475864,0,normal
76.7,steady,122.79560040325578,748.7502263842761,0.20805419667962516,508.70604494979926,0,normal
76.8,steady,122.54276271009995,746.5515451141916,0.19799265244730616,510.21429615439877,0,normal
76.9,steady,124.44119337879756,747.5447859607749,0.18509637678506138,505.079705249668,0,normal
77.0,steady,122.86432026273553,745.7518269503938,0.20266142860617004,497.3751583245532,0,normal
77.1,steady,122.16198358461281,751.4787218451246,0.20267148901690488,507.8561796022956,0,normal
77.2,steady,121.18032978650002,749.2647087325952,0.20841679393175266,498.4511880617866,0,normal
77.3,steady,121.73008910498741,749.2780561482645,0.19352397728152246,494.2922619691442,0,normal
77.4,steady,122.30883419957604,746.594267202963,0.21113596549931749,496.19362672438734,0,normal
77.5,steady,123.35933919617275,748.0278373253063,0.2098491943896027,506.75190171859623,0,normal
77.6,steady,122.93712454285168,746.1902448745129,0.1930739710956047,502.2341900547036,0,normal
77.7,steady,122.33951321633518,752.5466714414365,0.17908180990484657,507.86002115945286,0,normal
77.8,steady,122.7038246251394,749.0338114210643,0.19215004027865018,499.65719986140033,0,normal
77.9,steady,122.3448026021006,747.0805361333234,0.1788468498093717,511.2958399056876,0,normal
78.0,steady,121.74262114515872,750.69853079967,0.18880892678023412,504.6288272543797,0,normal
78.1,steady,122.22761739034412,749.0284265152382,0.19241664375808226,497.0334205426482,0,normal
78.2,steady,124.0021654000965,754.6111874161351,0.21136902465726917,504.8019285499657,0,normal
78.3,steady,121.41656335103269,749.6607296963192,0.20624595819514255,501.5787601644986,0,normal
78.4,steady,121.35020999290263,748.6189897316926,0.20782494543082292,492.30630140985676,0,normal
78.5,steady,122.92054518351348,747.7833319434585,0.2092958542951597,505.0640828819529,0,normal
78.6,steady,121.79740812719531,749.4564397702017,0.1931134006298383,488.9073341308976,0,normal
78.7,steady,121.82288953339237,746.2273612857124,0.19700199666910187,505.05972614739875,0,normal
78.8,steady,119.92913942674188,750.6998188054718,0.20608530450511098,498.5423763680256,0,normal
78.9,steady,124.42598012444134,748.7281393346392,0.19512441881574902,502.02945537937273,0,normal
79.0,steady,121.18028835910572,742.2040780625396,0.19062434288864977,505.86658580116455,0,normal
79.1,steady,121.90730343315776,749.9853377571982,0.1924099367332893,508.1569168289724,0,normal
79.2,steady,122.97622510361532,747.1127317412511,0.19880065947115177,495.9850454160668,0,normal
79.3,steady,123.35859533478161,751.2724107760346,0.20631115975005085,503.3294753953189,0,normal
79.4,steady,123.01256897912293,748.8416392893914,0.19605577197953092,505.8510414423043,0,normal
79.5,steady,121.34739959822262,749.8233230281969,0.19881146492752957,497.3537788272671,0,normal
79.6,steady,122.40302128168047,750.2494951146482,0.1939214077463532,501.7559148249161,0,normal
79.7,steady,123.66657351752427,748.3194300395373,0.19361583587772901,505.395153001219,0,normal
79.8,steady,122.33608233135253,743.1916840324692,0.20241011050207194,497.44019262664773,0,normal
79.9,steady,121.76736057869118,746.4658234187979,0.1958657075845444,506.9300997781813,0,normal
80.0,steady,122.59465845711448,752.3350591529583,0.1873199369504964,507.2369946114301,0,normal
80.1,steady,120.50281628561598,746.1699877199625,0.18614168620266044,508.5124074445289,0,normal
80.2,steady,120.38033425691019,745.5914719182239,0.19211747826917977,503.03638684603004,0,normal
80.3,steady,123.82899115069104,747.5888968533362,0.21731057077304874,505.1635675725727,0,normal
80.4,steady,122.05014363955509,752.4517302752276,0.2007498073109222,501.62335815173657,0,normal
80.5,steady,122.1537568403055,747.8329192436258,0.19644368726461947,496.5171825594292,0,normal
80.6,steady,121.4096008859604,745.766063895769,0.19046459604822627,501.9042042006167,0,normal
80.7,steady,122.88477710901995,747.4677828617024,0.1887844754744039,504.99245339175656,0,normal
80.8,steady,122.4686197459477,747.5142300520787,0.21052152921787132,504.13357646216036,0,normal
80.9,steady,121.14176760212231,748.5366000899704,0.190917186360761,501.8142572207143,0,normal
81.0,steady,121.1397868290219,748.487062429614,0.20441319562725488,505.66599522865357,0,normal
81.1,steady,121.34622118995298,748.1921114564907,0.19387413609401039,504.25301420234564,0,normal
81.2,steady,120.82962624745016,747.0645799380128,0.1919676077981106,505.3505292780088,0,normal
81.3,steady,121.81281189681718,745.0794126903796,0.18575823722508103,508.082216288571,0,normal
81.4,steady,122.01561617033686,750.7402543581637,0.19264532897462577,497.56511862384656,0,normal
81.5,steady,122.49317303949287,748.0971976357088,0.20345035601442132,504.2325056526947,0,normal
81.6,steady,121.37671085507476,745.8809484959135,0.2118110910051019,500.25947330248016,0,normal
81.7,steady,122.42050853596794,750.8418843306911,0.1962158541566956,497.61993900551204,0,normal
81.8,steady,122.02687334815073,749.6625919395655,0.20810908562937605,499.5571243166058,0,normal
81.9,steady,121.40801303812803,745.9906382972215,0.1898842825035398,501.9395798908148,0,normal
82.0,steady,122.57773504741135,746.496040979743,0.1820445772379823,508.0021502318231,0,normal
82.1,steady,121.73038278205597,747.6244158441446,0.20539393013165708,498.7888554962626,0,normal
82.2,steady,122.80139125095411,749.7451702852239,0.1908732554816799,499.3493906993983,0,normal
82.3,steady,121.1527579056118,745.9859327883792,0.18657762279543086,501.0229508757075,0,normal
82.4,steady,120.75133583093465,748.2187626795793,0.1948256702394862,498.9440257374747,0,normal
82.5,steady,120.3846430608543,747.8743459912188,0.1897695907009851,503.2477762188685,0,normal
82.6,steady,123.21929518362916,748.2942151888731,0.2080003475679324,505.4296037325323,0,normal
82.7,steady,122.9380015998266,755.8964830923686,0.21654252416741898,495.91063827263065,0,normal
82.8,steady,122.1393162401064,748.7378711280137,0.20427315597813336,503.6479889440106,0,normal
82.9,steady,122.7274934516387,750.6601169363936,0.19961238934343212,501.7048594616102,0,normal
83.0,steady,122.08573239234038,749.7386371891677,0.21768059553143118,500.91354556615954,0,normal
83.1,steady,121.99992604651017,746.6258391350516,0.18510890885565526,506.79957477881425,0,normal
83.2,steady,121.72968474738991,742.1420306167508,0.20368147801106984,500.8971831715637,0,normal
83.3,steady,123.2612289803226,746.415877752878,0.20008187137876632,489.10474971469745,0,normal
83.4,steady,122.6864016026361,753.2177911255758,0.19064677600943836,491.13892782289696,0,normal
83.5,steady,122.83518561642546,748.8215463913217,0.21015376674814334,493.0783262738961,0,normal
83.6,steady,121.71286779187439,748.3945968761886,0.20831472609959015,500.99095652529627,0,normal
83.7,steady,121.17493483357032,745.9423588227957,0.20997425148835655,499.3040131983223,0,normal
83.8,steady,121.44910261794502,747.185118067135,0.2032692495712212,509.40793336450014,0,normal
83.9,steady,123.8981541743307,743.9360187888753,0.19728735127983485,500.7329689262396,0,normal
84.0,steady,121.3947761038445,747.2374116261025,0.20162325916267626,508.54725613191437,0,normal
84.1,steady,122.53053620220545,749.9895107806094,0.20826311088359337,494.15422989232485,0,normal
84.2,steady,121.65595949699068,745.0267045184916,0.19290692168858664,500.29080324105587,0,normal
84.3,steady,121.18717214628558,749.2961541963541,0.19793372851595178,502.93896727221335,0,normal
84.4,steady,122.83860305933196,751.3760016285612,0.19246684059090943,504.2167110421264,0,normal
84.5,steady,121.20630880729938,749.1584158422302,0.21165437941074433,499.4658845233464,0,normal
84.6,steady,122.40673547052555,746.4297871724536,0.21350706365355362,506.82988977643635,0,normal
84.7,steady,120.5244580516436,742.3567232825123,0.20098757223901598,498.1099188850487,0,normal
84.8,steady,121.62635418651864,744.4341701084188,0.20208816370018254,505.3459011392724,0,normal
84.9,steady,122.13762331786559,746.5668060726639,0.1969971844588892,503.9172732929114,0,normal
85.0,steady,121.10993637157445,749.2720708732484,0.19822693528110985,499.2725365181848,0,normal
85.1,steady,124.40483440582143,750.183415313225,0.19999917186958605,491.96457646780726,0,normal
85.2,steady,122.25471576429891,746.3321716790086,0.203981227316062,501.56887961549256,0,normal
85.3,steady,122.30546675375746,748.7694487668106,0.2164063821481847,502.8234206683526,0,normal
85.4,steady,123.31460934262628,745.7072730521813,0.20479848627067582,498.9943580731776,0,normal
85.5,steady,122.27019366421457,748.2510083675378,0.1951491853874968,504.39129323744714,0,normal
85.6,steady,122.06458893778236,747.9454641106942,0.20771239898248997,513.1107486328765,0,normal
85.7,steady,120.91286414427735,749.3164919636514,0.20260022455860555,498.9293785596039,0,normal
85.8,steady,121.49400668101063,747.4413829156564,0.2067025197109511,497.1688104132747,0,normal
85.9,steady,123.14894397873809,747.5868684991717,0.21179459419139046,502.8999743295325,0,normal
86.0,steady,120.928715732093,748.4358217956644,0.1966606155761155,501.9830022063314,0,normal
86.1,steady,123.48635050134781,749.434103771665,0.17308634361941955,495.7694440379217,0,normal
86.2,steady,123.07014920556725,744.4240499750431,0.194344986397375,502.6939429686642,0,normal
86.3,steady,122.33406004054638,750.1456433894316,0.20116804694724738,506.00200475076133,0,normal
86.4,steady,122.13996599637865,748.0356081892638,0.19193905216307527,497.27291480144606,0,normal
86.5,steady,122.1097320143821,749.8639800180813,0.19187637673856517,502.32990630138124,0,normal
86.6,steady,123.7686412455291,748.7090211466026,0.19476147970639185,509.6126196090071,0,normal
86.7,steady,122.63553681210094,748.2811897522857,0.19217243362208536,494.87108153225086,0,normal
86.8,steady,122.21180134607178,744.2008978269525,0.18882942963972205,507.7268002252732,0,normal
86.9,steady,123.06801027121524,748.2713380037535,0.20033530144531433,508.2383077156069,0,normal
87.0,steady,122.62113937997358,747.0238481587188,0.19453888830514976,495.33109753331996,0,normal
87.1,steady,123.80676330145162,750.7197864996868,0.19582251650815855,504.977481897362,0,normal
87.2,steady,120.96846822339036,745.0472620941099,0.19508463945455218,507.2145730072062,0,normal
87.3,steady,123.84592938508548,746.8351688156484,0.21168254339463968,505.5141091431557,0,normal
87.4,steady,121.89287778799444,748.5396219062884,0.2028710807233636,508.66650761046,0,normal
87.5,steady,122.61123014033028,743.5886149540605,0.18952687062666182,508.13385246902453,0,normal
87.6,steady,123.41613148598866,744.9310020090163,0.1870196268210943,502.7858389085762,0,normal
87.7,steady,121.56146760981842,743.0977317442308,0.20831938728620802,499.69370980176853,0,normal
87.8,steady,122.90367513374255,748.6342714899091,0.17031681507821703,504.9280350006117,0,normal
87.9,steady,123.16080371728533,746.0944315195082,0.19593298623410138,498.58326638820967,0,normal
88.0,steady,122.35481657153903,748.0736781675664,0.1878685550436946,492.3616447159705,0,normal
88.1,steady,121.58007319627295,749.8310162495864,0.1947767958559808,496.33580273367386,0,normal
88.2,steady,121.88977341280291,749.0212467566323,0.21896871746070307,511.0919567224964,0,normal
88.3,steady,121.20434801576604,747.574012117094,0.21523724843702635,499.6363079271911,0,normal
88.4,steady,120.64765439741832,749.8506362702323,0.1949570853739126,497.04485442888085,0,normal
88.5,steady,121.5781480783392,750.8470756055124,0.20134385541627936,499.23408132756725,0,normal
88.6,steady,121.20099415936991,748.1177917761345,0.19587703871446976,497.181011473902,0,normal
88.7,steady,122.27508820428335,748.0131702518693,0.19420883805268113,505.44384720929514,0,normal
88.8,steady,122.74564455954125,747.6664406056582,0.2078552533388062,503.2803604363049,0,normal
88.9,steady,121.32454602516844,749.7766070950693,0.19250632084564004,506.80330999739283,0,normal
89.0,steady,121.2602102173456,746.0810808762758,0.19073408829890937,504.61712594176896,0,normal
89.1,steady,122.67791610930416,743.6523536210267,0.2122521795173863,499.03017165705927,0,normal
89.2,steady,121.31913001005238,749.2611399983678,0.19315653835332813,498.31296943239244,0,normal
89.3,steady,121.94802423552737,744.6266881919671,0.2028928183087117,495.4651713621508,0,normal
89.4,steady,122.14183252033745,746.6220797819316,0.1937291663835538,509.7366955949932,0,normal
89.5,steady,122.41275826652006,749.3514460130174,0.18709009778898733,502.00146408189585,0,normal
89.6,steady,121.52767123343696,744.9441650487364,0.19741116867490813,502.8379435339302,0,normal
89.7,steady,122.35366361372176,752.334203961516,0.19924678975918403,499.8814088605798,0,normal
89.8,steady,120.74409106043672,748.6767667563904,0.19994219095775068,497.6240488120665,0,normal
89.9,steady,122.10451108271549,749.4180639751208,0.19864640300648495,505.49510754703874,0,normal
90.0,steady,120.57508312164533,748.1989519503917,0.19560563070093687,499.0526376255337,0,normal
90.1,steady,121.77192221524977,747.32168097694,0.20046859721965282,507.5014012149835,0,normal
90.2,steady,121.88279447132837,745.9046202090683,0.18357494346928163,510.3276964645558,0,normal
90.3,steady,122.39838387010612,751.3364454118572,0.19919168687368102,500.3528769888983,0,normal
90.4,steady,121.67045859573471,751.6237231276793,0.17960721272657565,508.2577020678037,0,normal
90.5,steady,123.62933376834799,749.9187485704106,0.1833054377453063,508.64080498236325,0,normal
90.6,steady,121.4059504895326,745.2220520578076,0.19414128684045373,505.23196793496965,0,normal
90.7,steady,122.61411626950859,747.2308483646628,0.18991144162663173,499.54257268941967,0,normal
90.8,steady,122.41550200284036,751.2982806796234,0.20728573382747267,507.992983949664,0,normal
90.9,steady,120.68696898891884,752.0191500805569,0.22178763730733644,498.85153535045134,0,normal
91.0,steady,120.8614654842335,752.0002904012241,0.1747369123575959,505.78571221049947,0,normal
91.1,steady,122.51311691621557,751.5092281646498,0.19519543423856214,501.9008043714316,0,normal
91.2,steady,124.44994725461733,748.2226984160868,0.19420214621951076,500.0376677076364,0,normal
91.3,steady,121.7848414157463,746.013507617105,0.20715654187935714,501.5318362382938,0,normal
91.4,steady,121.73542653274464,747.5338051899121,0.20430967097645397,498.6384516761323,0,normal
91.5,steady,122.92015695539487,749.3667642087539,0.19380646617090533,504.9388584614164,0,normal
91.6,steady,123.05495044036024,750.4734090750965,0.18875850499186148,505.21868443541126,0,normal
91.7,steady,123.00649784536992,747.8811712261776,0.20651481811905778,508.2534689295167,0,normal
91.8,steady,122.86681913950615,750.9543900477348,0.20367725240129048,499.61597051732105,0,normal
91.9,steady,122.52235712565222,744.8044533002974,0.20178592785885116,502.3204893980925,0,normal
92.0,steady,122.6965586661871,751.6650346457266,0.19879408570745577,492.5687216250051,0,normal
92.1,steady,120.32101898747966,744.588694219623,0.20623040882786925,498.3930885944679,0,normal
92.2,steady,124.16884887924995,749.7159865683865,0.17949924076392465,497.459480979135,0,normal
92.3,steady,122.38899225689462,752.4540311825128,0.19283910302809432,502.6495726484767,0,normal
92.4,steady,123.78312467299548,749.7813019231952,0.2062493465447576,493.73184665977163,0,normal
92.5,steady,121.75022030384746,749.1074908050459,0.1751513506283659,497.36102964990096,0,normal
92.6,steady,122.9988948572517,748.9466140229711,0.20096911658926003,496.98283896896993,0,normal
92.7,steady,122.90880641505474,747.4531220791206,0.19861829080738724,499.43683425007737,0,normal
92.8,steady,123.50339190429408,746.7445164184321,0.20998804339245541,505.55589457911043,0,normal
92.9,steady,121.75409677249259,750.6987635476895,0.20863338292572217,502.7219129364996,0,normal
93.0,steady,122.58428636408969,747.6910951897115,0.20483822200396962,502.36845485780884,0,normal
93.1,steady,120.87535646988779,747.4040334289161,0.19720849096472673,501.29567543907217,0,normal
93.2,steady,122.7122352533491,748.3991536402799,0.19344719920183756,508.4457782930405,0,normal
93.3,steady,122.27283664666254,746.870423330471,0.19098589481565934,504.5951187703228,0,normal
93.4,steady,122.27750131935817,741.0834991360642,0.1984437691125134,489.22380326287947,0,normal
93.5,steady,123.81238357370812,748.3708003864875,0.20999612703460452,505.5966818697406,0,normal
93.6,steady,122.17770430012986,744.2696890790639,0.1989760377735202,500.05052593972255,0,normal
93.7,steady,122.64846804975016,747.2323339771104,0.22038338787217554,509.4814179116592,0,normal
93.8,steady,121.27026492777168,745.7055528444059,0.21082959774245896,504.5025059475723,0,normal
93.9,steady,123.16261335170691,750.7059535193724,0.18294643760467438,503.2764667616275,0,normal
94.0,steady,121.65730867703004,748.3499655619868,0.19641721085218689,509.0361230744212,0,normal
94.1,steady,122.23555287012998,747.030585860445,0.17564403635071452,500.80927375724104,0,normal
94.2,steady,123.04205618339186,743.9513514322886,0.20062531968607014,504.2294931668599,0,normal
94.3,steady,122.86905241172764,749.9357719959479,0.193174706884172,504.13800602180555,0,normal
94.4,steady,122.20691196676097,744.6939647171695,0.2022506300699122,513.0263671754545,0,normal
94.5,steady,122.13199213496699,745.8804392040199,0.18064481886177242,507.3109919347406,0,normal
94.6,steady,120.210570713417,748.4345447200245,0.20184637353068463,503.9315076443399,0,normal
94.7,steady,122.72169248984191,746.5869082371066,0.1895796445483515,509.9274483399417,0,normal
94.8,steady,122.96318251497095,751.1108281248023,0.20610745502314914,509.6074115046301,0,normal
94.9,steady,122.56845564878464,746.6976581496277,0.19790982338166965,504.3790594578808,0,normal
95.0,steady,122.50290663803014,746.5382501246365,0.1937246906132466,496.5806896359669,0,normal
95.1,steady,123.25618776465235,749.8998837348357,0.1994899448172105,503.25884448100095,0,normal
95.2,steady,121.36694511422664,749.3442435131299,0.2110682015313848,502.6359600698897,0,normal
95.3,steady,122.59473338547056,748.1175474657973,0.19348458674190833,504.5970817100835,0,normal
95.4,steady,121.3334839223515,750.6730031027406,0.21646614221586494,507.79681944371833,0,normal
95.5,steady,122.89941862284128,744.6826117201275,0.1966686861636592,503.11953548192224,0,normal
95.6,steady,122.50119824363847,745.6648654517988,0.1852737440076575,500.01193616992816,0,normal
95.7,steady,122.12062760922647,746.9528569441736,0.22388330557893746,496.0118058196298,0,normal
95.8,steady,122.89660692406285,745.2316415862784,0.1982825071255151,505.1643664443479,0,normal
95.9,steady,122.58535079121131,747.6282811324103,0.20780718784219782,500.07483356039324,0,normal
96.0,steady,122.80340951722555,744.5937738005437,0.20583615982766237,496.9465084352098,0,normal
96.1,steady,122.33654337166428,747.5547867110812,0.19483222267067865,500.23288019239584,0,normal
96.2,steady,122.217295427553,748.8361854034918,0.1985509212423952,500.97189624959884,0,normal
96.3,steady,121.63644564389992,744.3505820698344,0.19711005854457364,503.7606965713204,0,normal
96.4,steady,122.66136115383225,746.693180738452,0.20149486740234845,509.2604620243451,0,normal
96.5,steady,123.60169845644596,746.2475377780088,0.2073751482021069,495.29298238080844,0,normal
96.6,steady,119.23559151787781,751.2431535289584,0.21626232765388612,502.6075078374611,0,normal
96.7,steady,120.66869438468734,752.514645666852,0.22302657071697177,500.1295342947528,0,normal
96.8,steady,121.14665661284398,749.3826110376416,0.20090903537047747,511.0644994785835,0,normal
96.9,steady,122.47339055434348,746.0153038529022,0.18466000844073582,501.6578274835918,0,normal
97.0,steady,123.95193823909067,748.4926192435015,0.2041313337262872,504.7206225761795,0,normal
97.1,steady,122.45271986868542,742.0788556174141,0.1876265182152314,492.8208351266735,0,normal
97.2,steady,122.33937836738929,748.5479176990643,0.2012160657728503,509.7804233358316,0,normal
97.3,steady,121.75319920762648,752.1547847663172,0.1881911948325598,503.0884538254163,0,normal
97.4,steady,123.16070307191995,750.3967485077151,0.19527252011243107,506.97266038218,0,normal
97.5,steady,122.96050551047422,750.1152280574512,0.1958975831620369,514.6128765272051,0,normal
97.6,steady,122.05697172613117,747.0927363346694,0.191554763936362,498.86405774641895,0,normal
97.7,steady,122.6435953000844,751.1473963295037,0.19086091960696128,503.6146193816856,0,normal
97.8,steady,122.35418081889124,743.2592045647426,0.20590223460075174,513.3240678989685,0,normal
97.9,steady,121.1434357112387,748.170865747049,0.19705934473017708,505.82715800756904,0,normal
98.0,steady,123.42447740040923,746.8478681755396,0.19906657987879392,495.88432928630056,0,normal
98.1,steady,121.28827997064143,748.556109279098,0.17013980326215988,505.0911484602618,0,normal
98.2,steady,122.08859643907208,751.5862647155558,0.19504497747818575,494.0315496794028,0,normal
98.3,steady,121.45346609451286,747.6938813174662,0.20102454378516735,491.3745951600864,0,normal
98.4,steady,121.04384429984898,750.1692366738955,0.18142151071905566,489.07362166980647,0,normal
98.5,steady,121.96450386987797,747.1525328787467,0.20518494796284042,507.8671030289304,0,normal
98.6,steady,120.53309949057902,746.2039828216851,0.19615573552535553,506.47904286253925,0,normal
98.7,steady,119.69721762595623,748.9146283076468,0.206705039575867,497.3819558825565,0,normal
98.8,steady,122.1879609951477,748.5395260873655,0.20000839792706793,502.5113660147254,0,normal
98.9,steady,121.94366273427399,749.0335754641155,0.18580883004679521,499.8826818392154,0,normal
99.0,steady,123.61801917806919,747.7952986069905,0.19839089839627788,500.8709532370908,0,normal
99.1,steady,122.41572815273403,751.0414271798029,0.19758555916208112,517.0250003711716,0,normal
99.2,steady,122.77365040739429,747.3563517853062,0.19922603730000135,504.9792921996029,0,normal
99.3,steady,123.7138758110462,746.987888173716,0.18462132486275862,494.39581271732834,0,normal
99.4,steady,120.97527373444244,746.192625860042,0.19744889015259606,506.86861688519605,0,normal
99.5,steady,122.2402893658865,746.3100299460966,0.191483054127296,495.2251164770816,0,normal
99.6,steady,123.22140441847155,749.8267108158094,0.19091543724684676,511.43270887968833,0,normal
99.7,steady,122.23393671901759,749.638786109967,0.19701805609166687,507.4617552812773,0,normal
99.8,steady,120.36192722770922,748.2389705030533,0.19723491130155538,501.96109878555245,0,normal
99.9,steady,122.95423174252565,750.9887920604137,0.19325130147857342,487.45313880144346,0,normal
100.0,shutdown,122.65154458083013,747.7918045956732,0.20297773261616794,504.99931455220445,0,normal
100.1,shutdown,122.90672210943431,751.407788769615,0.20217044591250147,499.3825002465708,0,normal
100.2,shutdown,119.45233186182561,741.4840048076114,0.20721745480994475,505.00324918612637,0,normal
100.3,shutdown,121.31788712315311,743.7959800729151,0.1983896339838761,500.2006279682253,0,normal
100.4,shutdown,120.48434530927969,741.4586277072858,0.20142409293474225,496.43433431959124,0,normal
100.5,shutdown,119.47524932817358,738.4682497156876,0.19856263938698152,491.7182017140164,0,normal
100.6,shutdown,120.2600442002168,735.7647147989395,0.17753322584887696,493.4008682371654,0,normal
100.7,shutdown,119.19071537570747,736.6244556089454,0.18281514387291897,486.7626187387729,0,normal
100.8,shutdown,120.18595777478515,733.2008403310646,0.20586248891172415,488.20059846370447,0,normal
100.9,shutdown,119.6607819140712,730.678214757547,0.2039788720361249,477.5250478116879,0,normal
101.0,shutdown,118.55040622283103,725.258987279582,0.19009694357453213,483.45116254680033,0,normal
101.1,shutdown,116.50567291098069,720.8488373922969,0.1742078342989116,485.8328775922302,0,normal
101.2,shutdown,116.27068640705411,719.0027836063142,0.20818307817838042,465.3292496586925,0,normal
101.3,shutdown,118.4454885438433,718.280053350843,0.19692085633971362,475.14224304227514,0,normal
101.4,shutdown,115.52045674321457,714.7494001151181,0.18973905665259258,475.32698017849003,0,normal
101.5,shutdown,115.77059631088115,715.5651825024727,0.19821579340583217,472.337861025949,0,normal
101.6,shutdown,114.38956945034211,716.090745542919,0.17913931129621607,473.5243221348616,0,normal
101.7,shutdown,114.82991538216612,708.2253877772073,0.19239331578540264,469.9991095823022,0,normal
101.8,shutdown,114.71096112728458,708.7560737440871,0.1912698314289453,467.5302994394773,0,normal
101.9,shutdown,115.84147105788966,706.4412447077581,0.18400765494523924,469.74959186800584,0,normal
102.0,shutdown,113.56292372415577,705.0674844155434,0.176375192537994,467.5541676262331,0,normal
102.1,shutdown,114.19014098680579,699.2247651840967,0.2100572163915017,460.90277240998415,0,normal
102.2,shutdown,112.70719315228796,699.2888857803373,0.1863931462377554,454.8798381584091,0,normal
102.3,shutdown,112.43602446459927,692.3149021084381,0.19007466047449223,452.32539641935233,0,normal
102.4,shutdown,112.22979643719472,694.1563138598813,0.18118958257182208,455.67989091769533,0,normal
102.5,shutdown,110.80605441437397,698.2299235422785,0.1921655563878284,454.89329311528047,0,normal
102.6,shutdown,111.48610783334419,687.3493958496405,0.18868725901202177,461.4375100179423,0,normal
102.7,shutdown,111.96645661456272,686.3034714466314,0.183845904517628,450.34926006017696,0,normal
102.8,shutdown,110.65213243875117,684.0781942593352,0.18700821154686084,442.86848385677223,0,normal
102.9,shutdown,108.96125970661487,683.0201813632638,0.18427570951093308,449.65592315229884,0,normal
103.0,shutdown,109.13090646987904,684.4322204519602,0.19412113801789585,449.0895836572427,0,normal
103.1,shutdown,109.93670390715099,680.754537129906,0.19173314948597414,441.5349517869037,0,normal
103.2,shutdown,108.36798174055943,676.2830811052255,0.18103756391985001,445.8491116224135,0,normal
103.3,shutdown,109.6261578749176,674.9907983129766,0.1922117134758397,435.4129807277976,0,normal
103.4,shutdown,108.35539351744887,669.285789791794,0.18970881728787545,428.79859379224035,0,normal
103.5,shutdown,106.64240057958882,670.3069556472806,0.1752577840271511,441.49813221124936,0,normal
103.6,shutdown,108.15382414489395,673.5556900178142,0.19606769178342665,436.59088083678785,0,normal
103.7,shutdown,107.59896206571871,670.1231866053604,0.17836853468225272,426.8762244896713,0,normal
103.8,shutdown,107.19814013030872,664.9081115441484,0.19195381293305913,417.9528379357955,0,normal
103.9,shutdown,108.37325627225808,660.5262873968791,0.17358691964233497,426.1234057190943,0,normal
104.0,shutdown,105.04991922021628,658.2139683490298,0.1820938374244553,416.7299885165779,0,normal
104.1,shutdown,105.2647393836991,651.5247188359616,0.20198990279332626,413.20622391367135,0,normal
104.2,shutdown,105.08934268188615,660.4509379627293,0.180620210161254,416.2457123940672,0,normal
104.3,shutdown,104.19364406696413,650.760386708005,0.17364746655149152,418.87276788262506,0,normal
104.4,shutdown,103.72233384918407,649.6014545757013,0.17139387931422156,419.60844368263133,0,normal
104.5,shutdown,104.33329306508406,649.6255173685809,0.18777400506348615,413.7149306832816,0,normal
104.6,shutdown,103.21841319830476,644.9452899682177,0.18446761540588513,413.3291118100583,0,normal
104.7,shutdown,103.53570310139646,645.7296716703235,0.18631510351912384,410.47909094193324,0,normal
104.8,shutdown,102.37481268086054,642.7881129945347,0.1665280998629057,411.23354460725744,0,normal
104.9,shutdown,99.59036709891913,639.8948363391951,0.17141381964426117,409.06709371394606,0,normal
105.0,shutdown,102.36391904299312,628.8668945002988,0.19619726790478567,397.8253476233409,0,normal
105.1,shutdown,102.61711061841882,633.498205054942,0.16968038421859072,397.23429086173553,0,normal
105.2,shutdown,100.19332576886245,629.639819836976,0.17216516665942205,396.305827569942,0,normal
105.3,shutdown,99.89090572703498,629.2883102992772,0.17993589243344144,388.98886255658545,0,normal
105.4,shutdown,98.76239854101179,622.5686940367865,0.16747155793902052,393.56915675673673,0,normal
105.5,shutdown,100.65332025856587,621.6234780719436,0.17005678496015417,391.97722636215633,0,normal
105.6,shutdown,99.44218523039196,623.6194965729188,0.17452036501512097,395.78393012931076,0,normal
105.7,shutdown,99.19605114476784,618.1983876928472,0.17564274259214455,390.6318413480421,0,normal
105.8,shutdown,97.06297287885344,617.9707782465437,0.17523310636617861,385.10943561036504,0,normal
105.9,shutdown,98.7561203558616,614.3228357983711,0.15872572742025093,390.19584724785216,0,normal
106.0,shutdown,97.82402842751809,620.0367267086618,0.17880386275930055,376.59412397586027,0,normal
106.1,shutdown,96.83706014822049,611.3622449598428,0.18182999807218939,383.4236371441423,0,normal
106.2,shutdown,97.24018037557138,614.4336691778508,0.1438948376514168,378.13485276225555,0,normal
106.3,shutdown,97.13910138329467,602.9428400617944,0.1704910840047852,380.2525831887196,0,normal
106.4,shutdown,96.01029388198782,605.6414450191932,0.16772380375246992,375.04648348319313,0,normal
106.5,shutdown,96.42224225486243,604.4366505338936,0.1688447881049219,377.49832381286893,0,normal
106.6,shutdown,95.1931650836638,598.9016547898847,0.1712593473569491,372.1093331757027,0,normal
106.7,shutdown,94.89468840006094,595.6022324039695,0.1832632226167197,372.37742686441953,0,normal
106.8,shutdown,95.60159102662374,594.8683788742435,0.16266621325825711,367.0342167278319,0,normal
106.9,shutdown,96.33671670593283,599.4062677720859,0.18384734518903187,365.849412814543,0,normal
107.0,shutdown,92.10165140218416,595.02568011081,0.16457760842136893,362.3047455203258,0,normal
107.1,shutdown,93.5704660588199,584.5963221101191,0.17866605348613127,362.8844169259145,0,normal
107.2,shutdown,91.94468114381506,588.3027439233625,0.1816558119512983,354.7496708103046,0,normal
107.3,shutdown,92.87020479271222,584.6715891549437,0.17183765926386846,344.05760994272464,0,normal
107.4,shutdown,92.31519564396778,582.2080081107832,0.1597955404636183,355.8933125415979,0,normal
107.5,shutdown,91.68970628521531,578.507238178691,0.16512854693608667,345.58174991814434,0,normal
107.6,shutdown,91.15325625628171,577.5574306972213,0.1826945490179487,348.8874664135998,0,normal
107.7,shutdown,91.77864441523332,575.3466807176285,0.17699678358138787,344.26267840283384,0,normal
107.8,shutdown,89.58755975809817,575.5600995676328,0.161091119555338,340.0017524365097,0,normal
107.9,shutdown,89.69742952711181,571.4260709894529,0.177625597889121,344.9035851669659,0,normal
108.0,shutdown,88.62645632716655,572.7974955495631,0.16268987902218274,340.4751322932353,0,normal
108.1,shutdown,88.84301994915862,566.760966460456,0.16507477192243084,333.81443006033567,0,normal
108.2,shutdown,88.20223556946615,561.0218482354882,0.16932542766218295,337.4036179777889,0,normal
108.3,shutdown,89.39072491913922,562.682330975415,0.16693185706314165,333.0921691261672,0,normal
108.4,shutdown,86.98419848537206,561.0279959928947,0.1762877561584977,331.2150356379069,0,normal
108.5,shutdown,90.17506319583302,558.6865043008835,0.16311914578004644,333.2495452681976,0,normal
108.6,shutdown,88.42927604384634,554.0571418721892,0.1853563484520443,327.3629512616229,0,normal
108.7,shutdown,85.201467274323,551.6992062412418,0.1761706702060698,325.47100573695576,0,normal
108.8,shutdown,84.58999691212215,556.948891832508,0.17741551449308557,329.5422893092048,0,normal
108.9,shutdown,86.79599990678717,549.4603308365145,0.16749150011241656,322.20942378927975,0,normal
109.0,shutdown,85.47392734212688,547.1463574400798,0.15478095312717277,323.31618319105974,0,normal
109.1,shutdown,85.19568016752079,545.0153946950612,0.154204907383061,311.00526199916135,0,normal
109.2,shutdown,83.51761000347786,538.124614008823,0.15903543207602436,312.78687172029714,0,normal
109.3,shutdown,82.08940467605801,536.8802891755979,0.16723595598473,320.0184592578246,0,normal
109.4,shutdown,84.86759444427365,539.8713669117834,0.1655757597711019,320.71773386783025,0,normal
109.5,shutdown,85.19026436738588,537.7973532771244,0.15279438464579156,318.3932986625321,0,normal
109.6,shutdown,82.14113222448003,531.7625462867856,0.1458491557144002,307.5395988766644,0,normal
109.7,shutdown,82.64456165320485,532.7680245727046,0.1674542755686342,306.4469257209179,0,normal
109.8,shutdown,82.06735684144114,528.3737697061895,0.1444325875400146,305.8277712093812,0,normal
109.9,shutdown,84.53717420268569,525.7008533255628,0.14964218662392195,297.6759165379311,0,normal
110.0,shutdown,78.7412825205652,524.8330143427809,0.1640804072166843,290.25948932459323,0,normal
110.1,shutdown,82.24191355535277,518.6070981363345,0.16500854319620745,296.94392347739927,0,normal
110.2,shutdown,81.2888675320271,522.6978445704041,0.15319572110847143,297.5027184556031,0,normal
110.3,shutdown,79.83801379462902,517.5838301787121,0.16976719434630372,289.25074435971095,0,normal
110.4,shutdown,80.07252872954022,512.1000504291659,0.17504619413498052,296.1998766483988,0,normal
110.5,shutdown,78.23406251444656,513.8301177787729,0.1475227469690927,296.4529090866479,0,normal
110.6,shutdown,78.2178671226075,513.9264306251166,0.14803370402508165,290.9345590703527,0,normal
110.7,shutdown,78.43487936631043,510.32622037910244,0.14895131445120147,299.25981874640996,0,normal
110.8,shutdown,77.3589196019625,505.13310877305787,0.15549615162012062,293.84915587817784,0,normal
110.9,shutdown,77.24771121614663,497.9884739388067,0.1420740300900047,290.429273759824,0,normal
111.0,shutdown,77.18395627885195,504.9301267041607,0.15782172389275687,278.55218016201707,0,normal
111.1,shutdown,77.06010983209671,499.7161221863455,0.15751208420692728,286.980663792614,0,normal
111.2,shutdown,77.95417773023965,500.4850494017118,0.17584147970816902,274.5425302671957,0,normal
111.3,shutdown,77.18642034535681,494.78774904871705,0.14595151984636234,271.63222052197676,0,normal
111.4,shutdown,74.52099062036535,492.52648372191413,0.1389907341966217,272.57461541058285,0,normal
111.5,shutdown,75.91829124818928,490.14380086161987,0.1631117345679479,266.24342893688106,0,normal
111.6,shutdown,74.8686605365683,488.3459068715131,0.1601459887966016,267.585871889034,0,normal
111.7,shutdown,74.46939553165815,480.405674408708,0.15427930782458624,263.2118509046986,0,normal
111.8,shutdown,72.6959131902399,479.9718161162054,0.14247953443942396,267.34234911867884,0,normal
111.9,shutdown,74.21189375777287,478.70198207700236,0.14627079257788442,266.64296259720845,0,normal
112.0,shutdown,73.25749427469982,484.54815535443254,0.14306447378968673,271.05534036040854,0,normal
112.1,shutdown,73.52339996407808,476.06198621524584,0.15711904579070698,256.3753355062529,0,normal
112.2,shutdown,73.53635458769934,474.5210314343033,0.1207088219416266,261.3764754304535,0,normal
112.3,shutdown,71.59905537722666,472.6035575560645,0.14910992984256463,251.10891920557555,0,normal
112.4,shutdown,72.0970020344786,466.06411062362514,0.15816857343860677,254.97723281944195,0,normal
112.5,shutdown,71.74213806843287,468.27532644839476,0.15295375312318973,244.2256246732138,0,normal
112.6,shutdown,70.30847107186526,460.94575709178065,0.15838950219969652,248.32209343016356,0,normal
112.7,shutdown,70.91121418927149,462.5871019993479,0.1406411180664366,243.71765415582297,0,normal
112.8,shutdown,69.33889319468443,459.5667375562829,0.15689516929719055,239.46499572285566,0,normal
112.9,shutdown,68.75537848846291,461.2069269000087,0.1462728325069961,235.70464576495198,0,normal
113.0,shutdown,69.4136878439246,461.2370020364237,0.14437887755338072,243.5761441295281,0,normal
113.1,shutdown,67.91294326692694,459.0306014968265,0.14809094446617507,238.76543692780226,0,normal
113.2,shutdown,67.64893139709993,454.70369386378565,0.129164292201155,228.1397253430441,0,normal
113.3,shutdown,68.40140330359294,450.12623347363575,0.1503783315291267,239.88348524096844,0,normal
113.4,shutdown,67.3626382027525,446.64042309890027,0.14066800420252043,228.0859846556871,0,normal
113.5,shutdown,66.4358643476196,439.7215645714662,0.15055081579955001,243.6076687593906,0,normal
113.6,shutdown,66.57756743927257,442.22662314167513,0.15001937543460359,237.65856941544916,0,normal
113.7,shutdown,66.50875408137783,439.8141491229596,0.14536605332107425,224.0692338668769,0,normal
113.8,shutdown,64.95081065968245,437.9483705785531,0.1219149359705216,228.3389591816607,0,normal
113.9,shutdown,66.07433230361214,437.7821995402432,0.1484478891398638,223.53534553125854,0,normal
114.0,shutdown,64.35622473678382,436.6946407011156,0.15657104882759185,214.6701935260599,0,normal
114.1,shutdown,64.08016776682076,431.67618341332457,0.1446693047559892,222.65238074044478,0,normal
114.2,shutdown,65.16639356136868,426.64648425258105,0.12941731692779554,206.32484560527902,0,normal
114.3,shutdown,63.48341046798404,429.38651089299555,0.13004693037505063,213.4987621476547,0,normal
114.4,shutdown,65.3346713754706,426.93620658722745,0.15960321059538735,215.06527428642147,0,normal
114.5,shutdown,62.52056500483927,421.3116961374827,0.14194930428756092,222.11384724740373,0,normal
114.6,shutdown,61.94148294542724,421.2790558505835,0.12808209577220184,212.97543015826477,0,normal
114.7,shutdown,63.120779391088554,421.3828107199927,0.12291005521554264,202.43023886707292,0,normal
114.8,shutdown,62.06310911897267,419.3387421394024,0.14305597932696557,207.51113835638162,0,normal
114.9,shutdown,60.906760171017126,415.31580257250823,0.1502412801818771,206.05449417252342,0,normal
115.0,shutdown,62.63406112582465,411.9700409242982,0.15932487732765252,208.6079586619696,0,normal
115.1,shutdown,59.551670473652194,405.4324075298075,0.1605479970263702,201.5773457025357,0,normal
115.2,shutdown,59.83298918339993,403.30824351412747,0.13560838156690536,194.87275979411123,0,normal
115.3,shutdown,58.26923872194551,404.884097849986,0.12606748992160197,185.56995987920507,0,normal
115.4,shutdown,61.76411818488525,405.03256736268196,0.12717457506816243,195.99861881212317,0,normal
115.5,shutdown,58.6194082433661,402.27759793429607,0.14301503084217376,187.37392631289575,0,normal
115.6,shutdown,58.38458491407869,399.6822651819207,0.13571863663461295,193.85848991639085,0,normal
115.7,shutdown,59.12378581921972,395.0883482444461,0.14250212870431447,188.28281087152394,0,normal
115.8,shutdown,58.02162983755407,396.5283702086545,0.12168438665452018,188.80768060827208,0,normal
115.9,shutdown,57.50538380152492,389.1686102783489,0.11120555198115083,172.27525204783177,0,normal
116.0,shutdown,56.44570629366549,390.30971654180877,0.12535078403739933,183.98768372869353,0,normal
116.1,shutdown,57.62696032097527,388.1658991157733,0.1545287783652135,180.2674770149513,0,normal
116.2,shutdown,56.43702946075809,388.1273597807191,0.14353199759871785,180.24397188482158,0,normal
116.3,shutdown,56.84750564059696,382.31272530168485,0.11855394316199233,181.48983748376065,0,normal
116.4,shutdown,56.79871051755015,381.2354693921748,0.10802513169895263,167.14495185122243,0,normal
116.5,shutdown,54.96796004891311,375.3916147482363,0.1261146234937588,177.92914638373173,0,normal
116.6,shutdown,55.84617117280945,373.84143916155574,0.13422875331639417,177.31688371993587,0,normal
116.7,shutdown,54.8355377941348,370.0966415222532,0.13233467065661106,161.50251460251025,0,normal
116.8,shutdown,53.897025760317035,368.63254253261823,0.12841952904405135,164.58948075463388,0,normal
116.9,shutdown,53.68754459809577,369.9838491208649,0.12636386619378998,161.83372627870617,0,normal
117.0,shutdown,51.85544567165065,361.0052133305135,0.14839940244789318,153.00918165687645,0,normal
117.1,shutdown,51.59930424903487,367.1819539047797,0.11862583615482905,149.5744756729375,0,normal
117.2,shutdown,53.13438138294603,361.0786147901109,0.1338186448387093,152.2211288562057,0,normal
117.3,shutdown,51.135883488495324,358.0887883987441,0.12400934928838764,143.28948720996792,0,normal
117.4,shutdown,52.66510482362556,353.4115477290913,0.1192529185435498,158.14502031901785,0,normal
117.5,shutdown,52.959574233983105,355.3372044013137,0.12678587543977143,151.73417594495683,0,normal
117.6,shutdown,52.025649134053694,356.9358155975172,0.1447961493339722,136.23119574823951,0,normal
117.7,shutdown,49.812099244588346,351.5908526868801,0.12032290263927127,138.74121640396976,0,normal
117.8,shutdown,47.86688122564582,350.0281879083649,0.12567642941706647,129.368589083435,0,normal
117.9,shutdown,48.1342328237751,348.3586595193972,0.12330921828613887,137.38671053969568,0,normal
118.0,shutdown,47.668374028556485,342.55331510971104,0.12631945090333233,146.88363085998338,0,normal
118.1,shutdown,49.329496543070256,342.31747262387336,0.1387729865257635,138.26268060384888,0,normal
118.2,shutdown,47.73690059184906,340.28871299926595,0.1331341807663489,131.6823292053594,0,normal
118.3,shutdown,48.66156367943612,338.79924778195664,0.13008102628088342,135.39237132946337,0,normal
118.4,shutdown,46.9434140323021,333.23281319954646,0.11926984673955762,126.48800900736137,0,normal
118.5,shutdown,46.28964057947494,335.41028020490364,0.12115615321737998,132.26194397343374,0,normal
118.6,shutdown,46.89033723253051,334.01939694076395,0.11780233976154388,127.24487915360497,0,normal
118.7,shutdown,47.32864598023155,326.417762594094,0.11782993539665593,126.66974719287906,0,normal
118.8,shutdown,46.38297551597302,330.5452615558303,0.12709396953984003,122.14534117476427,0,normal
118.9,shutdown,45.56048247328617,326.16644379407086,0.1213530355267753,123.98926707710868,0,normal
119.0,shutdown,44.376453973722896,319.3640634560378,0.12942794793197002,122.60859093185583,0,normal
119.1,shutdown,44.846691715889904,319.5001554407276,0.12241793440196945,122.3946147082431,0,normal
119.2,shutdown,43.967941084348695,316.0392764302655,0.11781282918550044,111.11811765408073,0,normal
119.3,shutdown,44.32925350617234,315.40754840354066,0.10267244045959587,108.30598819799334,0,normal
119.4,shutdown,43.44553600199964,315.17167449316844,0.12619725101889911,105.30273491446209,0,normal
119.5,shutdown,42.693942960472064,308.99606172483607,0.13503684164196414,110.60225017808659,0,normal
119.6,shutdown,42.385607432384646,309.7171618103811,0.11665695942366934,105.1062353652059,0,normal
119.7,shutdown,41.34638322390261,305.24681079425943,0.13017402544519976,112.96325214101537,0,normal
119.8,shutdown,41.67191123704818,300.9065051239481,0.10479101070521028,101.77928177821124,0,normal
119.9,shutdown,41.27285872002522,300.5972116416421,0.13570705586622905,102.91238078368039,0,normal
