time_s,phase,pressure_kpa,temperature_k,vibration_g,thrust_n,anomaly,scenario
0.0,startup,39.8926388103882,301.4440718815391,0.15357165315724428,99.35646725306978,0,normal
0.1,startup,41.33730092879455,300.9955916881199,0.13499524793311274,103.7790835037103,0,normal
0.2,startup,41.94133570024367,300.8244963018108,0.15842875255079308,98.66358101428996,0,normal
0.3,startup,38.86909595179726,302.7377603045262,0.12996659342589617,107.54568125077829,0,normal
0.4,startup,41.85704789172501,301.4336074941974,0.1630962098603438,93.91173386719662,0,normal
0.5,startup,40.61908584198701,305.3921699843201,0.14231923675378877,112.3277009579962,0,normal
0.6,startup,41.40842722864697,304.89867319343307,0.15616367683332424,117.50827436979438,0,normal
0.7,startup,42.51551306241845,309.94324033018216,0.15103766318511022,103.39463917552463,0,normal
0.8,startup,41.79622126670192,305.39819989277044,0.14766637059924176,111.5605963627371,0,normal
0.9,startup,42.81461759580095,305.872985759167,0.16549723837736327,108.04434915767654,0,normal
1.0,startup,42.82197331446039,306.7981760738674,0.14515712335301906,121.94247314179097,0,normal
1.1,startup,43.54856388080371,312.2340953770656,0.1506003202673131,121.45255368024593,0,normal
1.2,startup,45.14316868902099,311.6850066368045,0.13398625076039627,126.83656379530372,0,normal
1.3,startup,44.223935313865596,308.02318992940485,0.15454329779512765,130.33946522016473,0,normal
1.4,startup,43.150539200218184,313.27398258815805,0.1636171153504702,121.85470333570268,0,normal
1.5,startup,44.35853649752505,315.2662546584716,0.15220634676483874,132.64477858813007,0,normal
1.6,startup,44.85475136489509,315.25180953949473,0.15523853503056684,128.8011747788489,0,normal
1.7,startup,44.55239957046262,314.9043960646807,0.12662554888697483,132.36032008920935,0,normal
1.8,startup,45.19104393105045,317.68455773068996,0.15659595900816295,139.69977277826789,0,normal
1.9,startup,42.87745342167284,315.9367475205751,0.14200644897989217,138.92369484969754,0,normal
2.0,startup,44.14157373302003,322.14448175595885,0.14717618549739636,140.48368470458345,0,normal
2.1,startup,45.03410182301727,322.81770683591157,0.163240454625937,147.00697247028427,0,normal
2.2,startup,45.54979698627991,322.98148755233103,0.14179249997553123,135.92078322371668,0,normal
2.3,startup,45.45961560635948,315.2145557232374,0.1664300331082317,144.61250853910025,0,normal
2.4,startup,46.18582717245045,326.9218979206562,0.16646421077400173,145.71794946288068,0,normal
2.5,startup,48.10897438865572,323.1873796192121,0.16197927827795022,145.07949014648096,0,normal
2.6,startup,46.1540794765459,327.75610137096,0.13925765665109455,146.9000842711584,0,normal
2.7,startup,45.475844288341484,325.6720329405048,0.1629425044331832,150.41972453678085,0,normal
2.8,startup,45.60922425645182,325.11249182356966,0.1539288874332663,150.54572830822258,0,normal
2.9,startup,48.1371797539672,330.0457017671607,0.1581266802599451,160.47747455618673,0,normal
3.0,startup,45.10137419817856,327.2350401447295,0.1563059144370608,154.19164717503546,0,normal
3.1,startup,47.591583617057395,332.41060477260913,0.15337575734607814,156.9932172653859,0,normal
3.2,startup,47.985705063434374,336.9174692412432,0.14552221226666778,157.30284273126176,0,normal
3.3,startup,47.73222185736867,334.07057469886564,0.14605564626184678,170.89119937363347,0,normal
3.4,startup,46.55243106800197,339.4248002181585,0.15504412916500018,167.52074364192245,0,normal
3.5,startup,47.929747927548775,337.7629282806264,0.17914915472287998,164.5940663205198,0,normal
3.6,startup,47.84122679610316,333.62596284924007,0.15919690398139566,167.4410138990643,0,normal
3.7,startup,48.26109783670048,337.84077398592933,0.1795138852346184,179.403106628103,0,normal
3.8,startup,49.43003466478763,337.3023147667587,0.1544480572254821,184.71784597802437,0,normal
3.9,startup,48.622823868640985,335.5684480022524,0.1571753394445086,174.4692288778368,0,normal
4.0,startup,47.51345006193748,339.3935988383977,0.16473504435993888,179.1016742766874,0,normal
4.1,startup,49.20303447277387,344.06106578181164,0.16385357401043776,170.81711227835788,0,normal
4.2,startup,49.12820873809124,338.5236763820967,0.16717643872847623,179.05400317483762,0,normal
4.3,startup,49.440731608977885,344.87838010327425,0.14754149472540584,181.8801337821733,0,normal
4.4,startup,51.45931873828647,341.35154361759436,0.15515644217413224,192.2819854111348,0,normal
4.5,startup,48.65216195990315,346.0900285305352,0.16575542447742905,190.13662299934546,0,normal
4.6,startup,49.48996107093043,349.8541474270089,0.14452567980639835,180.3435192943348,0,normal
4.7,startup,49.972922451361036,346.12313670075724,0.16773946581410526,197.71069017123037,0,normal
4.8,startup,51.32300123002861,346.2753514406602,0.17028964619431458,195.63031299614656,0,normal
4.9,startup,50.2922731931489,350.33259045724947,0.170396488761101,195.70795946630597,0,normal
5.0,startup,52.001430917462656,350.9474854641568,0.16347320460651485,198.1129113766823,0,normal
5.1,startup,51.51159764931488,355.59899478177965,0.1757913977837279,203.68851086846863,0,normal
5.2,startup,50.84977289602916,354.9330663921914,0.153981653826624,203.92818521839698,0,normal
5.3,startup,52.430638378599944,354.4296757922886,0.14062861271456856,196.65485265062375,0,normal
5.4,startup,52.62830186661338,353.1601023131927,0.1517987012292731,206.20800135414868,0,normal
5.5,startup,51.195010615187826,352.7360000846978,0.16758590587959196,199.21159752006906,0,normal
5.6,startup,51.897184863728896,360.13823501410826,0.1409319539097986,209.2053162500791,0,normal
5.7,startup,52.66733747316087,357.54948035740165,0.1585608563241983,214.99532491592043,0,normal
5.8,startup,52.22149888070748,357.60636500870936,0.15726727710697264,207.5934330587342,0,normal
5.9,startup,52.54766389500776,354.83019463352787,0.18238626840291985,209.06746112920786,0,normal
6.0,startup,52.160387318900106,357.21491601359776,0.16058510856327257,209.1871991380358,0,normal
6.1,startup,54.09383249596727,361.8686394413918,0.17017422107858238,220.17975144738116,0,normal
6.2,startup,53.715540009630764,366.5837431751691,0.17289353694141416,215.69508201302918,0,normal
6.3,startup,54.00890742513503,356.33463193997216,0.15323844787137514,225.2981263277463,0,normal
6.4,startup,54.28371425834824,369.15034064680015,0.1718773939536606,229.10635608065985,0,normal
6.5,startup,53.5397268103692,358.4576262369184,0.15020766087952941,227.17273678559033,0,normal
6.6,startup,53.77308171088347,368.3905891730672,0.17258462437407002,228.41907335363098,0,normal
6.7,startup,54.59875429994137,364.1733123003045,0.16424255899729806,231.73889278801897,0,normal
6.8,startup,53.648699233753945,369.74473128600806,0.16942370596749046,230.6529212307171,0,normal
6.9,startup,56.22281331826398,367.71150361002043,0.15459136121322353,239.18018695985057,0,normal
7.0,startup,53.31754047994778,377.46306856676966,0.164778501851927,236.34774652140413,0,normal
7.1,startup,54.99864887020776,373.50902920773194,0.1549539577305937,243.455721615485,0,normal
7.2,startup,55.112966249825625,370.79077345937594,0.16253502243440784,235.59183038609763,0,normal
7.3,startup,56.165881030930215,372.5685922305777,0.1487335915202066,235.28000971374695,0,normal
7.4,startup,54.98322209742914,372.6041786795653,0.1498247966378449,247.19685955234613,0,normal
7.5,startup,56.96554124320325,373.1740750193544,0.17112921531004435,246.80781959929692,0,normal
7.6,startup,55.350739683830724,377.27292566610026,0.17275618415143632,256.90221035647716,0,normal
7.7,startup,55.6737830322527,377.4646223650597,0.1858704810595047,248.14163528045827,0,normal
7.8,startup,55.60249720638355,378.07948651505586,0.15555704633331685,252.07789242222114,0,normal
7.9,startup,56.273440680062876,374.44241790982966,0.15309526127107545,254.6772282238545,0,normal
8.0,startup,57.19665234744133,382.85298281108146,0.17879355565677044,247.1821173681459,0,normal
8.1,startup,56.64680391441787,377.04449943449123,0.14696261752855144,255.27062000046544,0,normal
8.2,startup,55.48870617851359,383.08682697435523,0.16369739990344823,261.8720969062815,0,normal
8.3,startup,56.70726600509926,384.49851675639167,0.16497854103234566,266.25547423326725,0,normal
8.4,startup,56.9985687032929,382.1590937660233,0.19115765718135502,270.6794750672699,0,normal
8.5,startup,56.14365049479036,383.4353210252126,0.17079004811398368,273.9949551990876,0,normal
8.6,startup,57.16041829602832,385.104266796226,0.18676655917250223,271.66407735043055,0,normal
8.7,startup,57.82233159567154,388.67944312588105,0.1743287075345734,272.77967652408927,0,normal
8.8,startup,59.51667438962756,387.78167146161695,0.17722152535171215,275.1204041381431,0,normal
8.9,startup,60.365736378398175,383.3096038836719,0.1712808270090458,272.8466326646649,0,normal
9.0,startup,59.4781535145418,390.9698736290595,0.17882941768685426,283.8276594510609,0,normal
9.1,startup,59.54795220647303,389.82082522009296,0.16308368638173273,279.8252604398649,0,normal
9.2,startup,59.7948714837021,394.0278750338113,0.17933433391443732,270.22788232237104,0,normal
9.3,startup,59.966395682162094,393.8154480778754,0.17252797179274004,282.03239478835684,0,normal
9.4,startup,59.552231134764185,391.70553657171916,0.16319279801937578,293.43700179058413,0,normal
9.5,startup,62.096252956597226,392.5667425999865,0.18024190500449982,293.96837001439496,0,normal
9.6,startup,59.59644223750057,394.5199406183185,0.17197209355928864,289.60592200678735,0,normal
9.7,startup,60.93239467293263,399.2600055055502,0.16194822374390833,287.3209469771525,0,normal
9.8,startup,60.08181423274151,395.82016863847616,0.16161989043059335,295.06137181977834,0,normal
9.9,startup,62.47582757293685,399.4744352597119,0.15724119725520336,294.7014271599978,0,normal
10.0,ramp,62.25529929208174,398.57981861221873,0.17243012320359535,299.37502622464604,0,normal
10.1,ramp,61.41525954481069,401.60991236662215,0.17783527583311684,295.53337818665386,0,normal
10.2,ramp,59.180671671260576,404.617120135091,0.16653059222613678,296.6455717088015,0,normal
10.3,ramp,61.8244716805403,401.7279634163954,0.18764368422524028,304.8196687770014,0,normal
10.4,ramp,62.800934104681225,404.5180494232976,0.17381029246817534,306.5321593765216,0,normal
10.5,ramp,61.290904820656465,408.0941663059822,0.16375593921237475,297.45872382683405,0,normal
10.6,ramp,62.61681181304749,406.8873885313349,0.17654717048179824,304.85898658564207,0,normal
10.7,ramp,64.46573468820257,413.00514767767027,0.17525904414032012,309.9308014987094,0,normal
10.8,ramp,64.39793266469707,411.4850897999525,0.17812969673481097,298.54602596099755,0,normal
10.9,ramp,63.08981177405828,418.3078030012295,0.1610169200203504,306.2280421905695,0,normal
11.0,ramp,64.4996705823621,420.3902797280546,0.1808586481717999,307.35533748594213,0,normal
11.1,ramp,64.75566838417154,413.1423762252659,0.16394200577232695,314.048862841742,0,normal
11.2,ramp,63.571280036531235,419.2087501580875,0.17070488793566183,300.9510448346162,0,normal
11.3,ramp,62.63254899527599,424.9592668200347,0.15598114872915758,305.0022515765328,0,normal
11.4,ramp,64.83973681449957,425.7886114238472,0.16212705150439657,298.89919208919514,0,normal
11.5,ramp,66.2294773317739,424.25085035744485,0.1560684852754858,321.5933948443145,0,normal
11.6,ramp,64.40365963054388,428.0443094999184,0.1458333957395372,315.4353611015415,0,normal
11.7,ramp,66.60449364273296,424.7981630551726,0.18688678219887597,308.97380895617044,0,normal
11.8,ramp,66.02703199201085,429.9789608583154,0.1638184965865118,310.6525052501029,0,normal
11.9,ramp,67.03200015610857,433.3521427336214,0.1724200092792789,310.5381096600639,0,normal
12.0,ramp,67.14389469093341,432.48312334421263,0.17899790444479693,313.1253718448904,0,normal
12.1,ramp,67.52921651094647,436.36176043987257,0.16987732610966869,304.1485085138029,0,normal
12.2,ramp,67.30495122289767,435.1859163855735,0.18156551659890074,309.30254546473935,0,normal
12.3,ramp,67.10375030667306,435.69931016089623,0.16818361781321878,325.237774707789,0,normal
12.4,ramp,67.20081829986185,440.97707029901864,0.17039569132156535,322.3372416339808,0,normal
12.5,ramp,69.57143510344603,443.809447334119,0.16899294706121748,328.6861750822635,0,normal
12.6,ramp,68.87016986056459,441.84737809604604,0.18137750071144856,320.6524033307314,0,normal
12.7,ramp,70.0175147385011,442.2188927219056,0.19595842158110766,323.63089162155694,0,normal
12.8,ramp,70.04350780187424,453.16062819427685,0.18852176188323125,326.3822571812465,0,normal
12.9,ramp,70.13399379509688,453.5551219942106,0.16042759060330422,332.6486790390101,0,normal
13.0,ramp,69.51151683448101,451.15459104518055,0.17433549123713404,324.07066797378195,0,normal
13.1,ramp,69.23838626929275,452.7428896982555,0.18365528057081767,312.4588741858701,0,normal
13.2,ramp,68.58711536704746,459.2688961662009,0.19671532030359945,336.54535880401386,0,normal
13.3,ramp,69.68221910564654,455.7092214676303,0.17851533684693044,325.9152829226723,0,normal
13.4,ramp,70.43157660231482,456.86727796863437,0.17500411502576943,329.19001219008345,0,normal
13.5,ramp,72.71498679530161,461.26804722733885,0.1852995830338121,324.00540044557545,0,normal
13.6,ramp,72.04812245903287,463.012860442329,0.1586115180526759,334.78135724081886,0,normal
13.7,ramp,71.2605587229623,468.4780073630484,0.1781372225412213,324.87848024932873,0,normal
13.8,ramp,72.76434465821498,466.56295857747506,0.17079565085516102,332.3628796985168,0,normal
13.9,ramp,72.51326422223461,464.921214635722,0.19149643035246086,326.26955470548074,0,normal
14.0,ramp,71.3087204468735,467.2978679261678,0.1878878229840404,340.9183280144847,0,normal
14.1,ramp,74.1019832691197,469.7171718988474,0.17415334468919907,332.01293043831544,0,normal
14.2,ramp,75.8927077905904,469.2211155083165,0.1721739454015285,337.80717064278946,0,normal
14.3,ramp,75.3342544378234,474.8700426968408,0.18070585088044025,337.06837295036286,0,normal
14.4,ramp,74.51944623886507,475.01272827246993,0.1762903324757845,337.2352713019972,0,normal
14.5,ramp,75.53125198811651,480.94994023820374,0.17486980434603372,335.8659051903608,0,normal
14.6,ramp,76.42545746580747,476.3466051509087,0.1750829902165862,339.8666681634635,0,normal
14.7,ramp,73.55216558660643,481.4511245765625,0.1741772479759134,343.6451762373968,0,normal
14.8,ramp,76.42136250908624,480.340723039511,0.18612434501133177,346.7487562222839,0,normal
14.9,ramp,77.6912331652361,484.9013444839238,0.183094886804604,341.1999664899854,0,normal
15.0,ramp,75.0205194736635,493.02783017633163,0.18214908418380346,340.9352280655923,0,normal
15.1,ramp,76.06191300313071,490.2612217481014,0.16135414298900536,338.7702027034418,0,normal
15.2,ramp,77.54744071066548,491.1744595241382,0.1790240943207747,345.1886085406717,0,normal
15.3,ramp,78.44508857915699,495.2690465333564,0.2009796458160801,348.0441924492382,0,normal
15.4,ramp,77.2807767803054,495.0149111508543,0.18088896833964513,350.40062832991185,0,normal
15.5,ramp,76.68656949473996,487.8799347015813,0.18277218128866637,357.7793529704393,0,normal
15.6,ramp,79.86587986238828,497.13429609704735,0.18134629435294264,351.69476421850317,0,normal
15.7,ramp,78.10210894063803,499.9426529160953,0.19096449855155956,348.3860029477256,0,normal
15.8,ramp,80.01708498041677,501.11792941050874,0.1621532192823073,339.00367404507574,0,normal
15.9,ramp,79.09427104442065,501.49065679731,0.190696734065592,354.28456745348586,0,normal
16.0,ramp,79.62917235955159,502.97632456688905,0.17394092773986114,349.25073846156073,0,normal
16.1,ramp,81.13372525394814,508.534480448691,0.17810830282143303,363.92459452578214,0,normal
16.2,ramp,79.59641945314945,509.558003119042,0.18255784012719672,356.7817870157138,0,normal
16.3,ramp,81.60380670998997,510.98687175556375,0.17169381360914723,352.8735639977846,0,normal
16.4,ramp,81.55853702473956,512.488347360384,0.1624327343231109,355.3647987374588,0,normal
16.5,ramp,80.31893826277401,512.9968672839829,0.17404626334977435,364.5694318629356,0,normal
16.6,ramp,82.42132942641827,516.4685458917364,0.18711219912190744,361.0685566603494,0,normal
16.7,ramp,81.42585244021137,520.0941378586176,0.17953505283527874,357.62461985110576,0,normal
16.8,ramp,82.25732808078901,518.7847803983649,0.17272794113703288,358.4962432625294,0,normal
16.9,ramp,80.93440046449943,519.4948614377129,0.1898931106404394,358.5842766133677,0,normal
17.0,ramp,83.5649521179567,517.4375356649213,0.19000896848192753,366.74363941740097,0,normal
17.1,ramp,82.49450277487382,518.7930628414573,0.18192151361145517,367.1498459981166,0,normal
17.2,ramp,83.75698117916444,521.8567925627949,0.1826524711621234,368.78062520201365,0,normal
17.3,ramp,84.68686162551458,529.6587837742424,0.17317889802618255,368.99298410245996,0,normal
17.4,ramp,82.91324743748139,528.9425600625648,0.190498196456805,375.0678265255619,0,normal
17.5,ramp,82.24583547041166,531.8907858153091,0.17797724906461782,367.5476600547158,0,normal
17.6,ramp,82.9865287070118,530.6806026614437,0.18658225195324415,372.0861738361438,0,normal
17.7,ramp,83.77516765395418,532.5323669107831,0.18657331855731357,373.7464602815263,0,normal
17.8,ramp,83.5424031756938,532.4220774309698,0.19460784314120222,375.14734331790237,0,normal
17.9,ramp,85.54394155062008,535.1610524209129,0.1739373373864543,370.4843422636052,0,normal
18.0,ramp,84.77929334825556,538.0396340286725,0.18777136357793306,379.31571116042795,0,normal
18.1,ramp,87.12748337988106,545.2210119922354,0.1627176714563221,368.37454708104866,0,normal
18.2,ramp,86.3541452305646,542.6432186105513,0.17537635964315287,376.0198224216372,0,normal
18.3,ramp,85.78135485429875,546.1470214050729,0.18367530149220712,384.09654274915704,0,normal
18.4,ramp,86.26908610117096,545.5643972278158,0.18412123448697434,378.06913287892235,0,normal
18.5,ramp,87.16878144237462,551.1689903539035,0.19237475181753125,370.92387591192585,0,normal
18.6,ramp,87.04573457836975,549.0093849907423,0.18124247777584643,380.68007632604014,0,normal
18.7,ramp,88.63574386895121,551.8548186666575,0.17711866110198057,382.990087258968,0,normal
18.8,ramp,88.47995283557917,551.033587710968,0.18915364808786062,375.0584576737449,0,normal
18.9,ramp,89.56014754293444,552.5790578408354,0.18395097782196096,385.2889514904946,0,normal
19.0,ramp,87.51890649062433,555.1996229601019,0.1814208650129102,372.4516219436385,0,normal
19.1,ramp,89.008731176767,558.0131199978744,0.17593661709771982,388.56807495331753,0,normal
19.2,ramp,89.2843485254299,561.9113879736502,0.17601016087389237,382.6639250516581,0,normal
19.3,ramp,90.01995343993053,564.255510887907,0.19534305836555638,379.78735815129744,0,normal
19.4,ramp,90.53713465169484,566.1740059104917,0.18099835298988357,387.8873291257881,0,normal
19.5,ramp,89.56810664949292,567.9227065629237,0.18215312006185266,394.52947965438744,0,normal
19.6,ramp,88.62419193018566,569.8373014540155,0.1903502421024815,383.43305849755114,0,normal
19.7,ramp,90.16418297651738,569.928852764086,0.1721307298233589,386.883040159853,0,normal
19.8,ramp,91.59405543107998,573.5347303700547,0.18650840626335838,388.5444336659069,0,normal
19.9,ramp,91.39513115875651,574.9835737196606,0.1885188149198778,389.5996273378711,0,normal
20.0,ramp,90.35818539017063,575.8362677318712,0.18402397559295322,410.7336033973085,0,normal
20.1,ramp,90.46356145477,576.0321958515317,0.21125551007908291,398.8972096325895,0,normal
20.2,ramp,93.08742041110096,571.7770099698033,0.1989189445869719,399.93572599087713,0,normal
20.3,ramp,91.9718020945553,575.7585006177137,0.18789067295324507,399.73148568254146,0,normal
20.4,ramp,93.31080990510158,582.7251180231599,0.19227427738508715,400.02865767333384,0,normal
20.5,ramp,92.71262630095151,582.8032599810493,0.17208111942024631,403.9824640496657,0,normal
20.6,ramp,92.02836571439275,581.3625349378142,0.20022888173210562,397.4456505598635,0,normal
20.7,ramp,92.19813330216718,584.9949564126163,0.19424825733343754,403.3731622596343,0,normal
20.8,ramp,92.67549340715753,583.5796695302028,0.18417900644690272,403.94109334275913,0,normal
20.9,ramp,93.69997546851151,586.6462684823462,0.17603000168736233,392.90782990432575,0,normal
21.0,ramp,96.21919471466718,593.9866199931354,0.16299160107419172,399.90683104789997,0,normal
21.1,ramp,94.34563196756247,592.3809125695618,0.19638431498807982,405.63778225272466,0,normal
21.2,ramp,97.16328344995983,596.0447291865012,0.1790929729281209,400.5065183899664,0,normal
21.3,ramp,96.42177158651397,601.8612822472044,0.18139198120732528,410.1742527158088,0,normal
21.4,ramp,95.94912324612447,596.5824900168839,0.17537013752891512,404.85009880395756,0,normal
21.5,ramp,94.84278801812718,600.549588091127,0.17512201754144782,416.2462299414421,0,normal
21.6,ramp,97.07928777629047,599.2178216092385,0.17027345875256122,402.7898144075422,0,normal
21.7,ramp,94.75442582385837,601.9201349396996,0.18298202047704498,411.36576199379977,0,normal
21.8,ramp,97.52607756714845,605.5925045438202,0.1742397912572828,420.7275782764335,0,normal
21.9,ramp,96.55609735603763,607.9999707787453,0.1747397821686731,408.01321690739115,0,normal
22.0,ramp,96.40085219969212,609.4533826985917,0.18575175582461428,412.6036037833594,0,normal
22.1,ramp,97.17698226043527,611.5624213003392,0.1831815204149411,415.476848829422,0,normal
22.2,ramp,97.85590805525315,613.5172819810218,0.17599932316590053,415.10987788855937,0,normal
22.3,ramp,97.2662874129399,608.3261570473883,0.2001403287731656,420.50417826550154,0,normal
22.4,ramp,99.02029998177643,616.7807749869824,0.18721132909756885,419.294122748988,0,normal
22.5,ramp,99.25644655940742,619.0851058825434,0.1853935167279521,431.1278536325741,0,normal
22.6,ramp,98.63234688588007,618.2567232965259,0.17196935158580395,411.05040120664785,0,normal
22.7,ramp,99.71276084775499,616.4671470591692,0.18756823363350816,429.4178496527309,0,normal
22.8,ramp,101.90387589973244,624.208536139065,0.19773439063079135,415.6626721482385,0,normal
22.9,ramp,99.56919546275277,627.2246652970016,0.18714314132826024,434.0806194451713,0,normal
23.0,ramp,102.51717235233768,625.2051589748703,0.18586816132169137,424.3138412531852,0,normal
23.1,ramp,101.48841722366264,624.5268754664128,0.1821897714158587,413.52932298069015,0,normal
23.2,ramp,102.04976305600478,632.1699478369924,0.19365643431005847,431.89470151851833,0,normal
23.3,ramp,100.63552300687749,629.542734292677,0.20689407577473248,431.8472521515879,0,normal
23.4,ramp,101.91214364008911,633.7251827053582,0.1815018289214587,421.7499665319583,0,normal
23.5,ramp,102.46548906603348,635.6221013809852,0.18143640995140126,432.8370723369567,0,normal
23.6,ramp,101.73880228887245,637.6902948073092,0.20174920812579292,438.1128891164484,0,normal
23.7,ramp,104.1354323110738,641.7851761914486,0.18924659062430016,433.1076518827894,0,normal
23.8,ramp,104.12723475068368,640.8403190819001,0.20173308740504117,437.441457905091,0,normal
23.9,ramp,101.23057652537864,639.096556853914,0.18191926506795736,426.18799725974077,0,normal
24.0,ramp,103.09818404828394,642.2627001668432,0.18850946836085217,433.6778472895214,0,normal
24.1,ramp,104.65316829366441,647.6607597192065,0.18707252762783586,434.09809405690083,0,normal
24.2,ramp,105.02474794682882,648.5107865497297,0.1993682587732528,441.5669797598654,0,normal
24.3,ramp,105.83270129146322,651.5855101756997,0.1865388499185749,443.30237657269123,0,normal
24.4,ramp,105.20041561233643,648.4312482282155,0.18344024579421042,443.6707187883451,0,normal
24.5,ramp,104.68793572182868,653.2689030509317,0.19855966865707195,435.09648094069894,0,normal
24.6,ramp,105.40396977824987,660.3645552560612,0.19597627165763354,438.0513417017816,0,normal
24.7,ramp,104.9717783887829,661.4990550128996,0.18820683994875534,445.79626963771585,0,normal
24.8,ramp,104.72638224054543,657.4788949670233,0.18958873415067992,440.22790253066734,0,normal
24.9,ramp,104.71343272199127,655.7439958491271,0.20727009518035494,438.61279748716373,0,normal
25.0,ramp,107.78418399830683,663.2537895088896,0.19635622436266245,453.9783857413131,0,normal
25.1,ramp,106.48759717934227,662.2623071654231,0.20124745055298385,440.4640004798496,0,normal
25.2,ramp,108.16966232918934,666.6783154717638,0.17850760784778488,442.21980018112606,0,normal
25.3,ramp,107.2433695660725,665.0369208409157,0.18129586627161232,445.3943908207809,0,normal
25.4,ramp,107.28654162796155,665.3822057398679,0.21084198545373006,438.68368966687734,0,normal
25.5,ramp,107.94912040390327,673.9109123595164,0.1846104428151317,451.1938865895128,0,normal
25.6,ramp,108.7345241944841,670.8529521131376,0.1916494048361809,444.0827333075627,0,normal
25.7,ramp,108.51575760480527,676.1351491139148,0.18003406930654858,450.3053769095613,0,normal
25.8,ramp,109.06712673192247,676.7732048782162,0.1967485129119596,455.15656210653634,0,normal
25.9,ramp,109.43282498495752,678.1915279120321,0.1805388316756181,460.99685501336177,0,normal
26.0,ramp,110.22291180041093,675.3084465701243,0.19203909354059842,467.2442859104763,0,normal
26.1,ramp,109.24922397248866,676.9625412871422,0.20017352208276482,458.08040255297897,0,normal
26.2,ramp,109.4820673673912,682.8509419164246,0.19606971492971975,464.0896575724901,0,normal
26.3,ramp,110.53657055696482,680.3756537871659,0.19327971806545324,453.2819701410494,0,normal
26.4,ramp,111.33937460599483,684.1602889818637,0.1953883612561904,449.8916992008808,0,normal
26.5,ramp,109.85202006480931,687.6231293375437,0.18881782080371445,452.9979014476575,0,normal
26.6,ramp,109.95791057451596,692.4805796412783,0.18186682603052504,460.4856377338648,0,normal
26.7,ramp,111.88510550725253,697.0236426125672,0.19018616526026738,459.6098344999129,0,normal
26.8,ramp,109.9546655944717,696.5423625481873,0.2006059968336392,456.84023216830207,0,normal
26.9,ramp,111.72583603864875,694.8549953956397,0.17968831106756492,462.91305286702396,0,normal
27.0,ramp,110.96368503692737,695.1200251597382,0.20325314855391868,463.1965003700955,0,normal
27.1,ramp,111.8519709234909,695.7451930531234,0.19571930961812153,461.51484947211736,0,normal
27.2,ramp,113.70244982677355,696.1107858792312,0.2089274022079623,474.05788085909563,0,normal
27.3,ramp,114.76608313446522,704.7206482182837,0.20175699432281854,465.60713714418887,0,normal
27.4,ramp,113.6971350051539,702.053214442177,0.180280790062469,463.6295383243847,0,normal
27.5,ramp,113.3151540353384,703.7323550982649,0.2012725258749571,471.76745100480326,0,normal
27.6,ramp,113.61836752604178,706.6529747851205,0.18786241822718197,476.4547992135235,0,normal
27.7,ramp,115.67038640150979,708.7745543511849,0.19487405950243955,471.5091787219593,0,normal
27.8,ramp,115.0516661089423,709.0479476880064,0.21540834694607278,481.5532621847365,0,normal
27.9,ramp,114.58091106968065,710.0144393405966,0.18915225552586237,472.01694100786506,0,normal
28.0,ramp,116.33852018094076,712.72200931016,0.19656560989796654,473.89200633610056,0,normal
28.1,ramp,116.93150237103143,719.3035968105072,0.18828046162906042,474.3371109707553,0,normal
28.2,ramp,116.63275880832421,714.9288169400623,0.207091073689974,473.77308754472006,0,normal
28.3,ramp,116.53561613207593,718.6693875851797,0.19008607559671145,481.3075466132618,0,normal
28.4,ramp,115.78120833884337,718.7025520553453,0.18170116069885076,481.8546359836038,0,normal
28.5,ramp,117.23129464139491,724.1535793095637,0.19704998744555,476.3521009850793,0,normal
28.6,ramp,117.3219557517317,725.1540825190127,0.18781349188909044,479.1052406735448,0,normal
28.7,ramp,116.96111113751718,723.5115004602105,0.20842915003645646,479.049547852744,0,normal
28.8,ramp,115.94712484060963,727.3154194754745,0.1960604848026216,495.9400942988518,0,normal
28.9,ramp,117.923758134894,732.2437524427226,0.2201519602447216,483.1574218954141,0,normal
29.0,ramp,120.06831138289975,733.0368902661089,0.21534786379630055,474.2405802132846,0,normal
29.1,ramp,117.81378758670975,731.5019744391743,0.19318426259517518,482.7480885460242,0,normal
29.2,ramp,120.1639517406908,740.3811628750195,0.19692721475595784,484.6125851803624,0,normal
29.3,ramp,120.16018217408443,741.5348425382331,0.19026326268634208,489.80999574190787,0,normal
29.4,ramp,118.81437171470111,739.4839647285946,0.17794949369104876,482.4926374876393,0,normal
29.5,ramp,121.88346525443094,741.217544653761,0.214587263185701,483.0106911995977,0,normal
29.6,ramp,120.61583157099926,741.333440615799,0.20450489819808265,484.9657162823902,0,normal
29.7,ramp,122.13106126272747,743.599345868559,0.20763999590996568,493.1484831963124,0,normal
29.8,ramp,121.08956908144378,743.1801754824901,0.1979359328477454,482.42943085426697,0,normal
29.9,ramp,122.74173429385361,746.8087717686113,0.20167909544872129,494.61855693710066,0,normal
30.0,steady,122.3686872302679,745.6477653232505,0.18914613233665792,495.82532004201494,0,normal
30.1,steady,122.06402360939586,747.6213311618274,0.2015809193788581,503.73792006502066,0,normal
30.2,steady,121.7143145798021,750.8078659076842,0.18950701286510901,494.4213302949596,0,normal
30.3,steady,122.2530984268562,745.9332769828338,0.18070573076430008,496.6957847855396,0,normal
30.4,steady,121.9602909079403,749.1503856440709,0.19732646120709782,492.0267453018893,0,normal
30.5,steady,121.75115057147777,750.8689566612028,0.20956078646780352,489.7498670043131,0,normal
30.6,steady,121.61275853472378,746.652761751662,0.21394651097926226,495.30206564400163,0,normal
30.7,steady,121.54381794517292,751.0423659085307,0.20047000380209742,486.0952436444672,0,normal
30.8,steady,122.77686551667267,749.9761272135623,0.20072828525280617,495.5217289880735,0,normal
30.9,steady,120.21109616716573,752.2543104478842,0.21917092695468182,494.96819472080887,0,normal
31.0,steady,121.26245420433712,746.3128250421846,0.20139494323403215,488.83811389581075,0,normal
31.1,steady,121.76938035155025,749.8429318036573,0.2259031384801275,501.2214061878709,0,normal
31.2,steady,122.74559487688116,746.2076842116401,0.19967899693216795,493.76282928896666,0,normal
31.3,steady,123.17847935643596,750.3011928903862,0.19141365721994866,501.18193014933195,0,normal
31.4,steady,122.96844618591174,747.1872562940752,0.19496768530433284,491.22903141917965,0,normal
31.5,steady,121.42651387629445,743.5190954110664,0.19699907552540835,478.7781589991316,0,normal
31.6,steady,121.7493552217082,749.0742756413464,0.21655968292125122,499.0544748689613,0,normal
31.7,steady,121.15086385920146,747.2371975881897,0.20556089256844184,489.02927109173083,0,normal
31.8,steady,120.55770286530935,749.1520775084832,0.19254161612257836,483.472746956217,0,normal
31.9,steady,122.68181825368005,748.6313495532731,0.19169076690759146,490.31747712945395,0,normal
32.0,steady,122.79180933005428,750.311145135216,0.19816831682372255,492.9249094809108,0,normal
32.1,steady,122.8591806759127,751.8926657290514,0.17791990922069223,492.60419001489294,0,normal
32.2,steady,122.41612457621378,748.4443157017621,0.196398312419404,506.5929804005056,0,normal
32.3,steady,119.55432104837057,746.4999010899623,0.21000448138096836,494.3384358410554,0,normal
32.4,steady,123.16632992582352,748.3838049318392,0.20061920896040109,496.172680257649,0,normal
32.5,steady,122.88075402331648,751.0297160871863,0.19942923349712785,487.1744410256403,0,normal
32.6,steady,122.67485903508074,750.1677473138673,0.19274894355754751,487.134877816859,0,normal
32.7,steady,121.41600271865208,750.0091329090008,0.20207392697209758,495.19459477087895,0,normal
32.8,steady,120.99207342033375,749.9751380601482,0.21028146761506628,489.3805688578438,0,normal
32.9,steady,121.85939245853183,750.4869870527053,0.20052373286470143,495.06567783753155,0,normal
33.0,steady,122.92040463384897,750.2256101528577,0.20428279976534527,497.83406308017334,0,normal
33.1,steady,121.06048294791307,745.9110127980483,0.19874129248723607,490.2035040590683,0,normal
33.2,steady,121.98581851324666,747.3406405784153,0.19897950605133718,493.37411686395404,0,normal
33.3,steady,121.10655424834248,752.2653240896055,0.1955609129504412,495.46387710537334,0,normal
33.4,steady,122.5100983978927,747.6837346087913,0.2009815838206782,496.976657543595,0,normal
33.5,steady,122.90159975499652,747.1949879481036,0.22268725420843513,498.64123908155716,0,normal
33.6,steady,121.14033250894707,747.8584969948107,0.20861849241079167,490.9133700998226,0,normal
33.7,steady,122.58503548568153,749.5806949386737,0.19738751412538139,498.6714306507325,0,normal
33.8,steady,122.45962058213838,749.3980809908627,0.18877502916340655,489.13990994718887,0,normal
33.9,steady,122.78803524659233,751.09179054162,0.18824182869256825,485.2543544801165,0,normal
34.0,steady,120.9900524465675,747.707036720594,0.185858619633421,492.99908313347765,0,normal
34.1,steady,121.93045214005379,749.5308210099836,0.1939064451960833,492.2606459416508,0,normal
34.2,steady,120.8207028258989,745.8213912536141,0.2123936111002142,491.78466230274324,0,normal
34.3,steady,121.52567628622351,754.9353032109105,0.20134470401418234,487.3917578356013,0,normal
34.4,steady,121.42742378859292,750.1729179526978,0.19329155987357285,485.31572102510927,0,normal
34.5,steady,122.38203401063117,745.6514141664506,0.20072323801026798,484.9024863405006,0,normal
34.6,steady,122.520472432321,749.4696762227871,0.1958952023952787,493.44027548887857,0,normal
34.7,steady,122.30726434115307,752.2621289575802,0.20654138197262067,489.3330966413661,0,normal
34.8,steady,121.34395157393796,749.9258301887229,0.1938411752440794,488.5098081890444,0,normal
34.9,steady,122.15153731197418,746.1548265707602,0.2113574912430225,490.62396473342176,0,normal
35.0,steady,122.37401996005046,750.5282254585242,0.1964866591284066,498.73227308658875,0,normal
35.1,steady,122.82662172732694,745.9255467222144,0.2068347271307154,493.4943200307062,0,normal
35.2,steady,122.4338065991358,746.7007596198372,0.2017756324218152,501.7824179118313,0,normal
35.3,steady,120.86629895969895,750.203465922763,0.19181534641952272,497.64981769865057,0,normal
35.4,steady,121.33602320288509,751.5906915095626,0.1807860178588803,491.88400926626196,0,normal
35.5,steady,120.74734876166399,747.0663084059013,0.2100517270420328,487.98878444481215,0,normal
35.6,steady,121.80574943983795,750.5095988856499,0.19599372831020484,493.1466573176613,0,normal
35.7,steady,122.03753725468334,749.3968529572879,0.20197374194112033,496.9127059873961,0,normal
35.8,steady,122.49078606782012,751.836218494266,0.19828012770170853,492.8623986443633,0,normal
35.9,steady,121.32636328502481,751.9126835538326,0.19697376941651573,498.2964946366574,0,normal
36.0,steady,122.12870321159069,750.4400493762699,0.2052730779017618,487.774385796407,0,normal
36.1,steady,121.44372347612727,749.4796511505781,0.18425398216827757,487.8960320878343,0,normal
36.2,steady,121.31113881644082,751.33338857097,0.1944103225123223,494.07647293551497,0,normal
36.3,steady,123.24877983997163,743.8741284195809,0.19575367576432912,504.9671444321038,0,normal
36.4,steady,122.11796825232943,748.0112941825577,0.1970384014802288,494.35456735752285,0,normal
36.5,steady,121.30408135637131,752.0808391658782,0.1925362679643323,496.7601598173889,0,normal
36.6,steady,120.96207427677774,749.7504753189648,0.19019900934708026,499.967980971124,0,normal
36.7,steady,121.50012828502106,746.0522587425947,0.20132367220502922,494.8103766908995,0,normal
36.8,steady,122.62093988395971,750.6928017187807,0.20717669518761866,490.44950845073765,0,normal
36.9,steady,123.00873412820027,751.7673020168498,0.19121410461121283,497.72609415636816,0,normal
37.0,steady,120.9898299051415,751.3244410665529,0.19936135128795565,495.0507549854133,0,normal
37.1,steady,120.94458629646893,746.4264443048697,0.20699297972454705,491.56180734234067,0,normal
37.2,steady,120.84893546348644,748.376148195353,0.20282819901785254,500.0529251993423,0,normal
37.3,steady,121.04020240466605,749.4725146532962,0.19552934473068595,497.81014888735456,0,normal
37.4,steady,120.72837597990514,747.3612213098402,0.190668266101164,491.61271083087587,0,normal
37.5,steady,122.49302114280461,745.203098725612,0.1912515476903131,491.645373328857,0,normal
37.6,steady,121.15490317094505,748.662324580192,0.211910678093411,494.33999055322795,0,normal
37.7,steady,120.09056235426043,750.5431257809466,0.208142037561559,492.9177428514862,0,normal
37.8,steady,120.44723346199284,748.6691658305383,0.19672945786844875,498.32459055582973,0,normal
37.9,steady,122.28619696116354,749.016767873589,0.20363746400599564,490.85754111241084,0,normal
38.0,steady,121.2968384795455,750.5523173415502,0.2019778173492104,487.958438020232,0,normal
38.1,steady,121.64667892788331,755.1673314833381,0.2156529160257943,490.73561446460343,0,normal
38.2,steady,120.50234848582521,747.4923157812073,0.19619521706650017,496.2379327810687,0,normal
38.3,steady,121.63920965441638,747.1613925435789,0.2003742959031132,496.930058595596,0,normal
38.4,steady,120.2658838855866,750.9152465951763,0.19045902868068626,491.5689916606025,0,normal
38.5,steady,119.92157916885841,753.477794493786,0.20372046358466694,486.19432683164695,0,normal
38.6,steady,120.94748349243613,752.0931531783085,0.20594923448732919,483.79535958956114,0,normal
38.7,steady,119.07451063107553,751.8460755033475,0.2100055491476183,501.4112490504552,0,normal
38.8,steady,121.88690357773095,746.5475463638803,0.18850728163233332,493.62244349775193,0,normal
38.9,steady,122.13901758375349,748.0547093268591,0.17651577570272,488.0408106448948,0,normal
39.0,steady,121.77454523309001,747.7512467770258,0.1981497862863257,493.6861815219165,0,normal
39.1,steady,121.30165836911819,750.4088658795691,0.1924075404821163,494.8691010660424,0,normal
39.2,steady,120.54305539614741,751.1735965847238,0.20357356259608025,497.2217673736388,0,normal
39.3,steady,123.1340536326769,750.916700061417,0.1946091248611289,495.8237329171865,0,normal
39.4,steady,120.28481604079275,749.7299863451577,0.19320140783712675,491.9046999479888,0,normal
39.5,steady,122.08207790296531,748.3362398602097,0.2019636571612687,497.8211135740437,0,normal
39.6,steady,122.42738852420746,748.7379300905502,0.19283625573197166,481.282809648082,0,normal
39.7,steady,122.71519072234976,749.4800111178436,0.18995493935094954,490.3969756824861,0,normal
39.8,steady,122.04876252519446,750.4113499715916,0.21651242782068797,492.5351948683301,0,normal
39.9,steady,120.4033881071254,749.2661897013274,0.19429230487520496,501.3065692577119,0,normal
40.0,steady,122.26870382989547,745.2689338761484,0.19537548600495716,494.87935863677285,0,normal
40.1,steady,122.42353506938552,746.9688071358668,0.2052215517171321,493.27600857331436,0,normal
40.2,steady,122.23657988173566,747.4028387314739,0.21661928041184106,490.6819843438684,0,normal
40.3,steady,121.7252786341419,758.4300322929714,0.18911545778687697,493.3545278707759,0,normal
40.4,steady,121.91041827107199,747.5624079272972,0.19922947658360118,496.95210286431643,0,normal
40.5,steady,120.93488634173484,749.659904290091,0.19796677728893713,487.72210155705005,0,normal
40.6,steady,122.9118669226268,749.867701350507,0.19885905337594345,497.3578125905833,0,normal
40.7,steady,122.75022749582028,749.1694750966784,0.20557643919272287,494.15314055035606,0,normal
40.8,steady,121.7298254846471,746.941332655142,0.20599739138199435,488.4786638316348,0,normal
40.9,steady,121.86209218882732,746.2173505660655,0.21115306751752855,497.0596520485248,0,normal
41.0,steady,120.73089751062214,752.2067971528985,0.2097121561571203,492.06219359075845,0,normal
41.1,steady,121.16768124870543,747.6714313130395,0.1924098409629303,494.06669755360224,0,normal
41.2,steady,121.34781355910255,746.149324266008,0.1959095119550308,495.1318029279269,0,normal
41.3,steady,121.3420931129429,748.31976328623,0.19818789751080318,486.5457769781743,0,normal
41.4,steady,120.46131057325562,749.1912260931949,0.20223478794416574,499.0854932009168,0,normal
41.5,steady,122.25314336805904,746.2703969732369,0.20164643990864273,495.2020947744141,0,normal
41.6,steady,122.73806353502057,748.9606378015651,0.1985446801038899,494.7035508175368,0,normal
41.7,steady,121.84578943096254,746.8088020237299,0.20078912636829419,489.38083805743236,0,normal
41.8,steady,122.66012448617421,750.4278121185877,0.20480735706729966,499.1902393317492,0,normal
41.9,steady,122.99273425075597,746.7267949820788,0.2195266638753358,499.7445183544296,0,normal
42.0,steady,121.21785778394947,749.9285495986528,0.18889751501259103,497.7716043745066,0,normal
42.1,steady,122.43876257682108,746.2950781007443,0.18206674782057444,490.41074736769906,0,normal
42.2,steady,121.37151314913574,746.3821704721029,0.2091373561095479,497.8148467229402,0,normal
42.3,steady,122.90798571442224,752.5490173445463,0.19700719270182424,492.0950811084433,0,normal
42.4,steady,121.71434784623636,747.6765289644577,0.19236032781554394,497.53448428589206,0,normal
42.5,steady,123.45297714076551,748.5895450549838,0.21111420598640973,496.2703467524159,0,normal
42.6,steady,123.09021410018164,747.3920435457868,0.18834234422500604,491.26422571408267,0,normal
42.7,steady,122.27460245867537,746.4954560869643,0.189803716864277,503.46045619399354,0,normal
42.8,steady,121.37442424605037,747.4250136819272,0.20804308017604567,492.84328146481147,0,normal
42.9,steady,123.27888262757872,753.5201169809046,0.20122527559559608,505.14158251043125,0,normal
43.0,steady,119.88476568857334,750.4231639531716,0.19025668418443903,491.1499661236943,0,normal
43.1,steady,121.88116106392907,748.3590644950033,0.19005853826041472,490.68155540545314,0,normal
43.2,steady,122.56916979462514,750.1833981115883,0.19677866389211793,493.8955322664026,0,normal
43.3,steady,123.25692468284137,747.451154084778,0.19071443559479412,487.8637136610566,0,normal
43.4,steady,120.81000283443859,747.5530500092557,0.21047153288715423,498.54204965634165,0,normal
43.5,steady,121.77701390351496,746.7453616555666,0.1880332482045677,494.46631583676304,0,normal
43.6,steady,123.11763585965774,751.0780786447335,0.20072882580838416,489.51823147016535,0,normal
43.7,steady,121.83105348322749,748.0407195231634,0.20134947372657813,495.5308788379586,0,normal
43.8,steady,121.85060367060127,749.818402908852,0.20031462200927244,488.97223109100486,0,normal
43.9,steady,122.04875255068487,750.1201127994951,0.19754889009985252,497.6654966959769,0,normal
44.0,steady,121.27359662450189,748.6420867980722,0.16733731326983592,494.7170003396258,0,normal
44.1,steady,121.52726175559121,747.2199616446306,0.18391793745125318,495.4987216712983,0,normal
44.2,steady,122.68389074912363,748.0394308953472,0.18610193199977693,498.32169846819465,0,normal
44.3,steady,120.15566739278852,747.657200004772,0.19934639790563638,497.2460723285987,0,normal
44.4,steady,120.78457853315008,745.9869630651766,0.18837298929159,496.17069065139896,0,normal
44.5,steady,121.56090902067899,746.2489632980203,0.19782241757298225,491.9258465435862,0,normal
44.6,steady,120.568595780959,747.050090089186,0.2077644049158117,502.0349353503123,0,normal
44.7,steady,121.67584259005861,753.8392848397272,0.21023574199951925,492.67445130061054,0,normal
44.8,steady,120.96418741921985,748.7349613124042,0.1968724962011266,490.98302009226546,0,normal
44.9,steady,122.65629466205748,747.6002628437749,0.20565354163331773,491.8760515909727,0,normal
45.0,steady,119.06098115875889,748.114839482243,0.19812858329575372,494.3680456737288,0,normal
45.1,steady,122.55649784249061,749.5562998325561,0.19104660968741263,492.2630701683094,0,normal
45.2,steady,122.1980783139864,752.8675098394488,0.204530336125119,494.24292227602604,0,normal
45.3,steady,123.2415927813275,749.5144018678601,0.18741597839634003,489.38904200569544,0,normal
45.4,steady,120.69834752124358,747.5858151978376,0.1956361558240976,489.27014030315667,0,normal
45.5,steady,121.85283557174373,750.0030207953054,0.21470715840378798,500.1915069053253,0,normal
45.6,steady,121.67827649215099,750.0689631173378,0.19468234003249887,489.4584904612379,0,normal
45.7,steady,123.58089310251995,749.9339817042119,0.19076177361037655,491.97762851866645,0,normal
45.8,steady,121.78716779106269,746.7862534522897,0.21464579548526305,490.9254640806222,0,normal
45.9,steady,124.17294189191149,750.2063861261126,0.20767846990392153,495.4847336384693,0,normal
46.0,steady,122.34735184514052,750.3010649581934,0.1962468494040273,492.5523628685385,0,normal
46.1,steady,121.45942070590331,752.6756504378935,0.20622788231272313,487.2966666535492,0,normal
46.2,steady,123.95907496448827,748.4670942600665,0.20838605446861075,491.3038778198952,0,normal
46.3,steady,121.82412371484041,747.1443495953328,0.20841387276198345,486.470395671154,0,normal
46.4,steady,123.23675121695706,748.0987979351406,0.2135572988819153,489.242189740681,0,normal
46.5,steady,123.52555353381953,747.9968382507515,0.1952539620436713,493.42493976299187,0,normal
46.6,steady,121.13415866317071,748.9614684526865,0.2119044507716546,487.41544957078537,0,normal
46.7,steady,122.93441830096373,749.3785155699358,0.20741193140038158,495.5434579194522,0,normal
46.8,steady,120.35770443628087,748.5702651382014,0.18292414866215323,487.78759557280097,0,normal
46.9,steady,121.34087742374922,747.9726427871728,0.19768579533899114,491.8325421328764,0,normal
47.0,steady,122.03510203776696,748.9108748270992,0.20486193655250792,500.32860701176355,0,normal
47.1,steady,123.60534113002853,747.9893772618235,0.2049278292779787,487.6206680089943,0,normal
47.2,steady,122.86751559355712,749.801875417161,0.18455490032388294,488.42496001484466,0,normal
47.3,steady,122.88577151091285,747.9487686448208,0.19091060408044017,491.57046875011156,0,normal
47.4,steady,122.09008151679168,749.3483085755366,0.21043820354554965,493.1765380130156,0,normal
47.5,steady,120.84042289174691,747.8494816928055,0.19206500477234037,487.9760631453018,0,normal
47.6,steady,120.64091913188727,753.0982216627154,0.19748826278265075,499.23776188610253,0,normal
47.7,steady,123.12851742776392,746.8428968605356,0.20187467760606506,496.61046058733365,0,normal
47.8,steady,120.30173572406683,750.5432700728986,0.19358073861088365,491.6541214229372,0,normal
47.9,steady,121.45682179000119,751.4627210376234,0.19204424889127983,496.9523596115796,0,normal
48.0,steady,120.81587681903656,747.2989413758277,0.20055208847378678,492.5681854837237,0,normal
48.1,steady,121.07917543736096,747.2483663231216,0.19749005702730638,493.6843479273642,0,normal
48.2,steady,123.72008063118894,750.0932178135542,0.21483395758714158,489.2935371874283,0,normal
48.3,steady,123.19987020839457,749.1204943386484,0.19620027461153966,490.36515323836016,0,normal
48.4,steady,121.49903859402016,747.9440246629271,0.19888623483982962,495.3100225472779,0,normal
48.5,steady,121.98686398832369,747.8062191279702,0.18999300089925572,491.5849298763654,0,normal
48.6,steady,121.27753993788966,747.5842391582918,0.205172336567839,498.56444784908734,0,normal
48.7,steady,119.37171693847272,746.4489632886471,0.19429155275984028,491.5422511580255,0,normal
48.8,steady,124.37115210008758,745.7401224494714,0.18926009008297212,486.44744003732194,0,normal
48.9,steady,119.69881301765402,747.3038210353204,0.18809996172542592,485.3497128969213,0,normal
49.0,steady,120.88304804547512,750.609959656958,0.18939651335864324,493.8702994713696,0,normal
49.1,steady,122.37339968749193,745.4965366699683,0.2168259888126232,501.7908842605491,0,normal
49.2,steady,121.5905557530585,749.4327256831366,0.20493761787747364,497.4707624416248,0,normal
49.3,steady,121.58459425767805,750.4387254229546,0.2089234075946009,492.81414532156435,0,normal
49.4,steady,122.02802397544264,749.482774071879,0.18139078168783723,500.5411171611227,0,normal
49.5,steady,121.68577566513422,748.9186552543962,0.20580194914190408,490.23980704133584,0,normal
49.6,steady,123.69553742496517,749.3578011142616,0.19068270968504397,487.1224435002068,0,normal
49.7,steady,122.93935949302491,744.3618676034654,0.2002720820992878,485.7407317779672,0,normal
49.8,steady,122.42664855119845,752.2044343170002,0.19664290345193122,502.62957684820884,0,normal
49.9,steady,122.34963911788026,751.3788580842375,0.18666874355256313,490.434257362766,0,normal
50.0,steady,120.51773976253214,746.648349754191,0.202265474318453,500.67063285035334,0,normal
50.1,steady,120.42878762336689,748.7652321955719,0.19095077811175912,494.960910459927,0,normal
50.2,steady,121.57921591333283,748.6601692661314,0.20193228365831106,496.1345567400148,0,normal
50.3,steady,121.73695045954376,754.3005855185506,0.20153668098473662,486.7582107846849,0,normal
50.4,steady,123.97658598376955,748.9907287822123,0.19955603234956562,491.4782345787643,0,normal
50.5,steady,122.25712483993836,745.2243609047365,0.20721081971571467,491.1737978226026,0,normal
50.6,steady,121.19296185513629,751.6971825391784,0.2005892785740336,494.43897712318153,0,normal
50.7,steady,121.55958635268303,748.0840422775753,0.20257152130804212,488.1445879381895,0,normal
50.8,steady,120.51884619347013,750.6473254750782,0.22775399260999069,494.8639928184008,0,normal
50.9,steady,122.1231684465687,751.7105550523273,0.20491294464630966,490.7743581495384,0,normal
51.0,steady,120.8491453002066,750.7253917283218,0.20051123186372455,492.7958292947117,0,normal
51.1,steady,122.67751120127403,749.3608647192099,0.20183669869693013,482.35025197860506,0,normal
51.2,steady,124.06839951360705,747.3880635390304,0.18453913750052225,492.1719596102336,0,normal
51.3,steady,121.48233568921967,746.0550053694647,0.19204873140794806,493.5151694345364,0,normal
51.4,steady,121.80870129071599,751.3576284656158,0.210914704071487,494.5656379261039,0,normal
51.5,steady,122.49033903056123,747.5973909862233,0.19183457565860026,494.3616091193371,0,normal
51.6,steady,120.59983149344346,749.5857171537576,0.1943183079765843,487.8764302016089,0,normal
51.7,steady,122.97442816895547,750.340969445433,0.19497643722157543,486.18731649602773,0,normal
51.8,steady,123.67258332539186,751.7432255682252,0.20063765013237012,491.685352432699,0,normal
51.9,steady,121.29414673991,749.4779376916803,0.19746304531936398,493.7911425637283,0,normal
52.0,steady,123.08213422968825,747.8469932016079,0.2074690566469211,499.2255184510295,0,normal
52.1,steady,122.02680832339578,747.744906087956,0.18666788043009663,484.72784262365025,0,normal
52.2,steady,121.46153060041723,748.9257120884587,0.20613474328797002,494.3265562692782,0,normal
52.3,steady,120.09453594886882,750.359251903493,0.20719937429444799,494.6238021322038,0,normal
52.4,steady,121.95194683035807,745.7541156685752,0.20759932338586023,489.79462432231924,0,normal
52.5,steady,121.00256179914905,744.1111778000443,0.1981304793035077,489.2781921851767,0,normal
52.6,steady,120.29663524555222,751.5706244902335,0.18437957521958342,493.94012267160036,0,normal
52.7,steady,122.39936394883516,751.474326095804,0.19599869636062353,489.72190403505914,0,normal
52.8,steady,121.14763989887533,749.2739434727166,0.19136481851469406,499.2293550292212,0,normal
52.9,steady,123.29800659997798,753.5285209536358,0.19143797597023882,497.22628156517794,0,normal
53.0,steady,122.09791537789647,751.4307594647739,0.18949166598065373,499.23061645238647,0,normal
53.1,steady,123.9047673948116,754.9724599928898,0.21012936557451042,489.6430210861648,0,normal
53.2,steady,119.9522416646326,754.9145217700943,0.19819491986269294,491.0338710305877,0,normal
53.3,steady,121.63059438076858,750.2774891600151,0.196694034899476,483.6355847544927,0,normal
53.4,steady,121.81849314996882,751.6230055916595,0.18732732604285088,493.9271350630536,0,normal
53.5,steady,122.0552061708729,750.1299909809096,0.18879523246046076,494.4758561033023,0,normal
53.6,steady,121.44774311324356,746.4343430919779,0.19660079226662236,500.1640876665647,0,normal
53.7,steady,121.17134114162198,747.9907659364577,0.1970407103631387,490.0156764455637,0,normal
53.8,steady,122.05638557601105,748.3965156610358,0.17216158616919086,487.2069480491358,0,normal
53.9,steady,123.11092075995788,749.9131980416375,0.20644696699218829,494.36043355654317,0,normal
54.0,steady,122.70498267905568,749.0533799190371,0.19060973397562625,491.96786101926625,0,normal
54.1,steady,119.95679311625719,747.8450989720181,0.20114165754551291,498.11468599019764,0,normal
54.2,steady,123.41616260749562,747.9105648321007,0.20611184125795243,501.10128375501193,0,normal
54.3,steady,121.37749579529712,747.560710863773,0.19710420590578095,491.2256633628132,0,normal
54.4,steady,122.2432934777836,745.7185626912823,0.18423286709454564,476.08943925034447,0,normal
54.5,steady,121.6513297748279,754.9119848204239,0.1894994647260571,500.00073873673614,0,normal
54.6,steady,123.32762438457424,748.4009789771493,0.1907899219322556,494.6764985459838,0,normal
54.7,steady,122.82813532236852,748.5345978608929,0.2036337107264983,491.13411835945374,0,normal
54.8,steady,122.4168149971024,744.296605975387,0.19331988730673982,491.2466200686337,0,normal
54.9,steady,120.92947524419918,747.5035246386067,0.2056243851187329,501.256160323801,0,normal
55.0,steady,123.08766218071008,750.3545664102002,0.2034927064273414,492.7155680762399,0,normal
55.1,steady,121.76530033286816,750.4982053416306,0.20947185455924533,497.3889907139536,0,normal
55.2,steady,122.44728247268188,754.0969047870767,0.19709500828507717,488.0273948142945,0,normal
55.3,steady,122.90704579715334,746.8522112374891,0.1947126584887899,499.37371653730384,0,normal
55.4,steady,120.11022645802534,751.4171942436665,0.1860323745011063,493.60667515661606,0,normal
55.5,steady,121.73972009367792,747.5274580557558,0.20781709559619385,489.0828862159297,0,normal
55.6,steady,122.18460603122072,749.7924543666841,0.19197702712631468,489.22521058593503,0,normal
55.7,steady,122.402933442748,747.7528035517746,0.20191248378234225,487.22125512887646,0,normal
55.8,steady,122.58084285422949,746.9398833491306,0.20878214703933723,496.5519382978045,0,normal
55.9,steady,120.36978675411261,750.458469966402,0.19289025793962128,499.9598269006192,0,normal
56.0,steady,121.5293180616385,749.1542288261852,0.21528128029911747,495.8116373416332,0,normal
56.1,steady,120.51441569772409,750.6001490637707,0.18447100232564054,487.9899254269936,0,normal
56.2,steady,121.66446184251534,747.93497248633,0.20347343479904695,492.90497365417355,0,normal
56.3,steady,120.91521299761176,747.2400724526132,0.21227400654990802,492.65146563363174,0,normal
56.4,steady,122.13638511078881,750.1867506526982,0.19738879934849135,492.5954453722047,0,normal
56.5,steady,121.20345233056085,751.1296312282137,0.1903153434099836,479.8396298150187,0,normal
56.6,steady,121.40514237173659,748.282850695426,0.19764760970786951,486.58419708613076,0,normal
56.7,steady,122.43454196924607,752.9084909216745,0.21847296271928734,493.8348014824109,0,normal
56.8,steady,120.67051214816318,746.5945111991728,0.19048861800471262,493.90905628543237,0,normal
56.9,steady,122.82715201327291,752.37866707011,0.18817658430794076,495.78761063480727,0,normal
57.0,steady,119.7963476498949,745.3046748898378,0.21940864968005108,489.8916105609178,0,normal
57.1,steady,123.5234237704258,751.6687689636893,0.22074839388687686,494.4076195242615,0,normal
57.2,steady,121.34911920162259,754.3882363639385,0.21700651947752514,499.45205570577724,0,normal
57.3,steady,121.18844247963082,748.3594983128302,0.19152050447568128,491.0123159499054,0,normal
57.4,steady,121.89897972874222,753.5801552385368,0.20189441363756963,493.5970122855689,0,normal
57.5,steady,122.35471258314128,752.9042194611759,0.17109392391078,494.1576978899701,0,normal
57.6,steady,122.43995055619163,747.1087605300484,0.21717727843298332,494.04200057664536,0,normal
57.7,steady,122.24494902846187,747.450638255425,0.19725517393329858,493.89984457455483,0,normal
57.8,steady,124.62372802488568,746.9248608095172,0.19099838410626369,488.36709632949857,0,normal
57.9,steady,120.74402624386238,748.6248212612358,0.1927285028725692,497.93541797581844,0,normal
58.0,steady,120.63233796721954,752.0816987545039,0.19245844936794035,492.242458005098,0,normal
58.1,steady,122.9307053145341,750.2051442520641,0.20699586733479297,491.05806071634237,0,normal
58.2,steady,121.22041806964202,750.1072973722264,0.2076535200407712,497.17934982503414,0,normal
58.3,steady,121.50998137470744,748.8800550395667,0.198581997411097,497.95139952819994,0,normal
58.4,steady,122.09543922975483,746.2958303837202,0.21062931498260376,495.92947821317205,0,normal
58.5,steady,119.26711142790734,747.4829609114685,0.17632523421772858,495.4115984441462,0,normal
58.6,steady,124.28616723272687,750.3398342462218,0.20440601290873037,496.0414111572437,0,normal
58.7,steady,120.9116148677676,752.8813330826335,0.2130883149865782,496.5003157033275,0,normal
58.8,steady,122.37541268900975,747.5521023058553,0.19600714619638154,488.36132919956003,0,normal
58.9,steady,121.07681977942093,747.458288016967,0.21321484964734588,496.7946539629447,0,normal
59.0,steady,122.4902249043119,749.4916916448121,0.1946510745932544,480.34298294443846,0,normal
59.1,steady,122.19153002871823,748.6620772879894,0.21245933125898264,501.8710512461232,0,normal
59.2,steady,123.65186597219382,747.0612413973919,0.19531942570297814,491.84557871857476,0,normal
59.3,steady,123.12703221781108,750.7182596212621,0.19670701185743683,496.0793467412484,0,normal
59.4,steady,120.4480537102299,747.9418731520414,0.19054888469134368,485.2100743605768,0,normal
59.5,steady,121.44251957804109,752.8535115531262,0.20224653474614876,498.10645494611356,0,normal
59.6,steady,125.08118776836925,748.6911540036256,0.21537860110914106,487.25094820634484,0,normal
59.7,steady,119.06574690493775,749.8997475858243,0.1978754559307001,488.9077816730056,0,normal
59.8,steady,123.33733559187446,747.8559232214038,0.17858627414781905,494.10491714449654,0,normal
59.9,steady,122.56314368319485,749.1086032293055,0.20194411975629437,488.10720399533926,0,normal
60.0,steady,123.11405008245318,746.0662887737683,0.19311258219132102,490.58448354901384,0,normal
60.1,steady,122.19501810142147,751.4546763326766,0.20644076223462932,494.26567723589204,0,normal
60.2,steady,123.68900494810872,747.9228119346976,0.20953675258533128,495.49618478198215,0,normal
60.3,steady,121.58516704788944,744.1926675860224,0.2188344278339445,482.9500762690826,0,normal
60.4,steady,122.36126671339443,743.8021413684389,0.20010435242836108,492.5732029115771,0,normal
60.5,steady,123.28136178166346,747.7924823241697,0.2116183798202744,495.5173118249677,0,normal
60.6,steady,121.63670271355475,754.2804596524555,0.19083955121413232,491.4085716216835,0,normal
60.7,steady,121.60294057643031,747.9330480556922,0.19395886073163385,500.1954087307055,0,normal
60.8,steady,121.63124934946887,751.3350400216445,0.19451511987401995,487.0369502101065,0,normal
60.9,steady,121.26646608426171,750.0860890377438,0.20391419928447352,492.2332336654808,0,normal
61.0,steady,123.00981395572748,749.1209762074624,0.20490930196459217,489.20272481937815,0,normal
61.1,steady,121.9703817640533,746.7736037635885,0.19005469307868397,496.6481808971024,0,normal
61.2,steady,122.99320185514779,746.040921095918,0.21664921056497743,494.62639606470987,0,normal
61.3,steady,123.04492438974052,747.2477749308846,0.18727272866850608,493.05232603903175,0,normal
61.4,steady,120.49515595496476,748.2730870725783,0.21271271878804074,490.8875984159874,0,normal
61.5,steady,121.59128144860945,750.5908769780688,0.1885175963813268,489.33283340709056,0,normal
61.6,steady,121.25721660217926,749.2643937630131,0.19819440326448992,498.1994812483141,0,normal
61.7,steady,122.44701684457901,745.3461250405828,0.19984759413931605,495.9417303012287,0,normal
61.8,steady,122.30509257339385,747.5583362798696,0.18853444449760923,492.3628249038485,0,normal
61.9,steady,122.27029740075199,749.0520273814072,0.19019026989580812,488.0245402155427,0,normal
62.0,steady,121.09167156664542,749.2452281830709,0.19185043044405997,491.9697817177885,0,normal
62.1,steady,122.166021033309,747.5086753353346,0.22032230270489486,492.1950999833078,0,normal
62.2,steady,122.64093516209998,750.7103315387008,0.21016709149882887,499.9726182028032,0,normal
62.3,steady,121.21504332934401,747.451177890431,0.21235619517626297,496.0339383613086,0,normal
62.4,steady,122.28678760513061,750.2273234621109,0.19997310179914407,487.4523445506551,0,normal
62.5,steady,123.71419460049633,749.1176613020186,0.19175964078321747,499.6999109967088,0,normal
62.6,steady,120.94849418530528,751.3441635188539,0.2053249274948517,489.2361720095761,0,normal
62.7,steady,121.53444954583087,747.5467168907511,0.1948737649763428,495.7917822351159,0,normal
62.8,steady,121.2374184732279,750.8702934902544,0.1949980765061913,489.97096512114643,0,normal
62.9,steady,120.85080205769694,750.7299663445503,0.20110109555272784,491.5727369948558,0,normal
63.0,steady,121.9186333280416,751.5515904884714,0.182537365758453,495.05527956560826,0,normal
63.1,steady,122.37208713034502,748.1360032090091,0.17368153048243357,490.7172809709164,0,normal
63.2,steady,120.58765331603563,747.9388291909219,0.20902910216354129,499.26003508991624,0,normal
63.3,steady,120.18001188439828,752.9622595775935,0.20225580080917518,497.16415833549075,0,normal
63.4,steady,122.58018924514838,748.8041668026824,0.20606089001194516,487.054070614932,0,normal
63.5,steady,122.09396007074683,753.4080657801952,0.20847798174845056,498.71814318956024,0,normal
63.6,steady,120.35954695202808,743.6038486019569,0.21380169412740682,499.93297097154283,0,normal
63.7,steady,123.44306805945635,750.0979186217395,0.21938796155210014,489.1853523329455,0,normal
63.8,steady,123.53854592420086,746.0951722536308,0.19868872682336572,494.9129811776149,0,normal
63.9,steady,121.7969666849777,750.0728134296088,0.19832963256712688,499.39607237576365,0,normal
64.0,steady,120.61449639506372,743.2503454893562,0.2104477563390822,494.2122034644668,0,normal
64.1,steady,121.65032697426278,745.5633803516514,0.20783270968729087,495.9920109387894,0,normal
64.2,steady,121.31834909945808,751.0238317625575,0.21118450294454394,488.1550841657337,0,normal
64.3,steady,122.60359849025858,749.3969536036501,0.19490707683947053,483.6921229394443,0,normal
64.4,steady,120.49651778897714,748.1025452696952,0.1934335462940519,499.59306165375244,0,normal
64.5,steady,122.56049069925561,750.741532233266,0.21299784542555897,495.19337119943475,0,normal
64.6,steady,121.40690881306391,749.4107271784127,0.20351646533649081,501.40020624453206,0,normal
64.7,steady,122.46295676315523,745.9170329277636,0.21116879617558287,494.6952384875651,0,normal
64.8,steady,122.87803409629302,752.6006149141575,0.1872035072025094,498.2105354550326,0,normal
64.9,steady,121.1444027988607,750.2727510484762,0.18637945641118558,485.42497815297645,0,normal
65.0,steady,121.00633966788831,747.8319074260536,0.21539060702808177,494.23152708767776,0,normal
65.1,steady,121.67669679260055,751.4338637505691,0.1839892280912871,491.6752118009048,0,normal
65.2,steady,123.01747043054132,748.4346338882011,0.20356348147033115,494.09598439792785,0,normal
65.3,steady,121.18449180026307,749.0754658680643,0.2030841734276464,497.4638253090987,0,normal
65.4,steady,123.41643774884699,749.3884996029218,0.1975432525270086,498.94153867685407,0,normal
65.5,steady,122.15193928715435,750.0767902632116,0.2200790243025485,501.7739975748177,0,normal
65.6,steady,121.1714011533262,752.0240870241329,0.19222672091364648,492.92165860285274,0,normal
65.7,steady,122.60324938315816,748.6716791022511,0.2011846884732852,492.7007697730007,0,normal
65.8,steady,122.59400349140185,750.6132622448818,0.20902878494082616,493.7598009606937,0,normal
65.9,steady,121.8798815818347,748.9288205493222,0.1872174514950981,493.10076432494685,0,normal
66.0,steady,121.63908653764115,748.6780207893787,0.2070578075991361,499.55082386948357,0,normal
66.1,steady,120.64725713791779,748.4783576738446,0.202076091703624,493.7575469577345,0,normal
66.2,steady,122.31251589072552,752.5315182643677,0.22374461150396857,490.536282091757,0,normal
66.3,steady,120.92364454375428,746.7063668847176,0.18163179357001025,490.68854293047815,0,normal
66.4,steady,122.30546444188876,750.3812097522308,0.19424699497577655,505.1599298660371,0,normal
66.5,steady,121.50680161538665,752.8134321022626,0.18856089138173762,493.6338707815231,0,normal
66.6,steady,121.70723265427043,749.3250487985366,0.20584002472336943,487.1569801719357,0,normal
66.7,steady,120.9589471395106,750.0152032736573,0.19729999194128153,490.5016676723787,0,normal
66.8,steady,122.37480111983717,748.8118271180355,0.20180425061704457,496.2599928947119,0,normal
66.9,steady,120.85103930283285,752.86128508024,0.19827243163431446,482.0324148900127,0,normal
67.0,steady,122.65301826910814,747.9749250534419,0.2015074258257676,501.45719658809503,0,normal
67.1,steady,123.28429423375636,747.9435085633497,0.21533629012450667,495.797074833528,0,normal
67.2,steady,120.61332922683353,748.6770735692627,0.19911682442095538,495.3271948405608,0,normal
67.3,steady,121.70468402369546,745.1321179875767,0.20549980977130955,492.88705150515443,0,normal
67.4,steady,123.8671985446651,747.1909322632545,0.193896144196031,494.3197659794774,0,normal
67.5,steady,121.8815386356892,751.301937265078,0.203017369500279,492.890120240982,0,normal
67.6,steady,120.79916228964474,749.8083570638237,0.21015760935971717,490.75584320989594,0,normal
67.7,steady,124.18090724832213,744.841128617425,0.18216863259386637,494.05268464431873,0,normal
67.8,steady,122.45090326900343,749.7115147084982,0.18694306931915605,492.67637473167866,0,normal
67.9,steady,120.76566617278354,751.9407334005701,0.20601850252131676,492.17272818938477,0,normal
68.0,steady,122.30286023519248,749.1148234508936,0.21664345427077913,489.95609631784674,0,normal
68.1,steady,120.5290892346721,748.7408548464422,0.19178481805656547,500.4097513087139,0,normal
68.2,steady,120.56250499635216,748.6400749684911,0.20636348896792994,493.34981109759974,0,normal
68.3,steady,123.39322412507073,749.9379088447685,0.1903645396776295,488.05178766111993,0,normal
68.4,steady,122.3456161509814,750.6895635936253,0.21024585924319847,491.5471911486572,0,normal
68.5,steady,122.12349570944077,749.3475280281568,0.20009401494162982,498.0221435966539,0,normal
68.6,steady,122.20076794429684,750.1332001787022,0.19768032197371999,488.2971756952208,0,normal
68.7,steady,120.42307232346323,751.1859547942623,0.20805031686593134,486.13180186833057,0,normal
68.8,steady,122.20397373919842,749.6441368800652,0.21026393011219305,500.66004444039663,0,normal
68.9,steady,121.98519985588293,760.5984974984619,0.2076791475856131,496.05265558135386,0,normal
69.0,steady,122.50081828698868,746.1312422457107,0.19082463720511295,487.76182886830975,0,normal
69.1,steady,121.31252047270435,745.8897118670194,0.20182278717990212,499.1213671452095,0,normal
69.2,steady,121.37351111344661,743.1564228267468,0.21476389000517832,495.89608862792034,0,normal
69.3,steady,121.54755320488657,747.9516924221206,0.21143433907706063,488.3578092669125,0,normal
69.4,steady,120.9767704036795,745.505922214547,0.2049664465769743,494.91073991268246,0,normal
69.5,steady,121.38326732816923,751.77406531329,0.20828056906948988,499.1388358190138,0,normal
69.6,steady,120.5893323862845,748.0179710201647,0.19784023935563308,494.03648100194624,0,normal
69.7,steady,122.78814579126858,751.5263480959634,0.18329742066646143,486.09233420813706,0,normal
69.8,steady,121.94807922706674,751.7963967438651,0.19530804423890483,497.3566596494789,0,normal
69.9,steady,120.9856949732093,746.8344413048582,0.19033321720509905,495.62314257106567,0,normal
70.0,steady,122.42267074828632,744.8148261544852,0.20553142822451584,491.726608609344,0,normal
70.1,steady,121.34074828218903,749.5452663651913,0.19822550374881548,493.9821541287448,0,normal
70.2,steady,120.02897084563469,750.6876904934009,0.19323320935960062,490.60564779243737,0,normal
70.3,steady,121.02001461292579,749.8836033837232,0.19993954810702377,499.229653663354,0,normal
70.4,steady,122.24197627821206,749.7750476031637,0.20893734682366535,492.2757169091706,0,normal
70.5,steady,122.65834454085683,755.7439927427207,0.20525630591972782,490.9783089192798,0,normal
70.6,steady,120.10073124041149,749.3875360138627,0.19439790871413032,496.3386211720889,0,normal
70.7,steady,121.75671512555678,748.6786288755912,0.18989610235634213,502.5412925832841,0,normal
70.8,steady,121.53872144215708,752.4028571077896,0.21254023288451981,498.7087441599027,0,normal
70.9,steady,120.17708851904266,751.2838425113143,0.1914151464961514,493.223806728385,0,normal
71.0,steady,119.11612688106084,749.3871511590652,0.1964306018418248,486.93773732631,0,normal
71.1,steady,122.49024511469615,748.987703944489,0.1923157984380892,492.04634041734545,0,normal
71.2,steady,122.12211426815026,744.3985065736911,0.2109691764454985,502.5060806245646,0,normal
71.3,steady,122.81868297658609,745.9254949160373,0.20003005049889588,494.1095028245581,0,normal
71.4,steady,120.3610498710037,752.0853787193232,0.21605991572646155,490.02517911587114,0,normal
71.5,steady,120.46240624316206,750.2374934027662,0.20346182545595076,495.39369158787804,0,normal
71.6,steady,120.73516238398477,745.5009377060443,0.19305466035629526,489.58101687269885,0,normal
71.7,steady,121.02889983219829,749.354836792336,0.19126972063943007,495.81536790845706,0,normal
71.8,steady,121.0894145860446,750.0128108240044,0.19872054411347073,485.8617057783029,0,normal
71.9,steady,121.15959710470237,749.8746580272921,0.18110733695036238,493.5618482105307,0,normal
72.0,steady,120.82845665891381,749.2524562004139,0.20483179634811186,491.913258659203,0,normal
72.1,steady,121.8076127155544,750.1217316199102,0.21375444902541735,491.75392181433784,0,normal
72.2,steady,120.99774196818551,748.4174760674612,0.1836376753132847,489.43078158849494,0,normal
72.3,steady,121.322738771957,745.2778969790118,0.19265618937450155,486.59586853458484,0,normal
72.4,steady,122.40580343902879,745.8977821192027,0.18568911334588625,498.3397344997802,0,normal
72.5,steady,120.63656342906795,747.0350523750938,0.19868240604660822,488.5315480361036,0,normal
72.6,steady,120.50962436620027,751.7892092804086,0.20176363009470832,496.0651619960325,0,normal
72.7,steady,122.16823500802657,749.6693659431635,0.20750078516947273,491.64844580805925,0,normal
72.8,steady,123.48283052604403,751.0186689831781,0.20375189740300947,494.3221274492661,0,normal
72.9,steady,120.49472702727182,747.6791529854319,0.206259912016341,499.3536117776853,0,normal
73.0,steady,121.42053245779537,750.6621526628136,0.20020824251433567,496.87937306985077,0,normal
73.1,steady,120.46253812267378,748.1954093880622,0.21554622568276868,487.7343486416382,0,normal
73.2,steady,123.93678347087082,754.218481988268,0.20135503675355962,495.8464630220947,0,normal
73.3,steady,120.86062048468634,747.8444201456941,0.1966623812511556,495.66827621753083,0,normal
73.4,steady,121.98073968987012,749.8842081958768,0.20478395882036596,489.60913492703554,0,normal
73.5,steady,120.26198068432828,747.3243944134279,0.2001966902894706,503.65171829473775,0,normal
73.6,steady,121.81542362114568,747.8187376647909,0.19251998763606704,494.0105877427607,0,normal
73.7,steady,122.71058469843054,747.1490126463726,0.20175283123190352,486.5875495210601,0,normal
73.8,steady,121.09355497432546,754.1611246154189,0.1830582167736447,496.9179149337428,0,normal
73.9,steady,121.03224244874843,749.4631084246987,0.19290706463036694,493.0456574579259,0,normal
74.0,steady,121.68191338751005,744.6520710148516,0.1979877507768228,487.1601705932249,0,normal
74.1,steady,123.3449640895661,749.7664826983302,0.21716033305706017,477.262520545444,0,normal
74.2,steady,122.58784182713373,752.1673728966806,0.22055187940820997,494.73762450045933,0,normal
74.3,steady,122.9115194195507,747.4282300300059,0.21861562698797085,493.9773167734168,0,normal
74.4,steady,120.5249978263735,747.6733408414392,0.2110303560501232,494.61512739375775,0,normal
74.5,steady,119.6018481549641,747.946973179781,0.19329693176648297,497.9840761545691,0,normal
74.6,steady,122.75220379459876,750.8283431290996,0.19208933566365935,505.2355164435158,0,normal
74.7,steady,121.60831178553637,752.1959711268736,0.206558877107237,480.5084434529312,0,normal
74.8,steady,121.39744109550658,746.6082630373579,0.19544002985490724,492.65903966365136,0,normal
74.9,steady,121.39422804923778,747.528801420462,0.21501158571723772,495.70752831499374,0,normal
75.0,steady,122.81863171959029,745.2624339892543,0.19638045873944374,490.7577552292291,0,normal
75.1,steady,123.45867994278275,748.036171726693,0.19779550860484196,484.08609339631016,0,normal
75.2,steady,121.24597887324421,750.7361332198876,0.20729873667014795,496.91907707118907,0,normal
75.3,steady,122.50855793004713,749.0364132579745,0.20736822188756035,486.95007597313395,0,normal
75.4,steady,123.34887684155767,748.6462686861881,0.20611248567480725,488.32711309187397,0,normal
75.5,steady,120.90325939275625,750.1733900190385,0.1824953265886346,497.5079621413466,0,normal
75.6,steady,121.10159358126316,747.211224987996,0.2046742205592056,488.73620753560937,0,normal
75.7,steady,119.79549868360947,746.451817797129,0.20766435663319213,490.3926031578184,0,normal
75.8,steady,122.40585903657465,749.7344217701138,0.20819547273404004,493.4225038208401,0,normal
75.9,steady,121.25336201186794,750.3257397056747,0.20473722162927582,489.1341505625664,0,normal
76.0,steady,123.81562914828034,750.5622214641731,0.18595009842940713,494.47659923502533,0,normal
76.1,steady,120.75928069403285,747.2573278986732,0.20651683643553095,490.4574724319342,0,normal
76.2,steady,123.0624381714929,744.2581793768763,0.2026196083732719,496.2559719860641,0,normal
76.3,steady,122.5939932835146,751.4127751536697,0.192696129373148,491.4804154258344,0,normal
76.4,steady,121.76498552724831,747.5589566901726,0.19960006638339708,488.41255879578125,0,normal
76.5,steady,121.88271214842425,750.726200776079,0.21326305388152766,493.11461017537886,0,normal
76.6,steady,121.4462144915802,747.5380028245144,0.18697763304800477,495.27816446890847,0,normal
76.7,steady,122.16874008670254,748.6001585781866,0.203815227555127,499.34071727822806,0,normal
76.8,steady,120.66895533125889,748.1166017992406,0.2041838820544141,490.9687616156824,0,normal
76.9,steady,121.14912427842022,746.0649287044038,0.20393930530475327,494.12138955366515,0,normal
77.0,steady,123.5217422403671,749.4886280128795,0.21752192058733688,483.0810024102247,0,normal
77.1,steady,122.29868136146753,744.807252420748,0.18926590852451544,493.9855788172618,0,normal
77.2,steady,121.7389688520152,753.7277334143811,0.19528869668371737,491.9455790298186,0,normal
77.3,steady,122.19572686915922,751.9667428981614,0.19685327897242721,494.12447908870837,0,normal
77.4,steady,124.0227376650203,747.4517808597968,0.195012000407257,498.0338234610478,0,normal
77.5,steady,122.60100808099287,752.8120446315751,0.19653986725291475,496.0644479902878,0,normal
77.6,steady,121.87629170270604,746.3455192284113,0.1965925580443938,499.5318916021904,0,normal
77.7,steady,122.86725992054643,748.8212615559391,0.19581229165419456,488.542009021447,0,normal
77.8,steady,121.81741612576828,747.4018682086909,0.1870081077844725,503.9896952566928,0,normal
77.9,steady,123.49972031909545,750.0633472500149,0.2184475005533435,488.9989898690531,0,normal
78.0,steady,122.42596549890114,747.9814467971593,0.20244794025518265,497.0404693577629,0,normal
78.1,steady,122.4000304238538,752.1915221260181,0.21142918516720058,501.52125440760193,0,normal
78.2,steady,121.54028415041046,747.2636666815753,0.21900121623552027,490.8935870156866,0,normal
78.3,steady,121.29281722844841,747.9920822858388,0.19933429868535016,496.3288952157903,0,normal
78.4,steady,121.1419989151791,748.8426357457325,0.18811385185421148,492.8290281638356,0,normal
78.5,steady,121.97258585516569,748.8252925877358,0.21326516190217049,488.0302661840111,0,normal
78.6,steady,121.5128435358987,750.0716524026421,0.21362444122704588,503.5856489551724,0,normal
78.7,steady,121.76839581796591,750.7791678561382,0.19543963700799014,490.7612951878587,0,normal
78.8,steady,122.08604999106501,751.146552262952,0.2036934821102536,490.3951314346374,0,normal
78.9,steady,121.06867760038094,749.876997748463,0.18735946415914184,491.0237815058478,0,normal
79.0,steady,121.51844133578737,750.044432718992,0.20445542342948392,484.83925513224426,0,normal
79.1,steady,122.11722450744023,749.8506642296226,0.1983953981009714,486.0912121312881,0,normal
79.2,steady,120.46013617703896,749.4539724428881,0.1929617320125752,502.00293068995757,0,normal
79.3,steady,123.08349733057646,752.5102618632611,0.19793493979950505,492.9569854376902,0,normal
79.4,steady,120.85892111573003,748.3361641324902,0.19662417133516522,499.48266861539014,0,normal
79.5,steady,122.17198083593101,746.6128477595045,0.19919846024828888,488.28905230618636,0,normal
79.6,steady,122.61215829049223,748.0864728395924,0.1808886720880887,494.88919731641664,0,normal
79.7,steady,122.16660838846653,754.0635129593866,0.19364362015088482,497.66006946058184,0,normal
79.8,steady,121.06858074338227,749.1632050464231,0.19923212219174785,496.09687481377154,0,normal
79.9,steady,120.82795261066917,750.2763460768418,0.2052877266425354,495.5626249165606,0,normal
80.0,steady,122.19946677138172,750.9493332330545,0.20190484126830452,495.1753706355916,0,normal
80.1,steady,120.60518098121872,749.173274033155,0.2093666510916327,494.0880215539003,0,normal
80.2,steady,123.4361543187662,747.6897974631403,0.20113554517688761,489.2111049099831,0,normal
80.3,steady,122.11412889119032,749.6002816866164,0.20032019664902298,487.937833041487,0,normal
80.4,steady,121.67781972263299,750.9588634561247,0.19520325652006174,488.4052354485371,0,normal
80.5,steady,119.08143306547665,748.5074174651126,0.193664752403459,492.137962342511,0,normal
80.6,steady,120.89596849168427,747.3718598022808,0.19350515415111544,500.0496663305387,0,normal
80.7,steady,123.55457945080327,750.0469323078066,0.22405343955332507,481.42727434677585,0,normal
80.8,steady,122.64072470087973,750.254224916275,0.20598769469994443,495.594330915057,0,normal
80.9,steady,122.50254734861653,751.279337111397,0.20093557761979913,490.0752611322124,0,normal
81.0,steady,122.40953043789534,752.6541151981727,0.22454096372249713,503.95918107903947,0,normal
81.1,steady,120.96907369806868,748.4399602950833,0.1909814245800539,493.7837514338059,0,normal
81.2,steady,121.9857736719692,749.4680523885655,0.18492257913567053,495.3931909738094,0,normal
81.3,steady,120.84467011051186,754.0329717125352,0.19469471605197622,494.461363407335,0,normal
81.4,steady,121.83580869335235,754.571136875248,0.1769688383824639,484.13324992240587,0,normal
81.5,steady,121.48029714195204,747.5498318310156,0.18406572344338462,496.6199005577133,0,normal
81.6,steady,122.41848780359517,751.9569458469442,0.1942572798878013,496.0364602166582,0,normal
81.7,steady,121.74238987847005,746.1807850321037,0.18592051753938582,495.4391726943422,0,normal
81.8,steady,120.03190192526846,748.1338106297223,0.20951142405680803,491.43510350277256,0,normal
81.9,steady,122.32770810348772,753.3452718883153,0.20634936219811523,493.93943366952567,0,normal
82.0,steady,123.13202180171588,749.6484597474001,0.1827017716300622,493.7534570172657,0,normal
82.1,steady,121.94614389425301,748.7426772161199,0.19667020053424727,495.64700369088223,0,normal
82.2,steady,122.62277007047254,749.050169111842,0.20166600375384738,489.5915137744054,0,normal
82.3,steady,123.73259357717882,745.4469684584888,0.2053220383579391,499.07168988587404,0,normal
82.4,steady,122.62265328703289,750.0849040350693,0.20428760903454168,493.09472387102363,0,normal
82.5,steady,123.4914867472637,751.2658219036086,0.21149937545554487,504.7525838645086,0,normal
82.6,steady,122.96822573287562,741.5721875222137,0.19962068224759455,494.1032836286253,0,normal
82.7,steady,123.41809240074188,748.2192295655626,0.18730846075322943,494.76772654017367,0,normal
82.8,steady,121.11197032014154,750.6527334466878,0.1906993930680548,495.6098352343597,0,normal
82.9,steady,121.79971380569752,743.8443389318679,0.19674820445095142,486.51477929992546,0,normal
83.0,steady,122.0880366458806,748.9435343775375,0.20950968452377797,492.880299647397,0,normal
83.1,steady,121.95287545070708,749.7389985230388,0.18573761981567033,498.1123793278498,0,normal
83.2,steady,122.28086840025865,751.3498863682141,0.20384216444118677,493.55910166973126,0,normal
83.3,steady,122.54615571616188,747.0735347996028,0.20747609475830883,495.5624765115202,0,normal
83.4,steady,122.82710886103507,750.5313790411846,0.21295958763374373,495.4001222633894,0,normal
83.5,steady,121.5631462270114,747.8119617552526,0.19611909596307603,491.08546996659,0,normal
83.6,steady,121.75861902743095,749.8234969849861,0.19309566385217622,493.67767375910506,0,normal
83.7,steady,119.79349095990794,752.4916548725766,0.2033511368518827,501.5775550997046,0,normal
83.8,steady,123.17853190967413,748.5075451187141,0.2107263067211292,491.11386983767795,0,normal
83.9,steady,120.97336459451836,748.5460527641034,0.21563782487039648,495.3307792471924,0,normal
84.0,steady,121.58218644868015,748.0769860440848,0.20011156959957124,496.0760239563374,0,normal
84.1,steady,123.3230599396842,747.7852804046594,0.19486382710751654,492.48171496743737,0,normal
84.2,steady,123.14083072047495,747.5127701191869,0.19268942992831187,500.4974176519803,0,normal
84.3,steady,123.14434236837859,746.4915837604875,0.18894859851236046,500.1621773321508,0,normal
84.4,steady,120.84560135017644,751.4400716698707,0.20903149156057246,496.52691271854246,0,normal
84.5,steady,122.04315619406994,747.0642084404584,0.20071785242289633,497.04273574375054,0,normal
84.6,steady,122.05919461153735,748.1855895309069,0.20370961582224487,497.6924438216949,0,normal
84.7,steady,123.68078127687029,747.5226601394731,0.1830282593722824,492.0922752501491,0,normal
84.8,steady,120.31682901860745,746.6086764683257,0.20380153666155995,493.5733279594176,0,normal
84.9,steady,122.97051113995701,747.3346547121095,0.2090510850895727,485.00633129727277,0,normal
85.0,steady,122.90088744808044,750.8019720982498,0.20423565680078248,495.76076998727615,0,normal
85.1,steady,124.109296334042,746.4617464912179,0.20124325099192106,491.3457889299424,0,normal
85.2,steady,122.69548795790016,748.345596458863,0.18982465759040976,493.5959645076113,0,normal
85.3,steady,120.9454456876599,745.149762205683,0.1856702266799806,487.5317044079025,0,normal
85.4,steady,121.78997208879188,746.9819541566939,0.20017741253419713,501.454121056791,0,normal
85.5,steady,122.73585271222551,749.4374997860918,0.19439606611196036,498.2399182936915,0,normal
85.6,steady,122.15676948302368,748.5172064656472,0.21173226342495005,491.12199270958524,0,normal
85.7,steady,122.55905748554169,752.9193790672948,0.1830090396309879,482.5870938248945,0,normal
85.8,steady,119.59645387973221,748.640852273762,0.20603265750945274,487.3736802300848,0,normal
85.9,steady,121.2778735002264,746.4533183116677,0.18468847351612733,493.77567685157067,0,normal
86.0,steady,121.32348788069761,750.1202887580494,0.19559929181831273,497.1192773280743,0,normal
86.1,steady,119.94023428077303,750.6986304280797,0.2027036639288014,491.5233448076879,0,normal
86.2,steady,122.62113279239064,750.0023844634175,0.2091009576477769,488.7380454147053,0,normal
86.3,steady,122.56126835665846,749.1403939227444,0.19752262665149725,493.2169940374925,0,normal
86.4,steady,121.91364176506944,750.7795278264375,0.18897997402350086,492.53056478403505,0,normal
86.5,steady,119.7606620135363,750.7187325792394,0.19718760078566927,492.7273063927024,0,normal
86.6,steady,121.30751051038382,745.7373819990605,0.20743102111304093,498.1383228758003,0,normal
86.7,steady,120.57200605640868,749.4974295157425,0.20237706855005125,490.29709710573974,0,normal
86.8,steady,122.65430358101432,754.4694113188028,0.20571254671403666,497.56898746738653,0,normal
86.9,steady,122.10044302170732,747.7331646254064,0.2186716065314917,494.9176341188254,0,normal
87.0,steady,122.75172062192316,743.4133996224524,0.17955838800892732,495.8610894003329,0,normal
87.1,steady,122.43056516556528,747.6195120499649,0.18739304832772308,494.3089041441535,0,normal
87.2,steady,122.67372257575398,750.5497070439637,0.20948928773414985,490.18449005923003,0,normal
87.3,steady,122.02146492386646,750.0957538545176,0.19578299592327106,495.6695137806295,0,normal
87.4,steady,120.4843032880158,752.0416102086159,0.19602352339728163,492.76110175615514,0,normal
87.5,steady,122.39183601143453,751.3430222236021,0.20301693466062182,480.00956968606846,0,normal
87.6,steady,121.89111846756207,750.328055522187,0.19884743285868614,491.2884916970858,0,normal
87.7,steady,122.71519522893873,753.071480975843,0.2064131341306854,492.4552659471938,0,normal
87.8,steady,122.19667287214865,745.939354122429,0.2315176281747785,488.68280691643605,0,normal
87.9,steady,122.81447381845086,748.2802019194792,0.19370013706942812,499.0213442166505,0,normal
88.0,steady,122.15082601277032,745.1631817095958,0.21891179467959096,495.75221508029557,0,normal
88.1,steady,121.61181452537012,746.2545600582764,0.1901673811786608,489.9354147479403,0,normal
88.2,steady,121.86612829517435,747.6188551615826,0.21678382910712482,489.69382085455914,0,normal
88.3,steady,122.5434220354376,749.3301228362114,0.20067914714324467,493.0277824816624,0,normal
88.4,steady,122.29533867332226,749.615084870463,0.19765564898536678,491.4902771891821,0,normal
88.5,steady,121.86150409241257,751.3481143288061,0.17814893580692998,496.83095210692244,0,normal
88.6,steady,121.41691383066016,753.7619323532689,0.19445098445330328,491.9122944383097,0,normal
88.7,steady,123.42515478691827,751.1211267075502,0.1900100962276543,498.03589252917317,0,normal
88.8,steady,123.88397971727193,752.9917129728044,0.19604069068377622,486.4208411241733,0,normal
88.9,steady,121.30043856730488,753.427961220238,0.2151660654746042,487.7534082482955,0,normal
89.0,steady,120.75129088084668,750.2607726844205,0.19094868289054734,498.9642435136472,0,normal
89.1,steady,122.60454221850492,748.5365082192682,0.19358599142716804,489.31302861027785,0,normal
89.2,steady,121.52391196157036,751.9503751587918,0.2062290362026259,492.7761952197882,0,normal
89.3,steady,121.7966544710892,745.5823393327319,0.19065149152396252,495.37674271773193,0,normal
89.4,steady,121.7036256637211,752.3487457945565,0.21016605149669024,498.74305122922965,0,normal
89.5,steady,122.44457304354881,748.3154641230041,0.17703858778605003,498.3798220344702,0,normal
89.6,steady,122.23406702673508,751.837862191592,0.1999738344183659,493.0706622944846,0,normal
89.7,steady,121.92919229272329,751.3000979162472,0.19029349444775617,494.1416691007446,0,normal
89.8,steady,122.92204014582784,749.5272861896137,0.20995570192395493,485.3292682853359,0,normal
89.9,steady,120.54067580534733,749.5826512046162,0.2029572790767035,490.38921848570516,0,normal
90.0,steady,121.2777669056678,750.3799995468387,0.19790924809004962,487.51995995016875,0,normal
90.1,steady,120.6150818131026,753.4148604701752,0.1799143855596682,489.17094445485094,0,normal
90.2,steady,122.31831822009083,742.8332673843286,0.19129063546282257,492.9777410166422,0,normal
90.3,steady,121.57729757284007,750.1466313103582,0.21132098470653546,491.732747697715,0,normal
90.4,steady,122.04244036351385,746.0574711020065,0.18759176478469872,503.83925534791496,0,normal
90.5,steady,122.32913909395309,751.2532241849971,0.19060421503307318,488.6913789714284,0,normal
90.6,steady,121.03238702356184,751.5406943105619,0.20476931655125372,491.4092620873482,0,normal
90.7,steady,122.13682910617258,740.7475600333614,0.2046419830323886,484.60324661930457,0,normal
90.8,steady,122.9185899629588,747.7600401128024,0.2135541342348082,499.9590437384598,0,normal
90.9,steady,122.69612967659891,746.7554129982834,0.2064076425381468,496.2455444192396,0,normal
91.0,steady,119.89562438422453,748.4602965573351,0.19478776131379308,488.88457093828424,0,normal
91.1,steady,122.40630982115188,756.0602870904397,0.2159689637277787,485.86007366715563,0,normal
91.2,steady,124.7198764654978,748.1988374871762,0.2067477302929515,495.4205694372688,0,normal
91.3,steady,121.75227967485867,747.5125354342225,0.19107548196785618,486.3892325560084,0,normal
91.4,steady,120.74552442975819,755.1074320015852,0.21099453591435857,495.8825609611176,0,normal
91.5,steady,121.79318200795427,746.6720677832402,0.20327179299734185,491.2275669091813,0,normal
91.6,steady,120.90418239029896,745.2227309213013,0.21109221178357956,493.28182527322497,0,normal
91.7,steady,119.09718804315146,747.5973416956836,0.1871907225114438,490.42858908904947,0,normal
91.8,steady,120.61811087198889,743.988041874361,0.2060210023361453,494.62410288672436,0,normal
91.9,steady,122.33577242820265,751.1369573449531,0.19175316775089296,493.59057979640477,0,normal
92.0,steady,122.21973597808622,748.5482170044539,0.20429444315501621,490.906549129674,0,normal
92.1,steady,121.13303177967535,749.4302056906807,0.21329737559797748,493.7220625699949,0,normal
92.2,steady,124.67854834945194,754.5960519295082,0.1992211465591198,500.14253160443184,0,normal
92.3,steady,121.89720264683164,747.7903149091743,0.20140448983682668,487.3168183273414,0,normal
92.4,steady,121.33677559340657,747.3641265469355,0.20083427963435416,490.69684521758427,0,normal
92.5,steady,122.3822641502239,749.7337676908581,0.1899902894803611,495.99199801040805,0,normal
92.6,steady,122.43686137925648,748.2669005273393,0.2110645479581893,479.89393092916697,0,normal
92.7,steady,125.2086653856263,749.6506895314492,0.21387729851532067,491.7456825923647,0,normal
92.8,steady,122.95408908673497,749.1271736151128,0.20883931253366242,496.68247149159856,0,normal
92.9,steady,122.57777573690076,747.5942694988687,0.2124107953113094,493.1668326178604,0,normal
93.0,steady,121.54602277255606,748.3482057950758,0.19977516917782295,488.1381348517487,0,normal
93.1,steady,121.77159789768966,752.6519820828801,0.1877755382094604,489.0113215433907,0,normal
93.2,steady,120.80422895484804,751.2065191430169,0.20856423346192052,489.0183997237246,0,normal
93.3,steady,119.85302972037229,745.5844896066907,0.20823294345882878,499.67635148733586,0,normal
93.4,steady,121.5587919910096,751.2968534905385,0.19986497436090864,491.8978624625067,0,normal
93.5,steady,121.37781769839803,745.7690590339823,0.19579171481328414,497.2575621235462,0,normal
93.6,steady,121.58874979696083,753.0573823143735,0.21159572863798268,486.4392370230923,0,normal
93.7,steady,121.14301806405598,753.6018017514818,0.18063654686896477,489.14138491222536,0,normal
93.8,steady,121.51028084679292,748.2124955206157,0.20727887266134143,495.49301192757065,0,normal
93.9,steady,122.2961815436497,744.2446817579003,0.20522716410713376,485.1795587363349,0,normal
94.0,steady,122.05112687496084,745.5178395697104,0.19570466268488246,485.0021095135675,0,normal
94.1,steady,121.84114203084219,753.0038141724274,0.20834300386945576,502.21884645904464,0,normal
94.2,steady,120.8916066331848,746.8806102178129,0.2003331417390962,500.62942135288415,0,normal
94.3,steady,122.600274169069,746.9929808135233,0.197548031334464,496.9027263056445,0,normal
94.4,steady,123.29794613383287,747.8203605199772,0.20183212664917094,490.22952892417374,0,normal
94.5,steady,123.07190036349053,749.9276960829641,0.19517546925987886,483.60263734520186,0,normal
94.6,steady,123.35497169931615,748.2845156348802,0.20016551993832957,493.16540966870434,0,normal
94.7,steady,122.88772531858288,751.6814087778197,0.1958109577122649,485.0489901699802,0,normal
94.8,steady,122.27510768799344,745.730513142561,0.1920783744596779,499.1402072921356,0,normal
94.9,steady,120.69945564802771,745.8369675294643,0.20591397761548985,485.97017485763894,0,normal
95.0,steady,122.52501346934545,745.5079431570213,0.19908276178195483,492.29480547754906,0,normal
95.1,steady,121.3581445441287,749.1951293815083,0.2175475775407569,495.08150962402186,0,normal
95.2,steady,120.26059445546599,747.6845717982515,0.18741625332485257,489.996530880698,0,normal
95.3,steady,122.55790363174019,754.6516348145525,0.2004288086309452,488.66899836385727,0,normal
95.4,steady,120.36926487540684,749.1584164147272,0.18532868042883854,486.02793428181343,0,normal
95.5,steady,122.06450643385939,751.6684820361177,0.2036755156879869,495.0073265354589,0,normal
95.6,steady,120.08148775741765,751.3690186384764,0.21265098571113875,500.5007654503855,0,normal
95.7,steady,120.10312766122915,746.0191589979448,0.2118143649448431,489.3123353604502,0,normal
95.8,steady,122.09613429188897,745.1120871631915,0.20238816164999757,487.6993296358001,0,normal
95.9,steady,122.08907115334486,748.2650548418551,0.17705074775143453,492.7919927072713,0,normal
96.0,steady,120.84212635385727,752.2517572646523,0.18588047783207803,490.6172969912564,0,normal
96.1,steady,122.89842304696664,745.1530232584271,0.19864582401509798,490.3065678980855,0,normal
96.2,steady,123.27007682212168,746.6813313539935,0.1993873996531502,491.0773078796745,0,normal
96.3,steady,121.44012975215006,749.1720235724582,0.20736932264927221,493.28100777137723,0,normal
96.4,steady,121.15871067634338,746.1468205432084,0.19302826906154374,500.5633859883342,0,normal
96.5,steady,121.40109012426483,750.2643322629416,0.19587950050255157,494.40578571108847,0,normal
96.6,steady,121.9882569753902,752.6033141840066,0.19417901642489044,487.62460770100677,0,normal
96.7,steady,122.22275457345576,746.5585517719767,0.19534374823096298,497.9349081088522,0,normal
96.8,steady,122.25818346461503,749.8067055263151,0.19854382194940806,500.6331259624687,0,normal
96.9,steady,120.87709308325118,748.8444150118331,0.1932374004239939,492.6386501865577,0,normal
97.0,steady,121.26720642719187,751.0326649603255,0.20399615336141225,495.6389157785873,0,normal
97.1,steady,121.50986758508739,748.6740954760652,0.19382449947807517,487.5306335133089,0,normal
97.2,steady,121.97428516296608,742.0805541603746,0.20915764773456602,491.8792781141996,0,normal
97.3,steady,122.44927961720839,747.9947732530733,0.19711257242519403,497.60776116218585,0,normal
97.4,steady,122.73440776866528,753.8989991728897,0.2004843004706142,499.0676267262282,0,normal
97.5,steady,122.28690527140024,746.9666074532228,0.19804291835917132,482.18381668480896,0,normal
97.6,steady,121.9511559345098,749.2591926203426,0.21063345427088423,484.0086062033788,0,normal
97.7,steady,122.20931183024031,753.3159276999453,0.2063011201416737,495.6740859365286,0,normal
97.8,steady,122.60798783488751,749.2631250795272,0.19885550569099775,503.91151545459593,0,normal
97.9,steady,122.48068276537187,749.2287250324567,0.19727645353722334,488.5061254042089,0,normal
98.0,steady,122.60686079507082,747.2213370108984,0.19655047296130415,485.94308481204115,0,normal
98.1,steady,122.46060893665829,751.6594745877571,0.2097158801499766,501.9204973568761,0,normal
98.2,steady,122.11769378250762,752.5748252717674,0.19113669649128348,490.74659273096313,0,normal
98.3,steady,120.7749642691372,750.7987539905845,0.20072050458489668,489.93038407855124,0,normal
98.4,steady,122.1735532144291,750.0250047445985,0.20390433357486787,502.0622983574226,0,normal
98.5,steady,122.38578460803255,744.943864074054,0.19391851842577507,500.8228696812909,0,normal
98.6,steady,122.13934258503889,749.3131237533635,0.18945965658703026,487.7019327617276,0,normal
98.7,steady,122.27682862750093,746.6084322151501,0.19552151539338244,501.7393492833352,0,normal
98.8,steady,121.1248985798476,750.7124578327393,0.22117129573116573,491.2675109426462,0,normal
98.9,steady,123.25485799770759,750.7316825785923,0.1911287242237345,495.4376789576865,0,normal
99.0,steady,121.841944566563,748.7643397077971,0.1848627860888288,491.029838875842,0,normal
99.1,steady,121.32957271006576,745.5694470366835,0.18742631655730166,495.6097827057705,0,normal
99.2,steady,120.6833772494874,750.4295028909639,0.20408578728182789,490.2676840876767,0,normal
99.3,steady,121.30458675414332,749.048833244955,0.18817789612297633,498.55825807212057,0,normal
99.4,steady,122.33049016825436,750.2298786654351,0.18984038642448695,491.5457389090848,0,normal
99.5,steady,123.20487251318066,750.6808844848186,0.1950063342900146,488.976036326358,0,normal
99.6,steady,122.7159244091578,746.4577215458486,0.2039658322292963,495.26566346540403,0,normal
99.7,steady,123.11082441599275,751.0573216435579,0.18994139847032054,489.04208294097646,0,normal
99.8,steady,121.7920410796585,748.3976992592138,0.18898877536388048,485.7088237602721,0,normal
99.9,steady,121.38077478657102,752.9849422576559,0.22319884203648954,489.38872332724713,0,normal
100.0,shutdown,122.91598351070502,748.9369671622135,0.191245332673427,491.7146924737679,0,normal
100.1,shutdown,121.45986328202756,747.7176871358603,0.200145728546585,482.87015091048255,0,normal
100.2,shutdown,119.61109824440882,745.4006847268017,0.20458470081332758,482.67035911905145,0,normal
100.3,shutdown,121.1858920335474,743.0939942521634,0.19361370447304738,494.99014183301506,0,normal
100.4,shutdown,120.20406621329687,737.3421828974383,0.20065157183018603,480.3266394276116,0,normal
100.5,shutdown,117.75013993360993,738.4154216082991,0.17815848525755024,485.172635374114,0,normal
100.6,shutdown,118.28647637102763,735.2987541194684,0.18540777459349106,479.9387087106035,0,normal
100.7,shutdown,117.91507313024957,729.6616952339792,0.1886725640327978,474.1406015546047,0,normal
100.8,shutdown,118.56520081237646,731.0764314433073,0.22272062058216552,480.2975075967325,0,normal
100.9,shutdown,116.22512782712111,732.3226184731595,0.18903606146630023,469.323856535437,0,normal
101.0,shutdown,116.09873285662039,724.1075663984209,0.2094474059010824,471.10630338055904,0,normal
101.1,shutdown,115.95494144043624,720.5410155382498,0.19240906913054454,469.8662455611206,0,normal
101.2,shutdown,117.12296370530319,719.0164733116983,0.18815814622493104,465.9120722609707,0,normal
101.3,shutdown,119.12436114176099,719.1592693543289,0.189633980582218,475.28556312250873,0,normal
101.4,shutdown,115.26983886446682,715.1450110264739,0.18876968545163694,470.01296156417874,0,normal
101.5,shutdown,115.92640222534573,715.7173309969367,0.200459529497788,466.69917332328646,0,normal
101.6,shutdown,115.00954548790298,714.9282102481043,0.2055748654527394,461.9245918156937,0,normal
101.7,shutdown,114.50645860803402,713.4933763429223,0.19325440467249452,466.02396270796436,0,normal
101.8,shutdown,114.00061902004254,711.4894653449468,0.19199850759826395,464.11710809787763,0,normal
101.9,shutdown,114.87449819369239,708.5191945105984,0.19941612378595566,454.0395635183198,0,normal
102.0,shutdown,113.75927347013214,703.1662773283745,0.1997298335527575,454.7267008729784,0,normal
102.1,shutdown,114.24749849999324,703.5405199459074,0.18952409824503358,455.5850314752435,0,normal
102.2,shutdown,111.72309607028443,699.0837668969228,0.17724191454262037,447.38806078856055,0,normal
102.3,shutdown,113.9574336107046,693.7565728328185,0.18487754482554153,452.3018382093039,0,normal
102.4,shutdown,110.86373944762903,694.5049829429676,0.19761146502650614,447.2679489526011,0,normal
102.5,shutdown,113.4667302072923,690.959693946924,0.17931439394192442,448.1127325380195,0,normal
102.6,shutdown,113.39707722003861,688.8788536711719,0.18359885597016035,440.6937140578482,0,normal
102.7,shutdown,110.75073010602684,692.0349814783827,0.2065511040848052,440.97741625364785,0,normal
102.8,shutdown,110.9762151590803,683.0225423491196,0.19087932100745855,445.2314256121414,0,normal
102.9,shutdown,108.00178477210729,688.4137073567035,0.19122651050839878,439.2050553738709,0,normal
103.0,shutdown,110.59417105406588,683.35737208969,0.18562548418301522,434.32737103675186,0,normal
103.1,shutdown,109.95681252072288,684.2546042924511,0.20122220652748157,442.54671563904753,0,normal
103.2,shutdown,109.97407752523118,677.4850107033868,0.18816748730716962,431.0172498645868,0,normal
103.3,shutdown,110.02205871324001,676.5990371626822,0.20105715815937955,419.7374251145164,0,normal
103.4,shutdown,108.31457036086772,672.0899756008725,0.18989986834220773,420.47512293832136,0,normal
103.5,shutdown,110.11013481845998,676.7843508006101,0.177567206772768,426.5212819745238,0,normal
103.6,shutdown,108.29411046730017,670.1820717360365,0.19349713987836528,419.79391124756563,0,normal
103.7,shutdown,104.87418991237384,664.5278834504387,0.169183194131792,422.3571523846936,0,normal
103.8,shutdown,106.85485839762596,660.0432939515383,0.18395860043730114,420.6370201549739,0,normal
103.9,shutdown,103.92649221851518,665.772142279155,0.19688243369991107,424.33474741895594,0,normal
104.0,shutdown,106.07121131211629,662.6081282954616,0.18966235514590365,410.4142360384226,0,normal
104.1,shutdown,105.07557808302901,658.0563210542953,0.16517514389029958,413.8453718903927,0,normal
104.2,shutdown,103.45000773380805,658.7920457145295,0.1737912823725829,409.17090087604134,0,normal
104.3,shutdown,105.99754888788246,648.5411683791114,0.19570049721629856,407.75934095025974,0,normal
104.4,shutdown,104.97963404792648,646.7592097671793,0.1821304166207054,413.78691044879037,0,normal
104.5,shutdown,105.01071965082845,649.8364949884248,0.18154975727550665,405.22336526179436,0,normal
104.6,shutdown,101.10665214996872,646.1565109437729,0.17801849910152895,404.59299938737087,0,normal
104.7,shutdown,104.08589659330963,644.7566865999669,0.17540813400937944,397.03240391948043,0,normal
104.8,shutdown,101.33198546259436,633.8916412542494,0.18583535959711356,399.5600461470121,0,normal
104.9,shutdown,102.08481961981289,640.3802964125139,0.17175933511616281,389.9523334701776,0,normal
105.0,shutdown,102.02961988999508,638.0770191088493,0.1629505525013587,387.79777289754634,0,normal
105.1,shutdown,102.256585291801,635.2120879697338,0.1749553834451854,396.894083454458,0,normal
105.2,shutdown,101.77325768307817,630.2278632708812,0.176076931625365,395.03277962014533,0,normal
105.3,shutdown,100.71361633796445,631.2332555601198,0.18534450270136343,393.91718091608,0,normal
105.4,shutdown,100.09357669240416,629.9911440061243,0.1912568083752935,383.88100049222265,0,normal
105.5,shutdown,99.61015116567131,626.1407865267768,0.18192232519628015,386.12370454951883,0,normal
105.6,shutdown,99.79794279866513,624.2885884933737,0.18826529213087903,382.6159808565539,0,normal
105.7,shutdown,99.3041906204202,619.6261632841906,0.1568726596098936,381.6402089462118,0,normal
105.8,shutdown,98.32428604664779,620.2854857045563,0.17971185557528976,381.76680261435916,0,normal
105.9,shutdown,97.14372243001723,617.3067050562759,0.16562232063518084,374.0045996955269,0,normal
106.0,shutdown,98.37464155555048,620.0901348876782,0.16700488645427497,371.84681676430927,0,normal
106.1,shutdown,96.05602466953974,609.6135884712268,0.18708332572445754,366.369214405057,0,normal
106.2,shutdown,96.2235430859465,607.4725091743251,0.18487211874783793,379.4616239560944,0,normal
106.3,shutdown,96.1427707557696,609.3028853609682,0.18394556379455035,371.076563530178,0,normal
106.4,shutdown,96.81592264612225,603.8822734314665,0.17695673752244084,371.3911970265278,0,normal
106.5,shutdown,95.14942648606083,599.3273246881568,0.16235765777352867,356.744955521877,0,normal
106.6,shutdown,93.7308581998348,599.5072461545094,0.16510099934950123,356.65565545116783,0,normal
106.7,shutdown,93.98234002343285,597.7526916939702,0.19332625298738598,366.426453960715,0,normal
106.8,shutdown,94.63040086872056,594.3897864866542,0.1767075128089601,366.2073846371708,0,normal
106.9,shutdown,92.78672021859157,595.3216962492245,0.16796011974399144,362.6002120372069,0,normal
107.0,shutdown,94.33512180585217,592.1834410237086,0.1852030013331161,353.1074349440927,0,normal
107.1,shutdown,94.01366237727079,588.6804032173861,0.16449709325416537,360.7050584414291,0,normal
107.2,shutdown,92.33331151244865,588.5661054597336,0.16768757932101086,357.89307584662123,0,normal
107.3,shutdown,92.31431465513825,587.8943287298412,0.16257615323349325,348.2515063007101,0,normal
107.4,shutdown,91.41335590581103,584.202596834673,0.16581200248828212,342.1652350725991,0,normal
107.5,shutdown,92.12673057010426,579.0719176977981,0.1675174741892406,342.52411890370854,0,normal
107.6,shutdown,91.1594379720541,577.4298810990633,0.1793765630367138,346.19671600526715,0,normal
107.7,shutdown,89.09019261038351,576.9754684348987,0.16695614273173504,332.39256889042315,0,normal
107.8,shutdown,90.30795200537816,574.5024413254863,0.16266735615554817,349.2733172433412,0,normal
107.9,shutdown,89.86787152603631,572.9303332166057,0.17519533350124541,330.9433900183995,0,normal
108.0,shutdown,88.71371239514738,569.1821962089566,0.1668517336395114,331.3112832908067,0,normal
108.1,shutdown,90.39113970579265,566.9762006695748,0.1543006499020488,338.82102253821836,0,normal
108.2,shutdown,87.75911963855351,563.2408076278472,0.17092781260554338,335.3118824412048,0,normal
108.3,shutdown,87.13426055664497,558.8025688733493,0.14797377093383515,320.14883483643104,0,normal
108.4,shutdown,87.48252908234507,562.0235226714352,0.1646446820003774,335.21528968466833,0,normal
108.5,shutdown,88.2581001682483,559.3688397561943,0.1624279422885366,322.28046810505356,0,normal
108.6,shutdown,87.0793608373139,556.6971866577856,0.1628675185843972,320.19378656011935,0,normal
108.7,shutdown,85.935921870273,552.7480391822988,0.15865452052164555,329.8574331219195,0,normal
108.8,shutdown,85.89450040326146,554.8997510111833,0.1723524820192336,321.55431783090074,0,normal
108.9,shutdown,85.94313864919901,552.6768682044361,0.17228328330209886,322.37924544417825,0,normal
109.0,shutdown,86.69952053116386,549.4774929290205,0.15652972893891223,314.5836574758919,0,normal
109.1,shutdown,85.08527080104945,547.4173534488816,0.14962589196283138,309.1849802049618,0,normal
109.2,shutdown,86.00648718011824,541.7392291752566,0.15555112702618826,307.0898712188953,0,normal
109.3,shutdown,83.35959908318951,540.2312316834146,0.1724339943161428,303.6740744624414,0,normal
109.4,shutdown,83.02563627728635,537.9374689670776,0.16760000638598732,307.0337993331,0,normal
109.5,shutdown,84.03702590046997,536.7148194989834,0.1767806105669671,307.601787030111,0,normal
109.6,shutdown,84.35485275353773,531.4491693948754,0.1663389906629394,300.9318908280082,0,normal
109.7,shutdown,82.14252577259654,531.7964373209428,0.16823560642234595,307.9893378131454,0,normal
109.8,shutdown,82.16181641389647,529.0194036028489,0.16067229480482173,299.37196855494625,0,normal
109.9,shutdown,82.16068208883549,524.9326621433427,0.16443244277302144,302.04676155212525,0,normal
110.0,shutdown,82.07800531947983,523.6383331903183,0.15512065833439495,301.35789623386137,0,normal
110.1,shutdown,79.80524692407494,523.4147560101921,0.14552063312101768,301.9497859481671,0,normal
110.2,shutdown,81.7272790504745,517.4024051317055,0.1806842472177378,287.88536386758625,0,normal
110.3,shutdown,79.29011387320013,519.0737702195829,0.16157037792462323,294.6158706778036,0,normal
110.4,shutdown,77.32366039534918,517.4085256243362,0.14036653675653643,281.33023580110716,0,normal
110.5,shutdown,78.66268302659209,510.5433321450823,0.15720290842656773,288.0043760549419,0,normal
110.6,shutdown,79.32298845850565,511.6180984607882,0.14294481924812524,282.22003469509224,0,normal
110.7,shutdown,78.77051805971394,510.99281074953575,0.15755803567530105,285.0937764770873,0,normal
110.8,shutdown,78.71258690558592,507.14385754961745,0.16429109078101264,278.0147166204715,0,normal
110.9,shutdown,77.5410295559218,509.35930910969233,0.15074305079267067,285.2157337958206,0,normal
111.0,shutdown,76.48777330202007,504.69172574706613,0.1532206326020722,268.63406154200203,0,normal
111.1,shutdown,77.25084810037049,500.40714988080396,0.1680494690723442,261.3135548605277,0,normal
111.2,shutdown,75.07884644276251,494.0984320394697,0.1714261613145162,275.7626650775576,0,normal
111.3,shutdown,78.70851830364609,493.7267769749904,0.13881376424577252,263.651342876844,0,normal
111.4,shutdown,76.86308585968928,495.21629924185277,0.1510905749879035,262.72656407915906,0,normal
111.5,shutdown,75.12418841939075,496.3385756587578,0.14052741110871828,264.4038083789506,0,normal
111.6,shutdown,75.24527674240177,489.2597057476552,0.14400047597832516,257.6446800990829,0,normal
111.7,shutdown,73.86751423924031,483.34736997380975,0.15341583473421136,259.0928545529835,0,normal
111.8,shutdown,74.43059066152026,482.58064263164704,0.16219641091331047,254.24889745402442,0,normal
111.9,shutdown,72.79319365341034,478.3777401095197,0.15217721441401863,262.7074899270734,0,normal
112.0,shutdown,73.70050909210103,484.67093361108743,0.13405072888749708,257.83616789986945,0,normal
112.1,shutdown,72.6524271197331,473.6389208543736,0.16713857175979657,248.64956905235545,0,normal
112.2,shutdown,71.51952720374373,474.3865157536337,0.1505644062769382,252.17197211495963,0,normal
112.3,shutdown,71.63727777025213,474.60945458588793,0.1606321368948243,252.90478918803444,0,normal
112.4,shutdown,72.28872567326962,469.3837634562517,0.15591155622357725,249.3181169896841,0,normal
112.5,shutdown,71.54955633188224,466.522416655141,0.12447328960319286,250.53316373998098,0,normal
112.6,shutdown,71.16564753303564,469.98980242811643,0.14171462951973532,242.62665167125996,0,normal
112.7,shutdown,68.18749453738441,460.58925846730307,0.14711244071636445,243.74522805806754,0,normal
112.8,shutdown,70.90465069404566,457.83103970356035,0.15133791684535566,249.91153160728305,0,normal
112.9,shutdown,67.87712145730947,458.3291785134119,0.14525624615307628,242.1935484181438,0,normal
113.0,shutdown,69.57604223541101,459.6335563831682,0.14111150770019634,240.88722007807831,0,normal
113.1,shutdown,66.3160624218206,456.0088296555013,0.1314766677546339,241.6104346613135,0,normal
113.2,shutdown,68.34144530884427,456.3122343541334,0.14718768710008284,228.97552280922693,0,normal
113.3,shutdown,67.69520493399212,448.2459472560276,0.13824273431283848,235.28260503435317,0,normal
113.4,shutdown,68.49980066892599,449.564749466313,0.14248937313825402,228.49665787048,0,normal
113.5,shutdown,67.17536146555412,450.65376962484476,0.14141199251280928,217.752873360719,0,normal
113.6,shutdown,67.90031764651012,444.84099734382215,0.14100121376186253,230.13366016478605,0,normal
113.7,shutdown,64.72482877246561,441.8534131888089,0.14046772118378947,217.07762562138123,0,normal
113.8,shutdown,65.97097559532071,439.159003246875,0.1521767167726867,212.42134316165448,0,normal
113.9,shutdown,65.7214565674258,432.34612905380055,0.1425228079073204,223.3171502927405,0,normal
114.0,shutdown,65.58697403182393,432.37955890168257,0.15578148431092387,224.73757847783008,0,normal
114.1,shutdown,62.624297551307556,432.82784617391945,0.14818745779729509,217.46104474761128,0,normal
114.2,shutdown,63.943344042634436,427.6191213415358,0.15333012288787123,220.8889852941789,0,normal
114.3,shutdown,64.94023400925663,426.0978539488642,0.16136073604305481,207.1326181282887,0,normal
114.4,shutdown,62.829523148988876,427.8428892133867,0.14182747121616923,205.3585881696904,0,normal
114.5,shutdown,62.10632780416639,421.93545945860615,0.13885970878996573,203.25607243563346,0,normal
114.6,shutdown,61.77181593962323,417.97011797793056,0.13775280513505436,204.6268105334276,0,normal
114.7,shutdown,61.96464448161054,419.05431785255536,0.14523854310093648,202.26247756203742,0,normal
114.8,shutdown,62.87587950415241,414.1055937107176,0.13468072006034393,206.73417406757628,0,normal
114.9,shutdown,61.646170745825366,414.0788498700936,0.13953268702559762,203.6179985795704,0,normal
115.0,shutdown,61.381666349214676,411.2410640243076,0.15218816187723644,196.98433765703206,0,normal
115.1,shutdown,60.647953529708346,409.9071148984943,0.1393414704553138,189.89950535515038,0,normal
115.2,shutdown,61.203757790964595,404.23620152680394,0.14439890128272392,199.23778818766783,0,normal
115.3,shutdown,59.709871678030126,405.7625148997978,0.15404409624357351,179.3733315277027,0,normal
115.4,shutdown,59.138238468535725,405.2256179549691,0.14555804004463657,193.58467452917185,0,normal
115.5,shutdown,58.49034295730971,402.0383675821005,0.13930622332655518,185.61343835198463,0,normal
115.6,shutdown,58.44248029077693,402.06336030931175,0.1520032766229578,194.6062697385098,0,normal
115.7,shutdown,59.200157170651984,395.285280340374,0.12714808699692737,189.3147062313494,0,normal
115.8,shutdown,56.1893389752163,393.2432933324025,0.1345315372198397,173.4948562772825,0,normal
115.9,shutdown,56.62738168401948,390.37342597193833,0.14797307045985347,180.40176625989713,0,normal
116.0,shutdown,57.01706306116784,389.59425747229295,0.1437169865174158,174.84400611358305,0,normal
116.1,shutdown,57.58893812993791,394.1663464535797,0.13172893018366907,173.46827201066975,0,normal
116.2,shutdown,58.27188279084364,379.3825642837107,0.1212492236345729,182.05809889913004,0,normal
116.3,shutdown,54.832436171840854,384.80664424696056,0.12716716911180193,173.79259462314482,0,normal
116.4,shutdown,55.950409553149015,384.97459769025244,0.12924208276710542,166.40178660157056,0,normal
116.5,shutdown,56.995451453506035,377.1970840756629,0.15228448600232727,172.15071562005033,0,normal
116.6,shutdown,54.80245822838634,378.2286207424883,0.1311585149944277,165.6717824129682,0,normal
116.7,shutdown,52.977856987924476,373.7683600999904,0.1337065742494547,165.3939861980715,0,normal
116.8,shutdown,53.53698303778968,368.84909246128893,0.14919181389503955,153.52738536476363,0,normal
116.9,shutdown,53.65543962715067,366.6803674520142,0.1431380549573202,165.44607933886022,0,normal
117.0,shutdown,52.72470000063374,366.4451299522868,0.1173621929280987,155.78864593114758,0,normal
117.1,shutdown,55.76131925774337,366.98300455635916,0.12721580968296417,149.36115950368767,0,normal
117.2,shutdown,53.15818645782115,365.02127420944765,0.13417848341663402,150.59368988037667,0,normal
117.3,shutdown,51.54264034203961,364.2523116957789,0.11507991016388266,161.234246162224,0,normal
117.4,shutdown,51.2461692478143,356.6845629402709,0.12447459723957006,155.45181824818863,0,normal
117.5,shutdown,50.66627652047777,356.08338492882945,0.13878552087730056,145.4441198625101,0,normal
117.6,shutdown,50.13236219752264,356.060921374206,0.13575102519596377,146.13929565801914,0,normal
117.7,shutdown,50.18394657329262,351.556229321257,0.12391336092770065,144.26363465948958,0,normal
117.8,shutdown,47.95915708512007,349.35746384432554,0.14840393773243804,145.12532003891909,0,normal
117.9,shutdown,49.60905893243887,352.8666734516154,0.12011967321051958,141.70410189145946,0,normal
118.0,shutdown,47.33638726334406,343.8847895478058,0.1370503977246805,140.90950622223522,0,normal
118.1,shutdown,47.807239336586726,341.61723180631526,0.11983280195880004,137.2275590117687,0,normal
118.2,shutdown,47.045253859722045,336.6066389818387,0.1391995469142803,137.1735775752385,0,normal
118.3,shutdown,48.35249936241039,336.87287897973556,0.1289666336920866,131.57738506412758,0,normal
118.4,shutdown,48.371930526388034,334.37429871958307,0.11767051275864686,136.8441117881287,0,normal
118.5,shutdown,46.323317812303635,336.9981162017788,0.11818130047030556,121.46295508695908,0,normal
118.6,shutdown,45.86127466116287,328.93825109947267,0.12620370053255697,122.5294058197636,0,normal
118.7,shutdown,47.57508607989686,329.1726201924239,0.13602312079748316,121.33919553993591,0,normal
118.8,shutdown,47.43811841137711,324.9209709129976,0.12478706207051718,120.87779924102959,0,normal
118.9,shutdown,45.31048762481597,326.2585055434523,0.11504044130544921,123.0340817536473,0,normal
119.0,shutdown,45.6700116539605,323.6149270752681,0.14096988435459365,122.60605838916999,0,normal
119.1,shutdown,44.43479346484301,317.2812431396408,0.09038115751285897,119.11341303198442,0,normal
119.2,shutdown,44.6622682924452,321.3904704593155,0.11819644100793703,107.71875793544062,0,normal
119.3,shutdown,43.44810575608839,314.3729879848883,0.13973132189638354,115.40122000899864,0,normal
119.4,shutdown,41.27460386640953,314.47026129966196,0.12282386679594905,102.76554520329086,0,normal
119.5,shutdown,42.40111161164839,310.4722062363585,0.10819865467434966,112.00036092350479,0,normal
119.6,shutdown,42.95045303119911,305.7147429755606,0.13196573368176526,111.82623718709716,0,normal
119.7,shutdown,41.92549847423522,306.6030882380251,0.12940335843908093,106.14637710430972,0,normal
119.8,shutdown,41.36063030946122,304.7599601799849,0.12237593856041712,95.36895885332933,0,normal
119.9,shutdown,40.08644811848765,303.65303449722524,0.13146929979405975,104.7084541672096,0,normal
