time_s,phase,pressure_kpa,temperature_k,vibration_g,thrust_n,anomaly,scenario
0.0,startup,40.86119933110433,296.1035640324282,0.15336333208244313,99.90413426204945,0,normal
0.1,startup,40.032937193601434,300.9855990624279,0.13825559462227818,101.52418412248684,0,normal
0.2,startup,38.801396273249,301.45074234193277,0.15422797505825814,104.83814591846735,0,normal
0.3,startup,40.955376639333075,303.48180146751787,0.14918922799644144,104.36982925563451,0,normal
0.4,startup,39.64393793435061,305.30698997621835,0.15751275768966974,107.67026488741631,0,normal
0.5,startup,41.1491533185132,303.4104069596831,0.14980140090531893,106.39165744151678,0,normal
0.6,startup,41.9901270206508,303.695661994182,0.1642064461318174,111.80840549009928,0,normal
0.7,startup,38.89134536655148,303.2863895300994,0.15059855610123923,109.13301970688916,0,normal
0.8,startup,40.49153091174641,305.5799500171961,0.14220059281463399,113.66555416031893,0,normal
0.9,startup,39.135759250585835,305.24995487214665,0.15146937316834713,120.41054789004933,0,normal
1.0,startup,41.547435165438486,313.12118664881024,0.16164568706024307,122.33688660711275,0,normal
1.1,startup,41.47866047970387,308.7145435176423,0.1395510908583229,122.95692943601749,0,normal
1.2,startup,40.178136863749856,314.85439360989886,0.15265260037023667,124.78859445669968,0,normal
1.3,startup,39.74930382521936,310.5384420958748,0.1485703102977765,124.64783809682795,0,normal
1.4,startup,40.84510778400291,310.5622676890296,0.14388738155550415,126.59756035412818,0,normal
1.5,startup,43.01628193543497,317.36274699046214,0.17971990663616694,127.92472895052754,0,normal
1.6,startup,41.869107486731494,316.2531289565132,0.15862343291195383,124.43447254591408,0,normal
1.7,startup,43.81656753007882,315.8101199123932,0.16396917087072038,135.99370081482272,0,normal
1.8,startup,42.59897222357521,317.6680841869419,0.1566508440634229,144.12726200248173,0,normal
1.9,startup,42.077287371475165,315.715800199935,0.13826931265686676,133.6534054205084,0,normal
2.0,startup,43.00256260111644,314.19098024268305,0.15535008898334418,147.60921676067326,0,normal
2.1,startup,42.88381661382932,324.0022789327138,0.15507584342739994,136.6371036197129,0,normal
2.2,startup,44.62748335068967,321.308086545565,0.15761316066253236,138.62380841516145,0,normal
2.3,startup,42.98839243698075,321.29049901289494,0.14314451343889378,146.05093445876113,0,normal
2.4,startup,44.42968430778058,319.91589154434376,0.12472228011727064,146.13709750888012,0,normal
2.5,startup,44.64581094297665,325.1367883532292,0.16159031404930077,142.97650029520133,0,normal
2.6,startup,44.16427623127885,325.65125586153573,0.1570658750938799,145.53051398192824,0,normal
2.7,startup,43.98728989299649,324.0815635382668,0.16190472423059157,160.66001306780527,0,normal
2.8,startup,44.75363088971731,331.17099913106443,0.16142792306785705,160.07103217499989,0,normal
2.9,startup,45.32487176458307,331.12669236064943,0.15185073866586293,157.6535451109335,0,normal
3.0,startup,44.29552976098253,328.1341146711095,0.15760035694810007,166.05882639502778,0,normal
3.1,startup,44.05099654838445,329.661489334573,0.15880224681057897,162.9138617337193,0,normal
3.2,startup,44.9335441165117,328.071006094519,0.14263467000268637,170.00146420428388,0,normal
3.3,startup,45.52229375475776,330.12645987805485,0.15313581621111497,162.60085593110665,0,normal
3.4,startup,46.06666590662305,336.2339711288545,0.15524778866995134,159.43801541488943,0,normal
3.5,startup,47.08231857028503,334.0006635227844,0.15515521765943882,171.02421464208933,0,normal
3.6,startup,44.91583327714723,337.41962030599154,0.15173775645172244,181.49913220883093,0,normal
3.7,startup,47.35005679817187,335.33589025195965,0.1481006460032424,165.9274392378014,0,normal
3.8,startup,46.80072132400521,333.7788999672856,0.15960984646804052,176.54699528574736,0,normal
3.9,startup,46.99542756798686,341.24374766365844,0.17573673300264495,179.86070001451282,0,normal
4.0,startup,47.04887756191413,337.56930684131567,0.1591851139436722,183.14078338647886,0,normal
4.1,startup,47.52382816547592,338.91509265547194,0.15833843472693365,181.88868194801347,0,normal
4.2,startup,47.233130062559894,340.1748779411719,0.1769798097746939,189.3968577061026,0,normal
4.3,startup,48.76972791400501,340.93535570153364,0.1706983811921733,177.47494654374717,0,normal
4.4,startup,47.66371531882802,343.76302914248754,0.1645911081382656,196.3268500372481,0,normal
4.5,startup,46.52051110261747,342.79246784380484,0.16399522826381335,182.64107429241525,0,normal
4.6,startup,46.93764808387262,345.2665105660265,0.174423866222112,190.68871232073334,0,normal
4.7,startup,47.75633814717626,347.69932908267975,0.14664484650789605,199.11110264286228,0,normal
4.8,startup,48.957502038128524,347.7829332892549,0.1666522903840121,191.53391411270232,0,normal
4.9,startup,48.73845275835996,350.3555054643486,0.1765835522540661,192.12500304119266,0,normal
5.0,startup,49.13583413606081,347.7535740278985,0.14896496796833134,197.51846860358222,0,normal
5.1,startup,48.426081470390656,352.86063913757863,0.16739036216775718,200.1213198095006,0,normal
5.2,startup,49.97233004658489,354.2273848776983,0.15173088546208052,206.56521741359555,0,normal
5.3,startup,49.60606397025984,348.95272687433743,0.17659845104442443,203.88410022248866,0,normal
5.4,startup,50.74136506864639,354.4818008594604,0.17597769417631973,206.37468821584653,0,normal
5.5,startup,51.532086052297736,353.4869845972989,0.17214048153032324,208.89365880534774,0,normal
5.6,startup,49.89885017008671,357.9023271118415,0.15270237252724655,207.52335038479725,0,normal
5.7,startup,51.60416064504477,357.67953092034173,0.15106326863816968,202.5227087230761,0,normal
5.8,startup,51.65343628407397,354.2702898950459,0.16738718795020618,220.0545248898467,0,normal
5.9,startup,49.50507047400672,356.1359939165155,0.1677137071487554,214.80044047798378,0,normal
6.0,startup,51.761113397462715,358.02021396481695,0.15289288417629,222.09478486058902,0,normal
6.1,startup,52.913213217977386,357.77653200739246,0.16103249152960408,217.67732138730062,0,normal
6.2,startup,53.07176925134508,358.57705204864055,0.16986594705392294,221.853993754875,0,normal
6.3,startup,51.23917739945402,358.6885773832873,0.15478652596246179,225.72237136994397,0,normal
6.4,startup,51.043038459452895,364.77032881250796,0.17321379838327133,228.30353147796154,0,normal
6.5,startup,53.1973815565547,364.17453829200633,0.17614510410578368,214.1773577145797,0,normal
6.6,startup,52.49130674890971,361.27297530738684,0.14168951256976323,232.03039326448405,0,normal
6.7,startup,53.869934696669226,365.2426782957531,0.16092843180517016,234.82744819020638,0,normal
6.8,startup,53.425351615186415,369.79330065792817,0.15515693895351912,239.05183296668622,0,normal
6.9,startup,52.837028627575485,371.22384884458006,0.17025194339323507,235.1080351459324,0,normal
7.0,startup,52.26021590476811,369.4524538464783,0.1626387864406588,239.86662072182648,0,normal
7.1,startup,52.425388151277815,367.35284811787386,0.19054871791999964,233.57625131909967,0,normal
7.2,startup,54.95915794246809,368.57194803014426,0.18269206166734098,248.12388808296524,0,normal
7.3,startup,52.62234063407134,372.4929872944602,0.16463105501031844,244.31837558432616,0,normal
7.4,startup,53.391911285339305,376.07460445496935,0.16479913439602764,251.88087272136815,0,normal
7.5,startup,54.50398252617281,376.9240451030866,0.17120309432007086,248.65215435812405,0,normal
7.6,startup,54.40069498974277,372.51922557067235,0.15977547216043714,247.3128784067222,0,normal
7.7,startup,55.943843648004204,377.4531053882023,0.1654098818188941,248.80741371326715,0,normal
7.8,startup,54.57396347176521,379.5599346016572,0.1729983499455399,253.10238438542854,0,normal
7.9,startup,53.889870982636715,376.7030004777157,0.16135818189641574,252.25559634259608,0,normal
8.0,startup,54.540365984630014,376.905879858989,0.20237515063688222,256.3216781194828,0,normal
8.1,startup,55.01537994821553,381.18324519358896,0.16593447400019035,265.5855541151889,0,normal
8.2,startup,56.785243826552986,378.7672510239713,0.18618850693844696,260.7072287419524,0,normal
8.3,startup,56.08830155145953,381.6098683084642,0.16559378190377783,261.51143006852254,0,normal
8.4,startup,56.56759081977379,380.9346218343205,0.17259703183170647,270.5699305837285,0,normal
8.5,startup,56.878875041672075,383.7310431297293,0.15605320955858096,264.78818502408933,0,normal
8.6,startup,56.11491587358941,386.8699851549046,0.17785810660292514,266.52211251486176,0,normal
8.7,startup,55.625273003749435,386.4795840674234,0.16686013407874023,267.84397173808503,0,normal
8.8,startup,56.59943643599509,385.7361374965913,0.1743837954978432,287.9623637416449,0,normal
8.9,startup,56.00405858990699,386.0432841255728,0.16872915909992917,271.23253273773736,0,normal
9.0,startup,57.48428426459637,389.59536835208,0.16639209354323,276.99582841125095,0,normal
9.1,startup,58.41959291665408,389.5707143379607,0.18612068702957807,285.1339031774147,0,normal
9.2,startup,58.10158074843091,384.2444320798891,0.1854820890679812,286.48436037440337,0,normal
9.3,startup,56.35606015030939,392.26172329976686,0.15854336035513267,288.34790279736734,0,normal
9.4,startup,56.86236543447489,391.40205890309414,0.15958686019379986,285.9665814275262,0,normal
9.5,startup,58.544154219405755,391.2520824552612,0.1571982242537064,286.7556076665277,0,normal
9.6,startup,59.56737399173725,393.95060134858034,0.174334216276154,292.1996481347444,0,normal
9.7,startup,55.51040602116552,397.5503468339779,0.18755177167226422,290.2801936905693,0,normal
9.8,startup,58.86142594962524,395.7393272967903,0.16723564268644778,299.4855470107614,0,normal
9.9,startup,58.614991424639754,397.9365490979896,0.1763398905121103,296.70920210578083,0,normal
10.0,ramp,57.723062181583884,401.92320625949856,0.1713933195180526,295.3159812858984,0,normal
10.1,ramp,57.65912827110613,403.6522621612237,0.1694768741434802,297.88616674651917,0,normal
10.2,ramp,60.33202197496574,398.96428055361946,0.17082634969993746,297.1306281747191,0,normal
10.3,ramp,59.87911913778054,404.9841996624991,0.17719490418855668,300.76917424489784,0,normal
10.4,ramp,62.12212033573103,407.4643749254271,0.1794413110288456,303.1900326079766,0,normal
10.5,ramp,61.12206872980845,408.63327921251334,0.15807841964925956,310.36348108895635,0,normal
10.6,ramp,60.34629784162932,409.89359979849286,0.1829282401352364,307.70103582664075,0,normal
10.7,ramp,60.90811546559888,410.82292152178206,0.16675059282994945,296.1433695944192,0,normal
10.8,ramp,60.16228598114563,412.2485222225949,0.17479221637265333,302.3756755510363,0,normal
10.9,ramp,62.34287620943381,411.93845489029434,0.18610101752917477,308.9870713492721,0,normal
11.0,ramp,62.084558917945685,418.8056473693948,0.17221530033079746,306.90098256495304,0,normal
11.1,ramp,62.5160165310417,422.84946747516705,0.19398305882308883,308.77774419773846,0,normal
11.2,ramp,62.163974538603824,422.3524706779864,0.1847512528504872,305.78715974497936,0,normal
11.3,ramp,63.42598042309577,419.0489058804031,0.17182344225877744,313.42444796086266,0,normal
11.4,ramp,64.48482449363317,420.6006555012924,0.16154393003301298,321.26367519561353,0,normal
11.5,ramp,64.01415892971401,426.7720998439896,0.1646488115702226,309.2826819047821,0,normal
11.6,ramp,64.28349634175235,427.40962825707135,0.15338656859256472,323.2440986610567,0,normal
11.7,ramp,65.61263719930722,430.3440573249081,0.17019780712027086,314.6439724296635,0,normal
11.8,ramp,61.75879654627605,434.15009125551137,0.18564384364643483,314.968270862122,0,normal
11.9,ramp,65.98796379471797,429.0245607643728,0.1853600371989492,319.11300020454905,0,normal
12.0,ramp,64.52362124191326,433.82421574046225,0.20147364317906985,317.5105642576943,0,normal
12.1,ramp,65.0489244755071,438.29655265287,0.186178288188049,324.901354285856,0,normal
12.2,ramp,67.05003210609499,434.1183693498171,0.1609654130133157,324.86684471085346,0,normal
12.3,ramp,66.00931059447336,439.3328043338988,0.16175572679816852,327.3698898934782,0,normal
12.4,ramp,65.72475673149286,440.5290004826562,0.16100373080843175,313.05770906512964,0,normal
12.5,ramp,66.74297640142176,445.0854767621664,0.1676815881423246,326.09366850700525,0,normal
12.6,ramp,67.62440795898667,438.67965725077727,0.1884746252769102,311.8693639504397,0,normal
12.7,ramp,66.56796467552257,447.4621258736408,0.20022041557710865,326.0567779659754,0,normal
12.8,ramp,66.84558849096275,446.9685147851911,0.1652812630570672,326.07788900333685,0,normal
12.9,ramp,68.59144785465088,445.6301475516752,0.17099851051913426,335.57473993057624,0,normal
13.0,ramp,67.9541500900251,449.9651962943195,0.17037735221649106,326.6215018717576,0,normal
13.1,ramp,67.9507205236243,452.31122141095364,0.18403135144354152,327.1142880676598,0,normal
13.2,ramp,70.59078424455724,457.1776716415545,0.18275226276321904,336.16465051730427,0,normal
13.3,ramp,67.0025493322932,453.32656654018876,0.18214016915305817,339.8231958651016,0,normal
13.4,ramp,69.27603393258349,456.8788441248892,0.17534638320426546,333.93557224297064,0,normal
13.5,ramp,68.51341316299307,460.7182303167008,0.1700357233987239,325.2548086960485,0,normal
13.6,ramp,70.72895764090413,458.9947908367644,0.19325100774932377,334.3726884448154,0,normal
13.7,ramp,69.86058436555948,463.80827318846957,0.16620160483218022,338.09964933996247,0,normal
13.8,ramp,69.53874909335974,466.8575047968539,0.18408064802441637,334.7320979754285,0,normal
13.9,ramp,72.89628409303013,465.42361228811893,0.18024968337825772,331.5217112835251,0,normal
14.0,ramp,70.45856664822873,469.5225882814687,0.1814852013512837,349.42049405700175,0,normal
14.1,ramp,69.82464059604415,471.3822916661739,0.18185970141460225,332.18448006847046,0,normal
14.2,ramp,71.74834298199039,470.60818127403485,0.17248544967459337,335.34449524473996,0,normal
14.3,ramp,71.48550858901581,472.91966326538295,0.18606383864621012,340.75231363740744,0,normal
14.4,ramp,73.82328700768102,476.32885970262464,0.18130225988564,344.52969843389053,0,normal
14.5,ramp,72.09934768588016,478.8960205737534,0.18640156735900132,343.6312354332391,0,normal
14.6,ramp,72.38819065765335,475.1207070247328,0.16706629588443508,351.55378068424636,0,normal
14.7,ramp,73.11012147690298,481.98446009810255,0.1760234605241044,342.63921519237994,0,normal
14.8,ramp,73.42184111137016,480.3906889559026,0.1748840241468822,344.9501317809482,0,normal
14.9,ramp,73.78461724992827,487.3938582121673,0.15673128627189273,341.9087350425065,0,normal
15.0,ramp,73.62148046178396,483.2460055988907,0.171709255263826,349.99876889233315,0,normal
15.1,ramp,74.5894082026841,490.86757362467984,0.1922262173554543,349.61281461851974,0,normal
15.2,ramp,75.27662348223843,491.24900355167796,0.1800734885637425,353.3880343730882,0,normal
15.3,ramp,74.75608026739802,488.12859223566,0.1967208799701976,350.5235982026431,0,normal
15.4,ramp,73.5597902813075,494.455489958981,0.1752356964412844,355.4998051581917,0,normal
15.5,ramp,75.13179299910082,497.42632700265153,0.16286467892897954,356.4447999603299,0,normal
15.6,ramp,76.67064858727197,497.181996029474,0.17544066590916635,359.48362476951377,0,normal
15.7,ramp,75.30194341845939,498.2819390994784,0.1975237684171982,351.4157681403147,0,normal
15.8,ramp,77.07908542048918,501.999607388668,0.19641434582683714,357.50468239906587,0,normal
15.9,ramp,78.20042477156873,502.6516033839038,0.17479845895872465,356.00509554077445,0,normal
16.0,ramp,75.60767168691669,505.8533531370833,0.18814061322783995,361.4695971027791,0,normal
16.1,ramp,76.63322007324508,502.661198540331,0.19764326810118885,354.2116512845678,0,normal
16.2,ramp,76.50101421490764,509.75425708277504,0.1899120787826328,361.6363962857783,0,normal
16.3,ramp,78.23149083302324,509.5091732802536,0.18837080788449412,361.5637990703828,0,normal
16.4,ramp,77.53884924427946,507.6056602441062,0.1854172109564063,352.3367538274696,0,normal
16.5,ramp,77.60656043260137,514.705726471058,0.19643861300093143,365.53949314179994,0,normal
16.6,ramp,78.92956539067927,515.0859225829522,0.18302478001025646,363.66254336826523,0,normal
16.7,ramp,79.83083500780016,513.3346154345411,0.17648000701158104,364.36953323723316,0,normal
16.8,ramp,78.87436792648163,516.3196877285112,0.17803294427362612,367.962608988243,0,normal
16.9,ramp,78.85622167470439,520.6665394319234,0.17872868345517232,359.27872780396433,0,normal
17.0,ramp,81.00848089114544,514.3232691331428,0.16426362649528994,364.3478215346951,0,normal
17.1,ramp,80.42346191755186,520.4815400548647,0.18763654437841334,372.648266002795,0,normal
17.2,ramp,81.41456951745656,521.9684723144416,0.18846475875421578,374.3422109510318,0,normal
17.3,ramp,80.02936638671191,526.5889384019091,0.17579660631379673,372.1385474126727,0,normal
17.4,ramp,80.74488006619491,526.6894450695423,0.19031582081117146,368.700591672776,0,normal
17.5,ramp,83.0069533534358,524.8029963264095,0.1869313842114715,372.93328296056137,0,normal
17.6,ramp,80.33596103577256,530.7950583339151,0.1881369514441572,372.26930473443446,0,normal
17.7,ramp,80.81644728815075,528.7293729259138,0.19287799822258353,376.07797678204184,0,normal
17.8,ramp,82.37791173402047,535.831493043972,0.1648250605585006,384.0573934033901,0,normal
17.9,ramp,81.6638576920761,536.3686404214585,0.18484811002196305,372.4735130995941,0,normal
18.0,ramp,83.53347630612615,539.1305957291579,0.1771167136970408,373.72103867746785,0,normal
18.1,ramp,82.99452470324951,542.5379077893717,0.17188276745099787,385.64705156590844,0,normal
18.2,ramp,83.74276199858221,540.669116488909,0.19311610916637306,387.2511822374275,0,normal
18.3,ramp,84.80471248007439,542.9914247238638,0.16473352959463144,389.7857354659076,0,normal
18.4,ramp,82.88633672948916,544.9572943326906,0.17517569008566855,392.7713109667301,0,normal
18.5,ramp,83.23776294118025,544.4513745346744,0.18282658720982575,386.12654040409205,0,normal
18.6,ramp,84.60049007011698,546.8811171252257,0.18276638617239363,377.5946161143305,0,normal
18.7,ramp,84.05326554417454,550.7368784524,0.17121703907560912,381.4991968805794,0,normal
18.8,ramp,86.4674708119428,550.1936926455338,0.1910068052839194,384.60624392376525,0,normal
18.9,ramp,85.19556290546826,548.6414067071787,0.18655971471883337,390.97072349028207,0,normal
19.0,ramp,85.51566395645209,558.0770633999346,0.18573964800953904,389.6151608669076,0,normal
19.1,ramp,86.2810970020794,557.0137828750675,0.19149054431070148,388.75324268177565,0,normal
19.2,ramp,87.51783172134402,562.2747821092272,0.1907965468724933,391.03013480056813,0,normal
19.3,ramp,85.16035359329909,556.2026815261024,0.1770179983294114,396.80341773779793,0,normal
19.4,ramp,84.90524743270211,563.1084584039753,0.17598081622933648,382.06456432033093,0,normal
19.5,ramp,86.42942869272377,561.8119381744849,0.18342116544398587,388.9692093116879,0,normal
19.6,ramp,87.46494005256204,562.1633480361029,0.16812660731165058,393.8155055634634,0,normal
19.7,ramp,88.58921899513727,569.770530318551,0.18955130198322112,394.5664852329846,0,normal
19.8,ramp,87.04469580013433,567.0386333881161,0.1897026811154684,399.7886303308279,0,normal
19.9,ramp,88.13036516278125,571.5112897890491,0.17639929219670902,394.5872558387547,0,normal
20.0,ramp,87.94264578014925,575.5366883744011,0.196357354966363,401.39342255831787,0,normal
20.1,ramp,89.9291979720508,576.6567083348341,0.19423837308356462,402.2357869625504,0,normal
20.2,ramp,88.810077985321,578.9780100028136,0.18284863573863325,391.96525334516735,0,normal
20.3,ramp,88.48331496011627,581.2933542837392,0.195423251002902,402.54797966605935,0,normal
20.4,ramp,89.34921694066948,582.8259003176339,0.21063449062369904,401.21054899450894,0,normal
20.5,ramp,89.60697593538005,583.0030691085941,0.17454778156079365,409.27861557420454,0,normal
20.6,ramp,90.27456072629306,583.7509459848765,0.19396919334677584,406.4383201972543,0,normal
20.7,ramp,91.54489101493435,586.6940697537104,0.2116283607464668,407.77788649985655,0,normal
20.8,ramp,91.5314137127277,589.0060911908772,0.1666789053668285,408.3985716043205,0,normal
20.9,ramp,90.48108488102709,589.0070319874635,0.18671821083251616,407.4269302583644,0,normal
21.0,ramp,92.59863383216073,590.8263297633623,0.17875579436684866,405.49617328840117,0,normal
21.1,ramp,91.09945591789548,589.9219297826149,0.19925133390433994,409.407811607842,0,normal
21.2,ramp,93.2342825133008,593.8905575219021,0.19844625117542822,413.8412135910515,0,normal
21.3,ramp,91.75072068734198,596.358286779241,0.19504881414776465,410.88165758616077,0,normal
21.4,ramp,92.44553802675279,596.2062163395918,0.22093247630878513,410.231042466034,0,normal
21.5,ramp,91.39468568603701,601.2168653367212,0.18720878647896433,412.61189490452495,0,normal
21.6,ramp,93.9919701291907,600.1896343030095,0.18733216118223842,420.3962594886463,0,normal
21.7,ramp,95.18375182737576,603.2168352127109,0.19078132512157125,414.25983528105064,0,normal
21.8,ramp,93.08109821869573,605.7229171674117,0.1760711531821741,413.4202114919769,0,normal
21.9,ramp,92.82130744238606,604.2864676779582,0.18550778018573783,416.55217684662074,0,normal
22.0,ramp,96.56419276585996,608.9992458891497,0.20062215279803514,407.5549699174245,0,normal
22.1,ramp,94.22959575802608,614.1408419463698,0.18518049716492146,424.87261554353455,0,normal
22.2,ramp,94.30805696416046,609.4349081837964,0.19207518933480627,417.4510107364641,0,normal
22.3,ramp,96.83736285361266,614.8926865808668,0.19560539252266138,425.09969554391654,0,normal
22.4,ramp,95.14702366250526,616.315975378006,0.18901009010143385,414.69621689278796,0,normal
22.5,ramp,97.32452425923212,617.3892839719306,0.18686042339826406,417.3494170837823,0,normal
22.6,ramp,96.85948726223577,616.1331119922557,0.19396475413952896,424.1545632579458,0,normal
22.7,ramp,97.82887508598469,619.7374970460509,0.1867048800536666,424.9091877927331,0,normal
22.8,ramp,97.01201544830855,621.0437320470996,0.20943218648524226,431.7385024901311,0,normal
22.9,ramp,97.45476336632802,622.8531089625209,0.18154249647748674,423.44188965290823,0,normal
23.0,ramp,98.45999589090691,627.7527416950782,0.20568734799595018,426.92434479172255,0,normal
23.1,ramp,96.11200193951277,627.0345517207048,0.19122684378594074,433.8218289361115,0,normal
23.2,ramp,98.27457680535227,630.6138757229907,0.20059033867546489,429.35415569763086,0,normal
23.3,ramp,96.69194895525867,631.1191807233854,0.18558585168265015,428.155045858637,0,normal
23.4,ramp,98.30498119232266,629.0443925812593,0.16818165089664475,435.306137728881,0,normal
23.5,ramp,98.37442673137667,639.4699920045333,0.20145144837330087,415.12514567535413,0,normal
23.6,ramp,99.6464458238178,634.8826548818748,0.19072757451158703,436.9786555534527,0,normal
23.7,ramp,98.0795756737581,630.5878430285339,0.19766582093896728,427.9828732818512,0,normal
23.8,ramp,101.82704683652892,640.4786332805961,0.21270727340926485,432.9280053780643,0,normal
23.9,ramp,99.81567480168714,640.2583741955204,0.20102566416820472,448.1890353881979,0,normal
24.0,ramp,100.808679493701,643.3631604585398,0.18447350962657047,440.2784950379346,0,normal
24.1,ramp,101.57935527453235,643.0658681033924,0.18461454928909551,439.01375538184703,0,normal
24.2,ramp,99.02445569390684,650.7903148189714,0.19567195835460668,446.94378748666844,0,normal
24.3,ramp,102.38840226320248,648.7537682819901,0.1835639321349235,447.55846627789225,0,normal
24.4,ramp,101.20977275047349,652.6452990770525,0.19391781084649623,432.9522409794041,0,normal
24.5,ramp,102.18467674329399,653.1368694907002,0.20873471596047793,448.0203379045434,0,normal
24.6,ramp,102.23520167626715,654.196997499846,0.1974471408349831,447.9448163126767,0,normal
24.7,ramp,104.1367597173525,657.9897030477517,0.1803384051642104,440.6039115180274,0,normal
24.8,ramp,104.02536610202466,660.8165690467602,0.19685993903891774,439.8283882350516,0,normal
24.9,ramp,102.34578404266449,657.1683635088075,0.1886869458535069,439.8317651008065,0,normal
25.0,ramp,103.38517506711439,660.9650795733114,0.19848102206137502,452.1642151837081,0,normal
25.1,ramp,103.7975408140218,662.0859177773864,0.19663170989172035,450.5053550117735,0,normal
25.2,ramp,104.05349736428093,666.2807062067468,0.18802082273306361,441.6994021379978,0,normal
25.3,ramp,102.72840747374113,665.7631573586191,0.1918481328181121,448.86247839106665,0,normal
25.4,ramp,103.99780385202995,667.040922626665,0.18909094615879288,451.6470728536502,0,normal
25.5,ramp,103.672353328319,668.1972621414054,0.20121892540421144,444.8520861606486,0,normal
25.6,ramp,106.49984955212241,671.1635935290356,0.194230093046725,457.54063974974883,0,normal
25.7,ramp,104.37363199282406,670.0751941090562,0.1999838911558188,447.7036181152757,0,normal
25.8,ramp,106.99256880817525,669.8391058641839,0.1803739825393689,456.3074052249566,0,normal
25.9,ramp,106.51914278261975,674.8350497118465,0.18696243151015388,457.101393975748,0,normal
26.0,ramp,105.52704675217069,677.0500372886602,0.19420054333571682,460.3270019944361,0,normal
26.1,ramp,105.62845146793036,678.3784531823468,0.17781745292049747,447.8267257751597,0,normal
26.2,ramp,108.84361908318488,681.9728103658372,0.1976945609103427,449.61467097826124,0,normal
26.3,ramp,106.60363842849765,679.7738707980093,0.20845336993568936,459.77525945635495,0,normal
26.4,ramp,106.41168174052304,686.6547826393391,0.19753969293189805,465.34056696757756,0,normal
26.5,ramp,108.55883730937799,686.4468211415891,0.1916991822560704,461.435741793794,0,normal
26.6,ramp,108.79326972230383,691.4419030057096,0.18659903151714727,467.2839723828858,0,normal
26.7,ramp,107.29061129441462,692.2258267267389,0.19155958523073666,468.96339821997225,0,normal
26.8,ramp,107.13870621060795,694.5282685651895,0.20291402542902975,465.62769602935646,0,normal
26.9,ramp,108.26696810448324,693.0903062330419,0.18399022383687103,473.9892629658468,0,normal
27.0,ramp,110.14464511966035,697.5371431461191,0.18632931009363587,462.62186713269875,0,normal
27.1,ramp,110.27121330700152,691.6861855468306,0.19675783820845977,477.36910236816357,0,normal
27.2,ramp,110.77232903674718,698.4988985410372,0.20014340919513704,465.730907144284,0,normal
27.3,ramp,109.77044266300676,703.289915096725,0.20570399096085198,468.07667440058617,0,normal
27.4,ramp,110.8517242546201,700.0881914875431,0.2025080409465296,466.6656222926862,0,normal
27.5,ramp,111.88971342974104,704.8723535498196,0.18097907001597383,473.2853154854054,0,normal
27.6,ramp,109.35320796926645,700.8422936847561,0.19092038197918873,469.31248451204567,0,normal
27.7,ramp,111.64155039173056,708.6030648659837,0.17788896697690643,481.01145114363396,0,normal
27.8,ramp,111.89352647360367,707.8697854196791,0.18501978824433263,474.76518160760446,0,normal
27.9,ramp,111.4694291273136,707.2650332198863,0.19970396417485076,480.0967138348256,0,normal
28.0,ramp,113.04926790180113,712.5073228610698,0.21775003923861674,480.4804912933116,0,normal
28.1,ramp,111.0245180334586,714.5469955397919,0.20151819978574856,485.28186381515496,0,normal
28.2,ramp,115.70883689715852,717.5742074943896,0.18870190129944608,475.3203325297381,0,normal
28.3,ramp,112.72974397426822,715.4654884480238,0.1988043106908486,478.75900344114996,0,normal
28.4,ramp,114.19800918492774,719.774468762609,0.19512792584192057,476.7999760400946,0,normal
28.5,ramp,113.59692759153624,719.9658040034515,0.18523344971309627,482.57889515266095,0,normal
28.6,ramp,113.28278909151635,725.8709321438145,0.20095553249917722,472.93921894865406,0,normal
28.7,ramp,115.52929427348533,724.7157139810664,0.21718636250098552,483.6797132354013,0,normal
28.8,ramp,114.74899748545279,726.6257676506099,0.1905420999578832,480.2050496244902,0,normal
28.9,ramp,114.64698236174766,724.9518945629052,0.19032533990586725,490.76178572013345,0,normal
29.0,ramp,115.05008935500915,729.6660620252071,0.21065247866089068,494.5359740129951,0,normal
29.1,ramp,116.44455949609521,729.0970534176032,0.1962555763640208,483.12130823738653,0,normal
29.2,ramp,115.00731524309967,732.6541595019416,0.19828619075134898,484.6088330556109,0,normal
29.3,ramp,117.3811510239985,730.7941617746075,0.18799014514996332,491.55676847839214,0,normal
29.4,ramp,117.0090069472611,735.3791435537972,0.18950350229220184,486.6539406156171,0,normal
29.5,ramp,115.4900790281083,735.1983784229124,0.21464185622788587,497.7674527325434,0,normal
29.6,ramp,116.6453923543604,741.277187096365,0.2040835089967274,495.42338525336277,0,normal
29.7,ramp,114.82724334299176,741.8319075855811,0.1868372398496223,504.6139960461445,0,normal
29.8,ramp,118.68639178670584,744.4218379301981,0.20162019097628187,492.62243284951984,0,normal
29.9,ramp,118.2462761595824,748.212363782513,0.21526188396911675,489.4823678551849,0,normal
30.0,steady,116.53819893945227,743.3750036510751,0.20015299313860016,503.04559355017153,0,normal
30.1,steady,117.56634830495462,748.8622288830574,0.1892638042828558,502.0491747656859,0,normal
30.2,steady,119.50202252298673,744.0500815222455,0.1974436347974803,488.9927948715167,0,normal
30.3,steady,119.16650957882979,747.2498869817207,0.1990473862173751,492.87708092050616,0,normal
30.4,steady,118.70831484416809,749.0467866222373,0.20799116106173104,492.16917898237097,0,normal
30.5,steady,118.62229638044249,747.7105491132194,0.18136323112887046,497.89471886995136,0,normal
30.6,steady,116.77257626594742,749.8394280666805,0.20639387638084783,499.62287277829967,0,normal
30.7,steady,118.43838360280814,747.4283443580694,0.21400881396728616,506.5109000798605,0,normal
30.8,steady,118.42402068015488,746.5147270002465,0.19204961136210966,492.6748987320035,0,normal
30.9,steady,118.84985149036368,743.5909332307057,0.19261626293600767,499.7807577884175,0,normal
31.0,steady,116.03036509833657,742.1710293383738,0.20009534276719929,507.9558641856157,0,normal
31.1,steady,118.52531763950734,748.4069080609266,0.21494590127629148,491.8546996915155,0,normal
31.2,steady,117.73008741307108,748.2238370471651,0.19627474035721862,496.8587724001319,0,normal
31.3,steady,118.99948170487778,746.2723213926902,0.1882039320868724,493.9723295745665,0,normal
31.4,steady,118.371011405958,744.6812981945164,0.22401766758629493,494.1671649666015,0,normal
31.5,steady,118.50273482147865,749.3751031464699,0.21149131785998374,486.64121253785356,0,normal
31.6,steady,118.85325206965057,747.1226261805715,0.21128524260979242,498.65413723472426,0,normal
31.7,steady,118.25132579121585,749.8272216969077,0.19327641347667504,494.0976329834715,0,normal
31.8,steady,117.59649749897665,747.625518185073,0.20714697888152447,498.2518873401868,0,normal
31.9,steady,118.61576429990257,743.0736614469372,0.21853765114874985,496.54347874482664,0,normal
32.0,steady,116.2793517862416,750.6047160957469,0.21052181368380596,497.6555388102611,0,normal
32.1,steady,117.34253533913252,750.225519772846,0.2001433663018273,498.0241753893683,0,normal
32.2,steady,116.32278130530513,748.1476909966451,0.1953789246694729,496.85640034731296,0,normal
32.3,steady,118.308091944083,748.9803186667659,0.1971638106076556,499.1459406578671,0,normal
32.4,steady,116.33097336715275,750.8175668720129,0.21105248262277695,490.87370519255916,0,normal
32.5,steady,118.90177544458265,749.5649183262498,0.22323988684218465,493.8363226606064,0,normal
32.6,steady,119.48095793359063,745.962524739452,0.21249940276117446,494.28799358285664,0,normal
32.7,steady,119.56687828573129,749.1828882951256,0.20458240061519606,494.1281603033417,0,normal
32.8,steady,118.90368357856009,747.7745126493974,0.20622687026407047,491.6165388023341,0,normal
32.9,steady,118.04358515002707,746.4919271891657,0.19096599693610514,506.5353870423475,0,normal
33.0,steady,118.44358947226029,747.7462520742052,0.20611116969017387,490.3375367784876,0,normal
33.1,steady,118.6524497262261,748.5058335854274,0.21094447808826677,502.08916796180443,0,normal
33.2,steady,117.73074447463397,747.9596244029188,0.19429895876939524,496.1965645086501,0,normal
33.3,steady,116.84088955620744,744.5507787561029,0.1901822796869749,498.0139139889802,0,normal
33.4,steady,118.00431864879943,743.8385796186157,0.18187152103918214,502.19774870604556,0,normal
33.5,steady,119.90461497921056,750.8587288658919,0.20413485673608986,500.13403789737197,0,normal
33.6,steady,118.05757846117739,750.1382928177338,0.19565350977420595,494.36536471776685,0,normal
33.7,steady,119.26042213865048,748.8888270253194,0.21360742760936519,495.2775854453496,0,normal
33.8,steady,116.61296634367844,748.6312703799217,0.22287499414646794,496.70199970445856,0,normal
33.9,steady,118.70583876066131,746.991351494879,0.2098030569262958,496.9124189719775,0,normal
34.0,steady,118.45692271472971,747.4308610828987,0.1823839126754757,503.8900178887594,0,normal
34.1,steady,117.94653186134416,751.3010705570343,0.20620546674254303,503.1232627565227,0,normal
34.2,steady,119.59969934952439,751.027495979882,0.19858531275387312,492.16298410378096,0,normal
34.3,steady,119.40782717081089,748.3910126538785,0.21278703780333655,486.34923369384114,0,normal
34.4,steady,117.67220882820796,748.003812391731,0.2081801521085418,489.96857048998373,0,normal
34.5,steady,118.1247550756674,749.2139433920828,0.20125496112553537,495.19938383412216,0,normal
34.6,steady,118.07501526977697,747.3982185340964,0.20900620492984315,503.76878979707595,0,normal
34.7,steady,120.07438320500368,746.2344008090575,0.20158149961317728,501.730119553365,0,normal
34.8,steady,118.63648427252296,745.5970321033521,0.20776305880632545,501.1988817095496,0,normal
34.9,steady,117.29639454173571,748.3916146097141,0.2037032313690073,494.67905967468374,0,normal
35.0,steady,119.3412711268424,750.4312065922753,0.19926503718641386,494.4864830746991,0,normal
35.1,steady,118.03226080207921,745.6934154449017,0.19213559434695981,501.41105576654985,0,normal
35.2,steady,117.63266153288235,750.4982567683876,0.19961225327078524,492.5823062770121,0,normal
35.3,steady,118.45351923245572,748.3346515204713,0.21178358567293604,491.1307631077345,0,normal
35.4,steady,117.34002990861623,750.3145888618429,0.20479380482402587,494.9311855159886,0,normal
35.5,steady,117.34994273514658,748.7579275605846,0.21022192333922016,496.1233339583767,0,normal
35.6,steady,117.31343123491338,752.8989664739169,0.19722184087892733,500.6821059480605,0,normal
35.7,steady,118.94406290751195,744.9426974784819,0.2222989147970988,498.79779781370974,0,normal
35.8,steady,119.51052882509826,750.2761565588918,0.20565373302854725,498.0504451684371,0,normal
35.9,steady,120.11941717024098,750.0318876549233,0.20189647900874055,490.332975304835,0,normal
36.0,steady,119.47355452104074,743.3777422867878,0.2169012359237369,494.05101985891275,0,normal
36.1,steady,118.06369672086268,746.0026414798,0.19859269075566366,495.98653125847534,0,normal
36.2,steady,117.4388747373243,746.6802111192275,0.20163548840580012,499.17426157086885,0,normal
36.3,steady,117.84703797528846,752.3073706768697,0.2196101435453966,494.95657063553006,0,normal
36.4,steady,118.97559157735249,746.5206235422048,0.18330745104980273,510.14254128645877,0,normal
36.5,steady,118.41756616126418,749.5586461043254,0.19259697855382432,494.6185336393385,0,normal
36.6,steady,117.81994941115725,745.8094953511227,0.1938620475200108,494.6389642653399,0,normal
36.7,steady,119.92336767785247,749.2734067590627,0.18825653117966756,504.29505523681723,0,normal
36.8,steady,119.68173633278687,749.3536671137831,0.19901827875907568,497.1794148380087,0,normal
36.9,steady,118.7573430243328,747.9905630378926,0.20119287524188312,504.3663564508406,0,normal
37.0,steady,118.93530112950658,749.2792181547957,0.17659677733930618,495.2962903429515,0,normal
37.1,steady,119.85302778117152,744.429472298915,0.2095213819640055,494.14974003048235,0,normal
37.2,steady,117.20753278241813,749.4593439222446,0.19376525135753364,504.7181490635443,0,normal
37.3,steady,118.23681873110984,746.600581264874,0.18517581926231447,495.78884430506315,0,normal
37.4,steady,117.79337094852494,746.8501154238794,0.1927239243540251,501.1537698981514,0,normal
37.5,steady,116.92966436884235,745.3522789275694,0.21549703334008222,500.8979392461892,0,normal
37.6,steady,118.12854766813552,748.7109391114392,0.22043185030754364,491.0898913341379,0,normal
37.7,steady,118.52869475529818,747.6425978606892,0.200071131897771,499.65848714271704,0,normal
37.8,steady,117.6401229195948,747.0319302304434,0.19549900586984187,502.9562693202869,0,normal
37.9,steady,118.70177263758212,749.3807593581741,0.20597866194438397,493.98203650060725,0,normal
38.0,steady,119.79060817143093,744.9449131128,0.21270501431125904,507.6827729824483,0,normal
38.1,steady,118.03832635473907,751.3262293604994,0.1812734863752938,501.3939287334327,0,normal
38.2,steady,116.73595555747623,743.8483770937978,0.1917644435007723,500.3931140756827,0,normal
38.3,steady,117.36443909974842,745.9179667368205,0.19933204822028347,495.196777103233,0,normal
38.4,steady,117.42426359390312,749.4392169906292,0.19689836652257714,503.60971798871725,0,normal
38.5,steady,119.80954262749813,745.5312258041024,0.20242374103398714,501.0819095950384,0,normal
38.6,steady,119.6588174140108,746.2865202223537,0.2043309526744655,494.7363657809582,0,normal
38.7,steady,116.30530620195995,749.1536836754349,0.20694278714965772,491.3737474837179,0,normal
38.8,steady,119.04257373284278,747.2582020542709,0.19751936931738825,497.59758760529587,0,normal
38.9,steady,117.006421646267,744.7804878676817,0.20339746282716728,504.74854149605,0,normal
39.0,steady,117.31895341285998,750.0694459066505,0.1973699549643153,496.4367988924033,0,normal
39.1,steady,118.25531507144186,751.7495341528083,0.19407395741533762,510.4731672515437,0,normal
39.2,steady,117.28608092370524,744.1340121716432,0.200850966856575,496.75395681725024,0,normal
39.3,steady,117.6282214468183,749.1247100692786,0.20406787360488915,491.7744896574988,0,normal
39.4,steady,119.54724976380838,749.2943161070656,0.18922126557417282,495.00044497003756,0,normal
39.5,steady,117.78192964200659,745.3885892772398,0.21922459642070402,492.33786963658736,0,normal
39.6,steady,118.54087360609861,749.2095165383046,0.1960888744505634,497.5598439586683,0,normal
39.7,steady,118.71640542317395,747.9041555614766,0.18444103029906522,494.33679828636775,0,normal
39.8,steady,118.70261605044931,747.5147479567942,0.19026853017183495,501.1430050311702,0,normal
39.9,steady,117.32286416886897,747.8941908130666,0.1989601985393969,494.08199925818917,0,normal
40.0,steady,118.36590743411594,749.4424397859062,0.2098476146060362,505.01374809729697,0,normal
40.1,steady,118.32082444217654,748.1035640034161,0.1978250079928383,502.73449518488945,0,normal
40.2,steady,118.81922712871167,748.3514071126726,0.2056615630848289,500.15289346238814,0,normal
40.3,steady,118.0604710654587,747.1684643422119,0.2049884499796717,494.4341934938597,0,normal
40.4,steady,118.36216101594843,746.3657836939161,0.1936520849114428,492.45918152284895,0,normal
40.5,steady,118.4571209676684,748.4014076171727,0.20268214368152015,502.14636254112463,0,normal
40.6,steady,117.22966593591349,744.2483201375836,0.18033788828455435,500.10434330356094,0,normal
40.7,steady,118.3006743612191,748.1123792037978,0.19311899352138234,503.6761753658789,0,normal
40.8,steady,120.58612920237368,746.0966369436198,0.1951583622192338,495.0852520933123,0,normal
40.9,steady,118.30766748073408,747.4999707771833,0.18930779391593383,495.38014998850065,0,normal
41.0,steady,115.9646236589134,746.419137892925,0.2074725657146706,494.12878539047256,0,normal
41.1,steady,119.3790119944345,746.8347325078317,0.19706911595840118,498.7069250930662,0,normal
41.2,steady,119.55036848938987,746.5594223377002,0.20343427020055324,495.23273727193396,0,normal
41.3,steady,117.90172292104198,752.7732464196243,0.1877033845408068,496.0388400263351,0,normal
41.4,steady,117.85552482549056,746.7561504087728,0.20302880083925226,494.9663696714369,0,normal
41.5,steady,118.12588272329495,747.7003258977678,0.18855232349419598,497.6547411402128,0,normal
41.6,steady,117.75826213124681,748.0777209718274,0.20772965199902874,486.6363912741045,0,normal
41.7,steady,117.84796011200689,743.3025970688178,0.20091462692430126,497.87773336584826,0,normal
41.8,steady,118.72450098467752,746.2819418140379,0.19043963626793636,499.3125773094332,0,normal
41.9,steady,119.71074400263583,744.9777680761196,0.1927310506242638,496.73557145234196,0,normal
42.0,steady,117.11152803062453,747.110999776582,0.20420920226546577,494.5316991181236,0,normal
42.1,steady,118.56799097413695,743.9658156288864,0.19105606785192353,497.38051770211126,0,normal
42.2,steady,118.33450038093618,748.580777033663,0.2051970418060939,498.1617293815411,0,normal
42.3,steady,118.54080004698616,748.8085198734525,0.2042633848950504,494.205287797801,0,normal
42.4,steady,117.99154532722144,748.5799059450978,0.21603631258040595,501.63500793866376,0,normal
42.5,steady,117.36237271524942,747.2577802088018,0.2091769693999725,496.57408969143114,0,normal
42.6,steady,117.90104319362489,748.0347583763132,0.19651096755842046,503.9778662090876,0,normal
42.7,steady,118.39601202223297,748.8785256909041,0.18030041995734297,498.60434392104145,0,normal
42.8,steady,118.18900090037872,746.8028344688202,0.18000590083568505,499.6417130828453,0,normal
42.9,steady,117.93472657798414,744.3520582000262,0.21733586924584009,497.7299466609528,0,normal
43.0,steady,118.13903191788103,746.903873416779,0.2049576788466208,497.6012638163397,0,normal
43.1,steady,118.75616024537194,747.0018388326855,0.20168320083669947,503.34605561153705,0,normal
43.2,steady,117.46683073237344,749.5081047663612,0.18648151204250119,500.4456776004866,0,normal
43.3,steady,119.12719016570098,749.3633950316025,0.19218472038649842,505.75379844646955,0,normal
43.4,steady,116.25652255698257,750.8119205902348,0.19788678503318943,488.4874904653495,0,normal
43.5,steady,118.83034321650423,745.9664041280712,0.2121338464768277,491.4992866980717,0,normal
43.6,steady,117.36778357122598,748.1874469275925,0.18174440560993071,487.9542636318946,0,normal
43.7,steady,118.75590922140746,747.6649913949525,0.19983913097843606,492.4951334592902,0,normal
43.8,steady,119.25985920890608,745.1449372093257,0.18537558497572468,491.41974538648395,0,normal
43.9,steady,117.69571214368095,744.06255326931,0.20380648087797001,501.5497901594698,0,normal
44.0,steady,116.81696791989413,742.6511563481093,0.19923058273869712,495.6323976587156,0,normal
44.1,steady,117.54848990956316,745.1901883815535,0.19783233130927727,492.06935525449575,0,normal
44.2,steady,118.18049700393232,746.0025394134581,0.1837509286115372,497.52613853109403,0,normal
44.3,steady,119.22571469941768,744.6286810757892,0.21079199932046205,493.65531097362106,0,normal
44.4,steady,118.44988398174407,748.0599506548689,0.2156030569053222,496.33215062095235,0,normal
44.5,steady,116.6168895179038,751.768938150772,0.21441149477544058,493.5129785263852,0,normal
44.6,steady,118.33779131164219,751.4176688185813,0.19603136352948822,502.1597583318213,0,normal
44.7,steady,116.87595642274167,750.9410339921678,0.20158889134481098,490.46869363254183,0,normal
44.8,steady,118.70362816790578,746.0835999375557,0.21693889755672197,495.72965465844806,0,normal
44.9,steady,118.28699755892765,749.6538040690012,0.1998323182070962,496.02784547728606,0,normal
45.0,steady,116.191508342311,746.9975387400408,0.21355030036696934,497.91521257979224,0,normal
45.1,steady,117.37561337662594,746.9827163745816,0.18986534472954036,505.07550837466493,0,normal
45.2,steady,116.68952093621566,745.9385309296191,0.20809060313124106,491.3337045071736,0,normal
45.3,steady,116.74346520536253,747.6519790846803,0.21016948181727468,499.11219575676745,0,normal
45.4,steady,117.83770914541525,743.7153950646219,0.1949556292790941,497.0941626368364,0,normal
45.5,steady,115.60823224064728,743.2535745775531,0.20117106526594158,497.88927837662396,0,normal
45.6,steady,118.65858824752696,751.8428847165818,0.20445495098846886,499.5709276089152,0,normal
45.7,steady,116.37500147688385,747.3632097913918,0.1952617044613192,500.1621882466308,0,normal
45.8,steady,118.57317218725812,752.3015494453142,0.2230777106371246,499.3328466812741,0,normal
45.9,steady,119.44883329138831,746.4006798699374,0.20892105716805617,492.6661766643231,0,normal
46.0,steady,117.46129277630884,746.6412863542929,0.21285187661961036,494.26585384047326,0,normal
46.1,steady,117.63712427508872,748.4300949491254,0.1907552742093171,512.0736460142509,0,normal
46.2,steady,116.40476526376533,744.9744995009352,0.20713905634933294,495.2942949434812,0,normal
46.3,steady,119.71876787890766,743.7929773221745,0.20886736356521246,489.28163104563816,0,normal
46.4,steady,116.91925758178644,750.0762423259708,0.21144567903887343,491.27534159131255,0,normal
46.5,steady,118.11750909781237,749.9013071959833,0.19215626105911723,492.8763963762364,0,normal
46.6,steady,119.75618227525354,750.4738255839256,0.22031801599931722,488.1007051242299,0,normal
46.7,steady,117.17339443533243,750.3003612661215,0.1927121165788973,500.9396093449692,0,normal
46.8,steady,119.11619009657306,749.5728619598038,0.21401365482743584,499.32322390388055,0,normal
46.9,steady,118.58242726902749,745.4050713855083,0.18944130450964342,501.9798433414586,0,normal
47.0,steady,119.90717359421527,744.110037582532,0.2193109198993365,500.5087786684656,0,normal
47.1,steady,117.81340115375143,744.096579889755,0.20855648587270142,496.49146912005085,0,normal
47.2,steady,119.37915414892862,748.3969139279502,0.20920918241571304,501.1722719490217,0,normal
47.3,steady,120.0868464874153,748.8211997005689,0.19481042914541694,500.6609446510904,0,normal
47.4,steady,117.88419034615822,743.800048668615,0.20054087482527078,497.19963588796526,0,normal
47.5,steady,118.79531466938757,746.2050399548049,0.20864226409418055,492.01630687714004,0,normal
47.6,steady,116.71295722506329,746.4126865516704,0.19183833497871397,494.94488607522095,0,normal
47.7,steady,119.36416711850376,749.1147023289329,0.20174424159348434,496.8522825753212,0,normal
47.8,steady,117.07495859755018,750.2212854791313,0.20770081323549766,499.1950814380328,0,normal
47.9,steady,117.5009328981251,747.8540993723329,0.1983894222241785,495.6659981490025,0,normal
48.0,steady,118.59888031985308,747.6014820334921,0.20812041214841775,485.9495448264184,0,normal
48.1,steady,117.49330651990485,746.3782363356192,0.20495526879247442,491.21706310250573,0,normal
48.2,steady,117.42126768218866,752.0346778510477,0.19812131755876466,500.160652432575,0,normal
48.3,steady,119.70765015684344,747.0934408110256,0.18202753237531488,500.96292164488017,0,normal
48.4,steady,117.34415689292922,741.4762097627089,0.2071707599751175,500.84171054649994,0,normal
48.5,steady,120.91355798506383,746.9854830302386,0.20059721443457532,490.4839190875858,0,normal
48.6,steady,120.65162270302783,749.3103199374852,0.21700613681993583,498.50570155822624,0,normal
48.7,steady,118.33177598724454,744.4865592172836,0.19936355160477695,496.2955701067422,0,normal
48.8,steady,118.30582144898666,748.6664247283885,0.20112184707478525,490.87609085254445,0,normal
48.9,steady,118.16209748935167,748.098608335598,0.18845307723978913,490.37461920779646,0,normal
49.0,steady,117.56295519236542,746.8337274250104,0.1932244623550314,494.3324817449801,0,normal
49.1,steady,118.35026111291772,747.3633103556997,0.2015017591144713,498.2898586880564,0,normal
49.2,steady,118.75318783161464,747.4312369127675,0.1862779996467246,495.4715804163021,0,normal
49.3,steady,117.87106619421056,752.0326553328446,0.19307654383555042,508.6010484365515,0,normal
49.4,steady,119.70651862197985,746.2759955646744,0.1920328789359311,493.8827708404956,0,normal
49.5,steady,117.94369509802377,750.1219624734208,0.19556339459889482,502.169052638073,0,normal
49.6,steady,118.87984309099716,748.8243871357943,0.2097772366147407,494.27492655722057,0,normal
49.7,steady,116.62991541953787,743.379258317597,0.19380025917352253,496.7593171926155,0,normal
49.8,steady,117.63519621412044,745.6460700324577,0.1911481887248433,489.5995522624706,0,normal
49.9,steady,117.5305641622496,749.8702536310404,0.19631150789525373,501.3186661727121,0,normal
50.0,steady,117.90663594217015,749.1222719050219,0.18908373642014403,489.2018243755381,0,normal
50.1,steady,116.84778049095894,753.254046892667,0.20791092594123395,494.1662424985611,0,normal
50.2,steady,119.3143861499504,749.699813993661,0.20900753590999635,497.60103870645435,0,normal
50.3,steady,119.47008983153749,746.9994253506537,0.19806880138427962,498.1505489280258,0,normal
50.4,steady,118.23178689053906,745.403025763396,0.21514427264105057,502.7236920813772,0,normal
50.5,steady,119.83042571316217,741.9784024076675,0.2061510033791756,496.88093198078957,0,normal
50.6,steady,117.55015871662832,746.8632072985012,0.18878813855490967,497.2435237944406,0,normal
50.7,steady,118.88854629977166,749.0263756581354,0.20456359456695394,497.1887176198519,0,normal
50.8,steady,119.32786608657364,749.1032186979213,0.20011665627289846,492.49405798774893,0,normal
50.9,steady,119.73385268283252,748.0703007356968,0.19244022342542413,494.84119920352833,0,normal
51.0,steady,116.00875786589971,749.8255251654142,0.21049097359501692,505.57142282045226,0,normal
51.1,steady,119.4846042559004,750.3464132932921,0.21569141962379734,490.8120236184798,0,normal
51.2,steady,117.72330764483226,750.0892756443036,0.20570094814513232,495.60741870183165,0,normal
51.3,steady,119.70077892393206,747.2248688625743,0.17633458208470365,497.6135141864211,0,normal
51.4,steady,118.17457059500053,746.2971688934113,0.19442934752990432,504.37314097789005,0,normal
51.5,steady,118.21005044354146,748.91848797283,0.20586135053814203,506.36162254037794,0,normal
51.6,steady,118.09664489883968,749.8456259030686,0.21280248970259663,499.7035235573707,0,normal
51.7,steady,118.33110921813672,750.8527502093202,0.2049813915137708,492.566440642395,0,normal
51.8,steady,119.97357477658866,744.7124179845902,0.19884634523826808,487.12818664729446,0,normal
51.9,steady,116.65300657806307,745.5186746771773,0.19217126189564226,499.20623633039474,0,normal
52.0,steady,117.50815375795013,749.9618364613766,0.2059536785185306,498.9276281635134,0,normal
52.1,steady,118.34310629206956,745.9989107710845,0.20654701564752365,502.73434910008274,0,normal
52.2,steady,116.89681959246846,744.2088588595336,0.20723580731773958,492.0222613336449,0,normal
52.3,steady,119.27525791378041,746.8525801531455,0.20084665502218732,490.07568657290886,0,normal
52.4,steady,119.2432881941105,748.7356022437879,0.1914631611436836,491.3886281682258,0,normal
52.5,steady,119.69807938553201,744.0068428908929,0.2201357172158546,495.79949076206185,0,normal
52.6,steady,119.21310881808377,753.5601432623495,0.204681582772895,497.10256561535124,0,normal
52.7,steady,117.81999822737617,746.8440456369995,0.19616339062135674,499.65390736001024,0,normal
52.8,steady,116.71721461598025,743.8473643534066,0.21706543275872625,500.7352466548899,0,normal
52.9,steady,117.10599457739421,748.3934338268906,0.20717100272635172,494.2868223242558,0,normal
53.0,steady,117.6550725214295,750.8771621731056,0.1901028728109348,496.15499500927723,0,normal
53.1,steady,120.0396681279225,747.6589316622748,0.20713196591140656,506.0419547752637,0,normal
53.2,steady,118.42799430499186,744.3234513565292,0.19322771869225636,494.3701599719021,0,normal
53.3,steady,118.46452519663042,749.3860311819702,0.22956321636881782,492.7175922862141,0,normal
53.4,steady,117.1337426309491,748.0705715056018,0.21511324428941608,508.7024657727051,0,normal
53.5,steady,118.70481996956445,749.4911197345358,0.19344451094577708,502.58460151306065,0,normal
53.6,steady,118.56617016895731,744.2471822157593,0.19941769343201093,496.0537997506555,0,normal
53.7,steady,119.82512485561254,744.0301595263612,0.2093892580033321,491.1933252775568,0,normal
53.8,steady,118.49577297768957,750.4334599398576,0.20492864231772837,490.9214660992638,0,normal
53.9,steady,118.37137530925865,741.6862164733974,0.20745726882120977,496.9355130975193,0,normal
54.0,steady,119.05663611187812,748.2723182069997,0.20110222396584343,492.4998892138109,0,normal
54.1,steady,117.67236757665762,750.5855918975157,0.19679040551727467,496.3996274195629,0,normal
54.2,steady,117.88687309900442,747.4054272760336,0.18415196348769208,492.82352434010994,0,normal
54.3,steady,118.21056059153595,744.7966528616829,0.20803138446453875,491.9970792493157,0,normal
54.4,steady,119.07757570620761,747.9113500781232,0.1872028332055107,497.94694371648063,0,normal
54.5,steady,119.42069315734948,751.5431709581973,0.1958819219284761,499.16865521382977,0,normal
54.6,steady,117.33477815150353,752.7054378411857,0.207428879535912,500.6422077061035,0,normal
54.7,steady,118.00256752672716,752.7364951796841,0.19573382204279857,499.1393926023273,0,normal
54.8,steady,117.11432739294517,748.3425302501557,0.21122125894189525,502.08343153899034,0,normal
54.9,steady,117.90516118505829,747.6186497079441,0.20549634527311972,490.4371835880726,0,normal
55.0,steady,118.95905766293,748.9151537043538,0.21155892742473428,498.8789340303049,0,normal
55.1,steady,117.57795206293976,747.9979129988204,0.20706575792390688,487.5734279453537,0,normal
55.2,steady,118.33094221429745,752.1897752094304,0.20207792847457492,488.4083229815254,0,normal
55.3,steady,117.32297435970925,750.7124461485081,0.2034664744808172,501.79521827797026,0,normal
55.4,steady,118.32201234814023,747.6973561828746,0.19656273289894474,492.9976816372437,0,normal
55.5,steady,118.47316543339844,741.8342325451201,0.2079031164391609,496.3278807898216,0,normal
55.6,steady,119.53420349896861,749.5933029183172,0.17383385398943288,499.65597359182374,0,normal
55.7,steady,118.37651235280302,745.4170665559633,0.19990077219556693,498.32264091113336,0,normal
55.8,steady,118.91650054010763,755.133966674847,0.20395090611528324,493.50162532753245,0,normal
55.9,steady,118.747431806341,752.5879663551659,0.19462373421975349,497.45557143548626,0,normal
56.0,steady,119.86206428882679,747.0886111294752,0.2025856834314764,485.75593552216344,0,normal
56.1,steady,118.02367889615638,748.8232679555625,0.2104243482811988,502.9622080427107,0,normal
56.2,steady,118.50508293903434,745.2550642447068,0.1988453230271551,501.19772000682326,0,normal
56.3,steady,118.76562964874162,749.1717025474618,0.18826827119432357,501.2780447153906,0,normal
56.4,steady,117.56442134012528,747.0949711555091,0.2090845070850714,495.6138011862127,0,normal
56.5,steady,117.96460646520435,747.7339366149686,0.20256166701702158,496.2776744134325,0,normal
56.6,steady,119.36857577069568,748.3405329150195,0.2164850461418653,501.6467224391627,0,normal
56.7,steady,119.1793164232842,746.7264728939979,0.19828729558817684,502.95316268927434,0,normal
56.8,steady,119.00066362598582,745.7821206319994,0.20599470074178317,501.6111234337062,0,normal
56.9,steady,119.52719723390308,750.3613018468116,0.1973220719387622,502.2674175553496,0,normal
57.0,steady,119.64637728548652,743.554995425229,0.21028178777148815,498.1138324329745,0,normal
57.1,steady,118.82508280070122,746.5197914330267,0.21253054656859796,501.9462487917916,0,normal
57.2,steady,119.85724090146219,746.8082546524233,0.21136136916780754,493.7217008250898,0,normal
57.3,steady,117.35999465183195,752.4716538314028,0.19750496382678753,501.94554094429367,0,normal
57.4,steady,117.90365173920279,745.4168886701322,0.19744670675872256,500.7649748737003,0,normal
57.5,steady,118.32376322389581,745.987817495116,0.18598889447010528,496.2679242472116,0,normal
57.6,steady,118.41057587755007,744.1775081029579,0.1852362364672988,493.53743064133795,0,normal
57.7,steady,117.06758897926912,746.7401852938518,0.1969604400945516,512.9708792377091,0,normal
57.8,steady,120.22915019198985,746.6727479536352,0.20135142233302616,504.41510651860204,0,normal
57.9,steady,118.08076367625567,747.5334642147667,0.19559720271984732,498.9295146849344,0,normal
58.0,steady,117.38562106475024,746.442536979696,0.18953891126911931,497.9874301889365,0,normal
58.1,steady,119.28766567073252,743.3336888327526,0.19826005333414157,493.1723284909393,0,normal
58.2,steady,120.25706206392204,748.768465864778,0.2110635492704859,495.22241119553837,0,normal
58.3,steady,117.03517692734859,747.4569161982962,0.2130205639742713,503.4908051768589,0,normal
58.4,steady,116.01337892287323,747.0342242871232,0.20224352757917854,498.5176557475608,0,normal
58.5,steady,116.21126182708372,743.4318997146694,0.20548296249868114,502.5818324011569,0,normal
58.6,steady,118.01620199503687,746.9891982687592,0.20199307510326592,499.8584245740362,0,normal
58.7,steady,118.93470125515597,750.148568680578,0.21124444763475433,487.7976365564615,0,normal
58.8,steady,117.76421396686898,744.6780409203167,0.17912426577361829,499.4646283684453,0,normal
58.9,steady,117.97781990777979,750.0770448188397,0.2083839416315745,497.32173408714436,0,normal
59.0,steady,118.51442079917062,744.1674841471478,0.20580236268644472,507.84115398677136,0,normal
59.1,steady,117.32722485222114,752.1993755396446,0.2050118375143339,501.2543807970802,0,normal
59.2,steady,117.49289222814205,743.565682141925,0.20552545618920492,497.8855293747807,0,normal
59.3,steady,116.32429190812435,745.2035248488359,0.205089962339949,509.3810854768582,0,normal
59.4,steady,118.53898106374248,747.4069983619178,0.22061974304588117,496.64414328000834,0,normal
59.5,steady,118.95792004349515,748.8467035410333,0.2130337308123725,496.9631520722913,0,normal
59.6,steady,119.05720809804905,749.2077594833588,0.1819729864687667,498.8638525322561,0,normal
59.7,steady,119.21346398179146,746.4967439279071,0.1998232757725289,496.29686170398037,0,normal
59.8,steady,118.93397632613274,753.2208524788932,0.2031630531435975,502.64037692605484,0,normal
59.9,steady,118.92123955996517,748.1162518231054,0.20828559145796494,485.3566382569973,0,normal
60.0,steady,117.49527253416058,746.2172279228299,0.21300789781673277,495.27408705559293,0,normal
60.1,steady,119.13046548724438,754.2536639664945,0.19277884041691706,504.66159298545375,0,normal
60.2,steady,118.07163233037818,748.6297312769979,0.2006191899747788,492.81312197365344,0,normal
60.3,steady,118.21693189320463,747.6291629103597,0.20623018220082948,493.84726049878145,0,normal
60.4,steady,117.87142968491658,748.632238721888,0.1990124396435731,489.1905833250431,0,normal
60.5,steady,116.87342843643275,742.935068427231,0.18865391859110248,490.2824412625909,0,normal
60.6,steady,117.95097383931008,748.511509839207,0.22043922039579422,496.8628109619102,0,normal
60.7,steady,119.87038117172742,748.6739823460782,0.1956588302521724,497.43914369023355,0,normal
60.8,steady,119.23140557280237,747.7717830612377,0.19796806237770084,509.0853340233382,0,normal
60.9,steady,118.11346429430593,744.6638826729325,0.20703154864082443,496.36460498869087,0,normal
61.0,steady,117.56222822296047,748.335378195826,0.20294767823064488,504.79298378650844,0,normal
61.1,steady,117.80964356763849,749.1483506348627,0.1919202760020035,498.18874705500065,0,normal
61.2,steady,118.08793088493168,744.949740259727,0.2088536703116908,493.7368895334788,0,normal
61.3,steady,116.74317330518531,749.0105743924412,0.19939421348967126,496.75514131276947,0,normal
61.4,steady,118.73183074070573,749.592227587055,0.1990224290101266,492.65764079578406,0,normal
61.5,steady,117.77343710134775,749.1573224616657,0.20554461790476625,504.2917235535673,0,normal
61.6,steady,116.97143761610454,744.181886819719,0.20098055251876126,500.4909645432048,0,normal
61.7,steady,119.0067878460255,748.1648608411562,0.1916851614011991,498.30542293884923,0,normal
61.8,steady,116.66999519254006,750.2511706127243,0.19752051051611014,494.91418112752973,0,normal
61.9,steady,119.2272968475935,746.8388574650294,0.21043361053024337,493.638086117381,0,normal
62.0,steady,118.43837936862897,744.2117767206461,0.1945471352457331,494.20175806774324,0,normal
62.1,steady,117.4361581483315,744.2986302697484,0.22178363615602542,502.04780880349983,0,normal
62.2,steady,118.80265512489751,748.9198037432363,0.1938741956142999,503.67911825482395,0,normal
62.3,steady,117.7305840355072,746.9492484602114,0.1895856453956891,502.973474897012,0,normal
62.4,steady,118.06993018494975,747.7875943947644,0.20090550923486672,503.51841706021713,0,normal
62.5,steady,118.2304238035622,744.7342683546973,0.2034229525481316,499.45201130059814,0,normal
62.6,steady,118.2816648859012,743.1058521521444,0.2134310918710132,489.7402675291741,0,normal
62.7,steady,118.13333794748361,750.5328499703689,0.20755767171717637,486.4239375297682,0,normal
62.8,steady,118.03725012442221,749.6281780667158,0.19725189545035426,493.6597161364778,0,normal
62.9,steady,117.16436964767284,749.3848375201092,0.20384208584425845,490.9333306486241,0,normal
63.0,steady,116.6029713170762,749.6243824516012,0.19991922114643346,510.9916911227882,0,normal
63.1,steady,118.34746741514263,751.5057250158516,0.18691887880880645,498.40344734429465,0,normal
63.2,steady,118.61242867295236,747.0824230250754,0.194358331801826,494.71122757128893,0,normal
63.3,steady,116.24837087419664,748.5679040398128,0.19387416561277548,497.879920026388,0,normal
63.4,steady,119.4029960966876,746.2643078144295,0.201398844196285,498.5739485571334,0,normal
63.5,steady,117.15541594210256,754.8939873954879,0.19012177863913443,497.4268460730558,0,normal
63.6,steady,117.28341814424203,749.0845814153433,0.2007800184426665,499.65110392813915,0,normal
63.7,steady,117.95325662265428,748.5513707313521,0.20377890541937982,500.89687073995225,0,normal
63.8,steady,119.54117222138919,750.8308702720235,0.2185231588411008,491.87804777401703,0,normal
63.9,steady,119.84885849506001,747.4228632103691,0.2189786942190895,492.7495824305593,0,normal
64.0,steady,119.61472654137384,745.471051666645,0.19510616761223373,502.5942524765766,0,normal
64.1,steady,119.03067086682348,744.913526782278,0.18253208889493416,500.8941399670099,0,normal
64.2,steady,117.72628302109199,750.9271362348603,0.19501761999414013,504.2515309592133,0,normal
64.3,steady,116.76780781688792,748.6893635993611,0.20191813399751082,485.87153715631086,0,normal
64.4,steady,118.40214752609401,747.2512920395889,0.20648694262892203,493.16131298289827,0,normal
64.5,steady,119.54300833104622,747.5601186491683,0.19333022783708786,497.25502463509423,0,normal
64.6,steady,117.88627891371587,752.3060726356523,0.194073531540619,494.88986996748736,0,normal
64.7,steady,118.76350397085545,748.8091032444032,0.1665507384891365,498.4675715168766,0,normal
64.8,steady,116.97730770473838,747.4616822224293,0.21055435108920567,490.0630413462899,0,normal
64.9,steady,118.00456916953623,750.0908944280518,0.21231523210355197,495.96850385861245,0,normal
65.0,steady,117.53992529576537,747.5349612459353,0.20963993172589035,493.29445154376265,0,normal
65.1,steady,117.48948957867289,747.1757333411854,0.2026657942052631,502.3442085231927,0,normal
65.2,steady,117.87835006305816,745.3209811036147,0.20694695738397836,498.45585880260734,0,normal
65.3,steady,119.03085334819167,743.5093753040702,0.2084015902733412,500.62622292062713,0,normal
65.4,steady,119.2169322910077,745.5779134118983,0.20782390350512459,500.39756718882774,0,normal
65.5,steady,118.38720147274776,748.9217260989901,0.2080672296440007,500.80787486637155,0,normal
65.6,steady,118.6568554832169,745.4510942402198,0.19740815212998794,502.0151367195895,0,normal
65.7,steady,117.80865303026026,748.9774988743732,0.18995778989515816,497.07543896193494,0,normal
65.8,steady,119.07756497457022,747.4806349643042,0.21535178649993292,496.8182127088928,0,normal
65.9,steady,117.91078287408307,750.8526992238463,0.21067534686615147,504.56942718984317,0,normal
66.0,steady,119.95450833146677,749.1259107034758,0.20693503366655414,502.4426253706917,0,normal
66.1,steady,120.15828349746928,750.91260065946,0.2205319055775269,496.57010598491473,0,normal
66.2,steady,116.91125840316352,753.0722779544546,0.18315473505551955,499.22802157926344,0,normal
66.3,steady,119.99270528377784,743.9639171233583,0.20623905144613555,491.19333748397213,0,normal
66.4,steady,118.71646918714751,744.002418940659,0.208202777603266,502.895300878124,0,normal
66.5,steady,117.24471601716581,749.9621507761364,0.20308124777790282,500.9157903146869,0,normal
66.6,steady,118.29837354809463,742.4483186445267,0.2188808079289259,498.490977952083,0,normal
66.7,steady,119.00583099354327,744.3477882600258,0.20720585391879842,489.9812612783294,0,normal
66.8,steady,118.49435162598219,747.6738003883783,0.19708432909658102,490.6810303208599,0,normal
66.9,steady,117.53570685616256,742.6879678542639,0.21615303462210875,498.45502874271085,0,normal
67.0,steady,119.07253028965827,744.402441176534,0.21337537890405525,496.1121859966105,0,normal
67.1,steady,119.1614919924165,751.8567154428458,0.18558156413682078,499.5657581083357,0,normal
67.2,steady,118.63383638572955,747.5749464620601,0.22970965470474022,491.7196530653704,0,normal
67.3,steady,118.43620484216675,748.0524519889525,0.1956241643013859,496.8632802092512,0,normal
67.4,steady,116.6878083143948,747.8168580722272,0.20444348944277604,506.868978990586,0,normal
67.5,steady,116.55813397710807,747.941496718182,0.19774825465635745,504.06930691392375,0,normal
67.6,steady,116.88427192360442,750.8695382166978,0.20472913075333551,501.18269008245886,0,normal
67.7,steady,121.25901292265951,743.3199010377326,0.19147254809507827,504.9758841530254,0,normal
67.8,steady,117.02409766804779,745.8147244292301,0.21755215739645603,499.45617944215076,0,normal
67.9,steady,119.58316792590448,747.1539376746758,0.2115549307211839,496.6590933840317,0,normal
68.0,steady,117.90675298680188,747.4783349251595,0.1921671107158473,499.1369380622912,0,normal
68.1,steady,119.03436300391265,753.2660001638628,0.21505157854959006,494.47775919202826,0,normal
68.2,steady,119.65957264639559,750.1884747423595,0.2032688086181947,501.75935642316034,0,normal
68.3,steady,118.93071654043715,749.5315381126767,0.20841242779066718,494.75077348720487,0,normal
68.4,steady,117.63062872230992,751.2065796726687,0.2011501334927091,496.57884590528835,0,normal
68.5,steady,119.01200104427413,748.8686265062404,0.1904417847605694,496.10441005873975,0,normal
68.6,steady,118.36343681332767,745.0763878515812,0.1985425017506545,501.7929790308031,0,normal
68.7,steady,118.51108774674464,747.2974824558808,0.19804633811963887,504.14533243142614,0,normal
68.8,steady,119.28672153803035,750.7716404916878,0.20243212122365564,501.12120520674694,0,normal
68.9,steady,117.94413682009264,749.0877670282393,0.20990674140992757,501.12507616879657,0,normal
69.0,steady,119.21769259384924,748.9298105564266,0.2157039151394185,484.7395297969067,0,normal
69.1,steady,119.78549187866815,748.225332698767,0.20559716829014787,503.4269065102649,0,normal
69.2,steady,118.32221913927745,747.9387970665393,0.21389721363871575,490.7342195104886,0,normal
69.3,steady,116.83993310318391,749.4859919051127,0.17777413577726753,495.7081122685439,0,normal
69.4,steady,117.14953710864525,750.5460366119088,0.19716794084349984,494.5223629604193,0,normal
69.5,steady,117.19094241690107,745.4138291069829,0.20430977709483172,500.83518131149407,0,normal
69.6,steady,118.17541246321146,745.9749487198761,0.20511729666484213,493.9233158123676,0,normal
69.7,steady,117.21087223587283,748.0524591442153,0.2070070414653784,498.25378757755783,0,normal
69.8,steady,118.00816397212866,748.379046814365,0.2154998955104597,506.53380327695896,0,normal
69.9,steady,118.42478441120387,750.4982906448203,0.18016523711258792,495.4850156399108,0,normal
70.0,steady,119.45746424559508,746.6752183105435,0.20895055627325754,502.17705038957104,0,normal
70.1,steady,116.1223906795561,744.9541450657349,0.2123645963795973,499.8386304680993,0,normal
70.2,steady,118.34706373400388,750.0443719173448,0.1914819573053174,503.75741993387754,0,normal
70.3,steady,119.19869136981077,745.1320987924595,0.19909540229169603,499.3358659229426,0,normal
70.4,steady,118.77902862681746,744.9187448630447,0.2034581114207294,483.67060063167617,0,normal
70.5,steady,118.1673701689335,743.2700708586977,0.18455550734556778,501.8219117723228,0,normal
70.6,steady,116.9722439229832,746.0320446824461,0.1980124735356005,489.456848042136,0,normal
70.7,steady,118.13100137305779,748.2230283492414,0.21083869182820422,496.99400476604586,0,normal
70.8,steady,120.50488045775697,747.9407461626263,0.18723146996941678,498.3233921160467,0,normal
70.9,steady,119.44999866518205,745.8752270651152,0.1872613186640963,497.76297894294623,0,normal
71.0,steady,118.39747888502491,747.219852981275,0.22364361630038798,501.8777904012174,0,normal
71.1,steady,118.44361093576225,747.1074268903287,0.21635843682010844,482.35995297724764,0,normal
71.2,steady,118.16573457818401,749.1420879849857,0.18166739364901402,489.3308095578561,0,normal
71.3,steady,117.02782102733887,743.0670711055308,0.20600244277482646,496.55623988423594,0,normal
71.4,steady,118.50954287023191,750.6879958868226,0.2039308922654369,497.74099505763945,0,normal
71.5,steady,119.19160872645118,746.3438963248524,0.20118750126827467,496.698716461205,0,normal
71.6,steady,118.40053814191177,745.6652995783196,0.1942690829796123,496.9914938471396,0,normal
71.7,steady,118.40987976077963,746.1548297124259,0.2016741420892404,499.2923429373219,0,normal
71.8,steady,117.78488241865954,744.6927684462571,0.20144818033798212,501.76481044915215,0,normal
71.9,steady,117.80267700179569,747.8071406452068,0.20789874179784867,495.6343093066022,0,normal
72.0,steady,117.83465107612462,747.8255623994561,0.19403244649110726,500.8752579979204,0,normal
72.1,steady,117.71030577574841,745.9329586822597,0.21105537043830574,493.8864066697692,0,normal
72.2,steady,120.0029413437415,747.1574866305992,0.1827078962565809,493.49703300768556,0,normal
72.3,steady,119.01581661603907,746.9084408850375,0.19917846041627607,493.9276346010191,0,normal
72.4,steady,118.55347842896185,749.8676785165314,0.20724767282914144,495.1295994579514,0,normal
72.5,steady,117.39607720559623,744.026135390084,0.20414606658052062,491.07282525887985,0,normal
72.6,steady,117.65228320015119,746.5250046051226,0.19534417881669688,497.160646050863,0,normal
72.7,steady,116.97261891901645,747.8040263840145,0.21944995767637474,501.0933953333243,0,normal
72.8,steady,117.65774608790524,746.4152912510161,0.22592144855672885,493.38605136672595,0,normal
72.9,steady,118.48759129006636,745.1992955749542,0.21423396668668843,494.06926473460635,0,normal
73.0,steady,118.11285806708672,743.829234832869,0.20369016397564227,499.20727860821546,0,normal
73.1,steady,119.8298725720887,745.9138494524855,0.180538127225125,502.30103818880895,0,normal
73.2,steady,118.33884606696056,749.2746157479216,0.20487347527215524,499.2420056461415,0,normal
73.3,steady,117.61456957180138,747.4532549327895,0.2135374313842199,499.58517409570885,0,normal
73.4,steady,117.54341725147954,749.1838628080959,0.1994831758929885,502.9951956408022,0,normal
73.5,steady,119.35538659044039,746.6083298182011,0.19339141743057262,495.59404201820587,0,normal
73.6,steady,119.23394238958767,746.4359898831887,0.21410360404905768,498.1652343938025,0,normal
73.7,steady,119.0054290900816,748.6774630017237,0.19150722651084304,501.6629722802588,0,normal
73.8,steady,116.81346774398726,749.4622557199683,0.20248435141014468,494.87546471664155,0,normal
73.9,steady,118.0959025010264,750.1395830935893,0.1880051168760264,488.3761286405005,0,normal
74.0,steady,118.0636960267027,744.3448358350214,0.19888508607582994,492.4843039355906,0,normal
74.1,steady,118.03555710539874,745.5877467404447,0.20597586974275967,498.60208249038675,0,normal
74.2,steady,117.63125482741108,742.3936295740507,0.18266395192337326,499.29646060959516,0,normal
74.3,steady,117.26437140631403,746.6501963619197,0.20556585639463185,494.66096123378907,0,normal
74.4,steady,119.70163699869227,746.0905867891677,0.2007409285833086,496.34320027503435,0,normal
74.5,steady,117.73773995708986,746.6355531454764,0.19973697679107433,496.7416238511736,0,normal
74.6,steady,117.43660860106746,745.0447743557289,0.16642076645096537,495.6181054313151,0,normal
74.7,steady,119.15824865178816,744.3110738200008,0.20270276861907457,500.4983180984173,0,normal
74.8,steady,117.60698649579149,746.532553690337,0.19880973425667858,493.5486424202846,0,normal
74.9,steady,117.32362642646038,755.3084253971421,0.19940992787539275,496.76400876678093,0,normal
75.0,steady,118.800572416434,750.6158899337598,0.1996447818184941,498.25338440146794,0,normal
75.1,steady,118.4376542180022,749.1074261232746,0.1914826955100363,497.8708354144407,0,normal
75.2,steady,118.09786979316426,749.6883547069865,0.19662146850911766,497.52368006104933,0,normal
75.3,steady,117.63647857740983,742.6837170104448,0.20441813123316638,492.32908951726097,0,normal
75.4,steady,116.48974690691024,744.8757598639943,0.21698957474069216,499.0424044292868,0,normal
75.5,steady,117.67213795516163,746.3417079823781,0.2059839157254256,498.5316016532898,0,normal
75.6,steady,118.12870880193667,746.8786031167905,0.187896244857723,499.87159986380925,0,normal
75.7,steady,119.12601583268768,749.0038945602157,0.19684883046474044,509.11587233417816,0,normal
75.8,steady,117.20434739095614,743.9585072749036,0.19276767222774976,494.57684537327987,0,normal
75.9,steady,120.1447761060178,749.5142894053338,0.21379359494458358,498.4008260461895,0,normal
76.0,steady,117.47082648966934,747.1625966284441,0.20617281162904416,490.50881426103314,0,normal
76.1,steady,118.4654984896021,743.7046595799536,0.20622068666489526,499.0026518102949,0,normal
76.2,steady,115.79160068265067,746.7077962501199,0.20183702733124043,491.00960363531857,0,normal
76.3,steady,119.94340497042498,747.9005215433228,0.21642317306249312,492.70272457247245,0,normal
76.4,steady,117.003604634458,748.9477279044308,0.17805604964401647,498.95312622207814,0,normal
76.5,steady,118.10618985107654,746.7977262786069,0.19356646515824405,488.3030457787196,0,normal
76.6,steady,119.72230584407953,747.8709409040581,0.1994366792927759,499.34295250516107,0,normal
76.7,steady,117.8705121343475,750.8533588239976,0.20461875812778824,494.88429740913597,0,normal
76.8,steady,120.60867254548259,743.8307026335293,0.20602793871165598,507.4188078198338,0,normal
76.9,steady,117.47726642512939,745.4443806375447,0.19197508705994054,498.9438879785296,0,normal
77.0,steady,118.48490664586222,749.733722069526,0.1963942888640969,495.4525428906778,0,normal
77.1,steady,118.42536318695377,746.4965350713065,0.1900723618479691,489.21506388311826,0,normal
77.2,steady,119.41418783869823,747.5831938937351,0.21615699661874857,497.0691418300024,0,normal
77.3,steady,118.71186631903826,745.4093013495676,0.2246793755267337,495.0335271824368,0,normal
77.4,steady,117.56206430672079,744.5615606315336,0.21340418854018547,495.7695022286009,0,normal
77.5,steady,119.4904753440703,746.8679453293307,0.19477641928633194,496.05759756996406,0,normal
77.6,steady,119.46716930246436,740.1427623776393,0.2128208300335831,492.8684716903763,0,normal
77.7,steady,117.40576233814674,745.9944114661681,0.20853991445120063,497.140367339048,0,normal
77.8,steady,118.52131630977732,749.663983618065,0.20574540138286262,494.6203822059991,0,normal
77.9,steady,117.38992536754368,746.9328793862945,0.21069982146939933,496.67782008929333,0,normal
78.0,steady,118.18238335040829,746.6844840678191,0.2034428626439722,496.40920916438796,0,normal
78.1,steady,116.634429422349,745.4895897811242,0.22757565732892207,497.96899443539235,0,normal
78.2,steady,119.46797939050418,748.6569565714889,0.21519016580842143,493.7299011957424,0,normal
78.3,steady,117.24875491412796,750.8762404599915,0.20429510989691443,497.77342897162623,0,normal
78.4,steady,117.26501881745502,747.69227752211,0.19463034549247926,492.79193397912206,0,normal
78.5,steady,119.11399450128462,743.6732780292836,0.19382543579165215,499.286656780587,0,normal
78.6,steady,117.1691438440486,741.0981129388039,0.19963916678649093,500.239334381867,0,normal
78.7,steady,119.1177150684861,749.6786562356273,0.21934347041465163,498.70224430537667,0,normal
78.8,steady,118.37446834738506,743.6396933199575,0.20369511363362672,503.05640221459015,0,normal
78.9,steady,118.27877421904599,748.0033166785242,0.21430549739348373,492.7127005976609,0,normal
79.0,steady,119.99041436105897,750.7522638136875,0.19794169766234987,488.3785334678219,0,normal
79.1,steady,119.63570066721029,748.4203591364558,0.1912689529893512,496.1869061613649,0,normal
79.2,steady,117.65365848039924,744.8388584766685,0.19848323040413587,493.70107492170206,0,normal
79.3,steady,117.2439748032951,748.6224943688921,0.21807976194215845,507.3528430455015,0,normal
79.4,steady,118.50491247046676,742.6475573019792,0.21806895629401163,495.01868979743676,0,normal
79.5,steady,119.47339794315516,746.0814836222621,0.1783273968840977,497.1664409186783,0,normal
79.6,steady,117.74100303929686,748.7251724004359,0.21324753350479694,507.3755394558081,0,normal
79.7,steady,120.3801570601599,744.1790582783821,0.21429420373980115,503.6987172179352,0,normal
79.8,steady,120.16090374371826,743.7029783355385,0.21288764202224475,495.05080755130314,0,normal
79.9,steady,118.25561501726797,748.2212672698677,0.2104610960391562,503.5940286391853,0,normal
80.0,steady,119.20313983003592,744.7840135739744,0.1930713304624945,498.0229710478629,0,normal
80.1,steady,118.4936721970868,744.1523221309994,0.20061716185814207,495.8365784679583,0,normal
80.2,steady,118.75092624545847,748.40222508815,0.19485275242455288,487.51309596164197,0,normal
80.3,steady,118.68587119737718,746.8775891330877,0.192392830023545,495.16482904156135,0,normal
80.4,steady,119.73182439720038,750.6206367417515,0.21229495339237642,496.9372600094846,0,normal
80.5,steady,119.24778362078767,744.7384323156231,0.1863352326691249,499.20732023551176,0,normal
80.6,steady,119.39164893217102,749.1357073168618,0.2161913823935226,497.15809637444954,0,normal
80.7,steady,116.57916891792624,752.6574165755553,0.19222995111057659,498.17292327037626,0,normal
80.8,steady,116.34781364500061,746.5312987641116,0.19714652222274293,507.66952062596505,0,normal
80.9,steady,118.93423341021261,748.187773459852,0.22261739698743468,494.7921794168397,0,normal
81.0,steady,118.00651868587822,746.10787785763,0.1947549604907562,501.4952349332657,0,normal
81.1,steady,118.80855141678596,743.0329381326588,0.2036072894976595,500.1000912255564,0,normal
81.2,steady,118.44344827855517,745.8255017336072,0.19893348507578557,505.06616264326357,0,normal
81.3,steady,118.03070539881458,749.0294986102956,0.20072136809842894,504.8001963608909,0,normal
81.4,steady,115.84140965274986,745.8707221697698,0.19092711730169534,501.02068835316624,0,normal
81.5,steady,119.25626939036529,749.4198444917121,0.20957225959384498,503.8953397699033,0,normal
81.6,steady,118.44303876627296,747.4741719297429,0.20229918163193475,494.93422053259695,0,normal
81.7,steady,118.85902995960824,745.1440464380586,0.21120352792375402,500.04544479391325,0,normal
81.8,steady,118.4093712201145,748.2880878899387,0.20315642493253802,495.68910008454003,0,normal
81.9,steady,119.21304482928997,751.7977548113529,0.20711053074801622,496.1692383876682,0,normal
82.0,steady,117.56118341977454,745.0425802288656,0.20326865205625472,499.4464123613525,0,normal
82.1,steady,117.8817918178845,746.4208739461097,0.18503875804383346,498.86230891638553,0,normal
82.2,steady,119.43270438318115,749.2999279076561,0.19633886458609087,492.6437503106902,0,normal
82.3,steady,118.67511597557193,747.7578352602047,0.19571903577857142,507.3328467718218,0,normal
82.4,steady,117.77176008073526,747.2193678519017,0.20704081669302513,500.2527337508602,0,normal
82.5,steady,119.40427664816875,747.3091972956337,0.19736662653326054,498.8698933106808,0,normal
82.6,steady,118.1541644827953,750.1921410038732,0.192160257529996,502.90322648365316,0,normal
82.7,steady,117.0766575000659,747.9432440115787,0.2272493826927198,499.0211959819909,0,normal
82.8,steady,116.08409084856763,747.0683617138606,0.17921756930308344,503.22580818143166,0,normal
82.9,steady,119.20165377162782,752.9557679494177,0.19269880679761875,497.42097126510333,0,normal
83.0,steady,117.866450573962,748.6502270139662,0.19170111356943062,496.7316659213582,0,normal
83.1,steady,116.9789680063131,748.183433953033,0.20866989867815053,496.2387469782386,0,normal
83.2,steady,118.42476757066242,743.8171747864577,0.2012785048968652,491.5493915059711,0,normal
83.3,steady,119.72069474400293,742.265369100303,0.19720693562341385,512.0089478039293,0,normal
83.4,steady,120.16967573613091,748.9494777184029,0.2066603323885231,503.3581781479398,0,normal
83.5,steady,118.09519369928802,745.132564788731,0.19820398564477365,499.8824488095792,0,normal
83.6,steady,116.26561435090328,751.162162723629,0.2012647694058165,498.0353168146967,0,normal
83.7,steady,116.58390881606053,748.3508394155995,0.1973061532303446,496.10060188595554,0,normal
83.8,steady,118.39862217004381,745.9366085375914,0.19860470102724662,500.63875918845775,0,normal
83.9,steady,117.35460858545513,746.7510825934667,0.1973867342405492,495.39791433375115,0,normal
84.0,steady,118.83744469451347,746.8260075810767,0.1975352052378069,502.46117687472827,0,normal
84.1,steady,119.20941445245384,748.4537651621849,0.21030953711436928,491.80191294834026,0,normal
84.2,steady,118.73624576720948,749.0943783779769,0.1936571285363716,499.2199421126702,0,normal
84.3,steady,117.64361163438456,750.7595604752184,0.2089441194792593,497.6197619298341,0,normal
84.4,steady,116.4722754820026,743.4312322966101,0.1973950538317806,498.08734628043413,0,normal
84.5,steady,118.26955535608239,745.1971049350973,0.1752807799120177,496.8417114993805,0,normal
84.6,steady,117.16092489416563,752.6357287115034,0.21035602160180436,495.178759346382,0,normal
84.7,steady,117.42285345815547,746.3677311506503,0.19812541455464275,493.9713741249063,0,normal
84.8,steady,119.92919357621368,745.8754405626443,0.22170945723537652,499.5849537231247,0,normal
84.9,steady,117.33147896723172,743.8622528288781,0.2048880375156459,495.0403643869386,0,normal
85.0,steady,117.10034736603251,747.7149827472408,0.185429762538786,490.39080106933346,0,normal
85.1,steady,117.02021786522047,749.2393571498329,0.1836017778723617,495.8496352950254,0,normal
85.2,steady,117.6158706236001,749.2854134226768,0.21315734244096768,499.8028158474553,0,normal
85.3,steady,119.61130994822648,749.289812614377,0.20026793914668692,497.43202571324633,0,normal
85.4,steady,118.00855505696266,747.09211926468,0.20221699455792383,505.52481725197384,0,normal
85.5,steady,118.82969737668763,750.7393351537686,0.19524305586337637,494.47475797866076,0,normal
85.6,steady,118.65574559593509,748.699293078363,0.19132922739726485,487.4699154077673,0,normal
85.7,steady,118.89077002329567,744.8773211586112,0.19455564980711315,504.424720459923,0,normal
85.8,steady,120.80330281942861,750.5008252950931,0.1844156175750602,491.30257171575283,0,normal
85.9,steady,115.82801493489939,748.7211213939553,0.20114382821899895,496.6005243486569,0,normal
86.0,steady,120.26093640094976,748.739355683968,0.1989588936164566,491.5631648146642,0,normal
86.1,steady,119.00843855941356,750.1027786816802,0.1873411847620663,501.9265876009853,0,normal
86.2,steady,116.9859818835671,744.763597806445,0.19450471449599668,498.67566233550724,0,normal
86.3,steady,118.14156633746427,745.9599355590734,0.1965918174726297,494.60458929371646,0,normal
86.4,steady,117.75399185937553,745.4172123427072,0.19034886468144804,496.34204237868977,0,normal
86.5,steady,119.20381317254302,752.6963342465297,0.2082377253378082,497.50784892750954,0,normal
86.6,steady,117.62264208877372,752.0126516848735,0.20529389441423168,502.43581897582857,0,normal
86.7,steady,117.8965236032268,746.4220354957764,0.1882747763405082,489.3838460317052,0,normal
86.8,steady,118.16382286681832,748.4293278565561,0.19175598341148178,495.62085842182137,0,normal
86.9,steady,117.82873813076363,747.6244886770711,0.21422754488213247,498.56779285576886,0,normal
87.0,steady,117.69871360550692,749.2026415629732,0.21315123005972567,490.37229823224004,0,normal
87.1,steady,118.492166619304,748.5006969901945,0.20000394656777,496.5915719667286,0,normal
87.2,steady,119.56597628449715,748.0012959232574,0.18781803660978885,487.5174138356933,0,normal
87.3,steady,118.33611924580232,742.6296030854788,0.21490171948718942,500.5505626473069,0,normal
87.4,steady,118.12333247201121,747.5091778431329,0.19152585280905393,494.0648395460208,0,normal
87.5,steady,118.0643660407418,747.005492588051,0.18881563005243884,503.8451038885225,0,normal
87.6,steady,118.73083479843656,744.4421435734348,0.21310268373405628,498.4303031664886,0,normal
87.7,steady,118.5507042597154,748.6357461453042,0.19376332300462293,504.2067705449502,0,normal
87.8,steady,119.15163409182585,750.2212297764884,0.1981483434554358,494.54111667028235,0,normal
87.9,steady,118.20637432651492,747.3816732284295,0.18475396154514453,496.71233635671,0,normal
88.0,steady,117.46186843549926,745.5155397275934,0.19470601150830505,501.8361682020164,0,normal
88.1,steady,117.88021082390952,747.4417866105434,0.19618735059915166,500.1446342097694,0,normal
88.2,steady,117.38608758318757,753.8561995668958,0.18958828592025675,488.19832094719357,0,normal
88.3,steady,117.76510366123331,748.8008372301025,0.20854440452467066,494.70706108006544,0,normal
88.4,steady,116.98589911790936,748.2793828133965,0.1956581732167014,490.39303293939776,0,normal
88.5,steady,117.21785779329356,753.2471085330814,0.2112631581468535,493.25107880331177,0,normal
88.6,steady,117.2999017841473,743.9294066322825,0.20028734219255245,495.7174859223077,0,normal
88.7,steady,115.88581839248515,750.2555397278818,0.18428669851786647,497.3865157260969,0,normal
88.8,steady,120.81964169856843,742.4392659307498,0.19438113595714038,499.17443633587567,0,normal
88.9,steady,119.7952965566879,754.0744433175388,0.19770129928907898,508.6523450499683,0,normal
89.0,steady,119.16898185646299,745.7875652194884,0.2009355445673036,493.56183848765113,0,normal
89.1,steady,118.3755874759176,748.1635777072605,0.19452298061541146,501.647915722408,0,normal
89.2,steady,120.47054548764305,750.968614914249,0.1917949972060661,504.69518203617184,0,normal
89.3,steady,117.4593344236609,746.7359067506334,0.20269253474313684,498.6523339088389,0,normal
89.4,steady,118.30993501427736,745.519942192854,0.2183812013132223,507.48528710833443,0,normal
89.5,steady,117.62047373774124,747.3510751937773,0.1993377426883873,490.88270029955237,0,normal
89.6,steady,118.77632792582803,746.1592802638465,0.2117399613079984,498.92462099925217,0,normal
89.7,steady,118.6208035291309,746.4393899865385,0.19188021851961418,496.21702954514006,0,normal
89.8,steady,117.76895057130295,748.5032761968429,0.2042143477103583,493.2678331642889,0,normal
89.9,steady,117.87727076212715,748.5546918850106,0.20099849082190316,498.85734970817975,0,normal
90.0,steady,119.06044139822221,749.6945146508424,0.19464444102783457,503.0527816227928,0,normal
90.1,steady,117.4661736723809,747.9123448703493,0.20193830212832106,501.9124463027543,0,normal
90.2,steady,117.61134080136814,744.9365328950092,0.18694721924340177,495.9174917338104,0,normal
90.3,steady,118.42538203638239,750.2418852124878,0.19869672039138989,502.6911106742736,0,normal
90.4,steady,116.4169675539575,748.075011896518,0.2021720353422681,498.9373132277453,0,normal
90.5,steady,117.77054482857542,747.1823845583626,0.204529236959074,499.27358969309086,0,normal
90.6,steady,118.48199299407406,751.1680900371446,0.2130363408869782,500.10791096441983,0,normal
90.7,steady,119.94840257499133,745.1864297005442,0.18896351606137188,496.96912029408253,0,normal
90.8,steady,118.74955915772983,749.4835361042268,0.19514373696597603,505.40405373374074,0,normal
90.9,steady,117.60011358787543,749.6397927224176,0.19807219222931058,499.6948619436273,0,normal
91.0,steady,118.26661700277315,747.0750579174364,0.19370301609336185,502.07494889178776,0,normal
91.1,steady,118.30620973080693,746.8053199495155,0.19042015054356778,494.81403684241616,0,normal
91.2,steady,119.17420637794926,749.9050075833604,0.21311536034538162,490.7573708122759,0,normal
91.3,steady,119.06030198652297,745.757263423277,0.18561441580620566,499.9879749257951,0,normal
91.4,steady,118.09537298021056,750.9404808443373,0.1920013123047953,499.8646903514967,0,normal
91.5,steady,118.54286913855148,748.7433245575489,0.18836441116232583,497.51337460652013,0,normal
91.6,steady,118.09328782817578,748.2374975476278,0.20128746890516253,502.1731501851749,0,normal
91.7,steady,118.49656704799432,750.3787900583762,0.19812006956412556,504.0857852703098,0,normal
91.8,steady,117.813978884392,750.0217590807194,0.201303131073507,496.3446978535683,0,normal
91.9,steady,118.07412409388411,746.6179215085724,0.2107029506623819,493.7362414215658,0,normal
92.0,steady,119.58094928808042,751.8169554312603,0.21397099251198326,493.959117515948,0,normal
92.1,steady,117.7337166590297,746.4636939609742,0.19455189778506374,499.7744027481731,0,normal
92.2,steady,119.4711143754633,750.0198844995481,0.21516877192666894,491.6766332388691,0,normal
92.3,steady,119.34111181812602,749.5584929388828,0.2011783131909852,499.2137384204082,0,normal
92.4,steady,116.73587414011199,749.778185117209,0.1978221755573807,502.6390248822614,0,normal
92.5,steady,118.1081256395401,743.8996096788304,0.20148242484929926,506.5482239076898,0,normal
92.6,steady,118.8660518464363,752.1667799258645,0.19527087887904862,497.1462969436566,0,normal
92.7,steady,117.09778368164228,747.5422898550174,0.1920566653163546,505.5430928459673,0,normal
92.8,steady,118.82896037280301,745.971042490769,0.17718478453269362,506.14692564004366,0,normal
92.9,steady,117.06110522840646,744.306920310964,0.19833926669561688,496.6390880159369,0,normal
93.0,steady,118.92746990703729,746.7221539865311,0.18970168127956477,499.9309708445202,0,normal
93.1,steady,117.78020811346073,742.8229876652184,0.2110346468553154,491.72883483712354,0,normal
93.2,steady,117.6273502745513,746.0466416455984,0.2110583805098287,494.40277994199573,0,normal
93.3,steady,118.47064711057557,747.4938140295731,0.2028346726118588,497.78323205759847,0,normal
93.4,steady,118.70089949365938,749.4018514428172,0.18181143895160864,491.1148239062233,0,normal
93.5,steady,118.44861724165231,743.2788236125517,0.19201040116292137,495.3996059008456,0,normal
93.6,steady,117.06786736382556,745.7477282942074,0.20891644953332675,492.0926787391535,0,normal
93.7,steady,119.11837509330083,749.0534716227016,0.1816687285172269,507.69569112157234,0,normal
93.8,steady,117.91677264126659,747.4075515463906,0.20122691816508118,497.4872578504238,0,normal
93.9,steady,118.46332908100018,750.0097485183228,0.1966103592754675,493.38385117141,0,normal
94.0,steady,117.82625972161053,749.8670301485356,0.19811306486399796,505.5792314416289,0,normal
94.1,steady,119.36552051430554,750.2467049709081,0.19966064657026739,495.5708743923232,0,normal
94.2,steady,117.3536519801616,748.1668927347314,0.18912401534342466,501.38301336105087,0,normal
94.3,steady,116.81274339237933,748.05814899676,0.2097139570868988,496.68795013977973,0,normal
94.4,steady,119.46807417019154,747.2026122294886,0.17674990379495306,496.029268497801,0,normal
94.5,steady,119.30978650838392,745.8727832606385,0.1996227576913338,496.8543714818072,0,normal
94.6,steady,118.00258967349129,751.7377995922257,0.21838665724849957,501.1606231360199,0,normal
94.7,steady,120.31297518813545,747.9091574661055,0.21116661938743994,503.7640424638212,0,normal
94.8,steady,117.06499268264082,749.4773655579638,0.1932850309569696,497.3445936185859,0,normal
94.9,steady,117.41948879195152,748.8331915683659,0.19613812676368486,493.41711809788046,0,normal
95.0,steady,117.97266295737167,743.546504830811,0.2031416495899602,496.6272849716659,0,normal
95.1,steady,118.9810523970505,743.0872887678713,0.19452457382261712,505.9409285803457,0,normal
95.2,steady,118.14063271905596,751.5870330351426,0.20655304305822209,506.3685236751281,0,normal
95.3,steady,118.52744094596925,747.5473448996331,0.19680673316195366,500.3390372552069,0,normal
95.4,steady,118.99936436606582,750.0102560225741,0.21364699765818743,507.8105351182571,0,normal
95.5,steady,117.07063638332168,745.4253446395602,0.1919755531565634,491.9576932135104,0,normal
95.6,steady,117.81357384023255,748.617643156504,0.21391583759058713,503.7906313732314,0,normal
95.7,steady,119.4459365800694,744.3873816872135,0.20203146146281886,491.8863260607963,0,normal
95.8,steady,119.77139266443668,749.6918344499338,0.1937953636947011,494.9753865469222,0,normal
95.9,steady,118.29732458759786,753.0841540294706,0.189955877692865,497.3617849761061,0,normal
96.0,steady,117.45813728128864,749.6734786991587,0.1950135909202598,491.68223661583824,0,normal
96.1,steady,119.77664621654614,747.3501919805079,0.20896360209334464,494.7185855392301,0,normal
96.2,steady,118.57498553595482,747.784261043033,0.1997017997315824,502.00880613216,0,normal
96.3,steady,118.94514804355633,746.8363813593618,0.1889315591207494,500.3460438062394,0,normal
96.4,steady,118.19110852662675,746.6262992681068,0.1990019472013522,488.8330994459541,0,normal
96.5,steady,119.18966868227243,745.2617969809781,0.19333392927025703,501.00925267931115,0,normal
96.6,steady,117.12722700720478,748.5072963182139,0.20590644764316327,492.9541036169274,0,normal
96.7,steady,118.2680810420441,754.7261427309088,0.20573002875405694,488.23242988560816,0,normal
96.8,steady,119.11825922706213,751.6051940977843,0.17977242312974048,493.4748590876513,0,normal
96.9,steady,119.1745342618143,748.242701835686,0.21406018946301333,504.8234221872598,0,normal
97.0,steady,118.44012167300666,748.7058162432188,0.2067815124777125,499.0488023663913,0,normal
97.1,steady,119.90908702993214,747.0958380847653,0.20132987409413222,499.4510223851113,0,normal
97.2,steady,120.07909479273593,748.0641337546303,0.21053027594703994,499.7850820504848,0,normal
97.3,steady,119.25829944417684,748.6816102996237,0.21365943026705805,501.6815564600829,0,normal
97.4,steady,118.03226334287692,747.6560625608523,0.2109680925441833,496.78133409278,0,normal
97.5,steady,118.910324183962,746.7843262327782,0.20027508158931057,486.8764791594163,0,normal
97.6,steady,117.43095334086865,748.1083648975055,0.20060641662646522,497.9758065175519,0,normal
97.7,steady,118.04193518554817,751.2070682078095,0.20462310024797367,497.585287012447,0,normal
97.8,steady,118.20144134765268,740.8877468203838,0.18690983803017241,506.4251502353428,0,normal
97.9,steady,118.54193052682827,749.5401871643742,0.20235990897204698,492.59266687936474,0,normal
98.0,steady,118.23181843432964,746.3357434815485,0.19137100061690632,493.9987728718329,0,normal
98.1,steady,118.27424656947552,745.0638320198957,0.19019691906911412,497.9916614786797,0,normal
98.2,steady,117.0669833398984,750.737797169276,0.19330873739399232,497.9882051331899,0,normal
98.3,steady,119.27825193824116,748.0072264225003,0.2004484144081553,503.8793836581774,0,normal
98.4,steady,117.50044038683984,750.4912033785503,0.2074965970421136,500.66638539729524,0,normal
98.5,steady,117.39458530081062,749.6425662778441,0.2015444688210511,497.03217326538584,0,normal
98.6,steady,118.25744146196304,752.5128555931788,0.20084472886136645,487.9920043262321,0,normal
98.7,steady,118.61915401072392,745.796628660583,0.2142967263164072,498.83539952591957,0,normal
98.8,steady,118.5363198807971,748.7784903581545,0.19832509053166306,496.4403362314971,0,normal
98.9,steady,118.12248904292606,743.6285256521135,0.19837063996484416,493.68751046033185,0,normal
99.0,steady,119.38519318671851,748.0841207353371,0.2066331709765222,495.8025485654675,0,normal
99.1,steady,119.43592684903402,741.7115733397816,0.1938537971849382,498.30522268018734,0,normal
99.2,steady,118.8179838184411,744.9511279714771,0.18991051380395418,495.9547861144817,0,normal
99.3,steady,117.47185653470858,742.1428497262707,0.19972423821557853,502.76498619453827,0,normal
99.4,steady,115.6372241420312,750.3498108841234,0.19409457955319975,499.62599219817713,0,normal
99.5,steady,117.00282068924149,746.8804026660958,0.20457804076381872,493.9566880124584,0,normal
99.6,steady,118.51262875318218,747.9471582471328,0.2075952083083845,497.2378332887512,0,normal
99.7,steady,118.54056226750293,745.3158175334337,0.19975524790260113,505.51864687311206,0,normal
99.8,steady,118.21791596953575,752.1071623782955,0.20999025927907827,495.81903914485497,0,normal
99.9,steady,117.92020199666031,745.6475079685773,0.19819307567597705,500.7480103389104,0,normal
100.0,shutdown,118.3305311290187,744.63664212141,0.1903851346176738,503.1738260223689,0,normal
100.1,shutdown,117.93291918504232,745.8270958770198,0.19633738388021577,495.1845199672964,0,normal
100.2,shutdown,117.10054280723092,738.9407842988752,0.20809777461618523,497.89332626322386,0,normal
100.3,shutdown,117.36582036362888,738.2478372235017,0.19401147449469702,480.99535941319084,0,normal
100.4,shutdown,117.77948125731028,740.4640997793844,0.18960191822679753,479.60524285085575,0,normal
100.5,shutdown,117.42971232739512,734.1251420658984,0.1841479227867001,490.9703866131626,0,normal
100.6,shutdown,115.99358730640577,734.1957525701782,0.20012944399257662,492.4232098701892,0,normal
100.7,shutdown,115.50461557941131,736.2570593082055,0.1940156584649604,481.496474056855,0,normal
100.8,shutdown,114.85348391200552,728.21167308571,0.16912570753340506,475.04904943833156,0,normal
100.9,shutdown,114.08000790056202,727.1490577149758,0.19082157548749692,486.12092989317904,0,normal
101.0,shutdown,113.19511480397617,723.5069977728214,0.19240131169109134,484.74779678900035,0,normal
101.1,shutdown,115.14118709414952,724.7643558485171,0.18674322012669392,467.3378151011133,0,normal
101.2,shutdown,114.63450538308456,721.4184625013803,0.19253402001501388,476.3110229238213,0,normal
101.3,shutdown,112.5904546238266,714.2529728551649,0.2025288865883055,475.7994924902094,0,normal
101.4,shutdown,113.40215957420673,717.2787917333328,0.18486008555264058,469.6024264284083,0,normal
101.5,shutdown,113.07998756958733,716.2977762411359,0.2230528723693566,470.55272662570866,0,normal
101.6,shutdown,112.05653053248719,712.4623937631194,0.1867965001534331,475.00460896285045,0,normal
101.7,shutdown,111.12238246079517,705.970178477474,0.18492618544709177,465.0618216183282,0,normal
101.8,shutdown,110.73045461283839,703.8424662288404,0.1786770169400182,465.2113647052147,0,normal
101.9,shutdown,111.8228123585286,707.1353955097774,0.1987087368920197,454.57809209606967,0,normal
102.0,shutdown,110.1218365828002,701.005135916389,0.2024918580769876,452.79071416364053,0,normal
102.1,shutdown,108.79416762804995,704.6620787258262,0.20375556679755838,459.2680862683177,0,normal
102.2,shutdown,108.32096022356657,696.6323294015061,0.20187683884934193,453.3338374681567,0,normal
102.3,shutdown,109.5860440516012,694.1847989490086,0.17376792535671814,452.47475165008086,0,normal
102.4,shutdown,109.7952311542772,695.8621983900823,0.17931211265131447,446.3885932298049,0,normal
102.5,shutdown,108.87805944570025,694.8828444686327,0.16729897303931587,450.43669467525945,0,normal
102.6,shutdown,107.80220015391065,689.2339526690841,0.20008308429714716,447.9678533299218,0,normal
102.7,shutdown,108.14892915742179,688.1757678370373,0.18814461245863737,436.72506401791276,0,normal
102.8,shutdown,107.02554348935207,683.1727641235844,0.17819579006628383,452.5218767578376,0,normal
102.9,shutdown,106.81385557628566,683.4233396319418,0.20686946310884194,442.42535438380764,0,normal
103.0,shutdown,105.71114494925811,680.2910947234977,0.19102624505495036,443.7480484723194,0,normal
103.1,shutdown,106.70238685883977,682.1652608585482,0.201019450112492,434.94156574163367,0,normal
103.2,shutdown,105.15341529858324,676.6393109575694,0.1865592314181611,430.51219795880064,0,normal
103.3,shutdown,104.97977176366425,672.5657620725158,0.17976646193038065,433.5478622292643,0,normal
103.4,shutdown,106.83563733958519,671.9752575208863,0.1889596242023564,434.6962687419251,0,normal
103.5,shutdown,104.75201284800131,669.3880959790671,0.21819613085569842,420.65515393582604,0,normal
103.6,shutdown,106.16545868937641,666.6015870478486,0.1864239939039871,423.92749103080826,0,normal
103.7,shutdown,104.09494733538533,667.6460977785802,0.19791310718098895,425.0004081718682,0,normal
103.8,shutdown,101.91629349498106,666.7681900700943,0.18233412667443688,414.48214673551956,0,normal
103.9,shutdown,103.11007949416464,653.6652568929196,0.193461033723693,420.46747674899314,0,normal
104.0,shutdown,103.44923528954034,660.1049962747554,0.1808544999529774,414.3114568557215,0,normal
104.1,shutdown,102.0782479440404,653.7504549565633,0.18819715462433287,411.61779508230074,0,normal
104.2,shutdown,102.10805327210528,651.4560825137369,0.17597852951024495,419.98385251509137,0,normal
104.3,shutdown,102.24034392961727,650.782922284673,0.1839885309590758,410.4533122393126,0,normal
104.4,shutdown,99.57802509097912,650.0747590254296,0.16470785998077933,407.7855467376963,0,normal
104.5,shutdown,101.37278302475279,647.8766958965552,0.16611155063969152,413.57410111829955,0,normal
104.6,shutdown,100.43305149592544,648.6539057882344,0.20754374210485727,402.76696977713067,0,normal
104.7,shutdown,101.3030330253196,640.2263290930596,0.17887180266437058,402.5065929937461,0,normal
104.8,shutdown,98.91480324086939,638.9991229149948,0.19762821996834867,403.9326468112301,0,normal
104.9,shutdown,98.84671563380599,635.9818997579792,0.18388721178568843,389.56264243042625,0,normal
105.0,shutdown,99.02233946721141,640.5098265847852,0.18959242983398258,397.3000718214166,0,normal
105.1,shutdown,97.70510461520071,631.2182441020902,0.18942573021436343,389.9609264712839,0,normal
105.2,shutdown,97.58527556707419,631.8344673139427,0.18575444502690658,397.84226603249556,0,normal
105.3,shutdown,98.71300218660815,624.909520169144,0.17948240128386878,396.71320741034964,0,normal
105.4,shutdown,97.46149869287032,629.9812734947529,0.17817185049883733,384.2890748322052,0,normal
105.5,shutdown,95.57555083262224,621.8308672164294,0.18447365576280983,386.3222101457683,0,normal
105.6,shutdown,97.51330944894333,621.184210439545,0.18969311004272685,386.4226055264982,0,normal
105.7,shutdown,94.72098280271054,618.7243793721693,0.17645477887006397,377.0701318553137,0,normal
105.8,shutdown,96.28191262696231,619.9226328771628,0.16871404830752304,380.8744414416776,0,normal
105.9,shutdown,98.9027208572709,613.3311474858311,0.17700751079846203,382.32075077584875,0,normal
106.0,shutdown,95.73612976129121,612.3839541292164,0.18829770085690778,376.401712376047,0,normal
106.1,shutdown,94.47730632732429,610.6205999419477,0.1748295287125257,378.58533454193457,0,normal
106.2,shutdown,92.64416651375514,609.4302143801368,0.15616462441764328,384.9845276038231,0,normal
106.3,shutdown,92.8336555017964,604.7229471793614,0.18704611080612774,365.67303722555255,0,normal
106.4,shutdown,92.1835848385364,600.0413335291877,0.17097281164276262,364.400368893437,0,normal
106.5,shutdown,91.95279679995262,602.3782026186901,0.18148443983432438,368.65341859619514,0,normal
106.6,shutdown,93.40163174524898,595.2596422508853,0.1693360914685658,361.3727538256055,0,normal
106.7,shutdown,89.59697393325769,593.7618730113818,0.1808708392204484,363.4235782371165,0,normal
106.8,shutdown,89.66672363975844,592.28316382956,0.16917175103577245,354.5376544810547,0,normal
106.9,shutdown,90.29846532120429,589.5411554078814,0.16942032931234036,363.9229048420055,0,normal
107.0,shutdown,91.62505103212804,588.6902593205019,0.16439299816969374,356.0875145630319,0,normal
107.1,shutdown,90.228967498244,588.515023805724,0.17965015281148042,357.3452363843058,0,normal
107.2,shutdown,88.19918321128563,586.327087257834,0.1731471161249012,352.37199019635887,0,normal
107.3,shutdown,90.82641518002902,584.8001071178705,0.17208074425909567,345.9312954465095,0,normal
107.4,shutdown,88.34611046509865,582.4397555775497,0.1710059692926392,344.90023088878144,0,normal
107.5,shutdown,89.49999818476292,574.3225976008077,0.1752151163310286,353.7265828619122,0,normal
107.6,shutdown,88.1468440524417,580.3489494193999,0.17148150560109648,345.36826495168884,0,normal
107.7,shutdown,87.4863975319758,572.6944680202246,0.1754713311434153,338.5993474445881,0,normal
107.8,shutdown,86.56365348823624,575.2028532431892,0.18180786991951053,337.5410123554137,0,normal
107.9,shutdown,87.97762427107418,575.5266938763672,0.1757433603540811,331.35021619156805,0,normal
108.0,shutdown,86.58295822836138,563.5840324574883,0.1630756481566537,342.0838039755941,0,normal
108.1,shutdown,85.32692462825602,563.3619323627512,0.16660712629644076,335.1279306549827,0,normal
108.2,shutdown,85.59751729917757,564.7447863955382,0.1841187959956717,336.8725009293099,0,normal
108.3,shutdown,84.51282397525424,563.1563469459259,0.1696486170656939,328.2374103223205,0,normal
108.4,shutdown,85.1035752251796,563.1168275572542,0.1713679853758668,327.77959111921115,0,normal
108.5,shutdown,83.73198007282738,557.8496091213125,0.17305295982947175,331.25232423251197,0,normal
108.6,shutdown,83.92541599721362,554.7585258700005,0.17582903170079228,323.8750723007566,0,normal
108.7,shutdown,81.93527364532873,550.164535168912,0.15505740639428311,330.4618971965516,0,normal
108.8,shutdown,83.52901692635903,547.8645874716362,0.14940304634920143,313.1747243395368,0,normal
108.9,shutdown,84.37586312954987,546.3651577724654,0.15982826847783854,313.26990989556657,0,normal
109.0,shutdown,82.66730604304405,545.8869411321772,0.16566822061252434,322.85813252769333,0,normal
109.1,shutdown,83.05240268160358,542.6710759325978,0.16139849923012695,314.94107007527066,0,normal
109.2,shutdown,81.9476963708807,542.1864222352707,0.1760302618398725,308.1400827764577,0,normal
109.3,shutdown,82.1510528597061,535.533161225729,0.1676608152266939,314.07576312616095,0,normal
109.4,shutdown,81.38073824365173,536.1907499170841,0.16867582202823797,313.32712250868104,0,normal
109.5,shutdown,81.54053206230783,533.666831402538,0.16042744289197175,311.31687333885105,0,normal
109.6,shutdown,79.53201041947784,530.5753986203839,0.1500816093699242,307.6434419529147,0,normal
109.7,shutdown,79.04440427061667,531.2823270103416,0.17361366532137668,305.68742554961807,0,normal
109.8,shutdown,80.24376841064955,531.295122909488,0.16458694642098942,300.2692276487963,0,normal
109.9,shutdown,78.14055823137492,524.8699484158146,0.1571684803822467,298.2923379935927,0,normal
110.0,shutdown,78.57812214232548,524.5440392214467,0.1536996073058027,296.5028381834813,0,normal
110.1,shutdown,78.5375979281944,523.0932264910912,0.15909546417281353,296.73772196529814,0,normal
110.2,shutdown,77.97345627929539,519.3616599616653,0.15969839224353474,303.4372611390328,0,normal
110.3,shutdown,77.00907046040153,516.8649936380863,0.1549221680420126,293.1953846388206,0,normal
110.4,shutdown,78.1172971038745,512.2640262952075,0.15958634165375987,294.6162274646034,0,normal
110.5,shutdown,77.69802866292646,511.4317063622765,0.1552750118245971,288.66756649738096,0,normal
110.6,shutdown,75.60808983131243,508.1302128691222,0.15643251637117037,278.6936865141367,0,normal
110.7,shutdown,76.05059599323737,513.5333553780719,0.155961793593346,287.64443262484735,0,normal
110.8,shutdown,75.60503045902851,506.1974328305107,0.1489586703865424,278.9418060636684,0,normal
110.9,shutdown,76.97744906675845,505.3279042833069,0.15949268540724826,279.77592654794535,0,normal
111.0,shutdown,74.7796077563909,499.44316068187237,0.14974482612565457,277.75377660902257,0,normal
111.1,shutdown,75.53341321318742,499.5735894171951,0.16766640647311867,283.15584918808844,0,normal
111.2,shutdown,73.1175051520655,495.77459684289255,0.1413814570751007,272.3165389658443,0,normal
111.3,shutdown,71.73909925745568,494.888982104223,0.15013279743970764,275.8390909283096,0,normal
111.4,shutdown,73.53333295205064,491.8297950880679,0.16622443162066183,264.26872461012687,0,normal
111.5,shutdown,72.92044064306869,490.6567388622772,0.15587082140410288,270.6826723481639,0,normal
111.6,shutdown,70.89657525155606,491.12706128584745,0.15612763199901775,273.3083593323063,0,normal
111.7,shutdown,73.12138240635396,484.27870314688295,0.1418194511476558,259.6619278514455,0,normal
111.8,shutdown,72.31439402307602,481.4799334866806,0.1616760836230236,253.39077496379747,0,normal
111.9,shutdown,69.97258094845888,477.7612849652033,0.14145297114590574,266.58140924453653,0,normal
112.0,shutdown,72.38719514079372,476.6358619972257,0.14168608233800759,258.97048320366673,0,normal
112.1,shutdown,70.35783490812351,477.518028349927,0.1408713153065242,255.04118485496917,0,normal
112.2,shutdown,69.25517118731882,477.1549285936319,0.14816273174751732,259.5798135185683,0,normal
112.3,shutdown,71.40035112652079,469.1583031954022,0.16212507567261328,251.12005842169467,0,normal
112.4,shutdown,68.7644739450573,470.8293452824266,0.1516257823681235,253.9192089711613,0,normal
112.5,shutdown,69.205278759805,466.67160679751,0.15221108181769108,259.2628436279466,0,normal
112.6,shutdown,69.7844952061846,467.5140128860003,0.15314004718252164,248.2672409734569,0,normal
112.7,shutdown,68.88889116039873,462.74363229219506,0.17168782753323253,240.31751587674327,0,normal
112.8,shutdown,66.95484732360929,463.6876251085187,0.16036979864837844,251.38256007383885,0,normal
112.9,shutdown,67.11772794592699,458.06958165101423,0.15258380574693708,243.8208714712642,0,normal
113.0,shutdown,67.40239837608536,455.95025735699846,0.13924413909601177,238.2172884564161,0,normal
113.1,shutdown,66.25557878249472,452.1505825639307,0.1463418355853959,240.97816260608397,0,normal
113.2,shutdown,66.25928737559984,449.67666392415254,0.14174443447516327,240.50827568106644,0,normal
113.3,shutdown,65.91325370372432,450.1895347586549,0.1485902746633084,230.42181778539415,0,normal
113.4,shutdown,65.65090197761549,450.5017453700963,0.14609591588806395,232.32355243824395,0,normal
113.5,shutdown,65.49006877112684,446.6437303635565,0.1499342789109561,216.24820458776813,0,normal
113.6,shutdown,64.05335245817413,444.8300792303856,0.1490756220495693,231.54061990661987,0,normal
113.7,shutdown,65.38953735132861,436.8509982338261,0.15309681000197678,226.12686451685053,0,normal
113.8,shutdown,65.55307102712614,433.9346254110799,0.13957117317645829,221.70812258062858,0,normal
113.9,shutdown,62.405782170558325,433.2259036549604,0.15776459676642832,224.5256807497885,0,normal
114.0,shutdown,63.44760346939326,435.658317676114,0.16488287333112683,222.20207646211753,0,normal
114.1,shutdown,63.29263633836251,430.4453547002512,0.1422233965362174,217.5168463159067,0,normal
114.2,shutdown,62.34820924909405,430.01502623749224,0.15315708340258571,222.0535968298741,0,normal
114.3,shutdown,61.89429737094289,434.12901536224285,0.15352018821888608,207.6935904918896,0,normal
114.4,shutdown,61.18283921849974,423.35525079131304,0.13412145366225284,216.8038168121793,0,normal
114.5,shutdown,61.92865421249838,418.0355485388757,0.1354066761065404,207.23956124483365,0,normal
114.6,shutdown,60.69213381611241,421.85894936468435,0.13159813740184367,213.72701022679453,0,normal
114.7,shutdown,58.72596756605037,418.0048209440868,0.14501263342274848,205.68758554372917,0,normal
114.8,shutdown,59.10843523128368,415.44650077354135,0.15070541086064015,200.34083073413584,0,normal
114.9,shutdown,60.59768523468015,414.3745893361562,0.14104709669343599,204.88135255476897,0,normal
115.0,shutdown,59.372929024114086,414.52801447903676,0.14903688062342987,199.40380249438564,0,normal
115.1,shutdown,59.32585880985111,409.3382910195369,0.13742975130545126,190.3653163774918,0,normal
115.2,shutdown,58.74844672766466,403.5016478427026,0.14585064061315473,201.73371857889043,0,normal
115.3,shutdown,57.84172546950194,401.00589393681435,0.12142642879984147,199.9282135153209,0,normal
115.4,shutdown,59.54123191744898,401.1500439012728,0.1507762979186341,186.27593864671292,0,normal
115.5,shutdown,57.94839226730697,402.6658670779961,0.14366409072440872,186.3889976217562,0,normal
115.6,shutdown,57.275495082608494,400.2668358305638,0.14617744983091446,181.7803753859061,0,normal
115.7,shutdown,55.788915150798424,392.45122203819295,0.14486086514183016,185.14988781657763,0,normal
115.8,shutdown,55.111715801851304,393.827157160352,0.14239140650882745,183.57011927996297,0,normal
115.9,shutdown,53.576998011731035,394.6972288603414,0.1518325828581887,181.52741919334062,0,normal
116.0,shutdown,55.88542412841293,389.1427732705387,0.13233704294554582,179.4945581677301,0,normal
116.1,shutdown,54.31946419620973,383.7246408061757,0.13212518643218135,171.28195790819274,0,normal
116.2,shutdown,55.55487532232521,386.8345586881561,0.13239725521720266,182.0493144789118,0,normal
116.3,shutdown,54.14173291388973,381.5418794353064,0.13803169669446633,169.52273881805738,0,normal
116.4,shutdown,53.1718416054635,380.3230951414954,0.11803623421824486,173.517421180343,0,normal
116.5,shutdown,51.220039577121625,380.5660054046153,0.1365915332445183,172.5661794707575,0,normal
116.6,shutdown,52.93917453893202,376.6329360415735,0.12847871671103886,174.36064917575916,0,normal
116.7,shutdown,53.42778570729501,373.65207935760895,0.13948153328648102,173.84256276963424,0,normal
116.8,shutdown,52.73745084002312,371.5269434267397,0.12693623543283658,167.6897226219008,0,normal
116.9,shutdown,49.91809632774777,367.0548960489745,0.14066876441467976,162.24372343914132,0,normal
117.0,shutdown,51.55331270884584,365.23010931162037,0.1359306903165848,160.67118566959047,0,normal
117.1,shutdown,51.92954045757201,366.70892326737453,0.1419452577051745,157.8324534497947,0,normal
117.2,shutdown,51.731916813830374,364.8455391259966,0.13604025979246806,166.34602548022286,0,normal
117.3,shutdown,50.03667859208957,355.2772006688835,0.12637088828048393,158.97085263279828,0,normal
117.4,shutdown,50.10432459222679,358.6423212889943,0.14111510942944028,154.87756332999214,0,normal
117.5,shutdown,47.353842118566234,359.1887884856531,0.14093871264175453,145.36964366870487,0,normal
117.6,shutdown,48.247038774102094,352.77071144737806,0.13281065652968496,151.98700427824016,0,normal
117.7,shutdown,46.947889897185604,344.9688094763568,0.12290902908523817,148.16124724123176,0,normal
117.8,shutdown,48.1587954350583,346.95736660756455,0.13567834834061293,148.48135931065636,0,normal
117.9,shutdown,48.38819289658462,348.3248262055027,0.12879870471543176,136.1862346172495,0,normal
118.0,shutdown,47.25125043412765,341.2481790244723,0.12433403144377593,141.44202975926717,0,normal
118.1,shutdown,47.624764881955386,343.0769498071091,0.1217207637101505,139.12799092490582,0,normal
118.2,shutdown,47.22311055319547,335.772112701426,0.13045447964886248,130.72526358513784,0,normal
118.3,shutdown,45.19285247549976,339.464553145368,0.11856400604734967,131.67497276984344,0,normal
118.4,shutdown,46.484317425812776,334.77131877830845,0.1461885438520447,122.30731622946445,0,normal
118.5,shutdown,46.35103867335975,331.98874945570486,0.1328711505407305,122.70573983253512,0,normal
118.6,shutdown,45.31852270271286,332.05306318649093,0.14680068706685867,130.81819845516105,0,normal
118.7,shutdown,46.422207072526135,329.7005963594227,0.11977368265371025,133.09763224468713,0,normal
118.8,shutdown,43.41726301792961,321.74134164583194,0.11787339209587104,130.8455716777259,0,normal
118.9,shutdown,43.612238637956686,320.2917288154149,0.13791657023315637,121.64307364035764,0,normal
119.0,shutdown,42.84318142066726,327.59429253390067,0.12505080385600736,118.99269830300894,0,normal
119.1,shutdown,43.83517113857859,316.1833733621172,0.13599661684935613,119.3100718645246,0,normal
119.2,shutdown,43.27868888494903,311.7688392520262,0.1363101654635274,123.48361016540656,0,normal
119.3,shutdown,41.97897753813466,313.5437330542745,0.13168742902598515,119.22744146528402,0,normal
119.4,shutdown,40.724792205046306,309.4899751624726,0.1303123145694706,104.06372162585501,0,normal
119.5,shutdown,41.50688618655693,308.75270871066476,0.10913516057127154,107.07540299353705,0,normal
119.6,shutdown,41.23663621974638,309.80146681606874,0.12658175919019654,109.93337125714906,0,normal
119.7,shutdown,39.18485940273544,307.61261343984313,0.12131768197537568,115.38530752460397,0,normal
119.8,shutdown,39.423469772116995,302.4903251592494,0.09650020259998024,102.5053041797168,0,normal
119.9,shutdown,38.46621328013804,300.9004058483151,0.12037391587010261,105.00909409591969,0,normal
