time_s,pressure_kpa,temperature_k,vibration_g,thrust_n,anomaly,scenario
0.0,38.7353202881612,300.3333322757647,0.1688405978755314,6.340917985829693,0,normal
0.1,40.661098679784224,300.5289331390719,0.13931857696419742,-0.5454569147798978,0,normal
0.2,41.74602116131643,303.8074044168944,0.1300051565076327,-1.568809051970561,0,normal
0.3,41.37353841111442,308.8237876711532,0.1463603452078552,5.786375622116863,0,normal
0.4,42.34792034974521,315.0463829143353,0.11682628360463311,20.909838225800502,0,normal
0.5,44.04545450321666,317.67725312501216,0.12675266459783707,18.42666761401957,0,normal
0.6,43.92640497475176,317.75468687797655,0.14866614641212114,30.679655167260957,0,normal
0.7,46.88693053099729,322.43959455594194,0.13206706829387227,31.025054357327704,0,normal
0.8,44.6760761745196,324.1011605562186,0.15732688089706184,25.823612031413525,0,normal
0.9,45.362894221082726,329.09676046653135,0.15133282318797656,28.28862913418012,0,normal
1.0,47.3804990812777,330.2112720354705,0.13368173147082713,44.79004104905833,0,normal
1.1,47.74898810442673,331.77975139998773,0.1388102278380628,37.25346453143001,0,normal
1.2,48.67737338147969,334.23931653092967,0.13490749565815197,48.34698947062484,0,normal
1.3,47.2735367135025,332.3162974860133,0.14378611720772028,46.25309582007665,0,normal
1.4,48.91810432154368,340.6801713494984,0.15459948324239048,51.1899763678406,0,normal
1.5,47.41002882857507,345.1051932411143,0.13183741745986866,51.29046181966283,0,normal
1.6,48.85787568124603,351.2225740092642,0.13392785487881773,47.970022927307085,0,normal
1.7,49.02851852849289,355.2571222489873,0.15231279599925512,62.823470714945195,0,normal
1.8,50.806735176334044,352.20207465408635,0.133740223313035,51.44225167856731,0,normal
1.9,52.23134921149176,350.05291938032946,0.1539569575556092,50.69255488184173,0,normal
2.0,51.155039554325135,364.85256325127824,0.1438823532964027,73.31693342098805,0,normal
2.1,51.83261495641334,364.0159734614857,0.15718603879690812,69.29324982093733,0,normal
2.2,53.61668783913556,368.930515898326,0.11914491009126922,63.30599222680747,0,normal
2.3,52.256103321310015,366.37238195381815,0.1559610954464608,69.60887533514274,0,normal
2.4,55.106941365886435,369.48198339031796,0.1338615232000558,84.0384692040533,0,normal
2.5,51.908090948735165,373.8202117097072,0.17238453322275066,92.57956475898494,0,normal
2.6,54.32466898514958,377.3167311009281,0.1504259631813837,76.6820190122677,0,normal
2.7,55.217700066125175,380.3062015551178,0.1496813155085269,81.58887936968858,0,normal
2.8,55.49441982369669,386.566707322701,0.15111359800925878,96.38169509760853,0,normal
2.9,55.730514860277246,387.69526183401894,0.15606194344883986,94.28943853041102,0,normal
3.0,55.74951238634441,387.18469109732126,0.16495992926836633,93.12300614895071,0,normal
3.1,55.06250661104411,392.60559798829996,0.15760559652200345,108.78032285296655,0,normal
3.2,56.85367470494518,396.0339866619812,0.13405955004562187,98.98774516905097,0,normal
3.3,58.999134841464475,396.91858402578197,0.15190044445404355,110.90869407056717,0,normal
3.4,59.48220314087293,401.9565756549297,0.15844930417466202,114.86052337022277,0,normal
3.5,61.71497425514729,405.47758576291227,0.16077160881533414,132.4246711055815,0,normal
3.6,60.9190792481797,406.6193002331675,0.14737710992923075,115.9139277860236,0,normal
3.7,62.563823016533895,409.4935247172241,0.14628081855307715,121.58212913611773,0,normal
3.8,60.2160555455305,409.76056259628996,0.1361732842174247,130.37903221306195,0,normal
3.9,60.60036982361379,412.9666698614446,0.1606671698606657,137.56247887679214,0,normal
4.0,62.022244686891305,417.4770364165737,0.1617615585736817,151.13771990096373,0,normal
4.1,63.32240139605322,421.2372139498512,0.14841078295522653,146.74852944947628,0,normal
4.2,62.99020958460354,420.2973840945287,0.15147668443007734,143.3660641296892,0,normal
4.3,63.53385430266749,427.8260584975114,0.13873378928565197,150.6978873417763,0,normal
4.4,65.5786678831297,426.7434822638904,0.16726896549818754,147.18337716446095,0,normal
4.5,64.42091412389775,430.4268214351543,0.16867208131241063,154.95398507716422,0,normal
4.6,67.3398648423873,444.6303216854248,0.17994552869174057,158.46553690506988,0,normal
4.7,66.9114821587862,440.42444195078735,0.15703469017915106,157.07249700429148,0,normal
4.8,67.24752937689705,444.82009635513185,0.17249381151223792,171.32266743543923,0,normal
4.9,66.12860407643481,441.3790969263211,0.17869153840138693,163.22967136352003,0,normal
5.0,68.21650241829983,450.3515176348496,0.13841037122358574,176.7092485777293,0,normal
5.1,68.50071517213735,449.0709230846827,0.14358959466419294,171.92744243454254,0,normal
5.2,69.91663221295042,452.4501862276741,0.16726119730606495,163.8466819985633,0,normal
5.3,68.75446635040035,455.0067767582897,0.15459348362148315,182.755282258794,0,normal
5.4,71.19057526778359,458.17872266652444,0.1629432118593755,177.90029505352695,0,normal
5.5,67.43515736048168,460.9480464733759,0.17139023678383317,199.42391305579613,0,normal
5.6,70.57037990344502,467.57887497620214,0.1460847639385148,193.8384314811492,0,normal
5.7,73.52149428773566,471.8570445522924,0.16695792984125502,198.0015886956814,0,normal
5.8,71.98859612981553,474.1165082531485,0.14258935706350664,192.26472474956805,0,normal
5.9,72.11741240499411,475.9493543762651,0.19224198716029417,210.6887325108406,0,normal
6.0,74.88864378787729,480.13921129080614,0.13899361206514055,204.70456556871994,0,normal
6.1,73.13942391279372,487.3213290414549,0.16295022666416858,207.98204855846143,0,normal
6.2,73.37991544652603,487.27409262338836,0.16081636128187354,206.42385135484986,0,normal
6.3,75.10362916833289,483.77830772218715,0.17049929536225947,212.08293311950203,0,normal
6.4,75.66827840433429,485.26519945500286,0.16250467340836008,224.60155976125301,0,normal
6.5,76.16054076145862,496.2255004996062,0.17577137953707883,214.35689602502154,0,normal
6.6,75.48583142284409,497.9614314802585,0.1650296167727734,217.93750572436267,0,normal
6.7,76.29589473989402,502.6759233810461,0.16418668304688466,235.3224181659728,0,normal
6.8,76.86714721539319,498.1439866858728,0.1699517493216371,219.7105964087424,0,normal
6.9,78.9852008309165,505.33968203692,0.14521431149422268,237.9480443391947,0,normal
7.0,77.70809134064649,510.7046980771691,0.18788386974290142,231.44362439066865,0,normal
7.1,78.79815880645117,510.05993470601794,0.17251759797737906,235.54690098216633,0,normal
7.2,79.50672810500205,517.8210368374093,0.1745063440478726,248.81383863084815,0,normal
7.3,80.18212015194702,518.1480179861506,0.16117160377436357,247.99225040735914,0,normal
7.4,80.85692748915346,524.5233213509872,0.1726110384215334,251.0610545792133,0,normal
7.5,81.26417741954612,529.3855502873465,0.16324058464584973,250.6997837157079,0,normal
7.6,82.50051172524049,529.0542426596679,0.1900986878717106,267.46894265201126,0,normal
7.7,80.87777700071543,531.5965767218818,0.1677493296359174,277.0777237356084,0,normal
7.8,82.49202928030745,529.0033004623771,0.17350373138014644,262.59529851058335,0,normal
7.9,84.55843730323097,540.7651739056439,0.1604483583135287,266.9702158016112,0,normal
8.0,84.34100342065554,537.19257528752,0.17003630371893486,271.13071362872813,0,normal
8.1,84.98574565550209,541.3761953103783,0.17697789080172238,277.1890511714907,0,normal
8.2,84.75113920867697,546.2198075352158,0.17988102272561676,273.99205399074185,0,normal
8.3,85.44797085938102,544.8486495088215,0.1613934665517066,283.16692387958784,0,normal
8.4,86.37814225236858,550.9817957431188,0.17497802513777522,292.14730523756106,0,normal
8.5,88.41587120759792,558.2186746016037,0.16971339174813385,301.0974868024683,0,normal
8.6,86.47007223733956,551.3208147748995,0.1816227321104351,293.11871286570585,0,normal
8.7,89.01332760963518,556.3604116182121,0.1646054723301954,294.6333461421488,0,normal
8.8,86.79210928738956,564.8478169564343,0.17280553313381541,298.15141266602365,0,normal
8.9,88.08075058753225,565.4653790637478,0.1771868648031017,310.14737677661196,0,normal
9.0,89.66973665064613,572.9908075831013,0.16786681119786007,307.3899677413873,0,normal
9.1,89.91379053848087,569.2934182721447,0.17756259051282935,310.8346117508887,0,normal
9.2,89.45740919575749,575.1992822376203,0.16378664532939793,307.98423990568955,0,normal
9.3,91.03997601390849,582.154588819748,0.1625385489618969,300.9310017322782,0,normal
9.4,93.04506773432726,580.8723102509337,0.1675120931606908,317.46585156847965,0,normal
9.5,90.91202627313089,583.9081694917728,0.1770732735432305,317.3670159285357,0,normal
9.6,91.28574015523508,585.4004101627231,0.16481428805153017,332.5861794319008,0,normal
9.7,92.27560975558279,590.8110771376182,0.19754743523087648,324.157965317159,0,normal
9.8,93.99002610833438,592.5854527375577,0.19739245397735336,330.92128987106275,0,normal
9.9,94.96873932662233,595.2828017007283,0.17311303745329698,337.07281802771416,0,normal
10.0,95.48434951617577,604.5276228071732,0.17835075010908555,332.38932571060406,0,normal
10.1,96.20723548558189,605.2363757050841,0.15755934222662002,339.9880790761179,0,normal
10.2,97.04104861515009,603.761061099092,0.1804355482480201,344.5301671661242,0,normal
10.3,95.61674499043498,613.7621703984017,0.18752244583615635,345.663128498183,0,normal
10.4,97.3895102848779,607.4307008999947,0.1713754005971674,351.3141010012696,0,normal
10.5,99.66395871526933,614.6481330591685,0.1885595599782938,355.93594129509927,0,normal
10.6,98.61713329486285,614.8950751441513,0.18436510160928382,363.72298176798995,0,normal
10.7,101.47912838931808,625.867854898074,0.17218549345098466,352.1220447210581,0,normal
10.8,99.97845214031871,622.3464812736104,0.17634138240506125,366.91692640602423,0,normal
10.9,98.90856561624298,627.4938305531158,0.16820161365521522,371.5967588087758,0,normal
11.0,99.25701386065451,631.0013248656653,0.17767463789444135,381.7470712703882,0,normal
11.1,100.77252122949022,631.4344974504942,0.16396210649576706,371.27677721414096,0,normal
11.2,99.64574720635427,628.6553487875414,0.17140881958579435,378.91226611845485,0,normal
11.3,99.75992111965223,640.6662297808779,0.1839475781494909,375.133837582035,0,normal
11.4,100.57681309628282,639.2828680804461,0.16977105852787103,392.93956027027326,0,normal
11.5,103.3446134787463,650.2589569158829,0.157490721034798,389.0767666083433,0,normal
11.6,101.45575165895369,649.7323052174229,0.17931030602132764,400.4631723819334,0,normal
11.7,103.8600218937704,649.7140237249594,0.19849314617379143,400.4560649375762,0,normal
11.8,106.18068978636309,656.5033495398627,0.1710526957904729,405.50569452197954,0,normal
11.9,103.66868949332185,650.0717812487495,0.17420111626627188,402.4202638561703,0,normal
12.0,106.2239087392372,660.1514939868549,0.19238815860178954,410.8219125465703,0,normal
12.1,107.69705802641509,662.2948159918876,0.18086133894419473,400.6084144390664,0,normal
12.2,107.12038672367646,668.4340034828788,0.16746459486502557,409.7016386446228,0,normal
12.3,105.65224679939126,669.8076744295826,0.17570464194982757,414.3995018619565,0,normal
12.4,106.90024527366202,674.9566287872549,0.2064684203983286,427.29002882628805,0,normal
12.5,108.81832051650319,678.5332834709119,0.17605473770895821,428.70484498057414,0,normal
12.6,107.1604279464486,673.2584814145051,0.18111297093356066,426.7464483482688,0,normal
12.7,106.7467378073922,680.5018749310622,0.17700271968117917,434.91642527490876,0,normal
12.8,112.25419198415503,678.3778470625103,0.2005877538294093,437.4648352413416,0,normal
12.9,109.65852949065402,689.1087473088029,0.20700163576327413,436.25426606123597,0,normal
13.0,111.47418257394042,685.8585050843063,0.20258057953467956,433.8303338993129,0,normal
13.1,109.76698466525961,690.4824787715215,0.199201873015971,446.20032966284816,0,normal
13.2,111.7069657635869,693.782421427066,0.2013823226570927,440.1613677246841,0,normal
13.3,113.85519531499291,698.0498699196506,0.1817489223686581,450.44119622118006,0,normal
13.4,113.77620379219563,699.922589020458,0.19610585842789352,460.8873467659473,0,normal
13.5,113.49301601371798,706.889713238778,0.18488557517418344,464.6947990841316,0,normal
13.6,113.07751346334061,712.0224390286446,0.20256833691829096,462.47902273823337,0,normal
13.7,117.02808605255372,706.4965262539473,0.19386995020157138,463.90322114364244,0,normal
13.8,115.10656093772766,716.8243958274371,0.20838634569439596,462.0141291969095,0,normal
13.9,113.38367267669798,713.2781262217921,0.18938956838027132,472.071878910857,0,normal
14.0,117.52726799360066,721.5307660288574,0.17451005851269383,457.5248439793853,0,normal
14.1,114.87696028299641,723.9516768147794,0.18790940193215946,480.55075029831323,0,normal
14.2,117.14237200117489,724.8258592349705,0.17849989900469548,487.4376886105438,0,normal
14.3,117.8734488355573,726.2989408637326,0.18184870865021116,482.4777311881539,0,normal
14.4,117.25547575719993,730.1589836164047,0.18309983417883488,488.14695111498867,0,normal
14.5,119.20046899392548,736.4662436401778,0.20663241371513133,493.06337997166924,0,normal
14.6,118.92362000526113,737.0042189336632,0.19642941189515922,489.6413553278143,0,normal
14.7,120.66300177091084,735.8152083609868,0.18826098154805151,503.575999010822,0,normal
14.8,121.63485179453636,744.6546104051552,0.1759470592044041,500.382724562137,0,normal
14.9,121.65819307036243,746.189685003738,0.19024183956031074,504.46660052769283,0,normal
15.0,121.92305628558458,747.6284219624574,0.20253646402038938,514.4937948862861,0,normal
15.1,121.04575180131336,744.4543409516538,0.21264141527752609,499.83020169356666,0,normal
15.2,122.96915234020803,749.3819876825728,0.18315370875419978,506.92067794908655,0,normal
15.3,120.91311153344225,746.7571573023706,0.2002429153510051,510.33280601632214,0,normal
15.4,123.7384841613637,748.1966015608964,0.20004939180865863,512.6733953863305,0,normal
15.5,121.78273905026624,745.2703917068178,0.19111733669952488,517.17511828991,0,normal
15.6,124.12024921513111,748.5941251931577,0.185608921018789,511.85102190402273,0,normal
15.7,121.47428546342515,748.7327648084424,0.18983288009923377,516.0595875308018,0,normal
15.8,121.42897878522784,752.0399920914268,0.217627124683413,503.948637183136,0,normal
15.9,122.19110522967176,749.1803162502274,0.22354757987123686,520.2374018324006,0,normal
16.0,122.51472755347395,747.3291222417391,0.20245234501516626,512.6756555680576,0,normal
16.1,123.42296846909272,753.2163300964792,0.18839835753860287,522.6481141557555,0,normal
16.2,121.90008541561221,747.1468870861321,0.20709518309202968,502.6602637806776,0,normal
16.3,122.51955630784572,749.4868768329973,0.19690291909615384,506.801839618499,0,normal
16.4,122.40127220821614,750.3799965612058,0.1792646664554748,517.6523786943613,0,normal
16.5,120.65962712334674,750.9591856047471,0.1914424459501843,502.52095899121724,0,normal
16.6,122.21205572484213,749.2020834139121,0.19995396460719114,498.0532465522968,0,normal
16.7,119.99665118456124,753.0133149958883,0.20576985608832726,508.51452355472196,0,normal
16.8,120.86723622140855,749.2081405723268,0.17115719027701898,502.7262299876552,0,normal
16.9,121.4101608368738,748.6250492662778,0.17919435539639508,513.641183812307,0,normal
17.0,123.33911022017975,749.8533984539556,0.17974097334699377,505.39339686769733,0,normal
17.1,121.72767788684337,756.1546735554555,0.1970685337107588,504.9450513588704,0,normal
17.2,123.00555512744779,751.3270451583408,0.18043342991280392,512.5992943087351,0,normal
17.3,121.5502820170494,747.0692981497411,0.17573091195657306,524.8997561271066,0,normal
17.4,122.65358954581775,746.1591423384031,0.18849346490683386,511.4675436200634,0,normal
17.5,120.0865282940766,748.1073256882923,0.1893987469411765,511.6183855769087,0,normal
17.6,122.0629832399255,749.9987921966325,0.20342872361458972,511.02507604591415,0,normal
17.7,121.05379803742474,752.2728658764851,0.2010046668624666,502.5633403711,0,normal
17.8,122.40298208501758,755.0567550854304,0.17896086178974505,501.8235932180876,0,normal
17.9,121.06587462120687,748.7707012516457,0.1867941160314871,507.38696570606953,0,normal
18.0,119.99275957966246,749.3462922442283,0.1892266575871826,507.71015207957134,0,normal
18.1,120.29141183591456,747.1110947088171,0.20027254133018088,515.1916139677784,0,normal
18.2,122.50044761692544,748.5048558399112,0.21911374057484603,502.7538600552852,0,normal
18.3,121.06896348148668,753.643509388105,0.17553501492449697,517.712098706572,0,normal
18.4,121.98485380487,750.0220506454349,0.20480110032849927,496.08106012966266,0,normal
18.5,119.51143185979969,751.2198624125206,0.1824591968427899,498.40837834372456,0,normal
18.6,122.08612292872462,750.4441972115653,0.1987947511826573,506.101012795625,0,normal
18.7,121.66298470937691,747.0597315024352,0.1720399130997745,500.3631515468562,0,normal
18.8,120.33334162119631,745.7772563862687,0.18906636105009603,506.14775286660085,0,normal
18.9,123.05098691346593,746.6301556512524,0.1907886948948836,495.3988326501375,0,normal
19.0,122.28604610267112,747.9476238397247,0.18373053137099088,503.9412799357503,0,normal
19.1,120.25953677940576,748.1499872803802,0.20038371215582637,513.3772001428424,0,normal
19.2,120.8289018518305,749.6013825322258,0.1949327878079614,506.19239313068357,0,normal
19.3,121.78049691407732,747.8211632754194,0.1891540809673145,503.3290357225102,0,normal
19.4,124.31644423196232,747.5955692846063,0.1876626701046964,497.7762487801613,0,normal
19.5,121.67238889834125,748.8407173467228,0.19914765764336265,514.5423754914264,0,normal
19.6,120.75741449060128,748.6774356088038,0.2044462443473874,498.7520842873226,0,normal
19.7,122.43545312674257,749.2685368472766,0.20309558572385666,502.67002503644187,0,normal
19.8,122.02597998722896,751.6477383546561,0.1846849193198534,509.51655711448547,0,normal
19.9,122.39971147493026,749.6117797299402,0.17991374742546518,515.3575626214741,0,normal
20.0,120.88518093474606,752.2531061702465,0.17039089621373849,509.4229684393579,0,normal
20.1,122.38884607523055,749.213047829731,0.18469728176892658,509.9542572917018,0,normal
20.2,118.67011916661131,747.2281080421554,0.1950629673952718,518.3803073844277,0,normal
20.3,122.0736418442739,750.857263274904,0.18098503265001242,514.5151046833188,0,normal
20.4,120.3207575484299,749.3518362388717,0.20741026058982112,511.5113035571928,0,normal
20.5,120.07881931657842,750.2485023669295,0.19057859373058342,509.633959347933,0,normal
20.6,120.71992408938416,751.9338561028866,0.19715636766759995,505.7327650941459,0,normal
20.7,121.30111042995215,747.7696771014446,0.19841885346370006,507.36805357215144,0,normal
20.8,121.25866693300824,746.1954186189997,0.19291020345546736,509.7570248389854,0,normal
20.9,122.19008059798652,746.0857057483053,0.20564421191662513,520.0182385068532,0,normal
21.0,120.55039834900869,751.1315162257636,0.18463210664860244,503.2678996281024,0,normal
21.1,121.88900928649518,751.0710188899733,0.20195587348735194,515.9726978642741,0,normal
21.2,121.06529894383458,751.4873772010575,0.20290974371487258,512.3876696828977,0,normal
21.3,122.00180498984606,747.994221330715,0.20680381056506938,505.4824590633133,0,normal
21.4,122.68517217570985,749.8554980856593,0.17072293329807128,502.406094343798,0,normal
21.5,122.94105824550789,747.8554653986309,0.20899596320227215,502.2441620978058,0,normal
21.6,123.28132542956763,745.8953913231214,0.19017410817512972,508.88373524210107,0,normal
21.7,120.12854825496636,748.9445120408814,0.2146093854520336,510.799100888143,0,normal
21.8,121.49968555465162,747.4186642068432,0.17439338886717518,500.10018117800763,0,normal
21.9,122.78316373431146,745.0719411454519,0.17283188087970963,515.9490206692333,0,normal
22.0,122.34639533558841,745.4378876171321,0.19187220920712011,513.9648021676387,0,normal
22.1,119.91221799942899,750.9272601071148,0.19947138146041923,522.546194124728,0,normal
22.2,119.64883925394507,744.3143059705228,0.18423137449797908,519.6651522127535,0,normal
22.3,122.33067781831954,750.6135905574337,0.1877004826709853,501.07297761883285,0,normal
22.4,123.25822029325407,746.5240354437866,0.20206490293255874,501.40889620694327,0,normal
22.5,120.55847273814281,749.3336422102371,0.20233058776096657,504.64598881917624,0,normal
22.6,121.78056299088152,748.2577907905895,0.19005927601823983,514.4354427057641,0,normal
22.7,121.83513871762068,748.0456016789365,0.1992298470386751,507.67122019784773,0,normal
22.8,123.65772767916975,747.1152744498445,0.18780946694213413,521.8216158674568,0,normal
22.9,121.55660310702062,748.5297307748036,0.1823711110190875,514.555134137091,0,normal
23.0,122.98487775892707,755.2851485536854,0.2067241029241521,508.3683921954592,0,normal
23.1,122.32954135679374,747.4066803639199,0.1993090189976426,513.3214086319895,0,normal
23.2,121.56476749211699,748.4003318970964,0.19639730703635203,504.26836346301434,0,normal
23.3,120.3385859944951,751.5205018849875,0.2129552283162947,513.7934104555944,0,normal
23.4,121.12426898811479,747.5938732620834,0.18945324788292303,515.4850193745675,0,normal
23.5,123.02827898934375,746.8561383101057,0.19024331590265792,504.9829887706024,0,normal
23.6,121.46731704781249,748.8505893595942,0.20283592644120538,512.070405126701,0,normal
23.7,122.14622075850527,744.7805232648237,0.1821267125291093,486.69311864164484,0,normal
23.8,120.37038298231529,750.2750499847153,0.20981259478143724,519.1127472274627,0,normal
23.9,119.40513099449538,746.8217134955107,0.2020387077552205,511.22536330551975,0,normal
24.0,120.47456435565408,752.4885881690367,0.1883672629719318,512.3614687208349,0,normal
24.1,123.36085607013663,748.333577993902,0.2212472304588815,506.90175763053526,0,normal
24.2,122.1982869572288,747.1032195804554,0.18251215360584686,504.5733196281687,0,normal
24.3,120.73253628786468,752.0423872251041,0.19737618314380642,515.5308499538551,0,normal
24.4,119.86634919807838,746.8743534008481,0.2083740109041044,499.73248866796274,0,normal
24.5,123.72080719511803,744.6407051332553,0.20498313962817613,501.92185962855444,0,normal
24.6,121.5903154373522,752.5267366362013,0.20112226467331304,510.5411429451427,0,normal
24.7,121.6571651808832,749.9764121244874,0.19769239434911687,504.6023232457781,0,normal
24.8,120.32460092641142,747.8783248685352,0.19690843029146576,504.51454621097054,0,normal
24.9,123.04340019525343,748.8586542621975,0.17608606250333592,515.1732203216467,0,normal
25.0,121.48526487259937,746.6916643479706,0.21456802155521515,506.62857835854334,0,normal
25.1,121.05985140516422,753.9916367236831,0.20811372597334707,512.0267008063327,0,normal
25.2,119.74985666014045,755.0447999243695,0.2175626434405691,520.6615882255263,0,normal
25.3,122.10351185414848,751.7522101574114,0.18661640544381292,517.8785951102152,0,normal
25.4,121.88893510934558,750.3011375228831,0.18018943908890236,503.1063183878946,0,normal
25.5,120.53545970809354,749.554776198464,0.20252477602285104,515.6636096224524,0,normal
25.6,121.32772544307537,749.5213687203425,0.20875467487679653,496.8358813652282,0,normal
25.7,120.14277179128786,749.9625810555129,0.19482208331570783,507.94679834179976,0,normal
25.8,120.49012024046579,746.9453188716859,0.1729469500012465,518.27879023567,0,normal
25.9,123.15745578645249,749.8877630882298,0.19985797154679127,510.36844938994045,0,normal
26.0,120.08742123854975,745.8879319054431,0.2003962385911518,495.87129103658924,0,normal
26.1,121.72234746338295,755.7589203118998,0.19542804408024583,513.6186189759262,0,normal
26.2,122.37003791879634,751.3240203854716,0.1861575743312183,509.119918455131,0,normal
26.3,122.71696409613206,749.6402316551961,0.18642076102990035,507.4062843110217,0,normal
26.4,120.40237583839215,749.7737582598678,0.20217971794617498,519.8856944943965,0,normal
26.5,121.9176593379764,746.0767462105076,0.1844076786888393,513.8850550920142,0,normal
26.6,121.88159320403746,744.3688410561111,0.20737464084694457,507.0025758840939,0,normal
26.7,120.64081779505443,745.2232219159798,0.19188586878563993,505.26525633325247,0,normal
26.8,121.50056044084509,740.5880422007967,0.18973994739843086,502.69759739659787,0,normal
26.9,122.9050501560638,748.1275809392274,0.20968076355003012,506.2336422959307,0,normal
27.0,122.24361678101731,748.0996191930423,0.20301372060921596,515.3796600691365,0,normal
27.1,122.22707182671692,749.5926076766477,0.1851140995671753,507.82786743428034,0,normal
27.2,125.15369683010773,748.6116597904744,0.19176839935185855,501.3431589949801,0,normal
27.3,121.50530609113125,756.9978670517585,0.19142042364159728,505.29237422433454,0,normal
27.4,119.73574205875988,745.5631707454256,0.18324577018111396,512.4880064701623,0,normal
27.5,122.56032171087429,752.5676617004505,0.20503413685049277,497.02953904151786,0,normal
27.6,121.59151922720048,753.3027737720455,0.19395094781393418,498.3288317963753,0,normal
27.7,120.86379879198186,745.168177159352,0.18224814064915,498.17551644123546,0,normal
27.8,121.16120109172638,753.5571615761611,0.20278373296668428,502.84389062502385,0,normal
27.9,120.49804696559262,749.4536288950668,0.1843342136189755,498.7062026795389,0,normal
28.0,121.76953101388757,745.6487035998588,0.19161787794997792,508.192882458234,0,normal
28.1,120.91077841096377,749.1295227431912,0.19329294694809887,504.99129494608167,0,normal
28.2,120.78470864339427,749.4970449728689,0.1721802073140294,506.4462466409705,0,normal
28.3,123.43146410398681,751.235055496055,0.19420324439030281,508.8502815930517,0,normal
28.4,122.57499724900111,749.6226568720273,0.22612695461009147,515.3594389462866,0,normal
28.5,123.04293706497353,750.9708553127983,0.19818100688763052,511.4224057117894,0,normal
28.6,120.72259944427867,749.1559057929456,0.19421384412237472,511.40524856465777,0,normal
28.7,120.6808232930086,749.4135631317938,0.17336960643180369,517.1356015087556,0,normal
28.8,120.2146880765564,748.2931935182432,0.18996920497634068,514.9275289256249,0,normal
28.9,122.37227651278191,741.8495302056356,0.19987619872704215,502.4283633169439,0,normal
29.0,122.51084415840351,746.5379443646218,0.18985444727889458,507.74448957150094,0,normal
29.1,121.99843008981969,754.3986675232311,0.18808418365838708,511.5597628019617,0,normal
29.2,122.34656969035773,749.3706937975453,0.18872678572619261,513.4729926307822,0,normal
29.3,123.20494123752555,749.5948570468663,0.1912216164667387,517.7792870245987,0,normal
29.4,121.28664126601433,749.6382016749318,0.1832023846828362,501.996285562281,0,normal
29.5,122.34494692559281,750.9635217370089,0.19012163563783485,505.69502274154576,0,normal
29.6,120.67029484323328,748.601973497228,0.1993295908652442,508.5492813839885,0,normal
29.7,120.02214895901206,749.5209622167816,0.1859423389947878,508.14520672716833,0,normal
29.8,121.68948558535475,751.5513485906238,0.20459073905305278,505.12473337600784,0,normal
29.9,118.49838603117334,750.555428053754,0.2025079752770651,508.5377188929816,0,normal
30.0,122.41571722947907,750.6227318240693,0.18442327120273874,504.9378984529803,0,normal
30.1,122.44755396950085,751.4251418229006,0.19226923732800652,514.6969051961689,0,normal
30.2,122.73291730802067,750.3888861638108,0.20008295367245021,520.7781946192516,0,normal
30.3,121.72860992089845,751.4418564958225,0.19354883879054055,519.2142926093543,0,normal
30.4,119.82561244520242,749.2112100907608,0.19025681189084628,502.4141572711411,0,normal
30.5,119.32818432108789,755.5525444134239,0.19150976639704298,505.56361841759514,0,normal
30.6,120.82726551255526,750.7588135615026,0.170159387827434,513.6056947742898,0,normal
30.7,123.09409001488633,750.872644249091,0.19724341765870107,506.07772205441864,0,normal
30.8,121.83786392810373,749.7074718821141,0.1924247901005104,511.7126191294782,0,normal
30.9,121.84239102108941,751.0671799258029,0.17992894977376792,515.4044343281009,0,normal
31.0,119.41444780471078,748.5255365193395,0.17613926172564387,513.3454821498187,0,normal
31.1,123.71626605271497,748.0939955684486,0.18711562781667837,501.4907061952013,0,normal
31.2,123.07201095771762,750.5325320821531,0.1943760939615896,513.1596696413471,0,normal
31.3,121.22626412495666,746.9957725320805,0.19401271487256977,504.073866615635,0,normal
31.4,120.79687749759806,748.8196566446406,0.19124097906475218,519.0631563880235,0,normal
31.5,122.2872581550467,752.5344111298482,0.18238141849826287,510.57061777540025,0,normal
31.6,121.7544372726505,750.7855625037793,0.17806038734443533,514.3639007409396,0,normal
31.7,120.50448075625486,750.4871883281545,0.21333206990803172,509.42997741289633,0,normal
31.8,120.56609531523027,745.5676441080332,0.21422317526335463,510.7342683346732,0,normal
31.9,120.79807789735462,747.6266199203901,0.1969705769093213,512.7720921427892,0,normal
32.0,123.08409723140308,751.9102494112483,0.199706633748531,510.5021782056574,0,normal
32.1,120.45251426690476,746.9734828254219,0.18811597384787143,514.8521445840216,0,normal
32.2,122.20309870730897,758.3700296411042,0.19817957256870605,515.4786756403194,0,normal
32.3,122.91865325242364,746.5065352884851,0.18652393687450772,516.0070840725751,0,normal
32.4,121.65056144876863,744.8612642712586,0.17921851993007323,511.54553806098824,0,normal
32.5,120.67437199752935,746.8487578480466,0.2073549031126277,511.61247172269304,0,normal
32.6,120.81455134682956,743.649131095774,0.17627831912523376,515.783849967041,0,normal
32.7,122.53682687533362,744.4076874977185,0.19532732272778675,511.4614382144638,0,normal
32.8,119.63992872331659,751.3739142393829,0.1869772636607984,506.6303566042005,0,normal
32.9,123.10684855371244,742.3751237558291,0.1807194954104599,510.56895555911024,0,normal
33.0,124.03657892983944,748.0795894978937,0.20240640479393926,513.9810977824469,0,normal
33.1,119.68280842797269,751.7292987239409,0.2143161081776603,512.1840823332343,0,normal
33.2,119.02043412410197,747.532414968756,0.19544340739246044,515.4167874592766,0,normal
33.3,121.40995369437388,751.6325119561982,0.1786438121580083,515.9928426219653,0,normal
33.4,121.53152226496161,747.5119511257622,0.19866742659494094,503.5469966613698,0,normal
33.5,123.77955714820399,747.5285789012557,0.19729714321512876,523.3307988695667,0,normal
33.6,120.47603580429825,749.5709522326893,0.2040988781415008,500.24908588657195,0,normal
33.7,121.73433059277185,751.1686886591444,0.1928162956120829,501.0734974087833,0,normal
33.8,121.71835758367688,747.3310316435301,0.1896905525589294,508.41886069139963,0,normal
33.9,118.97651396467735,751.0280607313431,0.19506675164377377,510.576388979172,0,normal
34.0,124.65121979272324,752.1378120487598,0.2038022573101023,510.47611635432474,0,normal
34.1,122.12047587501695,759.6337886669321,0.1859540142154092,515.6571529222193,0,normal
34.2,119.94758463156016,749.0254931462774,0.1924250085356692,512.9977879253066,0,normal
34.3,119.95697287035539,749.7162234865784,0.18371948217429548,512.5807018389094,0,normal
34.4,122.01793802770626,753.3493619591022,0.19637462923381527,503.2819796892532,0,normal
34.5,123.39239437095327,746.3338325951438,0.1990512470515643,505.06386496174895,0,normal
34.6,121.89764137503505,752.7654352380999,0.17840593616117356,507.4509379475413,0,normal
34.7,123.00062124927591,745.6949408505325,0.2121386897770296,502.8234951137294,0,normal
34.8,119.80136377279632,749.4682225594925,0.174318548405384,508.5073163401497,0,normal
34.9,120.8394707704836,745.6421824845883,0.18055340041904228,509.25501655923546,0,normal
35.0,122.27888930555001,751.0029377757397,0.1837155628113151,513.2460186699259,0,normal
35.1,121.70244366761611,753.074422729954,0.1896677523973612,511.27313870159315,0,normal
35.2,120.80053540904424,751.2496117976189,0.19798004647004933,512.1271860438458,0,normal
35.3,119.46725926385587,746.833117982243,0.21132315183186,503.90511175266664,0,normal
35.4,120.52412649943004,746.6481547178189,0.2185189628796882,513.380915328136,0,normal
35.5,121.20120834400484,749.3622836217285,0.19722950496840932,503.0525289667796,0,normal
35.6,121.43042092866206,748.0971179861285,0.18896512053213183,505.6881498575532,0,normal
35.7,120.42398870514972,756.5420987057378,0.1843257713846687,503.05634618325223,0,normal
35.8,122.67153915480395,748.7180171829596,0.17879728075565388,510.84325992790576,0,normal
35.9,120.83648174104498,748.1168232633551,0.18343879522251966,504.6358888597857,0,normal
36.0,121.72991388538048,751.5827051744742,0.18640451143959907,503.98009636081514,0,normal
36.1,120.09769151285222,747.6815720046717,0.19391967105264424,525.4032340154496,0,normal
36.2,120.83354920655464,749.0020362885667,0.192933161300242,504.5037248219102,0,normal
36.3,121.57657592933413,751.5368304239356,0.2020279485171068,515.8530709062607,0,normal
36.4,122.73881226555363,749.1648152184604,0.18312015195238018,509.48668657196873,0,normal
36.5,119.824234463354,752.0987979837199,0.17379571959939008,496.57198578840416,0,normal
36.6,121.38029177384585,750.0906391843422,0.21592372441888297,496.8752441589551,0,normal
36.7,123.57978467167332,752.0603246619834,0.1836823700606336,511.9179645552698,0,normal
36.8,120.4062927347164,746.5680325764051,0.18356154180642187,504.4907288181576,0,normal
36.9,121.21543328068529,747.0892176542449,0.1947660513902435,516.1202242679609,0,normal
37.0,122.21277041220873,749.2788139376958,0.20138244354469845,508.17793831870097,0,normal
37.1,120.86224411452575,750.4942726463715,0.18804387768068181,507.18818761795177,0,normal
37.2,120.27597282904519,749.3951656006144,0.18946016304420993,508.83167402145205,0,normal
37.3,121.06107140518642,753.0404040447321,0.19804458645391454,507.82716710337553,0,normal
37.4,121.2497101622383,747.5976182522579,0.20247724675241893,487.8280511328085,0,normal
37.5,122.9562428986086,748.9894316999349,0.17824482413749562,509.8854630989704,0,normal
37.6,124.74915101697053,753.3384065426931,0.1991896672020134,502.2992659869058,0,normal
37.7,120.89956548549806,746.9573088617536,0.17769196515488514,511.0460841805908,0,normal
37.8,121.90289304994134,750.7009284864683,0.20848414750046224,525.9751504485138,0,normal
37.9,121.36245781230615,754.0935274656346,0.20854316807651543,518.2025877759859,0,normal
38.0,121.78969965945959,747.070948301455,0.21014308304447882,510.7022609507356,0,normal
38.1,122.60842121349893,747.12103060008,0.1833517789829874,517.0762348486683,0,normal
38.2,122.52645309139288,743.2385911236375,0.21519241441028134,502.3518486282511,0,normal
38.3,120.38337994736703,744.8533960938097,0.18650331710846368,514.6338269384481,0,normal
38.4,121.80318453068813,749.7936264766015,0.18075221604581893,503.36593886121386,0,normal
38.5,121.29259557910389,743.4624741190871,0.1792329448910372,511.5765956716003,0,normal
38.6,120.77791980034209,748.1637970674806,0.211301425662802,505.9808732414241,0,normal
38.7,122.87915413410803,748.2334696302825,0.2106534442886964,512.2285325102984,0,normal
38.8,120.14927141994806,751.50373553974,0.18535491382152983,514.1568326749638,0,normal
38.9,121.54374224208694,745.4749357491908,0.21074263758703868,514.6563811015528,0,normal
39.0,121.62209191694494,750.0671584113252,0.20570384288475108,526.6929256000279,0,normal
39.1,120.97470048537052,752.4763299591967,0.18324362278841225,502.1423658105607,0,normal
39.2,120.56700393379599,752.1818026536102,0.1822622440623026,507.5007223660726,0,normal
39.3,120.30394224890156,755.8056404698955,0.1820539075254492,506.60911408838166,0,normal
39.4,121.76022387932012,747.5442624590646,0.17499728432401454,509.62960845705055,0,normal
39.5,120.09462961880179,749.9956937458885,0.17665355745530484,514.5478700339168,0,normal
39.6,122.36118013454103,749.6681971646881,0.19914819934087036,510.2394443271528,0,normal
39.7,122.314972556891,748.7505140885949,0.18785660487474687,507.1856216397275,0,normal
39.8,122.89464232280466,751.4549120212388,0.18715063640707275,508.5835726792456,0,normal
39.9,121.23427464380579,746.3378651413016,0.2065352715969871,511.779566859757,0,normal
40.0,122.231583882027,747.7087636406101,0.18532922083432596,515.6106872358798,0,normal
40.1,122.47919654454947,753.742910211577,0.20360295791791885,503.24730135041443,0,normal
40.2,122.27725645043661,745.7230177755116,0.1787094039365435,509.31187116517424,0,normal
40.3,121.8732618221421,748.0326773464393,0.21058561638605086,504.7282590244556,0,normal
40.4,123.19094336836125,750.9715675145771,0.19201789348746226,503.22311407453475,0,normal
40.5,122.3307136048103,749.3274604295646,0.19849559952639956,516.2134555395936,0,normal
40.6,121.68306184152095,753.6127019178421,0.1975170889004907,500.238220703404,0,normal
40.7,121.61198832350969,750.652583274895,0.1831367434667486,500.6869549293907,0,normal
40.8,120.76423332782853,748.8143092679825,0.19867378529188112,515.5365714569622,0,normal
40.9,122.2147953727995,747.5043242845518,0.18037614804381694,512.3016597213712,0,normal
41.0,122.81116731728206,753.0764874342857,0.200527650010495,516.1873638580937,0,normal
41.1,121.68790824356765,749.9507757801001,0.19718570039111355,501.6688293177387,0,normal
41.2,121.14748075364001,748.0194991139384,0.17214041631397542,505.15189196042144,0,normal
41.3,122.61037982340753,748.0171303390985,0.19124875761754678,523.4892984401696,0,normal
41.4,119.504041364544,748.9074610480546,0.2221623594340443,514.6955146906425,0,normal
41.5,122.5895557900972,749.6409027862227,0.21190349382388324,505.16518518569734,0,normal
41.6,121.96229447965571,749.169885447168,0.20921965591119016,501.09596636953285,0,normal
41.7,122.32094417417343,749.2545166671097,0.17954620426954637,505.5760846562086,0,normal
41.8,119.00293094889132,742.3505937502156,0.20429706065585373,510.0736212641206,0,normal
41.9,121.68821434827167,749.5359144889405,0.2043479976780832,512.9540979778715,0,normal
42.0,124.05452708535267,751.2534621311283,0.21070746832295434,523.7141449290568,0,normal
42.1,123.03516442789152,752.2180381661258,0.20341048021824407,510.89068901412116,0,normal
42.2,119.64804925825803,747.9338116474609,0.19095614308951175,514.32202373573,0,normal
42.3,121.49124797064057,744.3199958654922,0.19814919516527998,506.23246356621956,0,normal
42.4,122.93102931001393,753.2258459852968,0.1936113932254743,506.33382731063483,0,normal
42.5,121.94871498144512,750.9138898943629,0.18258727437928288,511.58828487802475,0,normal
42.6,121.57811360027169,751.6741217005721,0.19497720999508808,505.506320692594,0,normal
42.7,120.1710779512678,748.3130111969425,0.18243596323915626,511.8203495025471,0,normal
42.8,123.21792161128607,743.5824736486966,0.19312225584337572,514.4217385112578,0,normal
42.9,120.0643799650026,749.7420831681391,0.19251103488786311,499.9881996518584,0,normal
43.0,120.95648632986943,747.9618513167632,0.20569353332459256,517.464506714416,0,normal
43.1,122.58362300822088,755.1038773669663,0.1826078317410167,499.0130120367306,0,normal
43.2,120.57850263872561,745.1723683308353,0.17759895237043352,513.46919366997,0,normal
43.3,120.73487268224847,744.6097349461795,0.19402992256569213,517.4616781336182,0,normal
43.4,122.77623437422092,748.7867984614147,0.20328457609971826,509.9824852897766,0,normal
43.5,122.19710081738238,746.4414241609003,0.2037318166684495,516.4428339474101,0,normal
43.6,122.67568004059541,746.7019439909735,0.2074247544986755,510.78917102308725,0,normal
43.7,120.51562096280998,746.8810397062322,0.21545206586608845,503.591629300841,0,normal
43.8,119.85123146644676,747.2400233687473,0.18943210005609715,512.8568784133064,0,normal
43.9,121.54828679160788,744.5110073674255,0.2128565494616626,505.55032858658853,0,normal
44.0,121.87355259010015,746.4695082707923,0.21730023034613571,505.33549222130523,0,normal
44.1,121.6149910402518,750.9788440679393,0.17255342979585575,518.8616297231921,0,normal
44.2,121.20473134773918,748.154438999353,0.1937350559250439,505.6671751205115,0,normal
44.3,120.19099078849615,750.5962709333006,0.20348400340404316,496.3984411574806,0,normal
44.4,122.43199410731478,747.9319106662813,0.19730852015784045,500.48124803825505,0,normal
44.5,120.43759579010684,751.3852386814618,0.20835318962230556,513.9586877293196,0,normal
44.6,121.87970881770396,744.3545443964746,0.18876672681598772,507.24762691160606,0,normal
44.7,123.50368670652936,745.8563121664922,0.18537432549548943,512.9976407300803,0,normal
44.8,121.55777997528517,748.249033485952,0.1948188879770642,507.0388709336651,0,normal
44.9,119.53281242086203,750.2055690698608,0.21386033186533818,506.13183493693896,0,normal
45.0,124.0197544594403,747.8665842316656,0.19764515436122615,525.3859436969242,0,normal
45.1,120.33710683574681,749.835059809943,0.18943616635689525,509.1736619949282,0,normal
45.2,120.84928332964549,748.5392172597108,0.1927140751214498,501.84342276330875,0,normal
45.3,122.1170509808213,751.0756023866625,0.1879274901029729,516.2226832428946,0,normal
45.4,123.44080083920619,744.5917122286594,0.19223449106888013,525.6391107591456,0,normal
45.5,122.25790737238741,750.8364329397147,0.2059802957497138,506.34422034147593,0,normal
45.6,121.14561083467514,749.6747744003844,0.20595469998565144,508.0651839133137,0,normal
45.7,120.72698634804098,748.5858550447465,0.19158528299031674,520.0194461213342,0,normal
45.8,119.8741820188666,755.0775530682399,0.205071156074945,510.0087175884996,0,normal
45.9,121.85689383265006,749.3486109214914,0.19774128834160726,513.3318161114203,0,normal
46.0,122.27375262695278,748.5892284396925,0.19722030567163332,510.4668499864583,0,normal
46.1,124.18864457977615,750.0649325914065,0.1916570194242724,506.38326487632503,0,normal
46.2,122.08118452921602,748.0734153181767,0.20010690702171108,512.8223376855531,0,normal
46.3,123.58206228689023,750.5972428024854,0.1791458796851202,513.7231019019366,0,normal
46.4,120.27415217836207,747.4483257687873,0.16404141029944866,514.5829019577081,0,normal
46.5,122.65278039478599,750.7576988128247,0.18644542829198438,508.2658218487657,0,normal
46.6,122.64829169826274,750.6888792417087,0.19325997601106407,519.9738871856126,0,normal
46.7,121.44207998043564,746.4974938777787,0.21016272196190344,506.5886456304187,0,normal
46.8,121.87202304340268,750.2394815766104,0.17280362458606452,493.4871009435605,0,normal
46.9,122.62357904187557,749.2551624961884,0.20858661655307373,502.5364385222921,0,normal
47.0,123.52903176159849,748.907209991791,0.19244574613483337,508.49315702493004,0,normal
47.1,122.05305220389653,747.2240381282988,0.19627170878111883,515.3340211436911,0,normal
47.2,122.55871676993404,754.1501277952892,0.18632673745645106,508.83603865603186,0,normal
47.3,124.8386135438663,751.6724146323494,0.19637487771115206,522.8344193602527,0,normal
47.4,122.8041247406136,746.2203490550452,0.19012816322563392,512.3172910644909,0,normal
47.5,120.68318390214476,746.7528030282286,0.217125200165214,514.5489525429595,0,normal
47.6,119.21711448275242,754.8296789046275,0.22447511736847114,515.8604674566302,0,normal
47.7,121.05516260351757,749.3133924442902,0.20195788146983265,502.3118456252313,0,normal
47.8,122.54297462667316,748.9357827926411,0.20378898858306488,508.97500227394363,0,normal
47.9,118.71764218131302,750.3365336622016,0.20658747670488492,520.040504091813,0,normal
48.0,122.79178047601944,748.0717162883221,0.193888247988933,516.4508956168769,0,normal
48.1,122.34343285697442,748.1379513638652,0.16891061303297145,514.7010581073162,0,normal
48.2,121.83313291233796,756.5598331059971,0.16218421048334758,510.9226192430104,0,normal
48.3,121.25543779201107,749.2989345618375,0.2003816657495556,512.9185756146069,0,normal
48.4,122.96718995708066,744.7497670585443,0.1817737383871645,506.6293366415332,0,normal
48.5,122.23126512607541,743.0808711024406,0.2218549651526895,510.6874928800258,0,normal
48.6,119.91903210335234,750.7836342605431,0.20597045018613253,507.8003488178681,0,normal
48.7,120.71298474026362,757.6562355420972,0.18597882539107663,512.5696744551238,0,normal
48.8,123.17156065993022,747.5871604665161,0.1988621285317333,507.55634688278917,0,normal
48.9,121.89719619997159,744.4782230862281,0.20240083235558032,514.932406396676,0,normal
49.0,119.63995362498224,750.7234478145803,0.19809774554086665,505.7091904974232,0,normal
49.1,119.62813248858089,745.7782826804756,0.18101499729753492,510.9267227960966,0,normal
49.2,123.83930292344124,747.2831141527231,0.22115676547558888,521.7925946761947,0,normal
49.3,120.50300861585046,743.5376282211334,0.19357537701505567,520.5391280209922,0,normal
49.4,120.29174585246678,746.6979441123336,0.1808908807386492,508.5640426512161,0,normal
49.5,119.59780890943705,750.6690189349214,0.2009630145731789,519.3848744622227,0,normal
49.6,121.74099065298628,752.7824151251306,0.18587367334281926,506.78107583496865,0,normal
49.7,123.56345382350618,748.7994394280846,0.16997638787982552,516.495849406009,0,normal
49.8,123.31532526806234,747.8430679850675,0.20239443730771267,517.9430067322738,0,normal
49.9,123.40046126012165,748.0899677897689,0.20906903568682025,517.7632891954779,0,normal
50.0,121.75836745200435,746.0173268442085,0.17775034159212388,515.2237264828947,0,normal
50.1,121.62716420588237,746.9530202435856,0.19812241663901542,511.7995529107744,0,normal
50.2,122.09797802243568,745.4067481046777,0.20237801534144115,500.4033147266322,0,normal
50.3,120.9598182907947,750.4600282727052,0.20242472466946426,513.4691262422572,0,normal
50.4,120.70658135688402,744.044223081558,0.1968376254249282,512.4697611606874,0,normal
50.5,121.58724330461996,748.2231627114232,0.1864297798612023,507.5837221666973,0,normal
50.6,122.48039328834713,749.85441451235,0.19960123500213506,510.8907132328106,0,normal
50.7,120.17267671120318,753.4730308745673,0.17951681372016293,503.91233010566623,0,normal
50.8,120.37509099620253,750.3555026819957,0.2002611315694297,510.42083923805933,0,normal
50.9,120.07877541356879,747.6646319899054,0.18614025301535034,505.8796063498166,0,normal
51.0,122.82235363016467,749.3235051403599,0.2035638935260134,501.65061832710296,0,normal
51.1,120.67211065062442,752.1840879003279,0.19167060620563436,501.24506447025465,0,normal
51.2,121.093223607571,749.5577607294277,0.18664821942785573,509.93551723205604,0,normal
51.3,122.6263923231348,749.2060679599708,0.20638005047578115,509.57613434413247,0,normal
51.4,122.07666713745623,743.0750897230268,0.20627097625834362,521.1898760014524,0,normal
51.5,122.48697517259542,751.88568563763,0.1747206411338178,503.97313972641655,0,normal
51.6,121.35106952440373,750.4001525031459,0.18876059781355845,500.8406396524211,0,normal
51.7,120.85399394076319,748.5336910553085,0.19710052221859337,511.9797654344393,0,normal
51.8,122.54598138511992,749.9854118809566,0.2079399731069628,513.1011474377053,0,normal
51.9,121.94956686523021,747.9628757898304,0.19297020134679876,506.47822634157365,0,normal
52.0,121.70069403685756,747.4093723837193,0.17893514671859284,513.1056410496614,0,normal
52.1,123.07828598063533,747.310640603546,0.19369498101674273,504.68003597897155,0,normal
52.2,121.69655900441525,742.6885102362249,0.18703394213781824,500.36269839803396,0,normal
52.3,123.59601195820886,751.6221113188034,0.20631523839436963,508.36879805565627,0,normal
52.4,122.00423987257975,748.532937499798,0.20211918898808715,501.8739752613071,0,normal
52.5,119.84026883764248,752.3016492320153,0.1633265803532113,507.5542344933448,0,normal
52.6,120.66902937033858,749.9888700782438,0.1931505859818811,512.8926542577829,0,normal
52.7,121.97224533624954,749.365330440448,0.19510909920243227,506.88785215416846,0,normal
52.8,119.96652718088248,748.6120623039238,0.166657974394972,517.0073071383982,0,normal
52.9,118.66161530233444,747.3488432806282,0.18436231490779303,512.3823091103712,0,normal
53.0,120.06933150248047,747.7368927840831,0.2001021270975094,503.3150897595805,0,normal
53.1,120.28473763940804,755.4107519167984,0.19849902068543565,504.17937201100773,0,normal
53.2,120.71515703201467,747.9304474616669,0.18415639837436715,511.0749269122357,0,normal
53.3,118.791562514128,753.019969282007,0.18761862672464377,510.94059285531637,0,normal
53.4,122.22076558955217,745.043072672352,0.18661394210382243,507.1823117481397,0,normal
53.5,122.13260142252994,749.4061392611674,0.1861646651088545,506.02171126794724,0,normal
53.6,120.69402777769517,746.0304080847975,0.1834129893536852,503.75620813855573,0,normal
53.7,122.58399211950233,748.7918085493852,0.20793206303052048,520.6776639657501,0,normal
53.8,120.30196096042788,750.6680331648994,0.21919135394882278,520.5202247428904,0,normal
53.9,119.23585244058154,750.6242887796568,0.2070147434336803,502.50954984555153,0,normal
54.0,121.77665130688337,748.5280055017727,0.21847793817611338,496.9374931296087,0,normal
54.1,119.79347719015871,742.5315775523254,0.2071224246737049,501.2044995727789,0,normal
54.2,119.9000655901425,747.0965505397648,0.19829515644055187,510.9944981763522,0,normal
54.3,121.89700406837846,750.3339882634957,0.20216174670008433,512.0953318350033,0,normal
54.4,121.42922885001221,751.5497451766519,0.17011317148951277,496.47087140388624,0,normal
54.5,123.93086425013347,745.3688420734221,0.19950404222576693,504.55786817330517,0,normal
54.6,120.95670400027045,748.7936788357904,0.20298868159780606,503.71580621837035,0,normal
54.7,122.40241599228244,752.2298558394132,0.1738097270227501,511.5512389734147,0,normal
54.8,121.51123861593769,750.0184886095589,0.18047574604448227,506.8469992010698,0,normal
54.9,123.2447741409469,747.2464371973758,0.20274397149123347,514.8860968793758,0,normal
55.0,121.19471901771108,748.5338980041354,0.178589632358358,505.7772908688954,0,normal
55.1,119.7739906024441,749.73024276516,0.1748091473633227,502.7067843779356,0,normal
55.2,124.22407830902576,743.1071739650761,0.19052470605361924,514.3121285586773,0,normal
55.3,120.56988637276395,755.033563660601,0.20441193360132595,512.057725833219,0,normal
55.4,121.2317893202005,755.1007258600489,0.1888701035628075,512.9886565965215,0,normal
55.5,124.0949227067131,745.1401214548713,0.19111940193181415,494.0902617986007,0,normal
55.6,121.59569068411007,748.0557510847761,0.18811268489295874,513.1183795723765,0,normal
55.7,121.376179073645,747.3909173028321,0.20756344472981253,512.5819743706453,0,normal
55.8,121.2480836881436,743.3128281040139,0.18223175519581286,511.6819512997838,0,normal
55.9,123.47869182191191,744.5741195163826,0.18558998500939872,505.0858872937089,0,normal
56.0,122.85352488058741,744.4519033921276,0.19549782030833862,512.1353437371423,0,normal
56.1,121.3537535627987,749.8843068158285,0.1989744983168302,510.1628576081792,0,normal
56.2,120.4078251436084,748.14088086102,0.1968472224766487,502.3425530728717,0,normal
56.3,121.10923761345322,748.1943462902591,0.20724329745563422,514.5781385656908,0,normal
56.4,119.23043576052488,753.341765384814,0.17408518056554736,511.0922249814035,0,normal
56.5,121.74432478494862,755.9207320962475,0.18803473819552932,515.1932083260428,0,normal
56.6,119.93331625570134,749.368617578967,0.1810259041247492,509.56444286021497,0,normal
56.7,121.09194139585766,746.7614582392818,0.17770820520346625,520.6977429136408,0,normal
56.8,123.68115890423994,751.312133013266,0.19985657410791027,513.8952491171851,0,normal
56.9,121.2542715353605,747.0726556797335,0.1961183297621549,504.8861034331592,0,normal
57.0,119.24782525210055,748.1782392200456,0.20954085015904705,508.24462143021606,0,normal
57.1,122.55960378331196,747.5248914717423,0.1845081798258104,517.5721414132305,0,normal
57.2,121.86410444010156,749.7950857304087,0.16990777608208016,511.67360959951657,0,normal
57.3,121.56005084383305,750.4657733160241,0.19486614991488377,513.9168754245168,0,normal
57.4,122.15769728283794,743.5232704896927,0.17879269318093072,501.65331725042967,0,normal
57.5,121.6679031131925,744.4928142545995,0.17507825900581225,511.61357114068767,0,normal
57.6,119.5634886480976,751.2587331976329,0.20825013927247368,511.74144174637496,0,normal
57.7,121.41774840878004,744.983513526115,0.2092149652696702,505.6230942526897,0,normal
57.8,123.5686710086552,748.7760521697613,0.20225721146396394,507.30283473609865,0,normal
57.9,123.93964397121381,753.2317877745621,0.19908950866078662,512.4866984480307,0,normal
58.0,121.78303957882612,749.6741949969986,0.1820349468673739,509.1221027942998,0,normal
58.1,122.98491802950336,748.8979781805496,0.19401555308028345,514.7885654355186,0,normal
58.2,119.01729774190436,748.5383076383167,0.20245863690998492,507.7492816849004,0,normal
58.3,122.26926815218829,748.016924565904,0.19913444479941697,508.05220544288784,0,normal
58.4,121.79991043184299,744.0490669820913,0.19036445877372848,513.8554000666642,0,normal
58.5,120.199066883039,744.6722342722079,0.1816404206269768,517.5048429447819,0,normal
58.6,122.67263330502976,751.2186287805813,0.18616597989219014,516.8173696639717,0,normal
58.7,120.28528113525132,752.510887301271,0.1704311390725199,500.4151119191638,0,normal
58.8,122.7313134437644,750.9998026031776,0.18376929814475823,502.1218994090495,0,normal
58.9,123.24734590930116,745.7657215119046,0.1845555687354371,513.1629297524141,0,normal
59.0,122.3770103129248,750.2841695221666,0.19343777295112188,513.6523533363898,0,normal
59.1,121.66993706803476,751.8110496742393,0.19574202200809795,512.9024262664576,0,normal
59.2,122.38856868122433,749.2119030935236,0.17953551977779067,508.56843733776185,0,normal
59.3,120.99743661899015,752.4173586646657,0.2119790640339968,513.2063914085976,0,normal
59.4,119.98951458608302,749.70924730842,0.19341904359704407,511.0728888821743,0,normal
59.5,122.51649418636566,744.9322869002838,0.18873118865957142,518.4743192302132,0,normal
59.6,123.60900638006035,746.5827018779036,0.19583833395258446,509.09162936772725,0,normal
59.7,122.00532405591903,752.5507638296466,0.2209677980814938,511.6189657153383,0,normal
59.8,120.39109092882164,751.2981945494394,0.17692859645185857,501.32978832769106,0,normal
59.9,122.09152885317522,748.5381050194821,0.18667347509687207,503.61152630409174,0,normal
60.0,121.7807251026254,749.6245801025401,0.19076587893243804,516.9387830715641,0,normal
60.1,120.93630880777985,746.3015994912735,0.1781756391371265,508.2897663300044,0,normal
60.2,122.34142045223165,748.3029630083759,0.195404905424548,498.7672130412567,0,normal
60.3,121.23289607917997,752.2241880732505,0.2050052211334721,502.6666987242612,0,normal
60.4,121.33778013108872,743.9835007528012,0.19654145412955462,518.553355039417,0,normal
60.5,121.03571800514041,742.9048899548519,0.18618388862694485,507.8477296142881,0,normal
60.6,122.68202902933591,751.2742931635491,0.19641715204591792,500.86261033910273,0,normal
60.7,122.63161791198776,749.5721109400861,0.19875609285017878,503.2384864549192,0,normal
60.8,122.87882817692116,750.620351572642,0.1899956810274415,513.0749600417546,0,normal
60.9,120.91739135239172,746.8128011579129,0.1935756144235129,519.6926826082997,0,normal
61.0,120.61392033297949,744.9390045191122,0.18426372808544186,511.17517356257224,0,normal
61.1,122.21506813198457,749.7615962190682,0.18419084837120395,507.09919748142704,0,normal
61.2,120.05145798482636,754.7926728193052,0.18619222647994896,511.0971700353892,0,normal
61.3,121.62985106764326,755.1884718731845,0.20871188625088355,512.8087252250439,0,normal
61.4,119.40632854524895,751.6888514818011,0.19566178844211488,501.8080974070189,0,normal
61.5,122.30883286844475,746.8514441395405,0.1863478376008606,505.78808088893845,0,normal
61.6,120.78970991747931,749.9344104929622,0.18334761600111962,514.2997134594693,0,normal
61.7,122.62604211615664,743.8526900196532,0.21049536626173215,508.87133850135206,0,normal
61.8,122.85544752727654,750.8584664073145,0.19132899583531898,510.28767520667,0,normal
61.9,120.12166865744449,745.0339664711787,0.22205742827876257,512.3252954101866,0,normal
62.0,122.06077875127049,750.8351105940851,0.19004264883519312,508.2822327347005,0,normal
62.1,119.81340072939552,746.3814887595651,0.19321994943338744,504.3004516757892,0,normal
62.2,120.7879292339311,747.6340256928363,0.17031517530281626,509.90046874258104,0,normal
62.3,120.32880975632543,752.2280524134078,0.1820099703309225,510.9763810753162,0,normal
62.4,122.20173756020323,753.9529238524257,0.18589718522948617,506.0549302990762,0,normal
62.5,120.59817807751385,748.4789845459087,0.20138911014310795,504.6855107395796,0,normal
62.6,119.16713566993371,750.2323636658289,0.19845780476480962,504.71630923732806,0,normal
62.7,121.40552298367409,748.9213026673975,0.21898541981231165,498.543619957735,0,normal
62.8,120.63735212698283,755.4788466828326,0.21363930270385065,517.7649445599258,0,normal
62.9,121.5468906574692,745.4281756898104,0.2156206732585946,509.63028577664363,0,normal
63.0,123.09831814057424,747.2101395603563,0.1852055323926698,505.46114558380964,0,normal
63.1,121.42929289551336,751.4545706209332,0.1795013807188553,514.5665226781041,0,normal
63.2,120.52814358523779,752.3133492765761,0.19797754149561264,510.67141216580745,0,normal
63.3,121.16626967912222,745.8178785135538,0.19059070935730796,491.12388449664377,0,normal
63.4,122.55032718213528,754.457623817624,0.1984978465243753,515.952806801116,0,normal
63.5,123.62866903480689,748.9227377580288,0.1995694942526295,506.15878533905845,0,normal
63.6,121.94779893403675,750.8504242122891,0.1944064091306719,497.8233055367061,0,normal
63.7,120.62718447155835,749.4666381392022,0.1963947004053428,520.1372621473661,0,normal
63.8,121.21727770319596,746.9452614382344,0.1936677028283395,520.8587848764674,0,normal
63.9,121.45569321119389,753.0498543528113,0.1824481164226421,518.2329526011727,0,normal
64.0,122.02345900053461,746.3077509018207,0.1761834831599784,505.6420257844613,0,normal
64.1,121.18574222787228,749.2097930828006,0.174976413246822,515.9298648466466,0,normal
64.2,119.92765909862064,752.715404463785,0.1606292794606931,507.00760618939523,0,normal
64.3,123.1715192519128,745.8803299562956,0.19610298095870363,514.5234516574512,0,normal
64.4,121.79750053932686,745.375490925577,0.185694994254525,515.2351675013363,0,normal
64.5,122.67389919260737,748.4649746772617,0.17646862487091197,510.40849386418165,0,normal
64.6,122.72475328652946,747.3423564632423,0.2033209949482349,505.689347401518,0,normal
64.7,120.18970558897091,745.0148803589899,0.20179838114592571,510.4944672745319,0,normal
64.8,123.19837681037653,748.4968650223179,0.2158418400756229,505.31327196716927,0,normal
64.9,121.51449255523609,743.0887220446834,0.20901457523677713,513.4622903688737,0,normal
65.0,123.49587827547109,743.328972304721,0.19931574670546745,511.45373205197626,0,normal
65.1,121.69443348959453,749.4019550446391,0.2005021366630458,506.58350019706353,0,normal
65.2,120.43752120804758,749.3666776200845,0.19351077937460703,501.774465697916,0,normal
65.3,121.45433952805523,751.3367039886526,0.19221187068147277,511.93318491345616,0,normal
65.4,122.77919813533721,743.7785457085985,0.17479513538488214,511.79259274252536,0,normal
65.5,122.91326895053864,756.3774189833277,0.1935633957296522,515.3706072578639,0,normal
65.6,120.54823290518279,753.5813130858901,0.18766566120419967,507.2958593197633,0,normal
65.7,119.4953236956083,748.4970844998079,0.21558133485088615,500.59776084231305,0,normal
65.8,120.51902756903407,747.4586258658285,0.19398286036711299,513.1178806510246,0,normal
65.9,120.7684601412376,747.4865786881301,0.19668331515836868,510.0502614172033,0,normal
66.0,120.46932028096792,753.0009831037138,0.2018809507684319,508.2516702127982,0,normal
66.1,118.36396819154218,751.3837177703919,0.19261635463539062,509.01425171994674,0,normal
66.2,120.12112675727556,749.0521858161774,0.17878062838803713,503.485990896136,0,normal
66.3,123.43566374207909,751.398487826581,0.1717624787373449,499.3282267614543,0,normal
66.4,123.21207483621313,751.8842286161098,0.1931044762503898,499.5064554857187,0,normal
66.5,122.0984278600905,750.1626653915929,0.1950037833434255,508.89072298330433,0,normal
66.6,119.55270874234387,743.8580253413577,0.19386219489127385,504.6060612107177,0,normal
66.7,120.54136296438541,748.5947100833475,0.19317843461781234,507.97039623547704,0,normal
66.8,121.54088880258949,749.5411889636679,0.17783954188712067,512.8187830888733,0,normal
66.9,121.1749990142559,754.1203785705669,0.18875958794559922,508.71028779083247,0,normal
67.0,123.59316881735853,752.4224041408994,0.1967030898070118,499.9154490383138,0,normal
67.1,121.54826068257513,747.2459535492283,0.19065338822468408,502.9310484917674,0,normal
67.2,120.9853547053563,746.009881220148,0.18174124268566436,507.69692928892533,0,normal
67.3,122.7346990945621,752.4289822918862,0.18798534606084827,508.5875978769725,0,normal
67.4,120.99798899833522,748.8116024320246,0.17668689662377152,510.01958146771534,0,normal
67.5,121.12872099565132,745.2896506825335,0.20027918777535486,515.5288942939721,0,normal
67.6,121.33280816487718,753.7743907105292,0.2152601435864844,509.21074536025486,0,normal
67.7,121.4652719977293,746.5016747098256,0.18950679333346754,509.18548171918695,0,normal
67.8,121.42670960764268,741.9216963662642,0.19045855198537576,510.96884490737233,0,normal
67.9,121.61195608057334,750.5504869038629,0.18532967026545374,504.21397286884206,0,normal
68.0,121.36653935231497,750.2104213393096,0.21581462321347697,508.63412313220914,0,normal
68.1,120.07053008828063,745.0515363953405,0.20600722822127354,509.0048645218325,0,normal
68.2,120.77008981975489,749.2835927489983,0.21009137951175139,510.2121018175409,0,normal
68.3,122.80895365805351,749.5453941798592,0.18707916210807027,501.4065004871079,0,normal
68.4,120.88306464908571,749.3710488432122,0.1876681187084535,514.7150789138421,0,normal
68.5,122.66743134853898,749.3945640471293,0.21073651209290137,512.8633345052453,0,normal
68.6,121.5841430585741,748.4431127369486,0.1961770792799905,508.03734184697345,0,normal
68.7,123.74508770131905,755.2346728925351,0.16862759870242733,501.655478610242,0,normal
68.8,121.96140975134284,750.8188959816965,0.18703613403886524,510.21818807531866,0,normal
68.9,122.41006619406593,745.4101587215717,0.19389150204374428,506.80137782589384,0,normal
69.0,120.75341277776657,748.8045613606024,0.18929807578191177,515.3259429788235,0,normal
69.1,123.1374240466046,750.5562091888681,0.18262850056068883,506.89145627748337,0,normal
69.2,123.64171204775047,745.9238589163064,0.2091393053230237,506.48582800160085,0,normal
69.3,120.77430881849598,747.851051071233,0.19746609210357635,502.6567989473025,0,normal
69.4,120.48644905554708,745.6808853206652,0.18218208720217116,507.2824882233646,0,normal
69.5,121.05365882305682,749.0928240291712,0.19257503054409686,514.9064033265321,0,normal
69.6,120.08762926303152,749.304117345139,0.1954450260114618,505.27689089223725,0,normal
69.7,122.80660833203595,747.4473232685629,0.18679381324968564,520.1003118310915,0,normal
69.8,125.14575084819086,752.7818700650985,0.20564391285632966,505.9808500611633,0,normal
69.9,121.35744696092445,744.6279516883221,0.15907480999992482,517.012216173232,0,normal
70.0,124.05358218100221,747.8691446289821,0.20154450832797385,522.0541324241747,0,normal
70.1,123.36689468489915,748.6253964131936,0.18087145050911935,504.0789082756849,0,normal
70.2,120.67864522316287,751.5828288701756,0.20136675437578322,497.87385603310236,0,normal
70.3,121.70696019359416,751.6034601968882,0.19926003192298974,506.10125218776454,0,normal
70.4,119.3683496596668,752.4002870413999,0.1831412879667796,503.6335466063572,0,normal
70.5,120.87918130860771,746.771009015906,0.18782934223414355,506.4671632205198,0,normal
70.6,122.58730978958964,745.737742243144,0.20054242202340097,508.6225641816909,0,normal
70.7,122.0179742735558,750.1332035345671,0.20712465220381313,508.35190333172284,0,normal
70.8,121.99434331656238,748.8492658940437,0.19642097127902802,515.4512302347877,0,normal
70.9,123.00606077299712,754.041030398115,0.1955151642833598,506.6014038584473,0,normal
71.0,120.41447218007795,745.7257663291003,0.21249405469358124,519.6159036984276,0,normal
71.1,121.23145229918077,749.3327346570361,0.1858066054253129,506.48162265646846,0,normal
71.2,121.54307354361616,748.3320361439785,0.17415678324512507,508.51473633457255,0,normal
71.3,119.64192716390005,751.2399326647587,0.1949140863424138,512.9912804309284,0,normal
71.4,123.25966133084616,748.982392530348,0.19760573736218262,505.2882392101228,0,normal
71.5,120.61142266833704,753.8828356131282,0.21635471592755948,518.8167904034391,0,normal
71.6,123.25413260117048,748.6684291740248,0.16287791965807602,504.11183905841,0,normal
71.7,121.35916002284922,749.9757073462964,0.1639258135392755,517.6671619239834,0,normal
71.8,123.43243260377125,749.7322767030979,0.2269149308040559,512.4035540680576,0,normal
71.9,121.02086600373275,750.8662775164472,0.18638419504531142,504.65905820233183,0,normal
72.0,121.24435530651893,747.5739318742957,0.19690372851359253,500.58751624467317,0,normal
72.1,123.68867669598622,745.5389678940738,0.1959592704550633,517.4131002238151,0,normal
72.2,120.90874396183388,750.3280514274804,0.18993797924443226,513.7630089857802,0,normal
72.3,122.13317568815508,747.66346195992,0.1965714315383847,521.1920930793356,0,normal
72.4,123.21019612578435,746.4531872012158,0.18540943158055145,503.87840379150384,0,normal
72.5,122.11771117712455,748.9097005456924,0.1825230983847694,515.009087927,0,normal
72.6,120.97298246482903,753.1333595335688,0.19332255866198295,506.06901440897434,0,normal
72.7,122.71028956518998,747.5439420489386,0.1938790213723003,513.073568155508,0,normal
72.8,121.62884307175433,752.2260015987026,0.17791943436203556,508.31499816594817,0,normal
72.9,120.06379472368275,755.5004875921484,0.19184546526178645,514.7986472018492,0,normal
73.0,122.79673190719507,747.2454754825702,0.1977139888289074,511.0301448929097,0,normal
73.1,123.28417759006864,752.0445145621286,0.18081148825845955,514.2236344798417,0,normal
73.2,121.46899840801673,745.2159694615432,0.1860831265183335,510.7006758122215,0,normal
73.3,122.5831277918401,749.3476441556445,0.1869784061740327,500.8398438486806,0,normal
73.4,122.7076304507268,754.3571398972605,0.2012413201363314,510.0322637963042,0,normal
73.5,119.97913091435395,752.622098182114,0.19928366942292022,516.2690057640204,0,normal
73.6,123.18991611561141,747.4556754861745,0.17142545437306553,514.9260540262613,0,normal
73.7,122.51977787049502,749.2440396879066,0.17840986776476075,506.7911352623552,0,normal
73.8,121.55559981711241,749.4443128251277,0.19051555484989732,503.9883307682477,0,normal
73.9,121.38748753593944,746.8328422783202,0.21523401813703924,497.93277649277996,0,normal
74.0,122.34223708335736,750.9033422929282,0.19411583173894006,513.6704846439754,0,normal
74.1,120.2417728283198,748.3664959742746,0.18408690434129835,511.2347256822913,0,normal
74.2,119.60705767455026,755.123304003608,0.19308903279264036,504.093723690432,0,normal
74.3,121.3769644719722,750.4860812822036,0.19189687020629925,505.6129616772771,0,normal
74.4,120.70772859193765,750.6337227101881,0.20574771075298723,504.1613607537674,0,normal
74.5,121.67895748125746,745.1630388805788,0.18373754495663053,508.666189182693,0,normal
74.6,122.21301076600312,749.8156938522345,0.19889522891266032,506.9125056549688,0,normal
74.7,120.74883204668704,753.2402172487836,0.18617106072174025,505.927145232643,0,normal
74.8,120.86376632278667,749.6794870012848,0.19979123903102344,513.3822027653626,0,normal
74.9,122.1924244409568,747.5940290650614,0.18862868779548975,508.74484627519325,0,normal
75.0,120.87630057039237,750.4656017900047,0.19004751967889652,505.8059179651495,0,normal
75.1,120.76600314337496,744.5083225654506,0.1736811965010933,516.4141695622874,0,normal
75.2,120.39485154790066,748.1960101783734,0.19983173301277882,510.8782593892816,0,normal
75.3,120.74542200003444,751.4613472592505,0.20850257555209292,501.5649095667503,0,normal
75.4,122.57554477042187,751.242429449198,0.17887599178861757,508.7621595328364,0,normal
75.5,123.08790143522175,752.2404969445678,0.19776663845478518,510.58303346646045,0,normal
75.6,121.13052248483233,749.3794090337766,0.20693876895129146,499.6930481628433,0,normal
75.7,121.68339025593193,747.7613611552364,0.21116528091050069,511.79013614385093,0,normal
75.8,119.68551812807847,747.8846563822335,0.17732543913993137,507.5815029627555,0,normal
75.9,121.44018240608605,749.5245748152688,0.20122309584676704,498.6118043794384,0,normal
76.0,121.97911828469661,742.7577421111886,0.19179188410329742,519.4950078461186,0,normal
76.1,122.36216178600836,745.2891481464615,0.17807489660129006,512.7274733229522,0,normal
76.2,119.05408657727152,750.3959490996999,0.19521925478020866,508.4110792488256,0,normal
76.3,121.76458838270366,750.8048456178634,0.1978155130444203,508.61248527592596,0,normal
76.4,120.11617194679621,749.0944205550213,0.18333551446749596,499.354377273616,0,normal
76.5,123.07247039350798,747.2568788581691,0.21276785065870435,517.018343293751,0,normal
76.6,122.82961974380336,746.1929366890406,0.2038869614808074,499.68459745736624,0,normal
76.7,119.96754868062916,748.8544786966156,0.19081934311853493,516.7503305666459,0,normal
76.8,122.21817551138405,748.9692226041496,0.18946208460651554,509.75992964731444,0,normal
76.9,120.8956515886792,749.8365688002327,0.1934300481802609,504.1511464903359,0,normal
77.0,120.98859963170456,749.0826427770463,0.18709110067430415,503.15707670628444,0,normal
77.1,122.5258011132614,746.0619898960776,0.1797867867007745,508.83742612377836,0,normal
77.2,120.97280230238712,749.765048441946,0.21718106013316069,513.3401924113273,0,normal
77.3,120.93193621673451,747.3920185584242,0.18207820373155198,513.6011830661772,0,normal
77.4,123.04068689368522,744.1142564166161,0.1970578979803088,511.7820793613935,0,normal
77.5,122.40509386724213,747.7292068142827,0.17645612660354065,502.2587678352139,0,normal
77.6,119.774589621614,749.0899029266754,0.1874909015242212,516.6505071925326,0,normal
77.7,122.29249831102467,748.3149996970329,0.2008052263390895,508.9489171376761,0,normal
77.8,122.03145536078974,750.6978152012948,0.21847206342176853,517.799684430168,0,normal
77.9,122.41958786878088,744.9513240519366,0.19594756976541836,504.9281771149784,0,normal
78.0,119.11244281344017,745.3605825592966,0.1950216634672437,497.6070970416577,0,normal
78.1,120.2022459620061,749.5376083875358,0.18867344230671212,505.2608900735231,0,normal
78.2,119.30560235485278,742.7195081562946,0.19121323060323156,511.2240039503879,0,normal
78.3,121.96228501384182,750.5283519416867,0.1827263786911939,511.21257634544094,0,normal
78.4,120.57314386192122,749.4079936060912,0.18729197649548734,506.4423839427355,0,normal
78.5,122.47805199345521,749.7781667146519,0.18702026265723742,512.7085072683619,0,normal
78.6,119.84646787823253,744.5638794695795,0.19734909537886186,514.355323417517,0,normal
78.7,118.9384496364047,752.3544722806466,0.1824999374488297,503.9483246342158,0,normal
78.8,121.74186553245526,754.8693235651735,0.19775609580017958,516.1966844933263,0,normal
78.9,120.44165778619458,748.042764778731,0.19598008803546146,513.6742079109572,0,normal
79.0,121.20877235157624,749.9644654681452,0.1850961996643279,513.1496377744361,0,normal
79.1,123.23029403808899,751.6338839725815,0.18400290006050105,506.9066409054478,0,normal
79.2,120.24740684716305,749.1674970306332,0.1829863188442408,503.557194303693,0,normal
79.3,121.25273151975047,748.0348938329194,0.20113964766958645,515.705136955536,0,normal
79.4,121.26152195305264,747.9500868346485,0.1646048890287487,504.7332328127165,0,normal
79.5,120.33819054804053,746.240586469709,0.20936382754772243,516.3141158668824,0,normal
79.6,121.41493706037862,746.9571857466982,0.18326065693184296,509.79883964823455,0,normal
79.7,121.65002158394263,752.127673808718,0.18376368834259946,509.2844903153357,0,normal
79.8,119.54817975267103,750.0017838943273,0.18242869879600032,517.8950967925307,0,normal
79.9,118.75849864779083,744.6209732700426,0.18599557953341886,498.2429834001638,0,normal
80.0,121.77072376113583,750.1544037154392,0.1835636185745867,513.1049782886275,0,normal
80.1,121.94239151847778,747.7271987783405,0.21169275549748318,502.5707480536479,0,normal
80.2,122.76269578030929,750.7626237776956,0.18180930755545965,514.0519657155407,0,normal
80.3,122.79578735099767,749.3686357293655,0.20321804974878355,514.8752307464422,0,normal
80.4,121.86645103039606,747.8393477107265,0.20216567867025548,515.5978990842005,0,normal
80.5,121.1847023935288,752.3673150167401,0.17555198868898106,497.146725219508,0,normal
80.6,121.7071847601145,744.6330848614244,0.19356913553995217,514.6189986370164,0,normal
80.7,124.02052758872773,752.7791146739704,0.1770376951801191,508.0074162062664,0,normal
80.8,120.98555801920624,755.2032493011874,0.18230410917394504,506.01201676268425,0,normal
80.9,122.60239279489265,748.6381348728607,0.20763007956004872,505.10840450982494,0,normal
81.0,122.8052884640817,755.6822230417963,0.2013329881568612,521.2000652320249,0,normal
81.1,122.99436533631446,749.7508120897263,0.18893726276293435,508.9210863118026,0,normal
81.2,122.66606879371163,746.8533909607193,0.1768583651045532,501.7827040820134,0,normal
81.3,121.98832181197676,746.1288734380836,0.18724799622890798,517.4017996642646,0,normal
81.4,119.99213454043876,751.0975599394085,0.1860492947302355,514.8920450528034,0,normal
81.5,120.47915265824811,751.1754422031895,0.22336237129804304,509.300594671871,0,normal
81.6,121.29173057606717,753.5752626075742,0.18208360279645538,519.3724222638692,0,normal
81.7,122.05088043367927,741.7038778923551,0.1890202654136227,510.9780123057537,0,normal
81.8,121.85315788763783,749.4787608051962,0.18756712297796396,496.36473446410486,0,normal
81.9,123.14316345693742,751.0364022959743,0.18489588776674454,514.8526180296159,0,normal
82.0,120.28059881775442,747.4217971957689,0.20276218392029946,511.42474653024317,0,normal
82.1,120.2870198145483,745.3127266077171,0.209133692546611,503.75676207101753,0,normal
82.2,122.97807724231822,746.8413114500044,0.18405941490299815,513.2666762074498,0,normal
82.3,121.5369083251283,745.4652394243313,0.21383834410669236,519.8882837127093,0,normal
82.4,121.53378758967357,752.383068807725,0.1980789972093896,509.25746422637656,0,normal
82.5,121.70532369295252,744.9588883916481,0.1957287821598903,507.7687742085054,0,normal
82.6,122.75174767137405,745.5184154337079,0.19642909984436713,504.72691105455476,0,normal
82.7,122.69037527345417,748.8484136359305,0.18447821527780092,502.7889168960076,0,normal
82.8,122.47523838776871,752.1960544244978,0.20576241636305012,514.8013772891568,0,normal
82.9,124.63545738725527,756.3261238793516,0.18066570884262334,508.5615657959583,0,normal
83.0,122.74042944578197,745.146624838754,0.19329931416656365,516.229505989602,0,normal
83.1,121.05962173160245,751.8252708317348,0.19557903094099988,509.823875416083,0,normal
83.2,121.89634454313709,750.2447597269506,0.20315208859685047,509.4290388439602,0,normal
83.3,123.9370805278239,750.7392371536409,0.18567742051057096,509.06870740692955,0,normal
83.4,120.32016597941373,746.1637603733815,0.1833052168034885,514.2387292614055,0,normal
83.5,122.69514348712443,747.0628414794551,0.19469519111504918,504.11140882059016,0,normal
83.6,120.86522485169024,747.3397811169741,0.1740328889073232,516.9986271110909,0,normal
83.7,120.07227112958165,747.6616060902684,0.19388319514769764,516.2469098997876,0,normal
83.8,120.7500204722938,749.5470266497372,0.19990598474073137,497.4629972983376,0,normal
83.9,121.4701409145977,745.9492347656096,0.1834676245797718,506.14838052369,0,normal
84.0,123.13131809561756,749.021800111874,0.17779307907957395,512.6819495227891,0,normal
84.1,120.86472686609739,754.9331926513801,0.20085270240826883,515.8567636767226,0,normal
84.2,123.52449716183799,752.6400408828339,0.19695561584279137,521.7556309912482,0,normal
84.3,121.54659076408163,745.6673663564309,0.20722164195286358,506.6349279445798,0,normal
84.4,123.0896582193055,745.6915380443218,0.1947657931154331,504.85331423714536,0,normal
84.5,121.72581257272006,751.7212976321756,0.21452665176123376,504.7547044935851,0,normal
84.6,120.61264311409798,752.3446031074333,0.18050495028317792,504.47741385343556,0,normal
84.7,123.64672233876662,747.2584125713872,0.19428254638625223,506.6490464383398,0,normal
84.8,120.82638738116441,747.9952455754443,0.2020629367601251,509.8325613990782,0,normal
84.9,121.62323111603666,744.9619848582463,0.18088027035271323,509.9399190897295,0,normal
85.0,123.63522122839295,750.41097530163,0.20740492513230416,496.7552061522314,0,normal
85.1,119.2712521153906,748.138863205358,0.20419491110954033,507.1403620373827,0,normal
85.2,120.20435199071697,750.8233280037259,0.19931542396994145,505.81752872089965,0,normal
85.3,122.8154871761013,752.7000294737599,0.20772325181114631,511.1245927218906,0,normal
85.4,120.7506949034975,750.255184525497,0.1773125189243811,505.59866434229093,0,normal
85.5,121.45934542519099,746.9772110309931,0.20755410634150412,507.2671611601359,0,normal
85.6,122.5000970373336,752.8139566343823,0.17376758704572248,509.23000151189376,0,normal
85.7,118.87078423916883,746.9711789286728,0.19891292774457794,507.85712029340857,0,normal
85.8,125.01949257152783,750.3332642524405,0.20134034900847855,512.5288987951491,0,normal
85.9,122.07331899679484,754.4618818634909,0.17737788552638725,511.1362867724399,0,normal
86.0,119.47094559787084,751.2600994143359,0.19803458373207028,507.5592061593197,0,normal
86.1,123.25150014881086,745.9737455968059,0.21582766684289637,502.9158192390898,0,normal
86.2,120.78985082742044,749.2435707486907,0.18170705298540143,518.33814314126,0,normal
86.3,123.87066181578123,752.3122752330606,0.22718717253343362,506.36405015677695,0,normal
86.4,123.77220213934291,749.625695813487,0.1967300472973083,507.1225317429936,0,normal
86.5,121.14667274335254,749.2148718035991,0.20530942922251352,500.87599984476583,0,normal
86.6,120.80785557583079,744.045921070392,0.1866570378105175,511.8869042680878,0,normal
86.7,119.8234634530603,747.8142383583715,0.20316143898773587,495.15847425494326,0,normal
86.8,122.89106906557141,752.6065930670188,0.18981848726661688,511.8381375811188,0,normal
86.9,120.4642813077831,748.7919529864348,0.18939796926780522,510.3736662915135,0,normal
87.0,121.76648057714762,749.360368695951,0.1847009060127692,521.0156285734893,0,normal
87.1,121.57310704322953,751.9861423951812,0.194745937585022,513.8345333080941,0,normal
87.2,121.94937261164031,748.9900745162506,0.1987114219126285,507.2409841490587,0,normal
87.3,120.75892853682359,752.2882211920701,0.1739581313135568,517.9366734332472,0,normal
87.4,121.81451960856457,744.5840071397196,0.18398848078119753,515.1892416655941,0,normal
87.5,120.74561722627878,752.3869739204288,0.1938917049015968,504.69029398601185,0,normal
87.6,121.85682857073415,746.0635302506279,0.19340967985509705,513.6602640066249,0,normal
87.7,121.5264974350444,747.695456664734,0.1868664689308855,503.0207915318749,0,normal
87.8,121.89981459423872,747.026344225393,0.1950804876004877,510.4121097323289,0,normal
87.9,122.76075466444374,748.8262069140125,0.19702881558132462,513.7505340000749,0,normal
88.0,120.95048009423532,746.6378171824115,0.20448640511652455,522.0455233948024,0,normal
88.1,122.15880354447533,749.0866506479183,0.19690484001361044,516.5703743252257,0,normal
88.2,123.31278797100028,747.3710810566727,0.18799988891994862,510.03288499872554,0,normal
88.3,121.57628598804921,749.785096592795,0.19458283520204941,514.2199307944293,0,normal
88.4,122.58144020826768,749.4718227038663,0.22114586405199124,506.50798538835045,0,normal
88.5,123.88876605596468,753.4094151405369,0.19966582719890394,507.8264531835819,0,normal
88.6,121.84540401091559,747.9087504164133,0.20586849053696923,509.75303268287763,0,normal
88.7,122.34671437042473,748.2240116674494,0.18488970773213828,512.2989407597868,0,normal
88.8,121.99699836333983,748.1988593628192,0.19888104287498354,512.3452357550194,0,normal
88.9,123.83385691327838,747.9289917888772,0.17864328481771136,506.44613209074254,0,normal
89.0,120.01981923857407,745.6685540280063,0.19391465981424805,511.90697692596126,0,normal
89.1,121.43477680747326,748.397897716651,0.1959239540388668,501.4884800466444,0,normal
89.2,121.32205252955247,748.9427976191937,0.19535659772882286,509.16618795148736,0,normal
89.3,121.29810517985837,744.3251654443935,0.1859650598962115,509.3986398848782,0,normal
89.4,121.74770831814172,751.1480363222174,0.1894761484152276,513.6322182735803,0,normal
89.5,122.24788412783366,747.3748363034921,0.20088373531471998,510.94734732151284,0,normal
89.6,121.27193175227512,749.7563615537659,0.20726673988375358,510.4043955675779,0,normal
89.7,120.70095334006776,748.6109395840649,0.20524580374833365,514.9498777792605,0,normal
89.8,120.48344723133415,748.9660063495506,0.18570748974496268,506.4690039612287,0,normal
89.9,123.42366179269202,745.5144050461056,0.1976934284985159,512.7335039029889,0,normal
90.0,121.81396800267967,748.5617186600688,0.18227673148639917,516.6778163049688,0,normal
90.1,122.26789409521693,748.8425745209508,0.19045611519475864,512.1372996504123,0,normal
90.2,122.96718590063901,749.9012069933395,0.19984744290497475,511.72152857921947,0,normal
90.3,122.29862572546205,747.8671984205496,0.19453352171705948,514.2354729491788,0,normal
90.4,121.65819964148567,744.5197162032555,0.17944088991479937,507.1311544606179,0,normal
90.5,121.95280791750037,749.2271977625393,0.18621031086115727,510.2119482088492,0,normal
90.6,123.37527722341224,749.7853356647818,0.19837394942183464,510.55638959633677,0,normal
90.7,122.48927100512552,750.3996406114625,0.18426087827161988,513.4929682177922,0,normal
90.8,122.02600970136737,751.7534777771996,0.18065624813354414,503.5990241768856,0,normal
90.9,120.98619278462421,749.0636015896455,0.21024384792568113,500.43675452763534,0,normal
91.0,121.52501245772007,750.9061906635059,0.154902579825317,508.05094432075043,0,normal
91.1,120.51833630610201,747.2090181809567,0.1862423583458817,509.09472315531866,0,normal
91.2,120.9699632368423,748.8846911120442,0.1991486760687826,515.148973243029,0,normal
91.3,120.00768238701737,744.4841403439891,0.1971060416844402,511.10712034879543,0,normal
91.4,123.18969240678426,744.6327760676855,0.21644616499550606,511.41065542494607,0,normal
91.5,121.62345802029475,742.9082522544883,0.19449975534543185,508.4267470212093,0,normal
91.6,123.5701548431795,748.9732022451351,0.18897494792408923,502.8213807174808,0,normal
91.7,120.82708647719147,747.3519157773585,0.18514662144014019,518.8185265165689,0,normal
91.8,120.8691501671286,747.8935641517479,0.19644059247841575,501.65274010034955,0,normal
91.9,122.02086352617087,747.5427423976055,0.19746833796637148,503.22843201613796,0,normal
92.0,121.5066625308425,744.1090251685072,0.1930909964265032,519.8009642208805,0,normal
92.1,120.78049639916136,754.2099449606997,0.1875586490640028,507.62288398459765,0,normal
92.2,121.53687669560645,744.936270087161,0.188434754185256,506.64926257213637,0,normal
92.3,121.4240395775456,748.4262313258042,0.19873954430184232,522.5813835235728,0,normal
92.4,122.34236576914807,746.762055355761,0.20089603527700606,500.5055482351546,0,normal
92.5,122.47201692072018,749.8606944139422,0.1899189115078587,509.14128008589114,0,normal
92.6,121.84655670746265,752.0200174773929,0.22041224094848294,510.00783448960107,0,normal
92.7,121.43426241408469,749.0579841277429,0.18124614143504209,507.47690904014564,0,normal
92.8,123.45517837707352,753.3207980362705,0.20547682991201077,511.09902871949646,0,normal
92.9,121.14298905470095,751.1291618189654,0.1879587963614717,505.7666486973903,0,normal
93.0,119.92066947722122,752.6304099719091,0.19840361300577822,506.5580553601696,0,normal
93.1,122.83609326990677,750.3536115368754,0.1911067413708454,510.7052611376865,0,normal
93.2,122.1926835777549,749.9694069870367,0.17577196507415657,513.2413183327686,0,normal
93.3,121.91857356538151,751.7942862676006,0.19150237207636642,519.3360758832197,0,normal
93.4,120.5022636845139,751.717264699263,0.198110216505763,512.0113723469044,0,normal
93.5,122.4536083524206,748.4937130056626,0.18163827692052723,517.0248870675724,0,normal
93.6,123.33894618308646,743.8829453855316,0.21259468257181136,514.1870902368727,0,normal
93.7,123.03891363543063,747.7788459865446,0.2044279163409635,512.698252613439,0,normal
93.8,123.79721479590292,752.6057358277266,0.19395649454008795,498.7851474049998,0,normal
93.9,121.63548162506,748.0239641749312,0.16604052556364446,509.23402044155125,0,normal
94.0,121.32188243632245,750.0623996200624,0.17730172221498278,507.1704662788274,0,normal
94.1,121.18013651016346,745.6165617330008,0.21420699366570223,500.1349679823742,0,normal
94.2,122.05910031459499,745.6651329827457,0.21011108184147653,516.8273345976933,0,normal
94.3,120.36825215784702,748.7833651126168,0.1869333301533101,505.2832818104023,0,normal
94.4,120.46779751365389,743.2319886392506,0.17700143443062955,517.0733921562231,0,normal
94.5,123.8349042705117,749.1015738934003,0.18278538731364052,516.2011643998768,0,normal
94.6,120.95375182698675,752.5432123876712,0.17318040432460624,513.3916335243573,0,normal
94.7,124.41868784990818,753.8566263351604,0.19062507121161928,501.4029740970865,0,normal
94.8,122.28551360693392,749.8343419228358,0.20117310964361648,511.46158782969434,0,normal
94.9,122.25583778232274,745.1042881932542,0.18771015602486268,509.3283323977997,0,normal
95.0,121.16775597244107,751.1776744225964,0.1831145461558943,509.0208514232611,0,normal
95.1,121.28488201931069,750.2546374933335,0.2036903272826769,510.02352070073965,0,normal
95.2,120.88454026723282,752.0712199156359,0.204636793814001,504.91351685592247,0,normal
95.3,121.74172155065226,750.1473676234126,0.1955040707692579,520.8961648429878,0,normal
95.4,120.73737869567186,749.6837309436968,0.20220747460313004,517.7036882603646,0,normal
95.5,121.82136881984498,749.2220168391858,0.1909058592078722,509.158609373266,0,normal
95.6,119.87540523025942,746.4408454069765,0.18848350212719683,514.9388222810646,0,normal
95.7,120.20948923312486,745.9213139804612,0.16221224184288094,518.4202018230092,0,normal
95.8,121.15519058644998,749.4307394728986,0.17545879706134557,502.71788312735856,0,normal
95.9,121.25885335884658,749.2138857951891,0.19827922952837568,504.1713384623774,0,normal
96.0,119.96077164016968,743.1891220714347,0.18115448564657882,504.35254452331276,0,normal
96.1,121.03580341974856,746.7914622632707,0.18598680487353322,516.9117050329868,0,normal
96.2,120.05983424621358,749.2340735081107,0.18433893877607943,517.4105538997757,0,normal
96.3,121.47507644068524,751.563760351474,0.18457036133665136,515.7987727239877,0,normal
96.4,121.62184389127822,747.5919043931542,0.20185802325649987,498.32657680315145,0,normal
96.5,120.862788519381,746.9485686200328,0.19577501536705133,510.8541799618565,0,normal
96.6,120.81954335877245,748.723658178907,0.20603771658582026,510.17727579778625,0,normal
96.7,120.28684614870946,750.0178194739661,0.19856582494061567,503.80580888779616,0,normal
96.8,121.86102145027559,746.3584107344489,0.19923603590241842,519.7494257794048,0,normal
96.9,120.89955082598637,752.232345953578,0.18554166553289558,513.4153578052715,0,normal
97.0,121.21099317546869,750.9717257417263,0.19856880672653615,515.5956357202872,0,normal
97.1,122.50653312039466,752.3757864557808,0.1843179735647769,500.36211429330217,0,normal
97.2,122.28801330811352,749.0196927674241,0.2146299420480847,502.9498895667949,0,normal
97.3,122.54775027311084,746.5910833064044,0.2019865480622952,501.37594953253284,0,normal
97.4,123.25192401247872,748.5793402315345,0.20098853837777544,503.89930696868714,0,normal
97.5,120.84033049109621,747.4447267636527,0.1819674319305661,501.0498485222084,0,normal
97.6,121.22107219063561,748.8352337853751,0.1732714765664468,511.10719544746337,0,normal
97.7,121.4870886446909,744.2009931850367,0.198538375503655,508.73056913939104,0,normal
97.8,121.69938737855983,752.9574958604001,0.19561268952535274,510.2059575945747,0,normal
97.9,121.12398818131675,749.865110642051,0.18658239245880337,508.7297235497169,0,normal
98.0,120.93612574237693,747.1130041646312,0.1953039909982268,512.0402369061916,0,normal
98.1,122.29383541955559,749.7919538391113,0.17895514022621284,506.44202355460186,0,normal
98.2,120.07875477034929,746.7176094300963,0.19608269837151504,516.2536375270236,0,normal
98.3,121.6128835881229,750.5461755617285,0.2064348438457454,507.7748919095341,0,normal
98.4,121.19944146318147,749.6184733180132,0.20191755663433594,520.1339369761523,0,normal
98.5,121.50624644199794,751.2309277934182,0.20396286084234336,494.64703759141213,0,normal
98.6,121.55291331645903,752.4419622916354,0.17459163293198526,516.2583909215041,0,normal
98.7,120.65647992881085,748.7712049283418,0.2019799656885456,511.5323991332752,0,normal
98.8,121.05796906336734,749.3531921559277,0.19056739279343654,507.5020594431577,0,normal
98.9,120.45644356723082,750.9335367031647,0.20765937515553268,511.76909328626243,0,normal
99.0,121.63181937366984,748.9289428953431,0.20428504948763765,507.72967514740157,0,normal
99.1,121.03664806190359,750.3453830369862,0.18151514162503507,512.5257742128726,0,normal
99.2,122.01997351766929,749.6247206831624,0.1809960640287478,507.8328003128777,0,normal
99.3,123.5571442258714,747.8654803786873,0.16758884189181159,500.300464824924,0,normal
99.4,119.52515052150392,750.9383272791483,0.18342663870248238,501.8740287206291,0,normal
99.5,122.90889156504925,750.3768199049213,0.17882080691302762,513.195474457401,0,normal
99.6,122.83459822367128,746.0583851946964,0.22219776128303037,509.92687878605176,0,normal
99.7,120.07186811025751,748.5000619170895,0.19210385390107365,516.7762012622352,0,normal
99.8,123.16512716526323,750.6954462937106,0.16850160804677647,502.4697718637536,0,normal
99.9,122.18091043782083,749.789701420166,0.19589727842621898,510.20806333047307,0,normal
100.0,121.69200145288033,747.988594900919,0.20479583437065813,511.038529802226,0,normal
100.1,121.29757817248291,748.8537993839356,0.1843910905610656,503.4390002305617,0,normal
100.2,122.80100806948396,751.201612050959,0.2168602067753545,506.508302444715,0,normal
100.3,125.17130221603203,752.4475589111349,0.1671383104041202,505.22779611205146,0,normal
100.4,122.43535770532951,755.5829526513264,0.18832170244793903,511.80651945849587,0,normal
100.5,121.60092450302467,746.2702013596961,0.18914907529672045,511.3558103096873,0,normal
100.6,121.44749379256355,748.5490992905819,0.21221414857918136,506.52490144637136,0,normal
100.7,122.91154425313972,746.9913840499172,0.1933864114786864,520.1081806454239,0,normal
100.8,120.70610039233108,747.8676157698324,0.20511881561424655,509.0286043356509,0,normal
100.9,122.51277906507518,744.399243902507,0.2062244960498792,499.82411053939774,0,normal
101.0,122.53486092454617,742.2230667587698,0.20155588686139342,509.21689084817,0,normal
101.1,121.41182648200319,750.837966800108,0.1972521420257828,517.4323875851794,0,normal
101.2,122.17550101476962,748.9401928092686,0.19990156956332766,500.6732535611786,0,normal
101.3,122.2527866373624,748.7860539742926,0.20241440229910262,519.2633748575225,0,normal
101.4,121.68624559674218,749.5137622135888,0.19619436366317594,506.00422081443355,0,normal
101.5,120.56419916009212,745.4308405372516,0.19538271513479735,514.2172863736745,0,normal
101.6,122.08373796883726,744.2625731076957,0.1952389610891081,515.5144919096592,0,normal
101.7,120.903437561572,747.1016663999648,0.19953245940152237,498.3992289655122,0,normal
101.8,122.46618344381464,748.3919330386997,0.1889792176162186,511.303276761318,0,normal
101.9,123.12945369643069,749.5864843209819,0.19657723176453257,507.26191220778276,0,normal
102.0,122.94930490728473,745.5370212662306,0.21337011650525833,512.2830783464401,0,normal
102.1,122.53110681479063,751.7295863059542,0.1802877806720551,513.1262334079589,0,normal
102.2,121.46021775005329,751.1826132398713,0.18744996522680576,511.8926636778851,0,normal
102.3,121.21268090187046,751.0798216852986,0.19627120957632613,518.6045232205968,0,normal
102.4,119.81632890237677,751.5380655814644,0.18426706149603778,514.8960370877658,0,normal
102.5,121.81239709751087,747.8103713364491,0.2077529279397363,513.3962225354132,0,normal
102.6,122.27282280684777,748.6415721812017,0.19581025054364384,509.83368385361246,0,normal
102.7,118.74898057916819,748.8657847238395,0.18153506123610988,503.50856210452844,0,normal
102.8,121.98708719235869,744.4387139800474,0.1805124947310664,505.94096209906536,0,normal
102.9,122.597639497117,751.091400992198,0.19459921801298985,504.30355833013977,0,normal
103.0,121.13983339221132,751.5428770523089,0.19601417871597554,501.1639592939986,0,normal
103.1,120.88209332345477,751.0040390655312,0.21476772611714098,517.4084032571097,0,normal
103.2,121.25137231948712,753.16257799208,0.1929825521407891,510.3636856652004,0,normal
103.3,120.52924166721722,749.8264074899187,0.18380515732430042,506.05556791063754,0,normal
103.4,120.87159274995054,749.2539285404291,0.20733150113847512,504.912884791029,0,normal
103.5,121.7208293851424,753.8523348045953,0.19929134664938633,516.0350307980958,0,normal
103.6,118.85077901001706,745.1661796853824,0.17649688978053316,503.0667387573091,0,normal
103.7,123.06125397130879,749.8658057957111,0.20019171035568406,506.8016278096166,0,normal
103.8,121.9393031047312,749.2963106050059,0.16973998040794902,500.41500688461167,0,normal
103.9,121.91645864347892,751.0564381825097,0.1778689084730616,490.82248371930905,0,normal
104.0,121.74757159906639,748.3049014306886,0.2047996925873431,507.1007908772478,0,normal
104.1,122.35516486531506,741.0340260191876,0.21142686220525858,496.30287980191304,0,normal
104.2,122.34871992688366,742.5544110855877,0.17432659292842723,503.3763081943738,0,normal
104.3,121.09031751322868,753.4935159766928,0.1766502279074691,506.68445589024117,0,normal
104.4,120.93544868086038,746.8285287683219,0.18313880362853738,519.6920069546559,0,normal
104.5,121.62582854768593,753.0739082960798,0.1808208690932282,509.2908117105504,0,normal
104.6,121.34430705132691,750.5134656556108,0.20477320282884146,507.06377487631465,0,normal
104.7,119.80966834044771,748.4876020686324,0.21269007803342818,515.832473121441,0,normal
104.8,120.89826987872718,751.9572713198622,0.17424707504183112,511.7348739304268,0,normal
104.9,119.83835355440414,747.0300084658243,0.20376733422854426,498.48942649032205,0,normal
105.0,121.28520800395462,744.5033276904105,0.21656143150121213,505.17499730229247,0,normal
105.1,120.06301916461355,747.9639520144246,0.19486249812867498,516.1764476326965,0,normal
105.2,122.43629448796335,744.988352540942,0.17978180624688914,506.57654889131754,0,normal
105.3,121.20375141462385,752.769618076973,0.19483607377776016,518.8627624761821,0,normal
105.4,122.42877013592789,746.9412282366051,0.22460812927325113,503.2078532865617,0,normal
105.5,122.16968803335688,747.5913127985945,0.20073618711659333,505.7356996073641,0,normal
105.6,121.44356009927739,742.3966584082757,0.19759229148042248,510.1488564223773,0,normal
105.7,121.70410338140928,751.3209750521104,0.19269780596643316,512.2942506775378,0,normal
105.8,122.54466648542541,750.0233072637284,0.20800989782679358,508.14545463970165,0,normal
105.9,122.27233575623863,750.7742148232162,0.22331014984254713,509.8955868552777,0,normal
106.0,121.95096598275535,750.5238889755466,0.211405484719432,512.1936789435241,0,normal
106.1,121.27877800915896,748.8517482533053,0.1851345415030025,497.7443844213024,0,normal
106.2,121.25516414416481,748.875280570894,0.18680720175333862,493.5267649844109,0,normal
106.3,119.20786792265305,755.4182474229801,0.18870769967239004,513.7158313309513,0,normal
106.4,119.45768610725794,749.8510315137873,0.18173799789891065,508.75308457810496,0,normal
106.5,120.83977453651794,749.2040659996779,0.2015573554609756,507.18634358920303,0,normal
106.6,120.77599554110613,746.5531090990817,0.2146795277548467,503.1903267368456,0,normal
106.7,122.08044294248317,748.8621913482394,0.19522620728711157,509.6257527798752,0,normal
106.8,123.44789317748217,748.9931523757363,0.21215378223686165,508.57970852265123,0,normal
106.9,123.50137385855108,753.2533706101169,0.22506169432908615,515.8066425397219,0,normal
107.0,120.76445691658228,751.4641127865389,0.19837206747586794,508.1060565571561,0,normal
107.1,121.08842426553643,753.1778601683159,0.17879882726510463,503.4484656921919,0,normal
107.2,123.62209988296448,751.296662183753,0.19596197687629868,500.48832206368456,0,normal
107.3,124.02952256963988,748.0521330612295,0.18675355308412953,504.20819526504147,0,normal
107.4,124.05986542575178,744.1603699179724,0.18454688229723187,512.5659685061111,0,normal
107.5,122.39106237471012,746.3182659434767,0.19251456943193274,501.8409226079998,0,normal
107.6,123.89128701116321,748.8278434150975,0.1892425510226438,501.2764368834993,0,normal
107.7,121.52401035992177,754.7485079244385,0.19767096674772194,508.42863455240644,0,normal
107.8,121.21744395425533,750.9583295183457,0.17678821251152818,510.1091847521554,0,normal
107.9,120.82082689840087,752.9657602724074,0.1999242246876292,504.2081363498331,0,normal
108.0,121.80002536321452,745.6810429859918,0.18786787773348243,509.1779745638154,0,normal
108.1,122.15394835301771,746.8061190757768,0.1883903370211358,523.8831990503915,0,normal
108.2,121.66799769216382,751.9388995779082,0.1836017885796895,499.858874996573,0,normal
108.3,119.64768443360751,748.763383506396,0.2217218510401364,518.4039435257245,0,normal
108.4,121.8448715742844,751.40582672838,0.2063523929640819,508.9903743216852,0,normal
108.5,122.34713499388938,750.5110537228667,0.1838109152674447,511.7989593057775,0,normal
108.6,122.71995223947931,750.5492574145098,0.18929061434641706,514.6154028184086,0,normal
108.7,122.34552890110612,747.4044990992666,0.18548530243464006,512.2531198730019,0,normal
108.8,122.58172694954617,750.3275225537053,0.2043545256481148,511.33753631013786,0,normal
108.9,122.14407726051184,755.1858754687954,0.19198394348363734,508.4336186117263,0,normal
109.0,122.8595458259493,746.5727493307713,0.18856724126820157,513.5726791445641,0,normal
109.1,122.74018113835041,745.8349188783815,0.17183641123607904,508.0592520749288,0,normal
109.2,123.06490403832251,742.7560631373792,0.20695772809681862,521.6029189461156,0,normal
109.3,119.57935904889419,750.5874624740718,0.18589884311075355,509.9291100641302,0,normal
109.4,122.47405430956938,748.6537480104346,0.19568349031216375,505.34953388604936,0,normal
109.5,123.65828673078624,751.0254214503184,0.18075561237443016,508.29116728708004,0,normal
109.6,121.79259342506292,746.5803188127503,0.22449137059321025,506.91194423362447,0,normal
109.7,121.64082983004647,749.3711043680632,0.20819485509053537,507.93136230721626,0,normal
109.8,123.34877249750335,749.1259676112144,0.1781093563080997,516.577560431139,0,normal
109.9,121.98208402378572,750.6874013660693,0.21309808732189223,504.1855588764089,0,normal
110.0,121.74990566583224,755.1145293416838,0.19300537934411663,503.6310242736482,0,normal
110.1,124.01014478980449,749.2436605364418,0.19886585212859154,500.07541148976406,0,normal
110.2,120.86806188136478,750.5776946272406,0.21117443943952358,512.008211491004,0,normal
110.3,120.76736340704369,742.7653862519367,0.19439723951437224,522.000861886501,0,normal
110.4,121.44048319632948,750.0152177771834,0.1945915925754639,510.608199186341,0,normal
110.5,121.90353977479403,746.7807930599274,0.1983532322718933,511.6958284864964,0,normal
110.6,121.2539594788168,750.1185527396954,0.18869869373246553,496.29794783804397,0,normal
110.7,121.41703226110198,747.1743294557175,0.20067943508755778,506.65911211849834,0,normal
110.8,120.75184322182163,749.613389621362,0.19335135930091715,512.5519580554242,0,normal
110.9,123.3194035409449,749.7067686747581,0.20351826602155054,514.5775317618209,0,normal
111.0,123.37365131533929,750.9559146160708,0.19012122442181872,518.4557729344486,0,normal
111.1,121.95760507380815,749.2775829707182,0.20473565099929045,501.02104241983056,0,normal
111.2,124.6039787269549,753.9262899891503,0.1796946242367996,508.82956602646794,0,normal
111.3,120.43128783185873,750.1285797261455,0.1970458991264112,507.97568537318176,0,normal
111.4,123.27733577287148,756.3696180202968,0.1900274302518779,519.1024917072413,0,normal
111.5,121.14748471408697,752.5544647714466,0.2004548108181241,513.1703777607578,0,normal
111.6,120.52141392875092,753.4424276720521,0.18798852452297352,515.4025776750462,0,normal
111.7,120.74783583961297,750.1378269772678,0.19074387256290276,496.1046668771574,0,normal
111.8,121.42502035240744,748.1449267583682,0.1826418671235903,503.93045637056986,0,normal
111.9,122.8518755195355,754.194260241619,0.19276126125107274,502.79838961301397,0,normal
112.0,120.94470094682237,746.2903927397732,0.17960276659554403,507.64124134753126,0,normal
112.1,122.04659583291097,753.1952688463773,0.2060851878761479,519.8387419312252,0,normal
112.2,123.31134231269414,748.8811531505388,0.19932134921501107,512.96323800227,0,normal
112.3,122.39493041194899,752.205200858688,0.19923456691378263,502.91417913617073,0,normal
112.4,122.82074838029658,743.3010726075513,0.19899236102516027,508.013298511711,0,normal
112.5,120.81265353070246,754.0290634209261,0.19313666549397981,516.9987390665052,0,normal
112.6,122.0640564638358,751.1949593566767,0.19341057269348516,504.98915385274904,0,normal
112.7,122.71861363205332,750.8695530512687,0.20397383229373048,509.23961686950753,0,normal
112.8,122.01864712879869,750.8337126567615,0.18941862143308064,504.05722742546976,0,normal
112.9,120.49525282849645,751.6094765077376,0.19062045729879656,512.5724001465484,0,normal
113.0,119.67253752261767,748.2126047616465,0.19225950313547796,498.6855448131556,0,normal
113.1,121.89149820185374,751.6198511252932,0.1838450737450317,524.0190413083768,0,normal
113.2,122.24800215010335,753.8553797468031,0.17575881521869596,514.9784953244782,0,normal
113.3,120.59768824539366,747.193039921756,0.19262367099722708,511.05358997906194,0,normal
113.4,125.16087554700549,747.32522248015,0.19345906011487315,511.1783705554018,0,normal
113.5,121.03331600815908,746.6001576047164,0.1575998045265092,507.6456927432148,0,normal
113.6,121.02595589227585,751.9889030631244,0.23166855981916298,511.96758126930433,0,normal
113.7,121.80997946353024,752.3972040697238,0.2078671269277883,510.7555336353358,0,normal
113.8,121.77767173288198,747.2734115532812,0.19957849799946648,506.078099683747,0,normal
113.9,121.32073482675467,747.9476532293771,0.19944927931376202,505.3765233282458,0,normal
114.0,122.47660435756691,746.0567835580715,0.1918688527546514,508.4772433082457,0,normal
114.1,121.44317783841413,741.7703515595356,0.21089403936947784,513.1530073185178,0,normal
114.2,120.96189004829047,748.8115929937575,0.18510392979396306,505.09059193778063,0,normal
114.3,121.70079525057348,750.5998051395543,0.19622514759311724,512.8754442297978,0,normal
114.4,122.39948402333984,743.3903263210786,0.20335637985985502,514.1722802291765,0,normal
114.5,123.0582968436327,755.1877071182689,0.20175358981250027,502.8076690984825,0,normal
114.6,121.88547487085873,752.0646312105699,0.21192847486495106,500.7458163432346,0,normal
114.7,120.66603571364433,750.3103381770799,0.18717581497634322,518.3935624338069,0,normal
114.8,122.99639180083223,748.5555683414805,0.19245478111308975,501.02614818079365,0,normal
114.9,123.5810520111119,750.8856567867861,0.20536500864496307,498.3796204290946,0,normal
115.0,121.16656157075224,750.4132944155027,0.18830998565586307,506.178988617913,0,normal
115.1,121.19369982651463,747.7849938922632,0.1970285163742743,509.8360546171422,0,normal
115.2,122.65797513077017,749.1579644431563,0.17568182798688195,510.02222568383854,0,normal
115.3,121.04610114381846,747.6191578618036,0.18988866001534552,514.676590354211,0,normal
115.4,121.01678686055513,752.2816212470614,0.18482247200409596,507.8011071430279,0,normal
115.5,122.28869365595202,751.1356025953482,0.17642077980525875,506.4034926391749,0,normal
115.6,122.12957109642149,753.4811578680731,0.20556359035160215,511.0460549507429,0,normal
115.7,123.4193826256429,744.1002397271598,0.18109653875769402,516.9612050838664,0,normal
115.8,121.99349379927332,748.9652033970584,0.19078347575129384,502.89966785660806,0,normal
115.9,121.23378376205824,749.9120749649402,0.18989209394231563,503.9275500128929,0,normal
116.0,120.73796895488174,750.0019656068762,0.1807030846092964,504.56399970668906,0,normal
116.1,121.34608846952564,748.7677109982427,0.19280014184167502,514.5137889902131,0,normal
116.2,120.15018731761988,746.5573447957808,0.2098638963617108,506.0899434288569,0,normal
116.3,121.68728081159603,748.7645931550346,0.19589316603934,507.4108584335561,0,normal
116.4,122.55220964289543,748.9771310824233,0.18961640767304883,520.2226552957096,0,normal
116.5,119.65824410063257,751.8368560715519,0.19742765460332498,501.8285648358605,0,normal
116.6,120.52223678434306,751.4224045085949,0.19891234606710415,507.9579879530993,0,normal
116.7,120.73441554691776,753.1910430370169,0.18649092893292643,504.6893564518006,0,normal
116.8,122.24203847276358,752.8130133044951,0.17242800738618141,515.5857241180416,0,normal
116.9,123.53393149042441,751.0926722706698,0.1855984037080422,504.60855437156096,0,normal
117.0,121.30915571799086,750.4403182430576,0.1945743330265634,500.74957988385734,0,normal
117.1,125.47124126998024,749.1397037432678,0.18408575790642775,512.3651265998302,0,normal
117.2,124.52489581732905,747.4168824030631,0.1998769752727938,512.9745306755133,0,normal
117.3,120.207758141751,749.6184426994231,0.18421868502925068,512.2586146498597,0,normal
117.4,121.85125445336642,747.0660176479735,0.20171514930126122,498.83796113826406,0,normal
117.5,120.3457232682981,754.8498604367114,0.20956742851055954,508.86214479223327,0,normal
117.6,124.02997679272067,752.6711037168192,0.18824707255093034,511.66123402260394,0,normal
117.7,123.1542439750444,744.9005598050851,0.18486222339697828,504.93015851191296,0,normal
117.8,122.78829765118597,751.4821770838488,0.1664802461179834,511.76915651790614,0,normal
117.9,120.87059968802663,747.0065222621217,0.1868095202019686,506.5714150985051,0,normal
118.0,121.38516568858012,745.388231687619,0.1823261115346137,519.8608128378618,0,normal
118.1,120.86745264786279,748.8336652068385,0.20645244296784496,512.5302345976619,0,normal
118.2,123.84483336056523,745.1883232092684,0.2129675119311955,507.23401847230224,0,normal
118.3,122.39459148777192,748.5715595043267,0.18649519591566593,500.097544040912,0,normal
118.4,121.5063807731115,751.8475486750143,0.1835760769143935,511.1519513301963,0,normal
118.5,121.68855188038306,747.0238147107148,0.20320542112630863,521.8072884882902,0,normal
118.6,121.48353875423997,747.7884066467411,0.1936046281844861,509.66309244273003,0,normal
118.7,123.59438474156268,746.3970411567957,0.20829193657651257,503.0402349804346,0,normal
118.8,121.35098636870501,748.0365457616257,0.1760957407232307,504.3869833257294,0,normal
118.9,120.56164752295521,749.1998216624403,0.17015741447393462,501.6163616975146,0,normal
119.0,122.67918095352827,749.8896055126908,0.18837682977124592,508.26969190425444,0,normal
119.1,122.08099506383338,751.0248169065131,0.19481898942708,517.6797067263899,0,normal
119.2,122.35116269884801,746.1956752859547,0.19453234513790463,519.1086746976711,0,normal
119.3,120.80520254135543,754.20543805453,0.18594199831653288,509.45595495337943,0,normal
119.4,120.80721252717971,746.9643390022195,0.2195346747567119,501.53307987980264,0,normal
119.5,121.79743366407205,745.3520422790559,0.1932141039659981,508.21643091317986,0,normal
119.6,122.61568780576918,747.8030611244396,0.1959566101682514,512.0230624019788,0,normal
119.7,121.57140295133091,746.7658722029444,0.1961042191115161,513.7312698785036,0,normal
119.8,121.9135916417968,744.6984301552293,0.183502927558911,512.2985655975605,0,normal
119.9,120.50626793411668,749.4106995640954,0.1991891217295601,509.62189839055276,0,normal
