time_s,pressure_kpa,temperature_k,vibration_g,thrust_n,anomaly,scenario
0.0,39.3255455530818,301.7193575066648,0.1377480289477632,6.146829988090806,0,normal
0.1,41.6963007546787,309.7167179316237,0.15536423536329577,6.193041487237092,0,normal
0.2,42.220650146845564,300.0284773953965,0.1363990959527318,8.79226694535284,0,normal
0.3,41.64173929875979,302.60141395844244,0.12051151817032471,5.577819649357997,0,normal
0.4,42.15322457130747,309.72634262655833,0.13553568957412385,13.591291569032805,0,normal
0.5,42.376414102645754,314.33862969294324,0.1415908993894574,2.6996530191768144,0,normal
0.6,43.05444594014627,318.4743720624029,0.16899519351395453,22.850539975509328,0,normal
0.7,42.724345900521605,322.7463986306901,0.14337639635032817,21.613412176029563,0,normal
0.8,42.23323167819713,320.5507461505191,0.17710807171217377,16.86359464709446,0,normal
0.9,46.166626351098564,327.2889177932843,0.14144253506535176,29.361503978867336,0,normal
1.0,44.991366507378366,323.6728424130781,0.14838320464246177,35.743172363651254,0,normal
1.1,42.60302109266624,334.02297496929594,0.136879879296414,45.9748009517337,0,normal
1.2,44.9968881500462,334.95740465933505,0.151004685074536,37.36082048922992,0,normal
1.3,46.7539698956364,340.3323450756649,0.16183270800430313,49.38917906760861,0,normal
1.4,45.8879087673881,340.7567181311768,0.14972371705578208,52.86087210543545,0,normal
1.5,45.89183553811198,337.3657373033948,0.16631280149781844,52.8503092369766,0,normal
1.6,45.737457246651914,351.6495371166783,0.12166658183575442,53.664243837508884,0,normal
1.7,49.1531855278015,354.1573346678904,0.1319126302123057,58.977641925099185,0,normal
1.8,46.44571484264082,356.9724483852763,0.14849026159290082,54.20378489557233,0,normal
1.9,50.298280168773246,353.1711031390242,0.14115364667224092,53.782160566142196,0,normal
2.0,47.36439779254596,360.18339629903727,0.1392076204537479,59.98402195314573,0,normal
2.1,48.84935324541088,361.8735008415767,0.14861107812102875,59.56532340141038,0,normal
2.2,51.05254255082785,368.13278432185507,0.1429003801675362,71.37617087677987,0,normal
2.3,51.55589272742263,367.7483138491022,0.15845841782115067,75.78824811889942,0,normal
2.4,51.66956101442539,364.9072880134593,0.16451155169745924,81.08507275185605,0,normal
2.5,53.01348043188694,373.7504022774546,0.18089893950907832,85.86814882009662,0,normal
2.6,53.52958317998881,380.0029329720041,0.15907866380948935,84.26403243452664,0,normal
2.7,53.52737898612633,382.2773240058846,0.16006634754733579,94.83723888040765,0,normal
2.8,54.823732068847484,387.38327073569786,0.16929946233565368,90.37979888252318,0,normal
2.9,55.55882576020761,385.499269699836,0.13917669245679973,100.09289747367126,0,normal
3.0,54.69643003658548,382.9777434374461,0.18126398888299408,96.8704927438347,0,normal
3.1,54.18790790815051,387.91349659180014,0.16193622936027646,100.91485882153454,0,normal
3.2,55.53661400310021,397.23762557938153,0.16108947298879647,107.03531192895838,0,normal
3.3,54.71818782792117,395.4955467168041,0.17247803802438566,97.50700597634885,0,normal
3.4,57.42160805360123,402.7917452559975,0.1826135708033585,105.21073610682,0,normal
3.5,57.53875587308076,403.1389349778824,0.1795861895223149,112.60402877372168,0,normal
3.6,58.95618005646592,409.00757051619684,0.16947481569581943,108.53465900394461,0,normal
3.7,57.488631923684366,409.642558589994,0.1597983812964855,118.65943143700918,0,normal
3.8,60.464185401308235,413.96743857013735,0.1511002681290061,131.122034628383,0,normal
3.9,58.83835241492168,413.22567070352824,0.1571074362692383,119.08243469592688,0,normal
4.0,59.27239140548844,419.1985916587475,0.1344605474620235,126.15493382231531,0,normal
4.1,59.93884405317196,420.58466471902875,0.16903231451884865,135.23243161898696,0,normal
4.2,60.55667641845042,417.9320515742095,0.15943833012213213,129.7926647943627,0,normal
4.3,61.91127977916692,429.8766977738158,0.14396550693051047,163.8194780989591,0,normal
4.4,63.391920072294155,427.38824263354405,0.16791201859013205,150.07201364891344,0,normal
4.5,63.56602747534043,433.8852153740966,0.16834340291245106,157.9970597918163,0,normal
4.6,63.46375679415538,440.45586603636457,0.16241425295428155,149.38858362873475,0,normal
4.7,66.376060501077,443.3741816734161,0.16266917669878722,150.055009095083,0,normal
4.8,65.13335927461172,447.59642742123594,0.15801016046607982,148.90275226472156,0,normal
4.9,66.60676949564211,445.55652127731656,0.18033530031297113,176.26334222032554,0,normal
5.0,65.15015764051233,450.319351438755,0.15191259089552187,153.2670781856505,0,normal
5.1,65.4379859318193,454.08051669130464,0.17432478251851607,170.4724603978787,0,normal
5.2,66.10310381698844,452.5515282895981,0.15501967854668716,172.72029626587835,0,normal
5.3,68.52369186970309,459.67247584754585,0.16149899293896125,176.32745752108326,0,normal
5.4,69.87552262774119,459.5430244067079,0.15243208341512385,178.74941036049145,0,normal
5.5,67.90203253795276,465.9753360047906,0.17298247195336666,176.26942292712772,0,normal
5.6,68.32700861739141,466.75858861103893,0.1858491080471786,180.05428399535003,0,normal
5.7,69.40997362026646,472.1321541400126,0.16081530407937608,207.00380947433484,0,normal
5.8,70.07292311631116,478.64110832063943,0.1510462030713511,191.73037893501626,0,normal
5.9,69.84712458204682,478.2153373078864,0.13255414573584914,197.35205341377227,0,normal
6.0,69.14964146406425,476.0701054311245,0.15524327602483795,201.1460487177408,0,normal
6.1,69.89795892472299,484.65644751593214,0.18060916247335196,192.49782049601845,0,normal
6.2,73.15860867302034,482.3174361757573,0.1912925323392675,201.03563745044585,0,normal
6.3,72.95375793761082,487.23841921205053,0.17926814736175073,207.20731599657805,0,normal
6.4,72.6582992374945,493.88871599415455,0.16496637189266927,216.36778156313122,0,normal
6.5,73.90892334955052,497.0396613083635,0.16901969404065284,212.76475120389654,0,normal
6.6,73.43723732839915,502.87494767116505,0.16921418051850484,222.28627244536773,0,normal
6.7,74.2933609691779,500.99751484677984,0.1490902776252502,213.06018038737105,0,normal
6.8,76.60361574846543,507.63825071468915,0.15891937957849997,225.35324358509337,0,normal
6.9,77.73342192016997,509.38035146327667,0.1724787318092466,224.0706830181634,0,normal
7.0,75.52389957262999,515.9797962804222,0.16872248580713248,230.903549385585,0,normal
7.1,77.12705064453841,510.2081019341192,0.17978502072949362,230.26139702218282,0,normal
7.2,76.62180197531055,519.1580808385969,0.16454344580457936,245.822672695473,0,normal
7.3,79.81627175308321,517.2998112187972,0.18191338430884066,236.6449939461776,0,normal
7.4,76.8037714593103,517.6789090702592,0.17926675015264207,253.3580730958721,0,normal
7.5,76.79763922537892,526.5290773543242,0.1787224332540153,245.02270994643342,0,normal
7.6,80.20947112575737,527.4168725701747,0.17310729875284514,264.5205903939282,0,normal
7.7,79.81664694881214,533.7133713800858,0.15878081653031675,251.5288546362347,0,normal
7.8,80.02572417703529,536.9334843562661,0.1590696345631123,257.2964371890488,0,normal
7.9,81.14687034248766,529.9332363819468,0.16803946718549498,259.6143617735183,0,normal
8.0,81.6371441274756,536.1400663647062,0.15204152621098302,259.0335170927093,0,normal
8.1,81.4796164947052,539.5385651446323,0.16906695264837146,276.13666072945443,0,normal
8.2,82.24336095128233,549.3299250667123,0.15850097960307913,275.07501618918377,0,normal
8.3,82.63078715874258,547.5605818204727,0.17702920760105664,270.2617317197456,0,normal
8.4,83.19854124131969,552.795486284389,0.1742936188266974,282.28640758238527,0,normal
8.5,85.52742689244047,556.9084384509405,0.19580193740822635,272.5442764625416,0,normal
8.6,83.28609933385229,553.3827769258211,0.17568815055507042,284.30324523366374,0,normal
8.7,85.77076079102783,556.8657236115661,0.1920741782534579,289.2191678339581,0,normal
8.8,85.49142819955924,563.5879716940362,0.17501803696459306,293.35855435916915,0,normal
8.9,86.34632397069737,566.4670509451115,0.1499709438941426,288.1314538142308,0,normal
9.0,86.51915237312818,569.5964011857355,0.1782536108060803,308.0605370824287,0,normal
9.1,86.14012059540448,574.7034709479692,0.1945107930441597,291.6041688467584,0,normal
9.2,85.58670572340067,574.7721525964511,0.17341053641311052,305.48368952009855,0,normal
9.3,86.0386760126335,578.3176772594875,0.15663937095692398,314.0399983381974,0,normal
9.4,89.80972110293749,583.0715269981524,0.17727975602843957,318.34937483031473,0,normal
9.5,90.73907058097184,584.6865981623295,0.17486429682722462,314.07618377382585,0,normal
9.6,89.32588426927802,587.1974535236982,0.16486894833974267,320.6254038353142,0,normal
9.7,89.33889181195424,588.919995082804,0.17514874191344626,313.5068780389233,0,normal
9.8,89.00487747061823,589.0811823416271,0.16225724174065354,306.9889629635262,0,normal
9.9,92.15622905305136,596.4455413248076,0.1915397943822132,323.9672627437722,0,normal
10.0,90.79676048909752,601.6431783838325,0.1809540216668333,333.0147046660308,0,normal
10.1,90.62563318359939,603.8895307485423,0.16482833874742794,327.4042000187622,0,normal
10.2,92.70252339051835,602.6381971910798,0.18155176094667963,343.93972372750363,0,normal
10.3,93.97867131883875,610.2173747536657,0.17084624376003396,337.51858367084867,0,normal
10.4,93.47092851842739,607.5812881626448,0.1796613049395299,342.3417683247382,0,normal
10.5,95.18897810252665,615.9763688945781,0.17571898740860104,343.28679576029657,0,normal
10.6,93.13881541379797,618.4186373452812,0.1923837261903333,353.07618027331614,0,normal
10.7,94.15750011043644,623.1290254639796,0.19668198287998362,349.0804803488074,0,normal
10.8,96.61126654258398,622.3704195909801,0.17941385382234734,358.76389915469593,0,normal
10.9,95.13333218000446,627.2250398409627,0.17313080532825076,364.0679583243079,0,normal
11.0,96.20545666480844,633.1047411282942,0.1597770465135157,358.62129388110924,0,normal
11.1,97.37175561417514,632.0729267336595,0.17582337684796526,366.8720127044074,0,normal
11.2,98.41168853005809,629.8957258797371,0.17962205003610887,370.4477507085971,0,normal
11.3,100.45859853815817,634.1091599170378,0.16583949662032596,373.9015216127912,0,normal
11.4,98.41552628243151,637.7806637191923,0.18384189860208117,377.547070763899,0,normal
11.5,99.62861540209205,641.9073357922699,0.1967465955387188,380.30356928925113,0,normal
11.6,98.59413246513047,643.5907736629423,0.17293956746737948,379.50621257329124,0,normal
11.7,99.02537887992588,652.6041091274018,0.1830027993699963,388.7231884657168,0,normal
11.8,101.84857665233687,654.276566189724,0.19776853102201294,384.63021501254406,0,normal
11.9,101.89210453755481,654.1340684675556,0.16650740580859774,395.09678276449824,0,normal
12.0,103.43586423025634,656.8399511330899,0.16394711844549192,399.3635974956826,0,normal
12.1,103.20728365149378,666.0735192814384,0.19935353553727692,399.9892964400314,0,normal
12.2,103.84994509017899,662.1680884323658,0.17875874618517784,401.36622537965474,0,normal
12.3,102.90378598351991,665.1325635029204,0.16912449019967288,405.8324713827223,0,normal
12.4,105.94097757206538,671.2106159151028,0.17883916749733983,401.69110527623343,0,normal
12.5,105.61141391383211,674.6184923855918,0.19513997515883713,416.97803502881027,0,normal
12.6,107.97060827879707,678.0709896172291,0.19201459585445296,423.5946985556699,0,normal
12.7,105.2040203068453,680.233796186912,0.17248492095067056,421.7532386960198,0,normal
12.8,107.69975867148403,680.9745114597242,0.19165070167179002,433.34404013838235,0,normal
12.9,106.29259030612795,689.6133679173794,0.195623004304543,419.37306053388124,0,normal
13.0,109.60535667646232,687.6098731874749,0.18545643254481475,427.74137667456574,0,normal
13.1,109.0474381685325,687.5686015766938,0.1885701184541721,440.3689272129338,0,normal
13.2,109.86066675660092,689.1360941438808,0.1836592581121313,446.84235944826486,0,normal
13.3,110.91795283283783,693.9984331986393,0.18973024090196935,431.41909088536664,0,normal
13.4,109.65169816028403,695.017583602522,0.1884456056817425,451.1344788963967,0,normal
13.5,111.38506745684663,699.5473242348934,0.18797078902233702,450.2916399850925,0,normal
13.6,109.1480371889686,702.4137890353437,0.17481095962341076,444.29656238816364,0,normal
13.7,111.5029074838347,710.7177133643621,0.18251096022024338,453.90860795451744,0,normal
13.8,111.80363644616601,718.1132443468963,0.17721584239727015,457.4886269706305,0,normal
13.9,112.3625057370981,715.6723921294907,0.20557847064748647,467.12937929928023,0,normal
14.0,111.1696390698107,715.1348335867074,0.19514925732710003,471.7077352588764,0,normal
14.1,112.99288518994135,725.4344545109553,0.1834826219886449,473.6682715418326,0,normal
14.2,114.70996186797053,725.4680916245667,0.1692069807338881,470.6902076082468,0,normal
14.3,111.99654097632879,730.3433346934512,0.19356221813392865,477.6329899332635,0,normal
14.4,114.07652599215528,725.645139690801,0.16370852992713775,485.49422260600636,0,normal
14.5,114.74821144978384,731.5244750045877,0.20303748577016845,470.7575267104587,0,normal
14.6,115.81932648285897,738.2053641748388,0.18574940496183215,481.05464472178284,0,normal
14.7,117.08726774315898,741.8193369524123,0.20388538269663195,486.1756673740857,0,normal
14.8,117.11704285203346,742.4089395912561,0.20472303047121793,479.1195565332593,0,normal
14.9,119.24550587516217,746.3975707035099,0.18715353284725467,488.8545772192482,0,normal
15.0,118.93556969593354,748.9680950359678,0.18662595108040428,499.58983904900106,0,normal
15.1,116.27274790002464,748.9445076257782,0.196167682219634,493.8314115626907,0,normal
15.2,118.3045470328345,748.0663232472198,0.1648102289563958,497.9432004791843,0,normal
15.3,118.94271242675207,752.1451691293938,0.1932957471322525,491.3779227260535,0,normal
15.4,117.42144505573509,748.4218090978799,0.1940310431999409,498.8337625824007,0,normal
15.5,119.33531022301419,748.6009008833518,0.20082069989604387,495.52641748673824,0,normal
15.6,120.16872978390174,744.0118212008724,0.1983580590928334,504.51809785458914,0,normal
15.7,118.08899480844653,750.491557020655,0.1958412644128882,497.3249776108439,0,normal
15.8,118.80557877782164,745.9035083791514,0.18144740100460444,491.6330047410755,0,normal
15.9,115.89687309316318,750.9830927887002,0.18506014016390146,493.73725565351043,0,normal
16.0,117.3031443722987,743.9910803750803,0.18487805836869392,485.61549670596344,0,normal
16.1,119.34848444412722,749.5646069960254,0.22164823425071675,495.6996046083219,0,normal
16.2,116.89410077226955,749.1749365607147,0.173502374671851,495.843882226718,0,normal
16.3,118.47242355247343,749.9002210800852,0.19986073561257195,491.1864197441131,0,normal
16.4,118.84085991351543,747.227445451292,0.2074269077360922,502.4147027785112,0,normal
16.5,117.92793556066208,751.8206523858714,0.1795163111888788,493.8392778719463,0,normal
16.6,119.39522188471241,748.6238609370532,0.19964406076472782,503.1125483775167,0,normal
16.7,117.73033370733874,750.147072999474,0.18741319824634547,498.3417424110128,0,normal
16.8,120.08065055139579,752.0134852187145,0.19996519646154978,502.45537684872295,0,normal
16.9,116.02194657591184,745.4857233905814,0.1655218311823632,505.091054675142,0,normal
17.0,117.83688226760535,747.3953295709528,0.20279821561818906,500.73125797711776,0,normal
17.1,117.71236493480812,748.8160815364196,0.16848187921993374,508.39307312860973,0,normal
17.2,118.2365757771899,746.3507383789533,0.19347898349660644,495.1763861495841,0,normal
17.3,119.53333341257871,744.4814140346303,0.1807059512246869,493.8011009651507,0,normal
17.4,117.03285922685131,746.4252630629968,0.19752054229628974,496.8978484853512,0,normal
17.5,119.21116576642757,749.1917326488914,0.1948588852945387,493.2448659632506,0,normal
17.6,117.90199551413978,747.4366944847586,0.21084947304548,494.9303801800056,0,normal
17.7,117.73281915876613,749.0070751707312,0.19562850868354112,497.8358468251961,0,normal
17.8,116.97352038822532,749.7621587798094,0.18504011271678888,506.59384174903613,0,normal
17.9,118.50977410878535,748.2392268262699,0.2157008908743004,504.70112146774056,0,normal
18.0,120.01837209042611,746.7780053514531,0.1886787219443522,499.09575670062793,0,normal
18.1,117.50501985107972,746.2063870697319,0.2050988277966358,501.45089089256794,0,normal
18.2,117.33590278929728,749.5640830453129,0.19177677978732574,491.9949885780867,0,normal
18.3,115.94628816109315,748.1216742765973,0.18972211019664562,498.75278758122766,0,normal
18.4,115.78011839706885,747.4932521638523,0.19565426481477355,504.2277213141519,0,normal
18.5,116.63420479474863,742.4279673828252,0.1836194258032483,491.6630793668109,0,normal
18.6,118.84482039114911,748.0481405779495,0.19627299560182362,501.8827521577229,0,normal
18.7,116.91420455675733,749.6175864646059,0.18880242203001246,497.6867351125097,0,normal
18.8,116.75021524688755,750.7900364074288,0.1812513449539986,501.30872327817866,0,normal
18.9,117.40274812920691,749.5877843127138,0.20597134892212776,490.84533025730445,0,normal
19.0,117.62843854645295,751.2037901232668,0.18912521537488222,496.21526326414454,0,normal
19.1,116.6083566525601,748.659249638031,0.19026084345801259,497.5001311417467,0,normal
19.2,116.23085248143568,747.1745621244064,0.2038505982872938,498.3425952467202,0,normal
19.3,118.22874233283335,747.6438107057555,0.1954651508712426,489.14917915821627,0,normal
19.4,118.91213308192398,747.0305896805669,0.19187893663918565,497.0037187309365,0,normal
19.5,117.3734195901351,749.8039991395094,0.19249613755662942,500.5232749773361,0,normal
19.6,118.8710515554173,747.7947013827821,0.1852925683337229,498.18743348934595,0,normal
19.7,118.93290208715229,749.6900165898724,0.21177545865691805,492.59640643528627,0,normal
19.8,118.99684370585464,744.8923255661914,0.18782531147580464,491.70175682432676,0,normal
19.9,119.30343759251261,744.3957909180424,0.20982164921573473,497.9789606856362,0,normal
20.0,117.68140972661813,749.1320364118774,0.18881848608620277,505.93805760745084,0,normal
20.1,117.53677633454498,752.8749290628513,0.19313242703008843,499.42533722510814,0,normal
20.2,117.1944530942453,750.9943000022207,0.18287499964896703,497.96554776400774,0,normal
20.3,119.25650941106281,749.6440146994352,0.18830130071515055,502.66277095231345,0,normal
20.4,118.73593292795024,751.0455247117196,0.19822679363921666,499.4659718075426,0,normal
20.5,115.57720856989812,749.7838757709651,0.19079806866914045,494.8099044336782,0,normal
20.6,118.78815517309712,746.6766817907007,0.18378432919103227,505.0939050023069,0,normal
20.7,119.12119073645498,746.010423606821,0.19924663741929807,491.07176136418616,0,normal
20.8,118.22002038602248,742.8578473893647,0.19741598528100665,479.52740282259583,0,normal
20.9,118.12911489466485,748.6007915818775,0.20953071932317163,481.83726839037473,0,normal
21.0,118.6777337677923,745.0897837770631,0.19169770054358573,497.95521076537653,0,normal
21.1,118.24644932427417,751.3670141053833,0.17385788920266765,482.81165237965564,0,normal
21.2,117.16026413607959,746.8122087883746,0.1918079539385943,494.8573645001839,0,normal
21.3,120.46955459841759,742.4811368101706,0.18566457064819247,497.16927411034044,0,normal
21.4,118.83976283384116,750.6065439324286,0.18613401857067827,492.43417252545436,0,normal
21.5,118.5682798674554,751.0268358944359,0.20707502207392928,489.6438522780288,0,normal
21.6,115.47684327709271,750.6921462777267,0.20214623318556643,491.3795079173126,0,normal
21.7,118.77088423914114,747.4715905489261,0.16568142524843385,496.63397237443894,0,normal
21.8,116.505696824101,748.067015674972,0.18922409058515152,490.3427386718223,0,normal
21.9,119.34913525588522,751.9140150685879,0.20270960003729116,498.8021984048954,0,normal
22.0,118.1192780319505,747.1158230133397,0.17649175761547242,493.5583554520761,0,normal
22.1,119.3011938757262,748.9164115199264,0.20729131622165084,488.3665375280801,0,normal
22.2,117.8515111321541,749.7599953582459,0.19688797564806704,491.9928230931225,0,normal
22.3,118.02102327804054,747.985453801151,0.199046721048173,489.7695704946599,0,normal
22.4,119.5787725225225,747.6597912095269,0.19544016586813004,490.98636691980346,0,normal
22.5,118.76048579959438,750.263417939346,0.20572819242849216,503.6612953762209,0,normal
22.6,117.78809714208332,749.1452403858405,0.1835380181798287,507.2708995916799,0,normal
22.7,119.18110300084484,749.9520277925035,0.20332081328323273,493.03170064023647,0,normal
22.8,115.80562630367038,747.5152466839213,0.17596233259978555,500.85035960504115,0,normal
22.9,118.33764389960422,744.2583743411761,0.2045099295154915,504.2268792501488,0,normal
23.0,117.64727961926847,750.5563758845716,0.19616970670612707,488.6623324553385,0,normal
23.1,120.45021674249084,749.2793001366659,0.21432365492390032,500.8179496202079,0,normal
23.2,118.29741538620843,750.683405152221,0.20780056135974462,501.53543338820265,0,normal
23.3,116.85558827276175,750.7002656298707,0.17515241992853964,489.5144453512897,0,normal
23.4,118.89728929741382,745.1595837723056,0.17403632054614016,505.02165029161984,0,normal
23.5,116.39553830648715,750.9443725656716,0.20727350779203282,506.49251774522685,0,normal
23.6,117.33994774384274,746.0494576765659,0.16844378730015816,492.57270009794473,0,normal
23.7,119.26535239995266,751.5151619643773,0.1836690192426553,500.09735238261226,0,normal
23.8,119.97333577698207,752.1703211432466,0.1745365591574857,498.63689318917136,0,normal
23.9,116.9451468884156,748.9826502589123,0.18748629968704625,494.27763001605683,0,normal
24.0,118.6608715174728,745.7586850318568,0.18988341406257714,488.90497878187426,0,normal
24.1,117.85274544009667,750.5848086394976,0.16244432037068268,502.66036294304735,0,normal
24.2,117.96981701551536,739.8313695565879,0.18690761665515077,492.3524622590491,0,normal
24.3,119.06445447985055,749.878454882097,0.1895631950683459,500.0531631581377,0,normal
24.4,119.7452380341874,751.964688777002,0.19617650512635543,483.5222504441129,0,normal
24.5,118.61935935248519,750.5164614755104,0.20250247756219947,499.19171907509815,0,normal
24.6,118.12985198404624,758.2847378823996,0.18615234483358778,498.65255403940864,0,normal
24.7,117.7228208353392,752.3002014011411,0.19057695123685128,505.16470247470266,0,normal
24.8,117.55640986862761,749.5341272174861,0.20302040434349228,491.6998029033285,0,normal
24.9,119.57935515271957,752.9343214424905,0.20241133851495,494.00703473611475,0,normal
25.0,120.06715158848502,748.7613519132971,0.21349931449561624,502.1108803551458,0,normal
25.1,118.30428468285997,751.7701321485365,0.19932067518899707,515.110895778534,0,normal
25.2,118.86940028817558,747.4802528233232,0.19312198895418944,498.21084098719086,0,normal
25.3,120.6102643530168,750.6325279714324,0.19891615622756548,502.91185598030955,0,normal
25.4,116.98084227800703,744.3907418083872,0.1992745158024165,497.122514083289,0,normal
25.5,115.74370039337835,751.0765075252939,0.18026693959974155,493.776783920658,0,normal
25.6,117.60235704958583,746.2689441919796,0.19707882485157902,493.37850112268217,0,normal
25.7,119.92931047150559,751.3682315178477,0.20076868340288712,499.1008598456992,0,normal
25.8,117.17204858771484,742.7680902021838,0.1780721773355285,499.30666982873464,0,normal
25.9,116.79463497278225,748.8041094781317,0.1966881891445986,499.06205567214687,0,normal
26.0,118.14996817844917,748.3961916517153,0.17994898624659275,488.48270687890255,0,normal
26.1,118.96362164338521,745.6169775270365,0.17954922502464574,503.0092222535437,0,normal
26.2,116.66426132153627,749.0879029210331,0.18151297935315758,507.4776051763708,0,normal
26.3,118.72844832139273,745.8934314401816,0.1894389049261327,504.1392660721736,0,normal
26.4,118.79831816661604,746.8440022362839,0.19150553905123022,508.07808616647446,0,normal
26.5,119.1037390729446,749.0810491660964,0.19073220443990502,496.3764018055422,0,normal
26.6,118.59267188681066,749.0010059237082,0.2106121820272819,499.6181714945591,0,normal
26.7,118.78813176816607,750.0224841777656,0.17542238309986918,490.1147713441278,0,normal
26.8,117.10469407175621,744.8335271760106,0.19503533116475336,491.44479163237287,0,normal
26.9,119.63142643182962,743.089326796509,0.18271062724985754,494.4910088125333,0,normal
27.0,119.10112089343066,748.2936626481946,0.2088995120373619,495.7243718935456,0,normal
27.1,118.59386477629747,747.9293101057281,0.17294173962014645,497.3517247722557,0,normal
27.2,116.32989872921664,749.7760450042615,0.19636204033172117,505.90118824366857,0,normal
27.3,117.36242436685914,753.4331773783582,0.1943163135805121,491.81574203774494,0,normal
27.4,115.36071481015148,747.7398057346106,0.17497431902952532,493.91907179150917,0,normal
27.5,118.62519967659551,752.3731134728348,0.20189382798224753,494.903838393972,0,normal
27.6,118.7040204504515,746.0532790503444,0.18459408387016238,492.3756588739652,0,normal
27.7,116.89611623896798,746.5049004214904,0.19147217360225413,494.2669988388034,0,normal
27.8,119.83474398792147,747.5479735727453,0.17078304695521743,503.16676683679265,0,normal
27.9,120.2283445168915,744.9732542917278,0.1869278645585712,501.3789264722472,0,normal
28.0,118.58056865878241,752.6622787569113,0.17960048032043155,511.9782687178875,0,normal
28.1,117.59718881677755,749.6928380844078,0.19562843220104464,498.42734500408955,0,normal
28.2,119.962868156455,750.0817311268901,0.19697455366861513,501.2013788328637,0,normal
28.3,117.45901874243405,746.3307688219503,0.19766789482653965,497.1534997682175,0,normal
28.4,119.32074138299227,745.6156410307635,0.20355340562858418,493.740858414193,0,normal
28.5,116.62079579066925,747.7233418759783,0.19524170536100874,493.7897266253945,0,normal
28.6,120.12491959143047,754.2262172495199,0.18540934458165537,500.7050577414012,0,normal
28.7,118.01133929484809,746.9952466263686,0.19556919349432508,502.57294770598315,0,normal
28.8,116.5437318057835,751.3878273454347,0.2048183863094346,496.38216679515455,0,normal
28.9,117.5638026089038,749.5373537159422,0.19777892032815692,505.4495556077719,0,normal
29.0,118.67387191224095,750.4648852186151,0.17092897786920686,492.29254399529,0,normal
29.1,117.28432860491476,747.9056267364895,0.1844832078861111,500.15643451518594,0,normal
29.2,118.03191859616241,745.1843399513191,0.19162069669746015,492.5456804729195,0,normal
29.3,119.12231907828921,747.562625142712,0.18438631300292085,500.725770076123,0,normal
29.4,118.7596286785611,749.4104969933384,0.1762000342032679,491.4384494895922,0,normal
29.5,119.36031309101604,750.5467507671651,0.16571502272327487,502.937044441633,0,normal
29.6,118.05476596931695,747.1326982010451,0.18426571956599194,497.2734699112287,0,normal
29.7,116.99379332785247,747.5959103436973,0.18834588331954885,500.796871881461,0,normal
29.8,118.60430522837433,745.0982746130925,0.19901581890229766,490.48470746276934,0,normal
29.9,120.636904835343,750.238747925965,0.19350921226768977,492.1379738265569,0,normal
30.0,117.50797095307871,747.054319093044,0.1959365196377202,500.0478688241508,0,normal
30.1,115.74844954837103,751.1718607935932,0.16935632399549627,496.69095853000715,0,normal
30.2,120.01801665597318,751.4679033097528,0.2165509323759708,507.0783458050104,0,normal
30.3,119.28463234213775,755.8484395806124,0.17916874225954105,500.6585498563875,0,normal
30.4,116.65367705081655,746.7384863942775,0.18795293704825283,503.5812420413325,0,normal
30.5,116.51490176338817,746.6495457510497,0.19531364012560842,500.89344446065707,0,normal
30.6,116.72092941048287,747.4636187547508,0.20417811533808541,501.55820885225927,0,normal
30.7,117.45535704927491,748.7890397969196,0.19881654107337043,494.46746230206014,0,normal
30.8,119.28992275531336,756.0423479685686,0.18374910405887218,503.4365677246163,0,normal
30.9,116.88278706329014,748.585411703978,0.20092472987753776,489.01230296395636,0,normal
31.0,117.56109459534463,745.3495777594761,0.18139649658854778,498.0730856171909,0,normal
31.1,116.98187161166787,743.5495711011331,0.17973852065680374,500.1004134901219,0,normal
31.2,118.25021555894038,748.0417619929041,0.19147130420556518,487.2848470507804,0,normal
31.3,117.71563328511931,750.013847682911,0.20537960028824712,493.38570323031513,0,normal
31.4,118.3718874765482,746.9796226807191,0.17915505403397528,502.70729189655134,0,normal
31.5,119.34620982542141,746.4154184285392,0.20401735514431998,497.40047234352505,0,normal
31.6,120.3646255398684,749.4628169295605,0.18539354590441273,492.07068264501356,0,normal
31.7,117.59915666177581,745.7094171497274,0.17813054810144624,498.4689704089211,0,normal
31.8,118.35597898295484,751.2395584100543,0.16967015351085274,499.9164233662627,0,normal
31.9,116.19391432917024,745.6644568912473,0.1632811650984995,497.84885240560294,0,normal
32.0,120.57146401739253,749.3682625960605,0.1742182919109512,492.8844018808081,0,normal
32.1,117.70527005206779,744.8975092492503,0.2069993345653655,492.2842884389929,0,normal
32.2,117.63916167895553,747.4161439596728,0.19813084368427178,501.0910037575654,0,normal
32.3,117.51043632145598,745.3077774972687,0.20308941977253653,505.588559396509,0,normal
32.4,118.00958037154561,750.1738299611188,0.185939785871406,502.2075084923515,0,normal
32.5,118.91168443427692,743.3825178656872,0.2019074491581716,505.9019769244769,0,normal
32.6,117.45659406416709,748.0749238060137,0.1822071383586593,503.72573808230726,0,normal
32.7,117.95006339413683,754.1040224173904,0.19269026468692618,501.7271647224276,0,normal
32.8,117.802256433413,753.5325224370636,0.1782025737089117,504.4888527915111,0,normal
32.9,116.3656836585339,755.7049279703281,0.1897121615078527,492.52592711474307,0,normal
33.0,116.87061404698466,751.0707690904402,0.19393399246065884,497.13379909022456,0,normal
33.1,117.86107059849405,747.9294878874415,0.16779613090413445,495.44963315304886,0,normal
33.2,119.75347989015143,755.6672002794936,0.19785097990030542,499.264280075319,0,normal
33.3,118.37970389057553,745.3795183771655,0.1887322772525083,488.81119322504594,0,normal
33.4,118.82557676208414,750.3518800110779,0.21109610049614452,502.4665419054557,0,normal
33.5,117.9420752111659,747.9709877771879,0.1916008778543716,499.5714497499827,0,normal
33.6,118.21182755191118,746.8257056393545,0.17600260592481057,498.8426460353031,0,normal
33.7,117.70636039423916,747.0268743165354,0.17667200846092426,501.7671470686588,0,normal
33.8,118.16376955049171,750.6673348398893,0.17386923977399624,493.6512012305213,0,normal
33.9,119.10947759102072,746.9382365437618,0.2027119352344778,491.91395210901777,0,normal
34.0,118.29616409994296,747.5005603410814,0.18324479928580192,505.02139232968665,0,normal
34.1,119.0372142173198,749.6269800694193,0.17831917463557412,504.74176484912954,0,normal
34.2,118.60352566379024,754.8051704678686,0.1730721672371853,500.95137292021445,0,normal
34.3,117.37349739421249,743.3660122483544,0.2167478607580908,507.0054053765697,0,normal
34.4,116.5637745433308,748.0945366917717,0.18325889800019365,501.1233393107959,0,normal
34.5,117.49356923375095,751.4960778386458,0.16832175236214728,497.6855464989795,0,normal
34.6,117.67476974369409,750.4843585315083,0.19116103815733324,494.18940570171867,0,normal
34.7,118.15426515400044,754.5404091099925,0.19694058188737676,502.8614098414786,0,normal
34.8,118.11143041169849,743.6782681455185,0.19531342674119848,514.7716197626941,0,normal
34.9,116.6793765686657,753.6221605460205,0.20113767211081623,503.4284436829485,0,normal
35.0,116.06435312460111,745.9929305982902,0.20430145022116153,488.3040248665788,0,normal
35.1,118.63190980826289,746.8779004951307,0.1870283288994807,495.4606111029131,0,normal
35.2,119.26375556279375,745.8439090993044,0.17519316477799304,494.9323266813183,0,normal
35.3,119.21411991492727,748.6742562271107,0.19515588120071403,501.96050787498774,0,normal
35.4,119.29692236192655,743.6624280932073,0.2101244217824638,504.1432693094862,0,normal
35.5,117.06531401055874,744.9337331450611,0.19405506072290146,495.360325941724,0,normal
35.6,117.20756082723038,747.9365888515766,0.18762644294824227,501.59781563363964,0,normal
35.7,117.07974460980866,750.4313336009983,0.18441870399047003,490.2222607081612,0,normal
35.8,117.9251566519818,755.2609364901128,0.17247293820793838,496.55896847116276,0,normal
35.9,119.55785735143884,753.5620126861837,0.18680918662296947,491.883849876303,0,normal
36.0,119.1611929602812,751.5982870244247,0.16821302304044994,493.93818895921004,0,normal
36.1,115.77303009251465,754.8050604238855,0.18531241632148288,496.852081482927,0,normal
36.2,118.72152041816975,750.7324614546659,0.169095925955699,503.7462667767655,0,normal
36.3,115.71964219461185,751.7438813278708,0.18914219432705348,485.64131193104913,0,normal
36.4,119.22280810754566,746.3581335554506,0.18510857071190806,490.4773916764428,0,normal
36.5,118.70210158430555,746.1888795948375,0.1924847090937544,492.1503419740726,0,normal
36.6,119.3246411653063,748.8644603970573,0.17732776706200512,490.50764257271834,0,normal
36.7,121.13545526941354,746.9614466624936,0.18788154342785218,492.4382035275261,0,normal
36.8,116.65449498402883,744.0250099874889,0.2041444671616726,492.00760910157163,0,normal
36.9,117.17173947693784,748.5463204899364,0.2165411160674322,499.2635652523408,0,normal
37.0,118.33329948678423,746.5385983961814,0.16607330069896145,505.94147033597386,0,normal
37.1,119.47858229665873,748.5893991341164,0.20665744196429547,494.05626402823316,0,normal
37.2,117.97283983253647,749.1144806205729,0.21095700647704968,493.6822401741763,0,normal
37.3,117.42109444444203,749.6145917372123,0.1868729448390447,502.13150610994614,0,normal
37.4,118.48203165367303,747.894549010379,0.18958735558550519,501.0648641661382,0,normal
37.5,117.57331002700356,746.0569012506129,0.18994128977895675,506.84530448952614,0,normal
37.6,117.90525740739356,748.2677118640153,0.18323556357492493,500.2549949928635,0,normal
37.7,116.54906633493347,749.1935402914802,0.1944639232704751,500.7967401086825,0,normal
37.8,118.72867291244833,755.6212539505188,0.19811583304817618,506.534366551804,0,normal
37.9,115.79259083137825,746.1145356092046,0.17995608732665413,488.1510567811157,0,normal
38.0,120.3521558807085,749.8307178981604,0.18100576796515253,498.0794078150537,0,normal
38.1,119.16940402275286,746.1200167929227,0.1831679936400405,502.6336935518617,0,normal
38.2,117.20275732301648,748.7197045540792,0.19547080420827678,502.1161774182754,0,normal
38.3,116.41962663479613,750.6546936897299,0.20121452757031144,504.4246794832976,0,normal
38.4,119.41771636576418,754.1954546715497,0.17723164042965445,502.7206485306745,0,normal
38.5,115.51367803745231,743.7704697216358,0.20539315457033994,494.2958703218651,0,normal
38.6,117.68303201224302,747.914555793564,0.19473696671720558,492.3495721445724,0,normal
38.7,118.96111162751059,748.4239314824358,0.18091714367478712,493.3069222844651,0,normal
38.8,118.84858898312737,749.9087111124746,0.18409872311620995,506.2226769346317,0,normal
38.9,119.0272929631993,747.8417560338622,0.18135868538601002,494.43032429469196,0,normal
39.0,118.92301430997598,750.1639366537623,0.19692440235974742,498.15137849263743,0,normal
39.1,119.14274929243061,753.9400613683646,0.22478515304549732,500.10600629463437,0,normal
39.2,119.52849672077402,746.7906580098095,0.17619657167191466,503.74742847989404,0,normal
39.3,117.92802953848602,751.0989921459953,0.18630961768690435,506.50860184884203,0,normal
39.4,118.92605134451276,750.0278071313161,0.19467286278871676,495.08084838107237,0,normal
39.5,118.23972501913013,751.100400148533,0.1768469042022083,500.2477372321985,0,normal
39.6,118.478753935099,745.1113861741119,0.2024006631799707,494.8974213063593,0,normal
39.7,115.91786470037167,749.1468991927709,0.18101570796053063,492.96200190813437,0,normal
39.8,117.71468924824583,743.8899050749492,0.1921767486908244,497.1976990566458,0,normal
39.9,117.80414588590814,747.2090044823328,0.18687737896552145,500.893245157171,0,normal
40.0,116.54761377077897,742.6701507689879,0.18576575027421416,492.24516776164955,0,normal
40.1,118.36807605363407,751.042320773943,0.20157453430072264,497.21375133414335,0,normal
40.2,118.52794718422378,744.8957322870805,0.20127224354010514,483.94315366238175,0,normal
40.3,119.26419157080481,750.9511922911618,0.1802951809050454,511.6763681645971,0,normal
40.4,119.74306296045584,751.7951179402705,0.18999005087539259,489.779507882859,0,normal
40.5,115.9236891885029,753.0514664562369,0.1806075653745566,492.346497799473,0,normal
40.6,117.43247065635228,748.9560829717102,0.19023111025201672,494.6351477795242,0,normal
40.7,117.84484957437175,750.124085934303,0.18298702420539895,505.7435833088776,0,normal
40.8,118.13527601405194,746.8984519858009,0.18439315896852565,497.949564978826,0,normal
40.9,119.91357288145039,749.8075140284926,0.22142472979023906,497.94351193805045,0,normal
41.0,119.08036664745462,752.5456523371865,0.18071650123667538,501.1086085098512,0,normal
41.1,117.04307094127337,751.6266646418396,0.20490865898358157,492.2333468154719,0,normal
41.2,117.59326011082716,749.3929914051332,0.18870937468963028,485.7579187635618,0,normal
41.3,117.25342568055443,749.9218216302213,0.20418120030460776,510.57339421208104,0,normal
41.4,117.76906571693664,749.260664439163,0.17540366961383497,493.7791718061111,0,normal
41.5,117.21793041785591,748.3493066357005,0.16833898533288472,496.7405312730226,0,normal
41.6,119.79646098202323,750.9073790046841,0.2116881306929956,495.7071892306971,0,normal
41.7,115.98510166207922,751.2686269238351,0.19068041827361065,497.6172185802174,0,normal
41.8,118.23474878944916,747.3223989330623,0.21120762901427595,488.66480837163226,0,normal
41.9,119.26673493410767,745.9302647860961,0.18693200543421287,500.58569391610115,0,normal
42.0,118.39935652727803,747.4026108966843,0.18022584203866282,495.329064290712,0,normal
42.1,117.0376418339427,748.6940650897652,0.19448198440150133,496.91987847528253,0,normal
42.2,118.91440867374914,746.1948478553626,0.19832868574514345,496.31757096020124,0,normal
42.3,117.5832071577717,748.6131782247047,0.21812999913742304,497.0502205153867,0,normal
42.4,118.24100000173075,749.9499827166958,0.17126059633474797,495.96196238217703,0,normal
42.5,118.06129949143708,752.897383698839,0.2172783019656805,499.75761947056134,0,normal
42.6,119.12912854022194,749.6493116368356,0.20946198458324095,500.91861686605125,0,normal
42.7,117.01745725580022,744.9502277235491,0.20716431709409594,492.6328452920822,0,normal
42.8,117.83299565821059,752.3105194997692,0.20008275816753188,493.6005921000256,0,normal
42.9,117.90845248833963,744.4414540153542,0.17959420467231293,492.2981258682665,0,normal
43.0,116.57842452094175,751.4882814692788,0.2029159865916322,497.98290094685296,0,normal
43.1,118.29480543368197,746.2049173337365,0.16924243602930655,498.9758353583246,0,normal
43.2,117.5392918428206,748.877080199809,0.1979802731312848,494.5953655055185,0,normal
43.3,118.08926951006086,746.2429823953579,0.17996086673469192,483.93779552343483,0,normal
43.4,117.30795895949724,744.7655526101092,0.20434747955748947,501.99886918294146,0,normal
43.5,119.21257204943726,749.6101430540986,0.1818130192622579,500.98968437900106,0,normal
43.6,116.67702289644106,748.807115521738,0.20369768005711889,493.44982301721984,0,normal
43.7,117.84352946464686,749.6520167385379,0.17796520386207143,495.293907611617,0,normal
43.8,118.27383142403994,748.3727760829823,0.16908040643231642,489.7455582621243,0,normal
43.9,118.36597350956858,747.4928572621377,0.20293433122448973,482.47935192321654,0,normal
44.0,117.84204498358974,751.468236527716,0.20190076661265463,501.14249932790483,0,normal
44.1,116.86699797830804,751.768868086112,0.18046422308134533,495.94097947933517,0,normal
44.2,119.69258165952272,756.2163445906566,0.18987056030421737,486.3724746194304,0,normal
44.3,119.8785565636329,752.1142676266159,0.20529400013584428,490.2579204824654,0,normal
44.4,117.77634586029356,751.8580828126964,0.17293408751932024,506.1772858524769,0,normal
44.5,118.30987494760464,751.3734837464451,0.18014531908594306,481.35942134082825,0,normal
44.6,118.98736340027197,751.1765729156591,0.19211776612827072,488.71903940046593,0,normal
44.7,119.55148966110579,751.8700922996766,0.19506981584867109,492.9978451472372,0,normal
44.8,118.61367378384922,747.9210923180888,0.18254313724095353,500.5297476107521,0,normal
44.9,117.67035505210956,744.3642873738803,0.18930253985994117,489.3316803094084,0,normal
45.0,117.54804969752088,751.7455430917678,0.18510046495545449,495.5862843782903,0,normal
45.1,119.07125323735606,750.1486906121916,0.17577587286711055,498.71640885207916,0,normal
45.2,119.5555225723096,749.9006235710593,0.20326339720883005,493.98808913054984,0,normal
45.3,118.07514487103613,750.7270156114396,0.19836314156640678,494.19216302268524,0,normal
45.4,119.03140936876827,746.6104940355311,0.19823921227592062,505.16937720132944,0,normal
45.5,119.72703982719877,746.1604349724701,0.20419616655320907,504.2603637700973,0,normal
45.6,116.23721253352608,749.9448356858557,0.19358498534811888,483.57466450570786,0,normal
45.7,116.0510722149127,749.016636470897,0.18947084547035425,493.1937605340793,0,normal
45.8,118.46337425627627,748.8230424647662,0.17449682432232883,496.4013775888629,0,normal
45.9,118.3620006614127,751.3216206731382,0.18978613401872718,503.32055968736574,0,normal
46.0,119.0265708192258,744.4909092874017,0.19851557657840052,487.29915317752625,0,normal
46.1,118.49723417631222,753.1182109195516,0.20093618442035238,495.35720592490355,0,normal
46.2,120.12831223967837,750.7434617152556,0.19906946878127402,495.5609634187751,0,normal
46.3,120.29431116306104,752.2745397075761,0.20105693960122067,486.0237750803068,0,normal
46.4,116.98305932122443,749.3005328377753,0.21579673618832448,499.69599871566265,0,normal
46.5,119.28924691008162,750.4253004740642,0.1762911770577977,507.71563721390913,0,normal
46.6,118.17596278592963,746.1117265748009,0.19067144073961803,495.48905910265324,0,normal
46.7,117.75592026234344,751.6718346336087,0.19903533974370596,489.2369012529524,0,normal
46.8,117.72429710342983,746.984665477536,0.19691540604009852,502.6259128818809,0,normal
46.9,117.86198218956562,752.1442589096179,0.1877677933077273,496.74778351368667,0,normal
47.0,118.36153394184936,749.1651169392288,0.1938447824086328,496.4503090347365,0,normal
47.1,118.09914480251447,746.6511736021432,0.19696344583190073,497.4041706489658,0,normal
47.2,117.95147380188972,749.9569302870947,0.1761327502809037,496.1147143994151,0,normal
47.3,114.9237304819214,749.5794552895373,0.21999038574401203,500.2925388440083,0,normal
47.4,118.20570062162912,750.3370066214347,0.1948581852938757,495.0271848671274,0,normal
47.5,118.20499882905487,749.5332144204862,0.196013380396762,505.9151452313945,0,normal
47.6,119.40882443846148,745.6843120657015,0.16539881280598573,498.5997619538416,0,normal
47.7,117.54346765922287,743.9479785220832,0.21180790029267835,510.4718515164575,0,normal
47.8,116.16684099202836,744.9708014090818,0.21104850493281233,495.3297003289251,0,normal
47.9,117.01513588253616,748.9137878133661,0.18746101693856101,493.33884063114596,0,normal
48.0,117.54543411370625,742.7641219343745,0.1762392978707365,499.2576808723839,0,normal
48.1,116.87500646812273,745.5295471199113,0.1931922222218125,497.66901288382326,0,normal
48.2,117.12626634286593,750.1828612369292,0.19663566233210364,499.58006970776955,0,normal
48.3,116.6286481140108,747.8325259941183,0.1841533734854451,506.1128969453686,0,normal
48.4,119.62666495357016,746.8553363172712,0.21098328901606925,507.57153435283794,0,normal
48.5,118.76549514857939,747.349151672814,0.19060006236156118,506.82090063719886,0,normal
48.6,118.4418415847352,749.1726864735685,0.17866869139073513,488.68648462008184,0,normal
48.7,116.95903133424454,751.9443701467762,0.18330668654301094,499.282235944424,0,normal
48.8,118.6007132052016,748.0254210255415,0.18741220131106212,498.64025224144825,0,normal
48.9,117.60252898736262,745.8389035345007,0.19558225838138074,498.3229222262802,0,normal
49.0,118.749314149133,747.8028586028329,0.20085739652627474,491.55080682046844,0,normal
49.1,116.88029611352593,744.1886489823689,0.19108237219417656,495.9677823800821,0,normal
49.2,118.58850342534247,751.7222881036733,0.1889525094315179,496.4232187704393,0,normal
49.3,117.71827310644585,751.0943916066524,0.1906390109983921,503.50491835287687,0,normal
49.4,118.16146388926938,753.2402225441747,0.19121588052842825,496.5449819793894,0,normal
49.5,118.41245115270692,745.8428394176129,0.21519516012470913,492.08116548205055,0,normal
49.6,117.74207898779713,752.0604299988937,0.16927439256694501,499.7103035631451,0,normal
49.7,119.27064517508232,749.1179525299056,0.19663236864263114,490.221942024136,0,normal
49.8,116.87788287485614,742.2186664109863,0.17539990346596465,493.30563595757474,0,normal
49.9,116.54331458525755,747.5341386272244,0.18858655167006041,493.2228534892119,0,normal
50.0,117.92240259234707,746.9992892697938,0.18630136012703696,491.28534553039447,0,normal
50.1,119.27334710713558,745.5250222006892,0.16304196839089913,494.74515849322137,0,normal
50.2,118.43014862016288,747.550493554129,0.19293294929232416,500.50456684145433,0,normal
50.3,116.91505569179371,747.7378019187831,0.18101395670065085,502.85516720206755,0,normal
50.4,120.28742253036775,751.4350746225734,0.20067727552720052,496.6444743566719,0,normal
50.5,117.79378845580457,749.7657278428976,0.19858955544012982,504.03926005358,0,normal
50.6,117.57221993156445,747.5023932474202,0.1734668150318997,487.6542614378692,0,normal
50.7,116.40493861412763,750.4382684636249,0.19065598382671978,494.5027973262191,0,normal
50.8,118.09299039859856,748.1192276497668,0.19484337817648636,497.1630444926817,0,normal
50.9,116.93207971201865,748.9798193532073,0.19649512381536288,503.16593075203133,0,normal
51.0,119.40042324721875,753.8971099350285,0.18190303266606742,498.36745308064127,0,normal
51.1,116.43668339414926,751.0934589822677,0.20237709341319124,499.7553968292785,0,normal
51.2,117.06132526266816,750.1171452905638,0.19611980972069146,506.1721951886902,0,normal
51.3,117.7692838860084,741.9585407932494,0.18069930348200683,493.7682594005599,0,normal
51.4,119.47127296499265,748.124118602829,0.17459920813654592,498.52450331485227,0,normal
51.5,118.39321258513917,744.3673368436658,0.19442792194786718,496.3897055525196,0,normal
51.6,116.44492508993011,755.5151486316847,0.17881971206234806,496.25981683054795,0,normal
51.7,120.15033639672744,749.0108453461247,0.21053084584001414,495.53515842215825,0,normal
51.8,117.86647194756702,751.5477703656796,0.15799719132468246,507.0738139418436,0,normal
51.9,117.04168522412023,746.1257038776797,0.17174840363552368,495.5589924660003,0,normal
52.0,114.92465154212486,744.7325783258791,0.19429843464963734,492.91347186529913,0,normal
52.1,117.32127173529061,751.1741845311296,0.18659298497110616,495.8488937447593,0,normal
52.2,116.55803314333252,749.1262993501346,0.2060711823701721,505.51482773435794,0,normal
52.3,119.1573776389617,751.9128488790169,0.1986555521721108,500.4406812376864,0,normal
52.4,118.68317631313218,746.0571838828229,0.1807224580306525,488.31899359397966,0,normal
52.5,116.0449419898583,750.4500593744218,0.18871261646263446,490.9435744333105,0,normal
52.6,117.8894068536624,750.2823122435613,0.16833504372894892,496.61502278544697,0,normal
52.7,119.17834006920637,747.1421024436585,0.20644860499696382,494.43501438305816,0,normal
52.8,118.82457898449822,748.1568989627636,0.18169819713748572,497.049982826051,0,normal
52.9,118.5291388658426,749.5048314400691,0.18132472300584224,498.3406900739332,0,normal
53.0,119.29828898366961,749.1607193700218,0.18007890296753634,500.9387148944354,0,normal
53.1,118.74402854594875,749.264003014685,0.1629018249902679,491.87731348907556,0,normal
53.2,118.46550666679148,752.972039011197,0.20372266020975385,501.8898011735891,0,normal
53.3,118.34430603579042,746.1255291885657,0.19407802895755097,498.484572990027,0,normal
53.4,118.3206383554512,746.7552365535986,0.1897592136456535,500.0259644093228,0,normal
53.5,116.65623516330477,747.5260736708859,0.19180583728151968,490.7903115830838,0,normal
53.6,119.27639751330547,750.0362839004599,0.17300971772737445,496.7810855156049,0,normal
53.7,119.39118792982865,750.5470896253731,0.18867506413980523,499.79663408918566,0,normal
53.8,116.98991622468633,746.2139052200416,0.18354900810760913,500.7932929416484,0,normal
53.9,118.83686330506987,745.3369721079579,0.17311110135552538,503.7329405591907,0,normal
54.0,117.60233913762399,746.4067140804939,0.1971986551147028,506.17904967685496,0,normal
54.1,117.90971116651893,746.4679531776306,0.20191963858703704,494.13920386679393,0,normal
54.2,117.8964921942537,744.2670326460444,0.17031190726201761,494.88705590999956,0,normal
54.3,117.65761336769319,745.8747174431387,0.1811365256596254,496.59614093954417,0,normal
54.4,118.86175625869785,752.6980026281651,0.1991683739045342,495.5009565419907,0,normal
54.5,118.18390938757415,756.9076105210369,0.1868555342350347,492.4687866540689,0,normal
54.6,117.32290537040087,749.8535638084127,0.16416285767402813,497.11309731400956,0,normal
54.7,120.4195674426974,750.5125163772273,0.18251578728370504,497.58841994644007,0,normal
54.8,118.16784422221014,748.753940995303,0.19685978474566318,488.30346683881294,0,normal
54.9,117.82211874352076,752.5787205983324,0.20521532223798633,488.7418863363598,0,normal
55.0,117.82270833703132,748.4720073028645,0.1999884986440957,493.4901864228582,0,normal
55.1,117.94624606610753,747.3408543837306,0.19481256043016398,490.29986759710835,0,normal
55.2,116.7256797008469,749.3874869614548,0.18086592534914803,495.370286490793,0,normal
55.3,116.95778214303627,747.5626098377672,0.20857287401310912,485.663682467761,0,normal
55.4,116.8072204013176,748.2576142428823,0.206729544996999,494.52534995808946,0,normal
55.5,116.78906397922131,748.3507735743925,0.19681238436197615,494.11615475010603,0,normal
55.6,118.10685929463818,750.4749945157185,0.1619128435097261,495.9172659008156,0,normal
55.7,116.97067919519863,753.8147330653376,0.17117226033293295,512.1951550444365,0,normal
55.8,120.37498892865707,743.5267991880386,0.1908396360004625,498.31138496747644,0,normal
55.9,120.65025674239689,751.9640695984525,0.18580103117789998,489.34684173881436,0,normal
56.0,118.68756005689936,749.3515222754036,0.1735448313088636,495.6085824631658,0,normal
56.1,120.06664981898268,746.7763672088373,0.19687464423079049,500.7399961430705,0,normal
56.2,116.97391172474865,751.2573351162036,0.19374481218219208,502.51772251388,0,normal
56.3,116.47700113857323,750.1602032320877,0.20325260175456253,500.0105287285901,0,normal
56.4,119.70526332504244,749.7255607722406,0.1975422737903021,495.37597302057105,0,normal
56.5,119.09358551634814,746.7046484254287,0.1669711461361468,494.3124292557109,0,normal
56.6,117.68378046138355,747.0472970937064,0.18451857066177305,500.2951321732007,0,normal
56.7,117.89429119771678,747.0130148111954,0.1746743880509335,495.38562555450306,0,normal
56.8,118.52861937396774,745.1721756862057,0.20742923292185333,496.41327684446287,0,normal
56.9,119.27616641945372,749.9028787714399,0.19768906991246352,490.70800733212405,0,normal
57.0,119.41435894657062,749.1672462897035,0.18684347360922957,499.0483980689157,0,normal
57.1,118.39115231388486,747.606546419838,0.18515129178381967,506.36435687986324,0,normal
57.2,117.85551632931336,751.7887554803877,0.19930145426771875,497.5775787177374,0,normal
57.3,119.31991267906693,747.9916406064974,0.18845431781603736,489.286726744765,0,normal
57.4,119.29440227892626,746.2245839239941,0.19748195858100387,506.82227522380236,0,normal
57.5,118.8001321070865,746.0380368454172,0.17645102429651913,491.65778270313757,0,normal
57.6,117.75041404376282,750.9879977841952,0.19534923682677557,504.5685515414765,0,normal
57.7,118.51971648027173,746.9610955296979,0.21817834386428356,500.52897237610347,0,normal
57.8,116.7339386494546,754.5238815144518,0.20439120683704917,492.2618516457541,0,normal
57.9,118.09558473635136,752.4042990422546,0.18151971042398973,495.9244437661857,0,normal
58.0,118.94048885354731,754.6889330300094,0.17148421747676695,493.4189751153351,0,normal
58.1,117.70102782993597,748.3688007741409,0.17969781617070546,489.08781042334306,0,normal
58.2,117.3088773914264,744.064820211229,0.19423357661886956,500.7517075079508,0,normal
58.3,116.39261647607893,756.2990206178752,0.2099643393038522,499.43064962507225,0,normal
58.4,117.34729245430351,748.0719114889993,0.17453692387780287,489.12251376815294,0,normal
58.5,116.85483317898948,743.6980558956785,0.17563313510013112,497.7675604521006,0,normal
58.6,118.86598394280118,748.4321084910065,0.1684294017668366,500.35697270466653,0,normal
58.7,118.2171274471268,750.7421299537833,0.19942890383692713,497.9226130533114,0,normal
58.8,120.1174609229014,747.2303226143032,0.18797344074878014,491.6253585600789,0,normal
58.9,117.43588269605135,752.3370583553522,0.20712559990018933,505.73719708749366,0,normal
59.0,119.07556485154133,748.4947769214474,0.18039797660513152,504.3068325408912,0,normal
59.1,117.73743907223817,748.989525361956,0.2042388784786944,504.05803490214004,0,normal
59.2,115.80776033999877,747.7098934143412,0.19562895285818843,489.713108726957,0,normal
59.3,118.53739303140759,749.8490247468695,0.21194187644593354,496.3782377921075,0,normal
59.4,119.09797617157584,753.7847742976303,0.1914487169379151,491.7558917745171,0,normal
59.5,117.3274750662277,751.2037212003041,0.18822353060787606,501.0310799698918,0,normal
59.6,119.45982728992668,747.5520001663397,0.1880726244289816,499.77937644262147,0,normal
59.7,118.76801298709599,743.0763949027443,0.17596240881449016,496.38998018117326,0,normal
59.8,119.18766873834764,752.8615375091546,0.18031555318777379,501.83056899998917,0,normal
59.9,118.5812821765792,749.3366811414243,0.1875532558554497,496.30044652911045,0,normal
60.0,118.2362846661083,745.6683856793235,0.19734793118013372,507.52433876215485,0,normal
60.1,119.00830363558853,750.6635985619105,0.17600918359117054,491.6143187965396,0,normal
60.2,119.45054842144368,750.7127744220589,0.1891465869800238,500.5454349189042,0,normal
60.3,116.96125835578952,752.0703112015098,0.2037746568181044,496.30919718956204,0,normal
60.4,118.57487231909779,750.6829575589595,0.19607093604733486,498.16438246744275,0,normal
60.5,117.45160020774065,744.1771477838793,0.17579903799263602,496.35954254256194,0,normal
60.6,117.82566971866017,748.1820092343155,0.18551828449480143,502.7083816167057,0,normal
60.7,117.43582400656013,747.8160743156501,0.2104751696938528,499.67486786397905,0,normal
60.8,116.34427883469102,749.2420070344903,0.19100565026425798,487.79145887586753,0,normal
60.9,118.44040528503503,748.4409617790047,0.22009439710883996,490.42299098488456,0,normal
61.0,116.11385176902388,746.5912871185974,0.20916570202017365,490.7312986714958,0,normal
61.1,118.43804907786705,744.3571103043054,0.1845007079803719,501.5504721940034,0,normal
61.2,119.38517938268976,748.8054894343501,0.19192113849861653,481.8960741757901,0,normal
61.3,119.69639127443423,746.3871630115576,0.19284491103233234,495.746997296346,0,normal
61.4,115.74202880685894,751.3971896571676,0.1796241929044892,501.7161045792816,0,normal
61.5,119.95529121101353,745.2622184534353,0.21337719361055907,497.9339854034863,0,normal
61.6,119.88989384575282,744.9058958558509,0.18968194484722564,491.9734567721444,0,normal
61.7,118.81717904848247,741.7593982333453,0.20643767688096828,502.5721936067736,0,normal
61.8,118.86508509103275,745.014056273735,0.18606999356880244,501.80000323180553,0,normal
61.9,118.25812633655062,749.0637598889427,0.187076313049394,497.2331333097846,0,normal
62.0,117.24509816395582,743.256739440504,0.1893534897438079,496.2616280028251,0,normal
62.1,116.76793289977856,742.0002602648202,0.18876759634215667,500.48932884506036,0,normal
62.2,116.14375227326997,747.5227583878212,0.18629536965298668,493.7686190621138,0,normal
62.3,119.15652054259157,752.8800148898601,0.17476410370419845,495.69262048551434,0,normal
62.4,116.77081115308181,748.6448835763349,0.17939412169283597,497.77390589217384,0,normal
62.5,116.54363895960384,749.4114569542713,0.18581711421603492,497.1657240840778,0,normal
62.6,119.31451293405486,749.4168018257811,0.18174443184460234,508.4756860202487,0,normal
62.7,117.38438260829396,747.3714610193446,0.202400511978688,491.38692200864756,0,normal
62.8,119.4596848106679,749.9762205634948,0.1858077695316277,495.1049457438291,0,normal
62.9,117.2551809185179,747.5065497631695,0.19822845062953218,492.769015688672,0,normal
63.0,119.44856334702713,752.3595249074962,0.204584466373925,502.07655823319914,0,normal
63.1,117.59250201587145,744.7574263438303,0.18073937349976013,498.2408452168037,0,normal
63.2,116.7988704840622,747.1944642951926,0.19248616279354505,495.37708682839167,0,normal
63.3,118.27018571643293,753.610286283972,0.19310018767711368,486.6130226926411,0,normal
63.4,116.7555873684649,745.8929385174074,0.19187477912282627,490.82409396156567,0,normal
63.5,117.41902005442479,747.6811273340815,0.18878494893921483,513.7781807997487,0,normal
63.6,119.12093912995469,747.2423001731157,0.18591432110782788,501.4566240041401,0,normal
63.7,115.9519858437053,747.5441005209723,0.18331817258805205,489.63432960092086,0,normal
63.8,117.29190504358553,743.0369477881616,0.1833513289447876,500.0754704454275,0,normal
63.9,117.25838250508211,751.5401902024678,0.20825482102050435,491.9895374959475,0,normal
64.0,119.72337858681739,747.4048249841405,0.2104649862028143,485.4232592707042,0,normal
64.1,115.80384210812485,752.6668943285823,0.19544926225144865,501.5819770320993,0,normal
64.2,118.82744971705185,747.1363624130998,0.19220874425100642,503.5674615208884,0,normal
64.3,121.28479542358917,754.867106893582,0.18074265365097028,490.5839770115365,0,normal
64.4,114.9616969200091,745.7444180847931,0.17447281371960166,489.9155368840938,0,normal
64.5,118.83386280935645,745.1416762239512,0.21346369941564844,486.98561590291905,0,normal
64.6,119.05864418638934,747.0113214431847,0.18947589979501556,489.4187528269697,0,normal
64.7,117.60290701531352,750.4293106448156,0.19763158068585948,487.372113094556,0,normal
64.8,117.9882517087866,747.6332406795811,0.1746690875692065,484.169960337767,0,normal
64.9,119.02769280022665,747.6240153448272,0.19177051086053104,508.0085406431989,0,normal
65.0,116.74083155894736,748.7204240530101,0.17565564976639322,492.18576704579584,0,normal
65.1,119.16799088972415,746.9789527027194,0.19412181151149419,497.3321927531457,0,normal
65.2,119.16714885491237,749.4959151706014,0.19253707818485788,485.5566887749496,0,normal
65.3,116.28032117555044,749.9654436408119,0.19556408994582405,502.71031067277073,0,normal
65.4,116.87267728732687,749.4721533333965,0.20439315641253084,503.1132394809706,0,normal
65.5,116.54563110895828,750.8467055578689,0.20338634883489268,493.0794640884879,0,normal
65.6,118.25128193244312,754.5892749509571,0.1779342287088134,503.88853515611305,0,normal
65.7,116.56557283668128,754.9940378113146,0.19507294362231234,498.40835615044364,0,normal
65.8,119.2774900336631,747.2796435350084,0.1847286532041886,496.7541615062961,0,normal
65.9,119.101429893609,743.8423903136365,0.1829690016269906,491.1449184420974,0,normal
66.0,119.8396790848907,748.349430579715,0.2067487563263546,506.23804636638437,0,normal
66.1,118.64882434808823,750.6874121968124,0.2238497608202229,511.332062884549,0,normal
66.2,119.27591802184996,749.6329006816594,0.18846505553182524,500.56314570853647,0,normal
66.3,117.96690292176297,749.7012742939434,0.18465456631053742,490.9208766356852,0,normal
66.4,118.43054149184223,749.3302687088395,0.18235773060239915,502.4760173867747,0,normal
66.5,119.44648406866177,747.1688791897778,0.20234585289964596,491.5521623148036,0,normal
66.6,117.8883596793366,750.9999369745299,0.18755227948353925,504.2024714538718,0,normal
66.7,118.62595082820012,748.9075699586177,0.17528998008769064,498.0393281329553,0,normal
66.8,118.73356485238294,746.0503176394327,0.19750793813984366,491.4497201671464,0,normal
66.9,119.46449734987725,744.897719995271,0.20392487536716908,499.9977691815382,0,normal
67.0,115.51945904840233,749.4408253434441,0.18336039450294705,497.6839269347662,0,normal
67.1,118.98472354724939,750.3516584620199,0.21112071277067967,503.75751493511706,0,normal
67.2,119.49980862013949,749.6815462787341,0.19537661728503253,501.91195332325213,0,normal
67.3,119.42337782690394,750.2786186376845,0.203018364187826,494.85127631946125,0,normal
67.4,117.55114806426141,742.6484077845654,0.20129030470371842,500.86145913586125,0,normal
67.5,118.74498829054401,746.518545002203,0.19051652468521413,502.8215886863229,0,normal
67.6,118.8850914263587,754.2134497594596,0.19751766979812993,508.1770850208341,0,normal
67.7,121.02146623451931,748.033266673742,0.19562325722283735,498.445673361731,0,normal
67.8,119.20841362272607,753.977435900934,0.1780795242425212,491.02447043042963,0,normal
67.9,117.22179773996692,748.6348824614871,0.22596137363892155,492.9838850433254,0,normal
68.0,118.91879372618054,742.2055120541031,0.20470507171499114,490.23070792397317,0,normal
68.1,116.07677080094919,749.1408235135082,0.1823802906433717,500.663336506927,0,normal
68.2,116.71353669709963,751.1438903717047,0.19050613541650385,497.52951541334596,0,normal
68.3,117.70298213422608,750.2502210576216,0.1838995851650248,497.76658383278914,0,normal
68.4,117.89364634745856,745.3759763520916,0.1969882323361987,498.42162974881467,0,normal
68.5,119.49218060545397,751.983634106987,0.19057699776829162,501.9661148656043,0,normal
68.6,118.29690346632083,754.0397528327184,0.18962736141571548,493.02390247334466,0,normal
68.7,117.36101315660807,747.902417132739,0.18555917033901653,495.9323078512517,0,normal
68.8,119.15280358937551,752.3554885661646,0.1820094266823372,493.37722538360396,0,normal
68.9,117.97621536784305,749.2709536894334,0.16149990816448176,506.14819856432223,0,normal
69.0,117.70223048881911,748.1650932844022,0.18904722777936184,492.2400478532592,0,normal
69.1,117.31748569006477,750.7147053826545,0.17387661659271803,497.6735104437019,0,normal
69.2,117.93153627563834,749.062785193883,0.203232525822565,494.012334853305,0,normal
69.3,119.08735893354542,750.076344389917,0.1984161875032209,501.5609513343356,0,normal
69.4,117.48359025825734,748.4012735622293,0.20153775174472383,504.00462342846305,0,normal
69.5,119.7411821783098,748.1722095071323,0.19453724428228128,493.2040187646511,0,normal
69.6,118.3907007038811,745.48595371201,0.19068780908096,507.02913130641764,0,normal
69.7,118.7989497567949,752.1295234120489,0.19192190185309244,505.05091994890137,0,normal
69.8,115.5796407778558,749.9848531938535,0.20207860488285473,498.34282607412797,0,normal
69.9,118.06596001748804,745.9431868951255,0.20156413337357604,498.66409554231166,0,normal
70.0,116.58645155782001,745.4175355513896,0.18458318382413524,488.38614935284687,0,normal
70.1,118.8036709313234,749.9272613316516,0.18952225379072682,497.3773260384793,0,normal
70.2,118.42108776845247,746.2596086376975,0.19020333160335046,490.8207969943436,0,normal
70.3,117.31515794308142,746.065239180201,0.19003092432039376,493.03294147352847,0,normal
70.4,116.90349754213015,746.9759240996154,0.16215800237937064,502.3020611939248,0,normal
70.5,118.09392129708287,749.7275405465083,0.18632273898205937,489.8180531243443,0,normal
70.6,118.39642261160681,750.5445967619827,0.1943884913241628,505.11786652788567,0,normal
70.7,114.99787873208227,745.7769429935884,0.20554237547391754,498.14389452200055,0,normal
70.8,118.3164295907266,747.6070931906222,0.19078295074991522,508.6725152442251,0,normal
70.9,119.0914839671605,747.4433423403593,0.19979292063411888,506.5089748018677,0,normal
71.0,116.96897436445994,749.9059953368587,0.17661522395279303,505.9632430218191,0,normal
71.1,119.55017188027446,748.0059159015824,0.18896075415338615,492.65344680196597,0,normal
71.2,118.02501165704709,748.0873499106463,0.1890788454165986,490.2607987949831,0,normal
71.3,116.51814161651993,746.2787922291883,0.20613463524592077,495.55928517251846,0,normal
71.4,118.85889342191328,750.786489617757,0.1985586648014621,495.78386517550405,0,normal
71.5,119.6414135898367,747.0571739186502,0.1839220041398011,492.9767419514908,0,normal
71.6,118.06698880782025,746.0884724213089,0.20307324401050705,494.84054716104464,0,normal
71.7,118.40898974908237,749.8966444067465,0.19063880787470275,504.7429267970427,0,normal
71.8,117.7597736718617,754.4505247632598,0.1973500030383103,488.83164712294405,0,normal
71.9,117.32665392336281,750.2536511855158,0.18159480811451403,505.8030611114648,0,normal
72.0,118.20525088688629,746.3953045506732,0.19262481034370516,501.2877167539874,0,normal
72.1,117.03682351062827,755.6862900422204,0.18769711380135803,501.88543795758665,0,normal
72.2,117.59642981953014,751.6135460476605,0.2024975414872213,486.8737762140059,0,normal
72.3,117.9416060234279,748.1273232623349,0.18907337213784292,503.5052257222204,0,normal
72.4,118.00742670149367,748.5204410352601,0.20259855673786994,502.3789652404744,0,normal
72.5,118.49052104197638,747.640088974094,0.22027222795886964,490.9685542689352,0,normal
72.6,118.70784871814197,741.4703023859165,0.18926261956747836,500.78918114341883,0,normal
72.7,118.09656335975951,747.1200851082976,0.16540993021685443,491.12353848271465,0,normal
72.8,119.69912310133513,750.7467419744594,0.19032190702553506,490.64039201608784,0,normal
72.9,119.25414273761325,748.161427603329,0.17284461227621328,503.50324955513315,0,normal
73.0,119.2696229512606,748.5957188786805,0.18252065088919214,492.9789953327664,0,normal
73.1,118.24432710762986,752.09499905753,0.19702930274345257,500.3576699961312,0,normal
73.2,116.86426400762365,749.4247384086768,0.2116513289718264,500.70640473714644,0,normal
73.3,119.26874808334676,753.4578744274306,0.19421136939328942,500.09126465378665,0,normal
73.4,119.83280287356106,741.107463966161,0.19792602195658113,490.27611106998125,0,normal
73.5,118.44336959431794,747.5196531265822,0.20421332676750906,496.9960807028041,0,normal
73.6,116.10011306677445,745.6267944033174,0.1869194032924086,494.58945044761026,0,normal
73.7,117.65803134706243,752.603819820091,0.18613445635332915,490.71803124179047,0,normal
73.8,119.26138733213264,749.9251077685755,0.20756572935261103,502.19982058465564,0,normal
73.9,118.04914106456617,753.5601460653062,0.16785351721993325,494.85485341277854,0,normal
74.0,118.68879812564681,748.8053763391096,0.1855778007007889,504.42572994292874,0,normal
74.1,116.93194225949081,742.948442298111,0.20664614306181306,498.5298895540093,0,normal
74.2,117.13539245637905,751.6028217586266,0.1891322973985284,492.6517476973487,0,normal
74.3,119.7825642446643,744.6083934712166,0.18829746991334614,485.79008511547113,0,normal
74.4,119.24643874354814,750.1762177219864,0.18517160295910948,503.01670843314895,0,normal
74.5,118.49389763949014,754.6228865626894,0.2167196300706472,490.4736829852929,0,normal
74.6,118.8984974698812,748.0308078959866,0.17255586200847356,496.83281464907014,0,normal
74.7,119.21033954191203,750.0331918500228,0.19978438480993665,508.3705815096529,0,normal
74.8,116.1703578639976,741.7225692628527,0.1931208684144693,496.39620895719526,0,normal
74.9,115.68768372746301,748.9399045307102,0.182760456445295,502.05457611696687,0,normal
75.0,118.27702369696246,748.7011410464563,0.19626771690276887,499.3260347084969,0,normal
75.1,116.97375139255776,749.3541862257293,0.20175102750041438,492.82186232344753,0,normal
75.2,118.04891902147389,751.819664378071,0.17430628792725444,504.9974432554062,0,normal
75.3,116.90983934524705,752.9389218092927,0.19732873928996822,498.5818504276769,0,normal
75.4,119.92962724330961,747.3136666459393,0.18156848652302063,497.64631858226784,0,normal
75.5,117.85656331695829,748.8240184753654,0.18273320058071374,508.84169811979723,0,normal
75.6,116.37978907532273,752.6383903081613,0.17694204800093077,494.20391427182136,0,normal
75.7,118.38887229007543,748.5980886200338,0.17626261610468485,500.7302084213258,0,normal
75.8,117.91754469403581,750.0452905575014,0.20710778865768048,491.51844585571865,0,normal
75.9,118.07608614018437,749.5500636979627,0.21524852126302174,502.8703294354948,0,normal
76.0,120.01604501376107,745.4354233851644,0.19877554080711823,499.25190775515387,0,normal
76.1,119.68348679290699,754.6453598924414,0.17531539580876332,501.6514308680268,0,normal
76.2,117.77482563856863,747.0451917801214,0.19081778571674346,498.4156263403891,0,normal
76.3,119.7969787844236,750.8172656315649,0.18793079572702553,504.87882254993707,0,normal
76.4,118.11908583721575,749.9436556445456,0.1688600511624301,504.1634353495201,0,normal
76.5,117.60054107822423,745.9408675907739,0.17824615394840998,495.13747945306005,0,normal
76.6,116.97068504224072,749.2600877213356,0.19554946936527393,501.2244146536723,0,normal
76.7,117.28398183610584,752.5954985397314,0.19952604032216348,503.08872649049977,0,normal
76.8,117.69236300864812,747.4281596217332,0.1856078554491674,486.29127424248077,0,normal
76.9,117.92928793118853,745.8725257410032,0.17757244904952543,492.90752199363516,0,normal
77.0,118.33722575654554,742.0216683486141,0.20567819533825452,487.92259643066456,0,normal
77.1,115.32930908933041,747.7534263145935,0.2044087862604617,496.63120082123675,0,normal
77.2,119.99133513410105,750.0437183747148,0.21305691797805543,496.35351539249194,0,normal
77.3,118.21287641270747,751.622947235386,0.18004423921470764,498.5583767566358,0,normal
77.4,118.256777525739,748.6104480125431,0.18082063336067133,485.49187682428277,0,normal
77.5,117.52016040213448,752.2196351443297,0.21290298415737013,501.0562677949583,0,normal
77.6,117.04570633586228,752.3077453602548,0.19336998166004407,499.77502649925896,0,normal
77.7,117.65537856413998,749.6527149386512,0.1954665594567939,482.85764179018054,0,normal
77.8,118.90442872504063,748.0352018338797,0.17524128213541423,492.5777825634345,0,normal
77.9,117.54082734619394,744.8445456467639,0.17881179340079295,502.07627470718256,0,normal
78.0,118.77703170204987,745.5400731657471,0.19083966061809052,492.7523920884042,0,normal
78.1,120.95174282004245,751.8604394143579,0.19181632248373112,500.8865517718262,0,normal
78.2,118.21798749776154,754.1380763548066,0.17209433344250064,504.4307171646346,0,normal
78.3,119.1451472756983,745.208712169336,0.1802997305113412,500.63072800006785,0,normal
78.4,118.24737488628087,749.517502517437,0.1900103091355111,498.86455619953915,0,normal
78.5,118.03736769449745,750.7433975503328,0.19558258979096269,491.38923382885514,0,normal
78.6,118.03674900785673,744.9957458806335,0.19683627735580325,501.5559202089127,0,normal
78.7,119.6477173537894,747.9592935396706,0.18764793370959162,497.25108891821935,0,normal
78.8,118.64863293708773,749.7003655752981,0.19242222001886097,502.67215271200104,0,normal
78.9,118.7732432983922,756.0866354801618,0.20170121433661212,496.18492921364407,0,normal
79.0,116.70395269319303,748.2630912810994,0.197481269437627,493.6410564851306,0,normal
79.1,119.02056187904414,752.0608804799125,0.18133033836739565,501.7166900958307,0,normal
79.2,117.49772458319468,746.0194129032743,0.193807684805251,497.5100451700801,0,normal
79.3,116.82660708077182,750.434463355994,0.21094047695808898,496.84697056156756,0,normal
79.4,116.02689857246916,747.6503679219505,0.19739687914723844,490.4810628308991,0,normal
79.5,117.57610923807464,746.3308931652863,0.20757988266276023,492.96282757238043,0,normal
79.6,121.03011556918753,750.4786255010737,0.20073650325478065,502.62245620883925,0,normal
79.7,115.73280799830994,748.997168824313,0.18249395881697153,495.2789434728165,0,normal
79.8,119.66686160358063,751.1741699062532,0.20870935203081423,493.3100972508117,0,normal
79.9,119.92386281654493,744.308118164955,0.20733382042207235,503.1895414894415,0,normal
80.0,119.47675477020715,747.6266227120085,0.18220163487334406,495.4671281643133,0,normal
80.1,117.82485547271608,755.5723670073338,0.19017742558891443,499.7394223154055,0,normal
80.2,118.55399748545906,743.7873649185966,0.18765900293620116,494.0776331431771,0,normal
80.3,120.17932592849002,748.8232033405748,0.16808690453749053,500.957029506806,0,normal
80.4,118.05625404576814,751.9281770953322,0.19249765314000095,493.92435852464797,0,normal
80.5,117.04940453961817,749.2093876331575,0.19298723532860554,493.56297343745456,0,normal
80.6,117.58108043477256,747.1618284546134,0.19850271082242352,500.70872441158497,0,normal
80.7,118.39678302703913,747.7445090085164,0.15444195157457358,486.42424356968144,0,normal
80.8,117.76288138569524,751.2394301837846,0.20627926491914378,501.18774662339337,0,normal
80.9,117.33701710228837,748.8358434420765,0.18533639344701855,487.83985464363843,0,normal
81.0,117.86924997362136,753.1080354595014,0.16355318047729733,496.4510230474125,0,normal
81.1,117.9562925343107,748.8635964849854,0.2055238818839502,493.43605171689944,0,normal
81.2,119.69352182559209,749.0471852835116,0.18469100566209448,488.87458116611845,0,normal
81.3,116.58298089944623,749.9158218811283,0.19381551514226725,491.4890057254653,0,normal
81.4,117.38117672480232,745.8765026658814,0.20912678941387208,509.2040806938472,0,normal
81.5,117.43801687690431,747.4498082486886,0.19050244653985787,496.5752689540827,0,normal
81.6,117.53618035356403,748.2656264808459,0.2141877799065188,508.2072475113387,0,normal
81.7,117.42662205600823,750.5195545144629,0.18707646069624048,494.1201789697449,0,normal
81.8,120.24394595454315,752.2308613737017,0.18468362011238174,492.2492918102513,0,normal
81.9,120.12434216756525,748.7726427153032,0.1976386876892104,502.9562024459192,0,normal
82.0,117.7061418656396,751.5244253375809,0.19749422822808327,501.5491554615883,0,normal
82.1,119.49188273748014,746.0938282262944,0.19320853661218693,495.24963029226194,0,normal
82.2,116.84693152935439,749.6533709777583,0.1787719342305654,506.62630068280595,0,normal
82.3,118.03984325506941,746.5795388439128,0.18511419046716057,494.5081085104622,0,normal
82.4,118.07412312284234,748.2219780103026,0.20757728205433437,504.0525199630808,0,normal
82.5,116.58270140146995,753.7521788512499,0.18402497242575247,498.3075686372367,0,normal
82.6,119.65377310597005,750.9899628131909,0.1735001079753733,492.2731237885664,0,normal
82.7,118.34751279799382,751.7372281229307,0.1827676102695386,489.1159659574318,0,normal
82.8,119.0531271174505,748.359872504251,0.2033214973493484,483.44623670714566,0,normal
82.9,115.96270178687229,749.799914426338,0.18179673573512883,497.441095547128,0,normal
83.0,118.04980422580164,749.6441395396145,0.18079276947126005,496.24440889303645,0,normal
83.1,117.74573146431872,750.8179776328622,0.1912918478129682,482.8163033078275,0,normal
83.2,118.22346435761564,746.954415264895,0.19651476655688532,503.7695493955725,0,normal
83.3,118.45521933113992,742.0510308350117,0.18222892501921267,498.9251923193138,0,normal
83.4,117.03583375561318,747.37360686356,0.18230926908954986,502.72681562615054,0,normal
83.5,117.88998443165325,747.2215125552381,0.1791636439454128,494.5151567205065,0,normal
83.6,118.47639569075109,746.0097578655381,0.19420703672709191,495.73849350855215,0,normal
83.7,119.64971028273106,751.0254200168164,0.18152998510852902,497.45498244755316,0,normal
83.8,119.98866382785329,748.9443970426461,0.19516225070973817,497.958506923198,0,normal
83.9,118.90947454770226,753.8818436311752,0.19888428518413237,503.8258175984519,0,normal
84.0,119.69120013071029,750.9845165581261,0.19702006782789727,505.5589908337481,0,normal
84.1,117.40186261554302,753.116723406,0.20385927938251533,491.4287127953863,0,normal
84.2,116.69115969423072,749.0545046990105,0.1985666501946327,511.7064226864862,0,normal
84.3,117.07386907719311,752.3172061349288,0.1880963252929466,490.76915561250405,0,normal
84.4,118.82722641817935,751.2352836272818,0.1953267055448378,497.4947958695342,0,normal
84.5,118.09751594996042,750.121130505211,0.2003675152289439,490.9428536764816,0,normal
84.6,116.58321220379945,749.298578451127,0.16044517474100867,500.671877230024,0,normal
84.7,118.05395499616213,750.7155178599056,0.1921033224236246,499.3533518868114,0,normal
84.8,118.07634782896905,748.7027902613995,0.19810264772811176,503.5215222318753,0,normal
84.9,118.06086813328105,748.6360404318062,0.21400565585204523,501.52700727469164,0,normal
85.0,117.26778528425291,748.4490148489451,0.18184186164938906,499.86584235605716,0,normal
85.1,118.2096016527194,743.7214019393608,0.18173761010516748,499.9295025435393,0,normal
85.2,118.91406279652584,746.281916930468,0.19144873491897463,494.7203352103584,0,normal
85.3,118.18720530028982,747.8209733614751,0.1879900017315652,497.3921845711306,0,normal
85.4,114.78348259884291,747.7189890508602,0.1856241257882292,492.2949065206574,0,normal
85.5,116.94416298205836,748.7900650814689,0.18568572343233336,494.6235831661883,0,normal
85.6,116.86925439011574,751.0874671465674,0.18430637502725394,487.2143563475645,0,normal
85.7,118.9070623466183,749.3122780527641,0.20432475060999739,494.52822234082544,0,normal
85.8,118.33184146294946,741.8472752260843,0.18527523872491586,498.1897911242413,0,normal
85.9,120.4153713435106,749.5462875189334,0.19070502553666518,493.27094992146874,0,normal
86.0,119.36779676964821,748.3692855101326,0.2143936707546816,504.67986637255814,0,normal
86.1,119.07043287203115,738.0798253043731,0.19241040812559068,488.9681779071284,0,normal
86.2,121.48970616367866,750.5886173934759,0.17919706570500543,500.5944794077693,0,normal
86.3,118.33308631982791,750.8522812311153,0.1976944717724073,497.6962632512759,0,normal
86.4,117.12736293159477,745.8514458872581,0.18652550798231798,491.5370973511564,0,normal
86.5,118.52813649917145,752.8053029251522,0.18991622067383357,495.86397866310654,0,normal
86.6,118.64647054131777,747.401523134293,0.18490942827416032,498.142775215678,0,normal
86.7,118.18264638835726,748.7269349113114,0.19228320390354947,501.73308045201645,0,normal
86.8,117.23381972239926,754.1866922744133,0.1922043472754317,508.31303635734025,0,normal
86.9,120.33229921017305,747.9828999515685,0.18113803392210967,495.73631689419346,0,normal
87.0,116.71656648258906,750.2444247014687,0.1921999856864987,497.7301546452279,0,normal
87.1,120.19494349046661,746.8813909714818,0.16611688819966328,493.9469779842622,0,normal
87.2,118.05862645707569,746.6681338983891,0.18651942480011724,497.48416747036356,0,normal
87.3,116.85019020121214,747.0328419525889,0.18453708914864714,482.47113247284506,0,normal
87.4,119.92427657918215,748.7392742378763,0.1789929483176046,503.5124385321798,0,normal
87.5,117.64702760604038,743.0975274560627,0.21256728569310568,486.2054642577112,0,normal
87.6,117.852856750654,750.111365516733,0.15182778483405934,490.4862565991914,0,normal
87.7,117.84161840750993,747.646420217341,0.16616949760903893,497.3295281419244,0,normal
87.8,119.40981680290288,742.7891774318446,0.17858316401462912,495.5029704600192,0,normal
87.9,117.50876383577132,752.2421554387054,0.19155072856660837,496.36570989228335,0,normal
88.0,118.66652947615695,751.3046086470904,0.1852666044550383,495.30289218008386,0,normal
88.1,117.63777325846667,754.7932464789287,0.20002340065101992,489.6629096693034,0,normal
88.2,116.80912563522577,747.5698054089281,0.17799375155375163,502.06695957075624,0,normal
88.3,118.0540529752703,752.5211311552723,0.19957168110455067,497.179863997805,0,normal
88.4,116.85276520807055,748.2088820532529,0.197059657341192,501.82996797320794,0,normal
88.5,116.87852592706803,748.7600212044174,0.18312977180224804,507.1899692996629,0,normal
88.6,119.41470126849066,746.187421210306,0.19630221813587237,499.20644142271055,0,normal
88.7,116.90809608533102,749.0105230018002,0.20420171459741038,492.74632432256703,0,normal
88.8,117.7496840217813,749.5104672880242,0.19167295377983828,500.6836520920239,0,normal
88.9,116.13830527309226,747.611345976757,0.20922866047086675,512.1310775170975,0,normal
89.0,116.3697575698742,751.2108878274911,0.1906191531228518,499.6093821397815,0,normal
89.1,115.7771633021929,747.9185672754647,0.21167359987364473,483.43140672575754,0,normal
89.2,117.89810521134986,749.4002666409494,0.20685183615219435,499.1252472280826,0,normal
89.3,116.39405592913873,748.23566661745,0.16162669344713795,504.1695313844703,0,normal
89.4,117.03077803436884,754.2012353311015,0.20605977614012888,501.8655636198526,0,normal
89.5,118.49408144214341,751.1859751188081,0.18164957277059154,501.56016578386726,0,normal
89.6,115.67966667034203,749.8540756347666,0.1832367986479259,499.2666250747318,0,normal
89.7,117.69924016761448,746.5319809666927,0.18594374572309808,508.1375288539792,0,normal
89.8,117.88026811124675,751.9610585736149,0.19631007117956076,501.7661909422154,0,normal
89.9,117.84438609653077,753.2611796825832,0.17505414746761463,491.41446363574704,0,normal
90.0,116.72877859859935,745.3037059352085,0.19542915367341776,503.61250457388553,0,normal
90.1,120.2070504717461,747.7355105032746,0.18452090002710353,499.36270708169394,0,normal
90.2,119.54752747695899,748.9287206423586,0.18986376194055443,502.9643748766064,0,normal
90.3,119.85374697766176,746.6959102407061,0.1878531034539053,503.4475009931311,0,normal
90.4,116.87608667920252,749.6909169708404,0.19302353175772516,498.233267818893,0,normal
90.5,120.83048004469654,752.2045202736373,0.1779333071367137,495.60671438046097,0,normal
90.6,117.87735124347977,748.9132683079572,0.19358543596850547,492.2276315217207,0,normal
90.7,119.54012968851418,746.5822807718057,0.2054400147599794,498.6962280342661,0,normal
90.8,117.67184669943514,748.7756659726066,0.20053640131613526,495.47853524452347,0,normal
90.9,118.35957138730328,745.9359959882122,0.20460932713263177,493.77073177726083,0,normal
91.0,116.66263823996903,746.9027161354009,0.17908082745166368,499.57712477037427,0,normal
91.1,117.68518590674356,743.735356709374,0.19912978928391578,493.6471418736724,0,normal
91.2,117.66784834527809,749.0944145146433,0.18432822482622,503.65962283953814,0,normal
91.3,116.66515152368733,752.4633790528711,0.18973364866033376,493.5166165389623,0,normal
91.4,117.15910625500779,750.737672752275,0.18774690047060608,499.91510598193383,0,normal
91.5,117.05862192683674,753.4637588493287,0.19276742976216732,491.53214487204934,0,normal
91.6,118.62392333291838,752.09266868304,0.20746753968714302,496.47848664647773,0,normal
91.7,117.42570548931651,745.3796959577523,0.187605855928958,495.4858650762442,0,normal
91.8,119.31361722824492,754.0295789905385,0.1563680379404128,490.12872927317403,0,normal
91.9,117.74105250279761,748.6683713096849,0.18136842596209857,494.0627999265016,0,normal
92.0,118.61510775798678,746.0305427949357,0.18991133761792925,493.53967960208234,0,normal
92.1,118.92700840262212,750.6283614584723,0.19369885852146604,496.53776032540384,0,normal
92.2,119.14570956979276,748.6672145098759,0.21298902612898582,490.6483839534568,0,normal
92.3,119.56742932078242,745.7972813568464,0.1900995864928325,491.355589699999,0,normal
92.4,117.03412736601953,742.8129976916762,0.17864477286311176,498.50649863045135,0,normal
92.5,117.63973268633737,749.410132505842,0.19027370415824296,505.742868646791,0,normal
92.6,117.06538671653014,750.009776131072,0.19926740880067556,498.72650903358715,0,normal
92.7,119.08567523235108,749.9591907414065,0.19708067097720178,499.2093378019252,0,normal
92.8,115.17465022148005,756.2949299923688,0.1905989788974108,498.2232144344967,0,normal
92.9,119.60420554041457,750.5781370390562,0.17049434074313533,503.33057146958436,0,normal
93.0,116.66279283486782,745.6173695605511,0.19970963538398812,484.5041725529771,0,normal
93.1,118.37611138045537,749.4976997777023,0.1982547778697188,499.903808867342,0,normal
93.2,117.1672189195425,744.7998504279863,0.19352615725385833,488.7708633577623,0,normal
93.3,118.14980143655909,753.9580232308691,0.1917583056935118,489.7018593309471,0,normal
93.4,117.35869585917968,747.1872336470767,0.1881401091433311,505.95961054489027,0,normal
93.5,117.36970411471111,749.2167467740128,0.19746715956969588,507.8934845510788,0,normal
93.6,116.95662529796472,747.8492647693113,0.20122036150079015,502.11201366918795,0,normal
93.7,117.68132722538213,754.9228739476176,0.19938522423423727,498.80518617049347,0,normal
93.8,117.93842861484443,751.6752240054965,0.17811936226711192,490.29488756704257,0,normal
93.9,118.11321128651505,749.0999544339099,0.18082830647815526,493.7036006485565,0,normal
94.0,120.84448259502386,750.524260005687,0.19630696284492913,494.9949997717723,0,normal
94.1,119.70847958058863,746.9012857655161,0.17457929197564517,486.78392610763797,0,normal
94.2,117.7179418506084,750.1314673613172,0.20247042332612786,508.1895101730528,0,normal
94.3,119.03696754521165,750.2559897575778,0.20128739164329718,505.8503857027537,0,normal
94.4,119.14013364954387,747.5980020552211,0.1972433165956886,497.82836701325556,0,normal
94.5,118.03112589434575,752.0059166570127,0.2202996192622947,492.19305505156615,0,normal
94.6,118.3501731490009,751.836951312073,0.19740982162694973,498.0714669155793,0,normal
94.7,119.60010534482299,742.2490014558884,0.2014881237406985,495.5686112944984,0,normal
94.8,119.87687501983869,751.1511889340081,0.1913800048078123,502.3347603755778,0,normal
94.9,119.51235580923421,752.202868412331,0.17054045477252794,484.28270951024,0,normal
95.0,119.75770942663128,749.7932392959758,0.18871278990673737,497.23576187765104,0,normal
95.1,117.42556111728706,754.3700042263783,0.1881236707669659,490.46565527224766,0,normal
95.2,118.77935498353511,747.4929440361307,0.16621501025727164,504.0583037555644,0,normal
95.3,117.80446027444056,749.2772846668823,0.20392030992365306,491.010890059397,0,normal
95.4,117.8316829907235,747.1153459966928,0.18427571183123695,503.5666390079212,0,normal
95.5,117.2538436864296,749.2358975274477,0.19350609671838956,499.5979765935706,0,normal
95.6,115.66100829823884,743.0893705206574,0.21423777150518183,490.53901453688803,0,normal
95.7,116.05997431040225,752.349581801221,0.18464073069153927,507.2772712674949,0,normal
95.8,116.24264006254064,753.5036365145527,0.20612108185884226,493.4034252499616,0,normal
95.9,118.24247403990913,753.3765335669657,0.21074526005056976,486.3778443444292,0,normal
96.0,119.6802139746177,746.4061027607422,0.2144291404360125,506.00933758203166,0,normal
96.1,117.37050346432672,748.1050640721611,0.20808801204851357,499.0079885753659,0,normal
96.2,116.22200469453314,750.7198516629321,0.20276143760406248,506.660060779579,0,normal
96.3,115.66472234006818,746.120942980143,0.1708715899775328,503.58510552073835,0,normal
96.4,118.73512505603836,745.1686161432085,0.1863646947203361,505.5740758159917,0,normal
96.5,119.58104483533074,748.8782995898704,0.17967364347380713,500.0106031766669,0,normal
96.6,119.84285298087984,745.8003009843619,0.191879596557258,505.0613871049194,0,normal
96.7,118.49303256558956,748.7731216057907,0.2099748203378214,511.3380464812856,0,normal
96.8,116.09700945406335,746.2242237838582,0.19477365232340402,499.9906787355913,0,normal
96.9,115.47251688420283,745.6826644811166,0.21409945848239775,500.25199493597637,0,normal
97.0,118.25856150671045,748.2543756621044,0.17376797274640632,497.5196280246065,0,normal
97.1,116.81175839023922,743.7672194068781,0.1790310508590556,494.0647817675682,0,normal
97.2,118.47537786123893,744.0904582547249,0.1798901420507206,502.2082582255882,0,normal
97.3,116.1153762282537,748.6589951633781,0.18659605775950963,496.31893757821194,0,normal
97.4,118.2648459349726,752.9385729220618,0.21462948694928477,499.44704133968935,0,normal
97.5,120.01435540143764,754.0846011400355,0.21290100973986195,504.1071897863585,0,normal
97.6,119.09786652032464,747.8800943381281,0.18003598165180523,492.78162079921964,0,normal
97.7,118.78934723011506,747.2903203997334,0.17393428640347816,492.7684841518331,0,normal
97.8,117.6609055277977,752.4838848874631,0.20129405527713976,496.47890877773096,0,normal
97.9,119.09496198691892,749.1594154641981,0.21548435834910087,493.64550650633703,0,normal
98.0,118.61264544933965,751.073423245515,0.21661709722546013,500.231559511791,0,normal
98.1,118.68421036920651,748.0109025529247,0.1984239089778615,490.5805913026501,0,normal
98.2,117.24045801094688,752.4400271606459,0.21367853633321673,501.0947693392114,0,normal
98.3,120.89705745478827,752.3532243682749,0.18010250585949056,501.0153894522248,0,normal
98.4,116.96787681377322,746.4434924310195,0.18514572854631176,488.3308374705961,0,normal
98.5,118.27179113702356,747.0329394566413,0.2003748176355428,501.221737171222,0,normal
98.6,118.30926796356293,745.7691642487193,0.18067959535459424,492.9141054267231,0,normal
98.7,118.88393905571327,751.8665556871315,0.19713161047932937,501.51517416596477,0,normal
98.8,119.47844685625164,752.7907748338008,0.17846105015947314,489.7817281341433,0,normal
98.9,118.56261518859169,749.3732124690414,0.19775015015057423,491.8146939670311,0,normal
99.0,119.02377062644014,745.1412451264129,0.1907595958259733,494.0051475446216,0,normal
99.1,118.08370610890792,748.5526449448374,0.18259412903690048,496.53063337392433,0,normal
99.2,117.78880866698753,747.3704002497135,0.15615521102913477,492.81430275756315,0,normal
99.3,118.42006382469805,739.6698118073614,0.20728136504408232,497.52465049110987,0,normal
99.4,116.8368204311786,746.236590471149,0.20107740998175147,505.65293484823707,0,normal
99.5,117.81719461881143,751.5124771944103,0.19779296613097833,494.080080001119,0,normal
99.6,118.47364972429193,750.6205561728424,0.17975285327384433,499.0058639985171,0,normal
99.7,117.83709655436756,749.7344733005456,0.17629174933334263,503.6507487305778,0,normal
99.8,118.49657302615459,746.8725749999858,0.1769352669551628,498.43784699028356,0,normal
99.9,115.98798580816877,753.3392421643913,0.18918783827363797,502.039660594039,0,normal
100.0,117.18611596965198,748.54654446612,0.18039944460336296,496.89543431505456,0,normal
100.1,118.67407243174631,748.2508529036172,0.19406782605216638,500.476241726158,0,normal
100.2,118.83541856956826,747.9211003325205,0.19031737260594792,485.60577224248146,0,normal
100.3,117.07343441385419,751.739645610938,0.20007718628617674,502.9827674939554,0,normal
100.4,116.93567442794829,748.6382584609053,0.20104683669219245,491.283929541465,0,normal
100.5,117.0079972506211,750.5670789411513,0.17973294038584656,497.3612110952864,0,normal
100.6,117.5574735056991,753.5314788372096,0.19387366460571598,493.33015320896396,0,normal
100.7,116.85853129000816,753.317367710607,0.18117678207041443,498.1898508671618,0,normal
100.8,118.38781280159859,751.6580545807883,0.17619484086204304,500.9941875384747,0,normal
100.9,119.14672194996186,746.0901670137577,0.19922283288264056,480.41564026032296,0,normal
101.0,118.16577094408619,748.2393751690607,0.1997443131080432,491.94428578852956,0,normal
101.1,116.85116736095434,746.089192514501,0.19594412275768772,497.82568411189527,0,normal
101.2,118.70203549006877,746.3915013304912,0.1902659974805427,507.6163348087861,0,normal
101.3,119.28371669548328,749.8269487100351,0.20148958197469638,494.1476518618048,0,normal
101.4,118.46702703837505,745.9582958235175,0.20318019273974294,508.89862345085885,0,normal
101.5,117.65183201864741,751.3387894956913,0.1861698989991408,489.582996089846,0,normal
101.6,117.2099067053708,749.3382653117884,0.18948311328092682,494.18695617913727,0,normal
101.7,116.68228232037244,751.6286780096435,0.17113374159080394,489.2237023641138,0,normal
101.8,118.1587567827917,747.1424547634551,0.17085549246124498,486.7811811296992,0,normal
101.9,120.50619210689334,744.6632680082146,0.19856132396814238,501.8769983876449,0,normal
102.0,116.34983178542393,751.2069920164716,0.18512640538511824,507.1869062004259,0,normal
102.1,119.50928177162056,749.9364347156873,0.17813385609178173,502.9843138401732,0,normal
102.2,116.94473927816884,743.3691608679142,0.18863003683159496,500.67392413610156,0,normal
102.3,119.21857872868723,748.5014067269612,0.17423564281916304,487.7594181007162,0,normal
102.4,117.92468985409643,749.8218016684302,0.1737789501431595,496.1769098213605,0,normal
102.5,118.93020802542411,755.0039862947301,0.1811198285012706,492.1325016787299,0,normal
102.6,116.88518335028317,749.918248115881,0.18114177084988797,490.83861181901403,0,normal
102.7,118.5312987185946,750.4863165302879,0.1765607632401449,495.8537566252711,0,normal
102.8,119.99444031913278,750.6134222219125,0.20959982088313403,495.86398068163356,0,normal
102.9,118.2336369571415,751.7176359271755,0.1956383424253188,490.92069175483573,0,normal
103.0,119.58001503821863,749.6504081065716,0.19563082679978613,487.0864172676792,0,normal
103.1,119.47387242393987,748.7321894937791,0.20891118310771545,487.8964529416068,0,normal
103.2,120.48594321848815,751.8996917050291,0.18682857374551898,487.6421986281167,0,normal
103.3,116.84918387741192,743.3744327915089,0.1789517947642992,493.354869968345,0,normal
103.4,119.20075836175054,748.9371035357632,0.18866812138566982,490.43272601372456,0,normal
103.5,118.21334965808056,753.0462689425781,0.18017379290056026,487.65030505504654,0,normal
103.6,117.86953504738335,756.6807580633538,0.19095218201470604,489.6370344560466,0,normal
103.7,117.80782852475232,754.0953484236528,0.18898812875667834,498.9429997179633,0,normal
103.8,116.61625942618338,749.9253545527339,0.20358477536489053,493.8435899052029,0,normal
103.9,116.21753636743144,753.1510697922422,0.1673205291317182,494.4643500230998,0,normal
104.0,115.97228942215986,739.088061634719,0.1929736084042019,495.1316212021524,0,normal
104.1,117.85443744290474,751.8899997994104,0.20020563873521383,508.5704371986209,0,normal
104.2,117.7078833212863,748.6829623243212,0.19669913252690344,500.48045201771265,0,normal
104.3,117.53138140415894,749.7334229518168,0.20879542598786024,486.187324244816,0,normal
104.4,119.31645898833058,749.4646168300085,0.18892005483964233,497.5351552679706,0,normal
104.5,117.74397547286787,743.9959805573037,0.1978559271844285,499.62424831810335,0,normal
104.6,119.40136953310703,748.3053386820187,0.1943624769176018,502.3055738242965,0,normal
104.7,119.71767651182063,747.307394928871,0.17584914353643527,505.06675533342417,0,normal
104.8,117.83591719972422,747.596681774118,0.19438739542026778,502.4643660809976,0,normal
104.9,118.5342054594192,749.7897595199057,0.2138161345619514,495.4141556612704,0,normal
105.0,117.70280947503255,747.5565805393685,0.19961025879561223,501.8003177875935,0,normal
105.1,117.23873196480889,749.5546301769962,0.20275748423885767,492.68478626998944,0,normal
105.2,117.07000316237298,752.6782386370691,0.1929356963294023,494.92059280321854,0,normal
105.3,118.10420025201758,748.8298874773491,0.17946222283098154,488.20471090315846,0,normal
105.4,117.45656663283212,746.8137723732852,0.19437396302679,497.40247308956083,0,normal
105.5,118.77738310894726,746.4656331494882,0.17490460640927635,494.23853773116133,0,normal
105.6,116.86078175785244,749.4591047888608,0.18772100025303212,502.9557067536587,0,normal
105.7,118.45342727995215,748.5717982942506,0.1986939005203362,499.1450105140014,0,normal
105.8,117.74703679255072,750.797004489913,0.2006624214159751,491.64047754657224,0,normal
105.9,116.65728852413,748.273916633842,0.19240691029529045,491.566530604336,0,normal
106.0,119.21300548115738,747.302394748494,0.19271398630304487,495.0331510382473,0,normal
106.1,117.47866578222693,748.8051628308566,0.19002136461496028,500.5967406440724,0,normal
106.2,120.08806919533212,754.2274802890579,0.19992373851066264,492.4217775859459,0,normal
106.3,117.4996687677171,751.0581055419922,0.18943224235124273,504.9684540611766,0,normal
106.4,116.41189728243413,752.1367184611114,0.19065326230320273,489.8798547982041,0,normal
106.5,119.12282891335143,751.2083368130322,0.17610127666419778,488.6076221709777,0,normal
106.6,118.19794534217434,747.6731834145302,0.1721304740128898,489.40314078413155,0,normal
106.7,119.83479540859362,748.9014776395686,0.18825707030960642,488.8914891675758,0,normal
106.8,118.8381838402245,751.0010555815688,0.1898442514368193,503.91965277913766,0,normal
106.9,115.4495514698541,746.7409840443071,0.19036670827869168,494.74553489305805,0,normal
107.0,118.69823907681871,745.308004240839,0.18674604242324655,496.912915411878,0,normal
107.1,117.69161651796897,748.7217471039824,0.19949681735531077,505.5224746424381,0,normal
107.2,119.11677562703281,750.1333686687163,0.19789606737270568,493.41663595014614,0,normal
107.3,117.57597302737254,746.3367886229248,0.20676219589012076,496.84955438738405,0,normal
107.4,118.08704018252067,748.9675467263853,0.1887053208663925,501.6955554159728,0,normal
107.5,118.1035879182496,750.5164706161213,0.1811812212553089,497.6254102533075,0,normal
107.6,118.76358670345294,752.2416212471346,0.1862292032075085,492.52359933420746,0,normal
107.7,118.79184959021362,748.3534093550422,0.19459917435170918,499.65953529549574,0,normal
107.8,117.60408463845135,749.8241140470708,0.18773145380687467,487.8111169434448,0,normal
107.9,117.56751948661646,747.0687181600471,0.20126649676515498,487.5125579403091,0,normal
108.0,116.29990872460947,745.818574376412,0.18172798160615952,504.94577147954976,0,normal
108.1,118.58713569444788,748.6347166201472,0.19206563909039243,500.5482488953507,0,normal
108.2,117.60795745042942,753.8225062462016,0.19319760441577927,505.04017273296466,0,normal
108.3,118.26620820259372,750.333132181534,0.1945372782615542,510.02764608440566,0,normal
108.4,116.9670502522386,750.7103286527192,0.19919859451872587,493.3514572133141,0,normal
108.5,119.10274538587214,750.2852889680297,0.18777408961886166,490.3028237361416,0,normal
108.6,118.81990742045954,752.3367622369714,0.19189121676081095,496.26290841918575,0,normal
108.7,117.82635334652021,754.3873850472347,0.18915429426310176,504.26988492519064,0,normal
108.8,117.55472410677244,743.9298872310238,0.18563963662547384,494.1031922155859,0,normal
108.9,118.49681909836181,746.4167450175414,0.20667662945348253,491.70453585869427,0,normal
109.0,117.50892524865772,738.889376837196,0.18288298895311197,498.2503424777679,0,normal
109.1,117.89592041552544,742.2982825097341,0.18381990798275147,498.719061531073,0,normal
109.2,118.03102919565757,752.3165171933883,0.174526193464601,495.7506168720109,0,normal
109.3,115.6607041533006,751.3909566597731,0.20129234855794492,490.25953015737815,0,normal
109.4,118.283725252626,750.5254646601285,0.17821017390721494,505.67411446674595,0,normal
109.5,118.99918955829395,750.4249935668998,0.19871889688684397,500.0216390896902,0,normal
109.6,118.08893190786392,746.6118508461481,0.21003308594875048,500.66571746504525,0,normal
109.7,116.01496319367824,752.7067182231121,0.18687712756676225,501.65700116483856,0,normal
109.8,118.70929889171109,753.8750328612705,0.17196792039144593,494.9116401481983,0,normal
109.9,118.89653671887889,750.683433456469,0.19407444504240726,500.809206363309,0,normal
110.0,117.93566592483067,748.8274744986475,0.17992750431716628,491.1566281702268,0,normal
110.1,119.6502332517133,747.8028752231005,0.19563451191985923,502.2781055816971,0,normal
110.2,117.50588196526108,746.7582095841192,0.19839302857794458,480.93617108752534,0,normal
110.3,117.47181851564687,745.2339664573997,0.19171034563772643,489.4742718879568,0,normal
110.4,116.45721563104647,748.7052476358406,0.19919146942210764,491.2025077190665,0,normal
110.5,117.43775404267409,749.8377373013802,0.18317681584785184,504.33530734466103,0,normal
110.6,116.93543930737457,747.4959873614349,0.19896231540706333,496.8901801635016,0,normal
110.7,118.65571531856794,753.6376681727152,0.1789148824771759,509.3588987834634,0,normal
110.8,118.04565946133991,751.1049444882593,0.16484663790607684,493.5282161483431,0,normal
110.9,117.83471234169913,745.4867162755979,0.18642247473041207,503.8887883816931,0,normal
111.0,119.52820289293724,749.8932273094958,0.21568598435275926,501.1376782497202,0,normal
111.1,118.65173544823317,747.2424467486339,0.1957287622795793,486.56127896197904,0,normal
111.2,118.17205306437945,746.2501052586983,0.18950698592890505,491.91238927934063,0,normal
111.3,118.185415322981,747.644444286522,0.18252878907338585,494.4584667832391,0,normal
111.4,116.88614279911044,748.6409420429114,0.18158153702235527,497.8723633588765,0,normal
111.5,119.04926069114532,743.7437268970913,0.19929766289882736,504.90274475625466,0,normal
111.6,118.16813849285953,749.1778598226575,0.20273373630361505,499.4135329686878,0,normal
111.7,117.97851773527944,746.051666568729,0.19179215492988905,488.4190803283558,0,normal
111.8,118.67893348862418,750.5225124440051,0.18337884042083158,493.6853827045963,0,normal
111.9,117.3455485790188,755.0164790781727,0.17077202166489755,497.8498789016697,0,normal
112.0,116.3408159772547,750.4742040222479,0.17606727732478858,486.052373434214,0,normal
112.1,120.15311108602226,753.6177165972815,0.19490100206058275,505.0192012078824,0,normal
112.2,117.89844385761371,750.6952997692744,0.17460099323807482,492.1564013388558,0,normal
112.3,116.98770886794107,750.5252943660081,0.18539158852933965,506.2726430726736,0,normal
112.4,117.81221071600214,741.7375851655609,0.1781215615069166,498.3011569529816,0,normal
112.5,118.08478477771722,753.7275276777893,0.1943216674186541,498.1025061848984,0,normal
112.6,118.91151343563702,755.4480636702034,0.16769093237116753,496.13226071588474,0,normal
112.7,118.0632422428546,754.4160998214528,0.19110278494014832,499.0993235933813,0,normal
112.8,116.87259221558587,746.4214389259514,0.19079095619667774,497.878864359189,0,normal
112.9,116.80582296500636,753.7411823101147,0.19611297388160173,499.4037540527763,0,normal
113.0,118.61931034079554,747.4037364642936,0.20455773255999124,494.3712337487975,0,normal
113.1,119.46630218937919,750.4805268516511,0.1919880702973689,497.8183745724616,0,normal
113.2,119.54290114838078,754.570572322905,0.20335933911884588,497.8639023083518,0,normal
113.3,117.54137840965709,751.5527298804528,0.17122107200532496,510.8288099122301,0,normal
113.4,118.79068407836792,749.4304978141605,0.17866809736289976,491.1249276665092,0,normal
113.5,117.50143554530361,751.6188834887512,0.1856799718763338,493.60465113624275,0,normal
113.6,118.46292027087607,744.3991337899804,0.19955807543414866,493.3911783566864,0,normal
113.7,118.18978015957936,750.836344468315,0.19121961056194411,503.0481536072009,0,normal
113.8,117.42761565568198,751.0238684204702,0.19371869794608035,495.38735156130775,0,normal
113.9,116.91735602632797,746.6202693153557,0.18582243607685145,500.98190655624705,0,normal
114.0,118.84882554349164,744.8069172091939,0.1786710167146498,486.3222171142697,0,normal
114.1,115.55865480768551,750.5889890226957,0.1713962688053564,511.47899093230313,0,normal
114.2,118.07807333406258,753.1526971826677,0.1781694064409488,488.5706936856826,0,normal
114.3,118.70869632577511,747.8133315907684,0.1865053917517535,492.2522810067212,0,normal
114.4,118.89995114432377,751.032213866982,0.18560244084456146,506.48655619601635,0,normal
114.5,117.47038303084238,743.9994387777341,0.1818571716395498,494.7830704569613,0,normal
114.6,119.61910486690113,750.6812385593283,0.18984311916806107,497.6763600759275,0,normal
114.7,118.49810013357194,751.370623267357,0.17685670058557346,493.2152630997152,0,normal
114.8,117.16294065982005,747.6078268093115,0.2041318533949961,494.05212794404054,0,normal
114.9,115.39477192169406,751.2910388106413,0.1834273633145783,500.5987080441736,0,normal
115.0,119.18056261710957,749.3719081553912,0.1960836794851162,497.6564048259886,0,normal
115.1,117.28398126797185,748.2669813414187,0.18686374161262287,501.93413802655516,0,normal
115.2,117.94540781542004,748.0902215244266,0.1939529408338033,501.96907973751115,0,normal
115.3,119.25094209239467,747.3433803493712,0.17786427146950126,491.5039030858073,0,normal
115.4,118.40727436403874,749.9182145078853,0.18976993362619354,496.8775835598223,0,normal
115.5,118.89789489253573,754.9305592287545,0.20557760380216825,502.01361071193,0,normal
115.6,118.76964264523211,747.9429063247043,0.1984131831447617,496.3833292295288,0,normal
115.7,117.5442984129912,752.4701419237537,0.19067130261595122,500.32872231750787,0,normal
115.8,117.27303814957867,747.7182784438613,0.18951092129826924,493.9176849119519,0,normal
115.9,118.66405826449393,739.4955874293628,0.17776832535924927,493.2715124872117,0,normal
116.0,120.47223986352093,752.1958543204562,0.17783654363495383,492.65636182160677,0,normal
116.1,116.8556796918079,746.7177061840563,0.2007233698673842,494.5389679413379,0,normal
116.2,118.66834638966354,747.5138608893544,0.18167413347597583,499.57993272951416,0,normal
116.3,118.07358590563753,744.5232112725935,0.1753739112202192,493.2282135897149,0,normal
116.4,120.90456433828514,747.7836878473108,0.2012187656422871,481.5894804424922,0,normal
116.5,118.11432365305427,750.3332737094146,0.18225349427766502,499.79746607161076,0,normal
116.6,119.29331062476277,748.0874692417644,0.20286742641024927,502.5138523969609,0,normal
116.7,117.67914378169662,747.4828972389606,0.2038921727476026,499.7801259650158,0,normal
116.8,117.64091874163286,742.3056116773447,0.19981489273119105,498.20011571457144,0,normal
116.9,119.31201012572795,751.7696132365422,0.19260258864947077,492.9863711048633,0,normal
117.0,118.32671658737632,746.4213911845687,0.20461388639813402,505.31568724759535,0,normal
117.1,115.94504832261113,749.9619406658599,0.19679122287341638,502.7640372195298,0,normal
117.2,117.23997240889005,749.0637222919023,0.18560365222823155,498.50741158823786,0,normal
117.3,118.29369684578079,754.1004112200212,0.21263872433539643,497.91891596014574,0,normal
117.4,119.65123557061364,752.1911014641666,0.17949183925039616,503.1396714621121,0,normal
117.5,118.08289712771435,747.5396859033098,0.19162393340844333,507.18953534544505,0,normal
117.6,116.09160223229578,750.6055205090961,0.20264055355813687,501.1240570159804,0,normal
117.7,120.60339343362753,748.7768934036901,0.20685701791489194,496.69181195896783,0,normal
117.8,118.71476199036668,742.6368259380155,0.17339689939489256,502.80067014823777,0,normal
117.9,119.56881259442656,751.5506665662659,0.18607381222350733,501.08625516041604,0,normal
118.0,115.45328509407688,749.4606687957621,0.18887203634697688,497.3318183443463,0,normal
118.1,120.33583241496926,746.0735180952764,0.20246986552511492,493.6679456869446,0,normal
118.2,118.71692683876329,753.8296453450297,0.2008987731200836,483.14617603049277,0,normal
118.3,116.88783841557611,747.8909568376274,0.1912509836247055,496.1051489708661,0,normal
118.4,118.87035608373309,753.1718134429076,0.19662786119926118,490.75130908651516,0,normal
118.5,117.94593564838033,743.0828916804569,0.18438105841465074,494.457872424895,0,normal
118.6,119.10404482105135,744.1636547636098,0.19790940046691274,495.0097299281491,0,normal
118.7,117.95254201387164,750.2463707447323,0.1828469318197385,492.1159577493472,0,normal
118.8,119.50020371405768,755.4549568196954,0.16942105601214813,499.63847480287495,0,normal
118.9,118.43577804416505,749.4769074550894,0.1828513797016857,497.3024516165771,0,normal
119.0,118.58096996546927,752.3862712788263,0.1783046374953809,498.77951052544444,0,normal
119.1,119.18257290348933,751.5088864974946,0.18400316469854672,486.91538774900977,0,normal
119.2,119.35131871981662,748.5283416787107,0.17540858224200834,488.17369182684683,0,normal
119.3,119.1827091447888,750.6755585394011,0.18625797342407385,491.4073821968171,0,normal
119.4,117.94768716651596,753.9559911894759,0.1777002805314849,501.19400737659635,0,normal
119.5,118.29200148197033,747.1191316428068,0.18613173220259596,493.5419621170728,0,normal
119.6,117.46994083225192,748.9958225790309,0.1949084501887796,496.67619474315126,0,normal
119.7,118.75341010436986,750.4428824844467,0.18060732100232904,501.42243426356595,0,normal
119.8,118.3168718258186,743.4691876078018,0.19524662382508573,506.23520768289427,0,normal
119.9,119.4245495212012,750.5225337889707,0.19104186750875413,502.8554307808097,0,normal
