time_s,pressure_kpa,temperature_k,vibration_g,thrust_n,anomaly,scenario
0.0,38.652055096830395,301.04498477909516,0.17702152852163647,0.8801416915156088,0,normal
0.1,41.98601072933251,299.0240493951874,0.16765872425302766,12.14023094817248,0,normal
0.2,42.31002485441131,302.67928230972655,0.1251940764935748,-2.9614441766094615,0,normal
0.3,39.92649091106564,309.04172544932567,0.14265636071175028,9.963230207601846,0,normal
0.4,43.532651574104214,312.88952469257293,0.17491034682207957,17.42722794747892,0,normal
0.5,42.00095703365882,310.776115036329,0.15940457169212943,25.02706894923361,0,normal
0.6,42.09471698975319,310.8850365603827,0.18582603819553115,22.567022477838925,0,normal
0.7,44.683739937174764,315.7651628054884,0.15145236677538376,27.500301812369226,0,normal
0.8,43.45457341828234,321.1941273625772,0.17228787144749147,32.40419530084462,0,normal
0.9,43.105136201944866,322.28304335735646,0.15496812456714812,27.90291703951155,0,normal
1.0,44.68059140758774,323.9168156100274,0.15589438621493787,25.904305942161994,0,normal
1.1,45.40935776375298,323.27492748891046,0.1485271762917796,25.79161972883741,0,normal
1.2,46.42461394286315,332.2714255335025,0.17470812262668853,45.26312278416664,0,normal
1.3,46.0325837288592,338.7846678446456,0.16312054607684875,41.75991755810836,0,normal
1.4,47.78271922472128,330.96204374203586,0.13547241846752253,43.84842279386121,0,normal
1.5,48.444065213307546,340.7604835901564,0.1443268659833864,53.31142885110915,0,normal
1.6,48.56088282551499,340.2468128601187,0.1565670267029992,61.940170463525035,0,normal
1.7,49.09238347238304,348.91078356639724,0.1642794733511369,52.86944212560623,0,normal
1.8,46.57433882365018,343.8091282791254,0.1607860485330497,53.238083538981016,0,normal
1.9,50.448245316771086,351.096214024753,0.16958176878065356,69.26097097699741,0,normal
2.0,49.51755459294922,357.7856335614708,0.15620465243465106,74.70563774393946,0,normal
2.1,49.297632260452446,356.454019582582,0.15858797110379674,68.91736191933022,0,normal
2.2,51.59124796868494,358.43777302504884,0.14532029014662465,70.6979453372797,0,normal
2.3,50.28679453125296,361.70277207725906,0.16966073642775448,75.24554489676309,0,normal
2.4,53.030595415315545,367.24361181623897,0.19694429256341947,79.29620766795874,0,normal
2.5,55.520246024022455,368.12221315279254,0.16588110767319106,85.53176463064241,0,normal
2.6,55.34282367985732,367.27939701770134,0.14713025238949887,86.36706687883456,0,normal
2.7,54.02996410388041,380.173652045574,0.1600582782901919,93.4993138218786,0,normal
2.8,53.36963865254415,377.6150453037919,0.16398270047541982,95.62971607065711,0,normal
2.9,55.72402391969116,379.4601658656893,0.16807498980437374,96.15861851976847,0,normal
3.0,55.616944552816875,384.3756823198321,0.158736904755987,96.76995950213616,0,normal
3.1,57.60512621942129,386.98873173639146,0.17704554325367797,102.08797470137804,0,normal
3.2,56.12493124941483,389.1842362969965,0.15934185521154226,102.77197638211803,0,normal
3.3,56.79329476586394,395.6176438410431,0.13963198464450383,112.64805692362161,0,normal
3.4,57.4788084400704,399.7756228462996,0.1464840392637551,115.15684652907734,0,normal
3.5,60.11524757611582,397.69052189024876,0.1514218094113287,117.5740183039329,0,normal
3.6,60.559624331370586,405.55715517455917,0.15011208960586597,129.81364561892659,0,normal
3.7,59.52456272187764,397.21525454355753,0.1873214458548237,114.66660920169545,0,normal
3.8,61.24001798883064,404.44320142785443,0.16085172297934197,128.5343803475127,0,normal
3.9,60.228015430141326,411.87120453724077,0.1553949138073742,133.40617019818663,0,normal
4.0,61.724818375373786,411.5281190964471,0.16804350445263014,136.79061866789326,0,normal
4.1,60.71901198201557,412.48246708471913,0.169787319629179,136.28747306800642,0,normal
4.2,62.69866912448247,419.9902621722074,0.1799222427122257,141.2027194131888,0,normal
4.3,62.66444895063776,418.7325730402562,0.18150234551462105,154.4278629418879,0,normal
4.4,63.899714663359795,425.7858312077706,0.14694009011255613,149.41529274869083,0,normal
4.5,63.92834160506276,424.1563278081804,0.15912368638294141,146.3929198683755,0,normal
4.6,64.17894984633152,431.97203754827365,0.18769028278578215,149.68228799134576,0,normal
4.7,66.60838904947174,436.67069501223995,0.18279486303524015,153.5352537883423,0,normal
4.8,64.90739349145815,434.6707032732599,0.1869971890191487,164.47159774525184,0,normal
4.9,64.35373536877037,432.48996556270595,0.1705956207891714,166.43258644581698,0,normal
5.0,67.21014005530951,441.04403996997326,0.18278785046565443,167.5839552046704,0,normal
5.1,66.20713854810239,445.7617863923333,0.1623834592760956,177.05255657334433,0,normal
5.2,67.3959266687089,447.5025483321605,0.18444719551408795,175.3677988887293,0,normal
5.3,68.83882148287807,453.15476897476344,0.18963012984550112,164.6465088262922,0,normal
5.4,68.19418444643124,458.1538748896185,0.17363689527529663,184.35338183768764,0,normal
5.5,68.65520975556086,455.62249369831665,0.17973134869454324,181.7336101013471,0,normal
5.6,69.95433347253201,464.35523404586985,0.16728933353660685,184.3828258546029,0,normal
5.7,72.05470746624543,465.20871664522053,0.1800685890299069,184.9461222486648,0,normal
5.8,69.1957925589734,466.50920179041964,0.1630710940721745,181.02754009480486,0,normal
5.9,72.28607453948607,466.5049444804172,0.16859975332264865,185.99445007037383,0,normal
6.0,72.64821169998793,471.41387981938044,0.17803428187287262,205.9397730265554,0,normal
6.1,73.0117130925277,471.48924965661234,0.17917085406535302,208.24324372484026,0,normal
6.2,73.34027212438441,477.00193639263034,0.13854815545531426,204.6072637446993,0,normal
6.3,71.93336263801561,482.1568073159334,0.16919238868948583,221.3129369625243,0,normal
6.4,73.98573401562449,482.2286256993588,0.16806123556091349,210.68812332690464,0,normal
6.5,73.94714043095159,491.3878182794597,0.19456170512175167,207.97834588712578,0,normal
6.6,75.49399328131369,487.1408884196637,0.17169751775459677,217.9984410550724,0,normal
6.7,75.6725294354952,494.6713271381905,0.16850178526324797,224.9379250934455,0,normal
6.8,74.97153642197807,498.51673528949635,0.18533517837314056,224.86977021800922,0,normal
6.9,75.46045343120815,503.0062151631877,0.1868353588597747,216.97520552165898,0,normal
7.0,76.22946739726434,505.4082463135022,0.18311700504756234,224.30289017078763,0,normal
7.1,79.42051399506438,507.4632892849877,0.18333147573987613,238.04163865952316,0,normal
7.2,80.05242833316642,502.33425062221556,0.18021969414469682,239.73435424146828,0,normal
7.3,80.47105657171481,509.98604359459,0.16573617536894347,235.0972386204499,0,normal
7.4,80.13066933316777,511.83692100344786,0.1778172917763047,246.35427358709737,0,normal
7.5,80.63767812606068,515.3966902812127,0.17649625195067853,248.71556592960948,0,normal
7.6,81.48151849362281,523.0142570528129,0.18777961119763276,248.38781999794182,0,normal
7.7,82.34368440816414,523.4185466310907,0.18684069706952944,257.8246951922798,0,normal
7.8,81.95429047022925,523.657996232914,0.18947540835988483,259.91596737442893,0,normal
7.9,83.46507190456802,525.3997075508528,0.20378277352163665,263.1543050304207,0,normal
8.0,83.97690754343117,530.7961029305769,0.19140238153851546,271.09502147182525,0,normal
8.1,82.38925244489138,535.0622047658849,0.1899838448711998,267.1605335602751,0,normal
8.2,82.59482120879804,536.9509246272652,0.1802767997824294,270.4040501839066,0,normal
8.3,84.11526719210954,534.2194163783541,0.18003279334729558,279.42806137230883,0,normal
8.4,84.58921944457431,546.9231215446157,0.16888200975321294,277.94481688339556,0,normal
8.5,85.78067054948052,542.8832956781833,0.17513320298920787,274.50686255218534,0,normal
8.6,87.81562211059385,549.1621615732372,0.18909579420510578,271.89511931150815,0,normal
8.7,86.21561754543625,551.3883235796193,0.20783104467922903,284.60660941922293,0,normal
8.8,89.91338530578741,553.1204466007378,0.18087286319146215,300.00797654968807,0,normal
8.9,86.47720142782143,557.1662673482862,0.1727646887567118,282.9001019848321,0,normal
9.0,88.35615737216504,559.35916588962,0.1903929238458505,297.71461168220264,0,normal
9.1,86.97305322747908,563.1119813154692,0.1848287127031082,297.0047057134304,0,normal
9.2,88.40135465615595,565.8608599174042,0.20466484061980916,307.5479625591391,0,normal
9.3,90.09345605025669,570.359859743413,0.19727999482173825,318.21800629350673,0,normal
9.4,91.56254338013554,577.1073041169838,0.18961612476983075,314.4883007074216,0,normal
9.5,91.92196287125219,575.5389074267795,0.19029679604733482,315.9836797312592,0,normal
9.6,90.20974766861889,579.767440220128,0.17670494487387295,318.4532928392796,0,normal
9.7,92.07572634266938,581.7911572105817,0.1980936318764749,328.5911661080734,0,normal
9.8,94.74439382309035,582.5289123430455,0.18413688577947893,329.17307384959395,0,normal
9.9,91.01144536136272,592.1341854906976,0.18074417572962012,327.5288218583751,0,normal
10.0,91.80205030244268,592.1529622101503,0.1797724064175455,340.88464416369925,0,normal
10.1,94.04247474006429,591.3986434529425,0.15912203258744728,343.0499488332497,0,normal
10.2,93.9983544485004,603.5012592682319,0.19154076507143902,338.2460620506816,0,normal
10.3,94.61568246065337,595.2228876257342,0.20072918529166256,336.3721651191962,0,normal
10.4,94.80608991805546,602.537074349043,0.1861958750887667,349.62863124438115,0,normal
10.5,96.90086740670881,602.7749082806648,0.19843006430913895,352.612512801957,0,normal
10.6,96.9480547685394,606.2929843761162,0.17346590092245595,345.6654619916343,0,normal
10.7,96.8034109825684,606.3305367458008,0.20069492923140989,355.666623336063,0,normal
10.8,99.20743342418504,610.8969098754927,0.19367947866611046,364.6943215731234,0,normal
10.9,95.31095046920812,616.1569753753786,0.1800986375324439,368.8042173748247,0,normal
11.0,99.50614791090385,616.7688627022713,0.19100153043533,365.0085157141513,0,normal
11.1,98.65559828066793,624.6467374963834,0.19921472373044166,364.4901601870649,0,normal
11.2,99.46231952890646,626.7390729025532,0.19075395117901073,372.2440889103126,0,normal
11.3,99.67431135345092,632.6517259122314,0.19475778340461725,366.21169777978116,0,normal
11.4,100.95794784703678,634.2549878289145,0.2085038965382013,385.4165962557688,0,normal
11.5,100.26211214664524,632.8005059140071,0.20139128217077415,380.6116466552721,0,normal
11.6,101.74966047039734,638.8924085695323,0.19647643076746288,393.900537248296,0,normal
11.7,102.91880337783438,642.0799389868224,0.18555019821299856,389.7630812494494,0,normal
11.8,103.10673510355772,643.0850160326305,0.17704371808864428,382.29668398714267,0,normal
11.9,104.19196528479866,643.3394596430609,0.20802361154277704,396.39059262826817,0,normal
12.0,103.93179422769458,651.7169730466874,0.18860127593976397,403.05933732157314,0,normal
12.1,104.56132190516693,651.0075522711109,0.19077947061134182,405.7767903491508,0,normal
12.2,104.46029581291063,654.4761954714155,0.1758933252778262,405.36115353893416,0,normal
12.3,104.40935175688014,658.3700731809693,0.20033530451991946,411.58213665677,0,normal
12.4,105.64103149623068,663.7075401053221,0.18166648245431075,415.03825954982653,0,normal
12.5,106.87840308729936,657.6759710631256,0.1954832351273434,422.0589040155959,0,normal
12.6,107.32952986826253,667.5710809581876,0.21638117842498739,421.88574036023414,0,normal
12.7,107.94131981972498,673.7766918580433,0.19586766274564713,418.1755164000077,0,normal
12.8,108.11053841455266,675.5419118085294,0.20276786569161087,437.83523655295244,0,normal
12.9,108.52330916155239,677.1251966719922,0.19418920369018666,432.6739326661378,0,normal
13.0,108.67879904695572,678.2903426752198,0.2040032116979186,424.6057290580047,0,normal
13.1,110.07438006754711,681.3653381813423,0.21846603814295085,446.57862049531815,0,normal
13.2,109.54894944669806,679.4071195290863,0.18740312074143523,435.7938403185927,0,normal
13.3,110.56129420949699,690.4896364642375,0.209954547064076,442.08692549372904,0,normal
13.4,110.58889572136177,693.3427917519441,0.20438629876207962,454.0786896256036,0,normal
13.5,113.35943888756135,697.9519940869401,0.21660412937477652,444.92210456864376,0,normal
13.6,112.68615739365215,699.4236069659573,0.19717595169579183,456.8135234859634,0,normal
13.7,113.34880573892721,693.6625211221733,0.20811218812465115,449.5223926042892,0,normal
13.8,114.5644838641167,703.9298945794012,0.1954956799548368,454.2725372384299,0,normal
13.9,113.80085109207887,706.1792425628107,0.18451411688141078,458.25721711055104,0,normal
14.0,116.18173893340753,708.1789859617222,0.21331863710177673,467.2173185239794,0,normal
14.1,114.98832263502779,715.1742940803229,0.21076307465042735,465.33874399999934,0,normal
14.2,117.38381217846272,713.5552571346324,0.19521944824964507,478.1338407963481,0,normal
14.3,114.97687068688381,719.4543653694475,0.21338421583707562,476.93277479427735,0,normal
14.4,117.74859558757534,716.7584890519162,0.20220007501223308,478.6987499400995,0,normal
14.5,116.61988862297386,724.0057414314178,0.21946817835839788,472.6855859111121,0,normal
14.6,118.81879491103432,721.897002507831,0.22610801706965267,486.51333673022066,0,normal
14.7,118.02247183060044,728.0122517884175,0.19621726048722393,496.1143749551344,0,normal
14.8,119.75295489075704,727.836622615277,0.20068573779130183,499.0666823609173,0,normal
14.9,118.66127210889161,734.8670822430571,0.21306977652210823,502.7001696128957,0,normal
15.0,118.82002040018106,735.7224174677846,0.2079069913060445,491.0588439581438,0,normal
15.1,121.53641672041901,736.5021256428294,0.19073833527193326,512.2723693063047,0,normal
15.2,122.14406262308057,736.779513269788,0.21907304638522088,499.01373061678163,0,normal
15.3,120.31414486112112,743.0870019396093,0.21158702986722064,501.66474818549807,0,normal
15.4,119.5026121452661,738.2760479792222,0.1984714477712044,505.53852716893914,0,normal
15.5,118.75106084480107,737.4284809142396,0.20240590179990667,503.7086496322586,0,normal
15.6,119.15042637561078,742.2805732880685,0.21992256538406404,501.0712067922651,0,normal
15.7,119.89276038827188,736.6912029357109,0.23363900175096058,499.149342581431,0,normal
15.8,120.54465263492123,737.4339960883291,0.1887173422497552,500.4538218937608,0,normal
15.9,118.53288058238469,741.4080660801563,0.1925165091977413,514.6743639366518,0,normal
16.0,118.56072927260041,740.4293973442519,0.1983151547170573,498.2092234072347,0,normal
16.1,121.67968425489946,743.295252832967,0.19397444145097598,505.12379874751485,0,normal
16.2,120.14561407865004,740.6297845189928,0.1953139817880764,493.0432278794123,0,normal
16.3,120.78343631443005,732.9834416483928,0.1935578879055459,503.0684971626371,0,normal
16.4,119.46707682216125,737.3253403481849,0.19923726150578583,506.62390697048545,0,normal
16.5,120.74285537753933,740.1857872736105,0.21895855247317172,502.4686392988852,0,normal
16.6,119.08041437200477,741.1190363389377,0.21012582045681735,492.9738800537245,0,normal
16.7,118.67340076344077,738.1548666683321,0.21826566953239643,495.85325693885204,0,normal
16.8,119.60246453922858,737.1783842961348,0.20247729418335053,493.9578962104704,0,normal
16.9,120.16248278925396,738.381453240077,0.21455095775739227,503.9406063298266,0,normal
17.0,120.23753306328052,735.6518256474027,0.19549210849241452,502.6107028852846,0,normal
17.1,119.9985666001299,739.0940739050166,0.18825547448269353,499.41345335251566,0,normal
17.2,120.52916118134426,737.5676072686296,0.21889734165230496,508.8722909082071,0,normal
17.3,120.47899952900927,737.0513072100151,0.23094093192753526,495.0068376570768,0,normal
17.4,120.04243549995887,735.9129333959224,0.21388087540983675,505.9358981567785,0,normal
17.5,119.58779031275654,738.3971514115723,0.20327272993795056,499.3373717905187,0,normal
17.6,118.65911789482227,731.9864032025785,0.2010679809019795,495.63329808972225,0,normal
17.7,121.36685198269221,740.5629338073574,0.2048984403790428,503.50947257762175,0,normal
17.8,119.48720049228425,736.7702026412528,0.19863424519185813,502.33926746347987,0,normal
17.9,120.46408220037064,741.604601927486,0.21466756998813624,494.24056139379286,0,normal
18.0,120.32917887328009,743.1464702727184,0.18818862272149856,494.83823117651747,0,normal
18.1,119.32796414785346,738.7867034945651,0.22113185417223366,508.1246741597855,0,normal
18.2,117.60505257166349,739.6771168338686,0.2076028716056248,497.82749585743545,0,normal
18.3,121.4711731100324,737.325504390331,0.2132914205030052,499.81191085892,0,normal
18.4,121.231133366612,732.9140914981239,0.21439982595247611,501.4909105065691,0,normal
18.5,122.65049916185225,738.4298503441069,0.23564612336418522,511.2959514500842,0,normal
18.6,119.2132986431278,739.4145934290548,0.1998585801521505,503.77061003010397,0,normal
18.7,120.89074575578383,737.6179343034535,0.2010284669357668,502.1385679637157,0,normal
18.8,120.49412634329965,742.6315058426275,0.20580382263828775,505.89811137282635,0,normal
18.9,118.43485054797868,738.8080139063208,0.21106976616633297,499.8797963163332,0,normal
19.0,119.92480862079428,735.8007199776639,0.220908017977894,500.29084037298253,0,normal
19.1,120.08597704585262,736.7926748608403,0.20076757109021096,502.5490039168684,0,normal
19.2,119.16679766633762,735.9432891551767,0.2071494562749518,500.14284882064,0,normal
19.3,121.37630728997638,738.2293358502098,0.23914940088231165,500.1911742147156,0,normal
19.4,121.6979531023328,735.2715649464085,0.18903554095625688,499.9045221122273,0,normal
19.5,119.41392692024348,734.7639748483081,0.21501080434855213,495.9682438348403,0,normal
19.6,120.45983310864024,744.9020402945941,0.19688309829414163,502.96884096038457,0,normal
19.7,119.54629116580509,739.6246925164631,0.22428230813826983,498.4516730641523,0,normal
19.8,118.36891925412728,733.9548134976528,0.2348993497672735,509.0929142522773,0,normal
19.9,119.8655142616021,738.4538571241733,0.2129024501613116,492.4055045070027,0,normal
20.0,120.38537153278187,733.9898050290935,0.2261975576411064,494.1155600596918,0,normal
20.1,118.14548654135999,736.1014095844687,0.20202035253879616,504.9595099826722,0,normal
20.2,119.23366686956675,739.8590428663554,0.1990614498860396,491.78223821619815,0,normal
20.3,119.60408831674276,736.0688306734403,0.23403849532502402,502.96012912361493,0,normal
20.4,120.55362300564704,735.7464446832932,0.207682544446878,503.9651715459259,0,normal
20.5,120.03880163773549,745.0215218460181,0.2213654562637409,493.2613574487624,0,normal
20.6,120.28931012866543,740.5915235730114,0.20596648214370697,507.5702359726684,0,normal
20.7,120.36454364795769,734.977919288162,0.221959001425007,501.6252175917322,0,normal
20.8,121.319570186295,734.6750592935459,0.197818515694932,505.42988744603844,0,normal
20.9,121.70612546342647,737.3121552047775,0.21448522004213832,504.820010183379,0,normal
21.0,119.86776587818893,737.5761807750044,0.2144562660877483,512.9776730838973,0,normal
21.1,120.51200148004507,740.1467912101908,0.2260465686795824,503.81307828763164,0,normal
21.2,119.0152168435458,736.7584260404772,0.2057320195260874,497.15727568503166,0,normal
21.3,118.78771789463507,737.2425414181064,0.20690449375912645,495.8900556633964,0,normal
21.4,120.67316516718327,738.751707446466,0.20111558205408464,507.68096748233506,0,normal
21.5,119.05685292362605,741.3985686864463,0.2106706222587497,493.865273906719,0,normal
21.6,119.1419386478989,739.1752058428857,0.20193261890024777,507.930437701608,0,normal
21.7,119.07913005484366,737.3980165321937,0.20829055072872402,507.69884109994916,0,normal
21.8,119.76017090003943,740.7816475340103,0.1944187847302938,505.71882251212463,0,normal
21.9,119.86990886223113,736.1936498097949,0.19731671680364,495.8482494262359,0,normal
22.0,119.12492026064142,744.7109861784952,0.21284970346317292,496.7036719426092,0,normal
22.1,121.6871776824288,735.2133707617196,0.20884219421362318,504.85262714850427,0,normal
22.2,120.03003945079068,737.2729972914846,0.19920964013440554,495.7513626287145,0,normal
22.3,118.4820309571689,741.9008389598696,0.2035194622364465,491.8145434416846,0,normal
22.4,120.35221360427047,737.0448706154941,0.20026788619507932,501.439659706991,0,normal
22.5,122.07452041356015,735.2612376977362,0.2171154774836901,503.30702545842774,0,normal
22.6,121.33193850306972,741.0345206501376,0.19312144407414494,506.1471650412226,0,normal
22.7,121.47129100441836,738.6004645949911,0.24464627261711588,496.2077908528392,0,normal
22.8,120.59176748972854,735.9644346300395,0.2024061407507564,495.54374478839117,0,normal
22.9,119.17649490318558,740.617018341398,0.18947121459019775,501.8821992761553,0,normal
23.0,121.90327088365056,741.405328115253,0.21818341106717165,498.6028267581991,0,normal
23.1,119.03194785304191,739.0697371087662,0.21247780362576899,503.847324368881,0,normal
23.2,121.32216148414918,735.8043384952482,0.2121784713895199,497.1303544650121,0,normal
23.3,122.87676321744456,737.6438653045936,0.2080889058191391,504.1575787203942,0,normal
23.4,122.43577308700479,738.994427562023,0.22091104688395322,504.2900755158822,0,normal
23.5,120.1000661024771,732.4840003391215,0.20387117043813754,501.038821869289,0,normal
23.6,120.48014302210761,736.1081222330394,0.21107708866005018,499.0616216357059,0,normal
23.7,122.02073280866765,731.6449226735891,0.220474889543245,495.7359910338884,0,normal
23.8,121.32562892114893,744.6817533781174,0.20132138509282593,498.372797761793,0,normal
23.9,121.31999035812055,745.2667777566381,0.1989345737487418,491.1305043122725,0,normal
24.0,118.19017059466341,736.8186687135824,0.23439691764608753,498.5938447503834,0,normal
24.1,119.43129227190235,742.2890008625462,0.20967525025809006,495.98436200594347,0,normal
24.2,121.59689756176067,739.8983163172928,0.2229311984726021,503.25468460395155,0,normal
24.3,120.40348565068072,740.8713817487478,0.2005574045457035,497.5921388479352,0,normal
24.4,119.12509216554515,738.8530725416707,0.2070129907579221,513.2000266604447,0,normal
24.5,117.12990279625413,738.7023934191512,0.21508553600628869,497.26956482013384,0,normal
24.6,118.79262839757682,737.5170848476124,0.18916282490648892,489.9031173203071,0,normal
24.7,119.51647201998043,736.4183201921473,0.214381647721863,496.47814514300984,0,normal
24.8,120.37095256747028,736.3794118079502,0.19840260888259453,505.0711276841351,0,normal
24.9,120.12328495820537,735.4445567504064,0.18936431820278593,494.6098904299493,0,normal
25.0,118.5925346053899,742.1222402908658,0.22129610468272337,502.24484639848924,0,normal
25.1,120.50714167377004,739.1205458035329,0.2135125961768934,495.7933324305779,0,normal
25.2,119.86749171055867,743.2678093566376,0.2049713780160468,512.8970082813565,0,normal
25.3,122.34789984947918,739.7499614873285,0.21213543009762087,497.490402750951,0,normal
25.4,121.58043337813882,730.8972846514054,0.21002368442757183,507.34620464710963,0,normal
25.5,120.66301292427254,732.9035281459892,0.2314195908479152,505.08121340737864,0,normal
25.6,120.07335748192125,740.1240021095306,0.23486663082533207,506.4909825435602,0,normal
25.7,119.03471539107551,737.6078297289176,0.21079619635696845,502.29087054666314,0,normal
25.8,121.06228538872953,738.3085409364165,0.20841167669306376,494.62139133179545,0,normal
25.9,121.2006472601482,743.0516247329358,0.18907295032771912,499.7743097282362,0,normal
26.0,118.90654072701145,739.133358262309,0.18950095971710054,512.5798774815746,0,normal
26.1,120.11345866248796,739.8414674299713,0.20699508299226008,494.4463329601884,0,normal
26.2,121.92560538280844,739.1066379075007,0.21049773219752502,498.61819176298684,0,normal
26.3,120.06494248406798,738.5741223668032,0.1981666958958155,503.5643224432793,0,normal
26.4,119.3542204640249,738.6234297460283,0.21249494793505297,508.67285986042907,0,normal
26.5,119.65684829810995,740.2875113028285,0.21222672044770508,504.386527156786,0,normal
26.6,122.65855313425575,735.7658781308351,0.20778345434019954,502.5049934831934,0,normal
26.7,119.75321334598394,733.4156574020762,0.22297411400873512,491.81118928264476,0,normal
26.8,118.78862355730708,737.6700914024112,0.20051897265380939,502.7792827751088,0,normal
26.9,120.91418153920826,740.1146516855961,0.21777947326808672,500.804601765879,0,normal
27.0,120.13059936980703,735.211212940172,0.21344818275415456,500.22610019520135,0,normal
27.1,120.49131806110891,735.9792131435169,0.20902152996150195,509.2189906492948,0,normal
27.2,119.98768870058053,740.7193696405767,0.21014688871442572,500.00123257213505,0,normal
27.3,119.35813402561209,737.606458005196,0.22830243931319052,492.9369526984924,0,normal
27.4,123.85806456323846,737.2425569129939,0.2157730445869873,498.004026758214,0,normal
27.5,118.58174085845792,740.1826157139092,0.19801542494275254,501.4698230298118,0,normal
27.6,119.31608231886564,736.2405489965322,0.22576017674414683,490.3350167281629,0,normal
27.7,120.78889011671217,735.5907842952015,0.22002026262492286,491.63703976905333,0,normal
27.8,122.49104465623135,747.6810735590632,0.2033736770073074,496.46502597887417,0,normal
27.9,119.6828269988409,741.2237693589226,0.1987218864658284,503.9037637651433,0,normal
28.0,121.71466684606533,734.5453129608807,0.22953856494656966,493.65059015811875,0,normal
28.1,119.36637040109306,735.5966876337465,0.22964409301772537,501.4168833198402,0,normal
28.2,119.9570926623997,735.8783141055468,0.20653688704159923,506.64243629928706,0,normal
28.3,120.1750976658728,738.0067113413326,0.20262088617569324,498.5495528913891,0,normal
28.4,120.00437356389482,739.0998671506778,0.19453544740827816,500.2921010017731,0,normal
28.5,121.92592166147313,736.5342972885377,0.22100535329532336,504.55410616095446,0,normal
28.6,119.13703200214721,738.0733384659349,0.18529615152414125,496.4723258807148,0,normal
28.7,120.53611021346362,733.8180784058853,0.2084380336118748,508.29770682714474,0,normal
28.8,121.18881986701746,736.8869722143045,0.2120795190486868,494.2253399906532,0,normal
28.9,119.41486236106647,737.0460038429754,0.20148567448914834,489.4862619788481,0,normal
29.0,119.52874714465476,740.362414595608,0.21813572130821746,511.5943111560038,0,normal
29.1,119.95356869257407,740.3410406415072,0.2236204493973607,495.76214000010015,0,normal
29.2,121.25652302566726,739.1452613378833,0.17885307834823447,499.4563677124457,0,normal
29.3,121.96445814682714,740.9198873310769,0.2113496883539626,498.1869898632836,0,normal
29.4,119.0848208388393,733.675002202937,0.19720813487031916,507.7228345090446,0,normal
29.5,120.00309947791233,742.6388905260935,0.2133101408606955,499.4328898798431,0,normal
29.6,120.00195804473915,740.3233467452861,0.19655027247572177,502.39200102183935,0,normal
29.7,120.64534478322456,738.3382648332268,0.20732871015081905,497.9578063759704,0,normal
29.8,121.40857458906785,730.8744722388244,0.19677503532592688,501.7291234989484,0,normal
29.9,119.56350054487298,740.7344663524904,0.19564201372907727,501.9897886840186,0,normal
30.0,119.35361071554121,734.0346729651305,0.19693713134119503,494.6405597525619,0,normal
30.1,121.67744846419505,740.63858633327,0.19912415984844958,496.2660307355886,0,normal
30.2,119.0114299751552,739.5305605029561,0.22646095864831156,495.9350795458638,0,normal
30.3,119.96899346135771,739.0815398772698,0.21159416189581864,488.6896368972795,0,normal
30.4,120.3288426286549,735.3217141002048,0.22392744241970444,507.95876392392773,0,normal
30.5,120.84392945917389,733.3078517363058,0.21815973041634917,495.78008802432896,0,normal
30.6,119.38415740277334,736.6745051052798,0.1987788851571229,509.9154087601168,0,normal
30.7,119.73621366235855,740.2547252072641,0.23130292190701887,502.0399621464188,0,normal
30.8,119.97039595542387,738.0106116130708,0.17915167128393428,498.44472816495926,0,normal
30.9,119.97811431050326,743.71364174848,0.20237733363017818,498.6052660839688,0,normal
31.0,121.18834723425462,740.9020713020157,0.21319241914267686,495.6347247054184,0,normal
31.1,118.60729241806277,743.7909596479187,0.20581007665293014,496.71608884728283,0,normal
31.2,121.66830261322113,731.2793398847867,0.21802836791921779,493.09611296585524,0,normal
31.3,120.79211337371254,740.4716446869982,0.19907832121440996,503.90813704159063,0,normal
31.4,120.4836060367273,736.4943215506855,0.20534124175447968,489.22292586944377,0,normal
31.5,120.8153835370307,736.680889735895,0.21480070493550785,503.9516188863911,0,normal
31.6,122.24575353225204,732.587990282147,0.19528164209797716,507.0656820982048,0,normal
31.7,120.5110777799522,735.1540281015006,0.2241618171278137,500.59678945048296,0,normal
31.8,123.3199496165236,738.3240739392941,0.21160071005722297,499.84350868033783,0,normal
31.9,121.69609658112476,740.5827360267784,0.20522250228144248,500.38987048233537,0,normal
32.0,120.59299441491028,732.0782421117286,0.20327381161327765,513.5817170067403,0,normal
32.1,119.08090655762943,735.3106607828912,0.20595863373477696,505.8663231580417,0,normal
32.2,117.98264131159381,736.4613921053924,0.21558233598543228,490.53014152066777,0,normal
32.3,120.77586071141559,737.2818689437465,0.19205605837863393,507.77621619544567,0,normal
32.4,121.57268337792713,733.4567182084519,0.22394748910740805,496.93525991637466,0,normal
32.5,117.84618816944578,738.7280812702954,0.2085576430521037,503.9213538773354,0,normal
32.6,118.79180185390194,743.7200739551232,0.22399170699736143,496.3045321781409,0,normal
32.7,120.03321209902899,734.8885158597902,0.22050594602194518,504.4330853897102,0,normal
32.8,120.01706502022705,735.1918512253247,0.2182711539197948,505.87579485943365,0,normal
32.9,119.97449981278066,737.3159829757958,0.20842445635843193,500.57561360717614,0,normal
33.0,118.32207138956129,740.1201211145349,0.20751684949268004,507.85674900006074,0,normal
33.1,118.2505840769206,740.5538715154117,0.19893705345787216,501.0604208946197,0,normal
33.2,117.54541050584723,733.9189215982105,0.20590585338732612,499.9317335652048,0,normal
33.3,119.38108131980736,737.5250411127597,0.2059424183832081,514.9033145612057,0,normal
33.4,121.11485077658638,741.1262915610938,0.21062479840962872,494.2017272546953,0,normal
33.5,122.32973296408764,738.6477831867885,0.2153978857556208,502.55129557297283,0,normal
33.6,119.31081417708607,736.499311444639,0.20959829719985654,509.709270824193,0,normal
33.7,118.70523544658877,735.4251809402008,0.22560801637104774,492.3395727241076,0,normal
33.8,120.80972565052546,738.4787710105242,0.20789001504439242,497.38522567837794,0,normal
33.9,121.61883512264433,737.7443046895999,0.18842939397483077,503.4853532626664,0,normal
34.0,122.19273792864999,736.0795066911521,0.2009637315110596,494.3594236689634,0,normal
34.1,120.54425730613774,736.6971808776395,0.21513812560017195,501.3800787604708,0,normal
34.2,120.08968147854948,741.4649062195795,0.20485653841594548,496.7202823655765,0,normal
34.3,117.47590573523021,733.9642819939288,0.18818152878721406,505.6092774884778,0,normal
34.4,118.81610997095206,729.6781331416694,0.228295418632858,495.7657821349746,0,normal
34.5,118.89593172920753,738.0555501795315,0.210203576950034,505.24196173671766,0,normal
34.6,118.34241592337925,741.4763322340523,0.2099647613957567,484.0557186841969,0,normal
34.7,120.5033633904217,740.0265383517828,0.20677613490714802,498.8017663696748,0,normal
34.8,119.30805928196364,737.313731435735,0.19145895331529278,501.64493415504217,0,normal
34.9,118.71300642911733,740.7649281695413,0.19584304581912435,496.5157447707569,0,normal
35.0,118.1112903584835,735.0911243345231,0.21442573438484083,502.9289869602628,0,normal
35.1,120.88281514662236,736.0719690080018,0.19854845613534308,501.8950268934049,0,normal
35.2,120.61303807428315,735.5547778107343,0.21519013846113266,508.6717518118523,0,normal
35.3,121.3925588060421,737.8268110306635,0.2087013532458214,506.63065395617417,0,normal
35.4,119.57495183115977,733.2599938603432,0.19516467177143917,501.24019063225495,0,normal
35.5,120.4544719846374,739.26619801076,0.2263883896621011,504.9616613217768,0,normal
35.6,120.92981293851265,743.4506567271429,0.21037957791815293,494.82792425103094,0,normal
35.7,120.90051753272475,741.151654003059,0.1938432980162005,506.880756791271,0,normal
35.8,116.91145017955937,738.8373487107757,0.21730296660109658,494.9108694969868,0,normal
35.9,123.05989819470923,732.5569427621859,0.21005347568497168,503.42272415209413,0,normal
36.0,119.9242969092759,731.3878778245243,0.18770581773406453,498.22496799340854,0,normal
36.1,118.64962517090156,735.4805756834,0.22058156943092813,497.43133664067443,0,normal
36.2,119.13246295274774,741.2111584368263,0.22578005409599064,499.421972234457,0,normal
36.3,119.69426982294891,737.4181702994821,0.19627764950349624,512.792470873353,0,normal
36.4,120.62498399777927,741.9973217371802,0.20470722288825388,507.83289668404615,0,normal
36.5,122.21550620274427,733.4247784898474,0.20128511115522738,506.7785104358298,0,normal
36.6,117.7788163562265,738.1670165906648,0.21308961462457698,498.4726324636068,0,normal
36.7,119.95184135593033,735.1696245762084,0.2290846263956665,506.78987478982276,0,normal
36.8,120.63631390758052,738.9736316000779,0.23440270032210941,500.7987349132145,0,normal
36.9,118.85824547455684,740.8840478217494,0.22280222776246797,502.4713606981082,0,normal
37.0,120.93953105326833,745.1100599918788,0.21475489767036549,499.72901298487204,0,normal
37.1,119.58014328457068,735.1779303645272,0.17970458197166267,502.3289284523742,0,normal
37.2,120.79105700007518,739.0905251905409,0.19808675718068253,509.3619944898014,0,normal
37.3,120.54650851962924,736.7078690674925,0.21137240154138434,503.1830496768418,0,normal
37.4,121.33004666788082,735.2355429522846,0.21244265671153673,508.95310385504047,0,normal
37.5,119.44862018233918,741.138226518852,0.18518022820114818,502.3565660429432,0,normal
37.6,117.01345797478758,738.2506399339151,0.21356901985575408,499.75582317104954,0,normal
37.7,118.14544916277563,739.2056006005033,0.22595975778568855,501.7426290599838,0,normal
37.8,120.75437113415974,738.0149820354569,0.18350323675250552,506.48489491395355,0,normal
37.9,120.72613164732718,732.8687800969522,0.20125765964349454,497.0453686167194,0,normal
38.0,119.76950201096145,736.1475847398874,0.19132022984565034,494.4082772321778,0,normal
38.1,120.5483870722536,734.6045190907811,0.22258264937184719,500.65360854826264,0,normal
38.2,119.51668549679282,734.5136296165738,0.2263155862365517,501.1716045983133,0,normal
38.3,120.54456094363725,733.111212651633,0.23130836646416852,501.21963072491457,0,normal
38.4,121.39088307106141,735.551820761922,0.2006079596914711,493.3088319289747,0,normal
38.5,119.09636314575482,737.1729554232933,0.1973250304970664,504.88943210810777,0,normal
38.6,120.21130788010876,736.6786984508703,0.1876482686464175,500.62911235339703,0,normal
38.7,120.20678548241216,737.4654809709064,0.22004214323417978,506.1729819394073,0,normal
38.8,118.96152736284259,734.8289324234634,0.20662444260208024,503.23056165492306,0,normal
38.9,120.90981223880638,737.5866878947677,0.22325128072606026,486.9913603346886,0,normal
39.0,122.4898336138283,738.2163866779581,0.2299431591539103,497.79250846968523,0,normal
39.1,119.87998678889362,739.5403654660628,0.21065438507595452,492.867246666687,0,normal
39.2,122.53211168302298,737.4156958777576,0.20875002881231428,507.3709286360951,0,normal
39.3,120.65706858458087,738.132729243381,0.22603512630297254,502.8540375105312,0,normal
39.4,120.32420553381274,741.2543213652734,0.21908502681705377,504.2358627932976,0,normal
39.5,121.11380620071954,736.0245158692724,0.213448712339576,505.2813791977772,0,normal
39.6,119.89886669189681,735.3125469429584,0.19362416290310897,500.95427610257275,0,normal
39.7,119.87907402257501,735.2604246942566,0.21936962204699706,501.8386569582053,0,normal
39.8,118.79230211389898,734.4002160406093,0.20895386432549623,496.32077014061633,0,normal
39.9,119.11460352845427,736.6010675200606,0.20721770394743627,498.2498553280553,0,normal
40.0,119.96990312923144,744.099326903098,0.2111196451655694,501.5444031483142,0,normal
40.1,121.07137851663052,737.2652441954887,0.19722212596754415,501.1173445592948,0,normal
40.2,120.91445683584337,733.4984328069212,0.2095660156113648,499.4720489898479,0,normal
40.3,119.21467282265448,746.0950164296823,0.19729828753753165,497.7697389630684,0,normal
40.4,119.82906394308769,741.6362875193619,0.23173162448606222,506.83967329095657,0,normal
40.5,118.88978112400677,737.7842648524546,0.21095972311241892,509.5182452538176,0,normal
40.6,118.25252343467717,740.6273332674689,0.21630011793773696,489.03181951050385,0,normal
40.7,120.38284222276921,735.1078550439518,0.20826788880883584,497.2843139537064,0,normal
40.8,120.24944002614048,740.8126861619093,0.2223372901891908,500.3924919525604,0,normal
40.9,120.96615595447945,732.5828991016567,0.20988912069553697,494.0811375765848,0,normal
41.0,119.99339394570066,737.2232736598093,0.19846748939885608,502.7086283467324,0,normal
41.1,121.48778425029977,737.6752166613416,0.19455426471147397,497.2523127557419,0,normal
41.2,119.40202636663516,738.7253289449068,0.18738333142688293,505.5374051285562,0,normal
41.3,119.52830558967666,740.3447686272624,0.20207898702224172,498.223396913895,0,normal
41.4,120.34150965356493,734.8070567936129,0.2126445170719301,508.3018421835784,0,normal
41.5,121.36052042970428,738.0685503149696,0.19874652130424944,509.9254880023729,0,normal
41.6,120.99172298130449,733.0156315407984,0.21953597761375976,508.23156587095394,0,normal
41.7,119.89614079207956,737.4310217252158,0.2086714607718925,501.08851362070976,0,normal
41.8,120.71400653215773,742.0158322155735,0.20681723453823656,503.0110836314861,0,normal
41.9,121.60318307675946,731.5474658002953,0.20734982354440684,501.06425626474453,0,normal
42.0,121.17329174906752,738.8809499652601,0.2075723314091161,506.19525899469045,0,normal
42.1,118.1074467485491,742.1985450296844,0.2115344887356404,495.8259581681256,0,normal
42.2,122.24253238638124,736.4377548665165,0.2041147972576354,491.06947263525973,0,normal
42.3,119.95677568732883,738.6273674733357,0.22714699294295024,512.3430754531149,0,normal
42.4,120.96055810047362,740.4154927386601,0.19024612228022733,494.8272316321825,0,normal
42.5,119.79796637358713,734.2355137389156,0.21047954760362123,503.54843065853197,0,normal
42.6,119.5820825366378,738.7724839150566,0.20879650684127443,507.9584347529317,0,normal
42.7,120.59782466316753,734.1561701286153,0.21526738350818114,509.77144168852095,0,normal
42.8,119.50831795201414,736.561458471693,0.20202096581220824,500.508758526519,0,normal
42.9,121.14833664199179,735.7624704950842,0.20147525969860872,500.188625745697,0,normal
43.0,118.60400421432385,740.3062542716015,0.1984250075916167,499.1193387879285,0,normal
43.1,120.4714050233025,736.5222088722263,0.204124275072074,496.5006009447216,0,normal
43.2,120.79969772366375,732.9140197376083,0.21293794216776332,496.14746265006556,0,normal
43.3,121.97342640081978,729.986970815305,0.21044292375238563,505.97375990610686,0,normal
43.4,117.37322270839184,739.0746092685346,0.191772042648592,502.91141138212606,0,normal
43.5,121.38733054629937,736.6348028782454,0.2003447488637925,496.99194517166416,0,normal
43.6,120.69715061807575,739.1679538007501,0.2136021824099251,502.8045944068447,0,normal
43.7,118.87940803472995,741.6559784723153,0.20591330933980387,494.95607547964454,0,normal
43.8,121.14953276088268,735.809378119183,0.20255753241821484,507.0721599835287,0,normal
43.9,119.49841094727371,740.4670289250371,0.20626333202037814,512.2426568147708,0,normal
44.0,118.49585666840214,736.4524822164204,0.21257037769003254,506.7647063719348,0,normal
44.1,119.55331293207432,737.3639597389505,0.20740411444764942,501.89745129912137,0,normal
44.2,119.82444442167942,736.8212743577064,0.21314949216480947,500.761586952837,0,normal
44.3,119.62946481911672,737.0126724260314,0.20698228050776926,501.654033174043,0,normal
44.4,120.69233521441734,730.151467584307,0.18449761486496555,506.2553731616384,0,normal
44.5,119.33343177979307,736.547973779356,0.21717045525990072,498.2250494167096,0,normal
44.6,121.17685105621234,730.2130026685131,0.19094535736261672,499.7904359831238,0,normal
44.7,118.02122923181774,737.946771303474,0.19012994407263642,499.78898360330925,0,normal
44.8,120.56079296659696,743.1310722626166,0.21672146791572472,500.60313459552094,0,normal
44.9,119.7840251826127,735.560266653547,0.2034737817326734,505.85803940512056,0,normal
45.0,120.6463168580984,741.3417453804843,0.20038572627000442,502.54101561956963,0,normal
45.1,120.82721752525511,738.4652731431328,0.21426655953490234,503.0423182435775,0,normal
45.2,119.12590218096386,737.1987272649384,0.21065431174693483,500.9705487607006,0,normal
45.3,119.66489081885072,739.6424260847676,0.2258419852948725,509.42543008355545,0,normal
45.4,121.88666117103529,736.7000901753883,0.1944548955999429,501.0986703245761,0,normal
45.5,121.49595789604733,736.5785089890762,0.18675996238893944,499.5913536566367,0,normal
45.6,120.33842677188949,740.4809224804854,0.2165239384768355,489.73577186780494,0,normal
45.7,118.24617640497034,739.1143022964226,0.20174762249617909,508.0203107844256,0,normal
45.8,120.11960212700129,740.4533024707893,0.21604974639906138,502.573269830782,0,normal
45.9,121.17305438396053,740.3509335190248,0.20625463173867106,498.0942913702478,0,normal
46.0,120.23083500988629,735.5486513467104,0.22489065431060346,499.59920451410386,0,normal
46.1,117.90460663709052,741.8187344666293,0.20286920345688753,499.8897751927565,0,normal
46.2,118.80001551299283,735.7678408921468,0.23171881368056557,498.04961971243057,0,normal
46.3,120.7633785184095,735.1100875903865,0.20938922311095454,504.66748292991883,0,normal
46.4,120.61538066400261,732.6683523955833,0.19888241248213673,498.51895019382823,0,normal
46.5,120.79240038661118,740.2019615129974,0.1797890769729054,495.5163750643862,0,normal
46.6,120.31537245047018,739.8609653655304,0.22145390732694667,505.3033622301368,0,normal
46.7,117.73450178658672,738.8480022405961,0.21592058970379513,505.8464762660938,0,normal
46.8,119.91331180749296,740.6204196101671,0.18542395068269685,497.8842670055154,0,normal
46.9,118.04323807051524,736.4101138661133,0.24428054964751367,487.76447277731324,0,normal
47.0,121.00617304883265,731.5597334057128,0.1891482352739568,501.2926608677616,0,normal
47.1,120.31078235778483,739.670670172133,0.1988987509477339,497.54803751625565,0,normal
47.2,119.99931696620003,736.5554274992667,0.21746852859194837,500.51407170045326,0,normal
47.3,119.79674469152063,739.122538492732,0.19648849584381617,502.208493787567,0,normal
47.4,121.74194092140891,738.2195944817146,0.20655234668567102,495.1256963034779,0,normal
47.5,120.10418733882888,739.5030676682209,0.22839924691384558,503.2432020824073,0,normal
47.6,120.45135543024875,742.9143368063706,0.20581927358155938,507.9763081084142,0,normal
47.7,119.73025601158902,734.153846218938,0.21749145945364104,497.75553311657757,0,normal
47.8,120.8674319657193,741.0340092170832,0.17915418132291017,504.8551260701276,0,normal
47.9,119.78660261939609,734.8587238551268,0.2112962280188765,503.4280594912282,0,normal
48.0,119.91519980149903,739.4710726678956,0.1986409307548016,504.0174640524345,0,normal
48.1,119.90419795946009,741.1601710746227,0.20556569615342538,500.8962968508363,0,normal
48.2,120.34908568037336,738.3817547608998,0.2162138984421301,502.495336883099,0,normal
48.3,121.71985196812757,736.6023218221449,0.19391464454858182,501.2132650305933,0,normal
48.4,118.23675600961776,738.8909087675938,0.2115231798569245,501.12522340540534,0,normal
48.5,119.14277531699973,741.1681206112421,0.22119522720527757,491.7715180516719,0,normal
48.6,117.20696312285872,738.7607958472545,0.20456829038500937,510.34589915284727,0,normal
48.7,121.13915542699804,739.6898181607072,0.21265080949594398,488.7776101946964,0,normal
48.8,122.5530004722771,733.5918715633732,0.21126670749442508,503.7045035661431,0,normal
48.9,118.85144987535891,736.969633706078,0.20968808866315877,499.29284589992153,0,normal
49.0,120.3674065139996,740.0306742606728,0.19461346972969154,489.98592575386033,0,normal
49.1,122.52914885759425,735.7781649810566,0.21265666723875998,513.3013522722542,0,normal
49.2,118.79883857030441,736.965882610682,0.19142190445820156,498.43188780463066,0,normal
49.3,120.62111665645455,736.4077168406894,0.20629025236939078,494.70364394055724,0,normal
49.4,120.65962102154879,738.0074907222022,0.20285494409892332,496.68853203931656,0,normal
49.5,118.90668520417333,732.6692125833213,0.20901444657664064,498.10527249238584,0,normal
49.6,119.93450180853003,733.6952885941457,0.20437855817828168,503.33126628886333,0,normal
49.7,122.37646532069184,738.2301609148258,0.2233588352161943,504.32048714814596,0,normal
49.8,119.84643474521964,738.844180007503,0.19433718051914606,488.5209523058455,0,normal
49.9,119.25194389171658,742.7107943415436,0.20291930991485596,503.97565269512455,0,normal
50.0,119.7982391103558,744.330335329616,0.18499199163731012,501.926087103674,0,normal
50.1,120.77297224929197,737.4007485767339,0.21123500529247402,495.0516426013756,0,normal
50.2,120.19173811588108,730.4074420550011,0.19716910115053948,496.95794667000143,0,normal
50.3,122.21760751469078,737.805266620444,0.21836321012938592,503.2028867584502,0,normal
50.4,120.67500810354473,732.7986836248755,0.20489990951641932,500.9008323092024,0,normal
50.5,119.73694758490602,733.5261033908554,0.20889404866081066,503.8915844955214,0,normal
50.6,119.55228038589188,740.8103212832826,0.21472203017863767,499.1503964400166,0,normal
50.7,119.88705185471782,739.4848591813875,0.2120480476497553,501.4470182894912,0,normal
50.8,118.57623347807156,735.0255802801005,0.19510615784088248,491.62362567064406,0,normal
50.9,121.42363464077604,735.4018269948806,0.20785764950072927,496.97170611855574,0,normal
51.0,121.00515112741758,740.9066019307775,0.2040551258772156,499.631325741758,0,normal
51.1,120.76365292323432,735.4782766344829,0.19991502667726888,498.2640585649135,0,normal
51.2,121.81896537943352,738.3806225298712,0.20146311460642838,497.3136646076445,0,normal
51.3,119.83182992159009,742.7411392357133,0.22316268780862017,502.0371938920016,0,normal
51.4,122.62600975529708,742.3664221256184,0.22003332186092273,497.3243021253008,0,normal
51.5,118.96771972836046,737.1723011555074,0.22472365092832916,503.011818689127,0,normal
51.6,118.61663063455599,739.5858821064523,0.20288257524576772,501.67388709473033,0,normal
51.7,119.98372593501443,741.7398110090885,0.2143924536321035,503.6889996116602,0,normal
51.8,118.65950916391425,737.9126511750709,0.20400146168510028,508.27361249089665,0,normal
51.9,118.54332867585569,736.6785770748903,0.2060644896886806,495.8998358315865,0,normal
52.0,120.619353798477,735.8895290463661,0.20733922466759447,503.3730499344089,0,normal
52.1,119.7700684577423,734.7069489411077,0.2171924493672486,502.2165883488593,0,normal
52.2,121.0900727883232,738.1115796984653,0.2022491715951777,507.7163283971412,0,normal
52.3,120.64378130291499,738.0501067074892,0.21035084071523769,496.4560279731727,0,normal
52.4,119.38532848060014,731.8561101173174,0.18157492573812106,494.23616979001207,0,normal
52.5,119.37688926547746,737.6143403666824,0.21701099103698104,503.7949854310442,0,normal
52.6,120.78210206382693,738.0959712993641,0.2217264189304951,494.0090639688814,0,normal
52.7,121.42686895856154,736.3116288527066,0.17778567978164497,505.53424541416746,0,normal
52.8,120.43290642231999,729.7921755647808,0.19479900697811903,503.4683092456865,0,normal
52.9,119.56878638926771,737.6293702012367,0.20026640634305432,497.3105652307581,0,normal
53.0,119.35853165768933,741.7805299287477,0.22406577282942508,501.0487911030255,0,normal
53.1,120.2609695093476,738.5684879808583,0.2129102495600412,503.25470651764397,0,normal
53.2,120.9465517235877,733.4595728339464,0.20755330331823893,487.6362698910164,0,normal
53.3,121.16860809506181,738.6276664660373,0.20516312153289779,505.01276477627147,0,normal
53.4,121.51223707188,738.0616677744205,0.2179584250928837,503.87134014263563,0,normal
53.5,121.40954699699206,736.6060465748553,0.20317868880435855,505.64719260620825,0,normal
53.6,121.02625313094204,730.2686067377921,0.2157129581951371,504.3778340366623,0,normal
53.7,120.47394017118289,737.2571493831623,0.2086018691814577,498.49308447753845,0,normal
53.8,119.73679895381557,733.7505467888061,0.20958418892850306,504.41537971710983,0,normal
53.9,120.40154037466316,732.998978473755,0.21415067373609412,502.36085752092293,0,normal
54.0,119.94687237727489,737.3397331566358,0.20145773906226536,487.64056773470605,0,normal
54.1,120.62607567946924,731.8232255230897,0.21937495971487472,504.13768466415894,0,normal
54.2,121.53952736667232,735.8246474131037,0.23995287686273617,494.3221292940338,0,normal
54.3,118.68996530838778,733.7483022891847,0.19134822328146697,496.39555271386195,0,normal
54.4,119.71523659091456,737.3107441544498,0.19945338801095217,499.94259250825513,0,normal
54.5,122.4093233857687,737.4609827788742,0.20731291827485537,493.0815453419946,0,normal
54.6,120.5494891322512,736.2177340405823,0.21357785576040647,502.43452059705606,0,normal
54.7,121.56921237876715,738.6966238767666,0.1999039929463972,500.0138127714114,0,normal
54.8,121.83628347499888,734.8218840776385,0.2084585156958428,498.82571669018677,0,normal
54.9,118.84574702872007,742.5961369382566,0.2106933264104615,507.7692625592628,0,normal
55.0,120.1241799168689,736.3790769274319,0.20380566436302994,497.46013170995286,0,normal
55.1,119.39688516982424,740.0230982141596,0.20875581520207073,504.9148853635694,0,normal
55.2,118.1045407439596,738.8836359407854,0.19109693215691967,491.10527582355314,0,normal
55.3,120.0837072439501,730.8958926122912,0.21365848777804133,495.3115495528671,0,normal
55.4,119.50577383575413,740.3347358605573,0.19127812935812402,494.079859044166,0,normal
55.5,120.57062836066183,739.1746902793728,0.19394129097835502,508.7153779332814,0,normal
55.6,120.64770677675354,742.7600713062881,0.2107908199449037,502.08828337906107,0,normal
55.7,119.96077585519551,735.4176793934097,0.21352681417893132,495.10706013665714,0,normal
55.8,120.62289713553032,742.3467362400713,0.20672781451316832,508.02541817666685,0,normal
55.9,120.51014498703951,736.0177836016799,0.2090592441107775,498.2910009862726,0,normal
56.0,121.15182195768683,737.8839936482758,0.20797485013389908,497.58775095285955,0,normal
56.1,119.3644252376647,736.968266859534,0.20377406410702317,502.819680011267,0,normal
56.2,118.43186179823944,738.181857483775,0.19319508719647216,499.64261881920044,0,normal
56.3,119.41495311057237,736.2455132748786,0.20416342276426253,495.1686633061537,0,normal
56.4,119.73685457963771,738.756973567082,0.18317890945971246,495.08863763427394,0,normal
56.5,119.2289582671517,741.3605387453099,0.2031505108381945,496.8180356797094,0,normal
56.6,121.9160059642272,744.8967236321141,0.22282928962494752,515.3523767261469,0,normal
56.7,119.79875463707081,740.8381115148936,0.2050096182761655,499.2483314813423,0,normal
56.8,118.39759563908467,740.9337029159612,0.21876523414385468,507.16429563883355,0,normal
56.9,120.64472481755661,732.3473203974845,0.222382681641145,505.53147667012166,0,normal
57.0,120.24144209658904,734.4508590970868,0.19744777568982902,511.61752827692015,0,normal
57.1,120.2950747644926,740.9857002416418,0.19467023138957476,497.35796656483336,0,normal
57.2,120.34663557985753,735.1588374048903,0.20116503488040197,499.644029537714,0,normal
57.3,118.10781945135874,732.3360124197281,0.20670790933439478,492.11917300672667,0,normal
57.4,122.07144868536507,739.0712296499688,0.20954407242579168,505.37689058413685,0,normal
57.5,122.77014004540057,742.5551519229832,0.2154739227269288,493.5258257350904,0,normal
57.6,119.10904408268365,740.0722443973214,0.20349591209097104,498.5778235294053,0,normal
57.7,121.2166927476165,735.5436332954362,0.2079420894975261,498.5203363776491,0,normal
57.8,120.70198937879351,736.6697677877892,0.1920588905032557,487.71046837310627,0,normal
57.9,120.70165780269217,737.5205255383889,0.19402487294602755,506.9284009696935,0,normal
58.0,120.89405874824962,739.6385932591212,0.2175289123284863,509.25699811518973,0,normal
58.1,119.6259809110614,740.2598422556555,0.21781371065710875,496.2399568250497,0,normal
58.2,120.77786268733401,734.8477654776902,0.20239578605631525,505.16766200074886,0,normal
58.3,119.73664097752344,740.4054363637316,0.1899509751824288,511.09105710596344,0,normal
58.4,118.86806057663276,734.4749971931807,0.19431016234075246,493.93063850377797,0,normal
58.5,120.47525839580013,734.1386510790383,0.20549191428161007,510.0928352627653,0,normal
58.6,120.11289093174919,735.7529659883912,0.2167952427784535,508.41134810587,0,normal
58.7,120.25565219023818,742.0080684392026,0.20924987758934352,500.73259103625327,0,normal
58.8,116.68950304387066,735.2008036081501,0.21679311507015045,501.2643243710396,0,normal
58.9,120.59352535879889,737.4560112393808,0.2055830533469794,496.18089584275697,0,normal
59.0,122.56238887491938,736.7298469009083,0.21035751379940693,497.28528123063484,0,normal
59.1,120.2335382255829,743.2774601772691,0.21950927580688473,504.0608681582547,0,normal
59.2,122.1996493393996,735.4625417144919,0.20056862386300572,498.8560979995599,0,normal
59.3,119.61430226376248,735.0170640570998,0.19890942528234054,495.5393401587866,0,normal
59.4,119.12527169476432,735.9243008278847,0.2069729714578505,498.495091384142,0,normal
59.5,119.6813123706172,736.6024990540855,0.23849630552765802,500.2481398862796,0,normal
59.6,120.89906490718029,738.3472824711058,0.2073658952377404,496.7005280122954,0,normal
59.7,119.56520760601389,737.3886183998585,0.2082930003196973,489.4725295653128,0,normal
59.8,120.30954317647264,730.3636497038013,0.22206674519447675,509.4693098298633,0,normal
59.9,118.08665593253451,734.1577717556187,0.21952192589356784,496.2860289556962,0,normal
60.0,119.01034365231617,740.5552371689759,0.19429282480979027,499.8886558068036,0,normal
60.1,121.7466502039608,736.8454735551866,0.20845726566195374,501.5852131935232,0,normal
60.2,120.51257871556355,737.2620747186336,0.22334887065144915,489.80834883913144,0,normal
60.3,119.58183346599245,736.6166278309427,0.21209043637616332,510.96035173855574,0,normal
60.4,119.40756795431813,736.7693862430795,0.22097823393846738,501.9467231258662,0,normal
60.5,119.83776755689323,739.5962672228954,0.18782392183469615,502.50488962887994,0,normal
60.6,119.69352114968063,735.0149573908486,0.22052615890679875,496.860870136911,0,normal
60.7,118.56987814368885,736.9922752843793,0.2066975165105506,494.4807235272357,0,normal
60.8,120.35030727505388,737.027676624487,0.2328804039944211,503.33792075826125,0,normal
60.9,120.51527824075555,736.5993040156811,0.20767477445446486,495.31742651800545,0,normal
61.0,119.5588637872463,737.8399388360514,0.2028167423231825,502.54732141404094,0,normal
61.1,119.68936944155446,743.0379655411089,0.22004614746438955,501.90996517345036,0,normal
61.2,121.12258457484296,740.7301223740833,0.20651277800099932,498.7052366226061,0,normal
61.3,123.2504684802261,733.9881333203211,0.22124628805273822,510.05745433414296,0,normal
61.4,119.65648571216576,731.5296209307807,0.19968459150277554,497.0961029160897,0,normal
61.5,119.11933315301728,734.3803884403486,0.1969294470142231,500.4790231678865,0,normal
61.6,118.94147271529692,742.6857772751022,0.2071494976998446,507.08435702051327,0,normal
61.7,119.74124731890035,736.0085157240059,0.20913357218884887,495.1151312403573,0,normal
61.8,122.49490681796465,742.9338645803463,0.20743491101414485,503.9943896477046,0,normal
61.9,121.29652792364489,736.5575108028173,0.2318293043111324,504.59513247205024,0,normal
62.0,119.27406623049895,739.961992957478,0.20018701591939414,495.1145616321455,0,normal
62.1,121.6772424591319,738.2729176545625,0.20539930697529354,503.53884032750193,0,normal
62.2,120.5364333878529,735.4387216098404,0.19758397653496387,501.9263152092986,0,normal
62.3,119.66651487487992,733.5683744979357,0.1910443007078385,511.2451913064299,0,normal
62.4,122.11328330512102,737.6639055978599,0.22348360987279062,499.77267831859064,0,normal
62.5,121.25653175944821,735.5246750605155,0.22419058434193626,497.34847260159046,0,normal
62.6,122.25688803504998,737.6755108028752,0.2144482010266676,494.59683221758894,0,normal
62.7,119.17512261746427,733.3765620379694,0.2281299767667112,492.7196392763386,0,normal
62.8,119.95809248314703,736.3514347345805,0.20528461206661283,496.33086885822166,0,normal
62.9,121.47747773136126,741.0246429385121,0.19982032287417692,494.5543259365614,0,normal
63.0,117.22059128191019,740.3303165291221,0.20288549209969245,497.71235621240237,0,normal
63.1,119.20024094629098,734.8497577940191,0.20678485665647262,494.8339451201187,0,normal
63.2,120.32046811103318,735.6297793452765,0.20420693019391545,511.3411071519131,0,normal
63.3,119.89310242676997,736.930799961205,0.20162601012755807,500.04025126888206,0,normal
63.4,120.65448053150467,732.8871199764327,0.2154523746265587,497.0587072054788,0,normal
63.5,119.75752922161658,742.1025739328469,0.21015604896808437,500.71360687114577,0,normal
63.6,119.9483066910852,742.6287706533296,0.21812133098023107,502.8901335485062,0,normal
63.7,119.44366732627466,735.2653285471029,0.20886526914879183,507.01225000175424,0,normal
63.8,119.68252007037117,734.3073453336114,0.20120934570500873,487.15161507456736,0,normal
63.9,121.97322972691305,736.1472115384133,0.23657896667122313,487.8060822767215,0,normal
64.0,122.02915504247338,740.7745075249086,0.2064291550310625,500.81177545028453,0,normal
64.1,120.66701689888893,742.8393984403023,0.2063918675315444,507.8949610388377,0,normal
64.2,119.11626576556421,736.9868588167525,0.19199278666982034,492.1407920156593,0,normal
64.3,119.39312445522673,735.3882198815459,0.18731555349911827,502.6195124633038,0,normal
64.4,119.15329003562188,734.9566682592437,0.2152790546827662,493.61634364893825,0,normal
64.5,118.98715807624916,739.9049841572851,0.2165739719692068,499.8861659403102,0,normal
64.6,120.81566022977236,736.9083364707533,0.21441191383436073,504.9290421491261,0,normal
64.7,119.14596848127303,738.5929918925415,0.22554480905161833,497.8497044496866,0,normal
64.8,119.77764047600847,739.014682906769,0.2037265192580042,500.3481922433482,0,normal
64.9,122.48686868300899,739.8239753158762,0.21466601809155328,511.85011527157604,0,normal
65.0,118.442132622982,739.0001347658589,0.22701554691993248,501.10469791322555,0,normal
65.1,121.35100225464656,740.4560669315399,0.23395363593394344,497.2096636027863,0,normal
65.2,119.62189882573698,737.5256484545903,0.1975722609472655,500.5637741253435,0,normal
65.3,120.8679695735817,741.4340337269845,0.20363780334350318,503.1252476601931,0,normal
65.4,118.25675709399644,737.6056961906307,0.2024422920990632,502.3014267748495,0,normal
65.5,119.43131325789568,735.0213793365858,0.21832810049930032,495.2879349474375,0,normal
65.6,118.11567649280565,735.442367112896,0.23201683007572735,501.46645048797797,0,normal
65.7,117.36868872624875,735.5457776810173,0.2092634226649399,498.20324060377624,0,normal
65.8,120.30306697692838,739.0818986168506,0.2134484616227928,503.37839926762797,0,normal
65.9,119.69576756604938,733.856914577251,0.20219422641895166,501.34944813918685,0,normal
66.0,122.09550871377499,737.7968289399821,0.20805782578200283,497.92491303642186,0,normal
66.1,118.77846577208041,738.8800802912351,0.19571000366059238,508.83198605624955,0,normal
66.2,119.80425506428227,735.2170095492229,0.21160902247401625,504.7685885874667,0,normal
66.3,120.1914221414015,735.301241838684,0.18012175416418874,497.76324798809685,0,normal
66.4,119.74416318048522,734.9956677007269,0.20952230104048786,499.280726746028,0,normal
66.5,119.84643531951768,738.2636742790488,0.19572567839306096,495.3891778777593,0,normal
66.6,120.7170001231959,743.2052671503876,0.2046646524374712,485.14985571048317,0,normal
66.7,121.19455315433218,737.8580279216155,0.20429330723210942,498.9603218039976,0,normal
66.8,118.19689670095076,732.5643763584158,0.2480994351625632,509.71692476055455,0,normal
66.9,119.8413423823331,738.2361113782301,0.19559037752356642,499.863898402821,0,normal
67.0,119.62376683650159,738.391336022994,0.22411094210480895,500.8640152298932,0,normal
67.1,119.79483824643428,737.067332394125,0.2090719442828456,500.470188602616,0,normal
67.2,121.1467639170131,740.4204702278018,0.20843157194271145,501.1257877783927,0,normal
67.3,120.6216755975217,736.720683513152,0.2045588354565058,496.23560529644374,0,normal
67.4,121.34899504625531,734.6265777583747,0.190643901811981,497.9858797874795,0,normal
67.5,121.42099122399523,742.3918240734204,0.18967087292496254,494.25579161999195,0,normal
67.6,118.80545279905476,737.0303566357619,0.1906457635540148,493.4800054406856,0,normal
67.7,118.99310418644102,741.0946778949598,0.20461343450927102,493.2057984416853,0,normal
67.8,121.64145028540041,737.7701575532526,0.21615652738388216,500.6748663697186,0,normal
67.9,119.51087760701279,740.0047356169291,0.20831427415275303,492.05330718499533,0,normal
68.0,122.1103371385226,738.7482944849963,0.22616164327577656,507.40038606266785,0,normal
68.1,119.07574841848191,741.9013882057455,0.21204022378902576,493.56200153615447,0,normal
68.2,120.85611916504052,732.5634933722739,0.21340205688190542,489.3485363632554,0,normal
68.3,119.57895309881764,737.371074339094,0.21086875989399032,504.1518526713753,0,normal
68.4,118.77633228819369,737.9087068347382,0.20593707959110194,512.9723571209805,0,normal
68.5,121.81394639614942,740.1863080607084,0.22648942589933516,499.7531444845446,0,normal
68.6,120.6343750099999,738.6106482103797,0.2098678809201443,494.9754234608212,0,normal
68.7,123.22574076861656,739.4126954617971,0.19543939205935384,498.8808315099242,0,normal
68.8,119.65386598659447,735.3527740205649,0.18424937089376617,506.81733705884164,0,normal
68.9,118.94074960127388,738.6090137243193,0.20890104907631565,505.90496533066516,0,normal
69.0,120.00191559889498,738.3580267816061,0.1904900626260062,495.9647354572986,0,normal
69.1,120.06469664158037,739.1809180017951,0.2208798213274632,492.1950105787721,0,normal
69.2,119.2127260284049,735.1478329501931,0.23033880742344792,498.1869380923014,0,normal
69.3,119.04354357989027,735.9787309046407,0.2100242088907679,500.87984469193697,0,normal
69.4,119.41496478306844,740.2154645469517,0.2012595518574404,493.45953739304696,0,normal
69.5,119.92068329468546,746.5921776619872,0.20798695194918332,501.824530787902,0,normal
69.6,118.09567755492589,737.4136658678848,0.22267689871009086,506.41414315805656,0,normal
69.7,120.62432607496842,738.3117036615454,0.2185467711308876,498.3080488035969,0,normal
69.8,121.33966369639455,734.904997131504,0.1997969531372866,506.7629295258723,0,normal
69.9,118.74790002980875,738.7699463612273,0.22181834660328037,510.95782603503966,0,normal
70.0,120.77159559603798,737.4116316075252,0.19796912835840333,505.7594022835316,0,normal
70.1,120.62774539455567,740.0322771069041,0.2060602358744586,501.14551272707115,0,normal
70.2,122.74273334030218,741.7855524005479,0.21810697736475934,490.8007256990929,0,normal
70.3,120.34803361414157,742.693984303349,0.20534015773150172,502.22099336968125,0,normal
70.4,120.38934513335087,739.0272033400544,0.21779564616121846,506.28328087469436,0,normal
70.5,120.59934289517795,735.8699889492317,0.1975762367976795,507.20034482538995,0,normal
70.6,120.16369685935115,737.0900682673641,0.2117728988679358,496.8518797477221,0,normal
70.7,119.76358845909334,737.5675360583747,0.1962731777077594,495.4213241850428,0,normal
70.8,118.31789893998304,739.2445399895887,0.2055808738754065,507.21139739688357,0,normal
70.9,121.26636421961226,739.1316620637967,0.21607823441910465,507.0380395412616,0,normal
71.0,119.67734362158086,739.236185492386,0.20183159834788386,499.33746037541835,0,normal
71.1,119.86214923110695,734.1782839406749,0.18757364980575092,498.0683171048051,0,normal
71.2,119.71594706316088,744.6636582337669,0.1969320534289798,506.6247399116471,0,normal
71.3,116.98412661266465,735.6660313642891,0.17306155091953238,512.4764096236776,0,normal
71.4,119.5358599238614,737.2544084295789,0.1998775934068758,500.55556745157,0,normal
71.5,121.01724847946967,732.305630993869,0.20873893259852175,490.06111963291625,0,normal
71.6,120.1090368336287,735.6204283883565,0.20354305150800528,500.7673406507886,0,normal
71.7,120.56726009619608,738.09928383776,0.19644064823051893,500.76942680599285,0,normal
71.8,119.67561444026182,733.4535611892629,0.19743603571508245,491.1202354547638,0,normal
71.9,121.63253612138377,738.1361822947563,0.22140927375110936,498.0752470168639,0,normal
72.0,118.69478070560547,735.1024968923052,0.1911389941344353,504.98709584505957,0,normal
72.1,120.58183862665805,740.4117906274881,0.22445493826424612,503.8301179104575,0,normal
72.2,121.56696220188958,735.1673765471392,0.2179878642361799,489.57092493945015,0,normal
72.3,120.59944282493215,736.1362312640192,0.21924562637152425,501.72176635594394,0,normal
72.4,119.97616044223749,740.1322780698567,0.21516110179777437,496.134320173069,0,normal
72.5,120.2526543417164,740.0094999775083,0.21815947082014064,487.2669954392755,0,normal
72.6,117.72127426984743,736.7605503913895,0.20532488269318716,508.3391215421915,0,normal
72.7,118.37738373026843,736.4358620201685,0.2087962471103601,499.43716623912,0,normal
72.8,120.06749937583152,743.4775387833193,0.20957421361001588,505.03782008463725,0,normal
72.9,121.55222874207135,735.9711678426085,0.2130424836786691,500.322122443827,0,normal
73.0,119.21538172901194,740.8086074943905,0.2193211603781269,498.8573959137474,0,normal
73.1,117.7839136575646,738.0652699379549,0.22673081330379918,492.80665605172345,0,normal
73.2,119.29325596378851,740.1435821790079,0.20242342382637038,502.42402199531494,0,normal
73.3,120.2117355150867,731.7949184567653,0.20342917139576044,503.51437852208574,0,normal
73.4,118.27793378081975,738.5704426459924,0.20367003191646238,494.884632668138,0,normal
73.5,118.8334654204018,739.7885591435906,0.2000424517218149,494.27506991856285,0,normal
73.6,121.45899421648453,735.7945912649374,0.2111155475255372,492.3987864065605,0,normal
73.7,120.88859233789032,741.6341536884746,0.21894896261404986,495.9592064796905,0,normal
73.8,121.64966141047776,737.4638425570489,0.22495377200559694,503.52933002126946,0,normal
73.9,121.13653389931073,739.8728218517906,0.1975844690722158,488.72955533895987,0,normal
74.0,120.1570743522713,738.8621381966271,0.20778032525031545,498.8252828667138,0,normal
74.1,119.42172234661197,740.4391733934816,0.1989552923164197,500.7392483749326,0,normal
74.2,120.86019807130369,741.0149760609735,0.22999063127433725,498.01124720830774,0,normal
74.3,120.04691994479148,741.2494789322897,0.2158772937931761,496.1572348052367,0,normal
74.4,119.37196111901162,734.5261520588091,0.2035539694929356,499.16736305654894,0,normal
74.5,119.9838587249347,740.6310022080985,0.18762353505573753,496.95233422703865,0,normal
74.6,118.30464576615644,740.9630671529255,0.19808062143064126,498.1890992155952,0,normal
74.7,120.82914503635645,744.3755676249654,0.1946257874249101,501.4287341154894,0,normal
74.8,119.90936922306368,739.3409117472323,0.19961652356795137,510.9791868032621,0,normal
74.9,120.52756371786506,736.0787589600227,0.20728307637780083,497.4733435190282,0,normal
75.0,120.59279961430856,740.5912816311748,0.22592801027146148,496.07097576860497,0,normal
75.1,121.20158326405641,737.3013390022252,0.20012264933475934,512.7774436614511,0,normal
75.2,122.35132050394566,737.5746643388726,0.19389387661547813,503.30791478128697,0,normal
75.3,120.31035716716171,735.1675750811568,0.19709182860919927,504.88404972210026,0,normal
75.4,120.14850787313573,742.6261546206468,0.193642235459788,498.8686778839887,0,normal
75.5,121.22139002491117,733.9939280619657,0.21336455362279083,491.29546804955817,0,normal
75.6,120.54669174099045,744.042915675199,0.18816532351305157,506.2278987615462,0,normal
75.7,120.18446585877817,736.1020441252073,0.2138104512074198,496.01867644076526,0,normal
75.8,120.14022658445965,737.8363838078378,0.19527280645757567,503.15124200380495,0,normal
75.9,119.3245980445965,737.6427448636842,0.20687575749205311,509.6900271434194,0,normal
76.0,121.37088359138362,738.2456823432318,0.2123620918824625,503.82421908542585,0,normal
76.1,119.92947710624524,735.6503808731826,0.21173418130472638,501.8708424438693,0,normal
76.2,120.7345511981555,739.9238851911776,0.21817108752491388,506.5956213449744,0,normal
76.3,120.23166284184792,739.1531176141103,0.2156891461044195,504.10626850972756,0,normal
76.4,120.79418152733685,736.1032303661505,0.22914413616038476,500.3464746128642,0,normal
76.5,120.40403127353068,737.6993355778927,0.20958311851651454,505.2884518470798,0,normal
76.6,118.98792253919098,738.557434338908,0.22652771748184278,506.2723165641032,0,normal
76.7,119.64459545896823,738.82343288522,0.20450305520376322,508.70623983297844,0,normal
76.8,119.39675887855272,736.3955939356775,0.2112584936979783,492.11277260610893,0,normal
76.9,120.27565035944961,738.1946930603101,0.21018881162904607,494.5562442514506,0,normal
77.0,120.49249955085877,737.0325110742591,0.2045215482057837,507.028186381244,0,normal
77.1,121.22153459797804,743.4094903799032,0.20925504759534894,498.75221574525136,0,normal
77.2,120.57345512239422,741.6540159018422,0.21016393379967377,498.1858128568123,0,normal
77.3,122.65400778406523,737.5613693825917,0.1986591857405564,503.0230835975015,0,normal
77.4,122.71144808319248,742.2336999331862,0.21300706173245185,503.80795416634663,0,normal
77.5,119.9124788754142,735.2051668785457,0.20230661776220377,494.28114907848425,0,normal
77.6,119.36488555700959,736.7269245626848,0.21530326008148826,505.33451582175127,0,normal
77.7,120.35709187462348,735.5284128076157,0.20553295522471307,496.2109038169268,0,normal
77.8,121.50525250343864,737.5555184297905,0.21948426286500353,497.33302283620054,0,normal
77.9,121.79168247265257,740.4654147561437,0.2220891633318619,495.3909369252126,0,normal
78.0,120.03476322830872,737.0330808198428,0.2236174659835191,501.1965929617666,0,normal
78.1,119.73710424465816,737.0028301058738,0.21717097514004274,504.05674093091875,0,normal
78.2,119.9519050406864,733.0274051005265,0.2121243095920702,511.9671831843967,0,normal
78.3,120.27003059295686,728.2642982723224,0.2014639392980129,503.63045293979064,0,normal
78.4,122.62615408515687,738.9954563338349,0.1968958827751798,494.0375280492098,0,normal
78.5,119.38569054477996,742.1365178883491,0.21583320510744813,503.55702371818745,0,normal
78.6,120.30583771743653,739.0201135517963,0.19748867428841999,494.2436619921319,0,normal
78.7,122.12328967978128,737.8628816158263,0.20287651032644238,493.93976806075284,0,normal
78.8,120.79742414692362,741.646627652501,0.1997674372811059,495.89638840088884,0,normal
78.9,121.81656141286064,743.4973315821012,0.20467678706488487,508.0854046647563,0,normal
79.0,119.72250327492664,740.6574457033572,0.21036399966255406,493.03473786406005,0,normal
79.1,120.57909848047902,739.2914923422278,0.19870704165714645,499.9401511819653,0,normal
79.2,120.86423447023472,737.0433362080622,0.20661251368022407,503.24821527074965,0,normal
79.3,119.06728797261368,736.026280869591,0.20966723535509332,504.25573675438704,0,normal
79.4,119.25626125668538,739.6956871461937,0.19635269739238878,501.97885773626126,0,normal
79.5,118.8749414954141,733.8064085620857,0.20482484290370903,499.1446548104018,0,normal
79.6,122.42053788548355,741.8013441867665,0.21007405398899304,497.116194922371,0,normal
79.7,119.7184030353513,735.7911899911077,0.20536554029128626,503.61992307213,0,normal
79.8,119.92093861209905,745.6503570221257,0.18532414828409607,504.76581637548026,0,normal
79.9,122.11774911258301,744.8002701706681,0.1999621699211829,513.8529203630853,0,normal
80.0,119.93605987885695,739.3515682572871,0.23607406525697275,484.7112175755259,0,normal
80.1,122.20010426142754,731.9136267787472,0.19542404921508014,502.437853866733,0,normal
80.2,118.75677057596347,740.1675756730548,0.20515728568787922,498.37836590048613,0,normal
80.3,118.93216710987528,735.2382572809528,0.2016732716045978,502.91954741142973,0,normal
80.4,120.28406655169073,737.9060296759047,0.20725446341783874,490.98181680519804,0,normal
80.5,118.0020426206074,735.3231840744932,0.20948233210192277,497.7477862195569,0,normal
80.6,120.03252333935642,738.631315599053,0.2086342356992425,494.3948080607112,0,normal
80.7,122.1169604419905,741.899657210975,0.2178663221179388,496.69463724979164,0,normal
80.8,121.09001203619864,735.278145580774,0.2049195918703346,501.7599752891877,0,normal
80.9,119.82006306364244,737.2252476795575,0.2027204989916725,498.70393773474115,0,normal
81.0,120.09113811335868,742.0419005739992,0.2133454719637728,511.3890585407322,0,normal
81.1,119.71248003681555,733.3458457508019,0.2222632303111455,506.5459824143314,0,normal
81.2,119.74467493376869,734.5747257888261,0.20893142992353117,506.71382458215743,0,normal
81.3,118.8870811872458,739.2978437988651,0.19612189398876828,503.0479441280718,0,normal
81.4,120.64075717700949,735.1901583745746,0.23528936758724925,496.7675995488989,0,normal
81.5,118.73475893270592,735.3478644363189,0.21247859415962028,498.9073225684614,0,normal
81.6,119.59925753313621,738.2374432728183,0.21867009583602284,507.01970531696503,0,normal
81.7,121.89689866911876,737.4402034685534,0.21360715995500706,505.1953210242794,0,normal
81.8,119.15807170195987,734.6427112726553,0.1955309069903754,504.53796064899456,0,normal
81.9,121.01661345542195,738.8057639788667,0.21659617523117491,500.9990255916933,0,normal
82.0,119.74037850115452,735.1149262027927,0.21220959030807332,497.41152304636057,0,normal
82.1,118.9496913078476,732.1142292957147,0.21392383128561065,493.1949055563039,0,normal
82.2,118.98444938091126,737.9090710682831,0.2186484690715696,497.6637682054037,0,normal
82.3,121.43124914254611,734.3243753422176,0.21162035778153096,492.816106894125,0,normal
82.4,118.50268507498946,736.2554811354056,0.18657070591778713,502.2723993715991,0,normal
82.5,118.75429078630597,741.4713503757066,0.20236453172709323,492.0564245709622,0,normal
82.6,119.56982025580984,742.9009733863325,0.2021844167258003,509.86289846683337,0,normal
82.7,119.94595326024836,743.8341183276309,0.18899186215271813,492.9007916879526,0,normal
82.8,119.28058395710526,734.0944627209713,0.2042398763504124,498.936175677389,0,normal
82.9,123.33048989117638,730.2448779493373,0.21610498355117558,497.72027320102364,0,normal
83.0,123.54400829298277,735.5096608791139,0.20742745505311552,508.6974992008225,0,normal
83.1,119.80235364725836,731.1947572162874,0.22319163198938913,504.9196184494097,0,normal
83.2,120.50163198104272,734.6997201756236,0.19147663376235544,505.814502513424,0,normal
83.3,122.17635050390639,734.6684366023849,0.21319156395961775,497.75620175214016,0,normal
83.4,121.89718370243286,739.6002020669272,0.19439298679762387,501.9584225906611,0,normal
83.5,122.48840927758604,733.8076545072196,0.1929980287462438,493.13390698832865,0,normal
83.6,119.10598517847463,740.1656708717503,0.19923739910137048,505.1106193276425,0,normal
83.7,118.56358000845141,735.1469371130709,0.1893953050884264,505.7867871945012,0,normal
83.8,121.98403909142634,742.5907960662305,0.19029580420000716,499.7419110972994,0,normal
83.9,120.36592503369404,738.5051104639283,0.2081943391982155,505.3486763853614,0,normal
84.0,122.28771517094896,743.4523409823546,0.1975492632371206,500.85101822955636,0,normal
84.1,120.0716914441847,737.2678108060785,0.2015693076345037,494.79567821649357,0,normal
84.2,121.19864133643071,734.053932483719,0.20387123640662497,507.8788699781684,0,normal
84.3,120.66998302590454,740.1774886755526,0.215996284006229,501.27818529872417,0,normal
84.4,121.96756605781864,737.7673600758675,0.1947817723361051,510.5846101239435,0,normal
84.5,119.61586988514311,741.6123719853065,0.20525311990196093,498.9598054372284,0,normal
84.6,118.34291623147097,734.9470053252352,0.19491873748558688,500.0701342431664,0,normal
84.7,121.55797068603316,734.8145062045427,0.21015112456077528,491.8758877525741,0,normal
84.8,118.61418080319017,738.7383207147391,0.20931158006081538,503.947303067727,0,normal
84.9,120.33185322078884,734.2977525882837,0.21206273604525874,496.14630499041976,0,normal
85.0,119.10718940944807,736.4561520454558,0.19389575028134218,500.2001027709823,0,normal
85.1,120.42582416627184,730.331625113484,0.21957126629701562,505.98959548668824,0,normal
85.2,118.5137533547796,740.0522281431752,0.2039245412077544,494.3367929696179,0,normal
85.3,121.73243130625374,736.7890151235317,0.19888447596137393,499.34297542988134,0,normal
85.4,118.60648569104245,741.9592850431093,0.21457142662207432,496.94550687439676,0,normal
85.5,122.04845610115878,734.5761268642125,0.20241277657310108,489.0372156448551,0,normal
85.6,120.83610693535216,739.1052488380226,0.2202972481713142,509.4167209549369,0,normal
85.7,121.89560573388935,741.0145378519353,0.21244068984068826,498.3434230720236,0,normal
85.8,120.31980417372142,735.2184267160158,0.21992503371025038,511.30796750704116,0,normal
85.9,118.99538799582135,736.1815653477105,0.21320282431428825,508.9969038414192,0,normal
86.0,119.05734753019163,735.3187289740982,0.21960062445433032,500.7453966621218,0,normal
86.1,120.33141515183881,739.3799064286125,0.2032537344985517,504.7492334445999,0,normal
86.2,118.46172881139616,734.1703683968177,0.1752793432582448,501.85923582957747,0,normal
86.3,121.74542733076747,735.9361243665021,0.18409716990769515,504.91517271173893,0,normal
86.4,119.30319620563459,743.236412433774,0.21391079975272762,501.56040108005556,0,normal
86.5,121.13982306803827,736.180608836437,0.2208665588312921,496.5698972554768,0,normal
86.6,121.73809906772995,736.6586460835904,0.2034197594075997,499.18704638460133,0,normal
86.7,118.46435009522096,738.1914995155049,0.19438882957557244,496.3543613573723,0,normal
86.8,119.15079288932853,737.288009126914,0.19780734924454124,502.98464750851116,0,normal
86.9,119.54520286584088,745.6151193982878,0.20491112516353796,499.6732255343556,0,normal
87.0,121.52569801721349,745.689241308137,0.2119296792867726,506.7452690666445,0,normal
87.1,120.98731460818082,737.8823625115069,0.21774973063192915,498.8874143160113,0,normal
87.2,118.2477004558393,738.7990555261174,0.18398441195091111,497.8115444923146,0,normal
87.3,119.49768510752054,736.9235380474155,0.20111672237007414,495.36168313433825,0,normal
87.4,119.68371718952528,738.93748598871,0.22734206654618794,497.73206830453205,0,normal
87.5,119.40634614553508,735.8727252451808,0.2063841864868613,497.95860880589026,0,normal
87.6,119.7692822027422,739.1528825573463,0.1826101838110979,499.4272770916923,0,normal
87.7,120.53003727468281,737.4634322694236,0.1960822592357582,498.69843797371226,0,normal
87.8,120.46551890797444,741.7906970833046,0.1914531866383819,502.41423164790035,0,normal
87.9,118.42935271056298,736.3231682163597,0.20432714398750398,494.70790063076527,0,normal
88.0,121.47951186475944,740.9116952678523,0.20843281587359283,508.84410003486323,0,normal
88.1,121.4039779111167,734.6491716772123,0.20450582581275406,499.5600298663915,0,normal
88.2,121.2104312531881,736.6193159307307,0.21379822280130553,495.7987352831856,0,normal
88.3,120.57503116607501,742.0306192657183,0.20573316209626508,504.2207607574286,0,normal
88.4,119.18914390788977,739.2257749486982,0.21149376315713123,495.1768977387821,0,normal
88.5,120.0340402351915,744.6072004212352,0.2276254340890598,503.32105769432724,0,normal
88.6,119.36358552871958,732.1392160470112,0.2179653655999022,509.10152127841417,0,normal
88.7,122.57923939726155,737.022127861027,0.1975624239988597,501.2731634550565,0,normal
88.8,118.50305280894396,739.8968617370284,0.19851962382537658,511.55044904191226,0,normal
88.9,121.4159116366897,731.8112942798587,0.19000998551750886,507.0718602075449,0,normal
89.0,121.13868667528928,736.7760909444958,0.20822949213593575,493.8998600773636,0,normal
89.1,122.39787473721015,731.5664346283241,0.20957808420791127,505.63108292014044,0,normal
89.2,120.42839512567227,735.1761047166725,0.20154768514233298,498.3017982660672,0,normal
89.3,120.49555244678898,736.5031198404528,0.20519774547609146,494.3123856817946,0,normal
89.4,120.77562830947713,733.714476964048,0.2192274765903989,498.39680082289186,0,normal
89.5,121.46082621357655,740.7451635327395,0.21387274941632797,488.03898739015347,0,normal
89.6,122.38708238184272,737.819158986469,0.18920033349487514,497.8994146753577,0,normal
89.7,121.12422876107223,738.9281140895263,0.22448009988205134,501.96281016867033,0,normal
89.8,117.54216599524287,739.2288549977758,0.20486114662460478,503.62357285572836,0,normal
89.9,120.7071034885084,741.8356701641819,0.2136026697345228,495.8900582228859,0,normal
90.0,120.83353552904337,737.1103905733006,0.2246716484291307,505.6066602259812,0,normal
90.1,120.3298477090217,740.2552094909196,0.2062270293264025,496.56787042185135,0,normal
90.2,119.67506617267273,731.8347356885367,0.22531377508471673,501.41480658416253,0,normal
90.3,120.86278756910161,738.7070516803731,0.22210709333529677,507.08391351133577,0,normal
90.4,120.72833729213092,737.8338108238805,0.21881916914751326,511.3744078414519,0,normal
90.5,120.69174051584017,736.8399611975242,0.21001002308795047,485.48904699872617,0,normal
90.6,122.56291557533814,738.4017045156999,0.21720595408428667,497.0613996184058,0,normal
90.7,119.74335606759018,743.9401071363559,0.21889764799810701,504.0382202944528,0,normal
90.8,120.26175926773371,740.703198821889,0.21508474733113245,496.1875312961064,0,normal
90.9,118.9093151362796,733.2325822904193,0.20486554324014866,499.47622348435914,0,normal
91.0,120.08790869067825,737.3467219984659,0.19658883905886287,505.67047274128197,0,normal
91.1,119.60400450632085,732.4000119435352,0.19220738931257486,495.93989034003823,0,normal
91.2,120.17311057360068,734.4274907804896,0.20027903757632717,499.16049849669747,0,normal
91.3,120.47145480105519,735.3666002497133,0.208476639153475,505.9672741434199,0,normal
91.4,121.35057283848276,740.0337473788993,0.19864919565543293,507.19737825242254,0,normal
91.5,121.54238934795956,737.7880947216555,0.22179229100057632,501.1362829616066,0,normal
91.6,117.81823310423223,736.9360689442466,0.1975809801911756,496.4166054947889,0,normal
91.7,120.50793725018482,738.6266859510478,0.21119982598686612,498.3372793454016,0,normal
91.8,118.50534329191693,735.6593295416809,0.21332617486235753,495.78004199105453,0,normal
91.9,118.29813102179621,739.3565731856828,0.2124510190442919,499.67635536636715,0,normal
92.0,120.06418341082771,737.788202932414,0.185293847191283,499.8726593743265,0,normal
92.1,120.61678959986112,744.8879410178379,0.20653498522219546,495.5597138345131,0,normal
92.2,120.38963741870819,739.3218497954638,0.2082741510360058,497.15092531579626,0,normal
92.3,119.58382427051032,739.0840798383276,0.20433108856379512,509.52616874145406,0,normal
92.4,118.65888832567691,734.4422544518187,0.20691626050341277,509.472104976344,0,normal
92.5,119.3148407594525,736.9243663980637,0.18544444615749833,501.54888546356864,0,normal
92.6,119.8894599964489,734.2158533378561,0.21230561928018768,486.4493195435841,0,normal
92.7,118.42609847699023,740.714223474606,0.1953545138826343,505.76487899196275,0,normal
92.8,118.69055862470948,734.4936289685396,0.20426147117226015,497.0696954947091,0,normal
92.9,120.05949776679067,735.2391633729166,0.1968555019815733,498.36266862573353,0,normal
93.0,120.52538577707404,736.3984874868437,0.21639551098724003,500.4596073153201,0,normal
93.1,119.4471689960483,737.2274804106828,0.18090458354172945,502.36902214815376,0,normal
93.2,120.22778265234851,738.2821848848718,0.1966029762337263,512.9315329548007,0,normal
93.3,121.2834919563352,733.7551645199648,0.20960327407658025,502.6478566645257,0,normal
93.4,120.81633447422145,737.001354668143,0.19325789878857777,495.9497617559887,0,normal
93.5,120.6338086423303,740.8591960612569,0.20832824851107398,515.9764541480392,0,normal
93.6,119.0143455726332,737.0605511772734,0.19294820491896297,499.6773953460107,0,normal
93.7,120.4553397793048,734.4157617716327,0.220445255065348,501.6869065260744,0,normal
93.8,119.27848419986123,737.7235318840062,0.21620937241361987,509.8456291626405,0,normal
93.9,120.37462719685125,735.6098623616853,0.20436741337317446,511.9478040334902,0,normal
94.0,122.56067041544961,738.3892981747937,0.21960185613086647,498.38152519322256,0,normal
94.1,119.63924438451032,735.8247744201635,0.2008637920288454,499.7117129754045,0,normal
94.2,121.3829493029495,737.1077893977694,0.2093474436281443,497.9510834993087,0,normal
94.3,119.49257173001004,737.4404248911053,0.18988796665755525,509.34806921613165,0,normal
94.4,120.23816558229245,739.8938002655558,0.19535562898164321,505.14250342348186,0,normal
94.5,119.56850284329052,737.3411566186305,0.19863979983305208,497.50690111293557,0,normal
94.6,117.50358463495259,746.4960676084446,0.19910853347568166,503.36130653505865,0,normal
94.7,119.42317601373111,735.1831244404757,0.20209502546128374,503.0945439871548,0,normal
94.8,120.99719538053772,739.6607826154277,0.1896618058114446,501.23707893815185,0,normal
94.9,121.01842523363449,736.8849688424666,0.2394655513381619,505.7753366003907,0,normal
95.0,120.15706705815437,738.7486832381289,0.1907429161580127,491.880710262958,0,normal
95.1,119.58691411839051,737.9378437959285,0.21410374340962796,491.635821035661,0,normal
95.2,121.56144785043475,742.715633334551,0.19902538039769183,505.4305850743206,0,normal
95.3,119.89119890051501,737.6069169516002,0.1993898524413686,507.9585829089934,0,normal
95.4,121.41031014380471,736.7718246908081,0.20144216326758274,505.99912577057444,0,normal
95.5,121.86152968266485,738.417515120701,0.22771300623009066,503.9060659833395,0,normal
95.6,121.35382995200521,740.012653743492,0.21797674266080838,497.74193560634416,0,normal
95.7,119.23919536385714,739.9462374813493,0.20592886804416516,499.1079878387542,0,normal
95.8,120.16965993012734,736.4341963985919,0.22307751383200677,502.8148669189402,0,normal
95.9,119.2452513898144,737.0076975590903,0.19498570904009477,507.6800840076318,0,normal
96.0,121.3158659783051,740.5935919353383,0.20858144688752264,492.39359595906785,0,normal
96.1,117.92155544896093,737.1378440708868,0.22600966156354835,500.0520925963109,0,normal
96.2,120.64599628536585,736.0777380917557,0.20018860362808583,498.70414816918657,0,normal
96.3,119.23404418784091,741.9197272733815,0.1919531486452134,501.3726470838345,0,normal
96.4,118.46012226229023,740.1383606848395,0.2384595807311556,509.82032200664867,0,normal
96.5,118.9712496383407,739.006266423431,0.19343557348957907,512.1589419918737,0,normal
96.6,119.52092003810705,738.4662723370352,0.1985239254662819,494.16157638437113,0,normal
96.7,120.11643833252553,742.4333830041721,0.24713945376648125,495.0275341941093,0,normal
96.8,119.39034565989537,741.6152557986953,0.20119357173890728,498.6288592221727,0,normal
96.9,121.2104705841953,740.1918760606825,0.215566477189848,494.31321797981917,0,normal
97.0,121.38952944875014,731.4459275377161,0.19629086526864667,507.6656309040028,0,normal
97.1,121.10610115195746,736.7504365804327,0.20330202373032427,503.5204302005351,0,normal
97.2,121.43361884456252,737.1049607723294,0.2070008595209084,505.78957471327647,0,normal
97.3,118.85151590315716,730.2635668353518,0.21538278785353995,491.1414585684787,0,normal
97.4,118.55837540764314,734.7216590743803,0.20197722731204984,496.1837947344822,0,normal
97.5,120.64668995912423,744.3683135670393,0.22262007641308776,506.255777287303,0,normal
97.6,123.03376122913113,736.5164161776762,0.21082085761120872,504.3929374613616,0,normal
97.7,119.23676772460333,741.0812755345099,0.20150545529829475,510.26558614643614,0,normal
97.8,121.9304866350927,734.8071799958703,0.2187920910582132,505.23515654417605,0,normal
97.9,121.19131939666971,737.3082498235985,0.19617982388819788,502.8543149793825,0,normal
98.0,120.18298611827275,731.5439735399036,0.22039902170251413,498.7951186926885,0,normal
98.1,118.4924759332266,737.3105199656312,0.22078839418630294,495.3940826970538,0,normal
98.2,120.44448222497944,742.298875885324,0.19334057616086134,505.05079092746496,0,normal
98.3,120.03250925527136,735.0905657363688,0.20113553549855667,497.37612566692235,0,normal
98.4,119.70899488504602,739.615245588655,0.2278789817939147,495.10294966933577,0,normal
98.5,122.13735955758075,739.257693828755,0.18663014509603976,498.20093586732025,0,normal
98.6,118.83727249713033,736.6729787316496,0.20996748967789156,507.44313003237755,0,normal
98.7,122.36109738607111,740.1322006137895,0.20973705064271247,500.19991180032844,0,normal
98.8,119.85366527635817,734.8338382412572,0.2109916941719967,504.44037511655586,0,normal
98.9,121.82781749150213,738.7584856853812,0.19622700707106333,506.05378623207645,0,normal
99.0,119.81358712826761,738.421941293815,0.19638165595194956,496.99885030902414,0,normal
99.1,119.74466259573514,734.0409123172701,0.23102823241591366,500.07195434840025,0,normal
99.2,120.30165333694228,733.2785432968269,0.2290664382188595,501.1088093909241,0,normal
99.3,120.13915817191811,736.378938235652,0.20728382210685872,495.29104620640726,0,normal
99.4,118.10894840273143,733.1693642701255,0.19164732391152964,501.2710272914648,0,normal
99.5,118.51288480581843,737.7712356616311,0.19819198436993585,498.6627130138577,0,normal
99.6,123.61247641618442,735.6262922262566,0.20473663545432205,493.9080493112922,0,normal
99.7,120.80124967454623,738.8484334241384,0.21141441695624844,501.45258612948544,0,normal
99.8,120.51586200163928,741.1530635172676,0.20771617220394217,505.5065235449815,0,normal
99.9,121.0270136192044,745.7910101549248,0.20113532913039467,500.04707672030463,0,normal
100.0,122.69858121010697,742.5606478626147,0.19202812800402114,486.9724470280654,0,normal
100.1,119.75700328304286,736.0483470626427,0.24340024977680327,492.66588599063886,0,normal
100.2,119.98891891215438,738.7585543018989,0.2073308964444252,495.83489026013274,0,normal
100.3,119.64162339909949,738.6962229863649,0.21863597538558596,499.8849762945267,0,normal
100.4,120.1311209130958,739.5739349034795,0.21382128171446266,499.9902572672887,0,normal
100.5,122.0052419248725,735.3363601275271,0.18987099759009396,502.2622625656684,0,normal
100.6,120.22407343586472,737.4004241150041,0.21323526155065822,506.68500943811915,0,normal
100.7,120.92396962628187,738.449809434489,0.2094273928410413,489.381821440334,0,normal
100.8,118.57424247458898,733.0675716246187,0.20560934179674517,499.4480452581262,0,normal
100.9,121.3071658487648,737.7056184060023,0.2416599896298806,496.02573961825163,0,normal
101.0,122.22163166291766,742.0439636655328,0.20492631779725065,494.7678566496933,0,normal
101.1,121.17678545201818,740.5509729649399,0.22001003323855353,498.74957302887987,0,normal
101.2,117.92503183647982,742.9302121485692,0.18953075537920497,509.70113734667115,0,normal
101.3,119.80549077437722,731.0054550393837,0.21487003664368198,503.73159388091824,0,normal
101.4,117.75564233141023,734.8478794712985,0.20384026018457826,497.79429685218815,0,normal
101.5,118.59925750583659,732.767131097968,0.2114294841506111,495.55038149215505,0,normal
101.6,121.05109982191449,739.0287372319103,0.21918023815059196,515.5641381406157,0,normal
101.7,121.39915774689531,734.1561516684055,0.21109048576521688,511.5770089210145,0,normal
101.8,118.11010171311088,736.3093398443351,0.19281324135476507,502.953844534387,0,normal
101.9,119.63042444344906,741.7618074475047,0.2198509911883468,503.6662431997678,0,normal
102.0,120.05647311149954,738.7134024404004,0.20419209498331986,498.9275459205851,0,normal
102.1,119.16646683497567,738.0233213544935,0.1853723460542532,502.8548334343231,0,normal
102.2,119.03262517590787,738.7439478860069,0.1920967729434629,507.05622146181895,0,normal
102.3,120.4516959691241,737.9183124977118,0.21698471444120332,503.840745902216,0,normal
102.4,118.58112218321207,743.2099666550697,0.2023665271693596,506.001628206631,0,normal
102.5,121.82815396690147,735.2693815511352,0.233902857960511,498.13586439752413,0,normal
102.6,119.36188619572512,739.0781885371221,0.2219773411453749,489.2139858502786,0,normal
102.7,119.68601299973741,740.4366692407001,0.20759422061122973,505.5212887456145,0,normal
102.8,120.71754250839534,738.8465281706348,0.19110009074822368,503.6230149766846,0,normal
102.9,121.59805905892371,738.6177802565381,0.21859045167782581,506.3141180894281,0,normal
103.0,121.79643014820229,738.2360878272779,0.23173066593791156,507.3054732319863,0,normal
103.1,118.94234068956573,739.2934478252171,0.2264773534541887,499.5835714868091,0,normal
103.2,118.72378980675184,736.4980095158713,0.19606427458534623,504.97124151533757,0,normal
103.3,120.88607130110476,737.1639902158831,0.19804991106265163,498.4415431070644,0,normal
103.4,118.47424059884716,730.7033504823056,0.22871326966754266,498.24824842604954,0,normal
103.5,118.98417551111014,736.9415832986859,0.20374115680897925,493.77621660262844,0,normal
103.6,121.24006595428163,739.2007303198849,0.20785996618393665,502.9036164713348,0,normal
103.7,120.25593857930272,740.8655314760672,0.20721317615527368,496.8303438415004,0,normal
103.8,121.25778996630476,739.1978222795327,0.1969704836506759,503.68368747512307,0,normal
103.9,121.28879252084052,745.2127335389417,0.19624252683127577,497.58311348646316,0,normal
104.0,119.58551508652238,737.522187910925,0.2020241830167081,494.001646407918,0,normal
104.1,121.58846939530254,736.5799103405678,0.21074025007814498,505.6954597926988,0,normal
104.2,119.23330075816929,731.3936604229017,0.22366309025291828,492.43283037994973,0,normal
104.3,119.06791615596147,738.8797048746202,0.19557847983791893,495.8864111413826,0,normal
104.4,121.84777445057829,741.0542574969047,0.21794036359744787,497.3434905563437,0,normal
104.5,119.18103587390299,736.1751601785659,0.20678338181050582,510.3526133828591,0,normal
104.6,122.67162164857714,732.5462433123128,0.20573067653081856,499.0659138818872,0,normal
104.7,120.38955553955566,741.6526108367638,0.19529649964837872,503.91900959886954,0,normal
104.8,119.47457608196987,737.024868772665,0.2056508961233229,503.99464241518945,0,normal
104.9,122.51404567811448,741.5670035817454,0.22313592557608472,503.0599503411898,0,normal
105.0,119.59916505556606,738.5495281764786,0.18836445311272582,497.41790427873775,0,normal
105.1,120.72489344153983,731.5054976412415,0.2213404810978766,500.75487983563715,0,normal
105.2,120.87578544229741,746.238687571451,0.21431907848637385,507.6290837784372,0,normal
105.3,120.78116863256135,735.1825007764996,0.21327301068264104,506.1038963897697,0,normal
105.4,120.47267688255901,738.062182182682,0.20560937044227934,504.18037597812304,0,normal
105.5,120.3022323113476,738.0623580818107,0.19274627752898374,503.79866648685794,0,normal
105.6,120.39677335302896,736.0089362904156,0.23242866189047437,501.9348971006446,0,normal
105.7,119.53127997776875,734.2034780908851,0.2148638812581818,495.98143269290335,0,normal
105.8,120.31147786692536,739.3302920006498,0.1905391601694911,503.03412412647805,0,normal
105.9,120.84504378901529,743.230945524931,0.19481620135743685,502.47369239615074,0,normal
106.0,119.39261119257633,740.3755574360074,0.19883273201408264,497.50641369765947,0,normal
106.1,120.5394355745147,735.0407495835329,0.19295673988972725,509.6095700936182,0,normal
106.2,118.51524425581712,735.5069359195053,0.18230534188203623,507.58368502044885,0,normal
106.3,120.27207053603061,733.8347388505392,0.18196780105598118,512.7985318130907,0,normal
106.4,119.28932096861776,738.7461394817964,0.22481301918371116,505.4598153055689,0,normal
106.5,119.26605835085414,739.6329714123392,0.19187858873975103,492.598161294286,0,normal
106.6,121.22078893191893,740.3645874921475,0.21871370133546217,492.75362499499937,0,normal
106.7,119.43668806326336,742.5474565985784,0.21494634135428287,505.7447881947425,0,normal
106.8,119.55411590880323,738.2141887915594,0.21021236735473514,497.25043478362943,0,normal
106.9,121.8273710040716,740.9051999737736,0.19864539763359235,490.5410905504626,0,normal
107.0,118.33925459799445,731.5260326607582,0.20568707962669722,503.390051986021,0,normal
107.1,118.84920861667415,733.1679436678764,0.2048288422062077,508.4453437668785,0,normal
107.2,119.28768296228633,737.564678498184,0.20981194310699988,501.6793825704114,0,normal
107.3,120.80592477194631,733.1293950431891,0.1918862184371252,498.54229850891204,0,normal
107.4,121.51766891878691,737.685173803535,0.21928019270937407,484.65530297330145,0,normal
107.5,120.01288414189753,738.58623485254,0.19383314609492144,492.58731508125925,0,normal
107.6,120.26417138763739,733.7074923591603,0.2053536501439012,503.76826732173953,0,normal
107.7,121.52206816502544,737.7530607049364,0.2020600298531233,488.3927116710542,0,normal
107.8,120.92864391555315,739.2988828838377,0.20585562059972098,498.2950712675273,0,normal
107.9,118.69755345800102,738.733395913356,0.21449323200217338,502.8197661518043,0,normal
108.0,117.87254209809286,743.7600666229698,0.2099479751767,505.59325263836155,0,normal
108.1,120.46533133762054,734.7039499114965,0.22113614502580373,494.7977256460296,0,normal
108.2,120.00458592429293,735.2506541866795,0.20728057475593434,493.51642962430094,0,normal
108.3,116.33280771238273,736.5251514445814,0.2096448573441431,501.7732253468739,0,normal
108.4,120.83224466615589,738.8628032405059,0.19817069871644033,507.9164597308777,0,normal
108.5,121.31530908406994,737.1155337778305,0.20864738933119212,504.65941598515104,0,normal
108.6,119.2252869642296,740.533057926495,0.1971144326946014,506.69552400172637,0,normal
108.7,121.38457779667635,738.7479720503987,0.21300103527207753,497.0439043301353,0,normal
108.8,119.73615228030116,736.9695751497455,0.21241402559631628,497.71178165256583,0,normal
108.9,119.4877404902111,735.1703213198238,0.22860413278155226,506.6620071716766,0,normal
109.0,120.14480009190225,735.6381522655734,0.22677251959886421,500.2087013130255,0,normal
109.1,120.39738998074452,738.5117872691054,0.1940708178569434,512.1993650871882,0,normal
109.2,119.9055545414086,739.1073438960954,0.21354965478077162,494.13162384661763,0,normal
109.3,120.5991588663693,736.1715876494168,0.21311757689676403,496.23478190401204,0,normal
109.4,119.54260808592079,739.8001704159401,0.20060441567881138,508.23135221380625,0,normal
109.5,119.320007165015,741.8211947493237,0.21458154025440968,503.74353785631956,0,normal
109.6,121.10084309388156,736.9906673922385,0.20918647143216118,509.329597906303,0,normal
109.7,120.32655409264545,733.3849052754355,0.2060770342063693,507.7591291864964,0,normal
109.8,120.27812997091793,737.9365726971099,0.2048167830526876,507.00332019807195,0,normal
109.9,118.77435340007995,735.7519144734543,0.18773278788792588,495.10770329780314,0,normal
110.0,120.97844980375847,737.1852419280589,0.21746588672219766,502.9968316774514,0,normal
110.1,120.77059769008932,737.9070657137568,0.19787033376024718,490.35859327749296,0,normal
110.2,120.56470550053719,730.2053995387524,0.20690950192471624,492.53923476178386,0,normal
110.3,120.88338904688189,736.19153063777,0.21504806654674777,502.2886978589489,0,normal
110.4,118.9881709375064,734.4322393253092,0.22266619966903892,492.6967649638665,0,normal
110.5,119.78150004708444,738.4074508866178,0.2025562260421285,496.21552852165496,0,normal
110.6,121.5585222322721,738.3093470041092,0.20595340954236885,498.5194257596133,0,normal
110.7,122.69079031689802,735.4947607120013,0.21785452805573377,502.5703796544274,0,normal
110.8,119.2194082576877,739.7581246999843,0.22813185516918782,499.8654792306538,0,normal
110.9,120.35799024143475,741.9621622342443,0.21722203392979278,502.11877437402524,0,normal
111.0,119.4471810985705,736.9839160773107,0.1961557695750837,489.0629214473387,0,normal
111.1,117.8131083647666,731.2859993765488,0.1996072023809085,492.530200074444,0,normal
111.2,120.17551454491984,731.5232429246547,0.2070814437787586,495.6340133592558,0,normal
111.3,120.0499478243136,734.4403792421275,0.22050307587449083,500.0581479546268,0,normal
111.4,122.80650802542284,741.3475710215397,0.19322887323356935,499.8712900093003,0,normal
111.5,119.22271113591232,739.7985352982727,0.21571967791652152,499.3354307871563,0,normal
111.6,121.32923134328266,743.6665650881378,0.2120081716032876,506.4662292466628,0,normal
111.7,117.5952542154413,737.2791249561827,0.2116544192561334,502.71203594523695,0,normal
111.8,121.2146893457822,734.9547678603861,0.20196456937885116,509.2446408838291,0,normal
111.9,119.9267598750079,734.8788552523549,0.1979880538819753,498.3928322937599,0,normal
112.0,117.1533170833143,735.8589283302695,0.20995752452359112,499.6142839137499,0,normal
112.1,121.31756347542894,739.245622563387,0.19655201647866405,500.141482060924,0,normal
112.2,122.0354480927483,736.6238116289867,0.1993706146561874,491.4432233241452,0,normal
112.3,120.48629863446419,737.8367596002655,0.19228587304305697,505.1480709029943,0,normal
112.4,119.12958339953987,735.0289253683582,0.19408511246215787,501.46940739106793,0,normal
112.5,121.72224473533225,736.8072372274123,0.2155195819297024,496.55093307495986,0,normal
112.6,119.56132569067358,736.0090852316623,0.2134803237662503,499.3295994057366,0,normal
112.7,119.9705786707392,740.286878549438,0.20032859750487098,492.3269920578036,0,normal
112.8,120.1113945158558,737.8252866801187,0.21034569712690238,500.20291486593965,0,normal
112.9,117.8603415655004,738.591880696773,0.2055149563480121,499.49213020303466,0,normal
113.0,118.00062489387462,739.6935944352666,0.21836952450737246,498.8602107121219,0,normal
113.1,119.1193549779875,731.81140475472,0.2238645194568749,491.3096111304101,0,normal
113.2,117.33824416697242,742.2472658158841,0.19876644509002622,507.1881637277547,0,normal
113.3,118.74342028496729,738.8367319697525,0.19271407683193986,504.7211779653325,0,normal
113.4,119.05384366232579,736.8874975900485,0.20624146127256915,497.1808609075774,0,normal
113.5,121.27309645131875,735.8603751026885,0.23404581681019943,497.11096485817785,0,normal
113.6,117.59082105865848,737.4090744197898,0.21855344794000464,503.59666235535633,0,normal
113.7,119.49297979359173,736.6231717971654,0.19632437309827608,501.64036293829525,0,normal
113.8,120.60221435811516,737.8240801273915,0.229294099160881,495.10351922228114,0,normal
113.9,119.79989734047456,731.9816379673002,0.18021689389398496,507.5964322494627,0,normal
114.0,118.1567284181353,738.5014176852058,0.20921743124903555,503.9685575026052,0,normal
114.1,120.53391929108457,737.0567340696756,0.1871471544823234,506.13516656215484,0,normal
114.2,121.29637143370694,732.8272197398054,0.18118308537139755,498.19001929320143,0,normal
114.3,119.30511016901102,739.2950962243112,0.2378778639811604,499.76622408316615,0,normal
114.4,122.2421445707319,735.9128779183753,0.21278977161019025,510.4051249099528,0,normal
114.5,121.34622916479267,728.0133800676434,0.21213567663669688,494.9527385011554,0,normal
114.6,118.42303453686824,742.3818951860717,0.2179525407839319,499.5817561219713,0,normal
114.7,120.2437100070836,734.7262722054639,0.19754587531177414,496.4674238057086,0,normal
114.8,118.72034090015958,739.4373537231935,0.227655710526899,494.7348345163835,0,normal
114.9,118.28988357984953,736.7533818687984,0.19803238465257558,500.9579166817903,0,normal
115.0,119.15904263167108,741.4977401384028,0.20438260972990677,508.6442080362456,0,normal
115.1,120.10156959136225,733.8229400593672,0.2061764752639292,502.71812812962094,0,normal
115.2,119.23360267493126,738.9595767109457,0.2218325784433767,493.6969186974873,0,normal
115.3,119.89161440327166,735.770404214646,0.19734783736269804,501.15426381810124,0,normal
115.4,122.27823057601624,736.424447003188,0.18168277266948915,503.5312835536562,0,normal
115.5,118.09414966106779,743.5960997776747,0.2230087281335601,501.3671208938644,0,normal
115.6,119.59853933839334,737.7620062653235,0.20250343210511637,492.6328139382405,0,normal
115.7,120.26636187023131,739.5505492436199,0.21973276095579267,499.7132652645324,0,normal
115.8,122.76943303330403,740.4470020709041,0.20462039040650645,507.46754202089835,0,normal
115.9,118.28896189495357,733.3108127869857,0.22571334394397616,495.99406161076973,0,normal
116.0,119.82401922935955,737.7579886587316,0.20356528466948348,503.869296628705,0,normal
116.1,122.34576397958452,736.5838949884545,0.19973855444793207,494.49307004440914,0,normal
116.2,120.9405829838089,738.6161587304528,0.190265348069545,510.95419031377514,0,normal
116.3,120.95136281261313,734.9455263985254,0.20343376665053264,501.0063955282031,0,normal
116.4,120.37656846551602,741.1340243057172,0.2070957679037872,502.4268072361589,0,normal
116.5,119.58837795961628,746.0507817478183,0.18938159016572864,501.45927286668586,0,normal
116.6,120.0377007330391,736.4429671955218,0.20137958786200183,499.60350060361435,0,normal
116.7,120.10257386883897,735.852158381158,0.20380219863176433,495.1931785314358,0,normal
116.8,118.48434221053931,736.9986848159622,0.19318083875579686,493.02325625734954,0,normal
116.9,118.55637421855005,741.9430086966058,0.20772559900157464,505.5167977571712,0,normal
117.0,120.16123850245943,733.1442709302842,0.21175648594862254,497.8981818185946,0,normal
117.1,120.4315288989716,734.5332650733288,0.23722047379310554,500.1374535139904,0,normal
117.2,120.70606749529979,738.2415019182273,0.2051520110896953,510.4030689604324,0,normal
117.3,121.60986944672626,740.8722247333817,0.20215842661709832,495.6057739704847,0,normal
117.4,123.56791004341888,737.1653337181706,0.18636355150300685,496.86970005964173,0,normal
117.5,120.64161271281554,738.4860861151316,0.20779168320191752,497.491009920014,0,normal
117.6,121.18701334588133,741.5594333396933,0.20542415785568857,504.5814781028932,0,normal
117.7,118.59770170417704,732.9825109935405,0.23158464143792956,495.93099971845663,0,normal
117.8,121.1248408751724,734.1456125833083,0.19538772003548566,500.7700232892234,0,normal
117.9,119.88428759834098,737.3008815198245,0.21695208948231323,499.589778711443,0,normal
118.0,120.7636666805386,743.2193697298118,0.2219493538010656,513.3986504737843,0,normal
118.1,121.03807304183007,735.8820200217082,0.20489062633906813,503.1920352611151,0,normal
118.2,120.95295819269624,738.8879229836672,0.22134147771774615,502.70258545028406,0,normal
118.3,119.72645902657334,736.8277934256128,0.21394817412961298,499.6153632980698,0,normal
118.4,119.29790122433344,733.7586284728144,0.1965351863942407,504.8451195183476,0,normal
118.5,119.18515599130976,735.1366397149018,0.22712673674952957,503.44317580299753,0,normal
118.6,120.31084973236514,737.9090518087424,0.2174166191506768,513.7387997505166,0,normal
118.7,120.16323173368244,740.3627703276122,0.21604912351576866,495.6114492458753,0,normal
118.8,119.19387750582449,731.1040803149601,0.19934680976466185,504.6393108875419,0,normal
118.9,120.71347343167773,735.0584242305165,0.22697080028802055,499.10380410505184,0,normal
119.0,118.74446778145477,740.4526042913052,0.2127056456268487,494.55080502295493,0,normal
119.1,119.89773435701707,743.0543336546151,0.22140031769317828,503.5312406311596,0,normal
119.2,120.37235695991784,735.2755309506936,0.20880335451432414,507.16135659981586,0,normal
119.3,120.02292431748843,739.0110024337321,0.20997092344404486,500.19232125025013,0,normal
119.4,120.18216746650329,734.9382638557388,0.20784051854563856,501.57311538470356,0,normal
119.5,119.59286545738664,736.5458846140629,0.20534024318665026,503.1225995412822,0,normal
119.6,119.62794878517491,736.5147396040231,0.23431361104958048,494.4253246889901,0,normal
119.7,121.42725770267336,737.4281444718858,0.21611411383995294,497.0855692139483,0,normal
119.8,120.60317466299061,739.238207998337,0.20702178495325832,508.7297422200111,0,normal
119.9,120.22927455591386,731.671452423362,0.18915727529849347,497.7252871461772,0,normal
