time_s,pressure_kpa,temperature_k,vibration_g,thrust_n,anomaly,scenario
0.0,41.42738300794758,301.0432908694402,0.14398257429974579,9.246258564435426,0,normal
0.1,42.22754780683662,300.51548194883935,0.12755919165587623,2.506439341381917,0,normal
0.2,41.081215147665915,300.919432964964,0.15550155272882643,4.290993100563691,0,normal
0.3,41.2791285016916,308.5993885958246,0.1562144052056596,22.682716008534456,0,normal
0.4,42.683043359057756,310.76095209059315,0.1810440109505197,19.173832846577316,0,normal
0.5,41.401985903430806,317.36947240363236,0.1466307860390338,20.343554398055673,0,normal
0.6,43.53308598954872,319.9332299802657,0.14596879630922588,20.850172401547727,0,normal
0.7,42.54141109088475,318.8005855807704,0.1523632545821962,24.453008727406846,0,normal
0.8,44.88067972163429,323.1076006189464,0.1619607118911878,19.895136165864255,0,normal
0.9,44.38946168365809,326.9450509042825,0.16802737775510163,30.64955776539463,0,normal
1.0,45.93868839179189,327.82338001004786,0.16748000080363723,27.28238307165933,0,normal
1.1,45.30872275309126,330.67623857157685,0.15606339645712522,25.30451896511381,0,normal
1.2,46.31441807157336,337.9349445003485,0.16208365581806827,43.92042888269026,0,normal
1.3,48.52592611457706,339.49878471150333,0.16305609655786057,46.37631970022683,0,normal
1.4,47.893645986155896,342.0620807275709,0.14710352301479745,51.32396315178839,0,normal
1.5,47.91705054769487,345.68929323724984,0.16290459546645356,39.32824441897097,0,normal
1.6,48.483757674063845,347.56897122681295,0.16964183233054544,51.907357549471904,0,normal
1.7,49.154532664682804,351.4158913381307,0.17010374201055722,64.6382244862325,0,normal
1.8,47.17928476036188,351.321561288995,0.14319387897149502,53.91935441507909,0,normal
1.9,50.62829574183301,354.79925983010054,0.15963685768235797,63.244553244749135,0,normal
2.0,51.210524754980035,358.45851725693615,0.1603017781635977,60.840572350218125,0,normal
2.1,52.387889971500876,360.41849788755263,0.13635303625008616,74.93116521248842,0,normal
2.2,53.01339159539567,363.66353202478786,0.14897374526614843,68.37966385124739,0,normal
2.3,50.04210798291933,365.02466480674684,0.16624065944290914,75.69874226102165,0,normal
2.4,53.878232571883146,367.92712885132136,0.1572053765518119,73.47800224938092,0,normal
2.5,53.73712947103076,370.073598075892,0.1591951030700632,88.7026041248709,0,normal
2.6,53.32004118563827,378.1149035203264,0.16685993643728464,77.39774651099273,0,normal
2.7,55.08491001361325,387.1188084187893,0.15587387551521498,85.48736115203427,0,normal
2.8,56.47535731787085,381.0610170602856,0.1736097269648148,91.90760403377443,0,normal
2.9,56.337073572156015,391.67260310377094,0.1618992019272244,96.89427593408554,0,normal
3.0,56.60353418393385,387.82634638465237,0.1608318505452229,97.99495503356971,0,normal
3.1,57.26764171832775,392.43928755038775,0.15685209036189193,107.85006129577114,0,normal
3.2,56.56207542872721,403.88892931393815,0.14060012952683998,113.04512552669756,0,normal
3.3,58.81120255932363,393.4077577203612,0.15627184839836264,110.12526300518718,0,normal
3.4,59.25571900463426,401.762953506172,0.1603776264420032,123.20852567828047,0,normal
3.5,57.817265711620024,406.4180139054363,0.14816828973919408,107.91845688855872,0,normal
3.6,58.281483242868944,402.6623063779985,0.14818449934765376,126.16052509559184,0,normal
3.7,59.606861833390695,409.60280087440526,0.15709434713744233,116.43351613604459,0,normal
3.8,58.30888033086086,414.32512782848084,0.1702245029473565,128.13624745123124,0,normal
3.9,62.77151669495454,415.46933153563947,0.1653919762311962,133.03015525169207,0,normal
4.0,61.08188911131442,422.04919539228376,0.15164973782726654,128.90423183812342,0,normal
4.1,60.64309395013467,424.08826098261517,0.15983003284718228,142.20533438459623,0,normal
4.2,61.637419794392216,423.4685847307793,0.1621615858295359,142.34141005812393,0,normal
4.3,62.11517012354217,426.73453631870825,0.1582893435018239,144.14752210045413,0,normal
4.4,63.666034647790035,427.2728951902096,0.16577396242509662,155.04056359846112,0,normal
4.5,63.61651862329799,435.77227693247545,0.14075407946223112,145.09099623141438,0,normal
4.6,63.746580203978326,436.1873747081915,0.16212001639269338,154.65107624273722,0,normal
4.7,66.7840947288385,439.45379723292257,0.1759247455625757,164.19434768473153,0,normal
4.8,63.87408906391882,447.7149956667,0.18793356264977087,159.30235696505756,0,normal
4.9,67.55759809719369,451.37879995591777,0.16172365226440547,170.0889530164127,0,normal
5.0,68.89832137854545,449.6195091729969,0.17335325707544424,169.56217783221373,0,normal
5.1,69.36124336042866,450.09523043381154,0.15806209394980872,169.24052430799466,0,normal
5.2,65.69819408794491,455.6015988861156,0.14628962113823535,162.69232416301415,0,normal
5.3,66.74708511146537,456.64812116924554,0.18507206785364042,178.66313344477533,0,normal
5.4,68.7361992279856,458.00253680086456,0.15710962923167135,191.2452719299273,0,normal
5.5,70.12245289878204,465.86829757923687,0.16839890945773858,177.26250402630197,0,normal
5.6,68.64387481640435,463.3924251888921,0.1667702440625592,176.9719801480902,0,normal
5.7,71.5194461622455,472.2639748433538,0.15934890776780092,192.032449951997,0,normal
5.8,70.57884175088871,476.5167032563048,0.15135121472780996,206.08807167266946,0,normal
5.9,72.59695823059236,480.86894132917195,0.16963023597704502,193.8331188315792,0,normal
6.0,71.91707190179214,478.43639398340116,0.17947611324312898,208.43427748760817,0,normal
6.1,74.96371459130029,480.9751063002111,0.18555873488427127,194.19876606653546,0,normal
6.2,72.65101420926752,488.2828135917083,0.18371762459184848,208.5012789589375,0,normal
6.3,73.62399505329438,489.0521354455822,0.15028977286596237,211.03660117010892,0,normal
6.4,73.5616830378241,490.77090180625765,0.17796238359980657,211.6483003356869,0,normal
6.5,75.17005399218063,496.43457536190226,0.17939501104782477,219.43096923937057,0,normal
6.6,76.70613752101801,498.3281547657451,0.1562215793821724,216.31675570508358,0,normal
6.7,75.54660178645405,493.690260426124,0.1776289349982681,214.87197381676202,0,normal
6.8,75.79028168546428,505.9619751123269,0.13894166011018572,223.37107266153785,0,normal
6.9,77.57213400943964,505.7533749454476,0.1663820097027539,228.27621122700154,0,normal
7.0,77.94646796298618,509.0030915677219,0.18653405048982646,227.30787796598798,0,normal
7.1,77.10451717671613,514.319383391662,0.16652203044324132,240.95488586208126,0,normal
7.2,76.86084609999878,512.7698614429353,0.17043480180211942,236.09546185428528,0,normal
7.3,79.10746652508817,522.8507948141,0.18505736087143473,239.63012534144005,0,normal
7.4,78.18606232310215,524.1058904852499,0.18390690951216346,256.16546940475723,0,normal
7.5,79.22277573184657,525.8799154225283,0.19300214341656732,244.50709819689988,0,normal
7.6,79.99427508489786,528.2280140590968,0.16816955630476263,246.0289176023252,0,normal
7.7,81.98746138692624,532.5940505622694,0.17451271126198262,254.34315081998608,0,normal
7.8,81.2096781457303,531.4921458414623,0.1597067271491525,245.66858255897662,0,normal
7.9,82.0625438615873,538.4295966786287,0.16576938050782938,262.3536868522094,0,normal
8.0,81.81024637220266,537.3838333121377,0.18269116629749263,270.99142058030407,0,normal
8.1,82.58066666120922,541.4591025226875,0.16512051875939424,271.70095762405725,0,normal
8.2,85.66312064201803,549.0936027206341,0.17962609886264347,263.90024161263284,0,normal
8.3,84.21369937788512,544.2386167089362,0.2035487211777468,276.78310978865886,0,normal
8.4,83.33749820275865,554.6673880803781,0.17776851609224556,281.2562031685265,0,normal
8.5,85.32047557303366,557.3078078553895,0.2017846962956105,282.14090177353654,0,normal
8.6,84.85348813030238,555.3529243763177,0.1989204698117038,283.47214668388784,0,normal
8.7,86.13049793858717,560.1083449802044,0.17771828750826926,285.2216618700256,0,normal
8.8,86.50387517423081,562.440229416225,0.18539342766754854,299.84877775509665,0,normal
8.9,87.37368095351127,563.6440499970909,0.18600978068552373,303.2198872065661,0,normal
9.0,90.27145978916417,570.9989567595014,0.1789461290958906,310.8586277170455,0,normal
9.1,89.94918631252146,572.9644517673748,0.192718987125944,310.25985163027906,0,normal
9.2,89.01549102469956,572.3805008540604,0.17327443226736033,301.8689332521225,0,normal
9.3,90.36240339456792,576.5922118242136,0.17744709145419588,321.3854506149992,0,normal
9.4,89.29071992530365,585.2619638249962,0.18481232031738026,314.8386400968607,0,normal
9.5,88.60244306926144,589.3109402125967,0.18774972825891473,318.5810350315251,0,normal
9.6,92.09371482450013,592.0757468537987,0.18113932960032766,321.0949557835114,0,normal
9.7,92.26502072923769,590.237144209412,0.16098524463133249,317.96342742636966,0,normal
9.8,94.82915579669015,594.357354981095,0.1848010378535723,322.57729119816094,0,normal
9.9,94.18193889330435,596.0717752879495,0.18519126094505708,334.2279537248469,0,normal
10.0,91.99854411825726,594.1864537825951,0.1772264193729034,342.51675752133633,0,normal
10.1,94.88030941569531,602.1676851451929,0.18947140846271665,328.55138169435025,0,normal
10.2,92.99691609405738,604.8944531603447,0.20587026191391683,331.53296598416205,0,normal
10.3,93.75837625341747,610.3214326755351,0.18864261505544652,347.7405611800108,0,normal
10.4,96.69010088666282,609.4289345348058,0.19850207170892206,358.8196959988108,0,normal
10.5,92.85974062487037,618.2399219431309,0.19234211599375253,350.05302699478216,0,normal
10.6,96.686399693567,621.0488168945243,0.1994008553610782,354.9305930506031,0,normal
10.7,96.07348727906357,616.5638525028145,0.1785472144392422,351.00323272464834,0,normal
10.8,98.14160131491913,623.4624372532901,0.18315574672808088,365.42078508130146,0,normal
10.9,96.77614428301281,627.1808523936074,0.18083836284972138,363.8732325577579,0,normal
11.0,97.53743894485497,625.6422679225087,0.1929390439520415,366.74230331128274,0,normal
11.1,96.19596763986958,630.1069097740309,0.186532884360931,382.62157702988844,0,normal
11.2,97.02921860103316,634.1425055417642,0.20983490653960946,359.5872393971837,0,normal
11.3,100.139322959428,642.3131121856192,0.2015535918514844,375.0625132803193,0,normal
11.4,100.26649981833252,643.6265234096662,0.2047942503926567,380.3348157893987,0,normal
11.5,99.94958181598196,647.6529897129033,0.17874311424746195,381.419475459507,0,normal
11.6,102.29840506092903,646.4828721593485,0.20154254467640506,380.0941321132134,0,normal
11.7,102.59216308766896,650.8099877169608,0.17608861765580106,383.703949096315,0,normal
11.8,103.1443753396421,652.1545043581785,0.17656426654445223,393.8252760613966,0,normal
11.9,103.48256756068419,651.0543600756583,0.1676268933110176,386.99088504271333,0,normal
12.0,104.93039253002944,655.2226822743726,0.21053626989532537,391.9944433991981,0,normal
12.1,103.94930731339467,665.2161378320648,0.20072856667352101,397.6874623133639,0,normal
12.2,104.28892749294381,668.0978373018337,0.21382124536201916,408.62487767192414,0,normal
12.3,104.51947624551937,663.93145274457,0.1863743885887199,423.80974836984257,0,normal
12.4,104.63107526916096,668.6851155472083,0.21033642262928176,415.1959593319224,0,normal
12.5,107.10078906267083,671.9096236679385,0.19748779601508493,413.56254527334164,0,normal
12.6,105.24340159935612,681.6505078800341,0.19823869822982684,409.5384222522401,0,normal
12.7,110.25413695654237,685.3789665695174,0.21393948746632127,429.48941909453214,0,normal
12.8,110.08949977312503,681.9311105664307,0.1847931725688486,429.6028022496212,0,normal
12.9,111.30903317737238,689.2628914857096,0.18524399667272334,421.2535189493874,0,normal
13.0,110.1861053044918,690.0075415249701,0.2029877376433023,436.1483901432604,0,normal
13.1,109.03054517666143,693.5371924993215,0.20076161372111645,438.2835911414908,0,normal
13.2,108.80277923229792,694.9402376960877,0.19724650596669124,441.15215920476476,0,normal
13.3,108.93146068506829,698.7491972486977,0.21666038340539426,438.2052139082412,0,normal
13.4,112.62702149205367,701.6590064495266,0.19610242163217909,444.35220672382064,0,normal
13.5,111.31415697373463,702.3994809777384,0.19500574309340807,444.2994770078727,0,normal
13.6,113.22424028545532,711.7243492626405,0.20815931443252367,443.3809256183676,0,normal
13.7,112.315321765597,707.0591414380432,0.19940523797332957,454.17581489948316,0,normal
13.8,114.26862699112955,722.3816758223329,0.1892357493393421,461.74776598298916,0,normal
13.9,113.0706381583214,720.1879162612971,0.19779104897797453,464.04988345465483,0,normal
14.0,113.01460919240427,717.9548206344723,0.1913834983631408,473.09724600481957,0,normal
14.1,112.50728324465105,718.2934827046623,0.2010262625260505,463.50463113913236,0,normal
14.2,114.81891476708124,732.4993019350653,0.2030911469556663,477.2427926783383,0,normal
14.3,115.37328691965132,727.4263091607226,0.21136581333299773,476.1850725780553,0,normal
14.4,116.78924624841723,737.118659946824,0.21037208087998768,484.1580177629335,0,normal
14.5,116.86557242215764,739.6469269992087,0.1822281045438202,490.5216857311929,0,normal
14.6,118.33586753426486,746.7465847829544,0.19398427327439066,481.279837304845,0,normal
14.7,119.46956405641409,742.3159099879916,0.1918713589227564,491.4372968344717,0,normal
14.8,120.13148761205976,743.6563319094649,0.18400290077303855,497.5279347304037,0,normal
14.9,118.90558892318487,745.2595032793,0.1851353883769768,498.95860039136863,0,normal
15.0,120.02989745111637,742.7713765729656,0.22338021670082442,502.836061684291,0,normal
15.1,119.38713065995262,748.9568982186588,0.19032395731896296,493.25699382534424,0,normal
15.2,122.28753789274143,747.8554410224956,0.1916832400599021,499.6330239875265,0,normal
15.3,120.83189622478719,752.1683617213939,0.2137832572643001,502.4094106184653,0,normal
15.4,119.08437291811353,749.8580096419015,0.19324736735718107,493.1014040439872,0,normal
15.5,122.74826852039094,745.9098053565294,0.19169772397005705,492.95781266385404,0,normal
15.6,119.11485981295353,747.3740342615531,0.19872731128654594,501.3138681683976,0,normal
15.7,119.81613432889338,752.6822042026897,0.2165299190863454,508.6179367485545,0,normal
15.8,119.25138371550489,748.9094518221985,0.19504774322140392,501.0304900562651,0,normal
15.9,119.76842017174182,746.5514916535878,0.20589128050166985,507.87328289064874,0,normal
16.0,121.76556799054948,749.8889700507965,0.21329250485889453,509.98450532121603,0,normal
16.1,118.77796402774688,744.4660865353094,0.1917265694922079,496.472936031954,0,normal
16.2,119.91222976906857,747.7632606118459,0.20780751434163997,510.59983672971305,0,normal
16.3,119.92682099931945,748.843337335847,0.22361885184126215,498.4218479798193,0,normal
16.4,119.28121211052336,752.1751245341032,0.2192310174179609,497.2361991619889,0,normal
16.5,120.1398557808878,754.8784124726957,0.2121332269625094,497.3835575704423,0,normal
16.6,118.84843118900247,744.6147149517053,0.18242274893939772,506.0463114071445,0,normal
16.7,119.17303299486245,745.3006447839396,0.20327483973350433,502.253843242687,0,normal
16.8,120.958078129301,745.6990513421366,0.17927805630644356,498.92683313332395,0,normal
16.9,119.88220496118025,751.9326069937966,0.19271352779398918,489.24355521573074,0,normal
17.0,117.34442401649385,749.4794988370845,0.1956674813943901,499.8571967882765,0,normal
17.1,122.61562528478368,753.9084477915992,0.21317192484197428,489.39950854011846,0,normal
17.2,119.87384053536064,748.2227204209996,0.20557114626376966,486.0260563498769,0,normal
17.3,119.23152536169539,744.3588035983126,0.20933878744242426,503.21222521649645,0,normal
17.4,118.69093430344427,743.8390559213897,0.20624349028123248,498.6929513171141,0,normal
17.5,119.07832500463877,748.13523558266,0.20252130554355083,508.98341386671046,0,normal
17.6,121.80800672993539,751.5373485994787,0.1739122916688801,491.364186855914,0,normal
17.7,119.61237445302221,754.8295271792842,0.1937778902556116,494.8747595254906,0,normal
17.8,119.76912684388881,750.0566985358038,0.19439946703489278,500.0525306451452,0,normal
17.9,119.9460532332634,749.1698434340709,0.20659837336405149,498.0205962161077,0,normal
18.0,117.20538808884419,748.1540700448421,0.1793694151597205,500.5474547160204,0,normal
18.1,121.10720211823761,753.2427943350215,0.19415631168068853,494.2095272444109,0,normal
18.2,120.70644193459287,752.2792119875184,0.22445107866849287,500.0836896564999,0,normal
18.3,120.3837582530277,750.4373389083054,0.18957122595135675,490.5087943060019,0,normal
18.4,120.02051760597581,745.6484561829621,0.20973289206166898,497.91983741180934,0,normal
18.5,117.27257196327535,748.743830159294,0.19244988087206183,500.1355809574731,0,normal
18.6,120.56768966444838,744.5040749366451,0.21096498590270185,506.2289111423207,0,normal
18.7,119.44336079934958,745.1342394800912,0.18158157256882113,505.20877227917305,0,normal
18.8,121.31740295843447,748.8551939473082,0.20808742146700848,504.41025593934046,0,normal
18.9,118.67186403343236,749.9725562136693,0.1931478552429377,500.16283205819497,0,normal
19.0,118.32852365607143,751.5072285560266,0.21887350722961332,502.9439029776255,0,normal
19.1,120.91343865313952,747.7284093662435,0.2087018360630541,496.4018674753291,0,normal
19.2,120.79316880459878,748.2632265009346,0.21656312970704047,498.3747610476863,0,normal
19.3,119.56254746111016,753.365537647476,0.1785194751064535,515.2186309650084,0,normal
19.4,118.73727451030149,747.5114657703707,0.20893123949403972,513.535267253245,0,normal
19.5,121.45394781536223,745.1604826422642,0.20194088555740194,502.59903975062804,0,normal
19.6,118.76113121280542,748.480374516675,0.20912424285821188,495.826843007707,0,normal
19.7,121.50387969156225,746.9025032807579,0.21798466938572755,509.79220428176603,0,normal
19.8,122.40591425157787,742.9564322278442,0.20157251411109758,510.647822785105,0,normal
19.9,120.87447069166916,747.5072465678569,0.21214912905142377,506.61049014791905,0,normal
20.0,120.99743933567167,748.653339669237,0.1848464306843698,510.4712457898728,0,normal
20.1,117.87356590160657,748.0773855734006,0.20046693107283958,494.4982301695454,0,normal
20.2,119.68995135198719,746.4876122786306,0.20042620130969221,513.4640911608451,0,normal
20.3,121.8549100431883,750.220811324998,0.19412177817757018,503.6794491256448,0,normal
20.4,119.82961912755766,750.9203559341013,0.22754913479798677,504.8350486614313,0,normal
20.5,119.80310440468352,745.6461265880815,0.20398967356850997,506.61602865421384,0,normal
20.6,119.30665843899352,753.0656483525848,0.2001599014218206,489.8363921501934,0,normal
20.7,120.02149274692493,748.8959469333303,0.20355998708425663,491.0204770618315,0,normal
20.8,120.93371491257321,753.9381659586373,0.2189548331229673,508.91600779878735,0,normal
20.9,117.17070186125292,753.8327283001031,0.211345551654208,507.0690461433126,0,normal
21.0,118.9259377935237,751.5352473869638,0.18866061811429005,504.2649242489469,0,normal
21.1,118.5001139576824,755.316316681292,0.20463720302203753,496.3094820143897,0,normal
21.2,121.73841044435832,744.5167838261456,0.19861032360605818,504.77692616167246,0,normal
21.3,119.06085888022452,752.9736222246756,0.1984306208850863,506.5364012213979,0,normal
21.4,119.23151173431845,749.6953828922531,0.18747872805252708,499.75057637969496,0,normal
21.5,119.00100462971538,743.6112734379807,0.2213742476786393,494.155820412268,0,normal
21.6,118.81815395987017,749.6590079952032,0.22514624287281984,491.8856606309451,0,normal
21.7,119.19414607986585,748.6328901582364,0.18362874175247468,488.96851021572655,0,normal
21.8,121.63094447872035,751.40149904564,0.1954050991573554,507.1940971583755,0,normal
21.9,121.33673733673439,754.0662744899037,0.22915701802263522,497.746445976703,0,normal
22.0,120.66427287006596,755.8702857092464,0.20794554947214583,491.617523655742,0,normal
22.1,117.5544822347286,749.4697171952286,0.22391339727129164,498.1884986214148,0,normal
22.2,120.09992257713854,751.6535010235417,0.19325325065355345,504.620775112618,0,normal
22.3,119.33535930257266,749.9353935183957,0.20256050752746202,498.85724071252514,0,normal
22.4,120.28356747121363,749.3475214634295,0.18717358911218146,499.01175937792664,0,normal
22.5,120.35771318771386,751.9341071949809,0.2257224771716201,505.21698601971696,0,normal
22.6,119.48376842430356,749.3763608348651,0.20568105221791622,497.6691089379547,0,normal
22.7,120.92184504059209,746.1908880237081,0.20048619538344659,497.7744464980545,0,normal
22.8,123.08594576451276,746.9805142311587,0.1880158099261137,495.23144357412133,0,normal
22.9,120.87216227630455,749.1925962109839,0.22347208203797328,513.4789136683311,0,normal
23.0,118.99436144120767,747.1683262310423,0.1893826679739555,502.0651786094161,0,normal
23.1,120.28034565346246,749.6342027573345,0.19468147436556058,503.1296970945512,0,normal
23.2,120.71489292081465,747.8868833830863,0.21115442046649305,493.7392926116644,0,normal
23.3,119.34924090754369,746.087390145743,0.19316490257332494,494.92634419893676,0,normal
23.4,118.33187904806331,748.8603037760963,0.1843027366663783,496.96449894331056,0,normal
23.5,119.43237847035508,749.2463449236026,0.18820327841956772,496.9364941819846,0,normal
23.6,121.18186349984823,748.4049777496069,0.2036372737198841,489.1105832449472,0,normal
23.7,122.11084095960467,750.7394569311828,0.20733398250322546,492.875862490766,0,normal
23.8,118.72219599141665,752.2563433922139,0.18185264184568148,516.1690846410334,0,normal
23.9,121.06361802143718,753.8474762682921,0.2281637419099152,493.0325168063746,0,normal
24.0,119.48528968750621,745.9997336076609,0.18732745262959982,496.3202660003096,0,normal
24.1,122.22685037541402,751.829661889987,0.20332859905882858,493.02169810816474,0,normal
24.2,120.20803737017843,745.4467255969683,0.1894535566085189,490.11258959842127,0,normal
24.3,118.8772529691535,748.0894662595578,0.20045806451886078,498.8282549952672,0,normal
24.4,121.4616424862589,745.9976058724852,0.20405265338156656,514.2770923872645,0,normal
24.5,121.15185542740127,755.1984824202545,0.19404356416982443,504.8409603312868,0,normal
24.6,120.77250138948692,749.5331603604563,0.19413075893956788,497.95886020692876,0,normal
24.7,119.53342914996064,743.540749307215,0.18389487735302118,506.712381833149,0,normal
24.8,121.73911196913893,752.0969529657153,0.2138007027321927,502.8620611787205,0,normal
24.9,121.25910894950232,748.5880726952872,0.20046072225667616,493.8597656383973,0,normal
25.0,120.13584276064994,748.62820361702,0.23120004785267778,507.7802592048906,0,normal
25.1,117.51635511854283,751.5957267213985,0.21612972633797603,498.66547123456826,0,normal
25.2,119.9510414970891,752.2732121063161,0.21608076600037396,492.0610903432801,0,normal
25.3,120.66492676809659,749.6839051778489,0.22315064591058337,491.37512029187417,0,normal
25.4,118.83701260837356,752.0917839039167,0.19417293713974482,504.75065815402036,0,normal
25.5,121.78121456295014,747.0142196117063,0.20465765001786704,496.6745040086735,0,normal
25.6,118.65918801539436,749.8671087996329,0.18364779974533119,498.51290361685034,0,normal
25.7,120.32169236177592,745.4917422346647,0.2300656744620983,498.46955935161725,0,normal
25.8,119.67870038368577,750.7939875699293,0.21113493093918734,499.8696253200044,0,normal
25.9,120.22442241998228,745.0311005090754,0.1945360460553214,507.39085450766714,0,normal
26.0,120.85881673205174,749.2693036335857,0.19552085974688507,494.6497816866879,0,normal
26.1,120.89537168096862,750.9359369864893,0.20017839649256183,495.5434545888361,0,normal
26.2,122.78296389691332,749.4110766985697,0.22644725464609966,502.69933297006037,0,normal
26.3,121.38807737231811,748.715714808201,0.22251896251888492,504.588846804755,0,normal
26.4,120.51095675844513,751.8379479383325,0.22825185513262958,503.1208439325749,0,normal
26.5,119.2344477057003,747.9076435594536,0.21464845084099451,494.8393303144247,0,normal
26.6,119.94513893127719,751.3766651530639,0.18690044032533598,499.89735141101005,0,normal
26.7,120.33268296548708,748.715065524158,0.21492894996372766,500.49419742845953,0,normal
26.8,122.33615108671798,751.0174244897337,0.21545374912692775,503.40628133757315,0,normal
26.9,122.92693222302113,751.0709133740088,0.2026290133703672,509.4277519502781,0,normal
27.0,119.96104115715102,745.2113711965053,0.19067962392562937,492.24826577465285,0,normal
27.1,119.51006835872077,752.8693745847446,0.18760132223258583,501.8477487096666,0,normal
27.2,120.33102514579993,751.9319976134152,0.20383974545271877,504.076854419296,0,normal
27.3,118.96275948755562,750.15955962355,0.19888156295067713,492.4466295974804,0,normal
27.4,119.77045402124547,752.0004995483315,0.230952448040413,503.6992417500434,0,normal
27.5,119.25386785118496,745.2143108518264,0.19600222011172216,507.571519019678,0,normal
27.6,120.39467368060913,747.9648135517702,0.2068903983139431,497.4587882777745,0,normal
27.7,119.13325521187078,751.4949168075304,0.17555564120542763,499.87823371810043,0,normal
27.8,121.94542865427685,757.4943965020077,0.20195571830301523,503.48171019675954,0,normal
27.9,120.6033198966602,750.8825605131992,0.206709420618781,496.4244515602185,0,normal
28.0,120.40227281077874,750.3877152158045,0.17928052819424112,493.80329240672813,0,normal
28.1,121.55390890858762,745.4663613930228,0.19992923746284813,506.7602138411065,0,normal
28.2,116.9042157674514,749.8259551104434,0.19909613832188142,512.41690541655,0,normal
28.3,119.11567628732236,746.8414083619462,0.20305122782827842,492.16814173572055,0,normal
28.4,120.66879938439371,753.2517506775728,0.18961083148833383,505.5789743876756,0,normal
28.5,120.72611652133698,746.9495043222594,0.20713888564561905,506.26649951859986,0,normal
28.6,121.2729739132002,744.7319116513941,0.18024300774715799,498.2414056994827,0,normal
28.7,122.14501519841846,757.7520953240094,0.19945592291470626,492.8687967113992,0,normal
28.8,121.06362159702289,746.3768267854966,0.21503195113278523,513.8892057813111,0,normal
28.9,120.18249249793006,751.099133528746,0.20616119186177506,501.81929902213204,0,normal
29.0,120.21801095365959,748.059985752327,0.202270663782109,499.93780641937246,0,normal
29.1,119.10849537006749,753.474909622937,0.21562459977862736,496.98914934968303,0,normal
29.2,121.22588213588683,751.8746574773425,0.18941151757987468,489.90129544167905,0,normal
29.3,120.94438360050871,749.2380698830106,0.18672409565031567,488.65997120919695,0,normal
29.4,120.26706128273956,754.7072648476304,0.2117401981323922,501.1150499056186,0,normal
29.5,122.6728078558562,751.1206791462603,0.19799869190515762,498.5167543541631,0,normal
29.6,120.44980277053827,744.97723122608,0.20198608400457946,493.7165364232772,0,normal
29.7,119.05322862731033,751.0636687183912,0.2183452672093634,497.4179774950097,0,normal
29.8,121.15646826318958,748.0123111354802,0.21030989395754487,496.2588877198596,0,normal
29.9,119.03269418753665,747.4736063860503,0.188793328550077,503.05931279642056,0,normal
30.0,120.93091677582565,755.7557109351418,0.17957765512344717,510.102686260743,0,normal
30.1,119.0773961894071,751.3270831458203,0.19744953914505267,506.3178004168692,0,normal
30.2,120.73885167956769,745.6996000178873,0.19817064857894903,490.6133073696565,0,normal
30.3,120.57103034861116,752.1092158488453,0.203527072039149,501.31723330662254,0,normal
30.4,120.66144256898428,752.3738719445277,0.21704415937036742,495.8586119620604,0,normal
30.5,120.37142835473134,750.8690230092542,0.19695676396650338,493.5749239420663,0,normal
30.6,119.54758048243458,748.1141162050045,0.1934954784399219,505.0496118006291,0,normal
30.7,119.10737811513478,752.6118097198644,0.19864336905959767,503.32040676543164,0,normal
30.8,120.11721803181567,746.9693006609917,0.19838331389866679,491.38115033474065,0,normal
30.9,121.05327708267278,746.9125737105223,0.1746938605530363,499.4947638649992,0,normal
31.0,122.09491160814085,749.2599394642721,0.20504927683849336,506.67236078411077,0,normal
31.1,118.23942126725142,748.5541503691829,0.19966974174643864,504.70279125251756,0,normal
31.2,121.38170383859557,741.3078692414383,0.19924374233081166,503.64947458117746,0,normal
31.3,119.74202749368219,752.7500301008147,0.19058462137374693,499.0804344003177,0,normal
31.4,119.40523102230419,750.3029268164473,0.19100609931222212,501.1072749633137,0,normal
31.5,122.54352687953735,747.777341323232,0.20413428460091912,489.38626580797296,0,normal
31.6,122.11240846126188,752.8187789347719,0.192857366311305,489.95543477382745,0,normal
31.7,118.68570373859895,746.3051324176747,0.2014679582749799,501.4756398931624,0,normal
31.8,119.23920764971595,749.4631932054263,0.19654150914021828,498.1684159890582,0,normal
31.9,120.57240259807047,753.3473323665448,0.2026820062779621,509.6904406808221,0,normal
32.0,118.97931626736694,748.3433730525805,0.2079963824119415,497.4575307475007,0,normal
32.1,120.22394495439097,749.268008387506,0.21314962368992107,511.8990631521765,0,normal
32.2,120.14434307560295,757.1328259408339,0.20952819231371164,501.07384800135287,0,normal
32.3,121.98135171788475,745.6949495967418,0.20125126670025084,487.5756121558739,0,normal
32.4,119.10014292957852,750.5943831609761,0.20000449237116205,503.77873570943143,0,normal
32.5,121.13864936788399,745.1870780735492,0.1906831444964631,499.3813328371673,0,normal
32.6,118.72650758811737,749.4734123778064,0.2056650943423765,486.8023292061396,0,normal
32.7,119.81765752059364,751.2765065974891,0.22159794744202518,499.0877410839472,0,normal
32.8,121.11640760723715,753.4441124526735,0.2025885342817418,499.62527304022996,0,normal
32.9,120.15552068458236,750.7833425373199,0.2021172740825797,496.5496695933968,0,normal
33.0,120.16079072186272,752.948462390431,0.19881966676335922,499.3659214830852,0,normal
33.1,120.55005750533674,751.8671969866131,0.20586474260087223,498.83456715261485,0,normal
33.2,120.7459590697693,746.8841532446926,0.19141416509182338,497.1805403856641,0,normal
33.3,119.28490046830686,746.1732196420505,0.1979108205132298,501.481930144926,0,normal
33.4,119.02201106287077,752.7221039703617,0.19821746862342748,497.6825134781635,0,normal
33.5,117.73936948175643,753.015440897446,0.2021322108555985,499.815205807886,0,normal
33.6,120.19958172834953,754.8735653148339,0.19931176858271332,497.74265071515504,0,normal
33.7,121.40344777668598,748.6508032465906,0.20430829502269293,500.9228290054917,0,normal
33.8,120.54287693531745,747.2176752385274,0.19244615410751015,493.3473228817242,0,normal
33.9,117.65331184694199,744.66703949761,0.22861336437718274,496.1896756539606,0,normal
34.0,119.41616528163966,753.014752453296,0.20850524139641788,505.7446485953639,0,normal
34.1,121.94876987350305,746.774738758751,0.18990461716580834,507.137642703401,0,normal
34.2,120.1450300826879,749.8015577211404,0.1863469098762239,497.1184318220301,0,normal
34.3,119.92653531854036,748.5404541769295,0.20936200904727248,501.9115541639313,0,normal
34.4,120.21469623903161,751.6173891636553,0.19472921370432372,499.90427191073553,0,normal
34.5,118.30754393883717,749.7071403667105,0.20547681835935064,496.4299506583692,0,normal
34.6,121.50385509068869,749.205463204575,0.21039371618142688,501.5001065722968,0,normal
34.7,118.93001174958457,747.1360664824182,0.18679757727735316,498.2391822355841,0,normal
34.8,119.47852126237818,756.1239179532633,0.21480566093922274,497.642682960109,0,normal
34.9,122.53724474768987,754.5329960590634,0.20743312644553677,509.53988646414666,0,normal
35.0,121.09356443063929,752.4617325073215,0.21792534100271288,505.6295882723789,0,normal
35.1,120.7603003283586,751.5791065252524,0.19547650896492824,498.170721602343,0,normal
35.2,119.17692036107977,746.9992888171479,0.19367341658500087,501.81723306007467,0,normal
35.3,121.76561854415472,750.9243697642066,0.20630710475282027,496.66797655377104,0,normal
35.4,120.12031321485273,747.9272807747665,0.1976034346551644,496.7688105557392,0,normal
35.5,121.15348972109932,750.6794008569422,0.21767456958082046,503.3224303497135,0,normal
35.6,119.49118122720863,748.6422743932834,0.19813723762072105,500.9780859329343,0,normal
35.7,119.70965668798517,750.1840250660888,0.19639671539495562,501.42659486629793,0,normal
35.8,119.87664688390085,754.4930554227983,0.21274430611760559,500.9678745464722,0,normal
35.9,120.61911656778929,758.7078100582231,0.20813509347950548,497.9443289735684,0,normal
36.0,118.1748289594496,749.2468730152103,0.19607391561796964,501.2261584664143,0,normal
36.1,120.56617794127264,750.9299275399752,0.19158192667940324,499.4341787174791,0,normal
36.2,120.86560747110236,745.4790551529509,0.19661681563337818,496.5773085517646,0,normal
36.3,118.57201496096327,746.6749511966691,0.19498464433071588,507.282399996405,0,normal
36.4,121.56221533998124,751.0628287987557,0.19650083499465554,501.18329806691384,0,normal
36.5,119.97084115145113,752.4630647477528,0.19833835968815444,505.1170996188126,0,normal
36.6,120.95572335476174,748.2601611131809,0.21523787176521694,497.6116392967835,0,normal
36.7,120.6138176931883,750.0552231108695,0.20237732987789497,502.801077047353,0,normal
36.8,119.08236012278893,753.2882959482221,0.1812563768843556,500.4836699995968,0,normal
36.9,122.84215478141212,744.2478872399797,0.20130091784893062,507.6364352054475,0,normal
37.0,120.81341415273677,750.5408087610555,0.2074088937488566,503.1864553048339,0,normal
37.1,120.16352200568558,751.3376778996878,0.20031012405545504,494.517223413889,0,normal
37.2,120.31433708252794,745.1744336119414,0.2016520627844357,498.61571769073737,0,normal
37.3,118.51157589962054,751.5603956303758,0.21272069284865247,498.98975289698285,0,normal
37.4,120.50193394463234,747.5471750258974,0.20589262513466539,490.26551305358726,0,normal
37.5,120.26556330460843,752.7714003853293,0.18647986477648157,496.7982961442328,0,normal
37.6,119.03182640586053,744.9238458747697,0.1910851164033375,497.93948544214715,0,normal
37.7,120.09775270025193,754.4110581164878,0.20544076909020784,495.3019163607064,0,normal
37.8,119.89623553939911,748.8425531294151,0.20504978464940102,514.193392767275,0,normal
37.9,121.08849441472147,755.4133677861342,0.18407577523109114,504.57483070686914,0,normal
38.0,118.8732309671949,753.2126367643262,0.21908785724737337,498.8737683169884,0,normal
38.1,122.31067146919291,750.7247428645692,0.18625037619001716,503.67127639218774,0,normal
38.2,120.16874116713582,753.6314331855885,0.22185122277868066,500.8904429394373,0,normal
38.3,120.29736482542653,747.6481080592434,0.18759514364867136,500.6906686268984,0,normal
38.4,121.21814923551098,751.5109523920237,0.1977154906721222,494.83041929930647,0,normal
38.5,121.426599106182,749.5951200526471,0.20993932289258171,506.79391937708755,0,normal
38.6,118.9943902982816,754.1818443278606,0.1938998589118204,510.72775387012484,0,normal
38.7,121.92775435946622,743.0585243073634,0.19962118301618706,504.56648767013195,0,normal
38.8,121.48177512342914,745.2761058895717,0.21042258713645848,499.033021902582,0,normal
38.9,117.18912591281368,745.3995423428926,0.18443147484720834,505.7796876040555,0,normal
39.0,120.67815656813332,749.597272128642,0.20081010419694795,506.3317404370515,0,normal
39.1,120.05466767871067,744.714804864788,0.22453913898327904,506.9046282590426,0,normal
39.2,120.7183689488945,748.3106366699577,0.20916779163650387,504.39639289388435,0,normal
39.3,120.3989774112431,751.381384708795,0.17366940131079314,488.7670638694799,0,normal
39.4,121.60666168487316,748.8932379601696,0.22098067269172528,498.58468491799215,0,normal
39.5,120.87985559927326,751.0593048777689,0.21060972156152524,488.91345871915297,0,normal
39.6,120.25618201607679,752.2450810286952,0.17267159454657408,498.6937007467302,0,normal
39.7,119.68326613108913,753.3310897390675,0.2099893111711615,504.4255377815122,0,normal
39.8,119.0539077099941,748.6138521865286,0.1942771637414528,497.85968410447634,0,normal
39.9,120.55429363261406,750.7030229367832,0.21102052640880328,499.972309713746,0,normal
40.0,119.83800260064503,750.2855641123454,0.19752445314472225,507.27944755141556,0,normal
40.1,121.26056240951114,748.3739463338505,0.21368565316492882,504.41028225792763,0,normal
40.2,119.11730015424817,750.6734391358601,0.20056674486386644,494.612189233153,0,normal
40.3,119.22980835319744,750.5935547575564,0.2115721836672431,504.61671258333536,0,normal
40.4,119.70628767114312,745.260625958561,0.19432898920234778,514.1737302983915,0,normal
40.5,118.20560597056868,750.1981394738702,0.18980046306339224,501.67648589734296,0,normal
40.6,121.69709383320513,758.1944948837609,0.21386129374136695,501.48897817010436,0,normal
40.7,118.2898359465186,754.0651314260186,0.18459141170872986,498.60150313285243,0,normal
40.8,120.37163043364241,750.9264942974515,0.20343267552979535,492.02541788645556,0,normal
40.9,121.13471285579364,750.8537010708482,0.19917685613891672,489.4694174308686,0,normal
41.0,120.79757456575018,750.385890303841,0.1901766764136528,509.98276537266304,0,normal
41.1,120.79641775882436,749.0918815183157,0.18369237952327178,505.60046585648763,0,normal
41.2,119.22006991632121,747.245215162317,0.21856791802820677,501.34269281480016,0,normal
41.3,121.0090888995204,746.3178729287008,0.2041251851833509,502.56350924812716,0,normal
41.4,121.56901294562377,746.8905269315028,0.20577422024109973,496.6490513829788,0,normal
41.5,119.13163274562562,750.8141891280561,0.17597039560368205,500.2752067643797,0,normal
41.6,119.16836598964957,747.9416625373243,0.18861003385489672,501.56918525812495,0,normal
41.7,119.05504701853877,747.8160566143143,0.19556850358826933,492.9193236627598,0,normal
41.8,117.22816100189232,748.3434607770987,0.19514426550574007,501.8026412253292,0,normal
41.9,123.76982941227293,750.4557658698918,0.22109538384894054,486.38159010294385,0,normal
42.0,119.77650366503201,752.7037144547774,0.20726140598029336,499.5304322644817,0,normal
42.1,121.60629857777971,749.733184725713,0.2020459706266542,497.8163766698773,0,normal
42.2,119.97099087010328,754.2013384631905,0.18070622085455623,504.408469084462,0,normal
42.3,120.11105134329937,751.0228732646821,0.19535176831424592,496.353218855189,0,normal
42.4,119.61150145075038,749.1161033550671,0.18246424589705088,503.0499996076268,0,normal
42.5,120.37562738319245,746.1921227338112,0.21491441637113948,497.152197280078,0,normal
42.6,117.85660872747793,745.0767211554418,0.20427359500941536,508.06014556776245,0,normal
42.7,118.96725840150056,745.4002803235352,0.2149960910342199,494.36773589907926,0,normal
42.8,120.38754060582382,751.1984690578062,0.19730378924712122,499.2273299346112,0,normal
42.9,119.11577706317416,746.4137337514536,0.1944901053551702,508.040381698605,0,normal
43.0,116.95354573340525,752.2992363470149,0.19201976844638186,494.3904558806343,0,normal
43.1,117.61246966080442,752.9360825471019,0.2145236407075973,510.2188943157553,0,normal
43.2,119.45036771125515,747.4539987504272,0.1943227575802281,502.083636615868,0,normal
43.3,119.03542202211402,750.9498805739037,0.19090070012326088,511.68510809892547,0,normal
43.4,119.67134820510496,748.385578096122,0.1934327462703806,504.5603999668556,0,normal
43.5,120.61375361156422,751.1595643358505,0.1950244388932777,499.5932606566722,0,normal
43.6,120.13331200200925,752.4996767592721,0.1920226428421527,505.49509631393806,0,normal
43.7,119.16627465243785,752.3103099989138,0.19259994554484947,496.47573339871377,0,normal
43.8,120.81305229153654,749.2039693748951,0.2050592763533958,508.28862403286877,0,normal
43.9,119.56625112922202,747.6171463426397,0.20368301427682414,498.1841232123562,0,normal
44.0,121.07440570533021,749.9535255123526,0.20585577623606308,503.9828077177047,0,normal
44.1,119.14314908815321,748.2354043601742,0.18781844051192553,496.7267895731268,0,normal
44.2,120.27113812631868,754.4006346253201,0.21860628091641393,513.0694312399913,0,normal
44.3,121.51608946920918,750.5504725247168,0.1938669818418996,502.5048273576439,0,normal
44.4,122.28660599839417,751.9824148251455,0.1957815541980685,497.0195015960736,0,normal
44.5,121.05427070535501,752.7406529263017,0.2089877421454183,494.7675293062907,0,normal
44.6,120.06972540300595,745.5756510911153,0.20084745135428064,492.700260285992,0,normal
44.7,118.79822263848105,748.5753190575496,0.2173262641718776,504.641046642161,0,normal
44.8,118.9312693089596,752.7862806387618,0.22733542385789385,493.3581571705699,0,normal
44.9,119.67739384474937,752.0413640213852,0.1925731915942155,490.2230476413505,0,normal
45.0,121.04765857983709,748.0469874546285,0.19996557800532194,496.66248750455014,0,normal
45.1,120.07634857255465,750.2556545936604,0.19176110906146934,502.2902431326836,0,normal
45.2,121.09771990775693,751.2206905412755,0.2097726074929952,507.0792118459519,0,normal
45.3,119.1263054420711,748.3159989986864,0.21333810970688843,495.19914506776644,0,normal
45.4,121.6926805343405,747.5220374604238,0.21889208403244378,494.44051522775106,0,normal
45.5,120.45645873941048,748.9657186660714,0.19423912102213628,510.27264875294503,0,normal
45.6,118.78582447688393,750.978411722385,0.21353313585386918,499.3674905604048,0,normal
45.7,118.63250538866133,751.47610604009,0.1981355583873279,506.47322708465356,0,normal
45.8,120.26861709050827,749.7858536555839,0.1846924916338651,496.7265893025207,0,normal
45.9,118.1475780965947,749.4411034500289,0.1888263307116211,495.56144261528146,0,normal
46.0,120.33785868303188,752.0961584298711,0.20304747570425172,499.78353003573835,0,normal
46.1,119.9755125606077,748.4227968171099,0.20133555105339565,495.85567835712635,0,normal
46.2,122.12922687302378,752.6209926978747,0.18545478019321948,498.2351149333244,0,normal
46.3,119.72839000306345,748.653710059203,0.19854211666467458,507.8384073245928,0,normal
46.4,121.23871293687715,746.4941296992761,0.19679167841335007,500.68777116520386,0,normal
46.5,120.95649991978654,752.6356612122495,0.19948711208464126,500.34674943504046,0,normal
46.6,120.73952625989642,751.0876960136804,0.19393284643729408,501.4640904689898,0,normal
46.7,121.31767522672627,751.3994281112905,0.2067141963738911,496.9297505365527,0,normal
46.8,117.93038952513662,752.2011769851792,0.19282186616572225,500.99394599089845,0,normal
46.9,119.2869963276966,755.1380267916713,0.20046920684992262,494.564742380683,0,normal
47.0,118.78780074357462,749.6772695991169,0.19492908424964953,498.2982768354894,0,normal
47.1,119.9351329020075,746.996296037715,0.22080343344633216,501.4997581007254,0,normal
47.2,120.40988195284972,752.1619759960874,0.21543149722986135,498.5911938451326,0,normal
47.3,122.08374410292082,752.0856055194271,0.1997314599548152,495.8230492452116,0,normal
47.4,121.18293901011083,748.3289586664565,0.19715946750581595,508.1648868930049,0,normal
47.5,120.03848452587827,749.8542037143748,0.1742567652063403,495.6443352711619,0,normal
47.6,119.28471971944937,750.3179202904637,0.19449863335198048,505.8021939697707,0,normal
47.7,119.9488661610049,747.9395871557896,0.19309236599086502,504.2663529754317,0,normal
47.8,119.14895355166836,746.192273195583,0.2019328662748061,497.66170815793083,0,normal
47.9,118.92324702735559,753.0561158638399,0.1865186277968387,498.91567148967647,0,normal
48.0,121.28796940269093,750.4752760394686,0.20453843198280372,500.76695675278575,0,normal
48.1,118.6489760227134,752.1362457862422,0.20167048940000332,502.9827415348638,0,normal
48.2,119.79519884154794,748.9015712007402,0.18958928812787418,502.11011530544084,0,normal
48.3,120.15563994110143,747.9114032231373,0.20713752667466895,501.6743746499165,0,normal
48.4,119.19442288003764,750.8472731813916,0.20310637469269574,502.0032100133448,0,normal
48.5,120.1642812886892,749.6311807620348,0.19653207555726832,508.75847073567036,0,normal
48.6,119.19776527513386,750.7644347905732,0.18307569421034547,503.11083638014424,0,normal
48.7,119.52606553018083,750.1217143578407,0.20850869186202514,493.651437060224,0,normal
48.8,121.00297638966518,748.4923864694638,0.18698367691284037,500.38217941046895,0,normal
48.9,117.39091757570381,751.9227187021137,0.20102154891164456,504.99562182717636,0,normal
49.0,120.32509104171002,748.775321499733,0.20630905803210656,497.84558656843967,0,normal
49.1,119.32390797055926,744.9196006022203,0.19992379542633001,500.3540654507271,0,normal
49.2,121.95478700162309,747.1655245129718,0.20079806129349004,501.05086292798273,0,normal
49.3,118.44475364696545,749.6099669372132,0.20204445509170282,500.4059731464768,0,normal
49.4,118.94886033769558,749.2497834089299,0.19240556144087376,498.1107178001888,0,normal
49.5,119.84309462894518,750.7274549895151,0.20034557686176585,489.8786572036304,0,normal
49.6,119.64125187115877,747.1051668506879,0.20420689375206655,484.9038427759158,0,normal
49.7,121.12450572923348,747.4490349739401,0.21122968768217318,497.13243628488704,0,normal
49.8,118.12077139252071,747.3552625687378,0.19636275771321599,498.890256889031,0,normal
49.9,119.24401393216553,749.1757593784486,0.1999621605550431,503.7598445894074,0,normal
50.0,120.12172534066535,749.1461047122257,0.19140827206557404,502.46257076252965,0,normal
50.1,120.35255569096404,750.994071399417,0.18414574692410182,505.58741034348293,0,normal
50.2,121.10518091641099,750.1720991489385,0.18161452615998272,516.4240206720774,0,normal
50.3,120.60076586840052,753.4984157588227,0.20389786292554637,500.73973932528264,0,normal
50.4,121.19911468184331,749.050606500018,0.21386353313041082,500.7354096209507,0,normal
50.5,120.39857744333092,749.6999145531705,0.19734809598827574,499.8369267894145,0,normal
50.6,119.77754753861282,744.6315480318513,0.19505961190923274,503.22873631906776,0,normal
50.7,121.0141305591101,743.3597012154021,0.19747080168611528,497.87719265140214,0,normal
50.8,120.18132145707774,749.115338448781,0.19412025851641204,501.8600067983167,0,normal
50.9,120.65777098514481,746.4640694606717,0.1809506461340579,498.0960310309719,0,normal
51.0,123.33050679810971,750.0287877516416,0.20680452688455211,501.6458704817412,0,normal
51.1,121.045663580678,749.597281529777,0.19866150089689003,504.9879465588799,0,normal
51.2,118.31007000582429,750.6770276295877,0.19179519011192236,493.1065730753021,0,normal
51.3,119.39493042693444,747.7554364493129,0.213568351761882,513.0174776882778,0,normal
51.4,119.19380650976072,748.7608705463191,0.18642548615722848,497.0602371429039,0,normal
51.5,118.9021628187947,748.8667026089324,0.20290534092069848,497.7457604852625,0,normal
51.6,120.06072349865745,747.2609496491751,0.20613715245319522,503.70132588574836,0,normal
51.7,118.24880719378514,755.1331961447098,0.17985534615452484,496.05409134832445,0,normal
51.8,120.04684610490524,746.4665165039505,0.20488342816715957,500.7690573045087,0,normal
51.9,119.20231821492214,752.2162261683112,0.20950248988196896,507.9846577299396,0,normal
52.0,120.56508817248691,746.3778108659162,0.22842350383408402,503.7113516842476,0,normal
52.1,119.22593519873476,749.464256950899,0.19226423420867053,495.4205040061954,0,normal
52.2,118.85192135805534,749.6506745019177,0.18728936244908193,501.71203177851277,0,normal
52.3,120.98823125503364,751.24702729989,0.18084471825513102,498.8178830185955,0,normal
52.4,120.30350800522847,750.4464790245074,0.19210994504397674,503.50898545428214,0,normal
52.5,121.95642437756118,743.5100465321664,0.22768178605219766,495.5895023935658,0,normal
52.6,121.13637800954027,756.208969456002,0.20967347253563093,502.7667435093696,0,normal
52.7,118.62277497379188,740.9987088372698,0.20268334044287245,499.48804317278814,0,normal
52.8,118.69778852337409,752.8079352412271,0.22015771852236507,504.89042057653205,0,normal
52.9,119.54378620742328,749.5665003517591,0.19352944175264217,490.3225175889523,0,normal
53.0,120.46373272368348,750.3081743488874,0.18336059179298514,499.6787389529373,0,normal
53.1,119.97546459172113,747.4148044853193,0.2046012675126473,494.845263079516,0,normal
53.2,120.26659563124348,755.6766413735792,0.21476969694459047,500.91524002175106,0,normal
53.3,122.09484151743865,749.1064518314085,0.20180006860667835,501.0865114771987,0,normal
53.4,117.70667446442198,750.1655739269974,0.19135395077211062,488.7976116753121,0,normal
53.5,120.66859658636947,751.6808498777561,0.20210984136194704,503.74097858253106,0,normal
53.6,120.95739026529083,753.2075407293421,0.2135708121252941,495.1412531057328,0,normal
53.7,119.66927066100625,746.2389442152022,0.20835838462671138,498.5376203422984,0,normal
53.8,122.38725732106985,751.1023847545531,0.20567164987602043,501.59147988304164,0,normal
53.9,118.09168246541547,746.8123838676082,0.1864200371618261,494.6490096464691,0,normal
54.0,119.2482357169733,749.1440200709727,0.2089003875660378,505.30629482132065,0,normal
54.1,120.1061374464232,746.4796812562665,0.20310178850466165,513.9829972659359,0,normal
54.2,121.6885419355934,752.7407713824908,0.1994669185860636,507.7202341138146,0,normal
54.3,120.04466434456707,745.5527406574477,0.2024110380733876,499.3222254374594,0,normal
54.4,120.26385754209612,747.408297236823,0.20834282788871764,496.60500451177825,0,normal
54.5,120.2235265354013,752.1009451333905,0.18267928163149333,509.1534305223769,0,normal
54.6,118.565227826525,750.0899087593075,0.20299868521253348,503.2743125638121,0,normal
54.7,120.16695614197845,749.3479496606029,0.22012965267584972,501.6750792890325,0,normal
54.8,120.79064364957648,751.723592263671,0.20732599430784734,497.52923884320825,0,normal
54.9,119.09730907249568,748.4650344037698,0.2083961671894859,498.61088389141406,0,normal
55.0,119.82210074409525,750.0682589424175,0.18717782979256492,500.44180758498067,0,normal
55.1,120.14537531051268,746.2967189787738,0.18677068616908643,498.9567827299536,0,normal
55.2,119.87654831397964,749.4900199560307,0.18310087279203838,493.2180633021987,0,normal
55.3,120.1397891544858,743.7369470520106,0.20402877680722972,501.21523975468625,0,normal
55.4,120.37138324566126,746.7755688918813,0.18684447945867272,490.6681391034023,0,normal
55.5,121.21303620097028,747.5803348661397,0.223335246116184,504.34345096080835,0,normal
55.6,121.12800965329521,749.4957541178308,0.2020773455072723,487.1539897869388,0,normal
55.7,118.97649982289508,745.5142838520312,0.20415567143255076,498.59528365488376,0,normal
55.8,120.2000364104767,749.1582655051743,0.20538459754990462,498.40581581709404,0,normal
55.9,119.6852219939701,745.292193104212,0.1907471527270215,501.4364798827289,0,normal
56.0,119.38126498041487,744.1104575832469,0.19164363846339627,492.5310870185558,0,normal
56.1,119.19558464598845,746.8555459689213,0.2070252715973708,500.2471723977706,0,normal
56.2,119.6345743379187,751.683991380162,0.19426866856477898,505.24010700535723,0,normal
56.3,119.3634050692729,751.0159803343555,0.22660526018962107,505.19682563252974,0,normal
56.4,119.48735715471776,751.4875206794444,0.19443019872924858,499.9224711139642,0,normal
56.5,120.81624350032904,747.1554012295837,0.20884940312750422,501.48397507415405,0,normal
56.6,120.11628679230509,750.4850786090557,0.21745018542487604,499.11448540658546,0,normal
56.7,121.92066581434248,747.5717297564743,0.19260449954412306,492.4880014371869,0,normal
56.8,120.21668570053406,748.6347138974941,0.19317882199729064,504.47440795501603,0,normal
56.9,119.80920719872078,755.4239773192425,0.2197729943441473,491.50191361270873,0,normal
57.0,120.49243493760824,751.6741890713355,0.2077293079965352,497.5399471171997,0,normal
57.1,120.51329433705331,751.5323659482111,0.18758902891167825,509.9082999630885,0,normal
57.2,120.44200844964897,747.8868797444212,0.21767488355620243,504.74101123573183,0,normal
57.3,119.10414160420488,751.2073727233632,0.19054054818023217,504.60823802393503,0,normal
57.4,119.76522437999841,754.7024368075802,0.1994952295917771,504.96191543467233,0,normal
57.5,120.38177907773695,752.1000744873343,0.187518689976663,496.42624978546183,0,normal
57.6,122.08987623230705,753.9194988158864,0.1897032447738999,495.4640582605556,0,normal
57.7,119.67769838180658,748.3758465579662,0.20670363718954776,502.7024375850274,0,normal
57.8,121.15711159137607,748.8604733939092,0.2120715127883527,505.233580917268,0,normal
57.9,120.49183189144523,753.1766066294639,0.20548529628999682,503.4888917507835,0,normal
58.0,119.39986788885233,747.6684226657673,0.2123977396326483,497.61288810968756,0,normal
58.1,118.91388231466999,753.6072044101104,0.20125631205449357,504.6799465511536,0,normal
58.2,122.00396945122395,749.2092248101727,0.19627052697480613,496.8316228056687,0,normal
58.3,119.57270997260115,750.0669242820436,0.18307092294704708,499.45294576977767,0,normal
58.4,120.3631793165012,751.4801467169727,0.20269608064277092,497.9895802839863,0,normal
58.5,121.33308137122,753.4688859497367,0.18686398061986467,500.5394074999087,0,normal
58.6,121.07618190684853,751.9720199900687,0.18986892349870688,499.8574850425034,0,normal
58.7,120.87966162549324,752.2965745698874,0.191834747970525,497.6581035503321,0,normal
58.8,120.92001859129047,751.7181192150368,0.1994988785809711,510.42883536374785,0,normal
58.9,120.11634072448952,746.5604584745566,0.19471077358949068,495.36270787136453,0,normal
59.0,119.74962997692408,751.1580841942093,0.20128783038257878,503.97568551213664,0,normal
59.1,120.15762367133154,747.0893125799377,0.18936073151486849,490.4180539749744,0,normal
59.2,118.65047807100183,752.303099189171,0.21844849426746396,503.6972050765812,0,normal
59.3,120.44755648234103,748.9001541169105,0.20673854527303567,502.9437023897431,0,normal
59.4,121.21810492816283,750.2666820581139,0.20682291857003357,499.99050974161344,0,normal
59.5,119.52154912967288,748.780007554005,0.1818835374455035,505.3872680880169,0,normal
59.6,117.84756662297873,751.74288190962,0.19264771232721653,513.3408634735842,0,normal
59.7,120.58447312047231,750.3265258739002,0.2255555220921684,502.8529766732493,0,normal
59.8,120.06571748653079,747.8780746088029,0.20606867017693165,503.23516603489304,0,normal
59.9,121.35957876698419,744.2571213893802,0.21463148055248918,490.96480895254496,0,normal
60.0,120.56254121941329,755.0187821371688,0.1891849943970474,501.0386480018645,0,normal
60.1,118.67879527614116,743.9582975911517,0.2023196746387082,496.2694187749286,0,normal
60.2,120.49879094093735,752.8382861212942,0.21881460583943416,496.47364337020264,0,normal
60.3,119.42057791346113,754.0255805888675,0.20664612118214296,495.0712184583769,0,normal
60.4,118.16528323598563,753.5437247613193,0.2055806546018485,509.6147852695443,0,normal
60.5,119.57517746224207,746.137950411514,0.21491182051171062,505.6437460772704,0,normal
60.6,118.32851190569252,750.5139008063009,0.17394725119818255,498.93665903441195,0,normal
60.7,120.8547340714633,745.5222933065031,0.2118851437884928,499.260971980657,0,normal
60.8,120.22618960048526,746.388954112957,0.19644870825799396,493.38111212821684,0,normal
60.9,119.74342306543377,748.389164422048,0.19334004110717945,500.5019568853928,0,normal
61.0,119.9324595284049,746.8283625266,0.19052577503276738,498.05596012776186,0,normal
61.1,120.14668297331725,752.2837568594134,0.18513086707767085,512.8047644538009,0,normal
61.2,120.14260397595952,748.660098880222,0.21598022103846076,486.55463791150277,0,normal
61.3,118.78518821433615,751.2352186760472,0.1945428824571591,503.78161682465054,0,normal
61.4,119.25702404948022,752.9603090620099,0.19479664095780394,504.6978480351826,0,normal
61.5,119.05318735159813,755.8632606455042,0.1978256385192139,502.3181961115768,0,normal
61.6,120.72896903112215,753.4677341085476,0.18475983859080927,495.76863931861607,0,normal
61.7,120.0820526558674,751.1575637568252,0.2053828975772816,501.97158732784413,0,normal
61.8,120.52164757973475,747.829649913756,0.183877962385214,500.2934139709617,0,normal
61.9,118.18804585782213,745.6962398915358,0.20238998367080654,498.4932738020354,0,normal
62.0,118.43701058518441,752.1201284937763,0.19816777159601343,504.11555633191034,0,normal
62.1,120.42805834693763,745.0212388783842,0.20072215295014784,511.67152332311485,0,normal
62.2,120.26509416156895,747.0484064554506,0.20398626666680317,502.4058765851511,0,normal
62.3,119.51345489279814,752.9148174491191,0.20594940968605002,501.7420173773097,0,normal
62.4,118.76795360843651,743.6876992330992,0.1962150937873537,505.33342838040807,0,normal
62.5,119.30114127915274,746.9038300247065,0.1883571125825907,503.07106565086224,0,normal
62.6,119.50355775920286,744.9333973355695,0.2137744426327765,501.23801035667583,0,normal
62.7,121.81218139240737,750.3401969846274,0.203565115879385,505.37635094963,0,normal
62.8,121.46807072075602,752.2160465616403,0.1915613772363404,502.28776609936165,0,normal
62.9,118.61259611881783,748.7822850952734,0.23460872576464442,495.06401618080497,0,normal
63.0,122.21760988453069,753.2167996276355,0.20438413282951212,494.49385127731557,0,normal
63.1,119.40245012677339,750.536010378506,0.18862831663698695,493.44507554538575,0,normal
63.2,120.91900919304904,749.8725388836161,0.19607296767936067,506.12684314749976,0,normal
63.3,121.29593439203278,753.3864919774267,0.2102778640499438,510.80134559584445,0,normal
63.4,120.25612664758569,753.6206851653716,0.2175604444023301,502.65448521769827,0,normal
63.5,119.13223068868517,750.8985151145644,0.18762284706861632,503.04730991567243,0,normal
63.6,120.69423117635641,750.466144100411,0.20439608398461995,499.1125524255144,0,normal
63.7,122.06553440218003,748.1191177149545,0.19096024266279396,511.1194646014797,0,normal
63.8,120.474853370742,750.5288680605663,0.21401954844308774,504.0860299844249,0,normal
63.9,119.85688415944375,749.5185368942439,0.19219837296928804,499.85495286584086,0,normal
64.0,119.77881244633777,752.0082220716977,0.19794024769223412,510.45381339068007,0,normal
64.1,121.31001808769977,744.1717545374597,0.20163337650671428,497.6893625294474,0,normal
64.2,121.93194961458465,751.3011452221762,0.1919427376066613,500.1000167457637,0,normal
64.3,119.21382067853757,749.0587858029883,0.2072987763639776,495.6781550041931,0,normal
64.4,120.30151783869081,748.0541810049328,0.20767067369307876,508.6480917895512,0,normal
64.5,118.29114700233161,750.2972392560433,0.1874679566321217,496.14839019461175,0,normal
64.6,122.17811534982005,749.4762058985974,0.19692240516631745,502.7139061521472,0,normal
64.7,117.11319851782606,749.2591968991505,0.1879521989300474,504.3295413528971,0,normal
64.8,119.62933332421915,748.1730522609096,0.21907539745928575,497.31154130983435,0,normal
64.9,121.61130103395207,750.4445374879683,0.1923387014637344,485.5840485955681,0,normal
65.0,120.9869706422294,743.5887204032203,0.21563890297184407,503.15728142678853,0,normal
65.1,119.56161182036428,748.934179144212,0.19963790490819303,501.1274874531072,0,normal
65.2,119.39229128831592,746.8395813639893,0.1978182517001312,507.120105177807,0,normal
65.3,117.97808560068862,748.1856590193137,0.1952363456847221,503.52738783067883,0,normal
65.4,118.90057809916848,750.2766662806857,0.19233586198796987,497.82227640656396,0,normal
65.5,120.65261691433962,747.7494100121819,0.20284637324348265,495.2975852934376,0,normal
65.6,119.48942679814192,749.6148832093965,0.21683791128078106,500.7849986549725,0,normal
65.7,119.87094064770908,752.0615507847012,0.18330181749563376,489.6850339010454,0,normal
65.8,118.22933642312105,750.1371927929883,0.18631657630426895,507.73673921019144,0,normal
65.9,121.97017596885266,755.7013057454091,0.22974976686093482,508.3055448381339,0,normal
66.0,121.0816321568705,746.4840224985685,0.19702148279630483,505.93532920117815,0,normal
66.1,120.86145148252433,751.4947331123088,0.19740028104441065,502.2737805390144,0,normal
66.2,120.04556744548532,747.144689438098,0.21319119893691077,497.1238291779663,0,normal
66.3,119.19158696973034,754.404388794966,0.19746405481815096,496.6071075220785,0,normal
66.4,119.80669986448653,752.8139224965439,0.19900539481104246,503.2021501340529,0,normal
66.5,119.45749284306986,748.3614541412088,0.2046978334794901,499.4492210070753,0,normal
66.6,120.8385844661294,750.2762226944579,0.20796954159005152,503.2327802343573,0,normal
66.7,119.97361199750509,744.5160809080248,0.19216430807905183,501.58632440425384,0,normal
66.8,119.96668901756468,748.6154553979173,0.2103224185620304,497.5742532045434,0,normal
66.9,119.69662325688103,753.1431204767478,0.1817175926650778,495.5649091773391,0,normal
67.0,121.03621243202268,744.0541024548993,0.20432619135276822,503.72395583109096,0,normal
67.1,117.88035796111194,747.5041732646193,0.21011462839285494,494.5550910864803,0,normal
67.2,119.68599122241629,744.3625028544354,0.20177995628933054,498.90732503893287,0,normal
67.3,122.34129406659997,753.2130871528362,0.20145716922201726,502.0084819439268,0,normal
67.4,120.41492826861044,753.4160593378219,0.21862255220075327,499.09348464963085,0,normal
67.5,119.35379075268662,753.317989195739,0.19485974446151658,493.5511383200465,0,normal
67.6,120.99039451200171,748.5964763735197,0.19430470647041412,505.0908208405855,0,normal
67.7,120.57926151219156,748.0049480816576,0.21415591121738617,499.11376004500295,0,normal
67.8,118.19991029727817,746.2267189181096,0.2042729349457427,502.81344129639524,0,normal
67.9,122.04502084082883,747.0748528491577,0.20703827937872685,499.2867906765399,0,normal
68.0,119.34974889783247,749.5878970098219,0.18113347857047335,502.32928059883824,0,normal
68.1,120.14188706829688,748.9918261802394,0.1969816673354975,502.1539194676693,0,normal
68.2,121.60068338361413,747.8202850464332,0.18928716593817949,498.6988699615938,0,normal
68.3,119.52151533490454,749.7025600110355,0.19181218983897255,506.95869935107584,0,normal
68.4,122.64205420970931,751.8784706462222,0.2142319113797737,494.21953009839496,0,normal
68.5,119.92774868578111,750.8132482658214,0.19151605282989462,498.55593740646265,0,normal
68.6,120.75285713441097,750.9254711837092,0.200814125876818,495.9408677996296,0,normal
68.7,117.02545574892855,749.3777056578771,0.2255181903256843,500.9189595405617,0,normal
68.8,120.06641821346648,751.8109385114622,0.18771375155881706,499.73278367560005,0,normal
68.9,120.05715120113891,747.8472948649505,0.20041230991308168,504.2773162010809,0,normal
69.0,118.83976336530365,743.7511901335788,0.1956682734961751,509.3437580213284,0,normal
69.1,121.78127603142741,749.4859471015767,0.1950555412525556,495.5960089083402,0,normal
69.2,117.79807595009441,749.7558079246221,0.20402984619643105,500.80676393922914,0,normal
69.3,118.97768461202631,750.8599159488798,0.2041500498269028,497.2511415017694,0,normal
69.4,120.81902760271896,749.6976782671217,0.20632559356864646,507.28365404662947,0,normal
69.5,122.60818952302593,743.4037777526,0.2088413698532913,498.1323037208371,0,normal
69.6,120.56958933067152,742.6829654618214,0.21000853665371122,504.40127832287754,0,normal
69.7,117.9232928707602,751.8719503396597,0.20450992539279714,496.81299714499323,0,normal
69.8,119.76887355936454,750.3629747211243,0.1878983184300448,505.5915370049007,0,normal
69.9,122.07878800402537,747.6067899212192,0.21293786748353813,504.6417199674088,0,normal
70.0,119.45156241157278,750.5171234234143,0.20346894683674693,516.8402014532229,0,normal
70.1,121.49994828241243,745.4171453977993,0.18955991987671209,499.97673889207397,0,normal
70.2,119.78725730603448,750.3283889171048,0.1902263773723833,499.8442443975786,0,normal
70.3,121.87098988747393,754.4630337647616,0.20184671143454472,502.50436628170075,0,normal
70.4,121.12402766978401,750.7218540104717,0.1879487843232572,497.719300200808,0,normal
70.5,120.19230873193735,749.662021022633,0.20413871621047358,498.5375853230658,0,normal
70.6,119.71891200618572,753.5051049435476,0.19397635642262587,506.53962349818744,0,normal
70.7,119.6488206573947,748.2632968611069,0.18414137048201068,494.1071954742193,0,normal
70.8,121.70289258714648,748.1100943366599,0.18659703651142764,501.3498422053593,0,normal
70.9,121.47185055658477,751.1211893577648,0.1958477259117852,504.957006872206,0,normal
71.0,119.90607673168356,747.5238507652492,0.1891690755494021,499.23736360792014,0,normal
71.1,119.41111157556288,749.0780895864889,0.19279185267130786,502.8352879939161,0,normal
71.2,120.21193530200526,751.4689982098407,0.18926887921029645,485.3296832699123,0,normal
71.3,120.67307809828624,752.1820376969891,0.20064325114008824,497.7820050850552,0,normal
71.4,119.2809932878877,750.7989905498033,0.21114846457067615,491.7545971717915,0,normal
71.5,118.16889977811647,749.5052091952983,0.2036381208978373,503.1602849549271,0,normal
71.6,119.83855882149919,747.8908902991545,0.21455001932037837,503.4764578831613,0,normal
71.7,120.26224029136654,745.0229336059631,0.19722611936648415,493.615243577484,0,normal
71.8,119.40027899062754,751.3157649522883,0.22480834336869146,486.93735934214294,0,normal
71.9,120.15049531909904,745.425066878364,0.19594632554378733,492.2941356685411,0,normal
72.0,119.70302600067029,746.167537595355,0.19598478700718713,503.4291347423401,0,normal
72.1,121.5093418842747,747.2172930450142,0.21593337229598383,509.6113520059892,0,normal
72.2,118.75022542417058,746.586241525534,0.18558792852779862,493.54450869468116,0,normal
72.3,119.06938409854968,750.8368041782128,0.1955779731879037,511.05802698702456,0,normal
72.4,119.83894571673302,750.942334807673,0.21746387846839207,509.7087316631366,0,normal
72.5,119.29814165231316,747.7494716656943,0.21143818513381815,507.71594607213905,0,normal
72.6,122.52558303005426,748.6537116854998,0.21483885326698732,497.9301931371195,0,normal
72.7,120.7932172964722,748.6776567088324,0.19618346145913768,509.3704236412953,0,normal
72.8,118.68673095172302,757.5636716416982,0.21661175483347073,506.96439955965053,0,normal
72.9,120.71581269488084,755.0154471663719,0.2069902093916061,505.2930090180832,0,normal
73.0,119.99186190075807,746.1996436073193,0.22404130968166727,503.83938445450985,0,normal
73.1,122.0047162515944,745.2763700822915,0.20865001711752743,492.44522220413074,0,normal
73.2,120.91317632307414,749.298312504227,0.176492225851771,511.679533605659,0,normal
73.3,119.72059904595419,747.387522047283,0.22011634962231097,493.7299585245346,0,normal
73.4,119.76832183669262,744.177697616828,0.1879853269373972,500.3879567350829,0,normal
73.5,119.99907680720344,749.3905075774272,0.21750826275000748,495.2540068663744,0,normal
73.6,119.51698566365278,739.8694905403759,0.19912349885719127,502.6423651582426,0,normal
73.7,119.4690244597953,744.3447154651769,0.21132006832405256,506.66758594222847,0,normal
73.8,120.54610962849763,746.3666659834715,0.20318027220205293,512.6917784179412,0,normal
73.9,120.36918365112413,746.7184724517547,0.21792095194154543,499.00173962221487,0,normal
74.0,118.97582550493746,747.461219960532,0.18873609071993744,504.41750719206493,0,normal
74.1,119.70573744906129,747.7349094976944,0.18012756434594032,504.52753927006745,0,normal
74.2,122.1532618864394,747.4666907026586,0.2224876275883342,502.5409218922305,0,normal
74.3,118.84870314532813,749.0360883649728,0.20092374784545047,493.0700417992641,0,normal
74.4,120.08081606772726,752.69326192422,0.21747789041721946,501.92547028189495,0,normal
74.5,116.31346712048628,742.7582726963506,0.19510108232787166,506.6494429910887,0,normal
74.6,122.20016974893052,744.5161788368683,0.20251046077545543,493.2996443426852,0,normal
74.7,119.94326733654738,748.4808872604202,0.1994593952643587,497.0360506719355,0,normal
74.8,120.95798303593217,750.1063965694728,0.20255450179193937,497.24329426473287,0,normal
74.9,120.0187680207248,750.0004368957394,0.19030051456583857,498.0790555973473,0,normal
75.0,118.85023877708632,747.4721877979783,0.20141393279974823,503.3902289861085,0,normal
75.1,120.80315244187628,749.5047725668983,0.21646268476003744,504.4462509731542,0,normal
75.2,121.53648539730717,750.6620496740704,0.2134918911421649,497.79887658001354,0,normal
75.3,121.89821241970795,748.3969647229485,0.2083992291555749,512.7350456299447,0,normal
75.4,120.83467995824647,755.7908578018981,0.19221526016690144,492.1032906410127,0,normal
75.5,120.27008285646194,747.4116291961888,0.19967330351037071,497.17319854646405,0,normal
75.6,118.40769779104902,752.2471607729186,0.18649698846578208,502.7479871076581,0,normal
75.7,119.38019020290334,751.7303269089539,0.2015344225131172,503.2559170278904,0,normal
75.8,121.69054333620761,745.5949894492996,0.18118411803889622,502.4332841164477,0,normal
75.9,117.66729579113567,750.3177656273451,0.18866362944781404,499.20111296295005,0,normal
76.0,119.54898585848795,750.8515305548839,0.20387504099756423,511.3675724695816,0,normal
76.1,118.25310122727996,749.6586641681291,0.20485835938028185,499.2552723730607,0,normal
76.2,117.13382609258711,748.8385250955479,0.1924250834455888,497.61440539972546,0,normal
76.3,120.05500640198811,747.1477696817858,0.19794188288052483,505.55924746001307,0,normal
76.4,118.7134721712323,747.793962679199,0.20481355191798156,509.29988250844735,0,normal
76.5,120.58209775334795,748.1529838398233,0.19253468408541108,496.95565594916496,0,normal
76.6,119.21432840760228,748.5228660819525,0.19211622586712532,504.8284794606054,0,normal
76.7,120.84524612754193,749.7558083755774,0.19703730451984747,493.51441528767856,0,normal
76.8,121.83954187812978,754.5084180956839,0.22790684701006447,497.7083532483716,0,normal
76.9,120.71896465141418,752.6571342808288,0.20285245422075696,500.61874936949886,0,normal
77.0,120.2803240619923,753.8550170287637,0.21287799229630597,498.88214519922155,0,normal
77.1,118.82565881827799,748.0095587823585,0.220268555853735,503.26167704514666,0,normal
77.2,119.29782090580792,753.9940338107486,0.22598130872986252,501.03663711998,0,normal
77.3,120.929503035288,751.1546361414503,0.19921617748484935,494.41445049922294,0,normal
77.4,119.84827017152256,753.9822852694109,0.19999906797255174,501.97354363103614,0,normal
77.5,120.42504095666587,751.3609155150046,0.19706045908635397,484.6336306561701,0,normal
77.6,120.22955060045442,752.2888070139621,0.22200344578296588,506.72376669700606,0,normal
77.7,120.62905046392298,751.4989253346788,0.1927235851992816,496.17422897539933,0,normal
77.8,119.33888802624871,750.4069441493899,0.19717543471360965,493.1817330059327,0,normal
77.9,119.82190596937356,745.2524568350163,0.20037620453502875,496.971172999147,0,normal
78.0,119.07517146769288,757.1861552864302,0.20928604756035882,502.9820846588616,0,normal
78.1,120.92958230774096,746.087067737876,0.2036036135006642,483.5381758694589,0,normal
78.2,121.28211860312047,752.8813907001942,0.18418433359397796,507.10418384991453,0,normal
78.3,119.78687792243893,744.2227357051952,0.20171412684094744,498.6623253062122,0,normal
78.4,119.65251624282213,750.2479562866857,0.21682629566888584,497.0896009795663,0,normal
78.5,121.4699307627036,748.8184853275125,0.19016070699634355,492.8894360964655,0,normal
78.6,120.2485204459153,750.9786044478107,0.20276501372449604,507.956984959834,0,normal
78.7,121.46236017993986,749.2829243978404,0.19372873275849942,506.04991317470547,0,normal
78.8,120.16625532630201,746.9737111848891,0.20609949460749563,507.0326077052908,0,normal
78.9,120.07977638794348,749.0629130947062,0.19723526148533205,497.94940961958997,0,normal
79.0,119.35431744305897,750.9281189716803,0.20492073670025185,497.6794649453716,0,normal
79.1,120.55295973343996,755.4182248884078,0.19646556873187754,490.96924932324384,0,normal
79.2,115.46577965371463,747.54146669692,0.20047403167003108,495.1003689874032,0,normal
79.3,121.08100747327242,751.6900616446123,0.209959416837454,502.7243238724466,0,normal
79.4,118.43507829635553,752.5607483406791,0.22225800746534327,506.5740153831357,0,normal
79.5,119.6076443040841,747.9792682503289,0.21793652408223735,492.40922526894417,0,normal
79.6,117.97904959915294,755.4474629821367,0.21232949135695758,498.3781424581742,0,normal
79.7,119.59285018723136,744.7849606629536,0.1950946494934753,497.3321543580478,0,normal
79.8,120.75175554116804,748.7971212052535,0.21213074162028853,492.584040188552,0,normal
79.9,118.97579579383394,747.1819185021844,0.19299558325094235,498.2733933120521,0,normal
80.0,121.63261148704957,745.1766754398451,0.18924684394832178,497.10611818793745,0,normal
80.1,120.33690590852878,750.6345844301197,0.1956608996740122,498.89410485996024,0,normal
80.2,121.66837359212556,752.7970600294759,0.21680455596105697,500.18826573245593,0,normal
80.3,121.44086751006625,750.7398404809405,0.19417951359951496,494.2356134051401,0,normal
80.4,121.77709744740216,752.1353574381361,0.1948533521723275,498.5519288912159,0,normal
80.5,119.40717285349206,751.2130996625236,0.20684513946310967,506.2996590377805,0,normal
80.6,123.29588245842959,754.6616059494322,0.19110596746628503,501.5032060255258,0,normal
80.7,119.7540645894483,749.7093261341732,0.19910709895679396,506.85258810001886,0,normal
80.8,119.00082408963965,756.887981044467,0.20520543797955315,496.8859019437538,0,normal
80.9,119.82345605669093,745.0903271094261,0.1963243025530048,490.35987961997506,0,normal
81.0,119.09334728656003,747.8225261012836,0.20584968785571903,506.5323261225986,0,normal
81.1,118.14751200232752,750.0199979166566,0.20808393842491024,494.80298896265737,0,normal
81.2,120.34071627211131,752.1075898900151,0.19471799971660994,500.1355312426242,0,normal
81.3,120.71165998370334,749.628817279577,0.1836066275703034,500.312541605722,0,normal
81.4,119.13661617819504,747.5914570254113,0.2160067521448316,507.01838106329404,0,normal
81.5,122.04336234868587,753.3992391508881,0.18827568305938244,504.7761919340442,0,normal
81.6,120.36101634258982,753.9759474483034,0.2241468268461323,503.0483025039641,0,normal
81.7,119.83260765769731,745.4039570132699,0.18332923668465598,494.27647608873826,0,normal
81.8,121.11814506569006,746.4100165058737,0.21361838289748358,495.62867309042224,0,normal
81.9,122.29238487841114,749.1124749035538,0.19486199938503831,488.17577661052246,0,normal
82.0,120.36876280698026,754.9179464317173,0.19095488196544905,494.0579943881879,0,normal
82.1,119.68378860203605,747.6549578687425,0.19503478308727176,496.80397389857694,0,normal
82.2,117.70189426113961,752.9191653197612,0.18795014460551113,510.3958428784435,0,normal
82.3,120.98493006059367,748.3052477234919,0.2008435377121984,496.0939203180001,0,normal
82.4,117.22852927852462,750.4492645246401,0.2100529098544646,505.6279749014622,0,normal
82.5,120.74951686436161,750.2424439453515,0.20342238178483998,501.0918273541558,0,normal
82.6,121.70185055230895,748.6412295733012,0.20967595967554634,492.6971934979397,0,normal
82.7,120.4286733112153,754.0154768992314,0.1901693859136512,500.167667035563,0,normal
82.8,120.74349117331991,746.516284980301,0.18194197200998605,507.4649404587721,0,normal
82.9,118.67307300236254,751.8369091514727,0.191556157646957,496.4388054657157,0,normal
83.0,120.86838891084548,749.1525732448423,0.17991741914553963,500.62738416413214,0,normal
83.1,118.64426260315436,747.7097666806354,0.19437067923587076,504.7700559397357,0,normal
83.2,119.08821921680962,753.4869802242703,0.18814262763468337,502.516137210425,0,normal
83.3,121.35873477557604,747.3780306391276,0.2262378419940144,496.88767747853495,0,normal
83.4,120.05861777274532,748.1948139602654,0.22228072149632858,501.5442872277978,0,normal
83.5,118.45615077137138,747.5695244335093,0.22240266803896125,505.77062770328075,0,normal
83.6,119.13462280105978,752.8328981155287,0.20354243961547505,496.5512252772617,0,normal
83.7,119.55544383738805,754.9065576036345,0.1982204416376901,508.7789585306342,0,normal
83.8,118.80427338979992,750.9241413282618,0.21210394342332425,495.9564140148848,0,normal
83.9,119.31065882684754,754.421175209717,0.1830871296039488,495.15977493616884,0,normal
84.0,121.88942205526544,746.6292152912795,0.20339059894339723,496.88362647691304,0,normal
84.1,119.04713833529556,752.35411305194,0.20688258091244685,498.04085897306646,0,normal
84.2,118.96659810811826,748.1796325848302,0.21140955231919614,500.576899770069,0,normal
84.3,118.07370921394579,752.6805222047227,0.20739658716287404,490.56164123569465,0,normal
84.4,120.20318307568394,753.3172601517945,0.17311188397230806,491.9860216542886,0,normal
84.5,120.66205255401059,750.3391352635925,0.19269505896828676,504.91403151209914,0,normal
84.6,121.41965819950242,750.0243895281385,0.20305912501360007,507.41761886235673,0,normal
84.7,119.08849320700256,747.2619241101025,0.17817112694372175,503.78081411688237,0,normal
84.8,118.80705921524113,755.8123951379013,0.20857803841491507,497.7632027357769,0,normal
84.9,120.57296584725124,747.8396674059073,0.20409779839787268,509.72514006127,0,normal
85.0,120.94694293144649,742.5941989707452,0.17122260654205823,501.82753149760543,0,normal
85.1,119.27739095776019,756.1319618828436,0.2041510866265607,500.88878725010164,0,normal
85.2,122.95616963008916,749.424900059891,0.18182574909092525,485.9595802900666,0,normal
85.3,119.36647080786196,752.3379018961207,0.19376766411976087,492.06624699673887,0,normal
85.4,118.51230075253666,751.9609956053964,0.19222741410711014,498.2918160911687,0,normal
85.5,119.3936867949742,751.9309786567308,0.20199738927567046,502.51204950497464,0,normal
85.6,119.75198509781097,747.8674637801789,0.23474774536293935,493.84992474819995,0,normal
85.7,120.30023116388844,751.8933765169742,0.20593845326885504,496.74570005167334,0,normal
85.8,120.31894292064075,749.0042373984602,0.21186312277671035,494.2171730298446,0,normal
85.9,121.0743000731812,747.2871607634856,0.1958778919337073,501.5849176109433,0,normal
86.0,119.65276014563479,749.2268042318352,0.19884234733391581,503.738546421479,0,normal
86.1,120.75293105644903,753.9818012980639,0.20583196723914035,490.55761581982136,0,normal
86.2,118.1123527819796,750.2836887698655,0.20574276669567856,490.9176126576798,0,normal
86.3,121.43209239807237,749.8758731040562,0.20198752582878962,487.74917995523356,0,normal
86.4,121.62072136948449,751.0139231526753,0.20603106576726213,506.5799374311514,0,normal
86.5,119.41076330309406,749.0227355614385,0.18812422847401522,504.4659402059215,0,normal
86.6,120.03374799445064,751.9834112932995,0.191431548512793,494.8832245833254,0,normal
86.7,119.89678424823072,750.3471341232407,0.21887489855579095,510.4249313492787,0,normal
86.8,121.14089264726691,749.7657938300775,0.1997651604769846,505.2518959443619,0,normal
86.9,122.13162381704178,750.7555970000146,0.18240674280057367,499.25292647676355,0,normal
87.0,118.49576707366819,749.5530963223285,0.19344102350763942,502.49289535288534,0,normal
87.1,122.47607079769315,746.028942675678,0.18617572023340245,490.15800905114287,0,normal
87.2,117.17758912438013,753.9325576634005,0.22075007763007518,495.07409996313595,0,normal
87.3,121.20006977116302,749.9147177787438,0.19488310440984555,500.42435976742564,0,normal
87.4,119.78012887332682,749.7446975678898,0.1922985233273091,491.48215094046003,0,normal
87.5,119.98820334170422,751.5251548749286,0.2062047896265016,507.01398393228646,0,normal
87.6,120.45200274169775,749.765715394993,0.2006803086996866,495.7054737506766,0,normal
87.7,119.53122427072607,751.580600616946,0.1925336504555067,507.29411262700336,0,normal
87.8,121.48469732183891,749.4208964759606,0.20520174151200932,496.6343343026927,0,normal
87.9,119.58637445713056,748.685014186001,0.21198593415456335,498.9978111677038,0,normal
88.0,118.86738922207749,744.2160493115667,0.1947727109237707,501.9639940353172,0,normal
88.1,119.64176339844123,751.4586764550845,0.17437448215564916,501.8250075205831,0,normal
88.2,120.29242086205393,743.6873727191054,0.1956335733633741,506.2801894689979,0,normal
88.3,120.01858105873931,747.2786157753675,0.2006211655686891,490.1582491159638,0,normal
88.4,122.38824549799374,748.2701343275305,0.20342664514327718,505.5331783173473,0,normal
88.5,120.50550302372625,746.438839570303,0.20116986473183168,499.3846630724709,0,normal
88.6,120.55667554655611,751.9921682044595,0.21674674562888274,505.3552374905057,0,normal
88.7,119.97340630625726,751.5671726921115,0.218582350069771,501.44307616035735,0,normal
88.8,120.48754163635611,752.1040032999723,0.19691591711571088,495.5980688234014,0,normal
88.9,119.47991009428969,754.0489683043338,0.1957264562569615,500.5353136074514,0,normal
89.0,119.64105480296138,746.4234007063217,0.1954203571571061,503.98319272348124,0,normal
89.1,117.81040514096036,745.7655343651136,0.20491027172821155,517.4566119125864,0,normal
89.2,119.59861821523907,752.14978018881,0.20446434978817543,496.86903837731,0,normal
89.3,117.94922598397358,747.1415596556653,0.19727273904807754,501.5965899822057,0,normal
89.4,120.77864648112183,746.6224489265662,0.20954548405586007,498.5557700647359,0,normal
89.5,119.56116580079731,751.2656817399662,0.20623283435341316,503.494854281795,0,normal
89.6,118.79764240776578,750.9126277020785,0.20082907220652824,504.2811102339079,0,normal
89.7,117.64323566337973,756.1297500646159,0.21796615443493772,487.7992756831326,0,normal
89.8,119.83889237385524,743.3766296809935,0.20749611981994714,498.5258421674395,0,normal
89.9,120.78655877902406,748.3533464981473,0.21625203450966615,508.0561894407056,0,normal
90.0,120.3238509298765,751.1763185235933,0.19498933874668925,501.4491171396661,0,normal
90.1,120.9773214984899,745.0274510533735,0.21379390078809293,503.5078107175712,0,normal
90.2,119.31285475424285,744.5657724949172,0.21339577287696754,510.5310105035927,0,normal
90.3,118.2178970779286,753.3333742828298,0.1843164546317595,511.95514468536317,0,normal
90.4,118.02063269323152,745.5018308896663,0.17679774965537168,495.88381056992665,0,normal
90.5,120.7164671775979,741.276031708974,0.2106185450198333,494.91045347317214,0,normal
90.6,119.23189932072765,747.1642508428813,0.22680443546183435,490.52737120407727,0,normal
90.7,120.26276152166837,750.5511151552594,0.19654197773102447,510.0175537747017,0,normal
90.8,121.60874195766678,747.7315633723458,0.20740173011768426,498.09177011226905,0,normal
90.9,119.45936894031719,751.754185376238,0.19849998646191222,504.3445098103294,0,normal
91.0,118.65661561639446,744.1492142343774,0.19260784384841528,501.46076548730116,0,normal
91.1,122.08993270475032,750.1385077036497,0.22315566942140158,498.74637433763417,0,normal
91.2,119.97464478064308,747.9956588605883,0.19746835997275344,506.2163325792253,0,normal
91.3,120.15402488946056,749.6275715097585,0.19130755453484266,503.04068349997567,0,normal
91.4,122.137065248415,749.5132557483512,0.17958964667410204,495.7662657455123,0,normal
91.5,119.15730698527587,752.5112745498366,0.21225844302400312,505.63085447760045,0,normal
91.6,117.61132647979271,747.0584664359402,0.1944871793074668,501.3205196798577,0,normal
91.7,119.6788128747327,750.5460877268569,0.19741021290946403,494.5716870703478,0,normal
91.8,119.3927605821784,748.3264103731188,0.1807660388291763,503.82742990327483,0,normal
91.9,118.18172247780133,749.9901599511543,0.19357730396346812,503.4068200797022,0,normal
92.0,120.00399944492487,752.4792132835512,0.20628759186790427,513.1747155221806,0,normal
92.1,119.86592981914558,751.0816704318188,0.2148875213846856,499.95900206779254,0,normal
92.2,118.64637653414943,749.6294962226809,0.20696371278491546,493.67049019962775,0,normal
92.3,120.56988211075537,751.0400735150145,0.20425683599922037,499.1487053922046,0,normal
92.4,120.21287562431498,743.9724642840282,0.2049217801835044,495.70609370893465,0,normal
92.5,119.33785106847216,754.1447821804493,0.2087447288943283,501.53199716357926,0,normal
92.6,118.39108127532508,750.1566114790515,0.1950961467493625,500.03236773380735,0,normal
92.7,121.39701040267771,747.5390054458919,0.2086399165292637,501.8011384017063,0,normal
92.8,118.69306763706054,744.4963097946667,0.20236754332201037,507.0817072773913,0,normal
92.9,119.044717822033,748.2167472671939,0.20166733269010662,504.554032294102,0,normal
93.0,120.12181853468583,750.7833501169985,0.18892096605792583,506.51970626312584,0,normal
93.1,117.95454594201433,754.6950124730427,0.18036718856898504,497.5455611107365,0,normal
93.2,118.88930948775649,752.7372010153096,0.18026564815722484,507.3937483182497,0,normal
93.3,117.92461033570805,749.4766137517522,0.18720891769509831,506.88269304974244,0,normal
93.4,118.51941031341124,751.8601679563553,0.19999124333554308,499.05008017326406,0,normal
93.5,119.81652779410256,745.8895521693887,0.19905714766126187,497.12797246244514,0,normal
93.6,119.06112630451861,752.5182244320382,0.19720914638299303,501.1862343349363,0,normal
93.7,119.04181245641256,748.7093783566245,0.21192935136876273,499.1179119811715,0,normal
93.8,119.79742682940538,750.9610878017154,0.19036955193498617,497.6020916754662,0,normal
93.9,120.35310603010767,746.3795484304794,0.1981786524272859,506.596179704596,0,normal
94.0,119.44886957578214,751.9346112540209,0.20121272823600592,491.93561149990086,0,normal
94.1,119.85736143563628,748.5372756711132,0.21229373324087228,495.92770105435204,0,normal
94.2,119.38676086878476,754.6906331269869,0.19084340639526595,503.4062939825734,0,normal
94.3,119.5474741996401,746.852673208593,0.21735805520848364,486.7189225519354,0,normal
94.4,119.70528937136692,749.722505092548,0.19467415014346906,507.39492537874975,0,normal
94.5,121.36426260980379,748.1539952165672,0.19768148647963338,497.58250707643344,0,normal
94.6,119.84144172330883,750.9848516544218,0.20352188901885407,497.56599954850094,0,normal
94.7,121.12023959759479,744.6378619165962,0.2117825332217672,504.81528772273947,0,normal
94.8,119.44562588068528,750.5084053133786,0.20597983755257177,494.4917921965017,0,normal
94.9,120.06906139802716,749.8062441404028,0.18748282246049078,503.717352423407,0,normal
95.0,120.73039548945606,749.9518817359555,0.19851151538782522,498.6922134621334,0,normal
95.1,120.14244102947889,749.4532314292318,0.20310943641687362,495.3445179254876,0,normal
95.2,121.04371129829732,746.7267212461787,0.20880496855450914,514.0335988499728,0,normal
95.3,121.3517164759278,746.7778770926086,0.2029637936520529,501.7867636822054,0,normal
95.4,121.13823224286112,749.6938143701508,0.19947121548233293,503.0818817833671,0,normal
95.5,120.25834317657525,747.5618616998393,0.21057480687345154,512.5909651142015,0,normal
95.6,119.66822115242688,749.3724993381721,0.193418540390388,507.1995382659412,0,normal
95.7,121.16553875960885,749.7067540909135,0.1958257648114323,499.37790090958265,0,normal
95.8,119.89510372872488,751.7694528477382,0.22465200608824779,502.72089026483377,0,normal
95.9,123.13472234048487,752.2257627948887,0.20060346019068462,502.0563108091864,0,normal
96.0,120.40141318250777,754.9380072516524,0.20115448657168977,505.07695300416896,0,normal
96.1,120.29585909171323,749.7851627883578,0.20716277487602855,495.50334573931184,0,normal
96.2,119.55580013068385,745.62595568517,0.20510610375490046,505.5700005642009,0,normal
96.3,120.57632357134844,749.106241476764,0.20253725627401248,509.2256844349958,0,normal
96.4,118.27043971329157,750.893931993095,0.16262191808925747,502.73573621307366,0,normal
96.5,120.24206156206493,745.1712906522239,0.1796074052194085,498.9680611520629,0,normal
96.6,122.68712350358975,753.1176072616344,0.21782342209969902,497.1309155893678,0,normal
96.7,120.72642153290158,749.5934428304919,0.21769686149735668,511.537198394605,0,normal
96.8,120.00909885459856,747.821057784663,0.19525163489132727,500.3082237603358,0,normal
96.9,119.95613641614835,751.5806877908554,0.198108284820812,495.8858139748036,0,normal
97.0,119.17018437050169,748.3309863797566,0.199706466928316,506.4171440617855,0,normal
97.1,120.30724673542007,744.821428166525,0.20998172289381728,501.9263668291132,0,normal
97.2,119.53046887185685,746.7921161717179,0.21609465158654212,501.16521638839976,0,normal
97.3,121.54863644800595,747.2180682467697,0.19937697587848047,502.62113061754144,0,normal
97.4,118.09373578337151,746.0085578758708,0.20660771835199973,499.46292171988216,0,normal
97.5,120.95280265277327,748.2242642655359,0.20798136266133682,502.0962639860705,0,normal
97.6,122.10600633162932,745.9856940226448,0.1982543012905235,505.79004542238977,0,normal
97.7,118.82171682187033,745.6136440609057,0.18488693419653726,504.55416355864355,0,normal
97.8,120.4389372714881,749.4094061648573,0.18492091326779939,502.7654630641045,0,normal
97.9,121.77142587565055,752.8181156724055,0.19122568160615955,499.4765985567605,0,normal
98.0,119.84434164631608,750.6922537153889,0.21250491404876815,496.09603768496106,0,normal
98.1,118.61852282677623,742.9075320507877,0.2040428483609891,496.23483420188177,0,normal
98.2,120.6999885752895,747.6740641036466,0.19642982162176273,509.7494102173251,0,normal
98.3,119.81019170378339,745.1749105712354,0.21346739445554616,507.7128024936719,0,normal
98.4,119.3193565572493,753.2050068962672,0.21215180049683582,512.3871126631107,0,normal
98.5,120.23977922797488,747.221657300246,0.20482892635053782,503.5999340415027,0,normal
98.6,118.25033274175668,746.892222070508,0.1897597450703878,501.11456712443675,0,normal
98.7,119.01300253858419,747.3723171541457,0.1884096101006329,501.6424387899767,0,normal
98.8,120.49784044723026,750.7080876778789,0.19427083058403624,496.6168350720527,0,normal
98.9,119.16116082679899,748.5478307815096,0.21042763524044847,494.5012841501074,0,normal
99.0,121.39269954709293,750.6721447877554,0.18126753949143876,506.45483916016644,0,normal
99.1,118.7195799471105,749.1691832418195,0.1985366366433967,507.1421790029229,0,normal
99.2,119.91934237366722,756.0253317577611,0.20223797894567996,502.3561229283871,0,normal
99.3,120.95504513711913,745.356931543984,0.2059158055049899,500.7063401064132,0,normal
99.4,120.58996241709852,749.5519750524994,0.20284833420554133,491.36898252353905,0,normal
99.5,119.49511535310822,744.1717113573558,0.19566817455111954,497.2968500460172,0,normal
99.6,121.0169494463411,746.9115203477598,0.18261975316262574,503.9089596687787,0,normal
99.7,119.66708459796277,752.4181230053298,0.20248761216684513,507.10715167284263,0,normal
99.8,122.310864053855,748.6726488156121,0.20648244531094082,497.4096667471441,0,normal
99.9,116.58587508679494,747.3316682179637,0.17193885209826335,505.0079400320435,0,normal
100.0,121.0699178903025,751.9197748133001,0.21050691517805137,507.40079696626265,0,normal
100.1,119.81504569175932,744.9391112323411,0.22950948060928386,491.1130349872844,0,normal
100.2,120.2757808588745,753.3560227352546,0.19090711848851216,493.7105582838086,0,normal
100.3,119.82696950086579,751.1893581532271,0.20219397672293882,486.83028978499533,0,normal
100.4,120.71069109368217,746.8739699664836,0.20469908858470817,492.6394383302091,0,normal
100.5,119.48388688333476,749.5628697980814,0.1894692625256111,498.9762420959259,0,normal
100.6,120.30171538355806,758.5867038719401,0.1806959047785984,487.1965069662992,0,normal
100.7,121.19846750338588,747.4801465731771,0.19385725021636338,508.74102555999946,0,normal
100.8,121.09774627445567,750.9555795807883,0.19005238928129198,487.3334981685459,0,normal
100.9,118.36373369161046,752.5847606083665,0.19204510452756746,499.90756723033616,0,normal
101.0,120.54834101549578,754.4614823283798,0.20426909350316572,499.9770100638375,0,normal
101.1,120.7305649040668,750.5947992095267,0.20229690390927713,494.1511360341218,0,normal
101.2,119.47313386572652,751.4537421299641,0.20069320157172366,501.14525681669625,0,normal
101.3,119.06880045787105,749.6310765870205,0.19613364604733485,503.444849402482,0,normal
101.4,119.61411651875679,746.3703859365527,0.20166966144309392,499.5334359477021,0,normal
101.5,119.03292703510543,746.7308098937817,0.20613720507427688,500.9304129953253,0,normal
101.6,120.48753227178983,746.7023765940205,0.20024001694633548,508.136538520318,0,normal
101.7,122.53482740437668,754.6494269103412,0.22473835388839833,493.282713427772,0,normal
101.8,123.15606463622895,749.678837242541,0.19000031485638547,495.2571338201212,0,normal
101.9,119.62695108616974,756.6402530829278,0.1945798975770181,491.232662010666,0,normal
102.0,121.78250903614516,748.1004511085603,0.20077696577992152,500.54743744851885,0,normal
102.1,120.48571211837385,752.3344522862374,0.1986763747196879,504.35564727301863,0,normal
102.2,118.39168135213077,746.7068124083455,0.20729479422806907,508.7587444368595,0,normal
102.3,121.08564112587926,751.2611431103517,0.20744688260730132,506.0459802294532,0,normal
102.4,119.35832231652967,750.2936453744065,0.18763488840599749,490.9317232002718,0,normal
102.5,118.69100067404459,748.26245983831,0.1901989809550967,489.2252560715726,0,normal
102.6,120.06432350248146,746.2741286778419,0.21188948321912743,504.48456392135637,0,normal
102.7,118.78583261111197,751.1565817426957,0.21253524266054527,499.65056288548817,0,normal
102.8,120.54275681409568,746.8339290108532,0.20309099465813382,504.9013978293515,0,normal
102.9,121.0797351573192,748.0705725527105,0.22134672987494358,498.22308978751414,0,normal
103.0,118.58689060121252,742.4758391766233,0.18684819150986456,505.09374663401206,0,normal
103.1,117.09411028451981,753.9449426841977,0.18788850042417338,505.4119662370526,0,normal
103.2,118.6047108427984,754.6981778454026,0.19336095428945874,506.8202462866251,0,normal
103.3,117.33610431074192,749.6606319583298,0.19291041369946715,491.1688990438022,0,normal
103.4,121.99308334137898,749.4869476066318,0.2032465422747137,506.87091597372023,0,normal
103.5,119.09306579989348,745.0761089242579,0.20707426059398928,496.67323039726057,0,normal
103.6,120.80495402552015,755.5302122102971,0.1873098964781211,519.8174285456257,0,normal
103.7,120.46204698196844,750.5637646472726,0.19002278447033677,496.6751337636418,0,normal
103.8,120.47217581206542,749.863356047296,0.20742625070298693,500.82045653058424,0,normal
103.9,120.80462767442994,751.4655034070821,0.20824503431041827,496.4586599824416,0,normal
104.0,119.50896717689442,744.0237443538269,0.18308384654356447,505.9914437236855,0,normal
104.1,120.38492684518084,748.5344441559195,0.19482974003596915,501.67800729121836,0,normal
104.2,120.87862677012276,755.3115583235624,0.19460386249043574,500.7628466418,0,normal
104.3,119.08852998259218,748.0898274072123,0.19464952622742196,507.6206476201658,0,normal
104.4,120.45002559023993,745.6756674634789,0.20936138664452186,498.6869842790859,0,normal
104.5,120.14462489953326,749.7539353268139,0.20729627219477467,503.5487592858033,0,normal
104.6,120.1045440724299,752.3957818696452,0.19562774555623977,488.85832934141786,0,normal
104.7,119.34135441655813,749.2142384175985,0.21676725684318712,504.5441167489322,0,normal
104.8,120.14561984746895,748.6025995769579,0.19955649110628737,505.2103284227497,0,normal
104.9,121.87735743666084,752.1922296310123,0.19877585480912577,498.9370981114103,0,normal
105.0,120.99916178258948,755.1164972044065,0.20299725623678622,495.03110824439966,0,normal
105.1,117.6736476544604,755.3110209199826,0.20644038518709912,497.4593461795506,0,normal
105.2,119.9216019348929,748.5946924681924,0.19982611349390367,510.99621347334323,0,normal
105.3,121.30966982292477,747.9281589920563,0.21308515564066718,501.4439137588199,0,normal
105.4,117.47400301829165,747.3289372378725,0.20491816688143558,507.1203187360819,0,normal
105.5,120.71487264461581,745.2782515856247,0.20488475832738479,506.3571371795491,0,normal
105.6,118.31002174992017,749.0932371134733,0.21311461824559344,492.5104017779446,0,normal
105.7,117.77428270762645,753.5855805313928,0.20651817225720068,495.49014250581774,0,normal
105.8,120.00891607521794,750.9247699746963,0.20788130061415783,497.0948750716334,0,normal
105.9,119.74318958797386,752.1159844768623,0.19440725976338336,490.95353753380726,0,normal
106.0,119.61833091001454,748.3737645643621,0.19534504694011962,501.834031708197,0,normal
106.1,120.3848676734915,748.4527917366333,0.18033653809568911,497.3262161619167,0,normal
106.2,121.90278016950701,748.7305160029088,0.2078544567788401,500.7260097067893,0,normal
106.3,121.05523077717724,751.3931930257605,0.19447547118092764,487.42388779945213,0,normal
106.4,121.71938758384616,749.8661229468727,0.19688355545602898,496.19004926094726,0,normal
106.5,120.77124079125649,748.7558140625288,0.2010759583956887,501.9771608529805,0,normal
106.6,119.99145940449301,755.3003693010057,0.17574648642672658,505.15053285754743,0,normal
106.7,121.56029214037973,746.045334039028,0.20096154593244692,502.0715948001054,0,normal
106.8,120.38045781920998,748.4951064736894,0.19710038783441947,498.02169008703333,0,normal
106.9,118.249426518889,752.1784051044677,0.19519414658214612,501.0087116130264,0,normal
107.0,121.37150770579021,746.8121626114325,0.20171542988667243,499.3759661311594,0,normal
107.1,119.5560726173889,747.5761301938117,0.1953806192614947,506.36727025799354,0,normal
107.2,120.6212834494367,748.941442428605,0.2089165377419537,506.88456399563444,0,normal
107.3,120.47819105248534,751.2132594724452,0.19644779825461625,504.02854320629484,0,normal
107.4,118.26155176923196,743.3068008731794,0.1803645629185674,496.8003376069026,0,normal
107.5,121.31359190350217,749.7201295168968,0.21738374245598047,499.11527517396974,0,normal
107.6,120.75475584480559,744.344344135743,0.19263425374956564,501.70329860216333,0,normal
107.7,121.83060261821886,747.7241128636557,0.19681337057681197,489.4649872702472,0,normal
107.8,122.11168331088524,751.2117591167851,0.20513954693376013,515.2516697875473,0,normal
107.9,119.01256393980569,751.2635280282293,0.17879515237121077,496.0481885313702,0,normal
108.0,119.21271661094914,753.5989098435382,0.20251958566086384,497.55810662140186,0,normal
108.1,120.36422794056597,747.2465565151111,0.1944671914278294,486.67848063052566,0,normal
108.2,121.60884103025884,749.1043253118779,0.2151413562656322,497.57724200404084,0,normal
108.3,119.17521185121004,750.9424209919815,0.19576171998291883,489.2558778859758,0,normal
108.4,118.79637459245195,753.7758603002566,0.17188035730808227,500.1984203605507,0,normal
108.5,118.14326065394673,752.6843892641131,0.20618591832546193,497.1350665539063,0,normal
108.6,120.98561642779903,746.9175489132238,0.2057521703738443,505.1528513192193,0,normal
108.7,119.05942476733614,744.8388612564743,0.20914931618120808,510.4723088693035,0,normal
108.8,121.62037311766775,746.6863719345595,0.20850838823386048,498.1302786579403,0,normal
108.9,118.42796227325704,748.0316723326997,0.18497629565608867,497.11872759399336,0,normal
109.0,121.71623715353036,755.4680961616982,0.21642432144665014,508.4509133913839,0,normal
109.1,122.3541334728313,750.0594094437158,0.17357055671540927,495.10809989209963,0,normal
109.2,121.38654903575612,748.0995266933135,0.20428780101631172,504.1336895153728,0,normal
109.3,121.92449017098095,750.6939979653959,0.2058192767837215,500.61181590631537,0,normal
109.4,121.35042234831695,753.6013458512438,0.20859778600062198,499.11223983762414,0,normal
109.5,122.12119196939268,748.7834677814002,0.19194516358884686,493.4013548262155,0,normal
109.6,118.62172325896995,753.8818034418863,0.2024462769347017,502.96752881514215,0,normal
109.7,119.31639108237474,748.0907975739254,0.19799453397840178,502.15887014846413,0,normal
109.8,119.07969708086546,753.5785555299368,0.19617606592147754,513.6825754188109,0,normal
109.9,120.48145907649649,743.4712900123682,0.23284933104232897,503.19390764573063,0,normal
110.0,121.61867714116933,747.9982202060567,0.194918956880089,486.2639132574038,0,normal
110.1,120.99786897640064,747.5325031791747,0.2093775948094644,497.4867828290977,0,normal
110.2,120.91669689300659,751.5682649355233,0.21928544781513926,493.0920238093002,0,normal
110.3,120.19640479277221,749.0841786932859,0.18827581230659005,501.4432301011634,0,normal
110.4,121.57879688488632,750.6309755292971,0.20830083533331895,495.5086895301925,0,normal
110.5,121.93523972017827,750.0981948829155,0.20120896818496223,500.35823745932106,0,normal
110.6,119.99639748357157,747.380919876669,0.19180788070496696,493.86029209352745,0,normal
110.7,119.757500603101,748.91050038989,0.2116141492810514,504.8556904254579,0,normal
110.8,118.64422767358306,753.1254103817538,0.20846720603132893,487.45549766836587,0,normal
110.9,118.7929999173806,746.9759439212884,0.2051342524125669,499.76676598022567,0,normal
111.0,119.3341478425497,756.8114242198141,0.21010626419788425,490.64954831827396,0,normal
111.1,120.58539941653402,752.0444255999591,0.21467880594615377,497.2127088434883,0,normal
111.2,121.56469177954338,747.2441531642378,0.21593770763752024,503.22755904664376,0,normal
111.3,119.60770641987753,747.002557981761,0.18427932675704556,501.50374697368056,0,normal
111.4,119.053041218534,750.8702501186374,0.20200694968436145,508.32946775163555,0,normal
111.5,121.17270890955137,744.8372249374055,0.22666935783610068,505.434405840868,0,normal
111.6,119.09467907181461,745.9315537353465,0.21191947960251523,501.3939155607277,0,normal
111.7,120.08636075265443,752.6521177765738,0.20182434636736762,495.3997831860197,0,normal
111.8,120.54226639250635,755.1403458542234,0.18691960319135237,487.3358298435662,0,normal
111.9,121.12552443154124,749.8021591388782,0.19926171977277374,513.5786219902184,0,normal
112.0,121.05081784716072,745.7639452741747,0.2050361374113517,491.3840438197137,0,normal
112.1,119.93193648762582,745.4893290178239,0.21281125803725542,506.09356514402833,0,normal
112.2,118.79335758533833,750.9893073066119,0.2059090957601028,502.2739674435954,0,normal
112.3,120.64210785458177,748.9173249174662,0.18005930557101502,502.4941924816063,0,normal
112.4,118.009708640041,752.956479213427,0.2290966411231522,494.4417580278729,0,normal
112.5,119.41608501371415,752.5174294356517,0.2231255097000099,486.1357334867771,0,normal
112.6,121.36858771072401,752.0365883711294,0.2087189024223669,494.47689317884334,0,normal
112.7,117.35015099277584,750.9692155155917,0.19734351037892991,495.0775208035874,0,normal
112.8,119.4212637300403,753.7742096815712,0.17747003215645685,500.6481131859307,0,normal
112.9,119.80751823021296,748.6647960082638,0.19264798271381384,499.08412765372276,0,normal
113.0,120.26174212446824,748.8468836807408,0.20209225062923272,497.2224283179459,0,normal
113.1,117.96648638533112,745.5438410298262,0.21873881644950618,496.2069734985444,0,normal
113.2,118.99111776680735,754.5205173677078,0.207466289117908,494.4968461362164,0,normal
113.3,121.1394382100692,749.6023904630723,0.19649511319688118,496.3951557389609,0,normal
113.4,122.52188646177966,749.6974210119782,0.19694174919719687,499.519853324334,0,normal
113.5,121.97408469816385,749.4274532197265,0.2127397188364688,506.5904976561693,0,normal
113.6,120.05120827521358,743.1430315743144,0.20431471287637876,497.40050886890685,0,normal
113.7,120.2352447332901,752.0360203267394,0.21082978950283437,480.47331980853414,0,normal
113.8,120.87026308332845,754.4160834547561,0.2189416354215285,506.14708357876435,0,normal
113.9,122.55540837643944,748.121756940686,0.1950588047263251,488.99381243659843,0,normal
114.0,119.88206300233621,752.0339470760823,0.1970046679464922,504.71461167721236,0,normal
114.1,122.0000944774169,744.7007066189432,0.20628429029022438,497.9364003179436,0,normal
114.2,120.06551782114381,748.4218906271628,0.2096330622177339,510.99093871398003,0,normal
114.3,120.00637494921551,754.0329975057034,0.18847939033602973,505.23942230882517,0,normal
114.4,119.24933720215205,749.5317842707783,0.2083804471801032,502.0200793306743,0,normal
114.5,119.89721866639746,752.8309336181029,0.2188316485289857,506.9506677689357,0,normal
114.6,120.49077579956595,748.8291350199529,0.20355858099808902,496.30773178045104,0,normal
114.7,119.22161841869669,747.8005796787656,0.20197213600977973,509.8071883075642,0,normal
114.8,121.30857902659368,744.2130142280017,0.19900033622982058,518.4600348332518,0,normal
114.9,121.7529576549901,753.889891015881,0.1951368833387948,494.7261135740239,0,normal
115.0,121.32912481706443,746.1344964846033,0.20072817574290922,500.2060629948169,0,normal
115.1,120.06508528912325,743.1525663039938,0.2140061844303793,499.1522023841682,0,normal
115.2,119.2251707245625,752.679565119419,0.2236712091474029,492.9530129127938,0,normal
115.3,120.49225648816851,750.6229269895543,0.21908139842364255,502.7367239532194,0,normal
115.4,118.23179323926252,751.2242242301218,0.1963787000395644,500.98780010702643,0,normal
115.5,122.75048153889928,751.0252986217693,0.19012536943672215,492.9955853897576,0,normal
115.6,118.54243472509988,750.9163764272657,0.19965130625196537,497.76524201897394,0,normal
115.7,120.13481991688954,749.1338693003905,0.19860443032696803,504.5883832394974,0,normal
115.8,120.21932723000594,750.7459202696081,0.18034610971152032,500.4026672179898,0,normal
115.9,121.25927722695705,746.6490905509341,0.2014111349566268,497.6710712417704,0,normal
116.0,120.89882617256434,748.730617374251,0.20024171799437565,501.23493400922706,0,normal
116.1,120.71483391328192,747.6183336952015,0.21938563848632475,510.33168481831626,0,normal
116.2,119.31501053122851,747.2827022629396,0.22960871889559906,503.458297065796,0,normal
116.3,119.82466367447998,740.7371779649869,0.2041414685499248,487.31008131149815,0,normal
116.4,119.59724132610803,748.0636417995609,0.1858142886817288,508.46773484558037,0,normal
116.5,119.62567364875383,745.6460398866238,0.200421659443447,497.7156320639239,0,normal
116.6,118.70312442046902,746.651753351633,0.19970452291914967,492.88677662511384,0,normal
116.7,119.28235307087229,751.02980419819,0.20438862654297016,495.5256684720409,0,normal
116.8,122.00798316900192,751.0357536909303,0.19433308984754036,500.1899522305118,0,normal
116.9,121.10945336337147,751.9226544025793,0.19993398159621853,508.6135920560261,0,normal
117.0,120.11854999675911,753.4880882301647,0.2159171202592819,508.74708205068106,0,normal
117.1,119.99824260554291,748.1942351549627,0.20327762616430214,508.86382428802733,0,normal
117.2,119.8316877178637,747.1083202050265,0.20513559551797703,496.85002924753655,0,normal
117.3,120.94440576614146,751.1493651505523,0.199815148138445,511.89283816230676,0,normal
117.4,118.98063008808897,752.7914932083414,0.21686763143399632,500.9657670752224,0,normal
117.5,119.35464282652214,747.5568651794448,0.20443918737397554,498.0527272915288,0,normal
117.6,118.87543733330756,751.0132715847484,0.20019050650205433,508.6549458493567,0,normal
117.7,121.77861045777358,755.7253419653987,0.20664182662389258,495.04886669375054,0,normal
117.8,119.0021648185625,750.4332988442684,0.21274329352693458,507.7251662900204,0,normal
117.9,119.61893843265732,753.739278184445,0.20524550514544607,518.3117238800652,0,normal
118.0,121.1501890730166,744.7310238224594,0.21111997572767124,488.42668751767934,0,normal
118.1,121.65251517790689,749.9378600359781,0.19683416859103775,499.87160362781964,0,normal
118.2,120.69943171102489,745.7715299123947,0.21699476489538405,495.47878142088695,0,normal
118.3,119.00488004413194,748.0427011858155,0.21764721453622204,498.24111792733663,0,normal
118.4,120.25653920312362,743.941575556183,0.2106773017326243,490.4818662181135,0,normal
118.5,119.32335365806563,743.8723746833299,0.21181551358652154,501.7752520608863,0,normal
118.6,118.80363275323035,748.7662701316343,0.20982507584016974,512.7900508812844,0,normal
118.7,119.46165217203288,743.0478073066938,0.17523215317667498,499.99129676826976,0,normal
118.8,119.09466796769685,746.640477924591,0.20332237198435468,504.4133311529169,0,normal
118.9,120.84292462104028,755.6122592602122,0.21300214986831645,504.2658376648629,0,normal
119.0,122.49524672889947,751.4918996493071,0.20803693284378103,501.40711996479706,0,normal
119.1,118.13709351384603,750.6087145480358,0.2088370624235291,505.5728609178411,0,normal
119.2,121.46081794409098,748.4384352496076,0.18569865921885997,491.09869098159965,0,normal
119.3,119.16605657836648,752.4048397330117,0.18114695477245232,497.94231114053,0,normal
119.4,121.03678814135722,752.1655885831469,0.18891456659989742,496.05860563732074,0,normal
119.5,120.955932730473,750.6702250354779,0.20783302007213736,510.0346478752116,0,normal
119.6,120.85744581665553,749.9532324647639,0.19980192058702045,491.6230184190023,0,normal
119.7,120.91794205836226,750.6661821936808,0.20771312942995648,492.03051366398853,0,normal
119.8,119.59137350519212,751.2826817165129,0.1986653305121751,508.887671388582,0,normal
119.9,118.38674039769779,753.053969726048,0.20221392646013983,498.27857720257924,0,normal
