time_s,pressure_kpa,temperature_k,vibration_g,thrust_n,anomaly,scenario
0.0,40.80110881987924,301.36945434655206,0.1455350959811664,2.46722520706828,0,normal
0.1,39.34743583634733,300.3974398072646,0.12617865586088234,0.03476980316643763,0,normal
0.2,40.00166094331593,305.39552968936584,0.12492896922617455,2.7143500575375903,0,normal
0.3,43.51413518653229,308.00018261273107,0.14137861283812933,9.821004925642187,0,normal
0.4,39.2749411160463,309.89097681808437,0.1480222218411917,8.682306241851352,0,normal
0.5,41.4489415314243,314.100696786643,0.1331078271653141,20.485664279326485,0,normal
0.6,43.733384905821545,319.2184150469029,0.18171877156104146,14.208439288703609,0,normal
0.7,42.647822263057016,317.9921633659195,0.15246099104029534,26.693522979249558,0,normal
0.8,43.2052345692341,323.5057608542336,0.13877227845773746,25.060604722783683,0,normal
0.9,42.21985238574643,325.82977111975725,0.1745453017359845,26.203890032752604,0,normal
1.0,42.55282798419245,332.8728585869846,0.15313326573903316,36.83935549762351,0,normal
1.1,46.75063969347071,336.25187271325274,0.14788041775408692,41.88416585128139,0,normal
1.2,47.886587367147406,333.53420448507813,0.15626208586126386,32.12661453851794,0,normal
1.3,46.782421252833956,341.5597280841857,0.1714749754562081,44.51546938688472,0,normal
1.4,46.09554444012383,343.05742242583676,0.18014617064598204,58.32707646839485,0,normal
1.5,45.63877380129987,342.2171711189566,0.16666576002586572,45.21342832919413,0,normal
1.6,47.78954572300961,348.01985537897144,0.15691217974297247,59.97589837172206,0,normal
1.7,48.85137088584047,348.2557784724187,0.15217348149783408,58.03861859327738,0,normal
1.8,46.791886181971776,352.20035678652573,0.1405817835442725,53.54733503800598,0,normal
1.9,50.14834976614161,354.68259019495747,0.14990373546606892,61.95400772380362,0,normal
2.0,49.57194392980737,361.3368446895787,0.1447479475858791,68.00556603945388,0,normal
2.1,52.340306282605724,362.0157056215648,0.1496218499499108,74.86202663521111,0,normal
2.2,51.80972514743087,362.6634036021396,0.16975714512215845,79.57219614247785,0,normal
2.3,52.5714056997119,369.61600962830823,0.16449705377771537,85.83470428766995,0,normal
2.4,51.97711317855239,374.10636737530217,0.16417537600644513,72.4379266890842,0,normal
2.5,52.07177503737751,371.5407162943038,0.14731470899183266,87.9022288727917,0,normal
2.6,52.25634391445095,373.3084367069438,0.16132595202579578,79.69411090241549,0,normal
2.7,55.421915856572305,378.5270119554388,0.16316018393224113,90.9386820832073,0,normal
2.8,55.04685732636399,383.75290854931495,0.13542591842019272,90.02191296061464,0,normal
2.9,54.90879301293568,390.10276843813597,0.17253200585355813,107.82725164179926,0,normal
3.0,55.23389721941215,388.91698123352256,0.15111673649707938,95.04967931287503,0,normal
3.1,55.73415310312841,386.77179272830034,0.15648008376629174,100.36943305526825,0,normal
3.2,57.675164922837396,392.42237141695256,0.1452090346771272,111.117245735152,0,normal
3.3,58.5720702779602,399.1187461821998,0.15850277778348318,100.84640362427677,0,normal
3.4,59.33840737967058,406.4577940200786,0.15074454623298536,109.2073674122445,0,normal
3.5,55.95239932969755,405.61299598439757,0.16909403364908984,119.12279602664819,0,normal
3.6,58.83712103347803,405.8707486392609,0.14886880644665865,115.08655201449395,0,normal
3.7,56.983659431992905,405.84316909054996,0.16831406898401907,130.14114792554543,0,normal
3.8,59.429950939983506,414.2335161152231,0.1654922351588818,138.80898644838618,0,normal
3.9,60.805805907725585,417.7552429958222,0.1554081960822038,128.9218596555379,0,normal
4.0,60.34456275868321,418.8395468537826,0.15875796175356832,139.64331307182127,0,normal
4.1,61.03129227661985,421.3946975908215,0.1687606643474373,135.47662239759788,0,normal
4.2,62.2658734932923,427.67669715955844,0.16814151738855115,133.85387387252572,0,normal
4.3,63.829823385609416,428.0732324461459,0.18410277166185854,132.8166582812447,0,normal
4.4,62.34980063381457,434.76306535686757,0.13665454891279122,137.8365751581978,0,normal
4.5,64.22190978403775,435.03369101808056,0.1642286316907465,159.81793040279808,0,normal
4.6,62.52560843230007,437.6450321638563,0.1840126027657032,134.34523054678417,0,normal
4.7,63.57424579253181,440.43217031687016,0.1592038361536745,160.69699731021404,0,normal
4.8,66.01761620242634,441.60203340627896,0.15596549914002586,165.2343578962079,0,normal
4.9,66.27024644341691,451.9684603222089,0.14455047725146156,164.18472848193093,0,normal
5.0,65.41965227926539,445.77873845636486,0.1742808301971199,172.90654364556593,0,normal
5.1,67.38444068486916,452.3133954751586,0.15457837301046107,169.48675891311382,0,normal
5.2,66.13168166694909,453.619881749611,0.1448184147522347,172.5113542562706,0,normal
5.3,66.69088372214618,458.46410250635387,0.14434917834266733,179.51699585996872,0,normal
5.4,69.41364308863994,462.7359545872755,0.16596622749488749,172.215083652572,0,normal
5.5,67.62510583127757,466.6712293890553,0.14469831257477095,190.25091979903044,0,normal
5.6,68.34080140050074,464.0673636065777,0.1444693458366556,185.70862475938915,0,normal
5.7,69.2739840890584,469.23874790706674,0.16928195243606875,199.37151725630454,0,normal
5.8,70.68732240965824,475.6569894090448,0.16065432769139118,197.63383017326956,0,normal
5.9,70.93885692014916,475.74092300942385,0.16686586656038158,191.2717835198119,0,normal
6.0,72.03013441942812,481.28642611001146,0.14186405555887943,210.83639717251415,0,normal
6.1,72.36374928414726,483.02739383786457,0.1883232848460927,190.87776353267358,0,normal
6.2,73.62895355526639,478.04199514596564,0.16188523738317767,215.19864258463994,0,normal
6.3,71.99529350772883,491.3318559230254,0.17129668023089953,202.80987026293164,0,normal
6.4,73.08040505096594,492.60964336389,0.17187859843695846,213.666603706244,0,normal
6.5,73.34668437259423,490.8015772748698,0.18246672556391105,214.7923470421972,0,normal
6.6,75.02296186136412,492.3369552047468,0.17878554996685025,224.29132797331206,0,normal
6.7,73.74788688974597,506.11096907723874,0.15831066245332703,222.11092779880417,0,normal
6.8,75.67845006569507,507.9555022248616,0.17252457711305563,227.4317003475676,0,normal
6.9,76.24770212878904,507.8221195657486,0.16126096714747665,241.8497686575799,0,normal
7.0,76.12762987010834,505.53377331980676,0.16071694760206376,231.15371169218676,0,normal
7.1,73.12097336005742,511.1804421464671,0.1786599386162169,233.93655383173987,0,normal
7.2,76.56781694937692,513.3391724861226,0.16764297313497653,231.6268110199426,0,normal
7.3,80.11983362991816,517.343217203235,0.1639297210874068,243.3089335033248,0,normal
7.4,79.04180744093607,522.141804128966,0.16879569611624184,239.05795764652973,0,normal
7.5,77.63505369213473,525.1867662805447,0.17149085249968546,250.76287354618933,0,normal
7.6,78.61399741700428,528.4458923315102,0.17733642841042907,260.8665294120687,0,normal
7.7,78.89588090237717,523.1886616486049,0.17861208100085257,251.25724833672214,0,normal
7.8,78.56315538868425,534.8268968187318,0.17710840768208305,245.39994837836554,0,normal
7.9,82.43529078072423,533.2854953383999,0.163335527983858,256.46508733197436,0,normal
8.0,81.74906426340354,540.1324124172106,0.18799947549280388,263.8443066742433,0,normal
8.1,82.41966416948671,544.7624186362701,0.18709257491745188,268.67979469886444,0,normal
8.2,82.7686812064434,548.1663210009285,0.15697833627201763,277.0638217889053,0,normal
8.3,82.91838047149776,547.2666256200971,0.1583574739907864,278.53123512646823,0,normal
8.4,83.08412756001816,552.4591093974349,0.16981522106666014,279.79287231626256,0,normal
8.5,84.75999473475557,549.6689306685637,0.18055560335269083,278.8513718301451,0,normal
8.6,83.65324012832929,557.2390743373965,0.18519585411667894,286.49721050274246,0,normal
8.7,86.09757575018453,557.0091980329087,0.15738164513921196,291.484486994228,0,normal
8.8,83.50497610282582,558.7984435125402,0.19281052852371802,306.9511530034381,0,normal
8.9,85.57436302453043,569.5142640567798,0.1905278134943607,285.5227624445199,0,normal
9.0,88.14006834519202,568.4925191718506,0.18576630745756764,302.691503755577,0,normal
9.1,86.74332621326914,571.9597586318916,0.18079798823642207,306.8147837178258,0,normal
9.2,88.623150115445,575.7258788308144,0.17247584518562176,306.8692234086343,0,normal
9.3,88.35462447707648,573.1480721129159,0.17672187059382688,304.9176292668935,0,normal
9.4,89.3662278183648,583.61607159804,0.15997784155855543,304.25187206136724,0,normal
9.5,89.77043188140645,581.4733551093308,0.16738196293129706,314.7340746563585,0,normal
9.6,90.55304678657976,589.2455024649287,0.19147886489076066,304.5317589116849,0,normal
9.7,91.59343090093374,585.5812525983888,0.1891170103344476,318.2096147347149,0,normal
9.8,91.85382264091061,589.9908447779833,0.16917798814564497,315.7113595696251,0,normal
9.9,92.03041170057445,597.4057103739578,0.1740181498920427,343.74436352796175,0,normal
10.0,93.67804061330085,602.4193597706396,0.1574304027354618,333.5102576489031,0,normal
10.1,92.81983983633245,606.3801226626776,0.1949121435804628,339.5343421919505,0,normal
10.2,92.51337631061749,606.5098473358223,0.18583750108575214,340.8105681049943,0,normal
10.3,95.26619118470289,608.7054627961345,0.17847713923996808,340.05645940464615,0,normal
10.4,93.20141380666068,611.6060827699049,0.18213739172970933,351.3296498580758,0,normal
10.5,96.40927879890671,612.9779685817211,0.1815187422811713,354.01233187762483,0,normal
10.6,96.69244686165555,613.1477150926428,0.18233585658735088,357.86599568669124,0,normal
10.7,96.27234759093771,622.5722483149087,0.16898083865529107,365.47037854807604,0,normal
10.8,95.05203937682369,624.0616731387568,0.18963419832838918,357.569828398081,0,normal
10.9,96.51164867092506,627.8258741981871,0.17651025776808307,371.8812219594275,0,normal
11.0,97.05552007984916,629.191026863409,0.2004522237091099,370.325320127763,0,normal
11.1,99.35359372872423,637.7315511491881,0.17763779267413715,377.0006796354543,0,normal
11.2,97.25120083862424,634.1017733241564,0.17979237164827086,375.42747616572996,0,normal
11.3,97.11335936442043,640.8481357893621,0.17126303654591063,373.662285936663,0,normal
11.4,101.43746543612092,640.4428218093399,0.18464241519377067,381.3102426849584,0,normal
11.5,100.3581407205026,639.1897362097671,0.19472861805066594,375.7521193319373,0,normal
11.6,97.82825130488224,649.0375919920285,0.17835796544246676,395.02751921229475,0,normal
11.7,102.35765878755458,650.4059749357206,0.199598747406611,387.49843668308097,0,normal
11.8,100.96140900451421,649.620864153701,0.19502056623060546,391.724856000218,0,normal
11.9,103.64360005762394,650.5653939956379,0.18870305616814761,403.40035463271755,0,normal
12.0,101.91049798985338,661.5466790082355,0.1852287957170137,398.35293005457953,0,normal
12.1,103.25781607210922,662.1983505954203,0.18814986760803237,408.1449650076237,0,normal
12.2,104.12759172802235,667.536173090587,0.1760221121648546,415.99996918659497,0,normal
12.3,104.24379847790532,663.9271123880079,0.18908179164651742,403.16436194374546,0,normal
12.4,103.27686947013962,677.677745333067,0.17349549310657023,425.0786969816917,0,normal
12.5,106.66957239483197,676.7819981992027,0.20055221358431197,413.85620306090493,0,normal
12.6,105.70684752698702,674.2624502656628,0.1850127945133364,422.7257050455475,0,normal
12.7,107.3492138566063,681.1598939335616,0.1865647413240901,428.3799058210111,0,normal
12.8,107.1108551648029,681.9599254197981,0.18995148340270654,424.87294344247925,0,normal
12.9,108.23938170198572,689.1982333935732,0.19829815730562472,428.55152810610974,0,normal
13.0,110.09552249890596,690.8520107581644,0.2117870614622923,438.76600223267656,0,normal
13.1,106.05971000446182,688.1387462179281,0.20385013749060266,439.1581190654087,0,normal
13.2,109.22133572885656,694.9380663644154,0.18954989988099993,442.0152028279451,0,normal
13.3,108.95325674120808,698.1422796470237,0.1989865237374925,448.6883851227713,0,normal
13.4,109.91564295840516,698.6249827311017,0.2052048082750946,445.31859411947505,0,normal
13.5,109.63627484172603,700.7127012056143,0.1874444459923519,449.2298761288007,0,normal
13.6,111.59067018747328,708.6425320283312,0.1859960951637779,451.5188883823462,0,normal
13.7,112.6271799147539,709.9423313820065,0.20258910003752612,452.3565362919826,0,normal
13.8,111.45280381901843,714.8887238865184,0.21557766287345403,464.0389891777111,0,normal
13.9,111.48325048218733,717.8972854416968,0.18936761184250694,468.44507811094763,0,normal
14.0,113.52964195786024,719.2144804882279,0.19588607934213872,466.83055606097207,0,normal
14.1,114.36453950165928,718.8449039255016,0.21571410593600443,477.7662086978048,0,normal
14.2,112.70121766483781,726.8793363660894,0.20273486225581253,467.4271651239059,0,normal
14.3,116.11239993410389,728.3040212856562,0.21602818882956712,485.16713034113707,0,normal
14.4,113.77338925023071,733.4137434217613,0.19566705900587605,477.5288644917915,0,normal
14.5,117.03268081187596,730.8161784946703,0.20722303737515552,482.48650563552576,0,normal
14.6,114.74250392462912,733.5608141507892,0.19563943966198566,490.753044217417,0,normal
14.7,114.57603683177824,744.0825385842157,0.2153440185900448,490.4363727051804,0,normal
14.8,117.90005743646583,746.9953711000521,0.16915746704116424,508.17975807227043,0,normal
14.9,118.06441171153318,740.2652572591624,0.20263774970472764,488.9258497457025,0,normal
15.0,119.00248884600555,751.3947712671464,0.20057275503342056,488.87668180475487,0,normal
15.1,120.87134238367432,752.9982581044296,0.21509942206571056,501.85885026644235,0,normal
15.2,117.20770089921616,749.4177974579112,0.2046529411599964,500.5294107494022,0,normal
15.3,119.36962659647561,746.4501485714945,0.20574792084652027,500.85980537286497,0,normal
15.4,119.91138639911249,747.1006513852985,0.20448070717416855,495.0303055626712,0,normal
15.5,117.14124414597748,748.6227211959406,0.19693483700963468,507.87434635052074,0,normal
15.6,118.83744944409467,748.5060953772617,0.21313886579458824,496.19212407233437,0,normal
15.7,116.91939431999872,750.7497851623269,0.20410434410336975,503.1352527465367,0,normal
15.8,119.15932558949915,742.3614622937614,0.21628206330146985,498.3385877994281,0,normal
15.9,120.43391778620379,751.5850949693719,0.19325697389971255,497.196689442954,0,normal
16.0,118.25729064807302,746.7769325444235,0.1919864246349132,500.9239210109109,0,normal
16.1,117.21821893121233,747.1772810737358,0.20353787037221727,496.2259362725702,0,normal
16.2,118.39045762029272,752.9686421855488,0.19202213188231237,499.1289084103761,0,normal
16.3,118.35231031698136,744.593259422786,0.1913629849006784,507.50254939574506,0,normal
16.4,118.57055427530872,749.3515130534653,0.19412736324759378,503.38937548597454,0,normal
16.5,119.3398745246884,749.7792383794924,0.21330797997368842,513.8549064399226,0,normal
16.6,118.35343492592378,747.6989951270319,0.21224060551485902,499.8330821315298,0,normal
16.7,115.79316529735813,744.8902088782977,0.20359299243351023,495.50099736635497,0,normal
16.8,117.91863171988354,750.8025652454168,0.18992586835855332,507.7311451859412,0,normal
16.9,119.78445963863268,754.0656834358186,0.1849075761312878,506.51598093385553,0,normal
17.0,119.9454794729466,749.172034074065,0.19367836432996163,504.23690041168925,0,normal
17.1,119.94958546818326,748.9533383012495,0.20837448292724436,500.92927821106304,0,normal
17.2,117.68892791995067,746.893189551923,0.1664065555031056,496.458539035835,0,normal
17.3,117.45332085218385,748.4881527194779,0.22407020165070998,499.36012460661476,0,normal
17.4,120.46069396584465,750.0172616173115,0.20583301048642752,503.66938827061006,0,normal
17.5,119.52015609209326,751.8808157072632,0.17798490555060728,490.13645204324655,0,normal
17.6,120.53827488192047,745.6915532509838,0.1891108860120246,500.5182751619473,0,normal
17.7,117.98938364701225,751.7342886544056,0.18007009349853048,492.49336222182194,0,normal
17.8,119.13522593841886,748.7811877456836,0.1978473874041149,504.7030488102178,0,normal
17.9,119.74403059633451,751.5465013767703,0.2072315601503922,502.3260013160461,0,normal
18.0,119.49115264904009,752.3300733261639,0.21308483399022848,483.63864068043307,0,normal
18.1,121.5919823222887,750.3237310324525,0.20199246074649765,498.22397247333623,0,normal
18.2,116.70200272389398,750.7904695086254,0.2136323328894073,496.2280969035239,0,normal
18.3,118.40269912713202,749.9827432371071,0.2114866553803438,500.9722174553967,0,normal
18.4,119.64127836311077,742.9365881265715,0.18279037254601596,502.0201279482261,0,normal
18.5,116.38424392564916,755.9391755372191,0.18279261942468913,500.4153397375672,0,normal
18.6,118.67025816676093,748.1153825200674,0.16283106892016572,495.2740049503081,0,normal
18.7,116.3835984660318,749.4295857471942,0.17024039041229205,496.1634589970531,0,normal
18.8,119.66060991084593,748.2474379353107,0.21070046384911797,508.7677046575733,0,normal
18.9,118.79348306730132,752.1339161683362,0.19903286262105124,510.19619854015457,0,normal
19.0,119.46454501848463,753.4311003229135,0.181893005984228,499.9247777979927,0,normal
19.1,120.62658646127814,749.0202521053529,0.2063044419342681,506.7705117892837,0,normal
19.2,120.52910619446187,747.0479316604866,0.2018959229733958,513.6734708984943,0,normal
19.3,116.8769100154274,749.9733382343541,0.19973533523485953,506.0451910363351,0,normal
19.4,117.91684438935722,749.8127957527397,0.1911839408860046,488.99138675269364,0,normal
19.5,117.96094743335823,752.9732776750328,0.2014358350092887,507.5271326457797,0,normal
19.6,118.54700960122527,748.0609254333153,0.1851194705823873,505.3106026097897,0,normal
19.7,118.14015514056123,750.5120844260999,0.206802888390111,494.70090740859706,0,normal
19.8,118.40144627861714,751.7267705001588,0.18786938159007632,505.32414488727375,0,normal
19.9,116.20729144404815,746.3266783412245,0.17872282128744932,512.8668632192696,0,normal
20.0,117.90410741663902,745.6036074661054,0.2023841835720112,493.09227030387086,0,normal
20.1,121.34989102024349,748.8677211307403,0.19604836255829947,500.40941507611177,0,normal
20.2,115.8910382996915,750.9719041584602,0.1901210789993339,495.8277274237615,0,normal
20.3,119.50726538450829,746.2685674014962,0.2031858269570161,506.3320786871731,0,normal
20.4,119.16673432803711,751.2103317100008,0.1915643104613653,502.11405472855904,0,normal
20.5,121.30612869240822,747.7314539892687,0.19051074838981652,492.98364428312084,0,normal
20.6,118.68854292195489,748.2735423420389,0.19482268872028463,502.5906702659132,0,normal
20.7,118.13798585627457,749.4183892697573,0.20831021766281685,503.31162843812984,0,normal
20.8,118.92524820747481,749.8840330666608,0.19188251592254876,499.0494433234485,0,normal
20.9,117.47641797394876,750.4765434688516,0.18632878579106782,501.77233623982096,0,normal
21.0,117.68305569865551,745.3472703012407,0.20135258076021945,504.4404762181322,0,normal
21.1,120.05203055417047,746.2503032402691,0.19395757796888033,509.04494097186995,0,normal
21.2,119.98968235281579,747.8437546302891,0.18737017990730365,507.03092831596206,0,normal
21.3,117.7156282932463,746.0011039762603,0.2045786209127145,500.55488597753487,0,normal
21.4,119.2972624665451,750.4986302426571,0.20538137920062907,495.47338191715664,0,normal
21.5,118.67121750611045,748.1572159585138,0.20614819482492583,491.63782370298287,0,normal
21.6,117.59353111518743,748.8735756202019,0.20524847438215507,494.22880903409197,0,normal
21.7,120.50895604531159,748.8684253819914,0.1999401593693477,501.56393433486164,0,normal
21.8,119.43340598619453,742.3690600887734,0.19642572848718343,500.39654841252883,0,normal
21.9,117.57102592677596,749.4017482491445,0.19215479686209677,495.28448271249465,0,normal
22.0,116.67858023551972,754.4746746207378,0.19349247041920695,497.2746803210334,0,normal
22.1,117.37998982204743,745.770746240465,0.21282393875031436,499.0003257082384,0,normal
22.2,120.13319157713573,753.5029256185667,0.17628213327379105,497.73351853023394,0,normal
22.3,117.55964417167937,746.1492692946867,0.17898494097791587,497.9977215145531,0,normal
22.4,117.91859854653069,749.0496043468873,0.1880066721320203,496.55827763660716,0,normal
22.5,121.30535948185263,745.5690265441062,0.19197168684693067,500.2138335134621,0,normal
22.6,118.09718498675626,749.1956590376834,0.17674915719909856,502.2983047047756,0,normal
22.7,119.3623205115363,749.3329058589811,0.2082372722719543,508.0704318004859,0,normal
22.8,121.05663655167365,742.3564992865834,0.18077214601916422,500.6438793019169,0,normal
22.9,119.19325349011648,748.2891091199663,0.20089218385413696,506.10102130413,0,normal
23.0,118.4355393588895,752.8645614831238,0.18333211513769831,495.8613120361018,0,normal
23.1,120.0926673543862,745.3658492769754,0.20523723550750392,495.29102893377853,0,normal
23.2,117.99622233043071,745.773277795402,0.2107838657621197,492.8130409918334,0,normal
23.3,117.12355423551809,748.9772894347582,0.2045054905445247,501.94465955617517,0,normal
23.4,119.78028874201486,747.9189105233344,0.19583805857381767,491.4887720356667,0,normal
23.5,118.94780020613854,748.4712836244177,0.20807706629441575,504.8946679802221,0,normal
23.6,119.20362212699362,749.6635598323336,0.19588689888587452,503.33948099198307,0,normal
23.7,117.08044181636626,752.1963997427641,0.18599960873651636,496.66772411408607,0,normal
23.8,117.7729087548226,751.9527929333501,0.1657431404841433,500.10685411030687,0,normal
23.9,119.04920473164447,747.6620378359291,0.20060650893368792,503.48890629332504,0,normal
24.0,119.58750021363666,752.0729243726697,0.1863123419273594,509.4415487210663,0,normal
24.1,120.67471846587785,748.8603873116912,0.2063033715738982,496.2959528537985,0,normal
24.2,118.69855123262029,746.9080764349038,0.19322020527937092,495.29153216213416,0,normal
24.3,117.67560437908391,748.2536583460396,0.21510949374113106,484.3384841726828,0,normal
24.4,119.70416140615977,744.3797531011414,0.202923718492017,500.05192999542743,0,normal
24.5,118.77091001937997,748.2178677841576,0.16663095091679306,516.105668815817,0,normal
24.6,119.29774839100534,743.9626265969532,0.1926945032216796,499.0452300114808,0,normal
24.7,118.54268649301103,752.347623151355,0.20852943153947484,503.75823560407684,0,normal
24.8,121.12877688629703,753.7362927899856,0.19117485274974785,489.87567111006246,0,normal
24.9,118.91303607502252,750.0390984721048,0.18965059991145536,503.4805871710065,0,normal
25.0,119.06516534492238,752.2065977563881,0.2114476321442086,492.8052841342285,0,normal
25.1,119.23181398418471,749.6419163547486,0.18779130112129552,498.64637828807656,0,normal
25.2,120.51979248617721,750.3955622786154,0.1848175467544841,495.0682398862494,0,normal
25.3,118.41172069271998,750.5854034766119,0.19049627256402882,509.835073893604,0,normal
25.4,118.98012663129906,751.8959944785487,0.19406390391573428,490.7838270463134,0,normal
25.5,119.33121868361687,751.105427965276,0.19618802223197876,497.4649077791982,0,normal
25.6,117.4978088782086,747.2363710828951,0.19479024327914068,500.400404840782,0,normal
25.7,120.48612770023911,745.2729601336964,0.21062489114006266,507.49432683906656,0,normal
25.8,118.56389547867659,750.9653085402917,0.21527542578232556,500.7759518582383,0,normal
25.9,118.93955328191971,746.9947997530971,0.1857410493957878,497.91087524000415,0,normal
26.0,118.05151305468686,753.3393243287051,0.197113760614705,490.4501293490784,0,normal
26.1,119.36509027951114,745.132313813674,0.20222995771008478,499.97060271233767,0,normal
26.2,117.89373466437993,746.7684069925363,0.2135679407078277,500.05563977094846,0,normal
26.3,116.88702252758934,749.4184800191819,0.18638291133849585,487.3963096152412,0,normal
26.4,118.02180856229172,745.9846350176318,0.20991777434021736,504.26496519985164,0,normal
26.5,116.7292921760071,749.3252250374145,0.1989813129915192,504.5032224382624,0,normal
26.6,117.42554845507422,744.3133047456382,0.22253516163607137,503.5331268150026,0,normal
26.7,118.0178728067237,750.3138754104957,0.18982115113016182,505.3986301477117,0,normal
26.8,117.8477406015363,746.7712279068115,0.20766168234315371,506.50119064960245,0,normal
26.9,118.43089889677158,748.6131265302877,0.19083429915761357,500.30204212591735,0,normal
27.0,118.11419375218462,749.9242415298553,0.20195424098084558,498.20948150999226,0,normal
27.1,118.30056411338862,750.0232807744603,0.19754928278690095,505.6884114891666,0,normal
27.2,117.62793751637413,748.5409508764576,0.18176608515151224,494.30227552166167,0,normal
27.3,120.40439337610957,752.7699235683691,0.19812534864670397,504.39303992616635,0,normal
27.4,119.29967761245345,746.9277663015155,0.19177621353851204,486.03295283028524,0,normal
27.5,116.99781834754552,753.4142421072642,0.21184252557487504,496.101610241773,0,normal
27.6,118.18633233583986,743.6581359667593,0.1792496948845415,503.7627745736883,0,normal
27.7,120.49836335417156,745.8893206859267,0.21026181563936014,489.10191282294886,0,normal
27.8,119.69263424726198,745.5903845058498,0.20241978190126633,497.3288092783287,0,normal
27.9,119.38931790258268,747.9832886543652,0.21325149463201618,490.9049572314037,0,normal
28.0,120.0173528115368,750.5437021756532,0.2008290817956872,494.90675086016915,0,normal
28.1,118.90607723761924,750.591549232164,0.20891281147718185,500.2001308504773,0,normal
28.2,119.39894370275748,749.2907540703277,0.1777741038745322,499.16993847252877,0,normal
28.3,119.58784082286151,747.6402786023845,0.19165451068734463,495.1396845524784,0,normal
28.4,118.74804496464164,743.1673874100642,0.19741263962368802,492.99338793880116,0,normal
28.5,119.16974110094826,746.8728323393987,0.18910801285037396,491.4196945792132,0,normal
28.6,117.80044273648669,749.5715697539091,0.19810723807928857,494.384076024792,0,normal
28.7,121.61981650910047,750.824469957521,0.20437582698210272,502.55504847839757,0,normal
28.8,118.42501343923817,749.9178086044016,0.181018207197619,489.5658719477388,0,normal
28.9,118.59911289233266,753.5116201732571,0.2005411530655218,494.90180571539025,0,normal
29.0,120.46368630449467,753.7405808351876,0.20820786169347263,488.6516619707312,0,normal
29.1,116.15928131483656,754.1568479891422,0.20194366911876463,497.7259030716679,0,normal
29.2,120.73002713019363,749.2763729378278,0.1830246148718075,498.33135610693193,0,normal
29.3,118.10544482086603,747.3736220658004,0.19986945934313913,497.11949240542316,0,normal
29.4,117.67175577113974,747.5182652623033,0.19968388814652283,500.17634260145013,0,normal
29.5,119.35336865027848,756.0488148819122,0.1981818329458539,498.48533482152493,0,normal
29.6,118.26293126349901,749.1387882362767,0.17873739179097736,502.23545143770787,0,normal
29.7,118.4690761351039,746.6362779204205,0.1840023003914276,494.4648703393511,0,normal
29.8,117.52987540054558,744.8307210920785,0.18960155231669898,490.43889824558755,0,normal
29.9,118.55133499712608,751.3321561797328,0.17799294272945282,492.6355820132446,0,normal
30.0,119.70016658327542,744.7241166321344,0.18125189153763244,501.2580924623378,0,normal
30.1,120.11784655643476,747.6252514580565,0.20286036095212112,495.4179174737999,0,normal
30.2,120.01404736282682,751.283121838999,0.2051096071228423,487.20199818364097,0,normal
30.3,117.78011939025062,743.7767977725979,0.19977255326091442,497.20032639370703,0,normal
30.4,117.50544716705993,746.0510442699837,0.18950499340565338,501.9040679851379,0,normal
30.5,118.77315193505756,745.3511091179602,0.2121960521468925,501.1525713129429,0,normal
30.6,119.10916714681375,750.683477066584,0.19171022620185602,504.1993632194942,0,normal
30.7,118.28565773806868,752.9047467792445,0.205844173248625,500.37927855679635,0,normal
30.8,117.43573985204033,751.2924649075533,0.20009452101872627,495.3514669303838,0,normal
30.9,117.91256685569557,743.2647976483793,0.19521578515646404,493.0971779154348,0,normal
31.0,115.94936255840351,751.660929845497,0.21120365694419244,507.5602152571109,0,normal
31.1,115.69406560854581,748.541238131814,0.1848553181207869,502.01215554986936,0,normal
31.2,117.44517331670531,747.1138088512406,0.20503786507655794,499.69180702462506,0,normal
31.3,117.41385953041237,750.5196497874961,0.18031246834363585,499.94374914792195,0,normal
31.4,117.23755136435506,748.3644042281352,0.19103048367098396,492.8367384464126,0,normal
31.5,118.76401971232791,746.0627792901219,0.2008228525766872,496.776312374973,0,normal
31.6,120.36954077256637,752.4939359044731,0.20984400079038357,498.9357812460141,0,normal
31.7,118.56496276995493,748.5797417835033,0.19312787745343998,497.79487162702156,0,normal
31.8,118.6312411137518,748.6696478059997,0.17854423127735713,504.96521690787495,0,normal
31.9,118.6938926379399,745.676471583831,0.18549598139364623,500.9313285587767,0,normal
32.0,119.7375370000562,750.8478880640527,0.17915443813629484,492.8319245984199,0,normal
32.1,117.82069974544842,751.0882821788257,0.20512962422566863,502.70633409148945,0,normal
32.2,119.28890636432824,747.5104723732314,0.1937805099615942,503.2654229412849,0,normal
32.3,118.44636307698632,747.3209863696836,0.2044544905421924,507.8141557223094,0,normal
32.4,119.19608952803269,750.4266371066734,0.2115602141141346,501.98801120658675,0,normal
32.5,117.81952398755995,752.244369400891,0.20804220907866522,520.6734000775967,0,normal
32.6,118.78523185157876,743.2353939622388,0.18927165966268572,499.21202750511935,0,normal
32.7,119.99101893356185,751.4536235775537,0.20442877708763962,487.5861409604296,0,normal
32.8,118.39575745000944,744.2925412888931,0.19255571657508425,491.40100757801235,0,normal
32.9,118.56738125675967,751.9963025139117,0.20960411494347325,504.7127229589615,0,normal
33.0,119.36574285568994,750.5908092414345,0.18247592372214932,498.34184398642003,0,normal
33.1,116.40379771112677,750.5701621923371,0.20398961447935482,496.93976363541367,0,normal
33.2,121.62796149839232,744.688311326426,0.20433457845671935,495.60820140738696,0,normal
33.3,120.7511631082678,749.7912186317953,0.19252545846181005,502.27481314827384,0,normal
33.4,119.49874384553229,748.1279302335674,0.21811156155059505,496.7412079339118,0,normal
33.5,118.33821398151272,742.7405938048844,0.22130498465302084,503.55227672951,0,normal
33.6,117.04314965621239,751.2487632348628,0.19453637358960496,500.2306308378479,0,normal
33.7,118.23883252364278,750.1799818329638,0.19804825481600163,501.0921585258536,0,normal
33.8,118.19483109550241,748.115914428732,0.18845476349786408,497.82303658324037,0,normal
33.9,120.18017272598075,746.5764640944615,0.21461867138220814,492.8022395383223,0,normal
34.0,119.35007370596607,747.3043202332747,0.17316676988850999,486.3034015883864,0,normal
34.1,119.81344629070351,747.2164015537439,0.1768511798216691,509.0135810755729,0,normal
34.2,120.03006933604846,753.1841847435637,0.18417727457196184,500.62626962167354,0,normal
34.3,117.66779808468638,751.7935036272135,0.19318494408495235,494.6214026817196,0,normal
34.4,119.34702034835222,750.2863998816355,0.20498381022259146,498.3670065752302,0,normal
34.5,119.51117458892614,747.1751312055693,0.1802663678069267,503.37128522048437,0,normal
34.6,118.24379467184787,754.0905996408583,0.20233212329714803,505.68303022512146,0,normal
34.7,118.87095685731542,756.5379734470275,0.20077440049044026,493.1976165571428,0,normal
34.8,117.11529501450022,749.5336926649525,0.20272961589480093,493.81017557539354,0,normal
34.9,118.35229245176554,749.56480514028,0.20215867725870024,498.77412892322167,0,normal
35.0,119.68784908697765,749.4402214856312,0.20611671732700793,500.3412966511592,0,normal
35.1,117.86034610994963,746.2109899895406,0.21243446518585765,498.80538866592065,0,normal
35.2,119.68827507416576,746.7782086078424,0.19163286015072414,505.4583959511619,0,normal
35.3,117.18329470251334,743.5036341542477,0.19860600553290944,508.8890959203014,0,normal
35.4,119.38962180595456,748.6727542072567,0.18134235265512588,505.91897048246597,0,normal
35.5,118.93757749921782,746.1080545136733,0.21115619126046156,506.64355898838096,0,normal
35.6,121.19216171974288,742.0116885877812,0.19504767308204565,508.9610375100062,0,normal
35.7,117.69901275973885,751.2348230746157,0.20428298341041298,513.4424074343044,0,normal
35.8,120.9755024354822,748.1094017962102,0.1919204832722881,484.76050897111503,0,normal
35.9,119.59712781532802,750.7889906324468,0.20678976222352163,502.02916106874204,0,normal
36.0,118.24042611823243,747.9232223302248,0.21104117495186608,498.4629100619151,0,normal
36.1,119.86913891159443,750.7132217911233,0.19159490748876037,492.70857279251857,0,normal
36.2,117.4868054494109,747.459779578986,0.20911593905976422,502.19526184633787,0,normal
36.3,118.3341103613565,748.7048383503361,0.2068259793028361,491.94725220899437,0,normal
36.4,120.62726235956703,745.8673078241368,0.2003352440441224,493.0821300415171,0,normal
36.5,117.97566291185944,743.0254979013985,0.18893879309522427,493.27320012535876,0,normal
36.6,119.8007340676081,742.7337961897421,0.20627753565904602,493.75785481096403,0,normal
36.7,120.58229643229443,746.9380097124968,0.20372178354480694,495.3820039177376,0,normal
36.8,119.35811516353735,746.3149151261442,0.18667890096687756,495.058520620179,0,normal
36.9,119.3206372401852,749.3394241875202,0.18677529746822488,492.6769759143237,0,normal
37.0,118.04933815409186,752.2889248145545,0.20481629853754357,504.01536033788176,0,normal
37.1,116.71386846655015,746.052972650675,0.19563402001901775,500.78064835312273,0,normal
37.2,119.29844754411171,744.2082689884717,0.17957113386357376,492.74735847066984,0,normal
37.3,119.3308704712457,751.505816916595,0.21769883759418657,491.59666417699293,0,normal
37.4,117.56342105556783,751.1271824302078,0.21567571152155748,485.4710613107481,0,normal
37.5,117.41313887859371,752.0983781335173,0.22062670757802758,503.2101442233742,0,normal
37.6,116.92237164341799,748.8930928252838,0.17466390904620527,498.5185884729976,0,normal
37.7,120.38692859551008,745.5195642896135,0.19363744631528676,497.9008225518464,0,normal
37.8,116.84639959593218,748.9131421984454,0.19162835387334634,494.18326125746063,0,normal
37.9,117.73366842613781,746.1887685584062,0.1882101394818539,492.6044037127428,0,normal
38.0,117.82667401943901,749.0409707296922,0.20322070985996615,502.39134613055586,0,normal
38.1,116.52942873273113,744.8729708715417,0.19987035797823555,513.815680719594,0,normal
38.2,120.35592480476892,751.0736367522767,0.18442463737286108,497.9156179394264,0,normal
38.3,118.30704024210073,745.9712432105266,0.21054114238866467,491.9023731439327,0,normal
38.4,116.18684978297425,749.9538083020003,0.19146546735567585,500.8508598233102,0,normal
38.5,118.97559962663213,746.5753705050546,0.19050935306934633,500.2503213269578,0,normal
38.6,118.92022591971048,753.0552854757242,0.1867788832903913,499.86233127169345,0,normal
38.7,120.48043605260263,746.6357391983732,0.20826281659526621,496.08662100693766,0,normal
38.8,116.23068225035755,747.7445138551127,0.1880556890291477,508.10851311019724,0,normal
38.9,119.30585216877591,747.9616167813417,0.18283396231651233,490.9511191651098,0,normal
39.0,118.78081573264873,752.0837436460721,0.19575894226698765,493.4914121350972,0,normal
39.1,120.10061318251557,746.445667685035,0.1987942621625525,498.6166645820071,0,normal
39.2,117.8749739675407,750.1954490700635,0.1787900125473051,502.42479525679227,0,normal
39.3,119.17635205390415,749.6959059478811,0.2017525989642441,499.9575983367463,0,normal
39.4,118.43479734850222,751.033415777338,0.20151918475757638,503.1499632719266,0,normal
39.5,118.72865974645303,747.374033187039,0.20026262163417544,503.84709268743603,0,normal
39.6,118.41475505668657,748.9403615673424,0.20827604187890872,502.5899813261498,0,normal
39.7,117.29883112252843,751.3410733506872,0.2059690763714575,505.9039378328813,0,normal
39.8,117.68957355009988,749.843440950923,0.20201182383462274,493.90036681415035,0,normal
39.9,117.08744885385279,749.4491341151939,0.19175072995036352,503.12366475294755,0,normal
40.0,118.00765767269316,747.3700543475843,0.20098809166077403,501.9607024980316,0,normal
40.1,117.58311511678109,750.0649417203202,0.2062926652274537,504.1420246791712,0,normal
40.2,118.39115674603404,748.3359022490547,0.20578309818794385,503.8518154509595,0,normal
40.3,119.20267853585241,748.0066997805956,0.19757815480924396,496.30140274838664,0,normal
40.4,119.25923984801861,745.3256852372886,0.19215467235893346,486.870973917258,0,normal
40.5,118.73222534722608,748.7736150712329,0.18163990332967062,500.7643012128153,0,normal
40.6,117.32491315782927,753.8170785498335,0.1806479852339677,499.7741293447937,0,normal
40.7,121.0885909353233,745.2428130480797,0.21875987144668352,494.66711900145276,0,normal
40.8,118.94146875498289,746.6095025770453,0.18951956272736553,499.792472728026,0,normal
40.9,120.27834203470455,749.2121469228712,0.20128410781108008,499.2791553129407,0,normal
41.0,117.45210919654117,748.7857797681908,0.2017417687855559,497.2950148861849,0,normal
41.1,116.66418863540065,747.2682856920187,0.20016452099567955,499.4927939162288,0,normal
41.2,117.98732452697485,747.161652054945,0.20236383109372164,499.9819068628033,0,normal
41.3,118.14973435387547,748.5201241434198,0.19927095941448114,506.9895613549428,0,normal
41.4,117.77381294089113,747.2653491669932,0.1822222942550269,491.5581342480857,0,normal
41.5,117.83488732825987,743.0356275558341,0.19418758068152248,501.16530479527705,0,normal
41.6,119.29331268649956,750.2098388033386,0.19770411365194832,498.3738019873472,0,normal
41.7,117.51671735854546,747.949480660954,0.1976630204394435,494.12154340758525,0,normal
41.8,120.0005305764503,744.5547723704263,0.18108138255159306,502.2148683477338,0,normal
41.9,118.89035789919637,745.9175539029056,0.19277381920845763,488.8530199578505,0,normal
42.0,118.44120833421817,743.7662313460945,0.189052423035379,505.0586607187006,0,normal
42.1,120.28457249809156,752.9584134861889,0.19870110833956414,494.21439238777464,0,normal
42.2,117.65207575663705,747.5145932994831,0.19642751409888115,506.53361811900095,0,normal
42.3,117.58814769373649,749.2897703302925,0.1858049773719321,500.63150780004213,0,normal
42.4,119.59279018636525,748.9983246408896,0.1937182559633126,502.08904678261155,0,normal
42.5,118.72697173128049,746.5870598983469,0.20331094252808543,500.47400877528503,0,normal
42.6,120.80160890021578,749.2531480739709,0.19791148696199676,498.69992665376856,0,normal
42.7,119.91898088741654,749.6453119823951,0.20106488781581502,507.8872159365418,0,normal
42.8,119.20898154627987,752.9787947687962,0.18194167126034416,490.56137333462055,0,normal
42.9,118.52680282657683,751.3608288008949,0.20712491007456516,488.56379029698394,0,normal
43.0,118.62608469527768,749.3331615538548,0.18119449623290926,497.9678414928233,0,normal
43.1,120.29591459348941,746.8997187221472,0.19611468577731397,492.42264424382734,0,normal
43.2,117.71179097677519,747.0373874785099,0.1893714782950663,493.3557277192183,0,normal
43.3,119.3881947139457,749.341980177697,0.19084166159619073,508.3691166915302,0,normal
43.4,118.64375984283744,748.091926801454,0.18870637187772119,494.9090994555679,0,normal
43.5,121.59807505208259,751.640471857495,0.19808657039101166,504.2111264133781,0,normal
43.6,119.47686610044673,749.9486642686684,0.18769705938248143,484.9070320780547,0,normal
43.7,117.42059419483053,752.6824486403128,0.18717745467325958,483.02661466748594,0,normal
43.8,119.0926303605241,748.1777986134578,0.21902828906117194,502.89859630827004,0,normal
43.9,117.74510842922537,752.5363525464217,0.21509745783933454,502.14484718363474,0,normal
44.0,118.15632152849889,743.6452378031134,0.1961104794221998,498.545090183689,0,normal
44.1,118.80769241085859,747.9534299716087,0.1950406506034271,493.20661896160493,0,normal
44.2,117.58236843238936,749.1722778077504,0.1946489163755114,507.4358590299584,0,normal
44.3,115.49915089206492,748.6211809137864,0.20100167085688453,494.5921482340892,0,normal
44.4,120.26570945705123,750.7075927521629,0.18530019401097994,494.0438494199269,0,normal
44.5,118.18953053064216,748.6784369751108,0.1762323940646055,501.3094718453905,0,normal
44.6,117.02230414989276,747.2758171670068,0.19204545714598553,502.5130904631217,0,normal
44.7,117.6651447674576,743.3787275335533,0.2077580379538319,501.60968190196024,0,normal
44.8,119.17420795964254,744.5017228264516,0.17973034175176736,498.4437421383041,0,normal
44.9,119.6875492939682,746.0768974444461,0.1772670742523055,500.245452812926,0,normal
45.0,120.37256228450721,744.2971997024241,0.1996290995184736,506.02840334168957,0,normal
45.1,119.16849979251292,749.3762013179735,0.1796765302921853,498.6659085371646,0,normal
45.2,120.72166036103316,748.4350981512404,0.17979964962417974,501.2276506839275,0,normal
45.3,119.80865707280076,753.2631230893585,0.21129089517686137,493.73087030609366,0,normal
45.4,120.95147479511581,744.055919093182,0.1724094338700101,490.6590409009453,0,normal
45.5,119.19786245992664,746.1553994837791,0.20270391316511707,499.5924931527039,0,normal
45.6,118.73455482405838,747.0862604876535,0.20234614127440356,495.936010216083,0,normal
45.7,118.52662245239469,748.5524052254281,0.1960687185331504,497.9972690339898,0,normal
45.8,116.16859614500295,752.3661482072956,0.20850200653878698,493.6667787021165,0,normal
45.9,120.44628286178559,753.0797685833794,0.18944462045596153,498.33415266096534,0,normal
46.0,118.7969295540296,747.1306986259516,0.2004558471216402,500.13875320301486,0,normal
46.1,119.27790983143113,746.9741497153605,0.20702677650282159,500.3331035505257,0,normal
46.2,119.55286024724522,748.1828287392282,0.20160484565893688,488.01298590324336,0,normal
46.3,120.96129967341096,748.1287739683344,0.1903989070279759,505.2941674869547,0,normal
46.4,118.31548219076437,747.8417594118534,0.17614849698713625,504.1803257728557,0,normal
46.5,118.67557956953864,747.8677460638111,0.21402751676219176,495.32152831768093,0,normal
46.6,117.95596758726788,747.7386900023606,0.17152343137114892,495.6079639152549,0,normal
46.7,118.62138500936605,744.739451858478,0.17343064615617534,495.3751503085555,0,normal
46.8,120.66665118981851,747.7210682822302,0.19958098741202937,503.88738387456385,0,normal
46.9,118.66188282058064,753.9294550666457,0.1965497878363481,501.6206383348962,0,normal
47.0,119.18752800679908,743.4466417523173,0.20470622029240154,485.47334356460004,0,normal
47.1,118.49241157401327,747.3211897286101,0.19707502349810083,493.80258510446276,0,normal
47.2,119.18114865622279,749.0393768627619,0.19640589206466053,501.60190690208645,0,normal
47.3,117.96236260195353,752.7599714124682,0.17666271511732806,497.83126416107814,0,normal
47.4,121.3021658086652,742.5379297210827,0.22156490287254685,507.89341627677544,0,normal
47.5,117.78602179883411,748.7795948135597,0.1997454853010088,505.66709933822597,0,normal
47.6,118.04513871761502,747.0542241777231,0.20051833230274244,493.8286137769327,0,normal
47.7,117.4771434513578,751.6676585605514,0.1943901025974067,501.03269751530536,0,normal
47.8,117.8583977507977,746.4279476529093,0.20435297780203432,492.3798173054318,0,normal
47.9,118.73471949326758,750.3956361351485,0.18492206902929614,495.47582765028386,0,normal
48.0,118.60003619323318,749.3101112106033,0.18745095979637363,494.27989597420896,0,normal
48.1,119.46272993572458,748.5004117006227,0.20502942353099254,506.0010115870065,0,normal
48.2,116.64056053481887,746.781683855861,0.20426080035745822,499.6220512991732,0,normal
48.3,119.03759477837905,745.602181004147,0.20698689766144535,510.1847849137368,0,normal
48.4,118.02767439597908,749.2146765527642,0.17654255320404633,502.0362887716092,0,normal
48.5,117.70409527701747,751.8708196984513,0.1940017860100859,496.0565387302016,0,normal
48.6,118.2437333669486,747.8797595126766,0.19681613947117083,499.43759220049003,0,normal
48.7,119.23232582569543,755.2296175104241,0.19863071494799003,494.66730551177835,0,normal
48.8,120.88872462292804,745.4142435888988,0.20167945587196281,507.3101379249596,0,normal
48.9,116.58067609410786,751.8105237965929,0.1864882306410994,491.03561518458343,0,normal
49.0,119.29721988875674,744.73236235183,0.19227069348016892,501.2716885125958,0,normal
49.1,117.34952243226834,750.7058753954071,0.19478978973010852,484.41730553872435,0,normal
49.2,118.84945961807045,751.8394744966089,0.215456058987781,510.3878644677003,0,normal
49.3,119.50950303610314,743.3614613082889,0.1947527911809263,504.6732627698026,0,normal
49.4,120.48077762622961,752.962194069394,0.17578158798432292,488.361604801493,0,normal
49.5,119.50273336552641,753.0417239764671,0.193370478849558,496.36280268698437,0,normal
49.6,117.71415621543557,751.2056229571347,0.1595319483257651,491.35125560272996,0,normal
49.7,118.40878543132938,750.6999471095221,0.19832485446404965,487.1125857667042,0,normal
49.8,119.98412002079458,750.1864152773466,0.18418052192652068,496.0909538349409,0,normal
49.9,118.61708361562971,745.9714368492458,0.19529113473484971,485.0283317168618,0,normal
50.0,118.13727078941994,751.1277109273047,0.17283747152861562,505.6673086123146,0,normal
50.1,118.20948025600349,747.8293022728016,0.1764997174716253,504.1473729409928,0,normal
50.2,118.0413821424251,749.7994556013766,0.18996498521472382,483.57309284003145,0,normal
50.3,120.289412504607,747.9637138682896,0.17785009815683775,501.64457995949283,0,normal
50.4,119.06112325933077,744.6019093838314,0.21499822275809344,498.1457784485677,0,normal
50.5,117.6708554731155,747.2306321460342,0.19686632086026803,507.1188026979966,0,normal
50.6,118.46009852604766,747.2946658844135,0.1948963987416902,506.9952622882097,0,normal
50.7,120.49781666804607,751.6187483020262,0.20531871634901921,497.8060559714048,0,normal
50.8,117.35646152384784,746.6515023405324,0.20296941472237376,506.98170946780084,0,normal
50.9,118.89697399785395,743.5533261409048,0.20200799439388858,506.5368711855261,0,normal
51.0,117.25009997381878,747.2410440551656,0.1795756522294555,500.78343901243653,0,normal
51.1,118.36092720739144,748.2024020625273,0.1958307633797092,503.97336071642076,0,normal
51.2,120.13208237714926,748.7139797388726,0.18628269274738568,501.91510237394084,0,normal
51.3,119.49284936285113,752.636575085201,0.19647856453745693,480.58421562325185,0,normal
51.4,117.66823915238155,746.0405512263302,0.2034291286278902,500.57817310294604,0,normal
51.5,117.99263288237981,747.9421932554442,0.1692886631464714,505.8771597620284,0,normal
51.6,119.05709315957854,748.5126018473004,0.19687815270406653,497.1111606924049,0,normal
51.7,118.71407253181893,745.4203019207733,0.19221678827520833,504.17845215044906,0,normal
51.8,119.15035549262991,744.8199782501594,0.18588384422192264,493.8974244674477,0,normal
51.9,119.77026017014768,747.8898486134578,0.2213330844768792,495.83456270216647,0,normal
52.0,118.82474835856915,749.7749584038531,0.19466794198539364,501.3000420994739,0,normal
52.1,119.47466820392839,742.8889234714742,0.21758956395217405,504.5615546989383,0,normal
52.2,118.43620983552441,752.9555114797365,0.21041934120757735,492.4439692606942,0,normal
52.3,119.62167872744678,744.1228650023032,0.21081372758314648,491.6268462498783,0,normal
52.4,119.4337246429713,752.6971850981602,0.20689138826650005,504.60203977489937,0,normal
52.5,118.64308364174148,745.6041349699302,0.17581022007271382,493.13472857508054,0,normal
52.6,120.02823889467176,744.1925873257264,0.18895933952944372,496.8236047296605,0,normal
52.7,118.55515307575229,750.5718585239384,0.19866215956436048,496.971356076551,0,normal
52.8,119.77570374059242,749.9315285031606,0.2108765688116392,486.7454289936986,0,normal
52.9,118.87291087737351,747.0038299703899,0.1928143581484956,491.0481052376889,0,normal
53.0,117.50520851870318,748.1446212231663,0.20344416557490597,503.1908995197841,0,normal
53.1,117.03916036063453,744.4757311696727,0.2002009639807454,500.0368875043964,0,normal
53.2,120.04163494654512,741.1399792895606,0.19797500480843733,496.5823248787149,0,normal
53.3,116.70256667918353,749.6528757463544,0.17609452371613857,497.5951340877929,0,normal
53.4,116.12100261631409,742.1742096207173,0.18107535387831325,500.71727539967907,0,normal
53.5,119.05549896632941,750.2390481702373,0.18429410663237927,504.55864797259386,0,normal
53.6,118.94279244199585,750.3749980132101,0.2067005886291101,502.5972995484178,0,normal
53.7,120.22564180635945,745.9720261305656,0.2140276571591429,494.82778186760856,0,normal
53.8,117.28177388565548,752.4614136425164,0.20148024060850497,498.80151420385937,0,normal
53.9,118.70521656914389,745.0381648831559,0.19925510391000423,493.95970934806684,0,normal
54.0,120.33580555008564,747.2165487141201,0.19268239750883986,502.29146760232595,0,normal
54.1,119.81329945021358,747.9269059915507,0.18933827945666407,494.4841484946878,0,normal
54.2,120.00483754855806,745.495793684837,0.20452686134819614,504.0159264930088,0,normal
54.3,118.71027709882026,746.1540874924096,0.19521013475418436,497.4621387164945,0,normal
54.4,119.3279406397003,749.1112679903174,0.19625676061703057,496.9549431935927,0,normal
54.5,120.7216614252939,747.4208833656332,0.20489949681822808,498.21291980069714,0,normal
54.6,119.88011641197437,747.3670536744504,0.18913744167851254,500.24636737383344,0,normal
54.7,119.0381047842558,744.1241869205603,0.18802889314901344,496.84548684921043,0,normal
54.8,117.87442741475029,750.04567088023,0.20248967610053936,498.11685733361685,0,normal
54.9,117.47039427799102,746.8298722495994,0.20545501766631186,503.66275350101887,0,normal
55.0,119.82021925248361,748.0064199173145,0.17752940023404362,498.8967004170117,0,normal
55.1,119.40411333121718,751.3575762320236,0.21360312039237078,492.4914848965839,0,normal
55.2,118.17655873049473,745.5981385334553,0.20695680783054868,490.3772890671781,0,normal
55.3,117.9200954849936,747.7349397036206,0.19045562981458375,498.9451013913715,0,normal
55.4,117.75942600766739,747.4925859902878,0.20504177586867167,494.23407767392126,0,normal
55.5,121.20149291860345,745.7967676375255,0.19708240470242397,495.0452526417769,0,normal
55.6,117.80333164136046,751.8838234419919,0.18711649452628756,507.93625629510854,0,normal
55.7,118.04098298935136,749.0958586306385,0.1900486378204331,499.2884778836679,0,normal
55.8,117.43854526208611,752.3631208085599,0.18553418743877084,495.64949867679684,0,normal
55.9,118.03212905713605,749.5747924009844,0.19456617283895775,497.732657304809,0,normal
56.0,120.7368378883188,745.4547844178861,0.1990469891249273,494.1956109545837,0,normal
56.1,118.06409083767848,752.7399947689127,0.20561868347533374,504.34915445517476,0,normal
56.2,119.09296607973938,752.6678175444221,0.2083204976947743,493.8599723897423,0,normal
56.3,120.02788585594851,747.3217485019367,0.1796850342867381,496.75021393655106,0,normal
56.4,119.40157191332267,751.5939582743039,0.17797570976411695,501.3952510588299,0,normal
56.5,118.91156709771464,749.5884171430737,0.21383440337269127,502.16015098348896,0,normal
56.6,118.6857620646314,742.3457763658164,0.19467419531741967,502.7766126538852,0,normal
56.7,117.97582608431225,746.3212422866504,0.19464293705329086,491.21811783693147,0,normal
56.8,120.14672841863701,749.6129345226212,0.18636710972312817,496.20698065464563,0,normal
56.9,118.14069649054476,750.6363085479016,0.20443435212283959,500.2936917713685,0,normal
57.0,118.13179798816233,750.967334531354,0.21769233172793645,510.781327636732,0,normal
57.1,121.43464885462498,748.9446332751946,0.186022481227056,499.47719385727146,0,normal
57.2,116.37252958447799,749.9819812203871,0.19902045455546108,497.44404785212345,0,normal
57.3,119.77212573752702,749.2094409673597,0.1889326521324886,506.15059867311356,0,normal
57.4,119.49006743909722,748.3244545796757,0.21786769249779966,496.400102878412,0,normal
57.5,118.78154871034336,751.5599608884827,0.20160498780944747,484.98836311637115,0,normal
57.6,121.06005764072661,748.9536811031766,0.21776164233140777,503.5499120076186,0,normal
57.7,120.44639424485818,749.6415148398839,0.18800569365873923,496.1890042978492,0,normal
57.8,119.81717903906245,748.0821290138013,0.19257746735005526,503.193449043383,0,normal
57.9,118.08091505307057,744.280181226924,0.1964056465108985,493.74410837395055,0,normal
58.0,117.47474957294185,746.3845328851687,0.19743985662200278,500.3743371921528,0,normal
58.1,119.12099479836962,750.5119647810385,0.1962741390533212,502.62242531342054,0,normal
58.2,117.2669933826847,748.3486677144323,0.1976700709203272,496.70254867376235,0,normal
58.3,120.98117422649044,755.3577643385374,0.2142124680313413,502.24313981119417,0,normal
58.4,120.52155413997943,743.7583671810822,0.1871049607587762,507.1443960262861,0,normal
58.5,117.30016817018857,748.3840143962932,0.19552166346621044,496.2778602182133,0,normal
58.6,119.672888260675,750.015370907142,0.1966570077243122,502.5806359457728,0,normal
58.7,119.47970290332205,748.7042263788472,0.206401795683877,505.5040970755957,0,normal
58.8,121.47715697422892,745.7106725056933,0.1861959079752579,500.4426160447739,0,normal
58.9,119.18516306791717,748.4107736424738,0.18169624193143344,488.1883774590079,0,normal
59.0,117.21259086660311,750.1493789800177,0.19337962974648373,491.29105345865963,0,normal
59.1,117.39559274254438,746.4447045371435,0.16868416481784412,504.85078349926795,0,normal
59.2,117.72749228747753,746.6515709334393,0.20236036287620482,494.9167948008842,0,normal
59.3,121.07229223728105,746.490092327809,0.1781639952055546,498.7509063183908,0,normal
59.4,119.45486654195834,743.7799454920125,0.20785619512877937,508.7220485464824,0,normal
59.5,119.16793933668042,747.8299838758563,0.21131504587060637,503.5797138085591,0,normal
59.6,118.93891298565111,748.1320805174319,0.2086303504411747,503.7120379680753,0,normal
59.7,117.83885678410412,747.3797068436834,0.205900147223052,495.4903624638671,0,normal
59.8,118.43935424321214,750.1206547110277,0.21918129342113105,501.2495840685453,0,normal
59.9,118.00964557605151,752.0116375479464,0.215487877115413,502.59051229931015,0,normal
60.0,117.13383468257382,752.642099769751,0.18285351189191365,498.92401852490417,0,normal
60.1,121.40825310537194,748.273688017077,0.19530949809302436,501.49446686493,0,normal
60.2,119.78660532927465,752.4347698030748,0.1914769627554435,501.6617735230729,0,normal
60.3,119.49070965330314,744.8973808194069,0.19268924105250404,500.5807720239068,0,normal
60.4,117.56523601093315,752.6772261920563,0.1899994165937129,502.6262461442705,0,normal
60.5,118.23287408849669,741.5203279870557,0.2276894120578952,494.12399094634213,0,normal
60.6,117.93979983949569,753.1669675716529,0.20551052388894855,499.5108348119179,0,normal
60.7,118.61369573292853,752.8752238285323,0.1994612671318727,491.6556717311928,0,normal
60.8,117.68061211329953,744.4005375459255,0.19147538877143794,487.11279671389167,0,normal
60.9,120.61060431691594,748.1837244395283,0.19804964073214731,497.9509084764978,0,normal
61.0,118.48966569795596,751.8132108027743,0.19541590616362423,494.4858012808786,0,normal
61.1,117.21485332873453,752.1462367542865,0.19973013722723576,501.86096986801846,0,normal
61.2,117.15147829478981,744.7565384121247,0.2194586487083336,507.26924387927096,0,normal
61.3,119.91019615869118,751.3481023107903,0.16706637992205903,496.1478980667426,0,normal
61.4,118.9986430345199,752.1992430298483,0.1790713456564575,511.01484247602116,0,normal
61.5,120.39141707491494,750.3707107338112,0.2105572180656267,492.68224411409443,0,normal
61.6,118.00030239167457,744.1946684981938,0.17671436230757212,484.5621824350923,0,normal
61.7,116.80221350284869,748.5078799063548,0.20385856476829106,501.97488024760065,0,normal
61.8,118.94020506703211,748.5243442134744,0.17555850963982614,501.9101692653025,0,normal
61.9,117.89820734007434,748.7422702384432,0.18737834225576605,486.05930787170587,0,normal
62.0,119.54827955128867,747.251843422956,0.21142778274588556,499.6015326852594,0,normal
62.1,120.54043331957726,748.1458174998334,0.19187658969485896,497.74529332093994,0,normal
62.2,120.70361068913186,744.9451782063038,0.21840490636363163,494.80181858464346,0,normal
62.3,118.88327381277304,744.7687862472794,0.19652779016956579,499.24681940902707,0,normal
62.4,120.27881101732576,753.2517813666261,0.1907412107270255,489.42349558608026,0,normal
62.5,117.89473590489543,750.3472828909782,0.2118587360249592,504.97307508588796,0,normal
62.6,119.44052848741721,745.4024775386565,0.19534425185806942,514.2103403663199,0,normal
62.7,120.21173069866474,748.417079128074,0.18108286110741445,505.3081406309708,0,normal
62.8,117.33248009518873,750.2543952568053,0.2070202295145979,498.05671212316713,0,normal
62.9,117.9897756051827,753.6261458629517,0.21894744904670851,501.28024187594826,0,normal
63.0,117.4500303468291,747.4161360121668,0.1724326559682467,496.07817280954373,0,normal
63.1,120.31428734070832,751.3415756976958,0.22217824611780093,484.468695805379,0,normal
63.2,118.68485329645794,752.231383305594,0.2276200638329601,501.68191003497105,0,normal
63.3,120.16333516882894,751.0369038622957,0.2011941085335718,501.1582596469454,0,normal
63.4,121.44396553307297,752.3582930767495,0.19976937147732002,489.34061845882854,0,normal
63.5,119.32038345449561,747.3308944399425,0.1902090223901884,500.87614047139226,0,normal
63.6,119.78475216749311,750.5881804667183,0.21296275121702513,505.6716800206783,0,normal
63.7,118.22092731611234,745.3905323609653,0.17761117770636373,499.55523831284853,0,normal
63.8,119.45746647547979,748.5919312338423,0.18152638382764688,501.92442415322944,0,normal
63.9,119.93277720816654,750.9453609303195,0.19761333200039796,500.8735213976327,0,normal
64.0,117.97187258615887,750.0445189103523,0.2098814524369516,497.6165917106357,0,normal
64.1,118.63175963176334,747.7285490023551,0.19832726587157956,493.27740211593556,0,normal
64.2,120.83554692226755,756.3399716121487,0.18909250288314997,498.74795986652686,0,normal
64.3,118.81458842966195,749.6801790854884,0.18637383519117157,500.3927445863175,0,normal
64.4,118.12951719969405,750.88144620592,0.2144971907327867,503.1296978775488,0,normal
64.5,117.60932700365242,742.6978364849539,0.18553710026385076,505.4947351391132,0,normal
64.6,119.80415321197559,749.6944536250436,0.19452119478687424,505.853453768098,0,normal
64.7,117.7070205222983,749.0880240337481,0.20816587958670846,500.03075705369577,0,normal
64.8,118.61670304307412,746.473557859411,0.19587899963541663,504.7932914744068,0,normal
64.9,119.41641911916476,748.3978211799454,0.20453958919327953,507.94840699243474,0,normal
65.0,119.77457740195626,748.4363947749823,0.17862889284159836,505.23481713889373,0,normal
65.1,120.53313407837067,750.3401127494996,0.19012337847887553,493.5150070769339,0,normal
65.2,119.5830314788511,748.3743251741083,0.17526390517429394,497.9609197368047,0,normal
65.3,121.01494667202181,751.7261086742902,0.2080644302371578,489.0145815266366,0,normal
65.4,119.67866171021068,748.7357601626821,0.18189958522064395,496.3411679180402,0,normal
65.5,117.76930611419074,749.6940494583904,0.22079842606819938,495.22175024681906,0,normal
65.6,118.94414473071379,744.8000786392561,0.19655578348608127,493.2407858358535,0,normal
65.7,119.27089160648464,753.4097360634171,0.20752107521136046,499.85612428206815,0,normal
65.8,117.51340605565991,750.9913630919145,0.18304690873532992,510.9858268229706,0,normal
65.9,117.0145650187375,748.743218342526,0.19423771448859908,500.0955173182884,0,normal
66.0,120.05650540001942,745.6300748878407,0.1977760040180462,504.5178014601841,0,normal
66.1,118.24225825136246,746.4284574665243,0.1857813399584314,502.84143049855845,0,normal
66.2,118.45211255057144,751.0405699568084,0.21116305937257734,494.6145221519628,0,normal
66.3,117.89247924671591,748.5873875431231,0.19060743024600577,495.8721699757296,0,normal
66.4,118.82389338638896,750.1672869771096,0.17615717414564067,489.75557699862753,0,normal
66.5,118.60314000440599,747.9863991111529,0.19452253798072117,491.84542541959576,0,normal
66.6,117.76744747413564,745.0630536527855,0.1958672545228274,497.9717591285451,0,normal
66.7,117.04993037323382,750.4785037755354,0.18995235596837284,496.3986883654482,0,normal
66.8,117.89667451201674,743.2805996023645,0.19379633086594752,501.9051588811982,0,normal
66.9,119.64651316143242,753.7493975179976,0.2030201619819238,491.96736480899256,0,normal
67.0,120.14084289881833,752.4669287935418,0.17987287399624174,496.52939636012843,0,normal
67.1,116.5872159342291,746.580925753387,0.19945607618809189,502.55981125273433,0,normal
67.2,118.42288506749262,751.2267536267183,0.19931930795161704,499.8391437386152,0,normal
67.3,119.62543673210516,748.3117853843344,0.19638045665223963,503.76672171251283,0,normal
67.4,118.73573336657427,742.5275120481087,0.2006154213424873,495.27490060683346,0,normal
67.5,119.48123957549649,745.592795141075,0.19302328453294054,488.88771087795556,0,normal
67.6,118.57046071008956,747.7266935404672,0.20253773351285945,495.53795621843665,0,normal
67.7,118.70592442855303,746.7426425466091,0.1993743419951544,502.5635250506991,0,normal
67.8,117.48042000964567,742.3371925950903,0.19217063252180921,509.34849430587303,0,normal
67.9,120.29957356431545,745.4053529141045,0.20879990307725071,506.6657655691038,0,normal
68.0,119.15496510620525,749.9454538358352,0.2036646420335071,496.9479166331764,0,normal
68.1,119.14713708595434,750.7266087955118,0.19875437211745914,489.7762090778737,0,normal
68.2,114.83412309490018,751.5624092611755,0.20040431170537698,498.0524875185918,0,normal
68.3,119.73705083883033,747.8396671838833,0.21668886403477564,507.31988396405814,0,normal
68.4,118.27317599290558,747.3413880017974,0.21008791388224987,503.44063267473587,0,normal
68.5,117.91365005517126,750.7265125903198,0.20685905367644628,500.6300644058577,0,normal
68.6,120.74359711054876,748.7543148441827,0.20903459849899209,496.03170825685004,0,normal
68.7,120.27478678267376,750.9912447023055,0.19218874273617914,506.02786211834047,0,normal
68.8,119.62497288932137,753.1380039175393,0.18488727411426786,493.6771678074703,0,normal
68.9,119.63630612175348,752.0530364069824,0.18848831873246302,507.91127472332613,0,normal
69.0,117.6443004773763,752.0459220622807,0.17901159254280563,498.841875445292,0,normal
69.1,118.6702242978525,745.9453772674173,0.19631386673914256,501.887411876777,0,normal
69.2,117.50479009062714,746.7760209759791,0.20099889540589477,500.73170554324713,0,normal
69.3,121.60445880034807,748.5643310496438,0.20239042320089126,496.76863630174654,0,normal
69.4,120.25221673947578,746.9248241305576,0.18212709939420654,513.6596408410832,0,normal
69.5,116.35322142659165,753.960154079763,0.1889003296930443,497.8929477130068,0,normal
69.6,118.97439315573803,744.6236016081657,0.19105622067848413,500.1641516474144,0,normal
69.7,119.76907268018368,752.9320780110917,0.18479446278620185,501.087429987039,0,normal
69.8,117.88653338878935,746.2586566337542,0.2150837179520747,499.7512409524892,0,normal
69.9,117.29528290259297,752.3254115239341,0.19362885307883734,508.15479179874586,0,normal
70.0,116.72375606606047,746.6282264813194,0.20323149582601305,496.804773857748,0,normal
70.1,120.20978819149693,753.7792842000621,0.18639450088733822,491.41112003779506,0,normal
70.2,118.86604392585146,750.1758382047966,0.18600724203737246,489.73590057146885,0,normal
70.3,118.71352126950208,750.3908505134694,0.20797519369804324,494.0635423298081,0,normal
70.4,118.53723625309408,742.0089698489322,0.19650779886146033,500.1221791292431,0,normal
70.5,117.78678366656136,757.4304050437117,0.2197172996194543,502.01440223244106,0,normal
70.6,118.22575783500072,745.7051613376694,0.18618833191986808,496.3197830720424,0,normal
70.7,118.39523197086338,740.965486107822,0.17523794975129162,497.18659769523333,0,normal
70.8,119.78013231877638,751.3777087812106,0.19915900937115005,488.2043706139686,0,normal
70.9,119.0345838843055,745.1792875227868,0.19078065812701536,496.3341907957241,0,normal
71.0,118.53681118226574,754.4246374297028,0.21445814286432496,502.57371776362606,0,normal
71.1,117.93965039737829,746.7570022795444,0.1605248074358182,495.8058045245306,0,normal
71.2,118.9698869841257,750.2551502099786,0.1904654852520567,491.81105731686677,0,normal
71.3,120.72181063976812,746.4198336065728,0.2115153611314158,491.97657441942584,0,normal
71.4,118.16767305381643,750.2276726437236,0.16763429795538737,494.6060826602845,0,normal
71.5,118.2626241767112,747.6471568641088,0.17629892041740053,493.8249537537295,0,normal
71.6,119.0192481024981,747.0100847054093,0.19836058224103492,498.2438006897541,0,normal
71.7,119.6792162986466,744.0150930231705,0.22144233882489034,499.20700651663196,0,normal
71.8,119.57890097864083,746.0791377907763,0.20568807518003712,492.6223537360902,0,normal
71.9,117.97607026551475,745.3539188083589,0.1983764366641523,497.1960295722668,0,normal
72.0,119.86318707675058,754.1259744378101,0.20049784193416215,498.5313930622862,0,normal
72.1,120.69515783787956,749.9083783681182,0.2036423412013664,487.2296338784698,0,normal
72.2,118.20616885388928,749.3201950532973,0.18723671043718565,483.4032094234954,0,normal
72.3,120.11591394249841,752.0884817560438,0.20476764663308694,495.7575244757149,0,normal
72.4,117.38331902432121,752.9574887741081,0.20717236962049293,506.29813030293656,0,normal
72.5,117.25720492037792,745.6656375996071,0.18982429816186122,488.78529385563826,0,normal
72.6,115.7514494614919,747.0258651112724,0.2187161421121475,489.85671099945245,0,normal
72.7,120.26509522871929,745.3725121958241,0.21372016021503143,503.20051033237553,0,normal
72.8,119.06189936161596,750.9841828311567,0.1702580573756687,499.17672974195716,0,normal
72.9,116.47497139210239,749.6062927983367,0.20090444493884196,496.8576869801304,0,normal
73.0,120.84320166373934,745.5547342214434,0.19349603135098586,506.5750207743472,0,normal
73.1,117.39018537965161,746.8782035292929,0.1975738250096311,498.73108109412476,0,normal
73.2,117.55848497949354,751.6651317748458,0.1830284558472029,492.76994022444404,0,normal
73.3,118.09529673014745,751.321482620686,0.1898839091041989,491.8111833945777,0,normal
73.4,119.9324962064472,749.4182280634625,0.19281283356129744,495.9394982265533,0,normal
73.5,119.97868604636696,746.1279716308087,0.19239622859306904,504.80778837478096,0,normal
73.6,117.81432499251126,752.1962733965687,0.2254811772180327,496.1198818567013,0,normal
73.7,120.11037712613997,750.6228065669549,0.18986603892763596,499.929576755602,0,normal
73.8,117.4142793876648,748.6925634690795,0.22660887596549026,498.718996748742,0,normal
73.9,119.17390854622101,747.7369086896101,0.19589230906401464,489.5378845718882,0,normal
74.0,117.87547316929862,744.9581864318794,0.18944270485498016,497.07636028343387,0,normal
74.1,119.07936289137092,750.5574449062203,0.1984496251749953,494.07110625054617,0,normal
74.2,117.91846470879115,753.0242947656155,0.1805067015815109,492.9345031264505,0,normal
74.3,117.50527410303573,748.1849523851544,0.18874245656671307,492.539706352799,0,normal
74.4,119.65554072126247,748.9584862585573,0.20590675449668364,500.0245284049001,0,normal
74.5,117.70301874055674,747.1615038012858,0.19619563380113197,497.2322154016873,0,normal
74.6,116.20078295721578,747.9085776989112,0.17282574966881065,487.26727984841233,0,normal
74.7,119.05656500300618,751.8710492241454,0.2072372762724628,492.2073255157206,0,normal
74.8,117.22392465135243,747.0984603101562,0.19488791641893805,511.64090951735733,0,normal
74.9,118.92401073904182,754.0186857067966,0.1873846364380495,498.1176691194716,0,normal
75.0,119.3331405622753,754.0606390661051,0.18923860839012416,507.95037518325256,0,normal
75.1,116.89646621336854,747.3581345730374,0.19347815248025177,493.17241727834516,0,normal
75.2,119.82898309893775,755.0654638073615,0.19715248704239044,492.7404819632203,0,normal
75.3,119.45675269955993,745.6667360429018,0.21339407593518672,501.3502355309147,0,normal
75.4,121.97560046901256,754.5989886251377,0.18568506473724622,497.7488964794104,0,normal
75.5,119.01491124722246,748.9991081106467,0.21502328741030502,499.15379905888085,0,normal
75.6,120.68505593787111,742.9217109675187,0.1955265804349222,496.45065060810504,0,normal
75.7,116.18960849869424,749.7901212890935,0.2162176022218703,500.0754868031227,0,normal
75.8,116.33337877780752,751.6947569132428,0.2005815324556244,499.404748363108,0,normal
75.9,119.39243930658343,746.0818142149925,0.2041444409491714,496.25774033430673,0,normal
76.0,117.67032497968832,749.8857249431957,0.20226608628083906,505.2290797339054,0,normal
76.1,116.86651742308528,745.4916270640266,0.20405790850633873,498.2231608531018,0,normal
76.2,119.46395691993767,750.3944807470524,0.1943847382569615,499.1483007801121,0,normal
76.3,118.89055616708083,750.1964621562596,0.1982391606294999,491.0942598867212,0,normal
76.4,121.27473015689472,753.3745715732667,0.21785720791198293,500.14336657435854,0,normal
76.5,119.41335684123423,743.5240651327707,0.18753447334138384,502.7905145026599,0,normal
76.6,119.22033158897688,747.294810268166,0.20544528304858853,497.7442319859977,0,normal
76.7,117.04926383960866,745.6314317337399,0.18718371298947872,496.56390191408786,0,normal
76.8,119.94494138543486,752.2683440742853,0.20429040900932796,489.04004838272914,0,normal
76.9,116.3550314986191,746.6495411808685,0.1783987880444837,498.0357358135053,0,normal
77.0,119.82929770539954,755.4985244863633,0.1994330673148858,499.0737056531476,0,normal
77.1,119.1258038323655,747.3673598156372,0.22554072166178485,497.94838584721975,0,normal
77.2,118.10465707866437,751.4828141471004,0.1977934317919048,493.08834192857546,0,normal
77.3,118.86592317462708,749.6930501242006,0.18268503903165428,504.45785965096286,0,normal
77.4,118.32419142479881,749.1105797405883,0.1856846545361356,499.59260855773283,0,normal
77.5,117.57028910945145,744.254638905116,0.19033933723453303,498.33537187857144,0,normal
77.6,120.07093607176817,752.5798962086875,0.1858235409134809,492.6511588771042,0,normal
77.7,119.56294504375268,748.7293189845633,0.2189932721055548,497.15882205020796,0,normal
77.8,120.17342103707662,751.0461523375172,0.192831263938625,510.8568554684912,0,normal
77.9,119.45919223941074,751.1279837192601,0.21020022020236925,501.90337565958845,0,normal
78.0,120.40834577232457,753.0245148241318,0.1944121707399884,491.6478482608563,0,normal
78.1,120.37180967354942,747.5363694297339,0.17638856544731574,494.94549191448556,0,normal
78.2,119.59281490718261,751.1320743858823,0.20219440746424022,508.4011004792815,0,normal
78.3,117.75752913363664,742.2848139914562,0.19774810310650862,489.8237603292898,0,normal
78.4,118.92052167775056,751.0514985971868,0.2039037596634831,495.68799985462897,0,normal
78.5,118.96037793691175,748.6830722593897,0.18749646861572464,502.36930674082316,0,normal
78.6,115.89406093674751,751.4853407260244,0.19689407136170928,492.8618112869741,0,normal
78.7,118.75739684395379,750.4144683048359,0.20307520240703547,498.76395172497894,0,normal
78.8,118.06417510926842,747.3203531217448,0.17403093131648228,508.71296435602574,0,normal
78.9,119.86024128266484,747.4596072776227,0.17625799818282747,501.65023554231533,0,normal
79.0,118.36508890194719,748.9607510472154,0.1887311325430252,507.01773754371743,0,normal
79.1,116.7828979519645,748.0143701201082,0.1983286684284718,500.3517621583088,0,normal
79.2,119.68207725191456,747.1626551463512,0.18647744075193184,492.8337244526453,0,normal
79.3,118.1572288478511,747.7442668506421,0.20121485300597802,505.2904314465661,0,normal
79.4,117.71332025045274,754.4110956264648,0.20475824297214149,499.5746169605673,0,normal
79.5,117.4630766581551,751.3665413415895,0.21025235611317963,492.54230883115724,0,normal
79.6,119.86274418453142,757.3452116004247,0.20003896654625347,502.27750860373914,0,normal
79.7,118.86583159578242,747.5898619587421,0.18827565784584754,503.85413787184916,0,normal
79.8,118.67818524534287,744.3012497968559,0.18327298175197,503.5747815051516,0,normal
79.9,119.1585104930546,749.4895344466437,0.18867273839740023,502.7420240196012,0,normal
80.0,119.80963766725148,749.3298909357658,0.21531953545091534,497.74788866516496,0,normal
80.1,119.51696947919173,752.1353393107028,0.18940283774698655,488.5317351795956,0,normal
80.2,118.57504888398229,750.2761829583002,0.20734822780308718,500.12880389477425,0,normal
80.3,120.2434842241358,750.133787430371,0.18912163181674727,506.48551893714836,0,normal
80.4,118.12122157856072,749.0775222106054,0.2119151143389662,504.46169225375695,0,normal
80.5,117.85809123184936,744.8232123279407,0.17998871045217424,497.9736760148368,0,normal
80.6,121.29593762256579,752.4895189879585,0.20299148201779174,504.76305243463787,0,normal
80.7,119.60759373092324,749.4326423163069,0.1882209321044205,502.77877658736526,0,normal
80.8,118.79842024958272,750.5245694927058,0.19064796086391556,495.83797307977926,0,normal
80.9,119.57813355257228,747.1617188807597,0.20334145371354673,502.12266865522844,0,normal
81.0,118.84458516000083,746.7001013023518,0.18742817165644904,493.43878568147306,0,normal
81.1,117.44560866482983,744.6255468315848,0.19388508981421007,493.19819495882126,0,normal
81.2,122.02590804792793,746.8996341941336,0.1905984713266013,491.3108808468514,0,normal
81.3,118.47790870582918,743.3762303735998,0.20846029020687015,504.15316648176713,0,normal
81.4,118.83210802656563,749.2284488881536,0.20181223289121328,494.5972709773832,0,normal
81.5,118.72143362619852,755.0009480315628,0.19754432354402013,497.1017384879276,0,normal
81.6,120.02872476293908,750.8074298830246,0.19259186569425418,504.44520780126237,0,normal
81.7,119.29375395993429,744.6052687813993,0.19026465052360375,497.05625996539095,0,normal
81.8,119.25609939352286,751.3450542336294,0.19482297688471287,504.0333967975653,0,normal
81.9,118.71758067655544,754.3175702721018,0.22268677401264483,505.0596377014475,0,normal
82.0,117.30660051400221,751.921028569228,0.19159704832837252,512.686221414585,0,normal
82.1,118.7651335628679,745.3804166094486,0.2016939123143412,487.6542607036668,0,normal
82.2,116.11587061816073,748.6269272038808,0.20246514016810377,496.9151314868005,0,normal
82.3,119.97406795216263,748.5583432003967,0.22257643308307584,485.18319064532557,0,normal
82.4,118.50974431572159,749.274076638041,0.19393322669368437,504.5523330068021,0,normal
82.5,119.28907672881597,747.651971402626,0.18809258453791816,501.9950585277703,0,normal
82.6,119.24097311092866,751.3802553449784,0.21265121952738866,491.707130863071,0,normal
82.7,118.07835713282493,747.805901989782,0.19944815825379328,488.0303788350068,0,normal
82.8,118.51191892435165,747.4117121214484,0.18310376532067302,491.13845362902657,0,normal
82.9,117.33304411171923,757.7436154688961,0.20643678050657477,502.5786613393297,0,normal
83.0,118.21486564623146,748.4738952313747,0.19426373558954427,491.77418049863746,0,normal
83.1,119.66827871602382,748.5589019967773,0.19550136819707098,500.6609690497597,0,normal
83.2,118.84344732613917,742.2452053962292,0.19794589616584735,491.25362204037935,0,normal
83.3,120.90327297478468,744.6689893684662,0.20174257377642765,484.87859236703065,0,normal
83.4,118.67411815807716,751.5599353573451,0.21455462630251376,498.30254869863785,0,normal
83.5,117.55854748999195,749.9235252617897,0.1856880845048237,500.706655440934,0,normal
83.6,118.88207874334348,746.1445477273851,0.2147651213189731,496.2086003997631,0,normal
83.7,119.46442793619003,746.1989176638787,0.1946799041114539,497.2076241768831,0,normal
83.8,118.96210284450092,746.5399813870176,0.19335505556355376,501.6976063472002,0,normal
83.9,118.19131044239137,745.5787212726494,0.18967696978207468,499.573910729443,0,normal
84.0,119.45289198283163,742.1072795241288,0.18975969920783778,504.6183717611716,0,normal
84.1,119.44274179883764,746.7304114697141,0.1881441917716202,493.5041291015688,0,normal
84.2,116.38591964206024,744.1464113490593,0.18165359807893242,495.8125146474435,0,normal
84.3,119.90457745499225,746.740415046841,0.21269828640605992,491.34103000418907,0,normal
84.4,118.65604260108661,750.187371658029,0.18337194005831275,497.3835330746611,0,normal
84.5,118.4296802518467,744.1415759749699,0.18661277826873035,495.97185967518175,0,normal
84.6,120.04314697979831,747.9098476251108,0.2104683708598119,506.22032550730603,0,normal
84.7,117.45349338000489,748.3516464422355,0.2209150997074114,500.47410869045444,0,normal
84.8,119.02844376961573,750.9367934173442,0.20144069842960655,494.5431962726842,0,normal
84.9,119.04155977612788,747.795284206791,0.197424320380302,486.20985138976226,0,normal
85.0,120.47757304355873,747.0234808238655,0.1936825267852765,508.1524938153466,0,normal
85.1,122.68980149869371,747.0892099431521,0.19973258836918587,491.0228216528789,0,normal
85.2,121.49808828767748,745.252769868803,0.18829250710816192,501.3339182036064,0,normal
85.3,118.78323109236219,747.8383300703911,0.19804614504298662,490.5737876001903,0,normal
85.4,117.38555048210456,745.8746569354678,0.15822511494252517,500.91181792159927,0,normal
85.5,120.51683810425729,746.3338900391104,0.17665270064926875,495.0277045443086,0,normal
85.6,117.82444704563432,748.4980434968452,0.1871220333258645,500.4689584192485,0,normal
85.7,117.98830626273906,746.9049502989791,0.20885378026553134,497.2422846669027,0,normal
85.8,119.2969375979446,754.1809653949697,0.207521081201838,499.4126651783067,0,normal
85.9,119.6328608322953,747.9572746411181,0.20259496462209875,508.32906543013326,0,normal
86.0,118.66556718689701,752.9608442459702,0.20137377012429558,501.8324906554657,0,normal
86.1,119.19196948145324,752.670458061667,0.1803518053148529,501.9199634523698,0,normal
86.2,120.62487065318594,742.04998046942,0.21017396614217024,487.800100918424,0,normal
86.3,118.27376490408916,752.8493566308061,0.1901972742523737,500.1349541394189,0,normal
86.4,119.54208579277703,747.2443913685778,0.204772687577277,502.3902667168815,0,normal
86.5,117.92201688942582,746.9560560832628,0.1889137442225366,497.39410029198507,0,normal
86.6,119.6727583230003,747.1254851416711,0.19914680618983302,500.7494056305872,0,normal
86.7,118.81213396422523,752.907941614824,0.20091759012224422,505.21742200127744,0,normal
86.8,118.31606948332646,747.7256320788648,0.17247057905392182,504.5757677795634,0,normal
86.9,118.13350377219484,746.4075067521534,0.2163318068511555,501.4621184244934,0,normal
87.0,118.16331945245281,751.4308646022524,0.2020019894709432,493.26190887773316,0,normal
87.1,119.37438803521673,746.3708918472142,0.20703699610792792,499.91238117661123,0,normal
87.2,117.87227463905606,747.467039830217,0.1964446219738768,493.9930593416955,0,normal
87.3,119.02782871124587,751.2278892186724,0.21399059177699273,500.8499091626535,0,normal
87.4,120.29161418350343,747.8217318224079,0.19501654219542336,506.2724495687338,0,normal
87.5,118.0117889880177,750.8652344173178,0.19918349170038807,494.2420436335482,0,normal
87.6,118.71985587368339,747.2996910375186,0.18545062463472373,499.47752949847415,0,normal
87.7,121.53762995453273,751.9629268018117,0.1951671092376284,500.42515291353965,0,normal
87.8,116.7995959482879,749.756552895441,0.1932086940487374,494.17995803407626,0,normal
87.9,117.573365795315,752.970973209086,0.20275468207929578,506.8191179749674,0,normal
88.0,118.37960131901902,749.1262915423965,0.1775026444458461,503.724580004348,0,normal
88.1,117.85337920939558,743.5755355964941,0.20701603342977526,496.6704431843059,0,normal
88.2,118.39953161188971,752.7871052641723,0.2071642530544975,506.3079684089548,0,normal
88.3,117.59403392979135,752.929032211748,0.1755945165148256,503.25303195425903,0,normal
88.4,119.38297231196826,748.0483775226335,0.17355654910728577,489.723748837372,0,normal
88.5,119.06955330667549,747.4336598107445,0.18905082708517354,491.962647746707,0,normal
88.6,118.21893995088485,750.7689723453955,0.1936561260672184,497.4726725366901,0,normal
88.7,119.08573831326959,753.1272631447267,0.18613322665240992,512.9471376060114,0,normal
88.8,118.30498361166823,747.8753605756216,0.1891711090858751,496.72594030384556,0,normal
88.9,118.37557511444477,753.7774989966792,0.18957065401387646,507.0103311259164,0,normal
89.0,116.88832648179559,750.2189459285138,0.19647161309481376,497.51468420200507,0,normal
89.1,119.29858361493491,754.7727726311235,0.1945300100648724,507.2867408595078,0,normal
89.2,119.53828560419613,749.4300146699726,0.19160551638380535,494.13349555393944,0,normal
89.3,119.39594904383908,748.3956876851887,0.1867868800735745,507.1954249285708,0,normal
89.4,115.84037109708804,756.8416817437123,0.1953836686967637,484.402728920929,0,normal
89.5,119.64464987719542,744.3069271705643,0.19186589376699426,492.04731138526097,0,normal
89.6,120.24599055731166,749.657315135701,0.2210803912933109,502.13672106797264,0,normal
89.7,118.82843305428908,743.7972030733557,0.1745624155829127,498.90026614413995,0,normal
89.8,116.41720068445095,750.714553364127,0.20397740411720308,500.820031686679,0,normal
89.9,117.56396521588198,749.2992861739432,0.20467696229674995,497.53571438214476,0,normal
90.0,118.53884988102341,751.103618896699,0.2060872531104187,493.4045139582421,0,normal
90.1,116.83389088140639,746.1680756444418,0.22229891890100772,495.26128826852687,0,normal
90.2,118.70176984935297,751.1070458336859,0.19563273436238338,499.9704647507734,0,normal
90.3,119.7262879936984,746.5811834428231,0.19264546693381288,497.4530162253699,0,normal
90.4,118.80682947808626,747.6292329719357,0.19872988255404775,502.0324011616057,0,normal
90.5,118.92348673194695,749.6075999558909,0.19179544071689367,492.1534210366568,0,normal
90.6,118.82591085566705,748.6059558218558,0.18857325649809353,496.1991934530114,0,normal
90.7,118.54066413568736,747.0598633734194,0.1937117709035684,490.42993229095197,0,normal
90.8,118.2467244733176,752.2918056956557,0.20838116628583825,493.5808504683946,0,normal
90.9,118.38246987885245,747.2629749160528,0.1805816109767387,499.8533481113545,0,normal
91.0,117.48871533692714,747.3466004033215,0.19264656123515522,491.27424157393835,0,normal
91.1,119.04587993030003,747.7458536476897,0.19168830412036075,499.6952146305158,0,normal
91.2,118.7376419048404,748.066877918847,0.19514328279551182,504.20958202433246,0,normal
91.3,118.45119348182139,751.3105456768949,0.20251957110004218,492.7124349054012,0,normal
91.4,118.10901197781534,744.1221193098967,0.20071897251185658,494.38901958834316,0,normal
91.5,116.67806353691398,747.141875416854,0.19473463970855798,495.3279948488851,0,normal
91.6,118.4958094812604,751.0699176276581,0.2075500767546985,501.42158574752744,0,normal
91.7,118.88464085921706,744.4043005098187,0.2011735695855985,503.92322989112387,0,normal
91.8,119.21301282362441,746.2357317155949,0.20939676546429806,498.2294120293703,0,normal
91.9,119.29504725891758,743.4891825607507,0.17999930215189883,498.46019260490766,0,normal
92.0,120.88231177430868,749.5610737902856,0.17700856975886975,501.4546528986735,0,normal
92.1,118.41232289235555,748.496855595128,0.19712717740423635,494.50296794715763,0,normal
92.2,119.21449490710292,748.2226569899091,0.22282591275877414,503.6439294997176,0,normal
92.3,119.58372834347193,743.5255176693679,0.17290483165627407,494.8581733174152,0,normal
92.4,119.96245060632128,749.682535717823,0.20155626739937263,493.7437618832045,0,normal
92.5,120.70235973807208,750.5474888345574,0.2044251391854403,501.5443477499859,0,normal
92.6,117.12528839347071,750.7012832044516,0.2028968520782155,497.30857850730536,0,normal
92.7,119.3499547499984,745.6329390837022,0.19334706911898225,500.7825379998462,0,normal
92.8,118.42653958665805,752.7997882329532,0.20788588884110298,496.8705657713376,0,normal
92.9,117.5900788693109,749.9619620551986,0.18674682724460592,496.5455573198564,0,normal
93.0,118.59288967089422,746.2633310623175,0.1886704421908988,499.485919980959,0,normal
93.1,117.8616828020708,747.5020016435493,0.19973425380433302,501.57292501590126,0,normal
93.2,117.61891136896686,752.5750927176286,0.1962753461063746,493.05895159991377,0,normal
93.3,118.6417359885533,749.665249781275,0.20627313216977797,500.6225269634015,0,normal
93.4,119.67903880261854,752.0168689142287,0.19351310641382014,501.4427085079441,0,normal
93.5,117.12018097536146,751.754811033204,0.20020574613382358,498.11179540901514,0,normal
93.6,117.28951856775286,752.1023898618403,0.19898258139064198,498.42855839973953,0,normal
93.7,120.22287380320388,745.4228644333582,0.19842099165624685,511.63760033257506,0,normal
93.8,118.44387494410654,749.4218611623669,0.1855083823628563,498.4122925629151,0,normal
93.9,118.97462732068202,751.7875099112072,0.1857390849088098,500.2944030554665,0,normal
94.0,117.78009478961945,746.7136733140077,0.20210025373432156,484.43184709153786,0,normal
94.1,120.82504787223525,746.6144774451866,0.20762353377605286,496.08410619894323,0,normal
94.2,118.60760785160804,747.7744578382495,0.20952767443494508,489.1998910595423,0,normal
94.3,119.28181140606583,747.9296662634266,0.20235580003387105,497.64611340953735,0,normal
94.4,119.54676320282285,752.208643463584,0.20846606943121904,496.5865129097634,0,normal
94.5,118.7314823110426,753.3343590898029,0.1973731964317524,491.63349654931056,0,normal
94.6,119.8467410920795,749.817784925915,0.20291907084617494,493.8297071231123,0,normal
94.7,118.29150176790807,743.4956162262727,0.20954761309610975,508.4991152692758,0,normal
94.8,118.26551141101748,750.572586381706,0.2043932791242612,489.2298041863404,0,normal
94.9,118.1750543154913,751.4795514492552,0.19022606875616627,500.68088513923095,0,normal
95.0,117.61123988544726,753.2527510999228,0.20004975523756532,498.76602000709727,0,normal
95.1,118.47258051373126,757.1845603318724,0.19441059432833374,502.8304824125994,0,normal
95.2,118.60063880966868,748.3771230923584,0.2000538882912091,496.2537503538696,0,normal
95.3,120.15651312869197,748.3905349178851,0.19622746380160044,489.1453630676359,0,normal
95.4,117.61186499075443,751.1958154359079,0.18560050733867756,499.9956180696657,0,normal
95.5,117.98674205383348,748.2955283320849,0.1911386557008912,484.26135145930004,0,normal
95.6,117.21652087144494,748.8445548080965,0.19757319653925678,504.11414752624785,0,normal
95.7,119.32296670530039,752.7145006442678,0.20734913148097,500.1434614182648,0,normal
95.8,117.34724891282589,750.9766820966902,0.19892640484521212,510.1589874979358,0,normal
95.9,119.75973641694677,751.169271541038,0.20431070264757234,499.5814664712064,0,normal
96.0,117.47198371695679,748.2381989272961,0.21033145032296807,506.07073978285024,0,normal
96.1,116.63745695860291,749.3733645857452,0.19279928252137515,503.11982602187476,0,normal
96.2,118.42866326364789,750.2766369109571,0.18025966981736719,505.6792688387019,0,normal
96.3,119.23471713672349,752.030156278578,0.19122093697651937,502.75979688660505,0,normal
96.4,117.27006512373518,747.2544513365162,0.20140356348193247,494.6785263839135,0,normal
96.5,119.42277503286005,754.2443107457839,0.1850851154944898,505.24809553884046,0,normal
96.6,118.35799506588029,749.0227785239344,0.20454294232031497,500.71731312080004,0,normal
96.7,117.03877628647126,751.065584588087,0.1992488025322817,505.35733764180054,0,normal
96.8,117.1138070397795,743.1832916460497,0.19294888068331803,504.52853250417564,0,normal
96.9,117.39741113932668,745.8452070601352,0.21506556095497348,502.6766084933058,0,normal
97.0,120.18653426158684,748.6932224758226,0.20785532492633688,494.62913370676205,0,normal
97.1,120.01388194092836,749.3983796349157,0.18255850316554686,499.1645199836836,0,normal
97.2,119.42245064693812,750.3712064835975,0.20062187206223725,498.6712649777702,0,normal
97.3,119.26306019223199,749.4790657921301,0.20641619525248964,491.5642163028744,0,normal
97.4,117.9089224902492,741.4337947261115,0.20016632942448812,498.7424584818925,0,normal
97.5,117.89375561030894,750.4464743198191,0.21214719167081206,500.19252955117645,0,normal
97.6,118.25264443590636,748.2379525050756,0.1899861395687979,495.61353666868735,0,normal
97.7,118.86573664335121,751.201891332069,0.19376893715809826,501.2291658703957,0,normal
97.8,120.10201529199833,748.3154807972046,0.20277069835286443,508.83750683558065,0,normal
97.9,119.07639569801643,748.9522681788417,0.20114548237655583,494.07306486215924,0,normal
98.0,118.13072531873424,745.7928359414483,0.18031532649091003,500.7554953548396,0,normal
98.1,118.12379659502035,750.6813332167512,0.18627409323605004,507.9295002316917,0,normal
98.2,118.62736117103377,753.52570981669,0.20181998513128677,499.12449255627035,0,normal
98.3,117.79290655604785,745.9371866982656,0.21921046667257948,504.44442878082987,0,normal
98.4,116.91431598667401,745.7742142495792,0.18642167895382247,505.38961344766864,0,normal
98.5,117.14243344864241,748.033268726885,0.19524669327267385,504.83700852059684,0,normal
98.6,118.9068792190758,751.5922746178513,0.19136826511907437,503.03019595424735,0,normal
98.7,119.44092275322386,750.5167233213651,0.20318945786440828,491.0164428454893,0,normal
98.8,117.43233171771263,748.6760430051694,0.2046806716086395,490.8635116155232,0,normal
98.9,118.47781274287878,754.2655315941166,0.202612924670723,496.35440148458633,0,normal
99.0,119.10728335131105,747.2103883144863,0.21153162485347604,509.0556890517807,0,normal
99.1,121.4459980447977,750.0896549072876,0.18494088054149427,504.8330627574349,0,normal
99.2,118.30457698254912,750.6805099859862,0.19483125494287748,498.4569222264938,0,normal
99.3,119.55620491002648,745.6634422095468,0.18771093360796984,501.1275480194109,0,normal
99.4,118.83320320311765,753.420879862296,0.2127987615530549,495.43239623936756,0,normal
99.5,118.80143969013385,748.4012631803895,0.1809754691415075,500.8758146828149,0,normal
99.6,117.8021336875113,743.0004912607949,0.18369769819264767,490.25899557477976,0,normal
99.7,116.46239402392047,746.2911235015739,0.1866424718438544,492.38921881026255,0,normal
99.8,117.75138396090342,745.2068034968243,0.1838311703276976,503.6043863688109,0,normal
99.9,118.37974710583133,750.6317043913331,0.2135681982300621,494.1661187270126,0,normal
100.0,118.63272673188308,751.8244080860811,0.17493850931418936,501.02998012612574,0,normal
100.1,118.9800877148402,745.9019769657926,0.2036438266001058,510.7492948439791,0,normal
100.2,118.30447631636223,747.5654711266594,0.1924815561254472,500.5123051897811,0,normal
100.3,120.54770485082251,745.6513946045609,0.1905997276870226,485.1243860980948,0,normal
100.4,118.85001075916313,748.2289963091448,0.1988084287122134,497.5414725915962,0,normal
100.5,118.19533216807373,749.790660651338,0.19505627114192045,491.57267740519023,0,normal
100.6,117.159323910723,750.4067882594625,0.1991785689209121,498.8696859766008,0,normal
100.7,119.04774385492594,746.3671518126251,0.1935729347258195,494.4139577486448,0,normal
100.8,117.54102205042707,745.2899720163373,0.1827138237462488,499.5722706600278,0,normal
100.9,119.67506297436803,749.8355477995242,0.20702228363049674,492.22851369031054,0,normal
101.0,119.21722882210268,749.6872322258064,0.17258194410723196,501.7604004807708,0,normal
101.1,118.5211514266852,746.9226038320342,0.20243956104818892,501.7156890359663,0,normal
101.2,119.93009779283263,743.7262092796133,0.16464474770244628,503.86479916671675,0,normal
101.3,118.26760406794308,749.7750456974226,0.2147621730859014,499.5317862474184,0,normal
101.4,120.21698023214216,752.6922874395543,0.18592079943444353,494.1369307513596,0,normal
101.5,118.54319395183758,751.9515343957929,0.20164049059602462,514.8996624367998,0,normal
101.6,118.29419585929848,746.8280001601272,0.1754592205333816,506.96472008546357,0,normal
101.7,118.67625124320655,744.6791548208771,0.1862518920497716,497.49487172895226,0,normal
101.8,119.39840378803416,748.8943373733898,0.1878615523287876,499.860662978805,0,normal
101.9,119.48580997597324,745.3962720567608,0.20465771849942227,487.37416626662656,0,normal
102.0,118.55774205618089,749.9299342917996,0.1800368702658287,503.47341745533015,0,normal
102.1,120.17229886328296,747.5493844450408,0.21030809854407678,498.63222344475633,0,normal
102.2,121.40329847830765,747.4930186560081,0.18841320563148575,491.32063517595896,0,normal
102.3,118.54166973465331,743.4912197984837,0.19978102187326352,498.4727976418478,0,normal
102.4,119.86639183303522,746.0244536501361,0.2151344524456462,490.2001325765713,0,normal
102.5,119.45380802730082,750.2199712332529,0.2110767074448699,487.45098073738654,0,normal
102.6,120.90712598813832,750.3165252579087,0.1929479041311543,505.1918122925057,0,normal
102.7,118.17894033470427,748.2235706787264,0.1769828177281365,500.72648570112267,0,normal
102.8,118.92202003678847,747.8757441972103,0.1869546537391361,487.2104936448197,0,normal
102.9,117.42544746617807,748.1685288266315,0.18912916592281548,503.15212438393667,0,normal
103.0,117.45355074148905,748.9175151192793,0.1896552112377221,501.8107606291247,0,normal
103.1,117.5023301581169,748.1229343551039,0.20241964268957252,489.9928885895907,0,normal
103.2,118.61689349021852,748.8956238247009,0.1608133671549824,493.6506603803376,0,normal
103.3,120.55233253633104,749.1725630858737,0.2114979746168198,508.1592859972126,0,normal
103.4,118.58655541748492,748.5488976208402,0.21703872277450068,501.5612654658092,0,normal
103.5,118.12599526656628,743.5797176045294,0.20739345772261542,499.3192306110213,0,normal
103.6,119.13279222749964,747.5046173740807,0.18756563380514552,505.59124583925444,0,normal
103.7,119.06257711567379,751.5950585141973,0.18466146444349837,488.53182820069003,0,normal
103.8,119.06266623379146,748.0030149571876,0.1958807746155878,501.71913767878334,0,normal
103.9,118.34274373838058,751.8669671902043,0.1969177657352221,512.9918945541065,0,normal
104.0,117.79656395125967,749.3023882881272,0.18692195279922796,485.7966850565697,0,normal
104.1,118.03038608463916,744.2890146662156,0.20623348352817483,497.51424898054836,0,normal
104.2,119.42042011077847,746.3737684126742,0.16934205607316222,500.75470962089673,0,normal
104.3,118.85442964726167,743.318346695498,0.18734061314032655,501.6121828858516,0,normal
104.4,119.4375935189318,746.3741885334443,0.18167816015330368,490.1486976774785,0,normal
104.5,119.96523051927691,741.1367716277234,0.17074642051186123,496.5868347756067,0,normal
104.6,119.27278699046173,747.4673570891515,0.19728163696742587,488.0657311925376,0,normal
104.7,116.7216521474487,748.3166643612722,0.1769093492894015,498.6379390009104,0,normal
104.8,117.39299119697137,749.2357625180946,0.20412560849169922,493.598468226885,0,normal
104.9,116.93870211719339,747.0642435673038,0.20168481458039172,506.39808354248845,0,normal
105.0,120.99177206011878,751.4235838357456,0.18100578936506215,499.92125315126754,0,normal
105.1,117.85816829084632,754.7754208728319,0.20883923031580856,490.1443714741641,0,normal
105.2,120.83823406014363,745.6734724845346,0.19040526217545842,495.96280683904394,0,normal
105.3,121.00690002965977,751.6109650648278,0.1794409305069048,492.9603088879744,0,normal
105.4,121.34168583400994,750.8784789068386,0.19928098620733534,488.4226116882582,0,normal
105.5,119.05982553469241,743.2199742361001,0.21805247992831914,496.932417149108,0,normal
105.6,116.88651608878602,751.9815537777205,0.20241203204879427,498.40131683900677,0,normal
105.7,119.04237807439682,746.938315235365,0.17127821979325364,504.9086251727761,0,normal
105.8,118.37381068806259,746.3988514817365,0.1916217004101124,497.57982371232725,0,normal
105.9,117.6456823526505,747.5749681168556,0.20451860741390554,497.51438422653683,0,normal
106.0,116.06340650063642,747.0312864576773,0.20774676943763015,488.8578977054819,0,normal
106.1,119.53879814347076,752.9701563087013,0.19088613321452727,491.7489908247172,0,normal
106.2,118.4836357485303,748.7512832338301,0.19939410863615845,494.432840788964,0,normal
106.3,118.17649022858099,745.3544593554558,0.17884641857794706,502.94801983555533,0,normal
106.4,117.17881836189433,752.6506119419287,0.2103165159506162,497.0183043924208,0,normal
106.5,118.40737271485887,747.3596727240482,0.1832780275884469,492.8588191081139,0,normal
106.6,118.62897371659717,749.6787886978668,0.18060936554433654,494.14488237271,0,normal
106.7,119.7876375229353,751.8659098624674,0.20545737127367025,499.3959721516695,0,normal
106.8,119.79096587205335,749.7278114787924,0.20567257684683282,508.98526859760943,0,normal
106.9,119.32343091641009,747.0975415066703,0.19565504450449586,500.8223131566359,0,normal
107.0,118.00879843961461,750.3328123749969,0.18850784190125774,502.7901765819776,0,normal
107.1,119.66972963107098,749.9047210314764,0.18987417558114134,497.61564970803545,0,normal
107.2,119.9324154147256,746.8943901356724,0.19703928234311824,499.4481126707261,0,normal
107.3,120.05833947986426,747.3119249505321,0.19761091050880564,501.12759474085806,0,normal
107.4,122.66674943858712,744.9034929924909,0.18299998857057753,497.8344862669362,0,normal
107.5,118.93179678772479,750.1640134884362,0.18949983053831043,507.604963651151,0,normal
107.6,120.32431256654033,743.2136784832246,0.1981411158430822,498.91333088111946,0,normal
107.7,118.86720954974092,746.3084063609173,0.19789124747142536,497.70856956565086,0,normal
107.8,117.59620899669508,744.1771680585358,0.1933764889077295,497.9027775260447,0,normal
107.9,118.07232095310975,749.5621398871884,0.19492151270777006,500.8908760891864,0,normal
108.0,119.65540021728535,751.4814677540465,0.18817461271119593,501.8056200415148,0,normal
108.1,118.44272212737967,746.8362938994165,0.18325334418238215,494.9630069892949,0,normal
108.2,119.30044121108504,747.5977822186744,0.1780864325006244,502.99876634546473,0,normal
108.3,121.55119543115177,747.1619650671231,0.19535171583783914,491.6629984017967,0,normal
108.4,121.32592624585592,748.4734040194766,0.2169921510961234,491.9575857149583,0,normal
108.5,120.08578133536022,750.4006247817791,0.1967690549005389,498.0144321134701,0,normal
108.6,119.19824563799159,749.3221034689653,0.20103968142445455,494.7593239789837,0,normal
108.7,118.41201161894982,747.3074402573903,0.2026435891266964,490.40660258438464,0,normal
108.8,118.0107513113044,746.3906885820963,0.20494281280434146,506.1615678682083,0,normal
108.9,121.04123760318387,750.9814088049211,0.2032153255393378,491.93811643588003,0,normal
109.0,118.61575331455994,746.5727595599119,0.18994283115070715,500.06495358967095,0,normal
109.1,117.81807150530396,747.6924057814026,0.19233384683823782,504.47022900829563,0,normal
109.2,119.34767306468116,746.212777684713,0.18629726377704386,507.77700867994355,0,normal
109.3,118.57605816181977,747.365299527543,0.17535442874315157,513.1250672485028,0,normal
109.4,120.168487790772,743.8921344671468,0.2147058095460502,501.53518618948357,0,normal
109.5,118.24704009714866,753.4193939779423,0.18145798688309017,489.9878368186991,0,normal
109.6,119.60600244716197,749.1525342632477,0.19104081974969941,506.3802961775072,0,normal
109.7,118.85045487186132,748.3665813139655,0.20996176033975406,497.3850286887348,0,normal
109.8,120.40190766551875,747.3399438531499,0.18871709039067877,503.98801999601443,0,normal
109.9,119.67689802827432,745.7825493065876,0.22683771673430658,505.6724868081166,0,normal
110.0,116.96240009241568,750.1688028743956,0.17681354805863939,493.8733532205689,0,normal
110.1,119.69489885053324,741.984957298254,0.19452261322476588,502.65239544215245,0,normal
110.2,117.30420878129623,750.9106063794267,0.22852376081305198,496.2642402499271,0,normal
110.3,119.78873512990153,753.8600271918566,0.2011652225729231,498.618599812701,0,normal
110.4,118.22274225613442,747.7162041298135,0.1853373233976538,494.2875952092775,0,normal
110.5,120.21130720699335,748.8409724410288,0.19032078739216635,495.8208025560404,0,normal
110.6,118.64982532954294,750.0569768895944,0.1653272988946794,492.6857396992379,0,normal
110.7,118.31689408653043,748.4510374163942,0.22658256110955052,497.0623085894514,0,normal
110.8,118.99008826504104,749.8465564178083,0.2027169499359206,509.8068475232046,0,normal
110.9,119.37506480066332,745.1257656477009,0.17699359044620144,498.5743715328327,0,normal
111.0,116.32532516060053,750.0101798893307,0.1784607262642582,493.72576629446263,0,normal
111.1,118.44175561938876,748.6732033610458,0.1730221889071469,495.1287073713074,0,normal
111.2,119.04871436472874,750.5502464399652,0.2052165610061611,491.724000024558,0,normal
111.3,118.39009847524807,746.8069543054365,0.19664585185753583,505.12603881119867,0,normal
111.4,118.36754021680795,746.1980946159049,0.20218961461842117,497.3524648158565,0,normal
111.5,118.16003878186919,749.4902470773169,0.18805046059955793,498.4602285371742,0,normal
111.6,119.14282130414287,751.9438560476837,0.20970483613487453,500.3867335257996,0,normal
111.7,117.0292909844341,747.5690992164847,0.20090642850224047,500.80323875690846,0,normal
111.8,119.38931236000204,749.2750593162142,0.20240680766397726,494.2864020130636,0,normal
111.9,118.3464010317907,752.554553744418,0.19185167027125197,509.81778997479734,0,normal
112.0,118.21756490206027,751.0698093586026,0.17861272286393537,490.5488809453831,0,normal
112.1,117.74484847074838,740.1497119520066,0.20407867357391368,494.0394115740003,0,normal
112.2,118.20196237208427,746.5661122936997,0.19886621235558374,495.76969186830894,0,normal
112.3,119.41692332024363,751.0896859013307,0.19541170487762016,491.30687359209793,0,normal
112.4,119.37935890414454,745.6637421828135,0.1997703900262739,497.7166515243327,0,normal
112.5,119.38810926062115,743.8483628563728,0.1752566182824519,495.64922674536166,0,normal
112.6,119.53174344994017,753.0033253565545,0.2031423158409419,491.5062655399635,0,normal
112.7,119.34497042496173,751.2925987372026,0.1914333425031558,505.518285645269,0,normal
112.8,118.61980114523479,750.1759761824204,0.21058250424682456,504.9319817141768,0,normal
112.9,118.14192210557925,748.4198179628662,0.1963160079698288,501.02808734239636,0,normal
113.0,117.37633472926633,752.1996773136289,0.17922585792043477,494.5785058168052,0,normal
113.1,119.66201716387569,751.4759505648083,0.19487394877975944,492.0612140431071,0,normal
113.2,118.56622584454884,751.0032303202632,0.18939570331058878,505.8015221147947,0,normal
113.3,119.40409084087892,747.6864438600236,0.1874438007952574,490.00015201861856,0,normal
113.4,117.50010705305398,749.9164128067948,0.21064471705851195,489.8293697129719,0,normal
113.5,119.02643874517342,748.4014430898592,0.20726479443219775,497.78145454196124,0,normal
113.6,119.1744087500746,746.5316488408253,0.18494698387550526,502.1745740700879,0,normal
113.7,118.49819374364239,746.0346199062406,0.19947589583484818,499.7184592476961,0,normal
113.8,117.53140838295518,750.8661026575752,0.20383568733949187,507.6124116886755,0,normal
113.9,121.46973791447184,746.5056825424904,0.19832891451426313,503.32311830803957,0,normal
114.0,119.89228767934901,753.9157891522674,0.21153651953802258,501.1287257302014,0,normal
114.1,116.70526338618312,749.2956843942127,0.21184986534978145,494.80756372459956,0,normal
114.2,118.99285166941932,755.1866277148322,0.1948728130844449,496.1777729324651,0,normal
114.3,120.46955684269211,747.2458765618709,0.21329001472272,508.06254069063743,0,normal
114.4,119.41799458395003,755.4202863852724,0.17936296342589556,490.346962191445,0,normal
114.5,118.93812329047931,746.2240107977502,0.22506309649793835,488.30426662963856,0,normal
114.6,118.72345266261324,745.6189103834935,0.18783425580005428,488.5435410047268,0,normal
114.7,117.41769480032508,749.1953109255995,0.18567250408360467,503.5255263967371,0,normal
114.8,119.11083224188545,752.5073170584947,0.20308516482641265,499.7232301389784,0,normal
114.9,119.87245871329186,750.5830355004994,0.1951571107771669,506.15600858331226,0,normal
115.0,117.1338582819744,749.1274880602889,0.178256142651688,494.11639927039255,0,normal
115.1,118.87998953867354,750.3394081694242,0.20317505410018896,506.5362399634918,0,normal
115.2,119.82838321800331,752.7432881032349,0.1589525954703729,501.2058035072919,0,normal
115.3,116.60830386845322,752.3356505131849,0.19963738397907324,496.27392396547253,0,normal
115.4,117.49853766099588,748.2078691954157,0.21171687796805655,492.4072638901478,0,normal
115.5,118.8613728811518,752.5891383745085,0.2007891497368582,489.59559565204995,0,normal
115.6,116.63992563210343,746.3114962844693,0.21996510120094534,507.2478330377286,0,normal
115.7,119.06783919603406,752.4376972459099,0.21172145660023098,496.91933788210025,0,normal
115.8,119.5640470301255,745.0351503252524,0.19994371343099657,507.8462143533363,0,normal
115.9,118.25852913589846,748.20900167514,0.18820940037932118,505.5490131188483,0,normal
116.0,117.75265754647374,746.8789378075842,0.20195698724853806,508.141757165691,0,normal
116.1,118.51443022711523,752.8972200668054,0.19071072846875622,501.16636773740214,0,normal
116.2,120.37586777004184,745.7068252560847,0.18840789879977932,498.4921776521071,0,normal
116.3,118.01974795976007,741.3299585434825,0.19677828527037294,500.54246414079626,0,normal
116.4,119.41391303228217,748.1844324425743,0.19422866796434235,507.90546416390384,0,normal
116.5,119.26522748234962,750.1299526664053,0.19691870994798458,492.4289887219479,0,normal
116.6,119.38677546497695,749.4829367468533,0.2033011784129941,494.6031041061569,0,normal
116.7,120.62476220268063,748.1255421749908,0.18687123378576329,498.2704862373647,0,normal
116.8,119.94497707232472,752.9915112779553,0.18276337891136418,495.5116016958323,0,normal
116.9,117.8906900683934,745.2690479013164,0.19870914712918217,502.39473511716665,0,normal
117.0,119.26880107368771,746.3775856414952,0.19411916796660733,488.0851015861416,0,normal
117.1,116.67906254555297,745.6131268665347,0.1930260437346543,490.46938863136256,0,normal
117.2,119.06978995841995,749.8061575904485,0.17236093610341172,491.2334966345687,0,normal
117.3,121.08559608878721,751.8083774368212,0.20299589111979718,497.7739333867274,0,normal
117.4,118.57231811888558,745.5162938505367,0.19710454133549019,506.66357255637234,0,normal
117.5,116.75024493618328,746.6552491477817,0.1894394614704648,495.63422607862464,0,normal
117.6,121.08471803507229,751.6085016017132,0.2122952685887245,500.7685529106212,0,normal
117.7,117.94224113344963,754.6075144633871,0.22479346672312722,501.3012841945721,0,normal
117.8,118.9200558982855,744.2293470926802,0.2190923318482756,493.13362876793127,0,normal
117.9,117.90402248189635,750.1253969277026,0.1937419700622948,500.3644933930774,0,normal
118.0,118.31869205668069,747.3039897687312,0.2075333288316223,497.5181484525221,0,normal
118.1,118.8278051770272,750.6502925958664,0.20268238892107487,500.75704733439323,0,normal
118.2,119.56517041797878,746.9225900581496,0.2032038374340037,507.41325062354315,0,normal
118.3,118.34958420505282,747.3089401846931,0.20317598035171372,497.7365147953606,0,normal
118.4,119.76256133260327,747.8721478236599,0.19675289190713477,504.483132007615,0,normal
118.5,121.1162846423767,748.5828134834934,0.17220667855101043,507.3441786880058,0,normal
118.6,118.98090059207618,749.1065785733258,0.175139081845687,501.8597972554631,0,normal
118.7,119.19500883630336,751.5645300836184,0.19497806626480182,503.6763586031075,0,normal
118.8,118.8897206888765,749.3869120881739,0.20720993115369726,491.55453313848295,0,normal
118.9,119.60553606100942,744.6083880363093,0.18091387368663636,501.9423242100833,0,normal
119.0,118.52983055200384,747.1145520633636,0.20634638164702981,516.456781231646,0,normal
119.1,119.92760538014603,748.3099361999456,0.21362836513747416,488.52243214400437,0,normal
119.2,120.39678089868592,743.9698207768662,0.21488070870786716,505.8418167919504,0,normal
119.3,119.02859596306611,752.9400623554532,0.1906297778238276,500.2995210843838,0,normal
119.4,117.74252471421772,747.9006085944492,0.21620368621490976,496.94180147238126,0,normal
119.5,118.32241431872856,751.6337331798154,0.19956806031110047,494.1832523927598,0,normal
119.6,118.58963391750564,748.2399370017093,0.1763487525772989,501.04362087193687,0,normal
119.7,119.15082107803784,753.2607526963399,0.20470649357664847,498.56587080191923,0,normal
119.8,119.56767259968754,750.3191846626144,0.20279777353112655,498.2668562824758,0,normal
119.9,118.93402904472133,745.2533802817348,0.2060771883579623,500.72071098482377,0,normal
